{"type": "FeatureCollection", "features": [{"type": "Feature", "properties": {"date": "2026-10-08", "code": 1, "level": "waspada_badai", "kategori": "Waspada Dampak Angin Cuaca Badai", "color": "#E0B0FF"}, "geometry": {"type": "MultiPolygon", "coordinates": [[[[99.90500000000252, -2.574999999999817], [99.90500000000252, -2.624999999999816], [99.89500000000251, -2.624999999999816], [99.89500000000251, -2.7049999999998144], [99.8850000000025, -2.7049999999998144], [99.8850000000025, -2.774999999999813], [99.8750000000025, -2.774999999999813], [99.8750000000025, -2.8049999999998123], [99.8650000000025, -2.8049999999998123], [99.8650000000025, -2.7949999999998125], [99.85500000000249, -2.7949999999998125], [99.85500000000249, -2.7849999999998127], [99.84500000000249, -2.7849999999998127], [99.84500000000249, -2.764999999999813], [99.83500000000248, -2.764999999999813], [99.83500000000248, -2.7449999999998136], [99.82500000000248, -2.7449999999998136], [99.82500000000248, -2.724999999999814], [99.81500000000247, -2.724999999999814], [99.81500000000247, -2.6949999999998147], [99.80500000000247, -2.6949999999998147], [99.80500000000247, -2.674999999999815], [99.79500000000246, -2.674999999999815], [99.79500000000246, -2.6549999999998155], [99.78500000000246, -2.6549999999998155], [99.78500000000246, -2.634999999999816], [99.77500000000245, -2.634999999999816], [99.77500000000245, -2.624999999999816], [99.76500000000244, -2.624999999999816], [99.76500000000244, -2.6049999999998166], [99.75500000000244, -2.6049999999998166], [99.75500000000244, -2.594999999999817], [99.74500000000243, -2.594999999999817], [99.74500000000243, -2.584999999999817], [99.73500000000243, -2.584999999999817], [99.73500000000243, -2.574999999999817], [99.72500000000242, -2.574999999999817], [99.72500000000242, -2.5649999999998174], [99.71500000000242, -2.5649999999998174], [99.71500000000242, -2.5549999999998176], [99.70500000000241, -2.5549999999998176], [99.70500000000241, -2.544999999999818], [99.69500000000241, -2.544999999999818], [99.69500000000241, -2.534999999999818], [99.6850000000024, -2.534999999999818], [99.6850000000024, -2.5249999999998183], [99.6750000000024, -2.5249999999998183], [99.6750000000024, -2.5149999999998185], [99.6650000000024, -2.5149999999998185], [99.6650000000024, -2.5049999999998187], [99.65500000000239, -2.5049999999998187], [99.65500000000239, -2.484999999999819], [99.6650000000024, -2.484999999999819], [99.6650000000024, -2.4649999999998196], [99.6750000000024, -2.4649999999998196], [99.6750000000024, -2.4549999999998198], [99.69500000000241, -2.4549999999998198], [99.69500000000241, -2.44499999999982], [99.70500000000241, -2.44499999999982], [99.70500000000241, -2.43499999999982], [99.73500000000243, -2.43499999999982], [99.73500000000243, -2.4249999999998204], [99.75500000000244, -2.4249999999998204], [99.75500000000244, -2.4149999999998206], [99.77500000000245, -2.4149999999998206], [99.77500000000245, -2.404999999999821], [99.79500000000246, -2.404999999999821], [99.79500000000246, -2.394999999999821], [99.82500000000248, -2.394999999999821], [99.82500000000248, -2.3849999999998213], [99.84500000000249, -2.3849999999998213], [99.84500000000249, -2.3749999999998215], [99.8650000000025, -2.3749999999998215], [99.8650000000025, -2.3649999999998217], [99.89500000000251, -2.3649999999998217], [99.89500000000251, -2.354999999999822], [99.91500000000252, -2.354999999999822], [99.91500000000252, -2.4149999999998206], [99.92500000000253, -2.4149999999998206], [99.92500000000253, -2.534999999999818], [99.91500000000252, -2.534999999999818], [99.91500000000252, -2.574999999999817], [99.90500000000252, -2.574999999999817]]], [[[98.54500000000182, -2.354999999999822], [98.53500000000182, -2.354999999999822], [98.53500000000182, -2.3649999999998217], [98.5150000000018, -2.3649999999998217], [98.5150000000018, -2.3749999999998215], [98.39500000000174, -2.3749999999998215], [98.39500000000174, -2.3649999999998217], [98.34500000000172, -2.3649999999998217], [98.34500000000172, -2.354999999999822], [98.39500000000174, -2.354999999999822], [98.39500000000174, -2.344999999999822], [98.48500000000179, -2.344999999999822], [98.48500000000179, -2.3349999999998223], [98.53500000000182, -2.3349999999998223], [98.53500000000182, -2.3249999999998225], [98.55500000000183, -2.3249999999998225], [98.55500000000183, -2.3149999999998228], [98.57500000000184, -2.3149999999998228], [98.57500000000184, -2.304999999999823], [98.58500000000184, -2.304999999999823], [98.58500000000184, -2.3249999999998225], [98.57500000000184, -2.3249999999998225], [98.57500000000184, -2.3349999999998223], [98.55500000000183, -2.3349999999998223], [98.55500000000183, -2.344999999999822], [98.54500000000182, -2.344999999999822], [98.54500000000182, -2.354999999999822]]], [[[98.58500000000184, -2.304999999999823], [98.58500000000184, -2.294999999999823], [98.59500000000185, -2.294999999999823], [98.59500000000185, -2.304999999999823], [98.58500000000184, -2.304999999999823]]], [[[98.28500000000169, -2.2349999999998245], [98.28500000000169, -2.264999999999824], [98.27500000000168, -2.264999999999824], [98.27500000000168, -2.2849999999998234], [98.26500000000168, -2.2849999999998234], [98.26500000000168, -2.294999999999823], [98.25500000000167, -2.294999999999823], [98.25500000000167, -2.2849999999998234], [98.24500000000167, -2.2849999999998234], [98.24500000000167, -2.294999999999823], [98.23500000000166, -2.294999999999823], [98.23500000000166, -2.3249999999998225], [98.22500000000166, -2.3249999999998225], [98.22500000000166, -2.3349999999998223], [98.20500000000165, -2.3349999999998223], [98.20500000000165, -2.344999999999822], [98.18500000000164, -2.344999999999822], [98.18500000000164, -2.354999999999822], [98.16500000000163, -2.354999999999822], [98.16500000000163, -2.344999999999822], [98.17500000000163, -2.344999999999822], [98.17500000000163, -2.3149999999998228], [98.18500000000164, -2.3149999999998228], [98.18500000000164, -2.2749999999998236], [98.19500000000164, -2.2749999999998236], [98.19500000000164, -2.2449999999998242], [98.20500000000165, -2.2449999999998242], [98.20500000000165, -2.2249999999998247], [98.22500000000166, -2.2249999999998247], [98.22500000000166, -2.2349999999998245], [98.23500000000166, -2.2349999999998245], [98.23500000000166, -2.2449999999998242], [98.25500000000167, -2.2449999999998242], [98.25500000000167, -2.2349999999998245], [98.28500000000169, -2.2349999999998245]]], [[[98.62500000000186, -2.2449999999998242], [98.63500000000187, -2.2449999999998242], [98.63500000000187, -2.254999999999824], [98.62500000000186, -2.254999999999824], [98.62500000000186, -2.2449999999998242]]], [[[99.54500000000233, -2.254999999999824], [99.53500000000233, -2.254999999999824], [99.53500000000233, -2.264999999999824], [99.51500000000232, -2.264999999999824], [99.51500000000232, -2.2749999999998236], [99.4850000000023, -2.2749999999998236], [99.4850000000023, -2.264999999999824], [99.4750000000023, -2.264999999999824], [99.4750000000023, -2.254999999999824], [99.46500000000229, -2.254999999999824], [99.46500000000229, -2.2249999999998247], [99.4750000000023, -2.2249999999998247], [99.4750000000023, -2.214999999999825], [99.4850000000023, -2.214999999999825], [99.4850000000023, -2.204999999999825], [99.51500000000232, -2.204999999999825], [99.51500000000232, -2.214999999999825], [99.52500000000232, -2.214999999999825], [99.52500000000232, -2.2249999999998247], [99.53500000000233, -2.2249999999998247], [99.53500000000233, -2.2349999999998245], [99.54500000000233, -2.2349999999998245], [99.54500000000233, -2.254999999999824]]], [[[99.57500000000235, -2.2449999999998242], [99.57500000000235, -2.264999999999824], [99.56500000000234, -2.264999999999824], [99.56500000000234, -2.254999999999824], [99.55500000000234, -2.254999999999824], [99.55500000000234, -2.2449999999998242], [99.56500000000234, -2.2449999999998242], [99.56500000000234, -2.2249999999998247], [99.57500000000235, -2.2249999999998247], [99.57500000000235, -2.204999999999825], [99.58500000000235, -2.204999999999825], [99.58500000000235, -2.1949999999998253], [99.59500000000236, -2.1949999999998253], [99.59500000000236, -2.1849999999998255], [99.60500000000236, -2.1849999999998255], [99.60500000000236, -2.204999999999825], [99.59500000000236, -2.204999999999825], [99.59500000000236, -2.2249999999998247], [99.58500000000235, -2.2249999999998247], [99.58500000000235, -2.2449999999998242], [99.57500000000235, -2.2449999999998242]]], [[[98.59500000000185, -2.204999999999825], [98.60500000000185, -2.204999999999825], [98.60500000000185, -2.214999999999825], [98.58500000000184, -2.214999999999825], [98.58500000000184, -2.204999999999825], [98.57500000000184, -2.204999999999825], [98.57500000000184, -2.1949999999998253], [98.56500000000183, -2.1949999999998253], [98.56500000000183, -2.1849999999998255], [98.55500000000183, -2.1849999999998255], [98.55500000000183, -2.164999999999826], [98.56500000000183, -2.164999999999826], [98.56500000000183, -2.1749999999998257], [98.57500000000184, -2.1749999999998257], [98.57500000000184, -2.1849999999998255], [98.58500000000184, -2.1849999999998255], [98.58500000000184, -2.1949999999998253], [98.59500000000185, -2.1949999999998253], [98.59500000000185, -2.204999999999825]]], [[[99.60500000000236, -2.1749999999998257], [99.61500000000237, -2.1749999999998257], [99.61500000000237, -2.1849999999998255], [99.60500000000236, -2.1849999999998255], [99.60500000000236, -2.1749999999998257]]], [[[97.06500000000106, -1.7549999999998347], [97.06500000000106, -1.7749999999998343], [97.05500000000106, -1.7749999999998343], [97.05500000000106, -1.7949999999998338], [97.04500000000105, -1.7949999999998338], [97.04500000000105, -1.8049999999998336], [97.03500000000105, -1.8049999999998336], [97.03500000000105, -1.8249999999998332], [97.02500000000104, -1.8249999999998332], [97.02500000000104, -1.834999999999833], [97.01500000000104, -1.834999999999833], [97.01500000000104, -1.8449999999998328], [97.00500000000103, -1.8449999999998328], [97.00500000000103, -1.8649999999998323], [96.99500000000103, -1.8649999999998323], [96.99500000000103, -1.884999999999832], [96.98500000000102, -1.884999999999832], [96.98500000000102, -1.9049999999998315], [96.97500000000102, -1.9049999999998315], [96.97500000000102, -1.9349999999998309], [96.96500000000101, -1.9349999999998309], [96.96500000000101, -1.9649999999998302], [96.95500000000101, -1.9649999999998302], [96.95500000000101, -1.97499999999983], [96.98500000000102, -1.97499999999983], [96.98500000000102, -1.9649999999998302], [96.99500000000103, -1.9649999999998302], [96.99500000000103, -1.9549999999998304], [97.00500000000103, -1.9549999999998304], [97.00500000000103, -1.9449999999998306], [97.01500000000104, -1.9449999999998306], [97.01500000000104, -1.924999999999831], [97.02500000000104, -1.924999999999831], [97.02500000000104, -1.9149999999998313], [97.03500000000105, -1.9149999999998313], [97.03500000000105, -1.8949999999998317], [97.04500000000105, -1.8949999999998317], [97.04500000000105, -1.884999999999832], [97.05500000000106, -1.884999999999832], [97.05500000000106, -1.8749999999998321], [97.06500000000106, -1.8749999999998321], [97.06500000000106, -1.8649999999998323], [97.07500000000107, -1.8649999999998323], [97.07500000000107, -1.8549999999998326], [97.08500000000107, -1.8549999999998326], [97.08500000000107, -1.8449999999998328], [97.09500000000108, -1.8449999999998328], [97.09500000000108, -1.834999999999833], [97.11500000000109, -1.834999999999833], [97.11500000000109, -1.8249999999998332], [97.1350000000011, -1.8249999999998332], [97.1350000000011, -1.8149999999998334], [97.15500000000111, -1.8149999999998334], [97.15500000000111, -1.8049999999998336], [97.17500000000112, -1.8049999999998336], [97.17500000000112, -1.7949999999998338], [97.20500000000114, -1.7949999999998338], [97.20500000000114, -1.784999999999834], [97.24500000000116, -1.784999999999834], [97.24500000000116, -1.7749999999998343], [97.26500000000117, -1.7749999999998343], [97.26500000000117, -1.784999999999834], [97.3250000000012, -1.784999999999834], [97.3250000000012, -1.7949999999998338], [97.36500000000122, -1.7949999999998338], [97.36500000000122, -1.8049999999998336], [97.40500000000124, -1.8049999999998336], [97.40500000000124, -1.8149999999998334], [97.43500000000125, -1.8149999999998334], [97.43500000000125, -1.8249999999998332], [97.45500000000126, -1.8249999999998332], [97.45500000000126, -1.834999999999833], [97.46500000000127, -1.834999999999833], [97.46500000000127, -1.9549999999998304], [97.47500000000127, -1.9549999999998304], [97.47500000000127, -1.9349999999998309], [97.48500000000128, -1.9349999999998309], [97.48500000000128, -1.9149999999998313], [97.49500000000128, -1.9149999999998313], [97.49500000000128, -1.8949999999998317], [97.5150000000013, -1.8949999999998317], [97.5150000000013, -1.884999999999832], [97.54500000000131, -1.884999999999832], [97.54500000000131, -1.8949999999998317], [97.55500000000131, -1.8949999999998317], [97.55500000000131, -1.9049999999998315], [97.56500000000132, -1.9049999999998315], [97.56500000000132, -1.924999999999831], [97.57500000000132, -1.924999999999831], [97.57500000000132, -1.9349999999998309], [97.58500000000133, -1.9349999999998309], [97.58500000000133, -1.9549999999998304], [97.59500000000133, -1.9549999999998304], [97.59500000000133, -1.97499999999983], [97.60500000000134, -1.97499999999983], [97.60500000000134, -1.9949999999998296], [97.61500000000134, -1.9949999999998296], [97.61500000000134, -2.014999999999829], [97.62500000000135, -2.014999999999829], [97.62500000000135, -2.024999999999829], [97.63500000000136, -2.024999999999829], [97.63500000000136, -2.0449999999998285], [97.64500000000136, -2.0449999999998285], [97.64500000000136, -2.0549999999998283], [97.65500000000137, -2.0549999999998283], [97.65500000000137, -2.064999999999828], [97.64500000000136, -2.064999999999828], [97.64500000000136, -2.074999999999828], [97.63500000000136, -2.074999999999828], [97.63500000000136, -2.0949999999998274], [97.62500000000135, -2.0949999999998274], [97.62500000000135, -2.1049999999998272], [97.61500000000134, -2.1049999999998272], [97.61500000000134, -2.114999999999827], [97.60500000000134, -2.114999999999827], [97.60500000000134, -2.124999999999827], [97.59500000000133, -2.124999999999827], [97.59500000000133, -2.1349999999998266], [97.58500000000133, -2.1349999999998266], [97.58500000000133, -2.1449999999998264], [97.56500000000132, -2.1449999999998264], [97.56500000000132, -2.154999999999826], [97.55500000000131, -2.154999999999826], [97.55500000000131, -2.164999999999826], [97.5350000000013, -2.164999999999826], [97.5350000000013, -2.1749999999998257], [97.50500000000129, -2.1749999999998257], [97.50500000000129, -2.1849999999998255], [97.48500000000128, -2.1849999999998255], [97.48500000000128, -2.1749999999998257], [97.43500000000125, -2.1749999999998257], [97.43500000000125, -2.164999999999826], [97.40500000000124, -2.164999999999826], [97.40500000000124, -2.154999999999826], [97.38500000000123, -2.154999999999826], [97.38500000000123, -2.1449999999998264], [97.37500000000122, -2.1449999999998264], [97.37500000000122, -2.1349999999998266], [97.36500000000122, -2.1349999999998266], [97.36500000000122, -2.124999999999827], [97.37500000000122, -2.124999999999827], [97.37500000000122, -2.114999999999827], [97.38500000000123, -2.114999999999827], [97.38500000000123, -2.1049999999998272], [97.36500000000122, -2.1049999999998272], [97.36500000000122, -2.114999999999827], [97.3450000000012, -2.114999999999827], [97.3450000000012, -2.0949999999998274], [97.3350000000012, -2.0949999999998274], [97.3350000000012, -2.064999999999828], [97.3250000000012, -2.064999999999828], [97.3250000000012, -2.024999999999829], [97.31500000000119, -2.024999999999829], [97.31500000000119, -1.97499999999983], [97.30500000000119, -1.97499999999983], [97.30500000000119, -1.9349999999998309], [97.29500000000118, -1.9349999999998309], [97.29500000000118, -1.9049999999998315], [97.28500000000118, -1.9049999999998315], [97.28500000000118, -1.8949999999998317], [97.27500000000117, -1.8949999999998317], [97.27500000000117, -1.8749999999998321], [97.26500000000117, -1.8749999999998321], [97.26500000000117, -1.8649999999998323], [97.23500000000115, -1.8649999999998323], [97.23500000000115, -1.8749999999998321], [97.22500000000115, -1.8749999999998321], [97.22500000000115, -1.884999999999832], [97.21500000000114, -1.884999999999832], [97.21500000000114, -1.8949999999998317], [97.20500000000114, -1.8949999999998317], [97.20500000000114, -1.9149999999998313], [97.19500000000113, -1.9149999999998313], [97.19500000000113, -1.924999999999831], [97.18500000000112, -1.924999999999831], [97.18500000000112, -1.9349999999998309], [97.17500000000112, -1.9349999999998309], [97.17500000000112, -1.9449999999998306], [97.16500000000111, -1.9449999999998306], [97.16500000000111, -1.9549999999998304], [97.15500000000111, -1.9549999999998304], [97.15500000000111, -1.9649999999998302], [97.1450000000011, -1.9649999999998302], [97.1450000000011, -1.97499999999983], [97.1350000000011, -1.97499999999983], [97.1350000000011, -1.9849999999998298], [97.1250000000011, -1.9849999999998298], [97.1250000000011, -1.9949999999998296], [97.11500000000109, -1.9949999999998296], [97.11500000000109, -2.014999999999829], [97.10500000000108, -2.014999999999829], [97.10500000000108, -2.024999999999829], [97.09500000000108, -2.024999999999829], [97.09500000000108, -2.0449999999998285], [97.08500000000107, -2.0449999999998285], [97.08500000000107, -2.0549999999998283], [97.07500000000107, -2.0549999999998283], [97.07500000000107, -2.064999999999828], [97.06500000000106, -2.064999999999828], [97.06500000000106, -2.074999999999828], [97.04500000000105, -2.074999999999828], [97.04500000000105, -2.0849999999998277], [97.03500000000105, -2.0849999999998277], [97.03500000000105, -2.0949999999998274], [97.04500000000105, -2.0949999999998274], [97.04500000000105, -2.1049999999998272], [97.06500000000106, -2.1049999999998272], [97.06500000000106, -2.114999999999827], [97.09500000000108, -2.114999999999827], [97.09500000000108, -2.124999999999827], [97.11500000000109, -2.124999999999827], [97.11500000000109, -2.1349999999998266], [97.1450000000011, -2.1349999999998266], [97.1450000000011, -2.1449999999998264], [97.16500000000111, -2.1449999999998264], [97.16500000000111, -2.154999999999826], [97.18500000000112, -2.154999999999826], [97.18500000000112, -2.164999999999826], [97.20500000000114, -2.164999999999826], [97.20500000000114, -2.1749999999998257], [97.23500000000115, -2.1749999999998257], [97.23500000000115, -2.1849999999998255], [97.22500000000115, -2.1849999999998255], [97.22500000000115, -2.1949999999998253], [97.21500000000114, -2.1949999999998253], [97.21500000000114, -2.204999999999825], [97.20500000000114, -2.204999999999825], [97.20500000000114, -2.214999999999825], [97.19500000000113, -2.214999999999825], [97.19500000000113, -2.2349999999998245], [97.18500000000112, -2.2349999999998245], [97.18500000000112, -2.2449999999998242], [97.17500000000112, -2.2449999999998242], [97.17500000000112, -2.2849999999998234], [97.16500000000111, -2.2849999999998234], [97.16500000000111, -2.304999999999823], [97.21500000000114, -2.304999999999823], [97.21500000000114, -2.294999999999823], [97.27500000000117, -2.294999999999823], [97.27500000000117, -2.304999999999823], [97.30500000000119, -2.304999999999823], [97.30500000000119, -2.3149999999998228], [97.3350000000012, -2.3149999999998228], [97.3350000000012, -2.3249999999998225], [97.35500000000121, -2.3249999999998225], [97.35500000000121, -2.3349999999998223], [97.38500000000123, -2.3349999999998223], [97.38500000000123, -2.344999999999822], [97.41500000000124, -2.344999999999822], [97.41500000000124, -2.354999999999822], [97.43500000000125, -2.354999999999822], [97.43500000000125, -2.3649999999998217], [97.46500000000127, -2.3649999999998217], [97.46500000000127, -2.3749999999998215], [97.48500000000128, -2.3749999999998215], [97.48500000000128, -2.3849999999998213], [97.50500000000129, -2.3849999999998213], [97.50500000000129, -2.394999999999821], [97.5150000000013, -2.394999999999821], [97.5150000000013, -2.404999999999821], [97.5250000000013, -2.404999999999821], [97.5250000000013, -2.4149999999998206], [97.5350000000013, -2.4149999999998206], [97.5350000000013, -2.4249999999998204], [97.54500000000131, -2.4249999999998204], [97.54500000000131, -2.44499999999982], [97.5150000000013, -2.44499999999982], [97.5150000000013, -2.4549999999998198], [97.36500000000122, -2.4549999999998198], [97.36500000000122, -2.44499999999982], [97.23500000000115, -2.44499999999982], [97.23500000000115, -2.43499999999982], [97.22500000000115, -2.43499999999982], [97.22500000000115, -2.4249999999998204], [97.20500000000114, -2.4249999999998204], [97.20500000000114, -2.4149999999998206], [97.19500000000113, -2.4149999999998206], [97.19500000000113, -2.404999999999821], [97.17500000000112, -2.404999999999821], [97.17500000000112, -2.394999999999821], [97.16500000000111, -2.394999999999821], [97.16500000000111, -2.3849999999998213], [97.15500000000111, -2.3849999999998213], [97.15500000000111, -2.3749999999998215], [97.1450000000011, -2.3749999999998215], [97.1450000000011, -2.404999999999821], [97.1350000000011, -2.404999999999821], [97.1350000000011, -2.43499999999982], [97.1250000000011, -2.43499999999982], [97.1250000000011, -2.4549999999998198], [97.11500000000109, -2.4549999999998198], [97.11500000000109, -2.4749999999998193], [97.10500000000108, -2.4749999999998193], [97.10500000000108, -2.484999999999819], [97.09500000000108, -2.484999999999819], [97.09500000000108, -2.5049999999998187], [97.08500000000107, -2.5049999999998187], [97.08500000000107, -2.5149999999998185], [97.07500000000107, -2.5149999999998185], [97.07500000000107, -2.5249999999998183], [97.06500000000106, -2.5249999999998183], [97.06500000000106, -2.534999999999818], [97.05500000000106, -2.534999999999818], [97.05500000000106, -2.544999999999818], [97.04500000000105, -2.544999999999818], [97.04500000000105, -2.5549999999998176], [97.03500000000105, -2.5549999999998176], [97.03500000000105, -2.5649999999998174], [97.02500000000104, -2.5649999999998174], [97.02500000000104, -2.574999999999817], [97.01500000000104, -2.574999999999817], [97.01500000000104, -2.584999999999817], [96.99500000000103, -2.584999999999817], [96.99500000000103, -2.594999999999817], [96.91500000000099, -2.594999999999817], [96.91500000000099, -2.6049999999998166], [96.86500000000096, -2.6049999999998166], [96.86500000000096, -2.6149999999998164], [96.82500000000094, -2.6149999999998164], [96.82500000000094, -2.624999999999816], [96.80500000000093, -2.624999999999816], [96.80500000000093, -2.634999999999816], [96.77500000000092, -2.634999999999816], [96.77500000000092, -2.6449999999998157], [96.7550000000009, -2.6449999999998157], [96.7550000000009, -2.6549999999998155], [96.7450000000009, -2.6549999999998155], [96.7450000000009, -2.6449999999998157], [96.7350000000009, -2.6449999999998157], [96.7350000000009, -2.634999999999816], [96.72500000000089, -2.634999999999816], [96.72500000000089, -2.624999999999816], [96.71500000000088, -2.624999999999816], [96.71500000000088, -2.6149999999998164], [96.70500000000088, -2.6149999999998164], [96.70500000000088, -2.594999999999817], [96.69500000000087, -2.594999999999817], [96.69500000000087, -2.574999999999817], [96.68500000000087, -2.574999999999817], [96.68500000000087, -2.5549999999998176], [96.67500000000086, -2.5549999999998176], [96.67500000000086, -2.5249999999998183], [96.66500000000086, -2.5249999999998183], [96.66500000000086, -2.484999999999819], [96.67500000000086, -2.484999999999819], [96.67500000000086, -2.4749999999998193], [96.68500000000087, -2.4749999999998193], [96.68500000000087, -2.4549999999998198], [96.69500000000087, -2.4549999999998198], [96.69500000000087, -2.43499999999982], [96.70500000000088, -2.43499999999982], [96.70500000000088, -2.4149999999998206], [96.71500000000088, -2.4149999999998206], [96.71500000000088, -2.394999999999821], [96.72500000000089, -2.394999999999821], [96.72500000000089, -2.3849999999998213], [96.7350000000009, -2.3849999999998213], [96.7350000000009, -2.3649999999998217], [96.7450000000009, -2.3649999999998217], [96.7450000000009, -2.3349999999998223], [96.7550000000009, -2.3349999999998223], [96.7550000000009, -2.304999999999823], [96.76500000000091, -2.304999999999823], [96.76500000000091, -2.2449999999998242], [96.77500000000092, -2.2449999999998242], [96.77500000000092, -2.204999999999825], [96.78500000000092, -2.204999999999825], [96.78500000000092, -2.154999999999826], [96.79500000000093, -2.154999999999826], [96.79500000000093, -2.074999999999828], [96.80500000000093, -2.074999999999828], [96.80500000000093, -1.7949999999998338], [96.79500000000093, -1.7949999999998338], [96.79500000000093, -1.7349999999998351], [96.80500000000093, -1.7349999999998351], [96.80500000000093, -1.694999999999836], [96.81500000000094, -1.694999999999836], [96.81500000000094, -1.6649999999998366], [96.82500000000094, -1.6649999999998366], [96.82500000000094, -1.644999999999837], [96.83500000000095, -1.644999999999837], [96.83500000000095, -1.6349999999998373], [96.84500000000095, -1.6349999999998373], [96.84500000000095, -1.6149999999998377], [96.85500000000096, -1.6149999999998377], [96.85500000000096, -1.604999999999838], [96.86500000000096, -1.604999999999838], [96.86500000000096, -1.594999999999838], [96.88500000000097, -1.594999999999838], [96.88500000000097, -1.5849999999998383], [96.89500000000098, -1.5849999999998383], [96.89500000000098, -1.5749999999998385], [96.91500000000099, -1.5749999999998385], [96.91500000000099, -1.5649999999998387], [96.945000000001, -1.5649999999998387], [96.945000000001, -1.554999999999839], [96.98500000000102, -1.554999999999839], [96.98500000000102, -1.5449999999998392], [97.00500000000103, -1.5449999999998392], [97.00500000000103, -1.5349999999998394], [97.01500000000104, -1.5349999999998394], [97.01500000000104, -1.5149999999998398], [97.02500000000104, -1.5149999999998398], [97.02500000000104, -1.4949999999998402], [97.03500000000105, -1.4949999999998402], [97.03500000000105, -1.4849999999998404], [97.04500000000105, -1.4849999999998404], [97.04500000000105, -1.4649999999998409], [97.05500000000106, -1.4649999999998409], [97.05500000000106, -1.4749999999998407], [97.06500000000106, -1.4749999999998407], [97.06500000000106, -1.4849999999998404], [97.07500000000107, -1.4849999999998404], [97.07500000000107, -1.7549999999998347], [97.06500000000106, -1.7549999999998347]], [[97.39500000000123, -2.1049999999998272], [97.39500000000123, -2.0949999999998274], [97.38500000000123, -2.0949999999998274], [97.38500000000123, -2.1049999999998272], [97.39500000000123, -2.1049999999998272]], [[97.40500000000124, -2.0949999999998274], [97.40500000000124, -2.0849999999998277], [97.39500000000123, -2.0849999999998277], [97.39500000000123, -2.0949999999998274], [97.40500000000124, -2.0949999999998274]], [[96.97500000000102, -2.024999999999829], [96.96500000000101, -2.024999999999829], [96.96500000000101, -2.0349999999998287], [96.97500000000102, -2.0349999999998287], [96.97500000000102, -2.024999999999829]], [[96.97500000000102, -2.0449999999998285], [96.98500000000102, -2.0449999999998285], [96.98500000000102, -2.0349999999998287], [96.97500000000102, -2.0349999999998287], [96.97500000000102, -2.0449999999998285]], [[96.98500000000102, -2.064999999999828], [96.99500000000103, -2.064999999999828], [96.99500000000103, -2.074999999999828], [97.00500000000103, -2.074999999999828], [97.00500000000103, -2.0549999999998283], [96.99500000000103, -2.0549999999998283], [96.99500000000103, -2.0449999999998285], [96.98500000000102, -2.0449999999998285], [96.98500000000102, -2.064999999999828]], [[96.95500000000101, -2.1349999999998266], [96.945000000001, -2.1349999999998266], [96.945000000001, -2.1449999999998264], [96.935000000001, -2.1449999999998264], [96.935000000001, -2.154999999999826], [96.91500000000099, -2.154999999999826], [96.91500000000099, -2.1749999999998257], [96.90500000000098, -2.1749999999998257], [96.90500000000098, -2.1849999999998255], [96.89500000000098, -2.1849999999998255], [96.89500000000098, -2.1949999999998253], [96.88500000000097, -2.1949999999998253], [96.88500000000097, -2.204999999999825], [96.87500000000097, -2.204999999999825], [96.87500000000097, -2.2249999999998247], [96.86500000000096, -2.2249999999998247], [96.86500000000096, -2.264999999999824], [96.87500000000097, -2.264999999999824], [96.87500000000097, -2.2749999999998236], [96.88500000000097, -2.2749999999998236], [96.88500000000097, -2.2849999999998234], [96.89500000000098, -2.2849999999998234], [96.89500000000098, -2.294999999999823], [96.91500000000099, -2.294999999999823], [96.91500000000099, -2.304999999999823], [96.935000000001, -2.304999999999823], [96.935000000001, -2.3149999999998228], [96.95500000000101, -2.3149999999998228], [96.95500000000101, -2.3249999999998225], [96.99500000000103, -2.3249999999998225], [96.99500000000103, -2.3349999999998223], [97.01500000000104, -2.3349999999998223], [97.01500000000104, -2.3249999999998225], [97.09500000000108, -2.3249999999998225], [97.09500000000108, -2.3149999999998228], [97.08500000000107, -2.3149999999998228], [97.08500000000107, -2.294999999999823], [97.07500000000107, -2.294999999999823], [97.07500000000107, -2.2849999999998234], [97.06500000000106, -2.2849999999998234], [97.06500000000106, -2.264999999999824], [97.05500000000106, -2.264999999999824], [97.05500000000106, -2.2449999999998242], [97.04500000000105, -2.2449999999998242], [97.04500000000105, -2.204999999999825], [97.03500000000105, -2.204999999999825], [97.03500000000105, -2.164999999999826], [97.02500000000104, -2.164999999999826], [97.02500000000104, -2.124999999999827], [97.01500000000104, -2.124999999999827], [97.01500000000104, -2.0949999999998274], [97.00500000000103, -2.0949999999998274], [97.00500000000103, -2.1049999999998272], [96.98500000000102, -2.1049999999998272], [96.98500000000102, -2.114999999999827], [96.97500000000102, -2.114999999999827], [96.97500000000102, -2.124999999999827], [96.95500000000101, -2.124999999999827], [96.95500000000101, -2.1349999999998266]], [[96.7350000000009, -2.5149999999998185], [96.7450000000009, -2.5149999999998185], [96.7450000000009, -2.5249999999998183], [96.7550000000009, -2.5249999999998183], [96.7550000000009, -2.5149999999998185], [96.76500000000091, -2.5149999999998185], [96.76500000000091, -2.5049999999998187], [96.77500000000092, -2.5049999999998187], [96.77500000000092, -2.494999999999819], [96.76500000000091, -2.494999999999819], [96.76500000000091, -2.484999999999819], [96.7550000000009, -2.484999999999819], [96.7550000000009, -2.4749999999998193], [96.7450000000009, -2.4749999999998193], [96.7450000000009, -2.484999999999819], [96.7350000000009, -2.484999999999819], [96.7350000000009, -2.494999999999819], [96.72500000000089, -2.494999999999819], [96.72500000000089, -2.5049999999998187], [96.7350000000009, -2.5049999999998187], [96.7350000000009, -2.5149999999998185]]], [[[98.91500000000201, -1.9649999999998302], [98.93500000000202, -1.9649999999998302], [98.93500000000202, -1.97499999999983], [98.94500000000203, -1.97499999999983], [98.94500000000203, -1.9849999999998298], [98.96500000000204, -1.9849999999998298], [98.96500000000204, -1.9949999999998296], [98.97500000000204, -1.9949999999998296], [98.97500000000204, -2.0049999999998294], [98.98500000000205, -2.0049999999998294], [98.98500000000205, -2.014999999999829], [98.99500000000205, -2.014999999999829], [98.99500000000205, -2.024999999999829], [99.00500000000206, -2.024999999999829], [99.00500000000206, -2.0349999999998287], [99.01500000000206, -2.0349999999998287], [99.01500000000206, -2.0449999999998285], [99.02500000000207, -2.0449999999998285], [99.02500000000207, -2.0549999999998283], [99.03500000000207, -2.0549999999998283], [99.03500000000207, -2.064999999999828], [99.04500000000208, -2.064999999999828], [99.04500000000208, -2.0849999999998277], [99.05500000000208, -2.0849999999998277], [99.05500000000208, -2.0949999999998274], [99.06500000000209, -2.0949999999998274], [99.06500000000209, -2.114999999999827], [99.07500000000209, -2.114999999999827], [99.07500000000209, -2.1349999999998266], [99.0850000000021, -2.1349999999998266], [99.0850000000021, -2.1449999999998264], [99.01500000000206, -2.1449999999998264], [99.01500000000206, -2.154999999999826], [99.00500000000206, -2.154999999999826], [99.00500000000206, -2.1449999999998264], [98.97500000000204, -2.1449999999998264], [98.97500000000204, -2.1349999999998266], [98.96500000000204, -2.1349999999998266], [98.96500000000204, -2.124999999999827], [98.94500000000203, -2.124999999999827], [98.94500000000203, -2.114999999999827], [98.93500000000202, -2.114999999999827], [98.93500000000202, -2.1049999999998272], [98.92500000000202, -2.1049999999998272], [98.92500000000202, -2.0949999999998274], [98.905000000002, -2.0949999999998274], [98.905000000002, -2.0849999999998277], [98.895000000002, -2.0849999999998277], [98.895000000002, -2.074999999999828], [98.885000000002, -2.074999999999828], [98.885000000002, -2.064999999999828], [98.86500000000198, -2.064999999999828], [98.86500000000198, -2.0549999999998283], [98.85500000000198, -2.0549999999998283], [98.85500000000198, -2.0449999999998285], [98.84500000000197, -2.0449999999998285], [98.84500000000197, -2.0349999999998287], [98.83500000000197, -2.0349999999998287], [98.83500000000197, -2.024999999999829], [98.82500000000196, -2.024999999999829], [98.82500000000196, -2.014999999999829], [98.81500000000196, -2.014999999999829], [98.81500000000196, -2.0049999999998294], [98.80500000000195, -2.0049999999998294], [98.80500000000195, -1.924999999999831], [98.83500000000197, -1.924999999999831], [98.83500000000197, -1.9349999999998309], [98.86500000000198, -1.9349999999998309], [98.86500000000198, -1.9449999999998306], [98.895000000002, -1.9449999999998306], [98.895000000002, -1.9549999999998304], [98.91500000000201, -1.9549999999998304], [98.91500000000201, -1.9649999999998302]]], [[[95.53500000000028, -1.8049999999998336], [95.54500000000029, -1.8049999999998336], [95.54500000000029, -1.8149999999998334], [95.53500000000028, -1.8149999999998334], [95.53500000000028, -1.8049999999998336]]], [[[95.55500000000029, -1.784999999999834], [95.55500000000029, -1.7749999999998343], [95.5650000000003, -1.7749999999998343], [95.5650000000003, -1.784999999999834], [95.55500000000029, -1.784999999999834]]], [[[96.53500000000079, -1.6149999999998377], [96.5450000000008, -1.6149999999998377], [96.5450000000008, -1.644999999999837], [96.5550000000008, -1.644999999999837], [96.5550000000008, -1.6749999999998364], [96.56500000000081, -1.6749999999998364], [96.56500000000081, -1.7049999999998358], [96.57500000000081, -1.7049999999998358], [96.57500000000081, -1.8049999999998336], [96.56500000000081, -1.8049999999998336], [96.56500000000081, -1.8449999999998328], [96.5550000000008, -1.8449999999998328], [96.5550000000008, -1.8749999999998321], [96.5450000000008, -1.8749999999998321], [96.5450000000008, -1.9049999999998315], [96.53500000000079, -1.9049999999998315], [96.53500000000079, -1.924999999999831], [96.52500000000079, -1.924999999999831], [96.52500000000079, -1.9349999999998309], [96.51500000000078, -1.9349999999998309], [96.51500000000078, -1.9449999999998306], [96.49500000000077, -1.9449999999998306], [96.49500000000077, -1.9349999999998309], [96.48500000000077, -1.9349999999998309], [96.48500000000077, -1.9049999999998315], [96.47500000000076, -1.9049999999998315], [96.47500000000076, -1.884999999999832], [96.46500000000076, -1.884999999999832], [96.46500000000076, -1.8649999999998323], [96.45500000000075, -1.8649999999998323], [96.45500000000075, -1.8449999999998328], [96.44500000000075, -1.8449999999998328], [96.44500000000075, -1.8249999999998332], [96.43500000000074, -1.8249999999998332], [96.43500000000074, -1.8049999999998336], [96.42500000000074, -1.8049999999998336], [96.42500000000074, -1.784999999999834], [96.41500000000073, -1.784999999999834], [96.41500000000073, -1.7649999999998345], [96.40500000000073, -1.7649999999998345], [96.40500000000073, -1.7249999999998353], [96.41500000000073, -1.7249999999998353], [96.41500000000073, -1.694999999999836], [96.42500000000074, -1.694999999999836], [96.42500000000074, -1.6749999999998364], [96.43500000000074, -1.6749999999998364], [96.43500000000074, -1.644999999999837], [96.44500000000075, -1.644999999999837], [96.44500000000075, -1.6249999999998375], [96.45500000000075, -1.6249999999998375], [96.45500000000075, -1.604999999999838], [96.46500000000076, -1.604999999999838], [96.46500000000076, -1.5849999999998383], [96.47500000000076, -1.5849999999998383], [96.47500000000076, -1.5649999999998387], [96.48500000000077, -1.5649999999998387], [96.48500000000077, -1.554999999999839], [96.49500000000077, -1.554999999999839], [96.49500000000077, -1.5449999999998392], [96.50500000000078, -1.5449999999998392], [96.50500000000078, -1.554999999999839], [96.51500000000078, -1.554999999999839], [96.51500000000078, -1.5749999999998385], [96.52500000000079, -1.5749999999998385], [96.52500000000079, -1.594999999999838], [96.53500000000079, -1.594999999999838], [96.53500000000079, -1.6149999999998377]], [[96.53500000000079, -1.7349999999998351], [96.53500000000079, -1.7249999999998353], [96.52500000000079, -1.7249999999998353], [96.52500000000079, -1.7149999999998355], [96.49500000000077, -1.7149999999998355], [96.49500000000077, -1.7549999999998347], [96.50500000000078, -1.7549999999998347], [96.50500000000078, -1.7649999999998345], [96.51500000000078, -1.7649999999998345], [96.51500000000078, -1.7549999999998347], [96.5450000000008, -1.7549999999998347], [96.5450000000008, -1.7349999999998351], [96.53500000000079, -1.7349999999998351]]], [[[96.40500000000073, -1.4949999999998402], [96.42500000000074, -1.4949999999998402], [96.42500000000074, -1.5149999999998398], [96.41500000000073, -1.5149999999998398], [96.41500000000073, -1.5249999999998396], [96.40500000000073, -1.5249999999998396], [96.40500000000073, -1.5349999999998394], [96.39500000000072, -1.5349999999998394], [96.39500000000072, -1.5649999999998387], [96.38500000000072, -1.5649999999998387], [96.38500000000072, -1.594999999999838], [96.37500000000071, -1.594999999999838], [96.37500000000071, -1.6649999999998366], [96.3650000000007, -1.6649999999998366], [96.3650000000007, -1.7549999999998347], [96.3550000000007, -1.7549999999998347], [96.3550000000007, -1.7749999999998343], [96.3450000000007, -1.7749999999998343], [96.3450000000007, -1.7949999999998338], [96.33500000000069, -1.7949999999998338], [96.33500000000069, -1.8049999999998336], [96.32500000000068, -1.8049999999998336], [96.32500000000068, -1.8149999999998334], [96.31500000000068, -1.8149999999998334], [96.31500000000068, -1.8249999999998332], [96.30500000000067, -1.8249999999998332], [96.30500000000067, -1.834999999999833], [96.29500000000067, -1.834999999999833], [96.29500000000067, -1.8449999999998328], [96.28500000000066, -1.8449999999998328], [96.28500000000066, -1.8549999999998326], [96.27500000000066, -1.8549999999998326], [96.27500000000066, -1.8649999999998323], [96.22500000000063, -1.8649999999998323], [96.22500000000063, -1.8549999999998326], [96.21500000000063, -1.8549999999998326], [96.21500000000063, -1.8449999999998328], [96.20500000000062, -1.8449999999998328], [96.20500000000062, -1.834999999999833], [96.19500000000062, -1.834999999999833], [96.19500000000062, -1.8249999999998332], [96.18500000000061, -1.8249999999998332], [96.18500000000061, -1.8149999999998334], [96.17500000000061, -1.8149999999998334], [96.17500000000061, -1.8049999999998336], [96.1650000000006, -1.8049999999998336], [96.1650000000006, -1.7949999999998338], [96.1550000000006, -1.7949999999998338], [96.1550000000006, -1.7749999999998343], [96.14500000000059, -1.7749999999998343], [96.14500000000059, -1.7549999999998347], [96.13500000000059, -1.7549999999998347], [96.13500000000059, -1.694999999999836], [96.14500000000059, -1.694999999999836], [96.14500000000059, -1.6249999999998375], [96.1550000000006, -1.6249999999998375], [96.1550000000006, -1.5749999999998385], [96.1650000000006, -1.5749999999998385], [96.1650000000006, -1.5349999999998394], [96.17500000000061, -1.5349999999998394], [96.17500000000061, -1.50499999999984], [96.18500000000061, -1.50499999999984], [96.18500000000061, -1.4949999999998402], [96.19500000000062, -1.4949999999998402], [96.19500000000062, -1.4849999999998404], [96.20500000000062, -1.4849999999998404], [96.20500000000062, -1.4749999999998407], [96.22500000000063, -1.4749999999998407], [96.22500000000063, -1.4649999999998409], [96.23500000000064, -1.4649999999998409], [96.23500000000064, -1.454999999999841], [96.28500000000066, -1.454999999999841], [96.28500000000066, -1.4649999999998409], [96.3450000000007, -1.4649999999998409], [96.3450000000007, -1.4749999999998407], [96.37500000000071, -1.4749999999998407], [96.37500000000071, -1.4849999999998404], [96.40500000000073, -1.4849999999998404], [96.40500000000073, -1.4949999999998402]]], [[[99.76500000000244, -1.5149999999998398], [99.76500000000244, -1.5349999999998394], [99.75500000000244, -1.5349999999998394], [99.75500000000244, -1.5449999999998392], [99.74500000000243, -1.5449999999998392], [99.74500000000243, -1.5649999999998387], [99.73500000000243, -1.5649999999998387], [99.73500000000243, -1.5849999999998383], [99.72500000000242, -1.5849999999998383], [99.72500000000242, -1.594999999999838], [99.71500000000242, -1.594999999999838], [99.71500000000242, -1.604999999999838], [99.69500000000241, -1.604999999999838], [99.69500000000241, -1.6149999999998377], [99.6850000000024, -1.6149999999998377], [99.6850000000024, -1.6249999999998375], [99.6750000000024, -1.6249999999998375], [99.6750000000024, -1.644999999999837], [99.6650000000024, -1.644999999999837], [99.6650000000024, -1.6549999999998368], [99.65500000000239, -1.6549999999998368], [99.65500000000239, -1.6749999999998364], [99.64500000000238, -1.6749999999998364], [99.64500000000238, -1.694999999999836], [99.63500000000238, -1.694999999999836], [99.63500000000238, -1.7249999999998353], [99.62500000000237, -1.7249999999998353], [99.62500000000237, -1.7549999999998347], [99.61500000000237, -1.7549999999998347], [99.61500000000237, -1.784999999999834], [99.60500000000236, -1.784999999999834], [99.60500000000236, -1.8049999999998336], [99.59500000000236, -1.8049999999998336], [99.59500000000236, -1.8249999999998332], [99.58500000000235, -1.8249999999998332], [99.58500000000235, -1.834999999999833], [99.57500000000235, -1.834999999999833], [99.57500000000235, -1.8549999999998326], [99.56500000000234, -1.8549999999998326], [99.56500000000234, -1.8649999999998323], [99.55500000000234, -1.8649999999998323], [99.55500000000234, -1.8749999999998321], [99.53500000000233, -1.8749999999998321], [99.53500000000233, -1.884999999999832], [99.52500000000232, -1.884999999999832], [99.52500000000232, -1.8949999999998317], [99.51500000000232, -1.8949999999998317], [99.51500000000232, -1.9049999999998315], [99.44500000000228, -1.9049999999998315], [99.44500000000228, -1.9149999999998313], [99.35500000000224, -1.9149999999998313], [99.35500000000224, -1.924999999999831], [99.2850000000022, -1.924999999999831], [99.2850000000022, -1.9349999999998309], [99.20500000000216, -1.9349999999998309], [99.20500000000216, -1.924999999999831], [99.17500000000214, -1.924999999999831], [99.17500000000214, -1.9149999999998313], [99.15500000000213, -1.9149999999998313], [99.15500000000213, -1.9049999999998315], [99.13500000000212, -1.9049999999998315], [99.13500000000212, -1.8949999999998317], [99.12500000000212, -1.8949999999998317], [99.12500000000212, -1.884999999999832], [99.11500000000211, -1.884999999999832], [99.11500000000211, -1.8649999999998323], [99.10500000000211, -1.8649999999998323], [99.10500000000211, -1.834999999999833], [99.0950000000021, -1.834999999999833], [99.0950000000021, -1.8049999999998336], [99.11500000000211, -1.8049999999998336], [99.11500000000211, -1.8149999999998334], [99.13500000000212, -1.8149999999998334], [99.13500000000212, -1.8249999999998332], [99.16500000000214, -1.8249999999998332], [99.16500000000214, -1.834999999999833], [99.19500000000215, -1.834999999999833], [99.19500000000215, -1.8449999999998328], [99.22500000000217, -1.8449999999998328], [99.22500000000217, -1.8549999999998326], [99.25500000000218, -1.8549999999998326], [99.25500000000218, -1.8449999999998328], [99.26500000000219, -1.8449999999998328], [99.26500000000219, -1.834999999999833], [99.2750000000022, -1.834999999999833], [99.2750000000022, -1.8249999999998332], [99.2850000000022, -1.8249999999998332], [99.2850000000022, -1.8149999999998334], [99.2950000000022, -1.8149999999998334], [99.2950000000022, -1.7949999999998338], [99.30500000000221, -1.7949999999998338], [99.30500000000221, -1.784999999999834], [99.31500000000221, -1.784999999999834], [99.31500000000221, -1.7749999999998343], [99.32500000000222, -1.7749999999998343], [99.32500000000222, -1.7649999999998345], [99.33500000000222, -1.7649999999998345], [99.33500000000222, -1.694999999999836], [99.32500000000222, -1.694999999999836], [99.32500000000222, -1.644999999999837], [99.31500000000221, -1.644999999999837], [99.31500000000221, -1.6149999999998377], [99.30500000000221, -1.6149999999998377], [99.30500000000221, -1.5849999999998383], [99.2950000000022, -1.5849999999998383], [99.2950000000022, -1.5449999999998392], [99.30500000000221, -1.5449999999998392], [99.30500000000221, -1.5349999999998394], [99.31500000000221, -1.5349999999998394], [99.31500000000221, -1.5249999999998396], [99.32500000000222, -1.5249999999998396], [99.32500000000222, -1.5149999999998398], [99.33500000000222, -1.5149999999998398], [99.33500000000222, -1.50499999999984], [99.34500000000223, -1.50499999999984], [99.34500000000223, -1.4949999999998402], [99.35500000000224, -1.4949999999998402], [99.35500000000224, -1.4749999999998407], [99.36500000000224, -1.4749999999998407], [99.36500000000224, -1.4649999999998409], [99.37500000000225, -1.4649999999998409], [99.37500000000225, -1.454999999999841], [99.38500000000225, -1.454999999999841], [99.38500000000225, -1.4449999999998413], [99.39500000000226, -1.4449999999998413], [99.39500000000226, -1.4349999999998415], [99.40500000000226, -1.4349999999998415], [99.40500000000226, -1.4249999999998417], [99.41500000000227, -1.4249999999998417], [99.41500000000227, -1.414999999999842], [99.42500000000227, -1.414999999999842], [99.42500000000227, -1.4049999999998422], [99.44500000000228, -1.4049999999998422], [99.44500000000228, -1.3949999999998424], [99.45500000000229, -1.3949999999998424], [99.45500000000229, -1.3849999999998426], [99.4750000000023, -1.3849999999998426], [99.4750000000023, -1.3749999999998428], [99.50500000000231, -1.3749999999998428], [99.50500000000231, -1.364999999999843], [99.75500000000244, -1.364999999999843], [99.75500000000244, -1.3949999999998424], [99.76500000000244, -1.3949999999998424], [99.76500000000244, -1.454999999999841], [99.77500000000245, -1.454999999999841], [99.77500000000245, -1.5149999999998398], [99.76500000000244, -1.5149999999998398]]], [[[98.80500000000195, -1.5249999999998396], [98.78500000000194, -1.5249999999998396], [98.78500000000194, -1.5349999999998394], [98.73500000000192, -1.5349999999998394], [98.73500000000192, -1.5249999999998396], [98.71500000000191, -1.5249999999998396], [98.71500000000191, -1.5149999999998398], [98.7050000000019, -1.5149999999998398], [98.7050000000019, -1.50499999999984], [98.6950000000019, -1.50499999999984], [98.6950000000019, -1.4949999999998402], [98.68500000000189, -1.4949999999998402], [98.68500000000189, -1.4849999999998404], [98.66500000000188, -1.4849999999998404], [98.66500000000188, -1.4749999999998407], [98.73500000000192, -1.4749999999998407], [98.73500000000192, -1.4849999999998404], [98.77500000000194, -1.4849999999998404], [98.77500000000194, -1.4949999999998402], [98.79500000000195, -1.4949999999998402], [98.79500000000195, -1.5149999999998398], [98.80500000000195, -1.5149999999998398], [98.80500000000195, -1.5249999999998396]]], [[[98.64500000000187, -1.4649999999998409], [98.65500000000188, -1.4649999999998409], [98.65500000000188, -1.4749999999998407], [98.64500000000187, -1.4749999999998407], [98.64500000000187, -1.4649999999998409]]], [[[98.60500000000185, -1.454999999999841], [98.60500000000185, -1.4449999999998413], [98.61500000000186, -1.4449999999998413], [98.61500000000186, -1.454999999999841], [98.60500000000185, -1.454999999999841]]], [[[95.65500000000034, -1.2449999999998456], [95.66500000000035, -1.2449999999998456], [95.66500000000035, -1.2649999999998451], [95.67500000000035, -1.2649999999998451], [95.67500000000035, -1.274999999999845], [95.69500000000036, -1.274999999999845], [95.69500000000036, -1.2849999999998447], [95.70500000000037, -1.2849999999998447], [95.70500000000037, -1.2949999999998445], [95.71500000000037, -1.2949999999998445], [95.71500000000037, -1.3049999999998443], [95.72500000000038, -1.3049999999998443], [95.72500000000038, -1.314999999999844], [95.74500000000039, -1.314999999999844], [95.74500000000039, -1.3249999999998439], [95.7750000000004, -1.3249999999998439], [95.7750000000004, -1.314999999999844], [95.81500000000042, -1.314999999999844], [95.81500000000042, -1.3049999999998443], [95.85500000000044, -1.3049999999998443], [95.85500000000044, -1.2949999999998445], [95.88500000000046, -1.2949999999998445], [95.88500000000046, -1.2849999999998447], [95.91500000000048, -1.2849999999998447], [95.91500000000048, -1.274999999999845], [95.94500000000049, -1.274999999999845], [95.94500000000049, -1.2649999999998451], [95.9750000000005, -1.2649999999998451], [95.9750000000005, -1.2549999999998454], [95.99500000000052, -1.2549999999998454], [95.99500000000052, -1.2449999999998456], [96.03500000000054, -1.2449999999998456], [96.03500000000054, -1.3049999999998443], [96.02500000000053, -1.3049999999998443], [96.02500000000053, -1.364999999999843], [96.01500000000053, -1.364999999999843], [96.01500000000053, -1.4049999999998422], [96.02500000000053, -1.4049999999998422], [96.02500000000053, -1.414999999999842], [96.03500000000054, -1.414999999999842], [96.03500000000054, -1.4249999999998417], [96.04500000000054, -1.4249999999998417], [96.04500000000054, -1.4449999999998413], [96.05500000000055, -1.4449999999998413], [96.05500000000055, -1.454999999999841], [96.06500000000055, -1.454999999999841], [96.06500000000055, -1.4649999999998409], [96.07500000000056, -1.4649999999998409], [96.07500000000056, -1.4749999999998407], [96.08500000000056, -1.4749999999998407], [96.08500000000056, -1.4849999999998404], [96.09500000000057, -1.4849999999998404], [96.09500000000057, -1.4949999999998402], [96.10500000000057, -1.4949999999998402], [96.10500000000057, -1.50499999999984], [96.09500000000057, -1.50499999999984], [96.09500000000057, -1.5149999999998398], [96.08500000000056, -1.5149999999998398], [96.08500000000056, -1.5249999999998396], [96.07500000000056, -1.5249999999998396], [96.07500000000056, -1.5349999999998394], [96.05500000000055, -1.5349999999998394], [96.05500000000055, -1.5449999999998392], [96.04500000000054, -1.5449999999998392], [96.04500000000054, -1.554999999999839], [96.01500000000053, -1.554999999999839], [96.01500000000053, -1.5649999999998387], [95.99500000000052, -1.5649999999998387], [95.99500000000052, -1.554999999999839], [95.98500000000051, -1.554999999999839], [95.98500000000051, -1.5449999999998392], [95.9750000000005, -1.5449999999998392], [95.9750000000005, -1.5349999999998394], [95.9650000000005, -1.5349999999998394], [95.9650000000005, -1.5249999999998396], [95.9550000000005, -1.5249999999998396], [95.9550000000005, -1.50499999999984], [95.93500000000049, -1.50499999999984], [95.93500000000049, -1.5149999999998398], [95.90500000000047, -1.5149999999998398], [95.90500000000047, -1.5249999999998396], [95.88500000000046, -1.5249999999998396], [95.88500000000046, -1.5349999999998394], [95.87500000000045, -1.5349999999998394], [95.87500000000045, -1.5449999999998392], [95.86500000000045, -1.5449999999998392], [95.86500000000045, -1.554999999999839], [95.85500000000044, -1.554999999999839], [95.85500000000044, -1.5649999999998387], [95.84500000000044, -1.5649999999998387], [95.84500000000044, -1.5749999999998385], [95.82500000000043, -1.5749999999998385], [95.82500000000043, -1.5849999999998383], [95.81500000000042, -1.5849999999998383], [95.81500000000042, -1.594999999999838], [95.79500000000041, -1.594999999999838], [95.79500000000041, -1.604999999999838], [95.7650000000004, -1.604999999999838], [95.7650000000004, -1.6149999999998377], [95.68500000000036, -1.6149999999998377], [95.68500000000036, -1.6249999999998375], [95.62500000000033, -1.6249999999998375], [95.62500000000033, -1.6349999999998373], [95.60500000000032, -1.6349999999998373], [95.60500000000032, -1.644999999999837], [95.59500000000031, -1.644999999999837], [95.59500000000031, -1.6649999999998366], [95.5850000000003, -1.6649999999998366], [95.5850000000003, -1.744999999999835], [95.5750000000003, -1.744999999999835], [95.5750000000003, -1.7349999999998351], [95.5650000000003, -1.7349999999998351], [95.5650000000003, -1.7149999999998355], [95.55500000000029, -1.7149999999998355], [95.55500000000029, -1.694999999999836], [95.54500000000029, -1.694999999999836], [95.54500000000029, -1.6849999999998362], [95.53500000000028, -1.6849999999998362], [95.53500000000028, -1.6649999999998366], [95.52500000000028, -1.6649999999998366], [95.52500000000028, -1.644999999999837], [95.51500000000027, -1.644999999999837], [95.51500000000027, -1.6349999999998373], [95.50500000000027, -1.6349999999998373], [95.50500000000027, -1.6249999999998375], [95.47500000000025, -1.6249999999998375], [95.47500000000025, -1.6149999999998377], [95.48500000000026, -1.6149999999998377], [95.48500000000026, -1.604999999999838], [95.50500000000027, -1.604999999999838], [95.50500000000027, -1.594999999999838], [95.53500000000028, -1.594999999999838], [95.53500000000028, -1.5849999999998383], [95.54500000000029, -1.5849999999998383], [95.54500000000029, -1.5749999999998385], [95.55500000000029, -1.5749999999998385], [95.55500000000029, -1.5449999999998392], [95.5650000000003, -1.5449999999998392], [95.5650000000003, -1.4849999999998404], [95.5750000000003, -1.4849999999998404], [95.5750000000003, -1.4249999999998417], [95.5850000000003, -1.4249999999998417], [95.5850000000003, -1.3349999999998436], [95.59500000000031, -1.3349999999998436], [95.59500000000031, -1.1949999999998466], [95.60500000000032, -1.1949999999998466], [95.60500000000032, -1.1249999999998481], [95.61500000000032, -1.1249999999998481], [95.61500000000032, -1.0649999999998494], [95.62500000000033, -1.0649999999998494], [95.62500000000033, -1.0249999999998503], [95.63500000000033, -1.0249999999998503], [95.63500000000033, -1.0049999999998507], [95.64500000000034, -1.0049999999998507], [95.64500000000034, -0.9849999999998511], [95.65500000000034, -0.9849999999998511], [95.65500000000034, -0.9749999999998513], [95.66500000000035, -0.9749999999998513], [95.66500000000035, -0.9849999999998511], [95.67500000000035, -0.9849999999998511], [95.67500000000035, -1.084999999999849], [95.66500000000035, -1.084999999999849], [95.66500000000035, -1.224999999999846], [95.65500000000034, -1.224999999999846], [95.65500000000034, -1.2449999999998456]]], [[[98.79500000000195, -1.1249999999998481], [98.80500000000195, -1.1249999999998481], [98.80500000000195, -1.134999999999848], [98.81500000000196, -1.134999999999848], [98.81500000000196, -1.1549999999998475], [98.82500000000196, -1.1549999999998475], [98.82500000000196, -1.1649999999998473], [98.83500000000197, -1.1649999999998473], [98.83500000000197, -1.174999999999847], [98.84500000000197, -1.174999999999847], [98.84500000000197, -1.1949999999998466], [98.85500000000198, -1.1949999999998466], [98.85500000000198, -1.2049999999998464], [98.86500000000198, -1.2049999999998464], [98.86500000000198, -1.224999999999846], [98.87500000000199, -1.224999999999846], [98.87500000000199, -1.2449999999998456], [98.885000000002, -1.2449999999998456], [98.885000000002, -1.2649999999998451], [98.87500000000199, -1.2649999999998451], [98.87500000000199, -1.3049999999998443], [98.86500000000198, -1.3049999999998443], [98.86500000000198, -1.3349999999998436], [98.85500000000198, -1.3349999999998436], [98.85500000000198, -1.3549999999998432], [98.84500000000197, -1.3549999999998432], [98.84500000000197, -1.3749999999998428], [98.83500000000197, -1.3749999999998428], [98.83500000000197, -1.3949999999998424], [98.82500000000196, -1.3949999999998424], [98.82500000000196, -1.4049999999998422], [98.81500000000196, -1.4049999999998422], [98.81500000000196, -1.414999999999842], [98.80500000000195, -1.414999999999842], [98.80500000000195, -1.4249999999998417], [98.78500000000194, -1.4249999999998417], [98.78500000000194, -1.4349999999998415], [98.76500000000193, -1.4349999999998415], [98.76500000000193, -1.4449999999998413], [98.73500000000192, -1.4449999999998413], [98.73500000000192, -1.4349999999998415], [98.72500000000191, -1.4349999999998415], [98.72500000000191, -1.4249999999998417], [98.71500000000191, -1.4249999999998417], [98.71500000000191, -1.414999999999842], [98.7050000000019, -1.414999999999842], [98.7050000000019, -1.4049999999998422], [98.6950000000019, -1.4049999999998422], [98.6950000000019, -1.3949999999998424], [98.68500000000189, -1.3949999999998424], [98.68500000000189, -1.3849999999998426], [98.67500000000189, -1.3849999999998426], [98.67500000000189, -1.364999999999843], [98.66500000000188, -1.364999999999843], [98.66500000000188, -1.3549999999998432], [98.65500000000188, -1.3549999999998432], [98.65500000000188, -1.3349999999998436], [98.64500000000187, -1.3349999999998436], [98.64500000000187, -1.3249999999998439], [98.63500000000187, -1.3249999999998439], [98.63500000000187, -1.3049999999998443], [98.62500000000186, -1.3049999999998443], [98.62500000000186, -1.2849999999998447], [98.61500000000186, -1.2849999999998447], [98.61500000000186, -1.2649999999998451], [98.60500000000185, -1.2649999999998451], [98.60500000000185, -1.2449999999998456], [98.61500000000186, -1.2449999999998456], [98.61500000000186, -1.224999999999846], [98.62500000000186, -1.224999999999846], [98.62500000000186, -1.2049999999998464], [98.63500000000187, -1.2049999999998464], [98.63500000000187, -1.1949999999998466], [98.64500000000187, -1.1949999999998466], [98.64500000000187, -1.1849999999998468], [98.65500000000188, -1.1849999999998468], [98.65500000000188, -1.1649999999998473], [98.66500000000188, -1.1649999999998473], [98.66500000000188, -1.1549999999998475], [98.67500000000189, -1.1549999999998475], [98.67500000000189, -1.1449999999998477], [98.68500000000189, -1.1449999999998477], [98.68500000000189, -1.134999999999848], [98.6950000000019, -1.134999999999848], [98.6950000000019, -1.1249999999998481], [98.7050000000019, -1.1249999999998481], [98.7050000000019, -1.1149999999998483], [98.71500000000191, -1.1149999999998483], [98.71500000000191, -1.1049999999998485], [98.72500000000191, -1.1049999999998485], [98.72500000000191, -1.0949999999998488], [98.74500000000192, -1.0949999999998488], [98.74500000000192, -1.084999999999849], [98.75500000000193, -1.084999999999849], [98.75500000000193, -1.0949999999998488], [98.77500000000194, -1.0949999999998488], [98.77500000000194, -1.1049999999998485], [98.78500000000194, -1.1049999999998485], [98.78500000000194, -1.1149999999998483], [98.79500000000195, -1.1149999999998483], [98.79500000000195, -1.1249999999998481]]], [[[97.88500000000148, -0.9349999999998522], [97.88500000000148, -1.0249999999998503], [97.87500000000148, -1.0249999999998503], [97.87500000000148, -1.0449999999998498], [97.86500000000147, -1.0449999999998498], [97.86500000000147, -1.0649999999998494], [97.85500000000147, -1.0649999999998494], [97.85500000000147, -1.084999999999849], [97.84500000000146, -1.084999999999849], [97.84500000000146, -1.1049999999998485], [97.83500000000146, -1.1049999999998485], [97.83500000000146, -1.1149999999998483], [97.82500000000145, -1.1149999999998483], [97.82500000000145, -1.1249999999998481], [97.81500000000145, -1.1249999999998481], [97.81500000000145, -1.134999999999848], [97.80500000000144, -1.134999999999848], [97.80500000000144, -1.1549999999998475], [97.79500000000144, -1.1549999999998475], [97.79500000000144, -1.1649999999998473], [97.77500000000143, -1.1649999999998473], [97.77500000000143, -1.174999999999847], [97.76500000000142, -1.174999999999847], [97.76500000000142, -1.1849999999998468], [97.75500000000142, -1.1849999999998468], [97.75500000000142, -1.1949999999998466], [97.74500000000141, -1.1949999999998466], [97.74500000000141, -1.2149999999998462], [97.7350000000014, -1.2149999999998462], [97.7350000000014, -1.2449999999998456], [97.7250000000014, -1.2449999999998456], [97.7250000000014, -1.2849999999998447], [97.7150000000014, -1.2849999999998447], [97.7150000000014, -1.314999999999844], [97.70500000000139, -1.314999999999844], [97.70500000000139, -1.364999999999843], [97.69500000000139, -1.364999999999843], [97.69500000000139, -1.4049999999998422], [97.68500000000138, -1.4049999999998422], [97.68500000000138, -1.4649999999998409], [97.67500000000138, -1.4649999999998409], [97.67500000000138, -1.50499999999984], [97.66500000000137, -1.50499999999984], [97.66500000000137, -1.5249999999998396], [97.65500000000137, -1.5249999999998396], [97.65500000000137, -1.5449999999998392], [97.64500000000136, -1.5449999999998392], [97.64500000000136, -1.554999999999839], [97.63500000000136, -1.554999999999839], [97.63500000000136, -1.5749999999998385], [97.62500000000135, -1.5749999999998385], [97.62500000000135, -1.5849999999998383], [97.61500000000134, -1.5849999999998383], [97.61500000000134, -1.594999999999838], [97.60500000000134, -1.594999999999838], [97.60500000000134, -1.604999999999838], [97.58500000000133, -1.604999999999838], [97.58500000000133, -1.6149999999998377], [97.57500000000132, -1.6149999999998377], [97.57500000000132, -1.6249999999998375], [97.55500000000131, -1.6249999999998375], [97.55500000000131, -1.6349999999998373], [97.5350000000013, -1.6349999999998373], [97.5350000000013, -1.644999999999837], [97.5150000000013, -1.644999999999837], [97.5150000000013, -1.6549999999998368], [97.50500000000129, -1.6549999999998368], [97.50500000000129, -1.6649999999998366], [97.48500000000128, -1.6649999999998366], [97.48500000000128, -1.6549999999998368], [97.47500000000127, -1.6549999999998368], [97.47500000000127, -1.644999999999837], [97.46500000000127, -1.644999999999837], [97.46500000000127, -1.6349999999998373], [97.45500000000126, -1.6349999999998373], [97.45500000000126, -1.6249999999998375], [97.44500000000126, -1.6249999999998375], [97.44500000000126, -1.6149999999998377], [97.43500000000125, -1.6149999999998377], [97.43500000000125, -1.604999999999838], [97.42500000000125, -1.604999999999838], [97.42500000000125, -1.5849999999998383], [97.41500000000124, -1.5849999999998383], [97.41500000000124, -1.5749999999998385], [97.40500000000124, -1.5749999999998385], [97.40500000000124, -1.554999999999839], [97.39500000000123, -1.554999999999839], [97.39500000000123, -1.5449999999998392], [97.38500000000123, -1.5449999999998392], [97.38500000000123, -1.5249999999998396], [97.37500000000122, -1.5249999999998396], [97.37500000000122, -1.4649999999998409], [97.38500000000123, -1.4649999999998409], [97.38500000000123, -1.4349999999998415], [97.39500000000123, -1.4349999999998415], [97.39500000000123, -1.414999999999842], [97.40500000000124, -1.414999999999842], [97.40500000000124, -1.3949999999998424], [97.41500000000124, -1.3949999999998424], [97.41500000000124, -1.3749999999998428], [97.42500000000125, -1.3749999999998428], [97.42500000000125, -1.3549999999998432], [97.43500000000125, -1.3549999999998432], [97.43500000000125, -1.3449999999998434], [97.44500000000126, -1.3449999999998434], [97.44500000000126, -1.3349999999998436], [97.45500000000126, -1.3349999999998436], [97.45500000000126, -1.3249999999998439], [97.46500000000127, -1.3249999999998439], [97.46500000000127, -1.314999999999844], [97.47500000000127, -1.314999999999844], [97.47500000000127, -1.3049999999998443], [97.48500000000128, -1.3049999999998443], [97.48500000000128, -1.2949999999998445], [97.49500000000128, -1.2949999999998445], [97.49500000000128, -1.2849999999998447], [97.55500000000131, -1.2849999999998447], [97.55500000000131, -1.274999999999845], [97.59500000000133, -1.274999999999845], [97.59500000000133, -1.2649999999998451], [97.61500000000134, -1.2649999999998451], [97.61500000000134, -1.2549999999998454], [97.62500000000135, -1.2549999999998454], [97.62500000000135, -1.2449999999998456], [97.61500000000134, -1.2449999999998456], [97.61500000000134, -1.2349999999998458], [97.60500000000134, -1.2349999999998458], [97.60500000000134, -1.224999999999846], [97.59500000000133, -1.224999999999846], [97.59500000000133, -1.2149999999998462], [97.57500000000132, -1.2149999999998462], [97.57500000000132, -1.2049999999998464], [97.56500000000132, -1.2049999999998464], [97.56500000000132, -1.1949999999998466], [97.54500000000131, -1.1949999999998466], [97.54500000000131, -1.1849999999998468], [97.5350000000013, -1.1849999999998468], [97.5350000000013, -1.174999999999847], [97.5250000000013, -1.174999999999847], [97.5250000000013, -1.1649999999998473], [97.5150000000013, -1.1649999999998473], [97.5150000000013, -1.0049999999998507], [97.5250000000013, -1.0049999999998507], [97.5250000000013, -0.9949999999998509], [97.5350000000013, -0.9949999999998509], [97.5350000000013, -0.9849999999998511], [97.55500000000131, -0.9849999999998511], [97.55500000000131, -0.9749999999998513], [97.57500000000132, -0.9749999999998513], [97.57500000000132, -0.9649999999998515], [97.59500000000133, -0.9649999999998515], [97.59500000000133, -0.9549999999998517], [97.61500000000134, -0.9549999999998517], [97.61500000000134, -0.944999999999852], [97.63500000000136, -0.944999999999852], [97.63500000000136, -0.9349999999998522], [97.66500000000137, -0.9349999999998522], [97.66500000000137, -0.9249999999998524], [97.68500000000138, -0.9249999999998524], [97.68500000000138, -0.9149999999998526], [97.7150000000014, -0.9149999999998526], [97.7150000000014, -0.9049999999998528], [97.74500000000141, -0.9049999999998528], [97.74500000000141, -0.894999999999853], [97.76500000000142, -0.894999999999853], [97.76500000000142, -0.8849999999998532], [97.77500000000143, -0.8849999999998532], [97.77500000000143, -0.8749999999998535], [97.78500000000143, -0.8749999999998535], [97.78500000000143, -0.8649999999998537], [97.80500000000144, -0.8649999999998537], [97.80500000000144, -0.8549999999998539], [97.81500000000145, -0.8549999999998539], [97.81500000000145, -0.8449999999998541], [97.82500000000145, -0.8449999999998541], [97.82500000000145, -0.8349999999998543], [97.83500000000146, -0.8349999999998543], [97.83500000000146, -0.8149999999998547], [97.84500000000146, -0.8149999999998547], [97.84500000000146, -0.8049999999998549], [97.85500000000147, -0.8049999999998549], [97.85500000000147, -0.8449999999998541], [97.86500000000147, -0.8449999999998541], [97.86500000000147, -0.8849999999998532], [97.87500000000148, -0.8849999999998532], [97.87500000000148, -0.9349999999998522], [97.88500000000148, -0.9349999999998522]]], [[[99.02500000000207, -0.8849999999998532], [99.05500000000208, -0.8849999999998532], [99.05500000000208, -0.894999999999853], [99.0850000000021, -0.894999999999853], [99.0850000000021, -0.9049999999998528], [99.10500000000211, -0.9049999999998528], [99.10500000000211, -0.9149999999998526], [99.11500000000211, -0.9149999999998526], [99.11500000000211, -0.9249999999998524], [99.13500000000212, -0.9249999999998524], [99.13500000000212, -0.9349999999998522], [99.14500000000213, -0.9349999999998522], [99.14500000000213, -0.944999999999852], [99.15500000000213, -0.944999999999852], [99.15500000000213, -0.9549999999998517], [99.16500000000214, -0.9549999999998517], [99.16500000000214, -0.9649999999998515], [99.17500000000214, -0.9649999999998515], [99.17500000000214, -0.9849999999998511], [99.18500000000215, -0.9849999999998511], [99.18500000000215, -1.0149999999998505], [99.17500000000214, -1.0149999999998505], [99.17500000000214, -1.03499999999985], [99.16500000000214, -1.03499999999985], [99.16500000000214, -1.0449999999998498], [99.15500000000213, -1.0449999999998498], [99.15500000000213, -1.0549999999998496], [99.14500000000213, -1.0549999999998496], [99.14500000000213, -1.0649999999998494], [99.13500000000212, -1.0649999999998494], [99.13500000000212, -1.0749999999998492], [99.12500000000212, -1.0749999999998492], [99.12500000000212, -1.1049999999998485], [99.13500000000212, -1.1049999999998485], [99.13500000000212, -1.134999999999848], [99.14500000000213, -1.134999999999848], [99.14500000000213, -1.1649999999998473], [99.15500000000213, -1.1649999999998473], [99.15500000000213, -1.1949999999998466], [99.16500000000214, -1.1949999999998466], [99.16500000000214, -1.2349999999998458], [99.17500000000214, -1.2349999999998458], [99.17500000000214, -1.2549999999998454], [99.16500000000214, -1.2549999999998454], [99.16500000000214, -1.274999999999845], [99.15500000000213, -1.274999999999845], [99.15500000000213, -1.2949999999998445], [99.14500000000213, -1.2949999999998445], [99.14500000000213, -1.2549999999998454], [99.13500000000212, -1.2549999999998454], [99.13500000000212, -1.2149999999998462], [99.12500000000212, -1.2149999999998462], [99.12500000000212, -1.1849999999998468], [99.11500000000211, -1.1849999999998468], [99.11500000000211, -1.1649999999998473], [99.10500000000211, -1.1649999999998473], [99.10500000000211, -1.1549999999998475], [99.0950000000021, -1.1549999999998475], [99.0950000000021, -1.134999999999848], [99.07500000000209, -1.134999999999848], [99.07500000000209, -1.1249999999998481], [99.06500000000209, -1.1249999999998481], [99.06500000000209, -1.1149999999998483], [99.04500000000208, -1.1149999999998483], [99.04500000000208, -1.1049999999998485], [99.02500000000207, -1.1049999999998485], [99.02500000000207, -1.0949999999998488], [98.99500000000205, -1.0949999999998488], [98.99500000000205, -1.084999999999849], [98.98500000000205, -1.084999999999849], [98.98500000000205, -1.0749999999998492], [98.97500000000204, -1.0749999999998492], [98.97500000000204, -1.0649999999998494], [98.96500000000204, -1.0649999999998494], [98.96500000000204, -1.0449999999998498], [98.95500000000203, -1.0449999999998498], [98.95500000000203, -1.03499999999985], [98.94500000000203, -1.03499999999985], [98.94500000000203, -1.0149999999998505], [98.93500000000202, -1.0149999999998505], [98.93500000000202, -1.0049999999998507], [98.92500000000202, -1.0049999999998507], [98.92500000000202, -0.9249999999998524], [98.91500000000201, -0.9249999999998524], [98.91500000000201, -0.8649999999998537], [98.905000000002, -0.8649999999998537], [98.905000000002, -0.8449999999998541], [98.92500000000202, -0.8449999999998541], [98.92500000000202, -0.8549999999998539], [98.95500000000203, -0.8549999999998539], [98.95500000000203, -0.8649999999998537], [98.99500000000205, -0.8649999999998537], [98.99500000000205, -0.8749999999998535], [99.02500000000207, -0.8749999999998535], [99.02500000000207, -0.8849999999998532]]], [[[98.66500000000188, -0.6349999999998586], [98.68500000000189, -0.6349999999998586], [98.68500000000189, -0.6449999999998584], [98.71500000000191, -0.6449999999998584], [98.71500000000191, -0.6749999999998577], [98.7050000000019, -0.6749999999998577], [98.7050000000019, -0.6849999999998575], [98.6950000000019, -0.6849999999998575], [98.6950000000019, -0.6949999999998573], [98.68500000000189, -0.6949999999998573], [98.68500000000189, -0.7049999999998571], [98.67500000000189, -0.7049999999998571], [98.67500000000189, -0.7149999999998569], [98.66500000000188, -0.7149999999998569], [98.66500000000188, -0.7249999999998566], [98.65500000000188, -0.7249999999998566], [98.65500000000188, -0.7349999999998564], [98.64500000000187, -0.7349999999998564], [98.64500000000187, -0.754999999999856], [98.65500000000188, -0.754999999999856], [98.65500000000188, -0.7649999999998558], [98.67500000000189, -0.7649999999998558], [98.67500000000189, -0.7749999999998556], [98.73500000000192, -0.7749999999998556], [98.73500000000192, -0.7849999999998554], [98.71500000000191, -0.7849999999998554], [98.71500000000191, -0.7949999999998552], [98.6950000000019, -0.7949999999998552], [98.6950000000019, -0.8049999999998549], [98.68500000000189, -0.8049999999998549], [98.68500000000189, -0.8149999999998547], [98.67500000000189, -0.8149999999998547], [98.67500000000189, -0.8249999999998545], [98.66500000000188, -0.8249999999998545], [98.66500000000188, -0.8349999999998543], [98.65500000000188, -0.8349999999998543], [98.65500000000188, -0.8449999999998541], [98.64500000000187, -0.8449999999998541], [98.64500000000187, -0.8649999999998537], [98.63500000000187, -0.8649999999998537], [98.63500000000187, -0.8749999999998535], [98.62500000000186, -0.8749999999998535], [98.62500000000186, -0.894999999999853], [98.61500000000186, -0.894999999999853], [98.61500000000186, -0.9249999999998524], [98.60500000000185, -0.9249999999998524], [98.60500000000185, -0.9549999999998517], [98.59500000000185, -0.9549999999998517], [98.59500000000185, -0.9949999999998509], [98.58500000000184, -0.9949999999998509], [98.58500000000184, -1.1049999999998485], [98.57500000000184, -1.1049999999998485], [98.57500000000184, -1.3749999999998428], [98.58500000000184, -1.3749999999998428], [98.58500000000184, -1.414999999999842], [98.59500000000185, -1.414999999999842], [98.59500000000185, -1.4349999999998415], [98.60500000000185, -1.4349999999998415], [98.60500000000185, -1.4449999999998413], [98.57500000000184, -1.4449999999998413], [98.57500000000184, -1.4349999999998415], [98.55500000000183, -1.4349999999998415], [98.55500000000183, -1.4249999999998417], [98.52500000000181, -1.4249999999998417], [98.52500000000181, -1.414999999999842], [98.4950000000018, -1.414999999999842], [98.4950000000018, -1.4049999999998422], [98.47500000000178, -1.4049999999998422], [98.47500000000178, -1.3949999999998424], [98.46500000000178, -1.3949999999998424], [98.46500000000178, -1.3849999999998426], [98.44500000000177, -1.3849999999998426], [98.44500000000177, -1.3749999999998428], [98.42500000000176, -1.3749999999998428], [98.42500000000176, -1.364999999999843], [98.41500000000175, -1.364999999999843], [98.41500000000175, -1.3549999999998432], [98.40500000000175, -1.3549999999998432], [98.40500000000175, -1.3449999999998434], [98.39500000000174, -1.3449999999998434], [98.39500000000174, -1.3349999999998436], [98.38500000000174, -1.3349999999998436], [98.38500000000174, -1.3249999999998439], [98.37500000000173, -1.3249999999998439], [98.37500000000173, -1.314999999999844], [98.36500000000173, -1.314999999999844], [98.36500000000173, -1.3049999999998443], [98.35500000000172, -1.3049999999998443], [98.35500000000172, -1.2949999999998445], [98.34500000000172, -1.2949999999998445], [98.34500000000172, -1.274999999999845], [98.3150000000017, -1.274999999999845], [98.3150000000017, -1.2849999999998447], [98.29500000000169, -1.2849999999998447], [98.29500000000169, -1.2949999999998445], [98.26500000000168, -1.2949999999998445], [98.26500000000168, -1.3049999999998443], [98.24500000000167, -1.3049999999998443], [98.24500000000167, -1.2949999999998445], [98.21500000000165, -1.2949999999998445], [98.21500000000165, -1.2849999999998447], [98.23500000000166, -1.2849999999998447], [98.23500000000166, -1.274999999999845], [98.24500000000167, -1.274999999999845], [98.24500000000167, -1.2549999999998454], [98.25500000000167, -1.2549999999998454], [98.25500000000167, -1.1949999999998466], [98.26500000000168, -1.1949999999998466], [98.26500000000168, -1.1449999999998477], [98.27500000000168, -1.1449999999998477], [98.27500000000168, -1.1149999999998483], [98.28500000000169, -1.1149999999998483], [98.28500000000169, -1.084999999999849], [98.29500000000169, -1.084999999999849], [98.29500000000169, -1.0649999999998494], [98.3050000000017, -1.0649999999998494], [98.3050000000017, -1.0549999999998496], [98.3150000000017, -1.0549999999998496], [98.3150000000017, -1.0449999999998498], [98.32500000000171, -1.0449999999998498], [98.32500000000171, -1.03499999999985], [98.33500000000171, -1.03499999999985], [98.33500000000171, -1.0249999999998503], [98.34500000000172, -1.0249999999998503], [98.34500000000172, -1.0149999999998505], [98.36500000000173, -1.0149999999998505], [98.36500000000173, -0.9949999999998509], [98.33500000000171, -0.9949999999998509], [98.33500000000171, -0.9849999999998511], [98.29500000000169, -0.9849999999998511], [98.29500000000169, -0.9749999999998513], [98.25500000000167, -0.9749999999998513], [98.25500000000167, -0.9649999999998515], [98.24500000000167, -0.9649999999998515], [98.24500000000167, -0.9749999999998513], [98.22500000000166, -0.9749999999998513], [98.22500000000166, -0.9849999999998511], [98.20500000000165, -0.9849999999998511], [98.20500000000165, -0.9949999999998509], [98.19500000000164, -0.9949999999998509], [98.19500000000164, -1.0049999999998507], [98.18500000000164, -1.0049999999998507], [98.18500000000164, -1.03499999999985], [98.17500000000163, -1.03499999999985], [98.17500000000163, -1.0549999999998496], [98.16500000000163, -1.0549999999998496], [98.16500000000163, -1.0749999999998492], [98.15500000000162, -1.0749999999998492], [98.15500000000162, -1.084999999999849], [98.14500000000162, -1.084999999999849], [98.14500000000162, -1.0949999999998488], [98.1250000000016, -1.0949999999998488], [98.1250000000016, -1.1049999999998485], [98.1050000000016, -1.1049999999998485], [98.1050000000016, -1.0649999999998494], [98.09500000000159, -1.0649999999998494], [98.09500000000159, -1.0049999999998507], [98.08500000000159, -1.0049999999998507], [98.08500000000159, -0.9849999999998511], [98.09500000000159, -0.9849999999998511], [98.09500000000159, -0.9249999999998524], [98.1050000000016, -0.9249999999998524], [98.1050000000016, -0.8649999999998537], [98.1150000000016, -0.8649999999998537], [98.1150000000016, -0.8249999999998545], [98.1250000000016, -0.8249999999998545], [98.1250000000016, -0.7949999999998552], [98.13500000000161, -0.7949999999998552], [98.13500000000161, -0.7649999999998558], [98.14500000000162, -0.7649999999998558], [98.14500000000162, -0.7449999999998562], [98.15500000000162, -0.7449999999998562], [98.15500000000162, -0.7349999999998564], [98.17500000000163, -0.7349999999998564], [98.17500000000163, -0.7249999999998566], [98.18500000000164, -0.7249999999998566], [98.18500000000164, -0.7149999999998569], [98.20500000000165, -0.7149999999998569], [98.20500000000165, -0.7049999999998571], [98.21500000000165, -0.7049999999998571], [98.21500000000165, -0.6949999999998573], [98.23500000000166, -0.6949999999998573], [98.23500000000166, -0.6849999999998575], [98.24500000000167, -0.6849999999998575], [98.24500000000167, -0.6749999999998577], [98.27500000000168, -0.6749999999998577], [98.27500000000168, -0.6649999999998579], [98.29500000000169, -0.6649999999998579], [98.29500000000169, -0.6549999999998581], [98.3150000000017, -0.6549999999998581], [98.3150000000017, -0.6449999999998584], [98.33500000000171, -0.6449999999998584], [98.33500000000171, -0.6349999999998586], [98.34500000000172, -0.6349999999998586], [98.34500000000172, -0.614999999999859], [98.35500000000172, -0.614999999999859], [98.35500000000172, -0.6049999999998592], [98.36500000000173, -0.6049999999998592], [98.36500000000173, -0.5949999999998594], [98.5150000000018, -0.5949999999998594], [98.5150000000018, -0.6049999999998592], [98.57500000000184, -0.6049999999998592], [98.57500000000184, -0.614999999999859], [98.62500000000186, -0.614999999999859], [98.62500000000186, -0.6249999999998588], [98.66500000000188, -0.6249999999998588], [98.66500000000188, -0.6349999999998586]], [[98.45500000000177, -1.0049999999998507], [98.45500000000177, -1.0549999999998496], [98.46500000000178, -1.0549999999998496], [98.46500000000178, -1.0449999999998498], [98.47500000000178, -1.0449999999998498], [98.47500000000178, -1.03499999999985], [98.48500000000179, -1.03499999999985], [98.48500000000179, -1.0249999999998503], [98.4950000000018, -1.0249999999998503], [98.4950000000018, -1.0149999999998505], [98.5150000000018, -1.0149999999998505], [98.5150000000018, -1.0049999999998507], [98.52500000000181, -1.0049999999998507], [98.52500000000181, -0.9949999999998509], [98.53500000000182, -0.9949999999998509], [98.53500000000182, -0.944999999999852], [98.52500000000181, -0.944999999999852], [98.52500000000181, -0.9049999999998528], [98.5150000000018, -0.9049999999998528], [98.5150000000018, -0.8849999999998532], [98.5050000000018, -0.8849999999998532], [98.5050000000018, -0.8749999999998535], [98.4950000000018, -0.8749999999998535], [98.4950000000018, -0.894999999999853], [98.48500000000179, -0.894999999999853], [98.48500000000179, -0.9149999999998526], [98.47500000000178, -0.9149999999998526], [98.47500000000178, -0.9549999999998517], [98.46500000000178, -0.9549999999998517], [98.46500000000178, -1.0049999999998507], [98.45500000000177, -1.0049999999998507]], [[98.44500000000177, -1.0549999999998496], [98.44500000000177, -1.0649999999998494], [98.45500000000177, -1.0649999999998494], [98.45500000000177, -1.0549999999998496], [98.44500000000177, -1.0549999999998496]]], [[[99.72500000000242, -0.8249999999998545], [99.72500000000242, -0.8349999999998543], [99.73500000000243, -0.8349999999998543], [99.73500000000243, -0.8549999999998539], [99.70500000000241, -0.8549999999998539], [99.70500000000241, -0.8649999999998537], [99.69500000000241, -0.8649999999998537], [99.69500000000241, -0.8249999999998545], [99.6850000000024, -0.8249999999998545], [99.6850000000024, -0.7949999999998552], [99.69500000000241, -0.7949999999998552], [99.69500000000241, -0.8049999999998549], [99.70500000000241, -0.8049999999998549], [99.70500000000241, -0.8149999999998547], [99.71500000000242, -0.8149999999998547], [99.71500000000242, -0.8249999999998545], [99.72500000000242, -0.8249999999998545]]], [[[99.38500000000225, -0.6949999999998573], [99.39500000000226, -0.6949999999998573], [99.39500000000226, -0.7149999999998569], [99.40500000000226, -0.7149999999998569], [99.40500000000226, -0.7349999999998564], [99.41500000000227, -0.7349999999998564], [99.41500000000227, -0.7849999999998554], [99.42500000000227, -0.7849999999998554], [99.42500000000227, -0.8249999999998545], [99.43500000000228, -0.8249999999998545], [99.43500000000228, -0.8649999999998537], [99.44500000000228, -0.8649999999998537], [99.44500000000228, -0.894999999999853], [99.45500000000229, -0.894999999999853], [99.45500000000229, -0.9149999999998526], [99.46500000000229, -0.9149999999998526], [99.46500000000229, -0.9349999999998522], [99.4750000000023, -0.9349999999998522], [99.4750000000023, -0.944999999999852], [99.4850000000023, -0.944999999999852], [99.4850000000023, -0.9549999999998517], [99.4950000000023, -0.9549999999998517], [99.4950000000023, -0.9649999999998515], [99.52500000000232, -0.9649999999998515], [99.52500000000232, -0.9849999999998511], [99.4950000000023, -0.9849999999998511], [99.4950000000023, -0.9949999999998509], [99.4750000000023, -0.9949999999998509], [99.4750000000023, -0.9849999999998511], [99.41500000000227, -0.9849999999998511], [99.41500000000227, -0.9749999999998513], [99.38500000000225, -0.9749999999998513], [99.38500000000225, -0.9649999999998515], [99.36500000000224, -0.9649999999998515], [99.36500000000224, -0.9549999999998517], [99.34500000000223, -0.9549999999998517], [99.34500000000223, -0.944999999999852], [99.33500000000222, -0.944999999999852], [99.33500000000222, -0.9349999999998522], [99.32500000000222, -0.9349999999998522], [99.32500000000222, -0.9149999999998526], [99.31500000000221, -0.9149999999998526], [99.31500000000221, -0.8849999999998532], [99.30500000000221, -0.8849999999998532], [99.30500000000221, -0.8449999999998541], [99.2950000000022, -0.8449999999998541], [99.2950000000022, -0.7649999999998558], [99.30500000000221, -0.7649999999998558], [99.30500000000221, -0.7449999999998562], [99.31500000000221, -0.7449999999998562], [99.31500000000221, -0.7349999999998564], [99.30500000000221, -0.7349999999998564], [99.30500000000221, -0.6949999999998573], [99.31500000000221, -0.6949999999998573], [99.31500000000221, -0.6749999999998577], [99.32500000000222, -0.6749999999998577], [99.32500000000222, -0.6549999999998581], [99.35500000000224, -0.6549999999998581], [99.35500000000224, -0.6649999999998579], [99.36500000000224, -0.6649999999998579], [99.36500000000224, -0.6749999999998577], [99.37500000000225, -0.6749999999998577], [99.37500000000225, -0.6849999999998575], [99.38500000000225, -0.6849999999998575], [99.38500000000225, -0.6949999999998573]]], [[[99.82500000000248, -0.6449999999998584], [99.84500000000249, -0.6449999999998584], [99.84500000000249, -0.6549999999998581], [99.85500000000249, -0.6549999999998581], [99.85500000000249, -0.6649999999998579], [99.8650000000025, -0.6649999999998579], [99.8650000000025, -0.6749999999998577], [99.84500000000249, -0.6749999999998577], [99.84500000000249, -0.6649999999998579], [99.80500000000247, -0.6649999999998579], [99.80500000000247, -0.6549999999998581], [99.73500000000243, -0.6549999999998581], [99.73500000000243, -0.6649999999998579], [99.71500000000242, -0.6649999999998579], [99.71500000000242, -0.6749999999998577], [99.70500000000241, -0.6749999999998577], [99.70500000000241, -0.6849999999998575], [99.69500000000241, -0.6849999999998575], [99.69500000000241, -0.6949999999998573], [99.6850000000024, -0.6949999999998573], [99.6850000000024, -0.7049999999998571], [99.6750000000024, -0.7049999999998571], [99.6750000000024, -0.6949999999998573], [99.6650000000024, -0.6949999999998573], [99.6650000000024, -0.6549999999998581], [99.65500000000239, -0.6549999999998581], [99.65500000000239, -0.614999999999859], [99.70500000000241, -0.614999999999859], [99.70500000000241, -0.6049999999998592], [99.76500000000244, -0.6049999999998592], [99.76500000000244, -0.614999999999859], [99.78500000000246, -0.614999999999859], [99.78500000000246, -0.6249999999998588], [99.80500000000247, -0.6249999999998588], [99.80500000000247, -0.6349999999998586], [99.82500000000248, -0.6349999999998586], [99.82500000000248, -0.6449999999998584]]], [[[99.54500000000233, 0.5850000000001154], [99.54500000000233, 0.4750000000001178], [99.55500000000234, 0.4750000000001178], [99.55500000000234, 0.42500000000011884], [99.56500000000234, 0.42500000000011884], [99.56500000000234, 0.3850000000001197], [99.57500000000235, 0.3850000000001197], [99.57500000000235, 0.35500000000012033], [99.58500000000235, 0.35500000000012033], [99.58500000000235, 0.32500000000012097], [99.59500000000236, 0.32500000000012097], [99.59500000000236, 0.2950000000001216], [99.60500000000236, 0.2950000000001216], [99.60500000000236, 0.25500000000012246], [99.59500000000236, 0.25500000000012246], [99.59500000000236, 0.24500000000012268], [99.58500000000235, 0.24500000000012268], [99.58500000000235, 0.2350000000001229], [99.57500000000235, 0.2350000000001229], [99.57500000000235, 0.2250000000001231], [99.55500000000234, 0.2250000000001231], [99.55500000000234, 0.21500000000012331], [99.53500000000233, 0.21500000000012331], [99.53500000000233, 0.20500000000012353], [99.51500000000232, 0.20500000000012353], [99.51500000000232, 0.19500000000012374], [99.4850000000023, 0.19500000000012374], [99.4850000000023, 0.20500000000012353], [99.4750000000023, 0.20500000000012353], [99.4750000000023, 0.21500000000012331], [99.45500000000229, 0.21500000000012331], [99.45500000000229, 0.2250000000001231], [99.44500000000228, 0.2250000000001231], [99.44500000000228, 0.2350000000001229], [99.43500000000228, 0.2350000000001229], [99.43500000000228, 0.24500000000012268], [99.42500000000227, 0.24500000000012268], [99.42500000000227, 0.26500000000012225], [99.41500000000227, 0.26500000000012225], [99.41500000000227, 0.27500000000012204], [99.40500000000226, 0.27500000000012204], [99.40500000000226, 0.2950000000001216], [99.39500000000226, 0.2950000000001216], [99.39500000000226, 0.3050000000001214], [99.38500000000225, 0.3050000000001214], [99.38500000000225, 0.3150000000001212], [99.37500000000225, 0.3150000000001212], [99.37500000000225, 0.32500000000012097], [99.35500000000224, 0.32500000000012097], [99.35500000000224, 0.33500000000012076], [99.34500000000223, 0.33500000000012076], [99.34500000000223, 0.34500000000012054], [99.35500000000224, 0.34500000000012054], [99.35500000000224, 0.3650000000001201], [99.36500000000224, 0.3650000000001201], [99.36500000000224, 0.3850000000001197], [99.37500000000225, 0.3850000000001197], [99.37500000000225, 0.3950000000001195], [99.38500000000225, 0.3950000000001195], [99.38500000000225, 0.40500000000011926], [99.39500000000226, 0.40500000000011926], [99.39500000000226, 0.41500000000011905], [99.40500000000226, 0.41500000000011905], [99.40500000000226, 0.42500000000011884], [99.41500000000227, 0.42500000000011884], [99.41500000000227, 0.4350000000001186], [99.42500000000227, 0.4350000000001186], [99.42500000000227, 0.4450000000001184], [99.44500000000228, 0.4450000000001184], [99.44500000000228, 0.4550000000001182], [99.46500000000229, 0.4550000000001182], [99.46500000000229, 0.5050000000001171], [99.4750000000023, 0.5050000000001171], [99.4750000000023, 0.6150000000001148], [99.4950000000023, 0.6150000000001148], [99.4950000000023, 0.605000000000115], [99.51500000000232, 0.605000000000115], [99.51500000000232, 0.5950000000001152], [99.53500000000233, 0.5950000000001152], [99.53500000000233, 0.5850000000001154], [99.54500000000233, 0.5850000000001154]]], [[[97.76500000000142, 0.7550000000001118], [97.75500000000142, 0.7550000000001118], [97.75500000000142, 0.745000000000112], [97.74500000000141, 0.745000000000112], [97.74500000000141, 0.7550000000001118], [97.7350000000014, 0.7550000000001118], [97.7350000000014, 0.7750000000001114], [97.7250000000014, 0.7750000000001114], [97.7250000000014, 0.8450000000001099], [97.7350000000014, 0.8450000000001099], [97.7350000000014, 0.8650000000001095], [97.74500000000141, 0.8650000000001095], [97.74500000000141, 0.8750000000001092], [97.75500000000142, 0.8750000000001092], [97.75500000000142, 0.8550000000001097], [97.76500000000142, 0.8550000000001097], [97.76500000000142, 0.8250000000001103], [97.77500000000143, 0.8250000000001103], [97.77500000000143, 0.7750000000001114], [97.76500000000142, 0.7750000000001114], [97.76500000000142, 0.7550000000001118]]], [[[99.55500000000234, 1.8350000000000888], [99.56500000000234, 1.8350000000000888], [99.56500000000234, 1.825000000000089], [99.57500000000235, 1.825000000000089], [99.57500000000235, 1.8050000000000894], [99.58500000000235, 1.8050000000000894], [99.58500000000235, 1.7850000000000898], [99.59500000000236, 1.7850000000000898], [99.59500000000236, 1.7650000000000903], [99.60500000000236, 1.7650000000000903], [99.60500000000236, 1.7450000000000907], [99.59500000000236, 1.7450000000000907], [99.59500000000236, 1.735000000000091], [99.58500000000235, 1.735000000000091], [99.58500000000235, 1.7250000000000911], [99.57500000000235, 1.7250000000000911], [99.57500000000235, 1.7150000000000913], [99.56500000000234, 1.7150000000000913], [99.56500000000234, 1.7050000000000916], [99.55500000000234, 1.7050000000000916], [99.55500000000234, 1.6950000000000918], [99.53500000000233, 1.6950000000000918], [99.53500000000233, 1.685000000000092], [99.51500000000232, 1.685000000000092], [99.51500000000232, 1.6750000000000922], [99.4750000000023, 1.6750000000000922], [99.4750000000023, 1.6650000000000924], [99.43500000000228, 1.6650000000000924], [99.43500000000228, 1.6550000000000926], [99.40500000000226, 1.6550000000000926], [99.40500000000226, 1.6450000000000928], [99.38500000000225, 1.6450000000000928], [99.38500000000225, 1.635000000000093], [99.37500000000225, 1.635000000000093], [99.37500000000225, 1.6250000000000933], [99.36500000000224, 1.6250000000000933], [99.36500000000224, 1.6150000000000935], [99.35500000000224, 1.6150000000000935], [99.35500000000224, 1.595000000000094], [99.34500000000223, 1.595000000000094], [99.34500000000223, 1.6050000000000937], [99.33500000000222, 1.6050000000000937], [99.33500000000222, 1.6250000000000933], [99.32500000000222, 1.6250000000000933], [99.32500000000222, 1.6450000000000928], [99.31500000000221, 1.6450000000000928], [99.31500000000221, 1.6550000000000926], [99.34500000000223, 1.6550000000000926], [99.34500000000223, 1.6650000000000924], [99.36500000000224, 1.6650000000000924], [99.36500000000224, 1.6750000000000922], [99.39500000000226, 1.6750000000000922], [99.39500000000226, 1.685000000000092], [99.41500000000227, 1.685000000000092], [99.41500000000227, 1.6950000000000918], [99.43500000000228, 1.6950000000000918], [99.43500000000228, 1.7050000000000916], [99.44500000000228, 1.7050000000000916], [99.44500000000228, 1.7150000000000913], [99.46500000000229, 1.7150000000000913], [99.46500000000229, 1.7250000000000911], [99.4750000000023, 1.7250000000000911], [99.4750000000023, 1.735000000000091], [99.4850000000023, 1.735000000000091], [99.4850000000023, 1.7450000000000907], [99.4950000000023, 1.7450000000000907], [99.4950000000023, 1.8050000000000894], [99.4850000000023, 1.8050000000000894], [99.4850000000023, 1.875000000000088], [99.4750000000023, 1.875000000000088], [99.4750000000023, 1.8850000000000877], [99.4850000000023, 1.8850000000000877], [99.4850000000023, 1.8950000000000875], [99.50500000000231, 1.8950000000000875], [99.50500000000231, 1.8850000000000877], [99.52500000000232, 1.8850000000000877], [99.52500000000232, 1.875000000000088], [99.54500000000233, 1.875000000000088], [99.54500000000233, 1.8550000000000884], [99.55500000000234, 1.8550000000000884], [99.55500000000234, 1.8350000000000888]]], [[[98.27500000000168, 2.25500000000008], [98.27500000000168, 2.24500000000008], [98.26500000000168, 2.24500000000008], [98.26500000000168, 2.2350000000000803], [98.23500000000166, 2.2350000000000803], [98.23500000000166, 2.24500000000008], [98.22500000000166, 2.24500000000008], [98.22500000000166, 2.3250000000000783], [98.23500000000166, 2.3250000000000783], [98.23500000000166, 2.335000000000078], [98.25500000000167, 2.335000000000078], [98.25500000000167, 2.345000000000078], [98.26500000000168, 2.345000000000078], [98.26500000000168, 2.335000000000078], [98.29500000000169, 2.335000000000078], [98.29500000000169, 2.3150000000000786], [98.28500000000169, 2.3150000000000786], [98.28500000000169, 2.25500000000008], [98.27500000000168, 2.25500000000008]]], [[[98.32500000000171, 2.5150000000000743], [98.33500000000171, 2.5150000000000743], [98.33500000000171, 2.525000000000074], [98.34500000000172, 2.525000000000074], [98.34500000000172, 2.4650000000000754], [98.35500000000172, 2.4650000000000754], [98.35500000000172, 2.4150000000000764], [98.33500000000171, 2.4150000000000764], [98.33500000000171, 2.425000000000076], [98.32500000000171, 2.425000000000076], [98.32500000000171, 2.5150000000000743]]], [[[99.12500000000212, 3.18500000000006], [99.15500000000213, 3.18500000000006], [99.15500000000213, 3.17500000000006], [99.17500000000214, 3.17500000000006], [99.17500000000214, 3.1650000000000604], [99.20500000000216, 3.1650000000000604], [99.20500000000216, 3.1550000000000606], [99.22500000000217, 3.1550000000000606], [99.22500000000217, 3.145000000000061], [99.24500000000218, 3.145000000000061], [99.24500000000218, 3.135000000000061], [99.25500000000218, 3.135000000000061], [99.25500000000218, 3.1250000000000613], [99.26500000000219, 3.1250000000000613], [99.26500000000219, 3.1150000000000615], [99.2750000000022, 3.1150000000000615], [99.2750000000022, 3.1050000000000617], [99.2850000000022, 3.1050000000000617], [99.2850000000022, 3.095000000000062], [99.30500000000221, 3.095000000000062], [99.30500000000221, 3.085000000000062], [99.31500000000221, 3.085000000000062], [99.31500000000221, 3.0750000000000624], [99.32500000000222, 3.0750000000000624], [99.32500000000222, 3.0650000000000626], [99.34500000000223, 3.0650000000000626], [99.34500000000223, 3.0550000000000628], [99.35500000000224, 3.0550000000000628], [99.35500000000224, 3.045000000000063], [99.37500000000225, 3.045000000000063], [99.37500000000225, 3.035000000000063], [99.38500000000225, 3.035000000000063], [99.38500000000225, 3.0250000000000634], [99.40500000000226, 3.0250000000000634], [99.40500000000226, 3.0150000000000636], [99.35500000000224, 3.0150000000000636], [99.35500000000224, 3.005000000000064], [99.30500000000221, 3.005000000000064], [99.30500000000221, 2.995000000000064], [99.2750000000022, 2.995000000000064], [99.2750000000022, 2.9850000000000643], [99.24500000000218, 2.9850000000000643], [99.24500000000218, 2.995000000000064], [99.22500000000217, 2.995000000000064], [99.22500000000217, 3.005000000000064], [99.21500000000216, 3.005000000000064], [99.21500000000216, 3.0150000000000636], [99.20500000000216, 3.0150000000000636], [99.20500000000216, 3.035000000000063], [99.19500000000215, 3.035000000000063], [99.19500000000215, 3.045000000000063], [99.18500000000215, 3.045000000000063], [99.18500000000215, 3.0650000000000626], [99.17500000000214, 3.0650000000000626], [99.17500000000214, 3.0750000000000624], [99.16500000000214, 3.0750000000000624], [99.16500000000214, 3.085000000000062], [99.15500000000213, 3.085000000000062], [99.15500000000213, 3.095000000000062], [99.14500000000213, 3.095000000000062], [99.14500000000213, 3.1150000000000615], [99.13500000000212, 3.1150000000000615], [99.13500000000212, 3.1250000000000613], [99.12500000000212, 3.1250000000000613], [99.12500000000212, 3.135000000000061], [99.11500000000211, 3.135000000000061], [99.11500000000211, 3.145000000000061], [99.10500000000211, 3.145000000000061], [99.10500000000211, 3.1550000000000606], [99.0950000000021, 3.1550000000000606], [99.0950000000021, 3.1650000000000604], [99.07500000000209, 3.1650000000000604], [99.07500000000209, 3.17500000000006], [99.06500000000209, 3.17500000000006], [99.06500000000209, 3.18500000000006], [99.05500000000208, 3.18500000000006], [99.05500000000208, 3.19500000000006], [99.04500000000208, 3.19500000000006], [99.04500000000208, 3.2050000000000596], [99.02500000000207, 3.2050000000000596], [99.02500000000207, 3.2150000000000594], [99.01500000000206, 3.2150000000000594], [99.01500000000206, 3.225000000000059], [99.03500000000207, 3.225000000000059], [99.03500000000207, 3.2150000000000594], [99.06500000000209, 3.2150000000000594], [99.06500000000209, 3.2050000000000596], [99.0950000000021, 3.2050000000000596], [99.0950000000021, 3.19500000000006], [99.12500000000212, 3.19500000000006], [99.12500000000212, 3.18500000000006]]], [[[98.895000000002, 3.4550000000000542], [98.895000000002, 3.4050000000000553], [98.885000000002, 3.4050000000000553], [98.885000000002, 3.3950000000000555], [98.87500000000199, 3.3950000000000555], [98.87500000000199, 3.4050000000000553], [98.85500000000198, 3.4050000000000553], [98.85500000000198, 3.415000000000055], [98.83500000000197, 3.415000000000055], [98.83500000000197, 3.425000000000055], [98.81500000000196, 3.425000000000055], [98.81500000000196, 3.4350000000000547], [98.79500000000195, 3.4350000000000547], [98.79500000000195, 3.4450000000000545], [98.80500000000195, 3.4450000000000545], [98.80500000000195, 3.4550000000000542], [98.81500000000196, 3.4550000000000542], [98.81500000000196, 3.475000000000054], [98.82500000000196, 3.475000000000054], [98.82500000000196, 3.4950000000000534], [98.83500000000197, 3.4950000000000534], [98.83500000000197, 3.515000000000053], [98.82500000000196, 3.515000000000053], [98.82500000000196, 3.5350000000000525], [98.885000000002, 3.5350000000000525], [98.885000000002, 3.5250000000000528], [98.895000000002, 3.5250000000000528], [98.895000000002, 3.505000000000053], [98.905000000002, 3.505000000000053], [98.905000000002, 3.4550000000000542], [98.895000000002, 3.4550000000000542]]], [[[98.14500000000162, 3.9150000000000444], [98.16500000000163, 3.9150000000000444], [98.16500000000163, 3.9050000000000447], [98.17500000000163, 3.9050000000000447], [98.17500000000163, 3.885000000000045], [98.14500000000162, 3.885000000000045], [98.14500000000162, 3.8750000000000453], [98.1250000000016, 3.8750000000000453], [98.1250000000016, 3.8650000000000455], [98.1050000000016, 3.8650000000000455], [98.1050000000016, 3.8550000000000457], [98.08500000000159, 3.8550000000000457], [98.08500000000159, 3.845000000000046], [98.07500000000158, 3.845000000000046], [98.07500000000158, 3.835000000000046], [98.05500000000157, 3.835000000000046], [98.05500000000157, 3.8250000000000464], [98.04500000000156, 3.8250000000000464], [98.04500000000156, 3.8150000000000466], [98.03500000000156, 3.8150000000000466], [98.03500000000156, 3.805000000000047], [98.02500000000155, 3.805000000000047], [98.02500000000155, 3.795000000000047], [98.01500000000155, 3.795000000000047], [98.01500000000155, 3.785000000000047], [98.00500000000154, 3.785000000000047], [98.00500000000154, 3.8150000000000466], [98.01500000000155, 3.8150000000000466], [98.01500000000155, 3.9050000000000447], [98.02500000000155, 3.9050000000000447], [98.02500000000155, 3.935000000000044], [98.03500000000156, 3.935000000000044], [98.03500000000156, 3.945000000000044], [98.04500000000156, 3.945000000000044], [98.04500000000156, 3.9550000000000436], [98.07500000000158, 3.9550000000000436], [98.07500000000158, 3.945000000000044], [98.1050000000016, 3.945000000000044], [98.1050000000016, 3.935000000000044], [98.1250000000016, 3.935000000000044], [98.1250000000016, 3.9250000000000442], [98.14500000000162, 3.9250000000000442], [98.14500000000162, 3.9150000000000444]]], [[[97.80500000000144, 4.685000000000028], [97.81500000000145, 4.685000000000028], [97.81500000000145, 4.655000000000029], [97.82500000000145, 4.655000000000029], [97.82500000000145, 4.635000000000029], [97.83500000000146, 4.635000000000029], [97.83500000000146, 4.6150000000000295], [97.84500000000146, 4.6150000000000295], [97.84500000000146, 4.59500000000003], [97.85500000000147, 4.59500000000003], [97.85500000000147, 4.58500000000003], [97.86500000000147, 4.58500000000003], [97.86500000000147, 4.565000000000031], [97.87500000000148, 4.565000000000031], [97.87500000000148, 4.555000000000031], [97.88500000000148, 4.555000000000031], [97.88500000000148, 4.545000000000031], [97.89500000000149, 4.545000000000031], [97.89500000000149, 4.535000000000031], [97.9050000000015, 4.535000000000031], [97.9050000000015, 4.515000000000032], [97.88500000000148, 4.515000000000032], [97.88500000000148, 4.505000000000032], [97.86500000000147, 4.505000000000032], [97.86500000000147, 4.495000000000032], [97.85500000000147, 4.495000000000032], [97.85500000000147, 4.485000000000032], [97.83500000000146, 4.485000000000032], [97.83500000000146, 4.4750000000000325], [97.82500000000145, 4.4750000000000325], [97.82500000000145, 4.465000000000033], [97.80500000000144, 4.465000000000033], [97.80500000000144, 4.455000000000033], [97.78500000000143, 4.455000000000033], [97.78500000000143, 4.445000000000033], [97.76500000000142, 4.445000000000033], [97.76500000000142, 4.435000000000033], [97.7350000000014, 4.435000000000033], [97.7350000000014, 4.445000000000033], [97.7250000000014, 4.445000000000033], [97.7250000000014, 4.455000000000033], [97.7150000000014, 4.455000000000033], [97.7150000000014, 4.465000000000033], [97.69500000000139, 4.465000000000033], [97.69500000000139, 4.485000000000032], [97.68500000000138, 4.485000000000032], [97.68500000000138, 4.495000000000032], [97.67500000000138, 4.495000000000032], [97.67500000000138, 4.505000000000032], [97.68500000000138, 4.505000000000032], [97.68500000000138, 4.525000000000031], [97.69500000000139, 4.525000000000031], [97.69500000000139, 4.545000000000031], [97.70500000000139, 4.545000000000031], [97.70500000000139, 4.555000000000031], [97.7150000000014, 4.555000000000031], [97.7150000000014, 4.565000000000031], [97.7350000000014, 4.565000000000031], [97.7350000000014, 4.57500000000003], [97.75500000000142, 4.57500000000003], [97.75500000000142, 4.58500000000003], [97.77500000000143, 4.58500000000003], [97.77500000000143, 4.59500000000003], [97.78500000000143, 4.59500000000003], [97.78500000000143, 4.6150000000000295], [97.79500000000144, 4.6150000000000295], [97.79500000000144, 4.635000000000029], [97.80500000000144, 4.635000000000029], [97.80500000000144, 4.6650000000000285], [97.75500000000142, 4.6650000000000285], [97.75500000000142, 4.675000000000028], [97.74500000000141, 4.675000000000028], [97.74500000000141, 4.705000000000028], [97.7350000000014, 4.705000000000028], [97.7350000000014, 4.7550000000000265], [97.75500000000142, 4.7550000000000265], [97.75500000000142, 4.765000000000026], [97.77500000000143, 4.765000000000026], [97.77500000000143, 4.7550000000000265], [97.78500000000143, 4.7550000000000265], [97.78500000000143, 4.745000000000027], [97.79500000000144, 4.745000000000027], [97.79500000000144, 4.715000000000027], [97.80500000000144, 4.715000000000027], [97.80500000000144, 4.685000000000028]]], [[[97.56500000000132, 4.7550000000000265], [97.56500000000132, 4.735000000000027], [97.55500000000131, 4.735000000000027], [97.55500000000131, 4.725000000000027], [97.54500000000131, 4.725000000000027], [97.54500000000131, 4.715000000000027], [97.5350000000013, 4.715000000000027], [97.5350000000013, 4.705000000000028], [97.5250000000013, 4.705000000000028], [97.5250000000013, 4.695000000000028], [97.48500000000128, 4.695000000000028], [97.48500000000128, 4.705000000000028], [97.47500000000127, 4.705000000000028], [97.47500000000127, 4.715000000000027], [97.46500000000127, 4.715000000000027], [97.46500000000127, 4.725000000000027], [97.47500000000127, 4.725000000000027], [97.47500000000127, 4.735000000000027], [97.48500000000128, 4.735000000000027], [97.48500000000128, 4.7550000000000265], [97.49500000000128, 4.7550000000000265], [97.49500000000128, 4.785000000000026], [97.50500000000129, 4.785000000000026], [97.50500000000129, 4.795000000000026], [97.5250000000013, 4.795000000000026], [97.5250000000013, 4.785000000000026], [97.58500000000133, 4.785000000000026], [97.58500000000133, 4.775000000000026], [97.57500000000132, 4.775000000000026], [97.57500000000132, 4.7550000000000265], [97.56500000000132, 4.7550000000000265]]], [[[97.07500000000107, 4.985000000000022], [97.03500000000105, 4.985000000000022], [97.03500000000105, 4.975000000000022], [96.99500000000103, 4.975000000000022], [96.99500000000103, 4.985000000000022], [96.97500000000102, 4.985000000000022], [96.97500000000102, 4.995000000000021], [96.945000000001, 4.995000000000021], [96.945000000001, 5.005000000000021], [96.95500000000101, 5.005000000000021], [96.95500000000101, 5.015000000000021], [96.97500000000102, 5.015000000000021], [96.97500000000102, 5.025000000000021], [97.02500000000104, 5.025000000000021], [97.02500000000104, 5.015000000000021], [97.06500000000106, 5.015000000000021], [97.06500000000106, 5.005000000000021], [97.08500000000107, 5.005000000000021], [97.08500000000107, 4.995000000000021], [97.07500000000107, 4.995000000000021], [97.07500000000107, 4.985000000000022]]], [[[99.81500000000247, 5.465000000000011], [99.80500000000247, 5.465000000000011], [99.80500000000247, 5.455000000000012], [99.77500000000245, 5.455000000000012], [99.77500000000245, 5.445000000000012], [99.74500000000243, 5.445000000000012], [99.74500000000243, 5.455000000000012], [99.73500000000243, 5.455000000000012], [99.73500000000243, 5.465000000000011], [99.72500000000242, 5.465000000000011], [99.72500000000242, 5.475000000000011], [99.71500000000242, 5.475000000000011], [99.71500000000242, 5.485000000000011], [99.70500000000241, 5.485000000000011], [99.70500000000241, 5.5050000000000106], [99.71500000000242, 5.5050000000000106], [99.71500000000242, 5.51500000000001], [99.73500000000243, 5.51500000000001], [99.73500000000243, 5.52500000000001], [99.77500000000245, 5.52500000000001], [99.77500000000245, 5.53500000000001], [99.82500000000248, 5.53500000000001], [99.82500000000248, 5.51500000000001], [99.83500000000248, 5.51500000000001], [99.83500000000248, 5.495000000000011], [99.82500000000248, 5.495000000000011], [99.82500000000248, 5.475000000000011], [99.81500000000247, 5.475000000000011], [99.81500000000247, 5.465000000000011]]], [[[105.56500000000541, -5.184999999999762], [105.56500000000541, -5.194999999999761], [105.57500000000542, -5.194999999999761], [105.57500000000542, -5.204999999999761], [105.58500000000542, -5.204999999999761], [105.58500000000542, -5.214999999999761], [105.59500000000543, -5.214999999999761], [105.59500000000543, -5.224999999999761], [105.60500000000543, -5.224999999999761], [105.60500000000543, -5.2349999999997605], [105.61500000000544, -5.2349999999997605], [105.61500000000544, -5.26499999999976], [105.60500000000543, -5.26499999999976], [105.60500000000543, -5.27499999999976], [105.59500000000543, -5.27499999999976], [105.59500000000543, -5.2849999999997594], [105.58500000000542, -5.2849999999997594], [105.58500000000542, -5.294999999999759], [105.57500000000542, -5.294999999999759], [105.57500000000542, -5.304999999999759], [105.5550000000054, -5.304999999999759], [105.5550000000054, -5.314999999999759], [105.5450000000054, -5.314999999999759], [105.5450000000054, -5.324999999999759], [105.52500000000539, -5.324999999999759], [105.52500000000539, -5.334999999999758], [105.48500000000537, -5.334999999999758], [105.48500000000537, -5.324999999999759], [105.46500000000536, -5.324999999999759], [105.46500000000536, -5.314999999999759], [105.44500000000535, -5.314999999999759], [105.44500000000535, -5.304999999999759], [105.42500000000534, -5.304999999999759], [105.42500000000534, -5.294999999999759], [105.41500000000534, -5.294999999999759], [105.41500000000534, -5.2849999999997594], [105.39500000000533, -5.2849999999997594], [105.39500000000533, -5.27499999999976], [105.38500000000532, -5.27499999999976], [105.38500000000532, -5.26499999999976], [105.36500000000531, -5.26499999999976], [105.36500000000531, -5.25499999999976], [105.3550000000053, -5.25499999999976], [105.3550000000053, -5.24499999999976], [105.36500000000531, -5.24499999999976], [105.36500000000531, -5.2349999999997605], [105.37500000000531, -5.2349999999997605], [105.37500000000531, -5.224999999999761], [105.38500000000532, -5.224999999999761], [105.38500000000532, -5.214999999999761], [105.39500000000533, -5.214999999999761], [105.39500000000533, -5.204999999999761], [105.40500000000533, -5.204999999999761], [105.40500000000533, -5.194999999999761], [105.41500000000534, -5.194999999999761], [105.41500000000534, -5.184999999999762], [105.43500000000535, -5.184999999999762], [105.43500000000535, -5.174999999999762], [105.45500000000536, -5.174999999999762], [105.45500000000536, -5.164999999999762], [105.47500000000537, -5.164999999999762], [105.47500000000537, -5.154999999999762], [105.51500000000539, -5.154999999999762], [105.51500000000539, -5.164999999999762], [105.5350000000054, -5.164999999999762], [105.5350000000054, -5.174999999999762], [105.5450000000054, -5.174999999999762], [105.5450000000054, -5.184999999999762], [105.56500000000541, -5.184999999999762]]], [[[106.04500000000566, -4.844999999999769], [106.05500000000566, -4.844999999999769], [106.05500000000566, -4.874999999999768], [106.06500000000567, -4.874999999999768], [106.06500000000567, -4.914999999999767], [106.07500000000567, -4.914999999999767], [106.07500000000567, -4.974999999999766], [106.08500000000568, -4.974999999999766], [106.08500000000568, -5.034999999999765], [106.09500000000568, -5.034999999999765], [106.09500000000568, -5.0949999999997635], [106.10500000000569, -5.0949999999997635], [106.10500000000569, -5.144999999999762], [106.1150000000057, -5.144999999999762], [106.1150000000057, -5.194999999999761], [106.1250000000057, -5.194999999999761], [106.1250000000057, -5.24499999999976], [106.1350000000057, -5.24499999999976], [106.1350000000057, -5.25499999999976], [106.1250000000057, -5.25499999999976], [106.1250000000057, -5.304999999999759], [106.1150000000057, -5.304999999999759], [106.1150000000057, -5.344999999999758], [106.10500000000569, -5.344999999999758], [106.10500000000569, -5.3749999999997575], [106.09500000000568, -5.3749999999997575], [106.09500000000568, -5.414999999999757], [106.08500000000568, -5.414999999999757], [106.08500000000568, -5.444999999999756], [106.07500000000567, -5.444999999999756], [106.07500000000567, -5.474999999999755], [106.06500000000567, -5.474999999999755], [106.06500000000567, -5.494999999999755], [106.05500000000566, -5.494999999999755], [106.05500000000566, -5.5149999999997545], [106.04500000000566, -5.5149999999997545], [106.04500000000566, -5.534999999999754], [106.03500000000565, -5.534999999999754], [106.03500000000565, -5.544999999999754], [106.02500000000565, -5.544999999999754], [106.02500000000565, -5.554999999999754], [106.01500000000564, -5.554999999999754], [106.01500000000564, -5.574999999999753], [105.99500000000563, -5.574999999999753], [105.99500000000563, -5.5649999999997535], [105.98500000000563, -5.5649999999997535], [105.98500000000563, -5.554999999999754], [105.97500000000562, -5.554999999999754], [105.97500000000562, -5.534999999999754], [105.96500000000562, -5.534999999999754], [105.96500000000562, -5.5149999999997545], [105.95500000000561, -5.5149999999997545], [105.95500000000561, -5.494999999999755], [105.9450000000056, -5.494999999999755], [105.9450000000056, -5.464999999999756], [105.9350000000056, -5.464999999999756], [105.9350000000056, -5.444999999999756], [105.9250000000056, -5.444999999999756], [105.9250000000056, -5.414999999999757], [105.91500000000559, -5.414999999999757], [105.91500000000559, -5.054999999999764], [105.90500000000559, -5.054999999999764], [105.90500000000559, -4.994999999999766], [105.89500000000558, -4.994999999999766], [105.89500000000558, -4.974999999999766], [105.88500000000558, -4.974999999999766], [105.88500000000558, -4.944999999999767], [105.87500000000557, -4.944999999999767], [105.87500000000557, -4.934999999999767], [105.88500000000558, -4.934999999999767], [105.88500000000558, -4.914999999999767], [105.89500000000558, -4.914999999999767], [105.89500000000558, -4.894999999999768], [105.90500000000559, -4.894999999999768], [105.90500000000559, -4.884999999999768], [105.91500000000559, -4.884999999999768], [105.91500000000559, -4.864999999999768], [105.9250000000056, -4.864999999999768], [105.9250000000056, -4.854999999999769], [105.9350000000056, -4.854999999999769], [105.9350000000056, -4.834999999999769], [105.9450000000056, -4.834999999999769], [105.9450000000056, -4.824999999999769], [105.95500000000561, -4.824999999999769], [105.95500000000561, -4.8149999999997695], [105.96500000000562, -4.8149999999997695], [105.96500000000562, -4.79499999999977], [105.97500000000562, -4.79499999999977], [105.97500000000562, -4.78499999999977], [105.98500000000563, -4.78499999999977], [105.98500000000563, -4.77499999999977], [106.01500000000564, -4.77499999999977], [106.01500000000564, -4.78499999999977], [106.02500000000565, -4.78499999999977], [106.02500000000565, -4.80499999999977], [106.03500000000565, -4.80499999999977], [106.03500000000565, -4.824999999999769], [106.04500000000566, -4.824999999999769], [106.04500000000566, -4.844999999999769]]], [[[103.05500000000413, -4.694999999999772], [103.06500000000413, -4.694999999999772], [103.06500000000413, -4.704999999999772], [103.07500000000414, -4.704999999999772], [103.07500000000414, -4.724999999999771], [103.08500000000414, -4.724999999999771], [103.08500000000414, -4.79499999999977], [103.07500000000414, -4.79499999999977], [103.07500000000414, -4.824999999999769], [103.06500000000413, -4.824999999999769], [103.06500000000413, -4.844999999999769], [103.05500000000413, -4.844999999999769], [103.05500000000413, -4.864999999999768], [103.04500000000412, -4.864999999999768], [103.04500000000412, -4.874999999999768], [103.03500000000412, -4.874999999999768], [103.03500000000412, -4.884999999999768], [103.02500000000411, -4.884999999999768], [103.02500000000411, -4.894999999999768], [103.01500000000411, -4.894999999999768], [103.01500000000411, -4.9049999999997675], [102.9950000000041, -4.9049999999997675], [102.9950000000041, -4.894999999999768], [102.98500000000409, -4.894999999999768], [102.98500000000409, -4.884999999999768], [102.97500000000409, -4.884999999999768], [102.97500000000409, -4.874999999999768], [102.96500000000408, -4.874999999999768], [102.96500000000408, -4.854999999999769], [102.95500000000408, -4.854999999999769], [102.95500000000408, -4.834999999999769], [102.94500000000407, -4.834999999999769], [102.94500000000407, -4.824999999999769], [102.93500000000407, -4.824999999999769], [102.93500000000407, -4.80499999999977], [102.92500000000406, -4.80499999999977], [102.92500000000406, -4.78499999999977], [102.91500000000406, -4.78499999999977], [102.91500000000406, -4.754999999999771], [102.90500000000405, -4.754999999999771], [102.90500000000405, -4.744999999999771], [102.91500000000406, -4.744999999999771], [102.91500000000406, -4.724999999999771], [102.92500000000406, -4.724999999999771], [102.92500000000406, -4.704999999999772], [102.93500000000407, -4.704999999999772], [102.93500000000407, -4.694999999999772], [102.94500000000407, -4.694999999999772], [102.94500000000407, -4.684999999999772], [102.95500000000408, -4.684999999999772], [102.95500000000408, -4.6749999999997724], [102.96500000000408, -4.6749999999997724], [102.96500000000408, -4.664999999999773], [102.97500000000409, -4.664999999999773], [102.97500000000409, -4.654999999999773], [102.9950000000041, -4.654999999999773], [102.9950000000041, -4.644999999999773], [103.01500000000411, -4.644999999999773], [103.01500000000411, -4.654999999999773], [103.02500000000411, -4.654999999999773], [103.02500000000411, -4.664999999999773], [103.04500000000412, -4.664999999999773], [103.04500000000412, -4.6749999999997724], [103.05500000000413, -4.6749999999997724], [103.05500000000413, -4.694999999999772]]], [[[103.5850000000044, -4.494999999999776], [103.5850000000044, -4.504999999999776], [103.5950000000044, -4.504999999999776], [103.5950000000044, -4.514999999999776], [103.60500000000441, -4.514999999999776], [103.60500000000441, -4.524999999999776], [103.5950000000044, -4.524999999999776], [103.5950000000044, -4.534999999999775], [103.5850000000044, -4.534999999999775], [103.5850000000044, -4.544999999999775], [103.5750000000044, -4.544999999999775], [103.5750000000044, -4.554999999999775], [103.55500000000438, -4.554999999999775], [103.55500000000438, -4.564999999999775], [103.54500000000438, -4.564999999999775], [103.54500000000438, -4.574999999999775], [103.53500000000437, -4.574999999999775], [103.53500000000437, -4.584999999999774], [103.52500000000437, -4.584999999999774], [103.52500000000437, -4.594999999999774], [103.51500000000436, -4.594999999999774], [103.51500000000436, -4.604999999999774], [103.48500000000435, -4.604999999999774], [103.48500000000435, -4.594999999999774], [103.47500000000434, -4.594999999999774], [103.47500000000434, -4.584999999999774], [103.46500000000434, -4.584999999999774], [103.46500000000434, -4.574999999999775], [103.45500000000433, -4.574999999999775], [103.45500000000433, -4.564999999999775], [103.44500000000433, -4.564999999999775], [103.44500000000433, -4.554999999999775], [103.43500000000432, -4.554999999999775], [103.43500000000432, -4.544999999999775], [103.41500000000431, -4.544999999999775], [103.41500000000431, -4.534999999999775], [103.4050000000043, -4.534999999999775], [103.4050000000043, -4.524999999999776], [103.3950000000043, -4.524999999999776], [103.3950000000043, -4.514999999999776], [103.3850000000043, -4.514999999999776], [103.3850000000043, -4.494999999999776], [103.3950000000043, -4.494999999999776], [103.3950000000043, -4.4849999999997765], [103.41500000000431, -4.4849999999997765], [103.41500000000431, -4.474999999999777], [103.44500000000433, -4.474999999999777], [103.44500000000433, -4.464999999999777], [103.47500000000434, -4.464999999999777], [103.47500000000434, -4.454999999999777], [103.52500000000437, -4.454999999999777], [103.52500000000437, -4.464999999999777], [103.55500000000438, -4.464999999999777], [103.55500000000438, -4.474999999999777], [103.5750000000044, -4.474999999999777], [103.5750000000044, -4.494999999999776], [103.5850000000044, -4.494999999999776]]], [[[103.24500000000423, -4.244999999999782], [103.26500000000424, -4.244999999999782], [103.26500000000424, -4.264999999999781], [103.24500000000423, -4.264999999999781], [103.24500000000423, -4.244999999999782]]], [[[102.05500000000362, -4.264999999999781], [102.04500000000361, -4.264999999999781], [102.04500000000361, -4.274999999999781], [102.0350000000036, -4.274999999999781], [102.0350000000036, -4.284999999999781], [102.0250000000036, -4.284999999999781], [102.0250000000036, -4.2949999999997805], [102.0150000000036, -4.2949999999997805], [102.0150000000036, -4.30499999999978], [101.98500000000358, -4.30499999999978], [101.98500000000358, -4.2949999999997805], [101.96500000000357, -4.2949999999997805], [101.96500000000357, -4.284999999999781], [101.94500000000356, -4.284999999999781], [101.94500000000356, -4.274999999999781], [101.92500000000355, -4.274999999999781], [101.92500000000355, -4.264999999999781], [101.91500000000354, -4.264999999999781], [101.91500000000354, -4.254999999999781], [101.90500000000354, -4.254999999999781], [101.90500000000354, -4.234999999999782], [101.91500000000354, -4.234999999999782], [101.91500000000354, -4.214999999999782], [101.92500000000355, -4.214999999999782], [101.92500000000355, -4.2049999999997825], [101.94500000000356, -4.2049999999997825], [101.94500000000356, -4.194999999999783], [101.96500000000357, -4.194999999999783], [101.96500000000357, -4.184999999999783], [102.0250000000036, -4.184999999999783], [102.0250000000036, -4.194999999999783], [102.0350000000036, -4.194999999999783], [102.0350000000036, -4.2049999999997825], [102.04500000000361, -4.2049999999997825], [102.04500000000361, -4.224999999999782], [102.05500000000362, -4.224999999999782], [102.05500000000362, -4.264999999999781]]], [[[101.19500000000318, -4.164999999999783], [101.19500000000318, -4.174999999999783], [101.17500000000317, -4.174999999999783], [101.17500000000317, -4.184999999999783], [101.15500000000316, -4.184999999999783], [101.15500000000316, -4.194999999999783], [101.10500000000313, -4.194999999999783], [101.10500000000313, -4.2049999999997825], [100.96500000000306, -4.2049999999997825], [100.96500000000306, -4.194999999999783], [100.93500000000304, -4.194999999999783], [100.93500000000304, -4.184999999999783], [100.92500000000304, -4.184999999999783], [100.92500000000304, -4.174999999999783], [100.90500000000303, -4.174999999999783], [100.90500000000303, -4.164999999999783], [100.97500000000306, -4.164999999999783], [100.97500000000306, -4.1549999999997835], [101.0450000000031, -4.1549999999997835], [101.0450000000031, -4.144999999999784], [101.09500000000313, -4.144999999999784], [101.09500000000313, -4.134999999999784], [101.14500000000315, -4.134999999999784], [101.14500000000315, -4.124999999999784], [101.19500000000318, -4.124999999999784], [101.19500000000318, -4.114999999999784], [101.22500000000319, -4.114999999999784], [101.22500000000319, -4.134999999999784], [101.21500000000319, -4.134999999999784], [101.21500000000319, -4.1549999999997835], [101.20500000000318, -4.1549999999997835], [101.20500000000318, -4.164999999999783], [101.19500000000318, -4.164999999999783]]], [[[101.35500000000326, -4.114999999999784], [101.32500000000324, -4.114999999999784], [101.32500000000324, -4.104999999999785], [101.30500000000323, -4.104999999999785], [101.30500000000323, -4.094999999999785], [101.31500000000324, -4.094999999999785], [101.31500000000324, -4.084999999999785], [101.35500000000326, -4.084999999999785], [101.35500000000326, -4.074999999999785], [101.38500000000327, -4.074999999999785], [101.38500000000327, -4.104999999999785], [101.37500000000327, -4.104999999999785], [101.37500000000327, -4.114999999999784], [101.36500000000326, -4.114999999999784], [101.36500000000326, -4.124999999999784], [101.35500000000326, -4.124999999999784], [101.35500000000326, -4.114999999999784]]], [[[101.38500000000327, -4.074999999999785], [101.38500000000327, -4.0649999999997855], [101.39500000000328, -4.0649999999997855], [101.39500000000328, -4.074999999999785], [101.38500000000327, -4.074999999999785]]], [[[102.2250000000037, -3.9149999999997886], [102.2250000000037, -3.9249999999997884], [102.25500000000372, -3.9249999999997884], [102.25500000000372, -3.9349999999997882], [102.27500000000373, -3.9349999999997882], [102.27500000000373, -3.944999999999788], [102.29500000000374, -3.944999999999788], [102.29500000000374, -3.954999999999788], [102.31500000000375, -3.954999999999788], [102.31500000000375, -3.9649999999997876], [102.32500000000375, -3.9649999999997876], [102.32500000000375, -3.9749999999997874], [102.34500000000376, -3.9749999999997874], [102.34500000000376, -3.984999999999787], [102.35500000000377, -3.984999999999787], [102.35500000000377, -4.0149999999997865], [102.34500000000376, -4.0149999999997865], [102.34500000000376, -4.044999999999786], [102.33500000000376, -4.044999999999786], [102.33500000000376, -4.0649999999997855], [102.32500000000375, -4.0649999999997855], [102.32500000000375, -4.074999999999785], [102.31500000000375, -4.074999999999785], [102.31500000000375, -4.094999999999785], [102.30500000000374, -4.094999999999785], [102.30500000000374, -4.104999999999785], [102.29500000000374, -4.104999999999785], [102.29500000000374, -4.114999999999784], [102.28500000000373, -4.114999999999784], [102.28500000000373, -4.124999999999784], [102.26500000000372, -4.124999999999784], [102.26500000000372, -4.134999999999784], [102.19500000000369, -4.134999999999784], [102.19500000000369, -4.124999999999784], [102.15500000000367, -4.124999999999784], [102.15500000000367, -4.114999999999784], [102.13500000000366, -4.114999999999784], [102.13500000000366, -4.104999999999785], [102.12500000000365, -4.104999999999785], [102.12500000000365, -4.084999999999785], [102.11500000000365, -4.084999999999785], [102.11500000000365, -4.0649999999997855], [102.10500000000364, -4.0649999999997855], [102.10500000000364, -4.004999999999787], [102.09500000000364, -4.004999999999787], [102.09500000000364, -3.9649999999997876], [102.08500000000363, -3.9649999999997876], [102.08500000000363, -3.944999999999788], [102.07500000000363, -3.944999999999788], [102.07500000000363, -3.9249999999997884], [102.06500000000362, -3.9249999999997884], [102.06500000000362, -3.9149999999997886], [102.05500000000362, -3.9149999999997886], [102.05500000000362, -3.904999999999789], [102.04500000000361, -3.904999999999789], [102.04500000000361, -3.894999999999789], [102.06500000000362, -3.894999999999789], [102.06500000000362, -3.8849999999997893], [102.10500000000364, -3.8849999999997893], [102.10500000000364, -3.894999999999789], [102.13500000000366, -3.894999999999789], [102.13500000000366, -3.904999999999789], [102.17500000000368, -3.904999999999789], [102.17500000000368, -3.9149999999997886], [102.2250000000037, -3.9149999999997886]]], [[[101.93500000000355, -3.9149999999997886], [101.91500000000354, -3.9149999999997886], [101.91500000000354, -3.9249999999997884], [101.90500000000354, -3.9249999999997884], [101.90500000000354, -3.9349999999997882], [101.89500000000353, -3.9349999999997882], [101.89500000000353, -3.944999999999788], [101.88500000000353, -3.944999999999788], [101.88500000000353, -3.954999999999788], [101.87500000000352, -3.954999999999788], [101.87500000000352, -3.9649999999997876], [101.86500000000352, -3.9649999999997876], [101.86500000000352, -3.9749999999997874], [101.85500000000351, -3.9749999999997874], [101.85500000000351, -3.994999999999787], [101.84500000000351, -3.994999999999787], [101.84500000000351, -4.024999999999786], [101.8350000000035, -4.024999999999786], [101.8350000000035, -4.0649999999997855], [101.8250000000035, -4.0649999999997855], [101.8250000000035, -4.084999999999785], [101.8150000000035, -4.084999999999785], [101.8150000000035, -4.094999999999785], [101.80500000000349, -4.094999999999785], [101.80500000000349, -4.104999999999785], [101.79500000000348, -4.104999999999785], [101.79500000000348, -4.114999999999784], [101.76500000000347, -4.114999999999784], [101.76500000000347, -4.124999999999784], [101.73500000000345, -4.124999999999784], [101.73500000000345, -4.134999999999784], [101.69500000000343, -4.134999999999784], [101.69500000000343, -4.144999999999784], [101.65500000000341, -4.144999999999784], [101.65500000000341, -4.134999999999784], [101.6450000000034, -4.134999999999784], [101.6450000000034, -4.084999999999785], [101.6350000000034, -4.084999999999785], [101.6350000000034, -4.034999999999786], [101.6250000000034, -4.034999999999786], [101.6250000000034, -3.994999999999787], [101.61500000000339, -3.994999999999787], [101.61500000000339, -3.984999999999787], [101.6250000000034, -3.984999999999787], [101.6250000000034, -3.9749999999997874], [101.6350000000034, -3.9749999999997874], [101.6350000000034, -3.9649999999997876], [101.65500000000341, -3.9649999999997876], [101.65500000000341, -3.954999999999788], [101.67500000000342, -3.954999999999788], [101.67500000000342, -3.944999999999788], [101.69500000000343, -3.944999999999788], [101.69500000000343, -3.9349999999997882], [101.71500000000344, -3.9349999999997882], [101.71500000000344, -3.9249999999997884], [101.73500000000345, -3.9249999999997884], [101.73500000000345, -3.9149999999997886], [101.76500000000347, -3.9149999999997886], [101.76500000000347, -3.904999999999789], [101.78500000000348, -3.904999999999789], [101.78500000000348, -3.894999999999789], [101.8150000000035, -3.894999999999789], [101.8150000000035, -3.8849999999997893], [101.84500000000351, -3.8849999999997893], [101.84500000000351, -3.8749999999997895], [101.87500000000352, -3.8749999999997895], [101.87500000000352, -3.8649999999997897], [101.91500000000354, -3.8649999999997897], [101.91500000000354, -3.8749999999997895], [101.92500000000355, -3.8749999999997895], [101.92500000000355, -3.8849999999997893], [101.94500000000356, -3.8849999999997893], [101.94500000000356, -3.904999999999789], [101.93500000000355, -3.904999999999789], [101.93500000000355, -3.9149999999997886]]], [[[100.81500000000298, -3.0849999999998063], [100.80500000000298, -3.0849999999998063], [100.80500000000298, -3.154999999999805], [100.79500000000297, -3.154999999999805], [100.79500000000297, -3.2149999999998036], [100.81500000000298, -3.2149999999998036], [100.81500000000298, -3.204999999999804], [100.83500000000299, -3.204999999999804], [100.83500000000299, -3.194999999999804], [100.845000000003, -3.194999999999804], [100.845000000003, -3.184999999999804], [100.86500000000301, -3.184999999999804], [100.86500000000301, -3.1749999999998044], [100.87500000000301, -3.1749999999998044], [100.87500000000301, -3.1649999999998046], [100.89500000000302, -3.1649999999998046], [100.89500000000302, -3.154999999999805], [100.90500000000303, -3.154999999999805], [100.90500000000303, -3.144999999999805], [100.91500000000303, -3.144999999999805], [100.91500000000303, -3.1349999999998053], [100.92500000000304, -3.1349999999998053], [100.92500000000304, -3.1249999999998055], [100.93500000000304, -3.1249999999998055], [100.93500000000304, -3.1149999999998057], [100.94500000000305, -3.1149999999998057], [100.94500000000305, -3.104999999999806], [100.95500000000305, -3.104999999999806], [100.95500000000305, -3.0849999999998063], [100.96500000000306, -3.0849999999998063], [100.96500000000306, -3.0749999999998066], [100.97500000000306, -3.0749999999998066], [100.97500000000306, -3.0649999999998068], [100.98500000000307, -3.0649999999998068], [100.98500000000307, -3.044999999999807], [100.99500000000307, -3.044999999999807], [100.99500000000307, -3.0349999999998074], [101.00500000000308, -3.0349999999998074], [101.00500000000308, -3.0249999999998076], [101.25500000000321, -3.0249999999998076], [101.25500000000321, -3.0749999999998066], [101.26500000000321, -3.0749999999998066], [101.26500000000321, -3.1249999999998055], [101.27500000000322, -3.1249999999998055], [101.27500000000322, -3.194999999999804], [101.28500000000322, -3.194999999999804], [101.28500000000322, -3.2649999999998025], [101.27500000000322, -3.2649999999998025], [101.27500000000322, -3.284999999999802], [101.26500000000321, -3.284999999999802], [101.26500000000321, -3.3049999999998017], [101.25500000000321, -3.3049999999998017], [101.25500000000321, -3.3149999999998014], [101.2450000000032, -3.3149999999998014], [101.2450000000032, -3.3249999999998012], [100.99500000000307, -3.3249999999998012], [100.99500000000307, -3.334999999999801], [100.97500000000306, -3.334999999999801], [100.97500000000306, -3.344999999999801], [100.95500000000305, -3.344999999999801], [100.95500000000305, -3.3549999999998006], [100.93500000000304, -3.3549999999998006], [100.93500000000304, -3.3649999999998004], [100.91500000000303, -3.3649999999998004], [100.91500000000303, -3.3749999999998], [100.89500000000302, -3.3749999999998], [100.89500000000302, -3.3849999999998], [100.87500000000301, -3.3849999999998], [100.87500000000301, -3.3949999999997997], [100.855000000003, -3.3949999999997997], [100.855000000003, -3.4049999999997995], [100.82500000000299, -3.4049999999997995], [100.82500000000299, -3.4149999999997993], [100.80500000000298, -3.4149999999997993], [100.80500000000298, -3.424999999999799], [100.78500000000297, -3.424999999999799], [100.78500000000297, -3.434999999999799], [100.76500000000296, -3.434999999999799], [100.76500000000296, -3.4449999999997987], [100.74500000000295, -3.4449999999997987], [100.74500000000295, -3.434999999999799], [100.72500000000294, -3.434999999999799], [100.72500000000294, -3.424999999999799], [100.71500000000293, -3.424999999999799], [100.71500000000293, -3.4149999999997993], [100.70500000000293, -3.4149999999997993], [100.70500000000293, -3.4049999999997995], [100.69500000000292, -3.4049999999997995], [100.69500000000292, -3.3949999999997997], [100.68500000000292, -3.3949999999997997], [100.68500000000292, -3.3749999999998], [100.67500000000291, -3.3749999999998], [100.67500000000291, -3.3649999999998004], [100.6650000000029, -3.3649999999998004], [100.6650000000029, -3.3549999999998006], [100.6550000000029, -3.3549999999998006], [100.6550000000029, -3.334999999999801], [100.6450000000029, -3.334999999999801], [100.6450000000029, -3.3149999999998014], [100.63500000000289, -3.3149999999998014], [100.63500000000289, -3.294999999999802], [100.62500000000288, -3.294999999999802], [100.62500000000288, -3.2749999999998023], [100.61500000000288, -3.2749999999998023], [100.61500000000288, -3.2649999999998025], [100.62500000000288, -3.2649999999998025], [100.62500000000288, -3.2549999999998027], [100.61500000000288, -3.2549999999998027], [100.61500000000288, -3.234999999999803], [100.62500000000288, -3.234999999999803], [100.62500000000288, -3.2249999999998034], [100.63500000000289, -3.2249999999998034], [100.63500000000289, -3.2149999999998036], [100.6450000000029, -3.2149999999998036], [100.6450000000029, -3.194999999999804], [100.6550000000029, -3.194999999999804], [100.6550000000029, -3.1649999999998046], [100.6650000000029, -3.1649999999998046], [100.6650000000029, -3.1249999999998055], [100.67500000000291, -3.1249999999998055], [100.67500000000291, -3.094999999999806], [100.68500000000292, -3.094999999999806], [100.68500000000292, -3.0849999999998063], [100.70500000000293, -3.0849999999998063], [100.70500000000293, -3.0749999999998066], [100.72500000000294, -3.0749999999998066], [100.72500000000294, -3.0649999999998068], [100.75500000000295, -3.0649999999998068], [100.75500000000295, -3.054999999999807], [100.77500000000296, -3.054999999999807], [100.77500000000296, -3.044999999999807], [100.78500000000297, -3.044999999999807], [100.78500000000297, -3.0349999999998074], [100.77500000000296, -3.0349999999998074], [100.77500000000296, -3.0249999999998076], [100.76500000000296, -3.0249999999998076], [100.76500000000296, -2.9849999999998085], [100.77500000000296, -2.9849999999998085], [100.77500000000296, -2.9749999999998087], [100.78500000000297, -2.9749999999998087], [100.78500000000297, -2.964999999999809], [100.80500000000298, -2.964999999999809], [100.80500000000298, -2.9849999999998085], [100.81500000000298, -2.9849999999998085], [100.81500000000298, -2.9949999999998083], [100.82500000000299, -2.9949999999998083], [100.82500000000299, -3.004999999999808], [100.81500000000298, -3.004999999999808], [100.81500000000298, -3.0849999999998063]]], [[[101.28500000000322, -2.3349999999998223], [101.28500000000322, -2.354999999999822], [101.29500000000323, -2.354999999999822], [101.29500000000323, -2.3749999999998215], [101.30500000000323, -2.3749999999998215], [101.30500000000323, -2.394999999999821], [101.31500000000324, -2.394999999999821], [101.31500000000324, -2.4249999999998204], [101.29500000000323, -2.4249999999998204], [101.29500000000323, -2.43499999999982], [101.2450000000032, -2.43499999999982], [101.2450000000032, -2.4149999999998206], [101.2350000000032, -2.4149999999998206], [101.2350000000032, -2.404999999999821], [101.22500000000319, -2.404999999999821], [101.22500000000319, -2.3849999999998213], [101.21500000000319, -2.3849999999998213], [101.21500000000319, -2.3649999999998217], [101.20500000000318, -2.3649999999998217], [101.20500000000318, -2.3349999999998223], [101.21500000000319, -2.3349999999998223], [101.21500000000319, -2.3249999999998225], [101.22500000000319, -2.3249999999998225], [101.22500000000319, -2.3149999999998228], [101.2350000000032, -2.3149999999998228], [101.2350000000032, -2.294999999999823], [101.25500000000321, -2.294999999999823], [101.25500000000321, -2.304999999999823], [101.26500000000321, -2.304999999999823], [101.26500000000321, -2.3149999999998228], [101.27500000000322, -2.3149999999998228], [101.27500000000322, -2.3349999999998223], [101.28500000000322, -2.3349999999998223]]], [[[100.80500000000298, -1.1149999999998483], [100.81500000000298, -1.1149999999998483], [100.81500000000298, -1.1249999999998481], [100.82500000000299, -1.1249999999998481], [100.82500000000299, -1.1449999999998477], [100.83500000000299, -1.1449999999998477], [100.83500000000299, -1.1649999999998473], [100.80500000000298, -1.1649999999998473], [100.80500000000298, -1.1549999999998475], [100.78500000000297, -1.1549999999998475], [100.78500000000297, -1.1449999999998477], [100.77500000000296, -1.1449999999998477], [100.77500000000296, -1.134999999999848], [100.76500000000296, -1.134999999999848], [100.76500000000296, -1.1249999999998481], [100.75500000000295, -1.1249999999998481], [100.75500000000295, -1.134999999999848], [100.74500000000295, -1.134999999999848], [100.74500000000295, -1.2149999999998462], [100.73500000000294, -1.2149999999998462], [100.73500000000294, -1.2449999999998456], [100.74500000000295, -1.2449999999998456], [100.74500000000295, -1.2649999999998451], [100.76500000000296, -1.2649999999998451], [100.76500000000296, -1.274999999999845], [100.78500000000297, -1.274999999999845], [100.78500000000297, -1.2849999999998447], [100.79500000000297, -1.2849999999998447], [100.79500000000297, -1.2949999999998445], [100.80500000000298, -1.2949999999998445], [100.80500000000298, -1.3049999999998443], [100.81500000000298, -1.3049999999998443], [100.81500000000298, -1.314999999999844], [100.80500000000298, -1.314999999999844], [100.80500000000298, -1.3249999999998439], [100.79500000000297, -1.3249999999998439], [100.79500000000297, -1.3349999999998436], [100.78500000000297, -1.3349999999998436], [100.78500000000297, -1.3549999999998432], [100.77500000000296, -1.3549999999998432], [100.77500000000296, -1.364999999999843], [100.76500000000296, -1.364999999999843], [100.76500000000296, -1.3749999999998428], [100.75500000000295, -1.3749999999998428], [100.75500000000295, -1.3849999999998426], [100.74500000000295, -1.3849999999998426], [100.74500000000295, -1.3749999999998428], [100.73500000000294, -1.3749999999998428], [100.73500000000294, -1.364999999999843], [100.72500000000294, -1.364999999999843], [100.72500000000294, -1.3449999999998434], [100.71500000000293, -1.3449999999998434], [100.71500000000293, -1.3349999999998436], [100.70500000000293, -1.3349999999998436], [100.70500000000293, -1.314999999999844], [100.69500000000292, -1.314999999999844], [100.69500000000292, -1.3049999999998443], [100.68500000000292, -1.3049999999998443], [100.68500000000292, -1.2849999999998447], [100.67500000000291, -1.2849999999998447], [100.67500000000291, -1.274999999999845], [100.6650000000029, -1.274999999999845], [100.6650000000029, -1.2549999999998454], [100.6550000000029, -1.2549999999998454], [100.6550000000029, -1.2049999999998464], [100.6650000000029, -1.2049999999998464], [100.6650000000029, -1.174999999999847], [100.67500000000291, -1.174999999999847], [100.67500000000291, -1.1549999999998475], [100.68500000000292, -1.1549999999998475], [100.68500000000292, -1.134999999999848], [100.69500000000292, -1.134999999999848], [100.69500000000292, -1.1149999999998483], [100.70500000000293, -1.1149999999998483], [100.70500000000293, -1.1049999999998485], [100.71500000000293, -1.1049999999998485], [100.71500000000293, -1.0949999999998488], [100.72500000000294, -1.0949999999998488], [100.72500000000294, -1.084999999999849], [100.73500000000294, -1.084999999999849], [100.73500000000294, -1.0749999999998492], [100.76500000000296, -1.0749999999998492], [100.76500000000296, -1.084999999999849], [100.78500000000297, -1.084999999999849], [100.78500000000297, -1.0949999999998488], [100.79500000000297, -1.0949999999998488], [100.79500000000297, -1.1049999999998485], [100.80500000000298, -1.1049999999998485], [100.80500000000298, -1.1149999999998483]]], [[[101.25500000000321, -1.0449999999998498], [101.26500000000321, -1.0449999999998498], [101.26500000000321, -1.0549999999998496], [101.2450000000032, -1.0549999999998496], [101.2450000000032, -1.03499999999985], [101.25500000000321, -1.03499999999985], [101.25500000000321, -1.0449999999998498]]], [[[102.19500000000369, -0.5749999999998598], [102.19500000000369, -0.5949999999998594], [102.2050000000037, -0.5949999999998594], [102.2050000000037, -0.6049999999998592], [102.2150000000037, -0.6049999999998592], [102.2150000000037, -0.614999999999859], [102.2250000000037, -0.614999999999859], [102.2250000000037, -0.6249999999998588], [102.23500000000371, -0.6249999999998588], [102.23500000000371, -0.6349999999998586], [102.29500000000374, -0.6349999999998586], [102.29500000000374, -0.6249999999998588], [102.32500000000375, -0.6249999999998588], [102.32500000000375, -0.6349999999998586], [102.33500000000376, -0.6349999999998586], [102.33500000000376, -0.6549999999998581], [102.34500000000376, -0.6549999999998581], [102.34500000000376, -0.6849999999998575], [102.35500000000377, -0.6849999999998575], [102.35500000000377, -0.7049999999998571], [102.36500000000377, -0.7049999999998571], [102.36500000000377, -0.7349999999998564], [102.32500000000375, -0.7349999999998564], [102.32500000000375, -0.7449999999998562], [102.29500000000374, -0.7449999999998562], [102.29500000000374, -0.754999999999856], [102.27500000000373, -0.754999999999856], [102.27500000000373, -0.7649999999998558], [102.23500000000371, -0.7649999999998558], [102.23500000000371, -0.754999999999856], [102.2250000000037, -0.754999999999856], [102.2250000000037, -0.7449999999998562], [102.2150000000037, -0.7449999999998562], [102.2150000000037, -0.7349999999998564], [102.2050000000037, -0.7349999999998564], [102.2050000000037, -0.7249999999998566], [102.19500000000369, -0.7249999999998566], [102.19500000000369, -0.7049999999998571], [102.18500000000368, -0.7049999999998571], [102.18500000000368, -0.6849999999998575], [102.17500000000368, -0.6849999999998575], [102.17500000000368, -0.6649999999998579], [102.16500000000367, -0.6649999999998579], [102.16500000000367, -0.6349999999998586], [102.15500000000367, -0.6349999999998586], [102.15500000000367, -0.614999999999859], [102.14500000000366, -0.614999999999859], [102.14500000000366, -0.5949999999998594], [102.13500000000366, -0.5949999999998594], [102.13500000000366, -0.5649999999998601], [102.12500000000365, -0.5649999999998601], [102.12500000000365, -0.5349999999998607], [102.11500000000365, -0.5349999999998607], [102.11500000000365, -0.5149999999998611], [102.16500000000367, -0.5149999999998611], [102.16500000000367, -0.5349999999998607], [102.17500000000368, -0.5349999999998607], [102.17500000000368, -0.5549999999998603], [102.18500000000368, -0.5549999999998603], [102.18500000000368, -0.5749999999998598], [102.19500000000369, -0.5749999999998598]]], [[[100.2750000000027, -0.5149999999998611], [100.2650000000027, -0.5149999999998611], [100.2650000000027, -0.5249999999998609], [100.2550000000027, -0.5249999999998609], [100.2550000000027, -0.5349999999998607], [100.24500000000269, -0.5349999999998607], [100.24500000000269, -0.5249999999998609], [100.23500000000269, -0.5249999999998609], [100.23500000000269, -0.5149999999998611], [100.22500000000268, -0.5149999999998611], [100.22500000000268, -0.5049999999998613], [100.21500000000268, -0.5049999999998613], [100.21500000000268, -0.40499999999986347], [100.2550000000027, -0.40499999999986347], [100.2550000000027, -0.41499999999986326], [100.2750000000027, -0.41499999999986326], [100.2750000000027, -0.4449999999998626], [100.28500000000271, -0.4449999999998626], [100.28500000000271, -0.5049999999998613], [100.2750000000027, -0.5049999999998613], [100.2750000000027, -0.5149999999998611]]], [[[101.79500000000348, 0.16500000000012438], [101.8250000000035, 0.16500000000012438], [101.8250000000035, 0.1550000000001246], [101.8350000000035, 0.1550000000001246], [101.8350000000035, 0.1450000000001248], [101.84500000000351, 0.1450000000001248], [101.84500000000351, 0.13500000000012502], [101.85500000000351, 0.13500000000012502], [101.85500000000351, 0.11500000000012545], [101.86500000000352, 0.11500000000012545], [101.86500000000352, 0.10500000000012566], [101.87500000000352, 0.10500000000012566], [101.87500000000352, 0.08500000000012609], [101.88500000000353, 0.08500000000012609], [101.88500000000353, 0.06500000000012651], [101.89500000000353, 0.06500000000012651], [101.89500000000353, 0.04500000000012694], [101.90500000000354, 0.04500000000012694], [101.90500000000354, 0.025000000000127365], [101.91500000000354, 0.025000000000127365], [101.91500000000354, -0.014999999999871783], [101.92500000000355, -0.014999999999871783], [101.92500000000355, -0.004999999999871996], [101.93500000000355, -0.004999999999871996], [101.93500000000355, 0.005000000000127791], [101.94500000000356, 0.005000000000127791], [101.94500000000356, -0.004999999999871996], [101.96500000000357, -0.004999999999871996], [101.96500000000357, -0.014999999999871783], [102.0150000000036, -0.014999999999871783], [102.0150000000036, -0.02499999999987157], [102.13500000000366, -0.02499999999987157], [102.13500000000366, -0.034999999999871356], [102.14500000000366, -0.034999999999871356], [102.14500000000366, -0.05499999999987093], [102.15500000000367, -0.05499999999987093], [102.15500000000367, -0.0749999999998705], [102.16500000000367, -0.0749999999998705], [102.16500000000367, -0.09499999999987008], [102.17500000000368, -0.09499999999987008], [102.17500000000368, -0.11499999999986965], [102.14500000000366, -0.11499999999986965], [102.14500000000366, -0.10499999999986986], [102.08500000000363, -0.10499999999986986], [102.08500000000363, -0.09499999999987008], [101.98500000000358, -0.09499999999987008], [101.98500000000358, -0.10499999999986986], [101.96500000000357, -0.10499999999986986], [101.96500000000357, -0.11499999999986965], [101.94500000000356, -0.11499999999986965], [101.94500000000356, -0.12499999999986944], [101.93500000000355, -0.12499999999986944], [101.93500000000355, -0.13499999999986922], [101.92500000000355, -0.13499999999986922], [101.92500000000355, -0.144999999999869], [101.91500000000354, -0.144999999999869], [101.91500000000354, -0.1549999999998688], [101.90500000000354, -0.1549999999998688], [101.90500000000354, -0.16499999999986859], [101.89500000000353, -0.16499999999986859], [101.89500000000353, -0.17499999999986837], [101.88500000000353, -0.17499999999986837], [101.88500000000353, -0.19499999999986795], [101.87500000000352, -0.19499999999986795], [101.87500000000352, -0.21499999999986752], [101.86500000000352, -0.21499999999986752], [101.86500000000352, -0.2349999999998671], [101.85500000000351, -0.2349999999998671], [101.85500000000351, -0.26499999999986645], [101.86500000000352, -0.26499999999986645], [101.86500000000352, -0.284999999999866], [101.87500000000352, -0.284999999999866], [101.87500000000352, -0.3049999999998656], [101.88500000000353, -0.3049999999998656], [101.88500000000353, -0.3149999999998654], [101.89500000000353, -0.3149999999998654], [101.89500000000353, -0.33499999999986496], [101.90500000000354, -0.33499999999986496], [101.90500000000354, -0.35499999999986454], [101.91500000000354, -0.35499999999986454], [101.91500000000354, -0.3749999999998641], [101.92500000000355, -0.3749999999998641], [101.92500000000355, -0.3949999999998637], [101.93500000000355, -0.3949999999998637], [101.93500000000355, -0.40499999999986347], [101.94500000000356, -0.40499999999986347], [101.94500000000356, -0.42499999999986304], [101.95500000000357, -0.42499999999986304], [101.95500000000357, -0.4449999999998626], [101.96500000000357, -0.4449999999998626], [101.96500000000357, -0.4549999999998624], [101.97500000000358, -0.4549999999998624], [101.97500000000358, -0.4649999999998622], [101.94500000000356, -0.4649999999998622], [101.94500000000356, -0.4549999999998624], [101.92500000000355, -0.4549999999998624], [101.92500000000355, -0.4449999999998626], [101.90500000000354, -0.4449999999998626], [101.90500000000354, -0.43499999999986283], [101.88500000000353, -0.43499999999986283], [101.88500000000353, -0.42499999999986304], [101.86500000000352, -0.42499999999986304], [101.86500000000352, -0.41499999999986326], [101.85500000000351, -0.41499999999986326], [101.85500000000351, -0.40499999999986347], [101.84500000000351, -0.40499999999986347], [101.84500000000351, -0.3949999999998637], [101.8250000000035, -0.3949999999998637], [101.8250000000035, -0.3749999999998641], [101.8150000000035, -0.3749999999998641], [101.8150000000035, -0.3649999999998643], [101.80500000000349, -0.3649999999998643], [101.80500000000349, -0.35499999999986454], [101.79500000000348, -0.35499999999986454], [101.79500000000348, -0.33499999999986496], [101.78500000000348, -0.33499999999986496], [101.78500000000348, -0.3249999999998652], [101.77500000000347, -0.3249999999998652], [101.77500000000347, -0.3049999999998656], [101.76500000000347, -0.3049999999998656], [101.76500000000347, -0.284999999999866], [101.75500000000346, -0.284999999999866], [101.75500000000346, -0.26499999999986645], [101.74500000000346, -0.26499999999986645], [101.74500000000346, -0.25499999999986667], [101.73500000000345, -0.25499999999986667], [101.73500000000345, -0.24499999999986688], [101.69500000000343, -0.24499999999986688], [101.69500000000343, -0.2349999999998671], [101.6350000000034, -0.2349999999998671], [101.6350000000034, -0.2249999999998673], [101.65500000000341, -0.2249999999998673], [101.65500000000341, -0.21499999999986752], [101.68500000000343, -0.21499999999986752], [101.68500000000343, -0.20499999999986773], [101.72500000000345, -0.20499999999986773], [101.72500000000345, -0.19499999999986795], [101.75500000000346, -0.19499999999986795], [101.75500000000346, -0.18499999999986816], [101.76500000000347, -0.18499999999986816], [101.76500000000347, -0.17499999999986837], [101.52500000000335, -0.17499999999986837], [101.52500000000335, -0.18499999999986816], [101.50500000000334, -0.18499999999986816], [101.50500000000334, -0.13499999999986922], [101.49500000000333, -0.13499999999986922], [101.49500000000333, 0.005000000000127791], [101.50500000000334, 0.005000000000127791], [101.50500000000334, 0.025000000000127365], [101.51500000000334, 0.025000000000127365], [101.51500000000334, 0.04500000000012694], [101.52500000000335, 0.04500000000012694], [101.52500000000335, 0.06500000000012651], [101.53500000000335, 0.06500000000012651], [101.53500000000335, 0.0750000000001263], [101.54500000000336, 0.0750000000001263], [101.54500000000336, 0.09500000000012587], [101.55500000000336, 0.09500000000012587], [101.55500000000336, 0.10500000000012566], [101.56500000000337, 0.10500000000012566], [101.56500000000337, 0.11500000000012545], [101.57500000000337, 0.11500000000012545], [101.57500000000337, 0.12500000000012523], [101.58500000000338, 0.12500000000012523], [101.58500000000338, 0.13500000000012502], [101.59500000000338, 0.13500000000012502], [101.59500000000338, 0.1450000000001248], [101.61500000000339, 0.1450000000001248], [101.61500000000339, 0.1550000000001246], [101.6250000000034, 0.1550000000001246], [101.6250000000034, 0.16500000000012438], [101.67500000000342, 0.16500000000012438], [101.67500000000342, 0.1550000000001246], [101.73500000000345, 0.1550000000001246], [101.73500000000345, 0.1450000000001248], [101.76500000000347, 0.1450000000001248], [101.76500000000347, 0.1550000000001246], [101.79500000000348, 0.1550000000001246], [101.79500000000348, 0.16500000000012438]]], [[[102.27500000000373, -0.06499999999987072], [102.27500000000373, -0.08499999999987029], [102.25500000000372, -0.08499999999987029], [102.25500000000372, -0.0749999999998705], [102.26500000000372, -0.0749999999998705], [102.26500000000372, 0.03500000000012715], [102.25500000000372, 0.03500000000012715], [102.25500000000372, 0.055000000000126725], [102.30500000000374, 0.055000000000126725], [102.30500000000374, -0.014999999999871783], [102.29500000000374, -0.014999999999871783], [102.29500000000374, -0.04499999999987114], [102.28500000000373, -0.04499999999987114], [102.28500000000373, -0.06499999999987072], [102.27500000000373, -0.06499999999987072]]], [[[100.79500000000297, 0.10500000000012566], [100.80500000000298, 0.10500000000012566], [100.80500000000298, 0.0750000000001263], [100.81500000000298, 0.0750000000001263], [100.81500000000298, 0.03500000000012715], [100.82500000000299, 0.03500000000012715], [100.82500000000299, -0.014999999999871783], [100.81500000000298, -0.014999999999871783], [100.81500000000298, -0.034999999999871356], [100.80500000000298, -0.034999999999871356], [100.80500000000298, -0.05499999999987093], [100.79500000000297, -0.05499999999987093], [100.79500000000297, -0.06499999999987072], [100.78500000000297, -0.06499999999987072], [100.78500000000297, -0.0749999999998705], [100.77500000000296, -0.0749999999998705], [100.77500000000296, -0.08499999999987029], [100.76500000000296, -0.08499999999987029], [100.76500000000296, -0.09499999999987008], [100.75500000000295, -0.09499999999987008], [100.75500000000295, -0.10499999999986986], [100.69500000000292, -0.10499999999986986], [100.69500000000292, -0.09499999999987008], [100.60500000000287, -0.09499999999987008], [100.60500000000287, -0.004999999999871996], [100.59500000000287, -0.004999999999871996], [100.59500000000287, 0.005000000000127791], [100.58500000000286, 0.005000000000127791], [100.58500000000286, 0.015000000000127578], [100.57500000000286, 0.015000000000127578], [100.57500000000286, 0.025000000000127365], [100.56500000000285, 0.025000000000127365], [100.56500000000285, 0.03500000000012715], [100.54500000000284, 0.03500000000012715], [100.54500000000284, 0.06500000000012651], [100.55500000000285, 0.06500000000012651], [100.55500000000285, 0.09500000000012587], [100.57500000000286, 0.09500000000012587], [100.57500000000286, 0.10500000000012566], [100.60500000000287, 0.10500000000012566], [100.60500000000287, 0.11500000000012545], [100.62500000000288, 0.11500000000012545], [100.62500000000288, 0.12500000000012523], [100.6450000000029, 0.12500000000012523], [100.6450000000029, 0.13500000000012502], [100.67500000000291, 0.13500000000012502], [100.67500000000291, 0.1450000000001248], [100.69500000000292, 0.1450000000001248], [100.69500000000292, 0.1550000000001246], [100.70500000000293, 0.1550000000001246], [100.70500000000293, 0.16500000000012438], [100.72500000000294, 0.16500000000012438], [100.72500000000294, 0.17500000000012417], [100.76500000000296, 0.17500000000012417], [100.76500000000296, 0.16500000000012438], [100.77500000000296, 0.16500000000012438], [100.77500000000296, 0.1450000000001248], [100.78500000000297, 0.1450000000001248], [100.78500000000297, 0.12500000000012523], [100.79500000000297, 0.12500000000012523], [100.79500000000297, 0.10500000000012566]]], [[[102.04500000000361, 0.12500000000012523], [102.09500000000364, 0.12500000000012523], [102.09500000000364, 0.0750000000001263], [102.0350000000036, 0.0750000000001263], [102.0350000000036, 0.08500000000012609], [102.0150000000036, 0.08500000000012609], [102.0150000000036, 0.0750000000001263], [101.97500000000358, 0.0750000000001263], [101.97500000000358, 0.06500000000012651], [101.96500000000357, 0.06500000000012651], [101.96500000000357, 0.055000000000126725], [101.95500000000357, 0.055000000000126725], [101.95500000000357, 0.04500000000012694], [101.94500000000356, 0.04500000000012694], [101.94500000000356, 0.025000000000127365], [101.93500000000355, 0.025000000000127365], [101.93500000000355, 0.1450000000001248], [101.94500000000356, 0.1450000000001248], [101.94500000000356, 0.13500000000012502], [101.96500000000357, 0.13500000000012502], [101.96500000000357, 0.12500000000012523], [101.98500000000358, 0.12500000000012523], [101.98500000000358, 0.11500000000012545], [102.04500000000361, 0.11500000000012545], [102.04500000000361, 0.12500000000012523]]], [[[102.06500000000362, 1.075000000000105], [102.06500000000362, 1.0650000000001052], [102.08500000000363, 1.0650000000001052], [102.08500000000363, 1.0550000000001054], [102.10500000000364, 1.0550000000001054], [102.10500000000364, 1.0450000000001056], [102.11500000000365, 1.0450000000001056], [102.11500000000365, 1.0350000000001058], [102.12500000000365, 1.0350000000001058], [102.12500000000365, 1.025000000000106], [102.13500000000366, 1.025000000000106], [102.13500000000366, 1.0150000000001063], [102.14500000000366, 1.0150000000001063], [102.14500000000366, 0.9850000000001069], [102.15500000000367, 0.9850000000001069], [102.15500000000367, 0.8650000000001095], [102.14500000000366, 0.8650000000001095], [102.14500000000366, 0.8450000000001099], [102.13500000000366, 0.8450000000001099], [102.13500000000366, 0.8150000000001105], [102.12500000000365, 0.8150000000001105], [102.12500000000365, 0.8050000000001107], [102.11500000000365, 0.8050000000001107], [102.11500000000365, 0.7850000000001112], [102.10500000000364, 0.7850000000001112], [102.10500000000364, 0.7750000000001114], [102.09500000000364, 0.7750000000001114], [102.09500000000364, 0.7650000000001116], [102.08500000000363, 0.7650000000001116], [102.08500000000363, 0.7550000000001118], [102.07500000000363, 0.7550000000001118], [102.07500000000363, 0.745000000000112], [102.09500000000364, 0.745000000000112], [102.09500000000364, 0.7350000000001122], [102.12500000000365, 0.7350000000001122], [102.12500000000365, 0.7250000000001124], [102.14500000000366, 0.7250000000001124], [102.14500000000366, 0.7150000000001127], [102.15500000000367, 0.7150000000001127], [102.15500000000367, 0.49500000000011735], [102.14500000000366, 0.49500000000011735], [102.14500000000366, 0.4550000000001182], [102.13500000000366, 0.4550000000001182], [102.13500000000366, 0.41500000000011905], [102.12500000000365, 0.41500000000011905], [102.12500000000365, 0.3850000000001197], [102.11500000000365, 0.3850000000001197], [102.11500000000365, 0.34500000000012054], [102.10500000000364, 0.34500000000012054], [102.10500000000364, 0.3150000000001212], [102.09500000000364, 0.3150000000001212], [102.09500000000364, 0.2950000000001216], [102.06500000000362, 0.2950000000001216], [102.06500000000362, 0.3050000000001214], [102.00500000000359, 0.3050000000001214], [102.00500000000359, 0.3150000000001212], [101.99500000000359, 0.3150000000001212], [101.99500000000359, 0.3050000000001214], [101.96500000000357, 0.3050000000001214], [101.96500000000357, 0.2950000000001216], [101.93500000000355, 0.2950000000001216], [101.93500000000355, 0.2850000000001218], [101.92500000000355, 0.2850000000001218], [101.92500000000355, 0.32500000000012097], [101.91500000000354, 0.32500000000012097], [101.91500000000354, 0.3650000000001201], [101.90500000000354, 0.3650000000001201], [101.90500000000354, 0.41500000000011905], [101.89500000000353, 0.41500000000011905], [101.89500000000353, 0.465000000000118], [101.88500000000353, 0.465000000000118], [101.88500000000353, 0.5050000000001171], [101.87500000000352, 0.5050000000001171], [101.87500000000352, 0.5250000000001167], [101.86500000000352, 0.5250000000001167], [101.86500000000352, 0.5450000000001163], [101.85500000000351, 0.5450000000001163], [101.85500000000351, 0.5650000000001159], [101.84500000000351, 0.5650000000001159], [101.84500000000351, 0.5850000000001154], [101.8350000000035, 0.5850000000001154], [101.8350000000035, 0.5950000000001152], [101.8250000000035, 0.5950000000001152], [101.8250000000035, 0.6150000000001148], [101.8150000000035, 0.6150000000001148], [101.8150000000035, 0.6250000000001146], [101.80500000000349, 0.6250000000001146], [101.80500000000349, 0.6350000000001144], [101.79500000000348, 0.6350000000001144], [101.79500000000348, 0.6450000000001141], [101.78500000000348, 0.6450000000001141], [101.78500000000348, 0.6550000000001139], [101.77500000000347, 0.6550000000001139], [101.77500000000347, 0.6450000000001141], [101.74500000000346, 0.6450000000001141], [101.74500000000346, 0.6350000000001144], [101.73500000000345, 0.6350000000001144], [101.73500000000345, 0.6450000000001141], [101.6450000000034, 0.6450000000001141], [101.6450000000034, 0.6350000000001144], [101.6350000000034, 0.6350000000001144], [101.6350000000034, 0.6250000000001146], [101.6250000000034, 0.6250000000001146], [101.6250000000034, 0.6150000000001148], [101.61500000000339, 0.6150000000001148], [101.61500000000339, 0.605000000000115], [101.60500000000339, 0.605000000000115], [101.60500000000339, 0.5950000000001152], [101.59500000000338, 0.5950000000001152], [101.59500000000338, 0.5750000000001156], [101.58500000000338, 0.5750000000001156], [101.58500000000338, 0.5550000000001161], [101.57500000000337, 0.5550000000001161], [101.57500000000337, 0.5350000000001165], [101.56500000000337, 0.5350000000001165], [101.56500000000337, 0.5050000000001171], [101.55500000000336, 0.5050000000001171], [101.55500000000336, 0.49500000000011735], [101.54500000000336, 0.49500000000011735], [101.54500000000336, 0.4750000000001178], [101.53500000000335, 0.4750000000001178], [101.53500000000335, 0.465000000000118], [101.52500000000335, 0.465000000000118], [101.52500000000335, 0.4550000000001182], [101.51500000000334, 0.4550000000001182], [101.51500000000334, 0.4450000000001184], [101.49500000000333, 0.4450000000001184], [101.49500000000333, 0.4350000000001186], [101.47500000000332, 0.4350000000001186], [101.47500000000332, 0.42500000000011884], [101.46500000000331, 0.42500000000011884], [101.46500000000331, 0.41500000000011905], [101.4450000000033, 0.41500000000011905], [101.4450000000033, 0.40500000000011926], [101.4350000000033, 0.40500000000011926], [101.4350000000033, 0.3950000000001195], [101.4250000000033, 0.3950000000001195], [101.4250000000033, 0.3850000000001197], [101.40500000000328, 0.3850000000001197], [101.40500000000328, 0.3650000000001201], [101.39500000000328, 0.3650000000001201], [101.39500000000328, 0.35500000000012033], [101.38500000000327, 0.35500000000012033], [101.38500000000327, 0.34500000000012054], [101.37500000000327, 0.34500000000012054], [101.37500000000327, 0.32500000000012097], [101.36500000000326, 0.32500000000012097], [101.36500000000326, 0.3150000000001212], [101.37500000000327, 0.3150000000001212], [101.37500000000327, 0.3050000000001214], [101.38500000000327, 0.3050000000001214], [101.38500000000327, 0.2850000000001218], [101.39500000000328, 0.2850000000001218], [101.39500000000328, 0.25500000000012246], [101.40500000000328, 0.25500000000012246], [101.40500000000328, 0.24500000000012268], [101.38500000000327, 0.24500000000012268], [101.38500000000327, 0.2350000000001229], [101.37500000000327, 0.2350000000001229], [101.37500000000327, 0.2250000000001231], [101.36500000000326, 0.2250000000001231], [101.36500000000326, 0.21500000000012331], [101.33500000000325, 0.21500000000012331], [101.33500000000325, 0.20500000000012353], [101.30500000000323, 0.20500000000012353], [101.30500000000323, 0.19500000000012374], [101.29500000000323, 0.19500000000012374], [101.29500000000323, 0.18500000000012395], [101.27500000000322, 0.18500000000012395], [101.27500000000322, 0.17500000000012417], [101.22500000000319, 0.17500000000012417], [101.22500000000319, 0.18500000000012395], [101.19500000000318, 0.18500000000012395], [101.19500000000318, 0.19500000000012374], [101.17500000000317, 0.19500000000012374], [101.17500000000317, 0.20500000000012353], [101.14500000000315, 0.20500000000012353], [101.14500000000315, 0.19500000000012374], [101.08500000000312, 0.19500000000012374], [101.08500000000312, 0.18500000000012395], [101.0450000000031, 0.18500000000012395], [101.0450000000031, 0.17500000000012417], [101.01500000000308, 0.17500000000012417], [101.01500000000308, 0.16500000000012438], [100.99500000000307, 0.16500000000012438], [100.99500000000307, 0.17500000000012417], [100.98500000000307, 0.17500000000012417], [100.98500000000307, 0.18500000000012395], [100.97500000000306, 0.18500000000012395], [100.97500000000306, 0.19500000000012374], [100.96500000000306, 0.19500000000012374], [100.96500000000306, 0.20500000000012353], [100.95500000000305, 0.20500000000012353], [100.95500000000305, 0.21500000000012331], [100.94500000000305, 0.21500000000012331], [100.94500000000305, 0.2250000000001231], [100.93500000000304, 0.2250000000001231], [100.93500000000304, 0.2350000000001229], [100.92500000000304, 0.2350000000001229], [100.92500000000304, 0.27500000000012204], [100.93500000000304, 0.27500000000012204], [100.93500000000304, 0.2850000000001218], [100.94500000000305, 0.2850000000001218], [100.94500000000305, 0.3050000000001214], [100.96500000000306, 0.3050000000001214], [100.96500000000306, 0.3150000000001212], [100.97500000000306, 0.3150000000001212], [100.97500000000306, 0.32500000000012097], [100.99500000000307, 0.32500000000012097], [100.99500000000307, 0.33500000000012076], [101.01500000000308, 0.33500000000012076], [101.01500000000308, 0.34500000000012054], [101.02500000000309, 0.34500000000012054], [101.02500000000309, 0.35500000000012033], [101.0350000000031, 0.35500000000012033], [101.0350000000031, 0.3650000000001201], [101.0450000000031, 0.3650000000001201], [101.0450000000031, 0.3750000000001199], [101.0550000000031, 0.3750000000001199], [101.0550000000031, 0.3850000000001197], [101.06500000000311, 0.3850000000001197], [101.06500000000311, 0.3950000000001195], [101.07500000000312, 0.3950000000001195], [101.07500000000312, 0.41500000000011905], [101.08500000000312, 0.41500000000011905], [101.08500000000312, 0.4350000000001186], [101.09500000000313, 0.4350000000001186], [101.09500000000313, 0.4550000000001182], [101.10500000000313, 0.4550000000001182], [101.10500000000313, 0.48500000000011756], [101.11500000000314, 0.48500000000011756], [101.11500000000314, 0.5550000000001161], [101.10500000000313, 0.5550000000001161], [101.10500000000313, 0.5950000000001152], [101.09500000000313, 0.5950000000001152], [101.09500000000313, 0.605000000000115], [101.08500000000312, 0.605000000000115], [101.08500000000312, 0.6150000000001148], [101.07500000000312, 0.6150000000001148], [101.07500000000312, 0.6250000000001146], [101.0350000000031, 0.6250000000001146], [101.0350000000031, 0.6350000000001144], [100.96500000000306, 0.6350000000001144], [100.96500000000306, 0.6250000000001146], [100.89500000000302, 0.6250000000001146], [100.89500000000302, 0.6150000000001148], [100.86500000000301, 0.6150000000001148], [100.86500000000301, 0.6250000000001146], [100.87500000000301, 0.6250000000001146], [100.87500000000301, 0.6350000000001144], [100.88500000000302, 0.6350000000001144], [100.88500000000302, 0.6450000000001141], [100.89500000000302, 0.6450000000001141], [100.89500000000302, 0.6550000000001139], [100.90500000000303, 0.6550000000001139], [100.90500000000303, 0.6650000000001137], [100.92500000000304, 0.6650000000001137], [100.92500000000304, 0.6750000000001135], [100.94500000000305, 0.6750000000001135], [100.94500000000305, 0.6850000000001133], [100.97500000000306, 0.6850000000001133], [100.97500000000306, 0.6950000000001131], [101.10500000000313, 0.6950000000001131], [101.10500000000313, 0.6850000000001133], [101.15500000000316, 0.6850000000001133], [101.15500000000316, 0.6750000000001135], [101.16500000000316, 0.6750000000001135], [101.16500000000316, 0.6650000000001137], [101.18500000000317, 0.6650000000001137], [101.18500000000317, 0.6550000000001139], [101.31500000000324, 0.6550000000001139], [101.31500000000324, 0.6650000000001137], [101.40500000000328, 0.6650000000001137], [101.40500000000328, 0.6750000000001135], [101.49500000000333, 0.6750000000001135], [101.49500000000333, 0.6850000000001133], [101.51500000000334, 0.6850000000001133], [101.51500000000334, 0.6950000000001131], [101.53500000000335, 0.6950000000001131], [101.53500000000335, 0.7050000000001129], [101.54500000000336, 0.7050000000001129], [101.54500000000336, 0.7150000000001127], [101.56500000000337, 0.7150000000001127], [101.56500000000337, 0.7250000000001124], [101.57500000000337, 0.7250000000001124], [101.57500000000337, 0.7350000000001122], [101.58500000000338, 0.7350000000001122], [101.58500000000338, 0.7550000000001118], [101.59500000000338, 0.7550000000001118], [101.59500000000338, 0.7650000000001116], [101.60500000000339, 0.7650000000001116], [101.60500000000339, 0.7750000000001114], [101.61500000000339, 0.7750000000001114], [101.61500000000339, 0.7850000000001112], [101.6250000000034, 0.7850000000001112], [101.6250000000034, 0.795000000000111], [101.6350000000034, 0.795000000000111], [101.6350000000034, 0.8150000000001105], [101.6450000000034, 0.8150000000001105], [101.6450000000034, 0.8250000000001103], [101.65500000000341, 0.8250000000001103], [101.65500000000341, 0.8350000000001101], [101.66500000000342, 0.8350000000001101], [101.66500000000342, 0.8450000000001099], [101.67500000000342, 0.8450000000001099], [101.67500000000342, 0.8650000000001095], [101.68500000000343, 0.8650000000001095], [101.68500000000343, 0.8750000000001092], [101.69500000000343, 0.8750000000001092], [101.69500000000343, 0.885000000000109], [101.70500000000344, 0.885000000000109], [101.70500000000344, 0.8950000000001088], [101.71500000000344, 0.8950000000001088], [101.71500000000344, 0.9050000000001086], [101.72500000000345, 0.9050000000001086], [101.72500000000345, 0.9250000000001082], [101.73500000000345, 0.9250000000001082], [101.73500000000345, 0.935000000000108], [101.74500000000346, 0.935000000000108], [101.74500000000346, 0.9450000000001078], [101.75500000000346, 0.9450000000001078], [101.75500000000346, 0.9550000000001075], [101.76500000000347, 0.9550000000001075], [101.76500000000347, 0.9650000000001073], [101.79500000000348, 0.9650000000001073], [101.79500000000348, 0.9550000000001075], [101.80500000000349, 0.9550000000001075], [101.80500000000349, 0.9650000000001073], [101.8150000000035, 0.9650000000001073], [101.8150000000035, 0.9850000000001069], [101.8250000000035, 0.9850000000001069], [101.8250000000035, 1.0050000000001065], [101.8350000000035, 1.0050000000001065], [101.8350000000035, 1.0350000000001058], [101.84500000000351, 1.0350000000001058], [101.84500000000351, 1.0550000000001054], [101.85500000000351, 1.0550000000001054], [101.85500000000351, 1.0650000000001052], [101.87500000000352, 1.0650000000001052], [101.87500000000352, 1.075000000000105], [101.89500000000353, 1.075000000000105], [101.89500000000353, 1.0850000000001048], [101.94500000000356, 1.0850000000001048], [101.94500000000356, 1.1050000000001043], [101.99500000000359, 1.1050000000001043], [101.99500000000359, 1.1150000000001041], [102.0250000000036, 1.1150000000001041], [102.0250000000036, 1.1050000000001043], [102.06500000000362, 1.1050000000001043], [102.06500000000362, 1.0950000000001046], [102.04500000000361, 1.0950000000001046], [102.04500000000361, 1.075000000000105], [102.06500000000362, 1.075000000000105]], [[101.96500000000357, 0.7050000000001129], [101.95500000000357, 0.7050000000001129], [101.95500000000357, 0.6650000000001137], [101.94500000000356, 0.6650000000001137], [101.94500000000356, 0.6350000000001144], [101.93500000000355, 0.6350000000001144], [101.93500000000355, 0.605000000000115], [101.92500000000355, 0.605000000000115], [101.92500000000355, 0.5650000000001159], [101.91500000000354, 0.5650000000001159], [101.91500000000354, 0.5250000000001167], [101.90500000000354, 0.5250000000001167], [101.90500000000354, 0.4750000000001178], [101.91500000000354, 0.4750000000001178], [101.91500000000354, 0.4450000000001184], [101.92500000000355, 0.4450000000001184], [101.92500000000355, 0.4350000000001186], [101.93500000000355, 0.4350000000001186], [101.93500000000355, 0.42500000000011884], [101.95500000000357, 0.42500000000011884], [101.95500000000357, 0.41500000000011905], [101.98500000000358, 0.41500000000011905], [101.98500000000358, 0.40500000000011926], [101.99500000000359, 0.40500000000011926], [101.99500000000359, 0.41500000000011905], [102.0150000000036, 0.41500000000011905], [102.0150000000036, 0.4350000000001186], [102.0250000000036, 0.4350000000001186], [102.0250000000036, 0.4550000000001182], [102.0350000000036, 0.4550000000001182], [102.0350000000036, 0.4750000000001178], [102.04500000000361, 0.4750000000001178], [102.04500000000361, 0.6450000000001141], [102.0350000000036, 0.6450000000001141], [102.0350000000036, 0.7250000000001124], [102.0250000000036, 0.7250000000001124], [102.0250000000036, 0.7550000000001118], [102.00500000000359, 0.7550000000001118], [102.00500000000359, 0.7650000000001116], [101.99500000000359, 0.7650000000001116], [101.99500000000359, 0.7550000000001118], [101.98500000000358, 0.7550000000001118], [101.98500000000358, 0.745000000000112], [101.97500000000358, 0.745000000000112], [101.97500000000358, 0.7250000000001124], [101.96500000000357, 0.7250000000001124], [101.96500000000357, 0.7050000000001129]]], [[[100.29500000000272, 0.7350000000001122], [100.28500000000271, 0.7350000000001122], [100.28500000000271, 0.6950000000001131], [100.2750000000027, 0.6950000000001131], [100.2750000000027, 0.6650000000001137], [100.2650000000027, 0.6650000000001137], [100.2650000000027, 0.6350000000001144], [100.2550000000027, 0.6350000000001144], [100.2550000000027, 0.6250000000001146], [100.23500000000269, 0.6250000000001146], [100.23500000000269, 0.6350000000001144], [100.22500000000268, 0.6350000000001144], [100.22500000000268, 0.6550000000001139], [100.21500000000268, 0.6550000000001139], [100.21500000000268, 0.6650000000001137], [100.20500000000267, 0.6650000000001137], [100.20500000000267, 0.6750000000001135], [100.19500000000266, 0.6750000000001135], [100.19500000000266, 0.6850000000001133], [100.18500000000266, 0.6850000000001133], [100.18500000000266, 0.6950000000001131], [100.17500000000265, 0.6950000000001131], [100.17500000000265, 0.7050000000001129], [100.16500000000265, 0.7050000000001129], [100.16500000000265, 0.7150000000001127], [100.14500000000264, 0.7150000000001127], [100.14500000000264, 0.7250000000001124], [100.12500000000263, 0.7250000000001124], [100.12500000000263, 0.7350000000001122], [100.10500000000262, 0.7350000000001122], [100.10500000000262, 0.745000000000112], [100.08500000000261, 0.745000000000112], [100.08500000000261, 0.7550000000001118], [100.0650000000026, 0.7550000000001118], [100.0650000000026, 0.7650000000001116], [100.04500000000259, 0.7650000000001116], [100.04500000000259, 0.7750000000001114], [100.02500000000258, 0.7750000000001114], [100.02500000000258, 0.7850000000001112], [100.0550000000026, 0.7850000000001112], [100.0550000000026, 0.7750000000001114], [100.28500000000271, 0.7750000000001114], [100.28500000000271, 0.7850000000001112], [100.30500000000272, 0.7850000000001112], [100.30500000000272, 0.7650000000001116], [100.29500000000272, 0.7650000000001116], [100.29500000000272, 0.7350000000001122]]], [[[100.57500000000286, 0.9150000000001084], [100.59500000000287, 0.9150000000001084], [100.59500000000287, 0.9050000000001086], [100.60500000000287, 0.9050000000001086], [100.60500000000287, 0.8950000000001088], [100.62500000000288, 0.8950000000001088], [100.62500000000288, 0.885000000000109], [100.6550000000029, 0.885000000000109], [100.6550000000029, 0.8750000000001092], [100.67500000000291, 0.8750000000001092], [100.67500000000291, 0.8650000000001095], [100.70500000000293, 0.8650000000001095], [100.70500000000293, 0.8550000000001097], [100.74500000000295, 0.8550000000001097], [100.74500000000295, 0.8150000000001105], [100.73500000000294, 0.8150000000001105], [100.73500000000294, 0.795000000000111], [100.75500000000295, 0.795000000000111], [100.75500000000295, 0.8050000000001107], [100.78500000000297, 0.8050000000001107], [100.78500000000297, 0.8150000000001105], [100.79500000000297, 0.8150000000001105], [100.79500000000297, 0.795000000000111], [100.80500000000298, 0.795000000000111], [100.80500000000298, 0.7850000000001112], [100.81500000000298, 0.7850000000001112], [100.81500000000298, 0.7750000000001114], [100.82500000000299, 0.7750000000001114], [100.82500000000299, 0.7550000000001118], [100.83500000000299, 0.7550000000001118], [100.83500000000299, 0.745000000000112], [100.82500000000299, 0.745000000000112], [100.82500000000299, 0.7250000000001124], [100.81500000000298, 0.7250000000001124], [100.81500000000298, 0.7050000000001129], [100.80500000000298, 0.7050000000001129], [100.80500000000298, 0.6850000000001133], [100.79500000000297, 0.6850000000001133], [100.79500000000297, 0.6750000000001135], [100.78500000000297, 0.6750000000001135], [100.78500000000297, 0.6550000000001139], [100.77500000000296, 0.6550000000001139], [100.77500000000296, 0.6350000000001144], [100.76500000000296, 0.6350000000001144], [100.76500000000296, 0.6250000000001146], [100.75500000000295, 0.6250000000001146], [100.75500000000295, 0.6150000000001148], [100.74500000000295, 0.6150000000001148], [100.74500000000295, 0.605000000000115], [100.56500000000285, 0.605000000000115], [100.56500000000285, 0.6150000000001148], [100.53500000000284, 0.6150000000001148], [100.53500000000284, 0.6250000000001146], [100.50500000000282, 0.6250000000001146], [100.50500000000282, 0.6350000000001144], [100.49500000000282, 0.6350000000001144], [100.49500000000282, 0.6550000000001139], [100.48500000000281, 0.6550000000001139], [100.48500000000281, 0.6850000000001133], [100.47500000000281, 0.6850000000001133], [100.47500000000281, 0.7150000000001127], [100.4650000000028, 0.7150000000001127], [100.4650000000028, 0.8250000000001103], [100.47500000000281, 0.8250000000001103], [100.47500000000281, 0.8750000000001092], [100.48500000000281, 0.8750000000001092], [100.48500000000281, 0.9050000000001086], [100.49500000000282, 0.9050000000001086], [100.49500000000282, 0.935000000000108], [100.50500000000282, 0.935000000000108], [100.50500000000282, 0.9450000000001078], [100.52500000000283, 0.9450000000001078], [100.52500000000283, 0.9550000000001075], [100.54500000000284, 0.9550000000001075], [100.54500000000284, 0.9450000000001078], [100.55500000000285, 0.9450000000001078], [100.55500000000285, 0.935000000000108], [100.56500000000285, 0.935000000000108], [100.56500000000285, 0.9250000000001082], [100.57500000000286, 0.9250000000001082], [100.57500000000286, 0.9150000000001084]]], [[[102.48500000000384, 0.9450000000001078], [102.48500000000384, 1.0050000000001065], [102.50500000000385, 1.0050000000001065], [102.50500000000385, 0.9450000000001078], [102.48500000000384, 0.9450000000001078]]], [[[100.69500000000292, 1.2250000000001018], [100.68500000000292, 1.2250000000001018], [100.68500000000292, 1.2550000000001011], [100.69500000000292, 1.2550000000001011], [100.69500000000292, 1.2750000000001007], [100.71500000000293, 1.2750000000001007], [100.71500000000293, 1.265000000000101], [100.72500000000294, 1.265000000000101], [100.72500000000294, 1.2450000000001014], [100.71500000000293, 1.2450000000001014], [100.71500000000293, 1.2350000000001016], [100.69500000000292, 1.2350000000001016], [100.69500000000292, 1.2250000000001018]]], [[[100.81500000000298, 1.2850000000001005], [100.83500000000299, 1.2850000000001005], [100.83500000000299, 1.2750000000001007], [100.81500000000298, 1.2750000000001007], [100.81500000000298, 1.2850000000001005]]], [[[100.78500000000297, 1.2950000000001003], [100.78500000000297, 1.3050000000001], [100.80500000000298, 1.3050000000001], [100.80500000000298, 1.2950000000001003], [100.81500000000298, 1.2950000000001003], [100.81500000000298, 1.2850000000001005], [100.79500000000297, 1.2850000000001005], [100.79500000000297, 1.2950000000001003], [100.78500000000297, 1.2950000000001003]]], [[[101.85500000000351, 1.685000000000092], [101.86500000000352, 1.685000000000092], [101.86500000000352, 1.6650000000000924], [101.85500000000351, 1.6650000000000924], [101.85500000000351, 1.6550000000000926], [101.8350000000035, 1.6550000000000926], [101.8350000000035, 1.6450000000000928], [101.8250000000035, 1.6450000000000928], [101.8250000000035, 1.635000000000093], [101.80500000000349, 1.635000000000093], [101.80500000000349, 1.6250000000000933], [101.79500000000348, 1.6250000000000933], [101.79500000000348, 1.6150000000000935], [101.78500000000348, 1.6150000000000935], [101.78500000000348, 1.6050000000000937], [101.77500000000347, 1.6050000000000937], [101.77500000000347, 1.595000000000094], [101.73500000000345, 1.595000000000094], [101.73500000000345, 1.6050000000000937], [101.72500000000345, 1.6050000000000937], [101.72500000000345, 1.6150000000000935], [101.71500000000344, 1.6150000000000935], [101.71500000000344, 1.6250000000000933], [101.70500000000344, 1.6250000000000933], [101.70500000000344, 1.6450000000000928], [101.69500000000343, 1.6450000000000928], [101.69500000000343, 1.6650000000000924], [101.68500000000343, 1.6650000000000924], [101.68500000000343, 1.685000000000092], [101.67500000000342, 1.685000000000092], [101.67500000000342, 1.7150000000000913], [101.66500000000342, 1.7150000000000913], [101.66500000000342, 1.77500000000009], [101.67500000000342, 1.77500000000009], [101.67500000000342, 1.8050000000000894], [101.72500000000345, 1.8050000000000894], [101.72500000000345, 1.8150000000000892], [101.77500000000347, 1.8150000000000892], [101.77500000000347, 1.825000000000089], [101.78500000000348, 1.825000000000089], [101.78500000000348, 1.8350000000000888], [101.79500000000348, 1.8350000000000888], [101.79500000000348, 1.8450000000000886], [101.80500000000349, 1.8450000000000886], [101.80500000000349, 1.8550000000000884], [101.8250000000035, 1.8550000000000884], [101.8250000000035, 1.8050000000000894], [101.8350000000035, 1.8050000000000894], [101.8350000000035, 1.7450000000000907], [101.84500000000351, 1.7450000000000907], [101.84500000000351, 1.7050000000000916], [101.85500000000351, 1.7050000000000916], [101.85500000000351, 1.685000000000092]]], [[[101.22500000000319, 2.0950000000000832], [101.26500000000321, 2.0950000000000832], [101.26500000000321, 2.0850000000000835], [101.29500000000323, 2.0850000000000835], [101.29500000000323, 2.0750000000000837], [101.31500000000324, 2.0750000000000837], [101.31500000000324, 2.055000000000084], [101.26500000000321, 2.055000000000084], [101.26500000000321, 2.0450000000000843], [101.2450000000032, 2.0450000000000843], [101.2450000000032, 2.0350000000000845], [101.22500000000319, 2.0350000000000845], [101.22500000000319, 2.015000000000085], [101.21500000000319, 2.015000000000085], [101.21500000000319, 2.005000000000085], [101.20500000000318, 2.005000000000085], [101.20500000000318, 1.9050000000000873], [101.19500000000318, 1.9050000000000873], [101.19500000000318, 1.8050000000000894], [101.20500000000318, 1.8050000000000894], [101.20500000000318, 1.7850000000000898], [101.21500000000319, 1.7850000000000898], [101.21500000000319, 1.77500000000009], [101.22500000000319, 1.77500000000009], [101.22500000000319, 1.7550000000000905], [101.2350000000032, 1.7550000000000905], [101.2350000000032, 1.7250000000000911], [101.2450000000032, 1.7250000000000911], [101.2450000000032, 1.7050000000000916], [101.25500000000321, 1.7050000000000916], [101.25500000000321, 1.6950000000000918], [101.26500000000321, 1.6950000000000918], [101.26500000000321, 1.7050000000000916], [101.27500000000322, 1.7050000000000916], [101.27500000000322, 1.7150000000000913], [101.28500000000322, 1.7150000000000913], [101.28500000000322, 1.735000000000091], [101.29500000000323, 1.735000000000091], [101.29500000000323, 1.7450000000000907], [101.30500000000323, 1.7450000000000907], [101.30500000000323, 1.7550000000000905], [101.31500000000324, 1.7550000000000905], [101.31500000000324, 1.7650000000000903], [101.33500000000325, 1.7650000000000903], [101.33500000000325, 1.77500000000009], [101.35500000000326, 1.77500000000009], [101.35500000000326, 1.7850000000000898], [101.37500000000327, 1.7850000000000898], [101.37500000000327, 1.7950000000000896], [101.39500000000328, 1.7950000000000896], [101.39500000000328, 1.8050000000000894], [101.4250000000033, 1.8050000000000894], [101.4250000000033, 1.8150000000000892], [101.4450000000033, 1.8150000000000892], [101.4450000000033, 1.825000000000089], [101.48500000000332, 1.825000000000089], [101.48500000000332, 1.8150000000000892], [101.49500000000333, 1.8150000000000892], [101.49500000000333, 1.8050000000000894], [101.58500000000338, 1.8050000000000894], [101.58500000000338, 1.7950000000000896], [101.59500000000338, 1.7950000000000896], [101.59500000000338, 1.7850000000000898], [101.61500000000339, 1.7850000000000898], [101.61500000000339, 1.77500000000009], [101.6250000000034, 1.77500000000009], [101.6250000000034, 1.7650000000000903], [101.6350000000034, 1.7650000000000903], [101.6350000000034, 1.7550000000000905], [101.6450000000034, 1.7550000000000905], [101.6450000000034, 1.5750000000000943], [101.61500000000339, 1.5750000000000943], [101.61500000000339, 1.5850000000000941], [101.57500000000337, 1.5850000000000941], [101.57500000000337, 1.595000000000094], [101.54500000000336, 1.595000000000094], [101.54500000000336, 1.6050000000000937], [101.52500000000335, 1.6050000000000937], [101.52500000000335, 1.6150000000000935], [101.50500000000334, 1.6150000000000935], [101.50500000000334, 1.6050000000000937], [101.49500000000333, 1.6050000000000937], [101.49500000000333, 1.5850000000000941], [101.48500000000332, 1.5850000000000941], [101.48500000000332, 1.545000000000095], [101.47500000000332, 1.545000000000095], [101.47500000000332, 1.495000000000096], [101.48500000000332, 1.495000000000096], [101.48500000000332, 1.4850000000000962], [101.54500000000336, 1.4850000000000962], [101.54500000000336, 1.4750000000000965], [101.56500000000337, 1.4750000000000965], [101.56500000000337, 1.4650000000000967], [101.48500000000332, 1.4650000000000967], [101.48500000000332, 1.4550000000000969], [101.4350000000033, 1.4550000000000969], [101.4350000000033, 1.445000000000097], [101.40500000000328, 1.445000000000097], [101.40500000000328, 1.4650000000000967], [101.41500000000329, 1.4650000000000967], [101.41500000000329, 1.4850000000000962], [101.4250000000033, 1.4850000000000962], [101.4250000000033, 1.5050000000000958], [101.41500000000329, 1.5050000000000958], [101.41500000000329, 1.5250000000000954], [101.40500000000328, 1.5250000000000954], [101.40500000000328, 1.5350000000000952], [101.39500000000328, 1.5350000000000952], [101.39500000000328, 1.545000000000095], [101.38500000000327, 1.545000000000095], [101.38500000000327, 1.5550000000000948], [101.36500000000326, 1.5550000000000948], [101.36500000000326, 1.5650000000000945], [101.34500000000325, 1.5650000000000945], [101.34500000000325, 1.5750000000000943], [101.32500000000324, 1.5750000000000943], [101.32500000000324, 1.5850000000000941], [101.28500000000322, 1.5850000000000941], [101.28500000000322, 1.595000000000094], [101.20500000000318, 1.595000000000094], [101.20500000000318, 1.5850000000000941], [101.16500000000316, 1.5850000000000941], [101.16500000000316, 1.5750000000000943], [101.14500000000315, 1.5750000000000943], [101.14500000000315, 1.5650000000000945], [101.12500000000314, 1.5650000000000945], [101.12500000000314, 1.5550000000000948], [101.11500000000314, 1.5550000000000948], [101.11500000000314, 1.545000000000095], [101.10500000000313, 1.545000000000095], [101.10500000000313, 1.5350000000000952], [101.09500000000313, 1.5350000000000952], [101.09500000000313, 1.5250000000000954], [101.08500000000312, 1.5250000000000954], [101.08500000000312, 1.5050000000000958], [101.07500000000312, 1.5050000000000958], [101.07500000000312, 1.4850000000000962], [101.06500000000311, 1.4850000000000962], [101.06500000000311, 1.4750000000000965], [101.0550000000031, 1.4750000000000965], [101.0550000000031, 1.4650000000000967], [101.0450000000031, 1.4650000000000967], [101.0450000000031, 1.4550000000000969], [101.0350000000031, 1.4550000000000969], [101.0350000000031, 1.445000000000097], [101.01500000000308, 1.445000000000097], [101.01500000000308, 1.4350000000000973], [100.99500000000307, 1.4350000000000973], [100.99500000000307, 1.445000000000097], [100.98500000000307, 1.445000000000097], [100.98500000000307, 1.4550000000000969], [100.97500000000306, 1.4550000000000969], [100.97500000000306, 1.4650000000000967], [100.96500000000306, 1.4650000000000967], [100.96500000000306, 1.495000000000096], [100.95500000000305, 1.495000000000096], [100.95500000000305, 1.6750000000000922], [100.94500000000305, 1.6750000000000922], [100.94500000000305, 1.735000000000091], [100.93500000000304, 1.735000000000091], [100.93500000000304, 1.7550000000000905], [100.91500000000303, 1.7550000000000905], [100.91500000000303, 1.7650000000000903], [100.90500000000303, 1.7650000000000903], [100.90500000000303, 1.77500000000009], [100.89500000000302, 1.77500000000009], [100.89500000000302, 1.7850000000000898], [100.88500000000302, 1.7850000000000898], [100.88500000000302, 1.8050000000000894], [100.87500000000301, 1.8050000000000894], [100.87500000000301, 1.825000000000089], [100.86500000000301, 1.825000000000089], [100.86500000000301, 1.8550000000000884], [100.855000000003, 1.8550000000000884], [100.855000000003, 1.8950000000000875], [100.845000000003, 1.8950000000000875], [100.845000000003, 1.9750000000000858], [100.83500000000299, 1.9750000000000858], [100.83500000000299, 2.005000000000085], [100.845000000003, 2.005000000000085], [100.845000000003, 2.0250000000000847], [100.855000000003, 2.0250000000000847], [100.855000000003, 2.0450000000000843], [100.86500000000301, 2.0450000000000843], [100.86500000000301, 2.055000000000084], [100.87500000000301, 2.055000000000084], [100.87500000000301, 2.065000000000084], [100.88500000000302, 2.065000000000084], [100.88500000000302, 2.0750000000000837], [100.89500000000302, 2.0750000000000837], [100.89500000000302, 2.0850000000000835], [100.90500000000303, 2.0850000000000835], [100.90500000000303, 2.0950000000000832], [100.91500000000303, 2.0950000000000832], [100.91500000000303, 2.105000000000083], [100.93500000000304, 2.105000000000083], [100.93500000000304, 2.115000000000083], [100.94500000000305, 2.115000000000083], [100.94500000000305, 2.1250000000000826], [100.97500000000306, 2.1250000000000826], [100.97500000000306, 2.1350000000000824], [101.07500000000312, 2.1350000000000824], [101.07500000000312, 2.1250000000000826], [101.13500000000315, 2.1250000000000826], [101.13500000000315, 2.115000000000083], [101.18500000000317, 2.115000000000083], [101.18500000000317, 2.105000000000083], [101.22500000000319, 2.105000000000083], [101.22500000000319, 2.0950000000000832]]], [[[100.22500000000268, 2.4950000000000747], [100.22500000000268, 2.485000000000075], [100.24500000000269, 2.485000000000075], [100.24500000000269, 2.475000000000075], [100.2550000000027, 2.475000000000075], [100.2550000000027, 2.4650000000000754], [100.2650000000027, 2.4650000000000754], [100.2650000000027, 2.445000000000076], [100.2750000000027, 2.445000000000076], [100.2750000000027, 2.4150000000000764], [100.28500000000271, 2.4150000000000764], [100.28500000000271, 2.395000000000077], [100.29500000000272, 2.395000000000077], [100.29500000000272, 2.3650000000000775], [100.30500000000272, 2.3650000000000775], [100.30500000000272, 2.335000000000078], [100.31500000000273, 2.335000000000078], [100.31500000000273, 2.3050000000000788], [100.32500000000273, 2.3050000000000788], [100.32500000000273, 2.2750000000000794], [100.33500000000274, 2.2750000000000794], [100.33500000000274, 2.2250000000000805], [100.32500000000273, 2.2250000000000805], [100.32500000000273, 2.205000000000081], [100.31500000000273, 2.205000000000081], [100.31500000000273, 2.195000000000081], [100.30500000000272, 2.195000000000081], [100.30500000000272, 2.1850000000000813], [100.29500000000272, 2.1850000000000813], [100.29500000000272, 2.1750000000000815], [100.28500000000271, 2.1750000000000815], [100.28500000000271, 2.1650000000000817], [100.2750000000027, 2.1650000000000817], [100.2750000000027, 2.155000000000082], [100.2550000000027, 2.155000000000082], [100.2550000000027, 2.145000000000082], [100.24500000000269, 2.145000000000082], [100.24500000000269, 2.155000000000082], [100.21500000000268, 2.155000000000082], [100.21500000000268, 2.1650000000000817], [100.22500000000268, 2.1650000000000817], [100.22500000000268, 2.1850000000000813], [100.23500000000269, 2.1850000000000813], [100.23500000000269, 2.205000000000081], [100.24500000000269, 2.205000000000081], [100.24500000000269, 2.2250000000000805], [100.2550000000027, 2.2250000000000805], [100.2550000000027, 2.25500000000008], [100.24500000000269, 2.25500000000008], [100.24500000000269, 2.2650000000000796], [100.23500000000269, 2.2650000000000796], [100.23500000000269, 2.2750000000000794], [100.21500000000268, 2.2750000000000794], [100.21500000000268, 2.285000000000079], [100.20500000000267, 2.285000000000079], [100.20500000000267, 2.295000000000079], [100.18500000000266, 2.295000000000079], [100.18500000000266, 2.3050000000000788], [100.17500000000265, 2.3050000000000788], [100.17500000000265, 2.3150000000000786], [100.16500000000265, 2.3150000000000786], [100.16500000000265, 2.3250000000000783], [100.15500000000264, 2.3250000000000783], [100.15500000000264, 2.335000000000078], [100.14500000000264, 2.335000000000078], [100.14500000000264, 2.345000000000078], [100.13500000000263, 2.345000000000078], [100.13500000000263, 2.3550000000000777], [100.12500000000263, 2.3550000000000777], [100.12500000000263, 2.3750000000000773], [100.11500000000262, 2.3750000000000773], [100.11500000000262, 2.385000000000077], [100.10500000000262, 2.385000000000077], [100.10500000000262, 2.4050000000000766], [100.09500000000261, 2.4050000000000766], [100.09500000000261, 2.425000000000076], [100.08500000000261, 2.425000000000076], [100.08500000000261, 2.445000000000076], [100.0750000000026, 2.445000000000076], [100.0750000000026, 2.4650000000000754], [100.0650000000026, 2.4650000000000754], [100.0650000000026, 2.525000000000074], [100.08500000000261, 2.525000000000074], [100.08500000000261, 2.5150000000000743], [100.13500000000263, 2.5150000000000743], [100.13500000000263, 2.5050000000000745], [100.18500000000266, 2.5050000000000745], [100.18500000000266, 2.4950000000000747], [100.22500000000268, 2.4950000000000747]]], [[[100.79500000000297, 2.485000000000075], [100.78500000000297, 2.485000000000075], [100.78500000000297, 2.4550000000000756], [100.77500000000296, 2.4550000000000756], [100.77500000000296, 2.4150000000000764], [100.76500000000296, 2.4150000000000764], [100.76500000000296, 2.385000000000077], [100.75500000000295, 2.385000000000077], [100.75500000000295, 2.3750000000000773], [100.74500000000295, 2.3750000000000773], [100.74500000000295, 2.395000000000077], [100.73500000000294, 2.395000000000077], [100.73500000000294, 2.4150000000000764], [100.72500000000294, 2.4150000000000764], [100.72500000000294, 2.435000000000076], [100.71500000000293, 2.435000000000076], [100.71500000000293, 2.4550000000000756], [100.70500000000293, 2.4550000000000756], [100.70500000000293, 2.4650000000000754], [100.69500000000292, 2.4650000000000754], [100.69500000000292, 2.475000000000075], [100.68500000000292, 2.475000000000075], [100.68500000000292, 2.485000000000075], [100.67500000000291, 2.485000000000075], [100.67500000000291, 2.4950000000000747], [100.6550000000029, 2.4950000000000747], [100.6550000000029, 2.5050000000000745], [100.6650000000029, 2.5050000000000745], [100.6650000000029, 2.5150000000000743], [100.68500000000292, 2.5150000000000743], [100.68500000000292, 2.525000000000074], [100.70500000000293, 2.525000000000074], [100.70500000000293, 2.535000000000074], [100.71500000000293, 2.535000000000074], [100.71500000000293, 2.5450000000000736], [100.76500000000296, 2.5450000000000736], [100.76500000000296, 2.535000000000074], [100.77500000000296, 2.535000000000074], [100.77500000000296, 2.5150000000000743], [100.78500000000297, 2.5150000000000743], [100.78500000000297, 2.5050000000000745], [100.79500000000297, 2.5050000000000745], [100.79500000000297, 2.485000000000075]]], [[[99.95500000000254, 2.4950000000000747], [99.96500000000255, 2.4950000000000747], [99.96500000000255, 2.485000000000075], [99.94500000000254, 2.485000000000075], [99.94500000000254, 2.5050000000000745], [99.95500000000254, 2.5050000000000745], [99.95500000000254, 2.4950000000000747]]], [[[101.52500000000335, 3.505000000000053], [101.52500000000335, 3.475000000000054], [101.51500000000334, 3.475000000000054], [101.51500000000334, 3.415000000000055], [101.50500000000334, 3.415000000000055], [101.50500000000334, 3.3850000000000557], [101.49500000000333, 3.3850000000000557], [101.49500000000333, 3.375000000000056], [101.48500000000332, 3.375000000000056], [101.48500000000332, 3.365000000000056], [101.47500000000332, 3.365000000000056], [101.47500000000332, 3.375000000000056], [101.45500000000331, 3.375000000000056], [101.45500000000331, 3.3850000000000557], [101.4450000000033, 3.3850000000000557], [101.4450000000033, 3.3950000000000555], [101.4350000000033, 3.3950000000000555], [101.4350000000033, 3.4050000000000553], [101.4250000000033, 3.4050000000000553], [101.4250000000033, 3.415000000000055], [101.41500000000329, 3.415000000000055], [101.41500000000329, 3.4350000000000547], [101.40500000000328, 3.4350000000000547], [101.40500000000328, 3.4550000000000542], [101.39500000000328, 3.4550000000000542], [101.39500000000328, 3.5450000000000523], [101.4250000000033, 3.5450000000000523], [101.4250000000033, 3.5350000000000525], [101.50500000000334, 3.5350000000000525], [101.50500000000334, 3.5250000000000528], [101.51500000000334, 3.5250000000000528], [101.51500000000334, 3.505000000000053], [101.52500000000335, 3.505000000000053]]], [[[101.02500000000309, 4.315000000000036], [101.0350000000031, 4.315000000000036], [101.0350000000031, 4.295000000000036], [101.0450000000031, 4.295000000000036], [101.0450000000031, 4.275000000000037], [101.0550000000031, 4.275000000000037], [101.0550000000031, 4.255000000000037], [101.06500000000311, 4.255000000000037], [101.06500000000311, 4.235000000000038], [101.0550000000031, 4.235000000000038], [101.0550000000031, 4.225000000000038], [101.0450000000031, 4.225000000000038], [101.0450000000031, 4.215000000000038], [101.0350000000031, 4.215000000000038], [101.0350000000031, 4.1950000000000385], [101.02500000000309, 4.1950000000000385], [101.02500000000309, 4.185000000000039], [101.01500000000308, 4.185000000000039], [101.01500000000308, 4.175000000000039], [101.00500000000308, 4.175000000000039], [101.00500000000308, 4.165000000000039], [100.99500000000307, 4.165000000000039], [100.99500000000307, 4.175000000000039], [100.97500000000306, 4.175000000000039], [100.97500000000306, 4.185000000000039], [100.96500000000306, 4.185000000000039], [100.96500000000306, 4.1950000000000385], [100.95500000000305, 4.1950000000000385], [100.95500000000305, 4.205000000000038], [100.94500000000305, 4.205000000000038], [100.94500000000305, 4.215000000000038], [100.93500000000304, 4.215000000000038], [100.93500000000304, 4.225000000000038], [100.91500000000303, 4.225000000000038], [100.91500000000303, 4.235000000000038], [100.90500000000303, 4.235000000000038], [100.90500000000303, 4.275000000000037], [100.91500000000303, 4.275000000000037], [100.91500000000303, 4.285000000000037], [100.92500000000304, 4.285000000000037], [100.92500000000304, 4.305000000000036], [100.93500000000304, 4.305000000000036], [100.93500000000304, 4.315000000000036], [100.94500000000305, 4.315000000000036], [100.94500000000305, 4.3350000000000355], [100.95500000000305, 4.3350000000000355], [100.95500000000305, 4.345000000000035], [100.96500000000306, 4.345000000000035], [100.96500000000306, 4.365000000000035], [100.97500000000306, 4.365000000000035], [100.97500000000306, 4.375000000000035], [100.98500000000307, 4.375000000000035], [100.98500000000307, 4.395000000000034], [100.99500000000307, 4.395000000000034], [100.99500000000307, 4.385000000000034], [101.00500000000308, 4.385000000000034], [101.00500000000308, 4.365000000000035], [101.01500000000308, 4.365000000000035], [101.01500000000308, 4.3350000000000355], [101.02500000000309, 4.3350000000000355], [101.02500000000309, 4.315000000000036]]], [[[103.26500000000424, 4.455000000000033], [103.25500000000423, 4.455000000000033], [103.25500000000423, 4.515000000000032], [103.34500000000428, 4.515000000000032], [103.34500000000428, 4.525000000000031], [103.41500000000431, 4.525000000000031], [103.41500000000431, 4.465000000000033], [103.32500000000427, 4.465000000000033], [103.32500000000427, 4.455000000000033], [103.29500000000425, 4.455000000000033], [103.29500000000425, 4.445000000000033], [103.26500000000424, 4.445000000000033], [103.26500000000424, 4.455000000000033]]], [[[103.04500000000412, 5.175000000000018], [103.04500000000412, 5.155000000000018], [103.05500000000413, 5.155000000000018], [103.05500000000413, 5.145000000000018], [103.06500000000413, 5.145000000000018], [103.06500000000413, 5.135000000000018], [103.07500000000414, 5.135000000000018], [103.07500000000414, 5.125000000000019], [103.08500000000414, 5.125000000000019], [103.08500000000414, 5.115000000000019], [103.09500000000415, 5.115000000000019], [103.09500000000415, 5.105000000000019], [103.10500000000415, 5.105000000000019], [103.10500000000415, 5.095000000000019], [103.11500000000416, 5.095000000000019], [103.11500000000416, 5.0850000000000195], [103.12500000000416, 5.0850000000000195], [103.12500000000416, 5.07500000000002], [103.13500000000417, 5.07500000000002], [103.13500000000417, 5.06500000000002], [103.14500000000417, 5.06500000000002], [103.14500000000417, 5.05500000000002], [103.15500000000418, 5.05500000000002], [103.15500000000418, 5.04500000000002], [103.17500000000419, 5.04500000000002], [103.17500000000419, 5.05500000000002], [103.1850000000042, 5.05500000000002], [103.1850000000042, 5.07500000000002], [103.1950000000042, 5.07500000000002], [103.1950000000042, 5.0850000000000195], [103.2050000000042, 5.0850000000000195], [103.2050000000042, 5.095000000000019], [103.21500000000421, 5.095000000000019], [103.21500000000421, 5.105000000000019], [103.22500000000421, 5.105000000000019], [103.22500000000421, 5.115000000000019], [103.25500000000423, 5.115000000000019], [103.25500000000423, 5.105000000000019], [103.26500000000424, 5.105000000000019], [103.26500000000424, 5.095000000000019], [103.27500000000424, 5.095000000000019], [103.27500000000424, 5.0850000000000195], [103.28500000000425, 5.0850000000000195], [103.28500000000425, 5.06500000000002], [103.29500000000425, 5.06500000000002], [103.29500000000425, 5.05500000000002], [103.30500000000426, 5.05500000000002], [103.30500000000426, 5.035000000000021], [103.31500000000426, 5.035000000000021], [103.31500000000426, 5.015000000000021], [103.32500000000427, 5.015000000000021], [103.32500000000427, 4.9450000000000225], [103.31500000000426, 4.9450000000000225], [103.31500000000426, 4.915000000000023], [103.30500000000426, 4.915000000000023], [103.30500000000426, 4.885000000000024], [103.29500000000425, 4.885000000000024], [103.29500000000425, 4.865000000000024], [103.28500000000425, 4.865000000000024], [103.28500000000425, 4.845000000000025], [103.27500000000424, 4.845000000000025], [103.27500000000424, 4.835000000000025], [103.26500000000424, 4.835000000000025], [103.26500000000424, 4.825000000000025], [103.25500000000423, 4.825000000000025], [103.25500000000423, 4.815000000000025], [103.1850000000042, 4.815000000000025], [103.1850000000042, 4.825000000000025], [103.17500000000419, 4.825000000000025], [103.17500000000419, 4.815000000000025], [103.16500000000418, 4.815000000000025], [103.16500000000418, 4.775000000000026], [103.15500000000418, 4.775000000000026], [103.15500000000418, 4.745000000000027], [103.14500000000417, 4.745000000000027], [103.14500000000417, 4.735000000000027], [103.13500000000417, 4.735000000000027], [103.13500000000417, 4.725000000000027], [103.12500000000416, 4.725000000000027], [103.12500000000416, 4.715000000000027], [103.10500000000415, 4.715000000000027], [103.10500000000415, 4.705000000000028], [103.08500000000414, 4.705000000000028], [103.08500000000414, 4.695000000000028], [103.05500000000413, 4.695000000000028], [103.05500000000413, 4.705000000000028], [103.03500000000412, 4.705000000000028], [103.03500000000412, 4.715000000000027], [103.01500000000411, 4.715000000000027], [103.01500000000411, 4.725000000000027], [102.9950000000041, 4.725000000000027], [102.9950000000041, 4.745000000000027], [102.98500000000409, 4.745000000000027], [102.98500000000409, 4.7550000000000265], [102.9950000000041, 4.7550000000000265], [102.9950000000041, 4.765000000000026], [103.0050000000041, 4.765000000000026], [103.0050000000041, 4.775000000000026], [103.02500000000411, 4.775000000000026], [103.02500000000411, 4.785000000000026], [103.03500000000412, 4.785000000000026], [103.03500000000412, 4.795000000000026], [103.05500000000413, 4.795000000000026], [103.05500000000413, 4.8050000000000255], [103.06500000000413, 4.8050000000000255], [103.06500000000413, 4.815000000000025], [103.07500000000414, 4.815000000000025], [103.07500000000414, 4.825000000000025], [103.0050000000041, 4.825000000000025], [103.0050000000041, 4.835000000000025], [102.98500000000409, 4.835000000000025], [102.98500000000409, 4.845000000000025], [102.97500000000409, 4.845000000000025], [102.97500000000409, 4.855000000000024], [102.96500000000408, 4.855000000000024], [102.96500000000408, 4.865000000000024], [102.95500000000408, 4.865000000000024], [102.95500000000408, 4.875000000000024], [102.94500000000407, 4.875000000000024], [102.94500000000407, 4.885000000000024], [102.93500000000407, 4.885000000000024], [102.93500000000407, 5.0850000000000195], [102.94500000000407, 5.0850000000000195], [102.94500000000407, 5.135000000000018], [102.95500000000408, 5.135000000000018], [102.95500000000408, 5.165000000000018], [102.96500000000408, 5.165000000000018], [102.96500000000408, 5.195000000000017], [102.97500000000409, 5.195000000000017], [102.97500000000409, 5.205000000000017], [102.98500000000409, 5.205000000000017], [102.98500000000409, 5.215000000000017], [103.01500000000411, 5.215000000000017], [103.01500000000411, 5.195000000000017], [103.02500000000411, 5.195000000000017], [103.02500000000411, 5.185000000000017], [103.03500000000412, 5.185000000000017], [103.03500000000412, 5.175000000000018], [103.04500000000412, 5.175000000000018]]], [[[102.64500000000392, 5.825000000000004], [102.65500000000392, 5.825000000000004], [102.65500000000392, 5.815000000000004], [102.66500000000393, 5.815000000000004], [102.66500000000393, 5.805000000000004], [102.67500000000393, 5.805000000000004], [102.67500000000393, 5.795000000000004], [102.68500000000394, 5.795000000000004], [102.68500000000394, 5.775000000000005], [102.69500000000394, 5.775000000000005], [102.69500000000394, 5.765000000000005], [102.70500000000395, 5.765000000000005], [102.70500000000395, 5.745000000000005], [102.71500000000395, 5.745000000000005], [102.71500000000395, 5.725000000000006], [102.72500000000396, 5.725000000000006], [102.72500000000396, 5.715000000000006], [102.73500000000396, 5.715000000000006], [102.73500000000396, 5.705000000000006], [102.74500000000397, 5.705000000000006], [102.74500000000397, 5.6950000000000065], [102.76500000000398, 5.6950000000000065], [102.76500000000398, 5.685000000000007], [102.78500000000399, 5.685000000000007], [102.78500000000399, 5.675000000000007], [102.805000000004, 5.675000000000007], [102.805000000004, 5.665000000000007], [102.815000000004, 5.665000000000007], [102.815000000004, 5.655000000000007], [102.795000000004, 5.655000000000007], [102.795000000004, 5.645000000000008], [102.75500000000397, 5.645000000000008], [102.75500000000397, 5.635000000000008], [102.74500000000397, 5.635000000000008], [102.74500000000397, 5.645000000000008], [102.70500000000395, 5.645000000000008], [102.70500000000395, 5.655000000000007], [102.67500000000393, 5.655000000000007], [102.67500000000393, 5.665000000000007], [102.65500000000392, 5.665000000000007], [102.65500000000392, 5.675000000000007], [102.63500000000391, 5.675000000000007], [102.63500000000391, 5.685000000000007], [102.62500000000391, 5.685000000000007], [102.62500000000391, 5.6950000000000065], [102.6150000000039, 5.6950000000000065], [102.6150000000039, 5.705000000000006], [102.6050000000039, 5.705000000000006], [102.6050000000039, 5.715000000000006], [102.59500000000389, 5.715000000000006], [102.59500000000389, 5.725000000000006], [102.58500000000389, 5.725000000000006], [102.58500000000389, 5.745000000000005], [102.57500000000388, 5.745000000000005], [102.57500000000388, 5.765000000000005], [102.58500000000389, 5.765000000000005], [102.58500000000389, 5.795000000000004], [102.59500000000389, 5.795000000000004], [102.59500000000389, 5.825000000000004], [102.6050000000039, 5.825000000000004], [102.6050000000039, 5.865000000000003], [102.6150000000039, 5.865000000000003], [102.6150000000039, 5.855000000000003], [102.62500000000391, 5.855000000000003], [102.62500000000391, 5.845000000000003], [102.63500000000391, 5.845000000000003], [102.63500000000391, 5.8350000000000035], [102.64500000000392, 5.8350000000000035], [102.64500000000392, 5.825000000000004]]], [[[102.51500000000385, 5.725000000000006], [102.48500000000384, 5.725000000000006], [102.48500000000384, 5.735000000000006], [102.47500000000383, 5.735000000000006], [102.47500000000383, 5.775000000000005], [102.48500000000384, 5.775000000000005], [102.48500000000384, 5.795000000000004], [102.49500000000384, 5.795000000000004], [102.49500000000384, 5.805000000000004], [102.50500000000385, 5.805000000000004], [102.50500000000385, 5.795000000000004], [102.51500000000385, 5.795000000000004], [102.51500000000385, 5.765000000000005], [102.52500000000386, 5.765000000000005], [102.52500000000386, 5.745000000000005], [102.51500000000385, 5.745000000000005], [102.51500000000385, 5.725000000000006]]], [[[112.99500000000921, -7.014999999999723], [112.99500000000921, -6.994999999999723], [113.00500000000922, -6.994999999999723], [113.00500000000922, -6.984999999999723], [113.03500000000923, -6.984999999999723], [113.03500000000923, -6.994999999999723], [113.02500000000923, -6.994999999999723], [113.02500000000923, -7.024999999999722], [113.01500000000922, -7.024999999999722], [113.01500000000922, -7.014999999999723], [112.99500000000921, -7.014999999999723]]], [[[113.03500000000923, -6.974999999999723], [113.04500000000924, -6.974999999999723], [113.04500000000924, -6.984999999999723], [113.03500000000923, -6.984999999999723], [113.03500000000923, -6.974999999999723]]], [[[111.36500000000838, -6.1249999999997415], [111.38500000000839, -6.1249999999997415], [111.38500000000839, -6.134999999999741], [111.3950000000084, -6.134999999999741], [111.3950000000084, -6.144999999999741], [111.4050000000084, -6.144999999999741], [111.4050000000084, -6.154999999999741], [111.4150000000084, -6.154999999999741], [111.4150000000084, -6.164999999999741], [111.42500000000841, -6.164999999999741], [111.42500000000841, -6.1749999999997405], [111.43500000000842, -6.1749999999997405], [111.43500000000842, -6.19499999999974], [111.44500000000842, -6.19499999999974], [111.44500000000842, -6.224999999999739], [111.45500000000843, -6.224999999999739], [111.45500000000843, -6.2649999999997386], [111.46500000000843, -6.2649999999997386], [111.46500000000843, -6.334999999999737], [111.47500000000844, -6.334999999999737], [111.47500000000844, -6.384999999999736], [111.48500000000844, -6.384999999999736], [111.48500000000844, -6.414999999999735], [111.49500000000845, -6.414999999999735], [111.49500000000845, -6.434999999999735], [111.50500000000845, -6.434999999999735], [111.50500000000845, -6.4549999999997345], [111.51500000000846, -6.4549999999997345], [111.51500000000846, -6.504999999999733], [111.50500000000845, -6.504999999999733], [111.50500000000845, -6.514999999999733], [111.49500000000845, -6.514999999999733], [111.49500000000845, -6.524999999999733], [111.46500000000843, -6.524999999999733], [111.46500000000843, -6.534999999999733], [111.43500000000842, -6.534999999999733], [111.43500000000842, -6.544999999999733], [111.4050000000084, -6.544999999999733], [111.4050000000084, -6.554999999999732], [111.36500000000838, -6.554999999999732], [111.36500000000838, -6.564999999999732], [111.32500000000836, -6.564999999999732], [111.32500000000836, -6.574999999999732], [111.28500000000834, -6.574999999999732], [111.28500000000834, -6.484999999999734], [111.27500000000833, -6.484999999999734], [111.27500000000833, -6.474999999999734], [111.26500000000833, -6.474999999999734], [111.26500000000833, -6.4549999999997345], [111.19500000000829, -6.4549999999997345], [111.19500000000829, -6.464999999999734], [111.16500000000828, -6.464999999999734], [111.16500000000828, -6.474999999999734], [111.12500000000826, -6.474999999999734], [111.12500000000826, -6.484999999999734], [111.09500000000824, -6.484999999999734], [111.09500000000824, -6.494999999999734], [111.06500000000823, -6.494999999999734], [111.06500000000823, -6.504999999999733], [111.05500000000822, -6.504999999999733], [111.05500000000822, -6.514999999999733], [111.04500000000822, -6.514999999999733], [111.04500000000822, -6.524999999999733], [111.0250000000082, -6.524999999999733], [111.0250000000082, -6.534999999999733], [111.0050000000082, -6.534999999999733], [111.0050000000082, -6.544999999999733], [110.75500000000807, -6.544999999999733], [110.75500000000807, -6.554999999999732], [110.72500000000805, -6.554999999999732], [110.72500000000805, -6.564999999999732], [110.71500000000805, -6.564999999999732], [110.71500000000805, -6.574999999999732], [110.69500000000804, -6.574999999999732], [110.69500000000804, -6.584999999999732], [110.68500000000803, -6.584999999999732], [110.68500000000803, -6.5949999999997315], [110.67500000000803, -6.5949999999997315], [110.67500000000803, -6.604999999999731], [110.65500000000802, -6.604999999999731], [110.65500000000802, -6.614999999999731], [110.64500000000801, -6.614999999999731], [110.64500000000801, -6.624999999999731], [110.635000000008, -6.624999999999731], [110.635000000008, -6.634999999999731], [110.625000000008, -6.634999999999731], [110.625000000008, -6.6449999999997305], [110.615000000008, -6.6449999999997305], [110.615000000008, -6.65499999999973], [110.60500000000799, -6.65499999999973], [110.60500000000799, -6.66499999999973], [110.59500000000799, -6.66499999999973], [110.59500000000799, -6.68499999999973], [110.58500000000798, -6.68499999999973], [110.58500000000798, -6.694999999999729], [110.57500000000798, -6.694999999999729], [110.57500000000798, -6.714999999999729], [110.56500000000797, -6.714999999999729], [110.56500000000797, -6.724999999999729], [110.55500000000796, -6.724999999999729], [110.55500000000796, -6.744999999999728], [110.54500000000796, -6.744999999999728], [110.54500000000796, -6.754999999999728], [110.53500000000795, -6.754999999999728], [110.53500000000795, -6.764999999999728], [110.52500000000795, -6.764999999999728], [110.52500000000795, -6.7849999999997275], [110.47500000000792, -6.7849999999997275], [110.47500000000792, -6.774999999999728], [110.4350000000079, -6.774999999999728], [110.4350000000079, -6.764999999999728], [110.4150000000079, -6.764999999999728], [110.4150000000079, -6.754999999999728], [110.39500000000788, -6.754999999999728], [110.39500000000788, -6.714999999999729], [110.40500000000789, -6.714999999999729], [110.40500000000789, -6.694999999999729], [110.4150000000079, -6.694999999999729], [110.4150000000079, -6.67499999999973], [110.4250000000079, -6.67499999999973], [110.4250000000079, -6.65499999999973], [110.4350000000079, -6.65499999999973], [110.4350000000079, -6.634999999999731], [110.44500000000791, -6.634999999999731], [110.44500000000791, -6.614999999999731], [110.45500000000791, -6.614999999999731], [110.45500000000791, -6.604999999999731], [110.46500000000792, -6.604999999999731], [110.46500000000792, -6.584999999999732], [110.47500000000792, -6.584999999999732], [110.47500000000792, -6.574999999999732], [110.48500000000793, -6.574999999999732], [110.48500000000793, -6.564999999999732], [110.49500000000793, -6.564999999999732], [110.49500000000793, -6.544999999999733], [110.50500000000794, -6.544999999999733], [110.50500000000794, -6.534999999999733], [110.51500000000794, -6.534999999999733], [110.51500000000794, -6.514999999999733], [110.52500000000795, -6.514999999999733], [110.52500000000795, -6.504999999999733], [110.53500000000795, -6.504999999999733], [110.53500000000795, -6.484999999999734], [110.54500000000796, -6.484999999999734], [110.54500000000796, -6.474999999999734], [110.56500000000797, -6.474999999999734], [110.56500000000797, -6.464999999999734], [110.57500000000798, -6.464999999999734], [110.57500000000798, -6.4549999999997345], [110.60500000000799, -6.4549999999997345], [110.60500000000799, -6.444999999999735], [110.635000000008, -6.444999999999735], [110.635000000008, -6.434999999999735], [110.68500000000803, -6.434999999999735], [110.68500000000803, -6.424999999999735], [110.77500000000808, -6.424999999999735], [110.77500000000808, -6.414999999999735], [110.87500000000813, -6.414999999999735], [110.87500000000813, -6.404999999999736], [110.95500000000817, -6.404999999999736], [110.95500000000817, -6.394999999999736], [111.0050000000082, -6.394999999999736], [111.0050000000082, -6.384999999999736], [111.0150000000082, -6.384999999999736], [111.0150000000082, -6.374999999999736], [111.03500000000821, -6.374999999999736], [111.03500000000821, -6.364999999999736], [111.04500000000822, -6.364999999999736], [111.04500000000822, -6.344999999999737], [111.05500000000822, -6.344999999999737], [111.05500000000822, -6.334999999999737], [111.06500000000823, -6.334999999999737], [111.06500000000823, -6.3149999999997375], [111.07500000000823, -6.3149999999997375], [111.07500000000823, -6.294999999999738], [111.08500000000824, -6.294999999999738], [111.08500000000824, -6.274999999999738], [111.09500000000824, -6.274999999999738], [111.09500000000824, -6.244999999999739], [111.10500000000825, -6.244999999999739], [111.10500000000825, -6.21499999999974], [111.11500000000825, -6.21499999999974], [111.11500000000825, -6.19499999999974], [111.12500000000826, -6.19499999999974], [111.12500000000826, -6.1749999999997405], [111.13500000000826, -6.1749999999997405], [111.13500000000826, -6.164999999999741], [111.14500000000827, -6.164999999999741], [111.14500000000827, -6.154999999999741], [111.15500000000827, -6.154999999999741], [111.15500000000827, -6.144999999999741], [111.16500000000828, -6.144999999999741], [111.16500000000828, -6.134999999999741], [111.17500000000828, -6.134999999999741], [111.17500000000828, -6.1249999999997415], [111.18500000000829, -6.1249999999997415], [111.18500000000829, -6.114999999999742], [111.2050000000083, -6.114999999999742], [111.2050000000083, -6.104999999999742], [111.2150000000083, -6.104999999999742], [111.2150000000083, -6.094999999999742], [111.24500000000832, -6.094999999999742], [111.24500000000832, -6.084999999999742], [111.27500000000833, -6.084999999999742], [111.27500000000833, -6.094999999999742], [111.31500000000835, -6.094999999999742], [111.31500000000835, -6.104999999999742], [111.34500000000837, -6.104999999999742], [111.34500000000837, -6.114999999999742], [111.36500000000838, -6.114999999999742], [111.36500000000838, -6.1249999999997415]]], [[[112.04500000000873, -6.094999999999742], [112.04500000000873, -6.104999999999742], [112.05500000000873, -6.104999999999742], [112.05500000000873, -6.114999999999742], [112.06500000000874, -6.114999999999742], [112.06500000000874, -6.1249999999997415], [112.07500000000874, -6.1249999999997415], [112.07500000000874, -6.134999999999741], [112.08500000000875, -6.134999999999741], [112.08500000000875, -6.144999999999741], [112.09500000000875, -6.144999999999741], [112.09500000000875, -6.164999999999741], [112.10500000000876, -6.164999999999741], [112.10500000000876, -6.1749999999997405], [112.11500000000876, -6.1749999999997405], [112.11500000000876, -6.19499999999974], [112.12500000000877, -6.19499999999974], [112.12500000000877, -6.20499999999974], [112.13500000000877, -6.20499999999974], [112.13500000000877, -6.224999999999739], [112.14500000000878, -6.224999999999739], [112.14500000000878, -6.244999999999739], [112.15500000000878, -6.244999999999739], [112.15500000000878, -6.254999999999739], [112.16500000000879, -6.254999999999739], [112.16500000000879, -6.2649999999997386], [112.1850000000088, -6.2649999999997386], [112.1850000000088, -6.274999999999738], [112.20500000000881, -6.274999999999738], [112.20500000000881, -6.284999999999738], [112.22500000000882, -6.284999999999738], [112.22500000000882, -6.294999999999738], [112.30500000000886, -6.294999999999738], [112.30500000000886, -6.284999999999738], [112.34500000000888, -6.284999999999738], [112.34500000000888, -6.274999999999738], [112.3850000000089, -6.274999999999738], [112.3850000000089, -6.2649999999997386], [112.41500000000892, -6.2649999999997386], [112.41500000000892, -6.254999999999739], [112.44500000000893, -6.254999999999739], [112.44500000000893, -6.244999999999739], [112.46500000000894, -6.244999999999739], [112.46500000000894, -6.234999999999739], [112.51500000000897, -6.234999999999739], [112.51500000000897, -6.244999999999739], [112.52500000000897, -6.244999999999739], [112.52500000000897, -6.254999999999739], [112.53500000000898, -6.254999999999739], [112.53500000000898, -6.2649999999997386], [112.54500000000898, -6.2649999999997386], [112.54500000000898, -6.274999999999738], [112.55500000000899, -6.274999999999738], [112.55500000000899, -6.284999999999738], [112.565000000009, -6.284999999999738], [112.565000000009, -6.294999999999738], [112.575000000009, -6.294999999999738], [112.575000000009, -6.3149999999997375], [112.585000000009, -6.3149999999997375], [112.585000000009, -6.324999999999737], [112.59500000000901, -6.324999999999737], [112.59500000000901, -6.334999999999737], [112.60500000000901, -6.334999999999737], [112.60500000000901, -6.344999999999737], [112.61500000000902, -6.344999999999737], [112.61500000000902, -6.364999999999736], [112.62500000000902, -6.364999999999736], [112.62500000000902, -6.374999999999736], [112.63500000000903, -6.374999999999736], [112.63500000000903, -6.384999999999736], [112.64500000000903, -6.384999999999736], [112.64500000000903, -6.404999999999736], [112.65500000000904, -6.404999999999736], [112.65500000000904, -6.414999999999735], [112.66500000000904, -6.414999999999735], [112.66500000000904, -6.434999999999735], [112.67500000000905, -6.434999999999735], [112.67500000000905, -6.444999999999735], [112.68500000000905, -6.444999999999735], [112.68500000000905, -6.464999999999734], [112.69500000000906, -6.464999999999734], [112.69500000000906, -6.474999999999734], [112.70500000000906, -6.474999999999734], [112.70500000000906, -6.494999999999734], [112.71500000000907, -6.494999999999734], [112.71500000000907, -6.514999999999733], [112.72500000000908, -6.514999999999733], [112.72500000000908, -6.534999999999733], [112.73500000000908, -6.534999999999733], [112.73500000000908, -6.544999999999733], [112.74500000000909, -6.544999999999733], [112.74500000000909, -6.554999999999732], [112.7850000000091, -6.554999999999732], [112.7850000000091, -6.544999999999733], [112.81500000000912, -6.544999999999733], [112.81500000000912, -6.534999999999733], [112.82500000000913, -6.534999999999733], [112.82500000000913, -6.524999999999733], [112.83500000000913, -6.524999999999733], [112.83500000000913, -6.504999999999733], [112.84500000000914, -6.504999999999733], [112.84500000000914, -6.494999999999734], [112.85500000000914, -6.494999999999734], [112.85500000000914, -6.484999999999734], [112.87500000000915, -6.484999999999734], [112.87500000000915, -6.474999999999734], [112.89500000000916, -6.474999999999734], [112.89500000000916, -6.464999999999734], [112.91500000000917, -6.464999999999734], [112.91500000000917, -6.4549999999997345], [112.93500000000918, -6.4549999999997345], [112.93500000000918, -6.444999999999735], [112.95500000000919, -6.444999999999735], [112.95500000000919, -6.434999999999735], [112.9750000000092, -6.434999999999735], [112.9750000000092, -6.424999999999735], [113.07500000000925, -6.424999999999735], [113.07500000000925, -6.434999999999735], [113.12500000000928, -6.434999999999735], [113.12500000000928, -6.444999999999735], [113.14500000000929, -6.444999999999735], [113.14500000000929, -6.474999999999734], [113.13500000000928, -6.474999999999734], [113.13500000000928, -6.514999999999733], [113.12500000000928, -6.514999999999733], [113.12500000000928, -6.554999999999732], [113.08500000000926, -6.554999999999732], [113.08500000000926, -6.564999999999732], [113.02500000000923, -6.564999999999732], [113.02500000000923, -6.574999999999732], [112.95500000000919, -6.574999999999732], [112.95500000000919, -6.584999999999732], [112.91500000000917, -6.584999999999732], [112.91500000000917, -6.5949999999997315], [112.89500000000916, -6.5949999999997315], [112.89500000000916, -6.604999999999731], [112.88500000000916, -6.604999999999731], [112.88500000000916, -6.624999999999731], [112.87500000000915, -6.624999999999731], [112.87500000000915, -6.68499999999973], [112.86500000000915, -6.68499999999973], [112.86500000000915, -6.714999999999729], [112.82500000000913, -6.714999999999729], [112.82500000000913, -6.704999999999729], [112.7850000000091, -6.704999999999729], [112.7850000000091, -6.694999999999729], [112.74500000000909, -6.694999999999729], [112.74500000000909, -6.704999999999729], [112.72500000000908, -6.704999999999729], [112.72500000000908, -6.714999999999729], [112.71500000000907, -6.714999999999729], [112.71500000000907, -6.724999999999729], [112.69500000000906, -6.724999999999729], [112.69500000000906, -6.7349999999997285], [112.66500000000904, -6.7349999999997285], [112.66500000000904, -6.744999999999728], [112.61500000000902, -6.744999999999728], [112.61500000000902, -6.754999999999728], [112.565000000009, -6.754999999999728], [112.565000000009, -6.764999999999728], [112.50500000000896, -6.764999999999728], [112.50500000000896, -6.774999999999728], [112.49500000000896, -6.774999999999728], [112.49500000000896, -6.764999999999728], [112.42500000000892, -6.764999999999728], [112.42500000000892, -6.754999999999728], [112.36500000000889, -6.754999999999728], [112.36500000000889, -6.744999999999728], [112.29500000000886, -6.744999999999728], [112.29500000000886, -6.7349999999997285], [112.1950000000088, -6.7349999999997285], [112.1950000000088, -6.744999999999728], [112.15500000000878, -6.744999999999728], [112.15500000000878, -6.754999999999728], [112.12500000000877, -6.754999999999728], [112.12500000000877, -6.764999999999728], [112.10500000000876, -6.764999999999728], [112.10500000000876, -6.774999999999728], [112.08500000000875, -6.774999999999728], [112.08500000000875, -6.7849999999997275], [112.05500000000873, -6.7849999999997275], [112.05500000000873, -6.794999999999727], [112.02500000000872, -6.794999999999727], [112.02500000000872, -6.804999999999727], [112.0050000000087, -6.804999999999727], [112.0050000000087, -6.794999999999727], [111.9950000000087, -6.794999999999727], [111.9950000000087, -6.7849999999997275], [111.9850000000087, -6.7849999999997275], [111.9850000000087, -6.774999999999728], [111.97500000000869, -6.774999999999728], [111.97500000000869, -6.754999999999728], [111.96500000000869, -6.754999999999728], [111.96500000000869, -6.744999999999728], [111.95500000000868, -6.744999999999728], [111.95500000000868, -6.724999999999729], [111.94500000000868, -6.724999999999729], [111.94500000000868, -6.704999999999729], [111.93500000000867, -6.704999999999729], [111.93500000000867, -6.68499999999973], [111.92500000000867, -6.68499999999973], [111.92500000000867, -6.66499999999973], [111.91500000000866, -6.66499999999973], [111.91500000000866, -6.6449999999997305], [111.90500000000866, -6.6449999999997305], [111.90500000000866, -6.624999999999731], [111.89500000000865, -6.624999999999731], [111.89500000000865, -6.604999999999731], [111.88500000000865, -6.604999999999731], [111.88500000000865, -6.584999999999732], [111.87500000000864, -6.584999999999732], [111.87500000000864, -6.554999999999732], [111.86500000000864, -6.554999999999732], [111.86500000000864, -6.534999999999733], [111.85500000000863, -6.534999999999733], [111.85500000000863, -6.514999999999733], [111.84500000000862, -6.514999999999733], [111.84500000000862, -6.464999999999734], [111.83500000000862, -6.464999999999734], [111.83500000000862, -6.414999999999735], [111.82500000000861, -6.414999999999735], [111.82500000000861, -6.374999999999736], [111.81500000000861, -6.374999999999736], [111.81500000000861, -6.354999999999737], [111.8050000000086, -6.354999999999737], [111.8050000000086, -6.324999999999737], [111.7950000000086, -6.324999999999737], [111.7950000000086, -6.304999999999738], [111.7850000000086, -6.304999999999738], [111.7850000000086, -6.284999999999738], [111.77500000000859, -6.284999999999738], [111.77500000000859, -6.274999999999738], [111.76500000000858, -6.274999999999738], [111.76500000000858, -6.2649999999997386], [111.75500000000858, -6.2649999999997386], [111.75500000000858, -6.234999999999739], [111.76500000000858, -6.234999999999739], [111.76500000000858, -6.224999999999739], [111.77500000000859, -6.224999999999739], [111.77500000000859, -6.20499999999974], [111.7850000000086, -6.20499999999974], [111.7850000000086, -6.19499999999974], [111.7950000000086, -6.19499999999974], [111.7950000000086, -6.18499999999974], [111.8050000000086, -6.18499999999974], [111.8050000000086, -6.1749999999997405], [111.81500000000861, -6.1749999999997405], [111.81500000000861, -6.164999999999741], [111.82500000000861, -6.164999999999741], [111.82500000000861, -6.154999999999741], [111.84500000000862, -6.154999999999741], [111.84500000000862, -6.144999999999741], [111.85500000000863, -6.144999999999741], [111.85500000000863, -6.134999999999741], [111.86500000000864, -6.134999999999741], [111.86500000000864, -6.1249999999997415], [111.88500000000865, -6.1249999999997415], [111.88500000000865, -6.114999999999742], [111.89500000000865, -6.114999999999742], [111.89500000000865, -6.104999999999742], [111.91500000000866, -6.104999999999742], [111.91500000000866, -6.094999999999742], [111.92500000000867, -6.094999999999742], [111.92500000000867, -6.084999999999742], [111.94500000000868, -6.084999999999742], [111.94500000000868, -6.074999999999743], [111.96500000000869, -6.074999999999743], [111.96500000000869, -6.064999999999743], [112.01500000000871, -6.064999999999743], [112.01500000000871, -6.074999999999743], [112.02500000000872, -6.074999999999743], [112.02500000000872, -6.084999999999742], [112.03500000000872, -6.084999999999742], [112.03500000000872, -6.094999999999742], [112.04500000000873, -6.094999999999742]], [[111.93500000000867, -6.544999999999733], [111.94500000000868, -6.544999999999733], [111.94500000000868, -6.574999999999732], [111.95500000000868, -6.574999999999732], [111.95500000000868, -6.5949999999997315], [111.96500000000869, -6.5949999999997315], [111.96500000000869, -6.614999999999731], [111.97500000000869, -6.614999999999731], [111.97500000000869, -6.624999999999731], [111.9850000000087, -6.624999999999731], [111.9850000000087, -6.6449999999997305], [112.0050000000087, -6.6449999999997305], [112.0050000000087, -6.634999999999731], [112.01500000000871, -6.634999999999731], [112.01500000000871, -6.614999999999731], [112.02500000000872, -6.614999999999731], [112.02500000000872, -6.564999999999732], [112.03500000000872, -6.564999999999732], [112.03500000000872, -6.494999999999734], [112.02500000000872, -6.494999999999734], [112.02500000000872, -6.484999999999734], [112.01500000000871, -6.484999999999734], [112.01500000000871, -6.474999999999734], [111.96500000000869, -6.474999999999734], [111.96500000000869, -6.484999999999734], [111.94500000000868, -6.484999999999734], [111.94500000000868, -6.494999999999734], [111.92500000000867, -6.494999999999734], [111.92500000000867, -6.524999999999733], [111.93500000000867, -6.524999999999733], [111.93500000000867, -6.544999999999733]]], [[[108.8550000000071, -5.884999999999747], [108.8750000000071, -5.884999999999747], [108.8750000000071, -5.894999999999746], [108.89500000000712, -5.894999999999746], [108.89500000000712, -5.904999999999746], [108.90500000000712, -5.904999999999746], [108.90500000000712, -5.914999999999746], [108.91500000000713, -5.914999999999746], [108.91500000000713, -5.924999999999746], [108.92500000000713, -5.924999999999746], [108.92500000000713, -5.934999999999746], [108.93500000000714, -5.934999999999746], [108.93500000000714, -5.954999999999745], [108.94500000000714, -5.954999999999745], [108.94500000000714, -5.974999999999745], [108.95500000000715, -5.974999999999745], [108.95500000000715, -5.994999999999744], [108.96500000000715, -5.994999999999744], [108.96500000000715, -6.014999999999744], [108.97500000000716, -6.014999999999744], [108.97500000000716, -6.044999999999743], [108.98500000000716, -6.044999999999743], [108.98500000000716, -6.114999999999742], [108.99500000000717, -6.114999999999742], [108.99500000000717, -6.244999999999739], [109.00500000000717, -6.244999999999739], [109.00500000000717, -6.254999999999739], [109.01500000000718, -6.254999999999739], [109.01500000000718, -6.064999999999743], [109.02500000000718, -6.064999999999743], [109.02500000000718, -5.974999999999745], [109.03500000000719, -5.974999999999745], [109.03500000000719, -5.944999999999745], [109.04500000000719, -5.944999999999745], [109.04500000000719, -5.934999999999746], [109.0550000000072, -5.934999999999746], [109.0550000000072, -5.924999999999746], [109.0650000000072, -5.924999999999746], [109.0650000000072, -5.914999999999746], [109.07500000000721, -5.914999999999746], [109.07500000000721, -5.904999999999746], [109.08500000000721, -5.904999999999746], [109.08500000000721, -5.894999999999746], [109.10500000000722, -5.894999999999746], [109.10500000000722, -5.884999999999747], [109.13500000000724, -5.884999999999747], [109.13500000000724, -5.874999999999747], [109.19500000000727, -5.874999999999747], [109.19500000000727, -5.864999999999747], [109.2650000000073, -5.864999999999747], [109.2650000000073, -5.874999999999747], [109.28500000000732, -5.874999999999747], [109.28500000000732, -5.884999999999747], [109.29500000000732, -5.884999999999747], [109.29500000000732, -5.894999999999746], [109.30500000000733, -5.894999999999746], [109.30500000000733, -5.904999999999746], [109.31500000000733, -5.904999999999746], [109.31500000000733, -5.914999999999746], [109.32500000000734, -5.914999999999746], [109.32500000000734, -5.924999999999746], [109.33500000000734, -5.924999999999746], [109.33500000000734, -5.934999999999746], [109.34500000000735, -5.934999999999746], [109.34500000000735, -5.944999999999745], [109.35500000000735, -5.944999999999745], [109.35500000000735, -5.954999999999745], [109.36500000000736, -5.954999999999745], [109.36500000000736, -5.974999999999745], [109.37500000000736, -5.974999999999745], [109.37500000000736, -5.994999999999744], [109.38500000000737, -5.994999999999744], [109.38500000000737, -6.024999999999744], [109.39500000000737, -6.024999999999744], [109.39500000000737, -6.054999999999743], [109.40500000000738, -6.054999999999743], [109.40500000000738, -6.074999999999743], [109.41500000000738, -6.074999999999743], [109.41500000000738, -6.094999999999742], [109.42500000000739, -6.094999999999742], [109.42500000000739, -6.104999999999742], [109.43500000000739, -6.104999999999742], [109.43500000000739, -6.1249999999997415], [109.4450000000074, -6.1249999999997415], [109.4450000000074, -6.134999999999741], [109.4550000000074, -6.134999999999741], [109.4550000000074, -6.154999999999741], [109.46500000000741, -6.154999999999741], [109.46500000000741, -6.164999999999741], [109.47500000000741, -6.164999999999741], [109.47500000000741, -6.1749999999997405], [109.49500000000742, -6.1749999999997405], [109.49500000000742, -6.18499999999974], [109.72500000000754, -6.18499999999974], [109.72500000000754, -6.1749999999997405], [109.75500000000756, -6.1749999999997405], [109.75500000000756, -6.18499999999974], [109.81500000000759, -6.18499999999974], [109.81500000000759, -6.19499999999974], [109.8450000000076, -6.19499999999974], [109.8450000000076, -6.20499999999974], [109.86500000000761, -6.20499999999974], [109.86500000000761, -6.21499999999974], [109.88500000000762, -6.21499999999974], [109.88500000000762, -6.224999999999739], [109.89500000000763, -6.224999999999739], [109.89500000000763, -6.244999999999739], [109.90500000000763, -6.244999999999739], [109.90500000000763, -6.254999999999739], [109.91500000000764, -6.254999999999739], [109.91500000000764, -6.2649999999997386], [109.92500000000764, -6.2649999999997386], [109.92500000000764, -6.274999999999738], [109.93500000000765, -6.274999999999738], [109.93500000000765, -6.284999999999738], [109.94500000000765, -6.284999999999738], [109.94500000000765, -6.294999999999738], [109.95500000000766, -6.294999999999738], [109.95500000000766, -6.304999999999738], [109.96500000000766, -6.304999999999738], [109.96500000000766, -6.3149999999997375], [109.97500000000767, -6.3149999999997375], [109.97500000000767, -6.334999999999737], [109.98500000000767, -6.334999999999737], [109.98500000000767, -6.344999999999737], [109.99500000000768, -6.344999999999737], [109.99500000000768, -6.364999999999736], [110.00500000000768, -6.364999999999736], [110.00500000000768, -6.404999999999736], [110.01500000000769, -6.404999999999736], [110.01500000000769, -6.434999999999735], [110.0250000000077, -6.434999999999735], [110.0250000000077, -6.4549999999997345], [110.0350000000077, -6.4549999999997345], [110.0350000000077, -6.474999999999734], [110.0450000000077, -6.474999999999734], [110.0450000000077, -6.514999999999733], [110.0250000000077, -6.514999999999733], [110.0250000000077, -6.524999999999733], [110.01500000000769, -6.524999999999733], [110.01500000000769, -6.534999999999733], [109.99500000000768, -6.534999999999733], [109.99500000000768, -6.544999999999733], [109.96500000000766, -6.544999999999733], [109.96500000000766, -6.554999999999732], [109.95500000000766, -6.554999999999732], [109.95500000000766, -6.544999999999733], [109.94500000000765, -6.544999999999733], [109.94500000000765, -6.524999999999733], [109.93500000000765, -6.524999999999733], [109.93500000000765, -6.514999999999733], [109.92500000000764, -6.514999999999733], [109.92500000000764, -6.504999999999733], [109.90500000000763, -6.504999999999733], [109.90500000000763, -6.494999999999734], [109.89500000000763, -6.494999999999734], [109.89500000000763, -6.484999999999734], [109.87500000000762, -6.484999999999734], [109.87500000000762, -6.474999999999734], [109.8550000000076, -6.474999999999734], [109.8550000000076, -6.464999999999734], [109.8350000000076, -6.464999999999734], [109.8350000000076, -6.4549999999997345], [109.82500000000759, -6.4549999999997345], [109.82500000000759, -6.444999999999735], [109.80500000000758, -6.444999999999735], [109.80500000000758, -6.434999999999735], [109.79500000000758, -6.434999999999735], [109.79500000000758, -6.424999999999735], [109.77500000000757, -6.424999999999735], [109.77500000000757, -6.414999999999735], [109.76500000000756, -6.414999999999735], [109.76500000000756, -6.404999999999736], [109.66500000000751, -6.404999999999736], [109.66500000000751, -6.414999999999735], [109.59500000000747, -6.414999999999735], [109.59500000000747, -6.424999999999735], [109.53500000000744, -6.424999999999735], [109.53500000000744, -6.434999999999735], [109.50500000000743, -6.434999999999735], [109.50500000000743, -6.444999999999735], [109.49500000000742, -6.444999999999735], [109.49500000000742, -6.474999999999734], [109.48500000000742, -6.474999999999734], [109.48500000000742, -6.504999999999733], [109.47500000000741, -6.504999999999733], [109.47500000000741, -6.514999999999733], [109.46500000000741, -6.514999999999733], [109.46500000000741, -6.524999999999733], [109.4550000000074, -6.524999999999733], [109.4550000000074, -6.534999999999733], [109.4450000000074, -6.534999999999733], [109.4450000000074, -6.544999999999733], [109.43500000000739, -6.544999999999733], [109.43500000000739, -6.554999999999732], [109.42500000000739, -6.554999999999732], [109.42500000000739, -6.564999999999732], [109.41500000000738, -6.564999999999732], [109.41500000000738, -6.574999999999732], [109.40500000000738, -6.574999999999732], [109.40500000000738, -6.584999999999732], [109.39500000000737, -6.584999999999732], [109.39500000000737, -6.5949999999997315], [109.37500000000736, -6.5949999999997315], [109.37500000000736, -6.604999999999731], [109.36500000000736, -6.604999999999731], [109.36500000000736, -6.614999999999731], [109.34500000000735, -6.614999999999731], [109.34500000000735, -6.624999999999731], [109.32500000000734, -6.624999999999731], [109.32500000000734, -6.634999999999731], [109.31500000000733, -6.634999999999731], [109.31500000000733, -6.6449999999997305], [109.28500000000732, -6.6449999999997305], [109.28500000000732, -6.65499999999973], [109.17500000000726, -6.65499999999973], [109.17500000000726, -6.6449999999997305], [109.12500000000723, -6.6449999999997305], [109.12500000000723, -6.634999999999731], [109.09500000000722, -6.634999999999731], [109.09500000000722, -6.624999999999731], [109.0650000000072, -6.624999999999731], [109.0650000000072, -6.614999999999731], [109.04500000000719, -6.614999999999731], [109.04500000000719, -6.604999999999731], [109.03500000000719, -6.604999999999731], [109.03500000000719, -6.5949999999997315], [109.01500000000718, -6.5949999999997315], [109.01500000000718, -6.584999999999732], [109.00500000000717, -6.584999999999732], [109.00500000000717, -6.574999999999732], [108.99500000000717, -6.574999999999732], [108.99500000000717, -6.584999999999732], [108.98500000000716, -6.584999999999732], [108.98500000000716, -6.604999999999731], [108.97500000000716, -6.604999999999731], [108.97500000000716, -6.614999999999731], [108.96500000000715, -6.614999999999731], [108.96500000000715, -6.634999999999731], [108.95500000000715, -6.634999999999731], [108.95500000000715, -6.65499999999973], [108.94500000000714, -6.65499999999973], [108.94500000000714, -6.66499999999973], [108.93500000000714, -6.66499999999973], [108.93500000000714, -6.68499999999973], [108.92500000000713, -6.68499999999973], [108.92500000000713, -6.704999999999729], [108.91500000000713, -6.704999999999729], [108.91500000000713, -6.714999999999729], [108.90500000000712, -6.714999999999729], [108.90500000000712, -6.724999999999729], [108.8750000000071, -6.724999999999729], [108.8750000000071, -6.714999999999729], [108.8550000000071, -6.714999999999729], [108.8550000000071, -6.704999999999729], [108.82500000000708, -6.704999999999729], [108.82500000000708, -6.694999999999729], [108.78500000000706, -6.694999999999729], [108.78500000000706, -6.68499999999973], [108.75500000000704, -6.68499999999973], [108.75500000000704, -6.67499999999973], [108.73500000000703, -6.67499999999973], [108.73500000000703, -6.66499999999973], [108.72500000000703, -6.66499999999973], [108.72500000000703, -6.65499999999973], [108.71500000000702, -6.65499999999973], [108.71500000000702, -6.6449999999997305], [108.70500000000702, -6.6449999999997305], [108.70500000000702, -6.634999999999731], [108.68500000000701, -6.634999999999731], [108.68500000000701, -6.624999999999731], [108.675000000007, -6.624999999999731], [108.675000000007, -6.614999999999731], [108.665000000007, -6.614999999999731], [108.665000000007, -6.554999999999732], [108.675000000007, -6.554999999999732], [108.675000000007, -6.494999999999734], [108.665000000007, -6.494999999999734], [108.665000000007, -6.4549999999997345], [108.65500000000699, -6.4549999999997345], [108.65500000000699, -6.424999999999735], [108.64500000000699, -6.424999999999735], [108.64500000000699, -6.394999999999736], [108.63500000000698, -6.394999999999736], [108.63500000000698, -6.364999999999736], [108.62500000000698, -6.364999999999736], [108.62500000000698, -6.334999999999737], [108.61500000000697, -6.334999999999737], [108.61500000000697, -6.3149999999997375], [108.60500000000697, -6.3149999999997375], [108.60500000000697, -6.284999999999738], [108.59500000000696, -6.284999999999738], [108.59500000000696, -6.2649999999997386], [108.58500000000696, -6.2649999999997386], [108.58500000000696, -6.21499999999974], [108.59500000000696, -6.21499999999974], [108.59500000000696, -6.1749999999997405], [108.60500000000697, -6.1749999999997405], [108.60500000000697, -6.144999999999741], [108.61500000000697, -6.144999999999741], [108.61500000000697, -6.114999999999742], [108.62500000000698, -6.114999999999742], [108.62500000000698, -6.084999999999742], [108.63500000000698, -6.084999999999742], [108.63500000000698, -6.064999999999743], [108.64500000000699, -6.064999999999743], [108.64500000000699, -6.054999999999743], [108.65500000000699, -6.054999999999743], [108.65500000000699, -6.0349999999997435], [108.665000000007, -6.0349999999997435], [108.665000000007, -6.024999999999744], [108.675000000007, -6.024999999999744], [108.675000000007, -6.004999999999744], [108.68500000000701, -6.004999999999744], [108.68500000000701, -5.9849999999997445], [108.69500000000701, -5.9849999999997445], [108.69500000000701, -5.964999999999745], [108.70500000000702, -5.964999999999745], [108.70500000000702, -5.934999999999746], [108.71500000000702, -5.934999999999746], [108.71500000000702, -5.904999999999746], [108.72500000000703, -5.904999999999746], [108.72500000000703, -5.884999999999747], [108.73500000000703, -5.884999999999747], [108.73500000000703, -5.864999999999747], [108.74500000000704, -5.864999999999747], [108.74500000000704, -5.854999999999747], [108.75500000000704, -5.854999999999747], [108.75500000000704, -5.8449999999997475], [108.77500000000705, -5.8449999999997475], [108.77500000000705, -5.854999999999747], [108.80500000000707, -5.854999999999747], [108.80500000000707, -5.864999999999747], [108.83500000000708, -5.864999999999747], [108.83500000000708, -5.874999999999747], [108.8550000000071, -5.874999999999747], [108.8550000000071, -5.884999999999747]]], [[[107.28500000000629, -6.074999999999743], [107.27500000000629, -6.074999999999743], [107.27500000000629, -6.1249999999997415], [107.26500000000628, -6.1249999999997415], [107.26500000000628, -6.164999999999741], [107.25500000000628, -6.164999999999741], [107.25500000000628, -6.18499999999974], [107.24500000000627, -6.18499999999974], [107.24500000000627, -6.164999999999741], [107.23500000000627, -6.164999999999741], [107.23500000000627, -6.104999999999742], [107.22500000000626, -6.104999999999742], [107.22500000000626, -6.024999999999744], [107.21500000000626, -6.024999999999744], [107.21500000000626, -6.004999999999744], [107.22500000000626, -6.004999999999744], [107.22500000000626, -5.9849999999997445], [107.23500000000627, -5.9849999999997445], [107.23500000000627, -5.974999999999745], [107.26500000000628, -5.974999999999745], [107.26500000000628, -5.9849999999997445], [107.28500000000629, -5.9849999999997445], [107.28500000000629, -5.994999999999744], [107.2950000000063, -5.994999999999744], [107.2950000000063, -6.0349999999997435], [107.28500000000629, -6.0349999999997435], [107.28500000000629, -6.074999999999743]]], [[[106.80500000000605, -5.404999999999757], [106.80500000000605, -5.414999999999757], [106.81500000000605, -5.414999999999757], [106.81500000000605, -5.4249999999997565], [106.77500000000603, -5.4249999999997565], [106.77500000000603, -5.414999999999757], [106.725000000006, -5.414999999999757], [106.725000000006, -5.4249999999997565], [106.705000000006, -5.4249999999997565], [106.705000000006, -5.434999999999756], [106.68500000000599, -5.434999999999756], [106.68500000000599, -5.444999999999756], [106.67500000000598, -5.444999999999756], [106.67500000000598, -5.454999999999756], [106.66500000000597, -5.454999999999756], [106.66500000000597, -5.464999999999756], [106.65500000000597, -5.464999999999756], [106.65500000000597, -5.474999999999755], [106.64500000000596, -5.474999999999755], [106.64500000000596, -5.504999999999755], [106.63500000000596, -5.504999999999755], [106.63500000000596, -5.554999999999754], [106.62500000000595, -5.554999999999754], [106.62500000000595, -5.594999999999753], [106.61500000000595, -5.594999999999753], [106.61500000000595, -5.614999999999752], [106.60500000000594, -5.614999999999752], [106.60500000000594, -5.634999999999752], [106.59500000000594, -5.634999999999752], [106.59500000000594, -5.644999999999752], [106.58500000000593, -5.644999999999752], [106.58500000000593, -5.654999999999752], [106.57500000000593, -5.654999999999752], [106.57500000000593, -5.664999999999751], [106.56500000000592, -5.664999999999751], [106.56500000000592, -5.674999999999751], [106.55500000000592, -5.674999999999751], [106.55500000000592, -5.684999999999751], [106.53500000000591, -5.684999999999751], [106.53500000000591, -5.694999999999751], [106.5150000000059, -5.694999999999751], [106.5150000000059, -5.684999999999751], [106.5250000000059, -5.684999999999751], [106.5250000000059, -5.674999999999751], [106.53500000000591, -5.674999999999751], [106.53500000000591, -5.664999999999751], [106.54500000000591, -5.664999999999751], [106.54500000000591, -5.654999999999752], [106.55500000000592, -5.654999999999752], [106.55500000000592, -5.634999999999752], [106.56500000000592, -5.634999999999752], [106.56500000000592, -5.604999999999753], [106.57500000000593, -5.604999999999753], [106.57500000000593, -5.574999999999753], [106.58500000000593, -5.574999999999753], [106.58500000000593, -5.524999999999754], [106.59500000000594, -5.524999999999754], [106.59500000000594, -5.484999999999755], [106.60500000000594, -5.484999999999755], [106.60500000000594, -5.464999999999756], [106.61500000000595, -5.464999999999756], [106.61500000000595, -5.444999999999756], [106.62500000000595, -5.444999999999756], [106.62500000000595, -5.434999999999756], [106.63500000000596, -5.434999999999756], [106.63500000000596, -5.4249999999997565], [106.64500000000596, -5.4249999999997565], [106.64500000000596, -5.414999999999757], [106.65500000000597, -5.414999999999757], [106.65500000000597, -5.404999999999757], [106.67500000000598, -5.404999999999757], [106.67500000000598, -5.394999999999757], [106.69500000000599, -5.394999999999757], [106.69500000000599, -5.384999999999757], [106.725000000006, -5.384999999999757], [106.725000000006, -5.3749999999997575], [106.75500000000602, -5.3749999999997575], [106.75500000000602, -5.384999999999757], [106.77500000000603, -5.384999999999757], [106.77500000000603, -5.394999999999757], [106.79500000000604, -5.394999999999757], [106.79500000000604, -5.404999999999757], [106.80500000000605, -5.404999999999757]]], [[[106.81500000000605, -5.4249999999997565], [106.82500000000606, -5.4249999999997565], [106.82500000000606, -5.434999999999756], [106.81500000000605, -5.434999999999756], [106.81500000000605, -5.4249999999997565]]], [[[118.79500000001218, -3.5349999999997967], [118.78500000001218, -3.5349999999997967], [118.78500000001218, -3.5449999999997965], [118.77500000001217, -3.5449999999997965], [118.77500000001217, -3.5549999999997963], [118.75500000001216, -3.5549999999997963], [118.75500000001216, -3.564999999999796], [118.73500000001215, -3.564999999999796], [118.73500000001215, -3.574999999999796], [118.70500000001213, -3.574999999999796], [118.70500000001213, -3.5849999999997957], [118.68500000001212, -3.5849999999997957], [118.68500000001212, -3.5349999999997967], [118.67500000001212, -3.5349999999997967], [118.67500000001212, -3.4949999999997976], [118.68500000001212, -3.4949999999997976], [118.68500000001212, -3.484999999999798], [118.69500000001213, -3.484999999999798], [118.69500000001213, -3.474999999999798], [118.71500000001214, -3.474999999999798], [118.71500000001214, -3.4649999999997982], [118.72500000001214, -3.4649999999997982], [118.72500000001214, -3.4549999999997985], [118.74500000001215, -3.4549999999997985], [118.74500000001215, -3.4449999999997987], [118.76500000001217, -3.4449999999997987], [118.76500000001217, -3.4549999999997985], [118.79500000001218, -3.4549999999997985], [118.79500000001218, -3.4649999999997982], [118.80500000001219, -3.4649999999997982], [118.80500000001219, -3.524999999999797], [118.79500000001218, -3.524999999999797], [118.79500000001218, -3.5349999999997967]]], [[[111.54500000000847, -3.1149999999998057], [111.54500000000847, -3.1349999999998053], [111.55500000000848, -3.1349999999998053], [111.55500000000848, -3.154999999999805], [111.56500000000848, -3.154999999999805], [111.56500000000848, -3.1749999999998044], [111.57500000000849, -3.1749999999998044], [111.57500000000849, -3.204999999999804], [111.58500000000849, -3.204999999999804], [111.58500000000849, -3.234999999999803], [111.5950000000085, -3.234999999999803], [111.5950000000085, -3.2649999999998025], [111.58500000000849, -3.2649999999998025], [111.58500000000849, -3.284999999999802], [111.57500000000849, -3.284999999999802], [111.57500000000849, -3.294999999999802], [111.56500000000848, -3.294999999999802], [111.56500000000848, -3.3149999999998014], [111.55500000000848, -3.3149999999998014], [111.55500000000848, -3.3249999999998012], [111.54500000000847, -3.3249999999998012], [111.54500000000847, -3.334999999999801], [111.53500000000847, -3.334999999999801], [111.53500000000847, -3.3549999999998006], [111.52500000000846, -3.3549999999998006], [111.52500000000846, -3.3649999999998004], [111.51500000000846, -3.3649999999998004], [111.51500000000846, -3.3749999999998], [111.49500000000845, -3.3749999999998], [111.49500000000845, -3.3649999999998004], [111.48500000000844, -3.3649999999998004], [111.48500000000844, -3.3549999999998006], [111.47500000000844, -3.3549999999998006], [111.47500000000844, -3.344999999999801], [111.46500000000843, -3.344999999999801], [111.46500000000843, -3.334999999999801], [111.45500000000843, -3.334999999999801], [111.45500000000843, -3.3149999999998014], [111.44500000000842, -3.3149999999998014], [111.44500000000842, -3.3049999999998017], [111.43500000000842, -3.3049999999998017], [111.43500000000842, -3.284999999999802], [111.42500000000841, -3.284999999999802], [111.42500000000841, -3.2649999999998025], [111.4150000000084, -3.2649999999998025], [111.4150000000084, -3.2149999999998036], [111.42500000000841, -3.2149999999998036], [111.42500000000841, -3.184999999999804], [111.43500000000842, -3.184999999999804], [111.43500000000842, -3.1649999999998046], [111.44500000000842, -3.1649999999998046], [111.44500000000842, -3.1349999999998053], [111.45500000000843, -3.1349999999998053], [111.45500000000843, -3.1149999999998057], [111.46500000000843, -3.1149999999998057], [111.46500000000843, -3.094999999999806], [111.47500000000844, -3.094999999999806], [111.47500000000844, -3.0849999999998063], [111.48500000000844, -3.0849999999998063], [111.48500000000844, -3.0649999999998068], [111.51500000000846, -3.0649999999998068], [111.51500000000846, -3.0849999999998063], [111.52500000000846, -3.0849999999998063], [111.52500000000846, -3.094999999999806], [111.53500000000847, -3.094999999999806], [111.53500000000847, -3.1149999999998057], [111.54500000000847, -3.1149999999998057]]], [[[118.01500000001178, -3.2649999999998025], [117.99500000001177, -3.2649999999998025], [117.99500000001177, -3.2549999999998027], [117.98500000001177, -3.2549999999998027], [117.98500000001177, -2.9849999999998085], [117.99500000001177, -2.9849999999998085], [117.99500000001177, -2.9749999999998087], [118.00500000001178, -2.9749999999998087], [118.00500000001178, -2.9849999999998085], [118.01500000001178, -2.9849999999998085], [118.01500000001178, -2.9949999999998083], [118.02500000001179, -2.9949999999998083], [118.02500000001179, -3.154999999999805], [118.01500000001178, -3.154999999999805], [118.01500000001178, -3.2649999999998025]]], [[[116.53500000001102, -3.0849999999998063], [116.54500000001103, -3.0849999999998063], [116.54500000001103, -3.2249999999998034], [116.43500000001097, -3.2249999999998034], [116.43500000001097, -3.204999999999804], [116.44500000001098, -3.204999999999804], [116.44500000001098, -3.154999999999805], [116.45500000001098, -3.154999999999805], [116.45500000001098, -3.0849999999998063], [116.46500000001099, -3.0849999999998063], [116.46500000001099, -2.9849999999998085], [116.475000000011, -2.9849999999998085], [116.475000000011, -2.9449999999998093], [116.485000000011, -2.9449999999998093], [116.485000000011, -2.91499999999981], [116.495000000011, -2.91499999999981], [116.495000000011, -2.8949999999998104], [116.50500000001101, -2.8949999999998104], [116.50500000001101, -2.90499999999981], [116.51500000001101, -2.90499999999981], [116.51500000001101, -2.9249999999998098], [116.52500000001102, -2.9249999999998098], [116.52500000001102, -2.964999999999809], [116.53500000001102, -2.964999999999809], [116.53500000001102, -3.0849999999998063]]], [[[116.80500000001116, -2.2749999999998236], [116.80500000001116, -2.2849999999998234], [116.79500000001116, -2.2849999999998234], [116.79500000001116, -2.294999999999823], [116.78500000001115, -2.294999999999823], [116.78500000001115, -2.304999999999823], [116.77500000001115, -2.304999999999823], [116.77500000001115, -2.3149999999998228], [116.74500000001113, -2.3149999999998228], [116.74500000001113, -2.294999999999823], [116.75500000001114, -2.294999999999823], [116.75500000001114, -2.264999999999824], [116.76500000001114, -2.264999999999824], [116.76500000001114, -2.254999999999824], [116.80500000001116, -2.254999999999824], [116.80500000001116, -2.2449999999998242], [116.83500000001118, -2.2449999999998242], [116.83500000001118, -2.254999999999824], [116.82500000001117, -2.254999999999824], [116.82500000001117, -2.264999999999824], [116.81500000001117, -2.264999999999824], [116.81500000001117, -2.2749999999998236], [116.80500000001116, -2.2749999999998236]]], [[[109.32500000000734, 0.7850000000001112], [109.33500000000734, 0.7850000000001112], [109.33500000000734, 0.7650000000001116], [109.34500000000735, 0.7650000000001116], [109.34500000000735, 0.7350000000001122], [109.33500000000734, 0.7350000000001122], [109.33500000000734, 0.745000000000112], [109.32500000000734, 0.745000000000112], [109.32500000000734, 0.7850000000001112]]], [[[111.49500000000845, 1.0050000000001065], [111.51500000000846, 1.0050000000001065], [111.51500000000846, 0.9950000000001067], [111.49500000000845, 0.9950000000001067], [111.49500000000845, 1.0050000000001065]]], [[[111.16500000000828, 1.7050000000000916], [111.15500000000827, 1.7050000000000916], [111.15500000000827, 1.685000000000092], [111.14500000000827, 1.685000000000092], [111.14500000000827, 1.6650000000000924], [111.13500000000826, 1.6650000000000924], [111.13500000000826, 1.6550000000000926], [111.12500000000826, 1.6550000000000926], [111.12500000000826, 1.6450000000000928], [111.10500000000825, 1.6450000000000928], [111.10500000000825, 1.6550000000000926], [111.09500000000824, 1.6550000000000926], [111.09500000000824, 1.6650000000000924], [111.07500000000823, 1.6650000000000924], [111.07500000000823, 1.6750000000000922], [111.06500000000823, 1.6750000000000922], [111.06500000000823, 1.685000000000092], [111.04500000000822, 1.685000000000092], [111.04500000000822, 1.6950000000000918], [111.03500000000821, 1.6950000000000918], [111.03500000000821, 1.7050000000000916], [111.0250000000082, 1.7050000000000916], [111.0250000000082, 1.7150000000000913], [111.0150000000082, 1.7150000000000913], [111.0150000000082, 1.7250000000000911], [110.99500000000819, 1.7250000000000911], [110.99500000000819, 1.735000000000091], [110.93500000000816, 1.735000000000091], [110.93500000000816, 1.7450000000000907], [110.94500000000816, 1.7450000000000907], [110.94500000000816, 1.7650000000000903], [110.95500000000817, 1.7650000000000903], [110.95500000000817, 1.77500000000009], [110.96500000000817, 1.77500000000009], [110.96500000000817, 1.7950000000000896], [110.97500000000818, 1.7950000000000896], [110.97500000000818, 1.8050000000000894], [110.98500000000818, 1.8050000000000894], [110.98500000000818, 1.8150000000000892], [111.0050000000082, 1.8150000000000892], [111.0050000000082, 1.825000000000089], [111.17500000000828, 1.825000000000089], [111.17500000000828, 1.7950000000000896], [111.18500000000829, 1.7950000000000896], [111.18500000000829, 1.7450000000000907], [111.17500000000828, 1.7450000000000907], [111.17500000000828, 1.7150000000000913], [111.16500000000828, 1.7150000000000913], [111.16500000000828, 1.7050000000000916]]], [[[117.37500000001145, 2.015000000000085], [117.38500000001146, 2.015000000000085], [117.38500000001146, 2.005000000000085], [117.37500000001145, 2.005000000000085], [117.37500000001145, 2.015000000000085]]], [[[117.28500000001141, 2.115000000000083], [117.29500000001141, 2.115000000000083], [117.29500000001141, 2.105000000000083], [117.30500000001142, 2.105000000000083], [117.30500000001142, 2.0950000000000832], [117.31500000001142, 2.0950000000000832], [117.31500000001142, 2.0750000000000837], [117.32500000001143, 2.0750000000000837], [117.32500000001143, 2.065000000000084], [117.33500000001143, 2.065000000000084], [117.33500000001143, 2.0450000000000843], [117.34500000001144, 2.0450000000000843], [117.34500000001144, 2.0250000000000847], [117.35500000001144, 2.0250000000000847], [117.35500000001144, 2.005000000000085], [117.37500000001145, 2.005000000000085], [117.37500000001145, 1.9850000000000856], [117.35500000001144, 1.9850000000000856], [117.35500000001144, 1.9550000000000862], [117.34500000001144, 1.9550000000000862], [117.34500000001144, 1.9450000000000864], [117.33500000001143, 1.9450000000000864], [117.33500000001143, 1.9350000000000867], [117.32500000001143, 1.9350000000000867], [117.32500000001143, 1.9250000000000869], [117.31500000001142, 1.9250000000000869], [117.31500000001142, 1.915000000000087], [117.29500000001141, 1.915000000000087], [117.29500000001141, 1.9250000000000869], [117.2650000000114, 1.9250000000000869], [117.2650000000114, 1.9350000000000867], [117.24500000001139, 1.9350000000000867], [117.24500000001139, 1.9250000000000869], [117.23500000001138, 1.9250000000000869], [117.23500000001138, 1.915000000000087], [117.22500000001138, 1.915000000000087], [117.22500000001138, 1.9050000000000873], [117.21500000001137, 1.9050000000000873], [117.21500000001137, 1.8950000000000875], [117.19500000001136, 1.8950000000000875], [117.19500000001136, 1.9050000000000873], [117.18500000001136, 1.9050000000000873], [117.18500000001136, 1.915000000000087], [117.17500000001135, 1.915000000000087], [117.17500000001135, 1.9250000000000869], [117.16500000001135, 1.9250000000000869], [117.16500000001135, 1.9350000000000867], [117.15500000001134, 1.9350000000000867], [117.15500000001134, 1.9450000000000864], [117.14500000001134, 1.9450000000000864], [117.14500000001134, 1.9550000000000862], [117.13500000001133, 1.9550000000000862], [117.13500000001133, 1.965000000000086], [117.12500000001133, 1.965000000000086], [117.12500000001133, 1.9750000000000858], [117.11500000001132, 1.9750000000000858], [117.11500000001132, 1.9850000000000856], [117.10500000001132, 1.9850000000000856], [117.10500000001132, 1.9950000000000854], [117.09500000001131, 1.9950000000000854], [117.09500000001131, 2.015000000000085], [117.10500000001132, 2.015000000000085], [117.10500000001132, 2.0450000000000843], [117.11500000001132, 2.0450000000000843], [117.11500000001132, 2.065000000000084], [117.12500000001133, 2.065000000000084], [117.12500000001133, 2.0850000000000835], [117.13500000001133, 2.0850000000000835], [117.13500000001133, 2.0950000000000832], [117.14500000001134, 2.0950000000000832], [117.14500000001134, 2.105000000000083], [117.15500000001134, 2.105000000000083], [117.15500000001134, 2.115000000000083], [117.16500000001135, 2.115000000000083], [117.16500000001135, 2.1250000000000826], [117.17500000001135, 2.1250000000000826], [117.17500000001135, 2.1350000000000824], [117.19500000001136, 2.1350000000000824], [117.19500000001136, 2.145000000000082], [117.20500000001137, 2.145000000000082], [117.20500000001137, 2.155000000000082], [117.23500000001138, 2.155000000000082], [117.23500000001138, 2.1650000000000817], [117.25500000001139, 2.1650000000000817], [117.25500000001139, 2.155000000000082], [117.2650000000114, 2.155000000000082], [117.2650000000114, 2.145000000000082], [117.2750000000114, 2.145000000000082], [117.2750000000114, 2.1350000000000824], [117.28500000001141, 2.1350000000000824], [117.28500000001141, 2.115000000000083]]], [[[118.39500000001198, 2.065000000000084], [118.40500000001198, 2.065000000000084], [118.40500000001198, 2.055000000000084], [118.37500000001197, 2.055000000000084], [118.37500000001197, 2.0850000000000835], [118.39500000001198, 2.0850000000000835], [118.39500000001198, 2.065000000000084]]], [[[116.59500000001105, 2.3750000000000773], [116.59500000001105, 2.3050000000000788], [116.60500000001106, 2.3050000000000788], [116.60500000001106, 2.24500000000008], [116.59500000001105, 2.24500000000008], [116.59500000001105, 2.2350000000000803], [116.58500000001105, 2.2350000000000803], [116.58500000001105, 2.2250000000000805], [116.57500000001104, 2.2250000000000805], [116.57500000001104, 2.2150000000000807], [116.56500000001104, 2.2150000000000807], [116.56500000001104, 2.205000000000081], [116.54500000001103, 2.205000000000081], [116.54500000001103, 2.195000000000081], [116.52500000001102, 2.195000000000081], [116.52500000001102, 2.1850000000000813], [116.485000000011, 2.1850000000000813], [116.485000000011, 2.195000000000081], [116.495000000011, 2.195000000000081], [116.495000000011, 2.2250000000000805], [116.50500000001101, 2.2250000000000805], [116.50500000001101, 2.24500000000008], [116.51500000001101, 2.24500000000008], [116.51500000001101, 2.2750000000000794], [116.52500000001102, 2.2750000000000794], [116.52500000001102, 2.335000000000078], [116.53500000001102, 2.335000000000078], [116.53500000001102, 2.385000000000077], [116.54500000001103, 2.385000000000077], [116.54500000001103, 2.425000000000076], [116.55500000001103, 2.425000000000076], [116.55500000001103, 2.435000000000076], [116.56500000001104, 2.435000000000076], [116.56500000001104, 2.425000000000076], [116.57500000001104, 2.425000000000076], [116.57500000001104, 2.4050000000000766], [116.58500000001105, 2.4050000000000766], [116.58500000001105, 2.3750000000000773], [116.59500000001105, 2.3750000000000773]]], [[[116.79500000001116, 2.6050000000000724], [116.80500000001116, 2.6050000000000724], [116.80500000001116, 2.585000000000073], [116.81500000001117, 2.585000000000073], [116.81500000001117, 2.575000000000073], [116.80500000001116, 2.575000000000073], [116.80500000001116, 2.565000000000073], [116.79500000001116, 2.565000000000073], [116.79500000001116, 2.5550000000000734], [116.78500000001115, 2.5550000000000734], [116.78500000001115, 2.5450000000000736], [116.77500000001115, 2.5450000000000736], [116.77500000001115, 2.535000000000074], [116.76500000001114, 2.535000000000074], [116.76500000001114, 2.525000000000074], [116.74500000001113, 2.525000000000074], [116.74500000001113, 2.5150000000000743], [116.6750000000111, 2.5150000000000743], [116.6750000000111, 2.5050000000000745], [116.56500000001104, 2.5050000000000745], [116.56500000001104, 2.6450000000000715], [116.63500000001108, 2.6450000000000715], [116.63500000001108, 2.6550000000000713], [116.75500000001114, 2.6550000000000713], [116.75500000001114, 2.6450000000000715], [116.77500000001115, 2.6450000000000715], [116.77500000001115, 2.6350000000000717], [116.78500000001115, 2.6350000000000717], [116.78500000001115, 2.615000000000072], [116.79500000001116, 2.615000000000072], [116.79500000001116, 2.6050000000000724]]], [[[118.54500000001205, 2.72500000000007], [118.53500000001205, 2.72500000000007], [118.53500000001205, 2.71500000000007], [118.52500000001204, 2.71500000000007], [118.52500000001204, 2.6950000000000705], [118.51500000001204, 2.6950000000000705], [118.51500000001204, 2.6850000000000707], [118.50500000001203, 2.6850000000000707], [118.50500000001203, 2.675000000000071], [118.49500000001203, 2.675000000000071], [118.49500000001203, 2.6850000000000707], [118.48500000001202, 2.6850000000000707], [118.48500000001202, 2.6950000000000705], [118.47500000001202, 2.6950000000000705], [118.47500000001202, 2.72500000000007], [118.46500000001201, 2.72500000000007], [118.46500000001201, 2.7750000000000687], [118.47500000001202, 2.7750000000000687], [118.47500000001202, 2.7850000000000685], [118.48500000001202, 2.7850000000000685], [118.48500000001202, 2.805000000000068], [118.51500000001204, 2.805000000000068], [118.51500000001204, 2.7950000000000683], [118.52500000001204, 2.7950000000000683], [118.52500000001204, 2.7850000000000685], [118.53500000001205, 2.7850000000000685], [118.53500000001205, 2.7750000000000687], [118.54500000001205, 2.7750000000000687], [118.54500000001205, 2.72500000000007]]], [[[113.77500000000961, 2.945000000000065], [113.77500000000961, 2.9250000000000655], [113.76500000000961, 2.9250000000000655], [113.76500000000961, 2.9150000000000658], [113.7550000000096, 2.9150000000000658], [113.7550000000096, 2.905000000000066], [113.7450000000096, 2.905000000000066], [113.7450000000096, 2.895000000000066], [113.73500000000959, 2.895000000000066], [113.73500000000959, 2.905000000000066], [113.69500000000957, 2.905000000000066], [113.69500000000957, 2.9150000000000658], [113.65500000000955, 2.9150000000000658], [113.65500000000955, 2.9250000000000655], [113.62500000000954, 2.9250000000000655], [113.62500000000954, 2.9350000000000653], [113.61500000000953, 2.9350000000000653], [113.61500000000953, 2.945000000000065], [113.63500000000954, 2.945000000000065], [113.63500000000954, 2.955000000000065], [113.66500000000956, 2.955000000000065], [113.66500000000956, 2.9650000000000647], [113.71500000000958, 2.9650000000000647], [113.71500000000958, 2.9750000000000645], [113.76500000000961, 2.9750000000000645], [113.76500000000961, 2.9650000000000647], [113.79500000000962, 2.9650000000000647], [113.79500000000962, 2.955000000000065], [113.78500000000962, 2.955000000000065], [113.78500000000962, 2.945000000000065], [113.77500000000961, 2.945000000000065]]], [[[118.80500000001219, 3.2950000000000577], [118.81500000001219, 3.2950000000000577], [118.81500000001219, 3.285000000000058], [118.8250000000122, 3.285000000000058], [118.8250000000122, 3.2650000000000583], [118.80500000001219, 3.2650000000000583], [118.80500000001219, 3.2550000000000585], [118.78500000001218, 3.2550000000000585], [118.78500000001218, 3.2450000000000587], [118.79500000001218, 3.2450000000000587], [118.79500000001218, 3.235000000000059], [118.80500000001219, 3.235000000000059], [118.80500000001219, 3.2150000000000594], [118.81500000001219, 3.2150000000000594], [118.81500000001219, 3.19500000000006], [118.8250000000122, 3.19500000000006], [118.8250000000122, 3.1250000000000613], [118.81500000001219, 3.1250000000000613], [118.81500000001219, 3.095000000000062], [118.80500000001219, 3.095000000000062], [118.80500000001219, 3.0550000000000628], [118.79500000001218, 3.0550000000000628], [118.79500000001218, 3.0250000000000634], [118.78500000001218, 3.0250000000000634], [118.78500000001218, 2.995000000000064], [118.77500000001217, 2.995000000000064], [118.77500000001217, 2.9750000000000645], [118.76500000001217, 2.9750000000000645], [118.76500000001217, 2.9650000000000647], [118.75500000001216, 2.9650000000000647], [118.75500000001216, 2.955000000000065], [118.73500000001215, 2.955000000000065], [118.73500000001215, 2.9650000000000647], [118.71500000001214, 2.9650000000000647], [118.71500000001214, 2.9750000000000645], [118.70500000001213, 2.9750000000000645], [118.70500000001213, 2.9850000000000643], [118.69500000001213, 2.9850000000000643], [118.69500000001213, 2.995000000000064], [118.68500000001212, 2.995000000000064], [118.68500000001212, 3.0150000000000636], [118.67500000001212, 3.0150000000000636], [118.67500000001212, 3.0250000000000634], [118.66500000001211, 3.0250000000000634], [118.66500000001211, 3.035000000000063], [118.65500000001211, 3.035000000000063], [118.65500000001211, 3.045000000000063], [118.6350000000121, 3.045000000000063], [118.6350000000121, 3.0550000000000628], [118.6250000000121, 3.0550000000000628], [118.6250000000121, 3.0650000000000626], [118.60500000001208, 3.0650000000000626], [118.60500000001208, 3.0750000000000624], [118.59500000001208, 3.0750000000000624], [118.59500000001208, 3.085000000000062], [118.57500000001207, 3.085000000000062], [118.57500000001207, 3.095000000000062], [118.54500000001205, 3.095000000000062], [118.54500000001205, 3.1050000000000617], [118.52500000001204, 3.1050000000000617], [118.52500000001204, 3.1150000000000615], [118.49500000001203, 3.1150000000000615], [118.49500000001203, 3.1250000000000613], [118.48500000001202, 3.1250000000000613], [118.48500000001202, 3.135000000000061], [118.47500000001202, 3.135000000000061], [118.47500000001202, 3.145000000000061], [118.46500000001201, 3.145000000000061], [118.46500000001201, 3.1550000000000606], [118.455000000012, 3.1550000000000606], [118.455000000012, 3.1650000000000604], [118.445000000012, 3.1650000000000604], [118.445000000012, 3.17500000000006], [118.435000000012, 3.17500000000006], [118.435000000012, 3.18500000000006], [118.42500000001199, 3.18500000000006], [118.42500000001199, 3.19500000000006], [118.41500000001199, 3.19500000000006], [118.41500000001199, 3.2150000000000594], [118.40500000001198, 3.2150000000000594], [118.40500000001198, 3.235000000000059], [118.39500000001198, 3.235000000000059], [118.39500000001198, 3.2650000000000583], [118.40500000001198, 3.2650000000000583], [118.40500000001198, 3.275000000000058], [118.41500000001199, 3.275000000000058], [118.41500000001199, 3.285000000000058], [118.42500000001199, 3.285000000000058], [118.42500000001199, 3.2950000000000577], [118.435000000012, 3.2950000000000577], [118.435000000012, 3.3050000000000574], [118.455000000012, 3.3050000000000574], [118.455000000012, 3.3150000000000572], [118.46500000001201, 3.3150000000000572], [118.46500000001201, 3.325000000000057], [118.48500000001202, 3.325000000000057], [118.48500000001202, 3.335000000000057], [118.6350000000121, 3.335000000000057], [118.6350000000121, 3.325000000000057], [118.75500000001216, 3.325000000000057], [118.75500000001216, 3.3150000000000572], [118.78500000001218, 3.3150000000000572], [118.78500000001218, 3.3050000000000574], [118.80500000001219, 3.3050000000000574], [118.80500000001219, 3.2950000000000577]]], [[[117.53500000001154, 4.545000000000031], [117.54500000001154, 4.545000000000031], [117.54500000001154, 4.535000000000031], [117.55500000001155, 4.535000000000031], [117.55500000001155, 4.525000000000031], [117.56500000001155, 4.525000000000031], [117.56500000001155, 4.515000000000032], [117.57500000001156, 4.515000000000032], [117.57500000001156, 4.505000000000032], [117.58500000001156, 4.505000000000032], [117.58500000001156, 4.485000000000032], [117.59500000001157, 4.485000000000032], [117.59500000001157, 4.445000000000033], [117.56500000001155, 4.445000000000033], [117.56500000001155, 4.435000000000033], [117.54500000001154, 4.435000000000033], [117.54500000001154, 4.425000000000034], [117.51500000001153, 4.425000000000034], [117.51500000001153, 4.415000000000034], [117.43500000001148, 4.415000000000034], [117.43500000001148, 4.405000000000034], [117.39500000001146, 4.405000000000034], [117.39500000001146, 4.395000000000034], [117.37500000001145, 4.395000000000034], [117.37500000001145, 4.385000000000034], [117.35500000001144, 4.385000000000034], [117.35500000001144, 4.375000000000035], [117.34500000001144, 4.375000000000035], [117.34500000001144, 4.355000000000035], [117.33500000001143, 4.355000000000035], [117.33500000001143, 4.3350000000000355], [117.32500000001143, 4.3350000000000355], [117.32500000001143, 4.285000000000037], [117.31500000001142, 4.285000000000037], [117.31500000001142, 4.255000000000037], [117.32500000001143, 4.255000000000037], [117.32500000001143, 4.245000000000037], [117.33500000001143, 4.245000000000037], [117.33500000001143, 4.225000000000038], [117.34500000001144, 4.225000000000038], [117.34500000001144, 4.215000000000038], [117.35500000001144, 4.215000000000038], [117.35500000001144, 4.1950000000000385], [117.36500000001145, 4.1950000000000385], [117.36500000001145, 4.185000000000039], [117.37500000001145, 4.185000000000039], [117.37500000001145, 4.165000000000039], [117.38500000001146, 4.165000000000039], [117.38500000001146, 4.1450000000000395], [117.39500000001146, 4.1450000000000395], [117.39500000001146, 4.12500000000004], [117.40500000001147, 4.12500000000004], [117.40500000001147, 4.095000000000041], [117.41500000001147, 4.095000000000041], [117.41500000001147, 4.075000000000041], [117.42500000001148, 4.075000000000041], [117.42500000001148, 4.045000000000042], [117.43500000001148, 4.045000000000042], [117.43500000001148, 4.025000000000042], [117.4550000000115, 4.025000000000042], [117.4550000000115, 4.035000000000042], [117.51500000001153, 4.035000000000042], [117.51500000001153, 4.025000000000042], [117.52500000001153, 4.025000000000042], [117.52500000001153, 4.015000000000042], [117.53500000001154, 4.015000000000042], [117.53500000001154, 4.0050000000000425], [117.54500000001154, 4.0050000000000425], [117.54500000001154, 3.9950000000000427], [117.55500000001155, 3.9950000000000427], [117.55500000001155, 3.9550000000000436], [117.56500000001155, 3.9550000000000436], [117.56500000001155, 3.895000000000045], [117.57500000001156, 3.895000000000045], [117.57500000001156, 3.845000000000046], [117.58500000001156, 3.845000000000046], [117.58500000001156, 3.785000000000047], [117.59500000001157, 3.785000000000047], [117.59500000001157, 3.745000000000048], [117.58500000001156, 3.745000000000048], [117.58500000001156, 3.7350000000000483], [117.57500000001156, 3.7350000000000483], [117.57500000001156, 3.7250000000000485], [117.56500000001155, 3.7250000000000485], [117.56500000001155, 3.7150000000000487], [117.55500000001155, 3.7150000000000487], [117.55500000001155, 3.705000000000049], [117.54500000001154, 3.705000000000049], [117.54500000001154, 3.695000000000049], [117.53500000001154, 3.695000000000049], [117.53500000001154, 3.6850000000000493], [117.52500000001153, 3.6850000000000493], [117.52500000001153, 3.6750000000000496], [117.51500000001153, 3.6750000000000496], [117.51500000001153, 3.6650000000000498], [117.49500000001152, 3.6650000000000498], [117.49500000001152, 3.65500000000005], [117.4750000000115, 3.65500000000005], [117.4750000000115, 3.64500000000005], [117.4550000000115, 3.64500000000005], [117.4550000000115, 3.6350000000000504], [117.44500000001149, 3.6350000000000504], [117.44500000001149, 3.6250000000000506], [117.42500000001148, 3.6250000000000506], [117.42500000001148, 3.615000000000051], [117.40500000001147, 3.615000000000051], [117.40500000001147, 3.605000000000051], [117.39500000001146, 3.605000000000051], [117.39500000001146, 3.5950000000000513], [117.38500000001146, 3.5950000000000513], [117.38500000001146, 3.5850000000000515], [117.36500000001145, 3.5850000000000515], [117.36500000001145, 3.5750000000000517], [117.35500000001144, 3.5750000000000517], [117.35500000001144, 3.565000000000052], [117.34500000001144, 3.565000000000052], [117.34500000001144, 3.555000000000052], [117.33500000001143, 3.555000000000052], [117.33500000001143, 3.5450000000000523], [117.32500000001143, 3.5450000000000523], [117.32500000001143, 3.5350000000000525], [117.31500000001142, 3.5350000000000525], [117.31500000001142, 3.5250000000000528], [117.30500000001142, 3.5250000000000528], [117.30500000001142, 3.515000000000053], [117.29500000001141, 3.515000000000053], [117.29500000001141, 3.4950000000000534], [117.28500000001141, 3.4950000000000534], [117.28500000001141, 3.475000000000054], [117.2750000000114, 3.475000000000054], [117.2750000000114, 3.4550000000000542], [117.52500000001153, 3.4550000000000542], [117.52500000001153, 3.4450000000000545], [117.55500000001155, 3.4450000000000545], [117.55500000001155, 3.4350000000000547], [117.57500000001156, 3.4350000000000547], [117.57500000001156, 3.425000000000055], [117.59500000001157, 3.425000000000055], [117.59500000001157, 3.415000000000055], [117.60500000001157, 3.415000000000055], [117.60500000001157, 3.4050000000000553], [117.61500000001158, 3.4050000000000553], [117.61500000001158, 3.3950000000000555], [117.62500000001158, 3.3950000000000555], [117.62500000001158, 3.3850000000000557], [117.63500000001159, 3.3850000000000557], [117.63500000001159, 3.375000000000056], [117.64500000001159, 3.375000000000056], [117.64500000001159, 3.365000000000056], [117.6550000000116, 3.365000000000056], [117.6550000000116, 3.3550000000000564], [117.6650000000116, 3.3550000000000564], [117.6650000000116, 3.335000000000057], [117.67500000001161, 3.335000000000057], [117.67500000001161, 3.3150000000000572], [117.68500000001161, 3.3150000000000572], [117.68500000001161, 3.2950000000000577], [117.69500000001162, 3.2950000000000577], [117.69500000001162, 3.2650000000000583], [117.70500000001162, 3.2650000000000583], [117.70500000001162, 3.2450000000000587], [117.71500000001163, 3.2450000000000587], [117.71500000001163, 3.225000000000059], [117.72500000001163, 3.225000000000059], [117.72500000001163, 3.2150000000000594], [117.73500000001164, 3.2150000000000594], [117.73500000001164, 3.19500000000006], [117.75500000001165, 3.19500000000006], [117.75500000001165, 3.18500000000006], [117.90500000001173, 3.18500000000006], [117.90500000001173, 3.17500000000006], [117.95500000001175, 3.17500000000006], [117.95500000001175, 3.1650000000000604], [117.97500000001176, 3.1650000000000604], [117.97500000001176, 3.1550000000000606], [117.98500000001177, 3.1550000000000606], [117.98500000001177, 3.135000000000061], [117.99500000001177, 3.135000000000061], [117.99500000001177, 3.095000000000062], [118.00500000001178, 3.095000000000062], [118.00500000001178, 3.0150000000000636], [118.01500000001178, 3.0150000000000636], [118.01500000001178, 3.005000000000064], [118.00500000001178, 3.005000000000064], [118.00500000001178, 2.9750000000000645], [117.99500000001177, 2.9750000000000645], [117.99500000001177, 2.945000000000065], [117.98500000001177, 2.945000000000065], [117.98500000001177, 2.895000000000066], [117.97500000001176, 2.895000000000066], [117.97500000001176, 2.8350000000000675], [117.96500000001176, 2.8350000000000675], [117.96500000001176, 2.815000000000068], [117.98500000001177, 2.815000000000068], [117.98500000001177, 2.805000000000068], [118.02500000001179, 2.805000000000068], [118.02500000001179, 2.815000000000068], [118.07500000001181, 2.815000000000068], [118.07500000001181, 2.8250000000000677], [118.11500000001183, 2.8250000000000677], [118.11500000001183, 2.8350000000000675], [118.14500000001185, 2.8350000000000675], [118.14500000001185, 2.8450000000000673], [118.17500000001186, 2.8450000000000673], [118.17500000001186, 2.855000000000067], [118.20500000001188, 2.855000000000067], [118.20500000001188, 2.865000000000067], [118.22500000001189, 2.865000000000067], [118.22500000001189, 2.8750000000000666], [118.2550000000119, 2.8750000000000666], [118.2550000000119, 2.855000000000067], [118.26500000001191, 2.855000000000067], [118.26500000001191, 2.8250000000000677], [118.27500000001191, 2.8250000000000677], [118.27500000001191, 2.7950000000000683], [118.28500000001192, 2.7950000000000683], [118.28500000001192, 2.7350000000000696], [118.27500000001191, 2.7350000000000696], [118.27500000001191, 2.71500000000007], [118.26500000001191, 2.71500000000007], [118.26500000001191, 2.7050000000000702], [118.2550000000119, 2.7050000000000702], [118.2550000000119, 2.6950000000000705], [118.21500000001188, 2.6950000000000705], [118.21500000001188, 2.7050000000000702], [118.16500000001186, 2.7050000000000702], [118.16500000001186, 2.71500000000007], [118.10500000001183, 2.71500000000007], [118.10500000001183, 2.72500000000007], [118.03500000001179, 2.72500000000007], [118.03500000001179, 2.7450000000000694], [118.02500000001179, 2.7450000000000694], [118.02500000001179, 2.755000000000069], [118.01500000001178, 2.755000000000069], [118.01500000001178, 2.765000000000069], [117.97500000001176, 2.765000000000069], [117.97500000001176, 2.7750000000000687], [117.96500000001176, 2.7750000000000687], [117.96500000001176, 2.7450000000000694], [117.95500000001175, 2.7450000000000694], [117.95500000001175, 2.7050000000000702], [117.93500000001174, 2.7050000000000702], [117.93500000001174, 2.6950000000000705], [117.92500000001174, 2.6950000000000705], [117.92500000001174, 2.6850000000000707], [117.91500000001173, 2.6850000000000707], [117.91500000001173, 2.665000000000071], [117.90500000001173, 2.665000000000071], [117.90500000001173, 2.6450000000000715], [117.89500000001172, 2.6450000000000715], [117.89500000001172, 2.625000000000072], [117.88500000001171, 2.625000000000072], [117.88500000001171, 2.575000000000073], [117.87500000001171, 2.575000000000073], [117.87500000001171, 2.485000000000075], [117.88500000001171, 2.485000000000075], [117.88500000001171, 2.475000000000075], [117.89500000001172, 2.475000000000075], [117.89500000001172, 2.4650000000000754], [117.90500000001173, 2.4650000000000754], [117.90500000001173, 2.4550000000000756], [117.91500000001173, 2.4550000000000756], [117.91500000001173, 2.445000000000076], [117.93500000001174, 2.445000000000076], [117.93500000001174, 2.435000000000076], [117.94500000001175, 2.435000000000076], [117.94500000001175, 2.425000000000076], [117.96500000001176, 2.425000000000076], [117.96500000001176, 2.4150000000000764], [117.98500000001177, 2.4150000000000764], [117.98500000001177, 2.4050000000000766], [118.02500000001179, 2.4050000000000766], [118.02500000001179, 2.395000000000077], [118.0650000000118, 2.395000000000077], [118.0650000000118, 2.385000000000077], [118.09500000001182, 2.385000000000077], [118.09500000001182, 2.3750000000000773], [118.11500000001183, 2.3750000000000773], [118.11500000001183, 2.3650000000000775], [118.12500000001184, 2.3650000000000775], [118.12500000001184, 2.3550000000000777], [118.14500000001185, 2.3550000000000777], [118.14500000001185, 2.345000000000078], [118.15500000001185, 2.345000000000078], [118.15500000001185, 2.335000000000078], [118.16500000001186, 2.335000000000078], [118.16500000001186, 2.3150000000000786], [118.17500000001186, 2.3150000000000786], [118.17500000001186, 2.295000000000079], [118.18500000001187, 2.295000000000079], [118.18500000001187, 2.2750000000000794], [118.19500000001187, 2.2750000000000794], [118.19500000001187, 2.1750000000000815], [118.20500000001188, 2.1750000000000815], [118.20500000001188, 2.0750000000000837], [118.21500000001188, 2.0750000000000837], [118.21500000001188, 2.0350000000000845], [118.20500000001188, 2.0350000000000845], [118.20500000001188, 2.015000000000085], [118.19500000001187, 2.015000000000085], [118.19500000001187, 2.005000000000085], [118.18500000001187, 2.005000000000085], [118.18500000001187, 1.965000000000086], [118.17500000001186, 1.965000000000086], [118.17500000001186, 1.9350000000000867], [118.16500000001186, 1.9350000000000867], [118.16500000001186, 1.915000000000087], [118.15500000001185, 1.915000000000087], [118.15500000001185, 1.8950000000000875], [118.14500000001185, 1.8950000000000875], [118.14500000001185, 1.8850000000000877], [118.13500000001184, 1.8850000000000877], [118.13500000001184, 1.875000000000088], [118.12500000001184, 1.875000000000088], [118.12500000001184, 1.8650000000000881], [118.11500000001183, 1.8650000000000881], [118.11500000001183, 1.8550000000000884], [118.10500000001183, 1.8550000000000884], [118.10500000001183, 1.8450000000000886], [118.08500000001182, 1.8450000000000886], [118.08500000001182, 1.8350000000000888], [118.0650000000118, 1.8350000000000888], [118.0650000000118, 1.825000000000089], [118.0450000000118, 1.825000000000089], [118.0450000000118, 1.8150000000000892], [118.00500000001178, 1.8150000000000892], [118.00500000001178, 1.8050000000000894], [117.99500000001177, 1.8050000000000894], [117.99500000001177, 1.8150000000000892], [117.92500000001174, 1.8150000000000892], [117.92500000001174, 1.825000000000089], [117.83500000001169, 1.825000000000089], [117.83500000001169, 1.8350000000000888], [117.69500000001162, 1.8350000000000888], [117.69500000001162, 1.8450000000000886], [117.70500000001162, 1.8450000000000886], [117.70500000001162, 1.8550000000000884], [117.72500000001163, 1.8550000000000884], [117.72500000001163, 1.8650000000000881], [117.74500000001164, 1.8650000000000881], [117.74500000001164, 1.875000000000088], [118.00500000001178, 1.875000000000088], [118.00500000001178, 1.8850000000000877], [118.01500000001178, 1.8850000000000877], [118.01500000001178, 1.8950000000000875], [118.02500000001179, 1.8950000000000875], [118.02500000001179, 1.9050000000000873], [118.03500000001179, 1.9050000000000873], [118.03500000001179, 1.9250000000000869], [118.0450000000118, 1.9250000000000869], [118.0450000000118, 1.9450000000000864], [118.0550000000118, 1.9450000000000864], [118.0550000000118, 1.965000000000086], [118.0650000000118, 1.965000000000086], [118.0650000000118, 1.9950000000000854], [118.07500000001181, 1.9950000000000854], [118.07500000001181, 2.005000000000085], [118.03500000001179, 2.005000000000085], [118.03500000001179, 2.015000000000085], [117.99500000001177, 2.015000000000085], [117.99500000001177, 2.0250000000000847], [117.98500000001177, 2.0250000000000847], [117.98500000001177, 2.0350000000000845], [117.97500000001176, 2.0350000000000845], [117.97500000001176, 2.055000000000084], [117.96500000001176, 2.055000000000084], [117.96500000001176, 2.065000000000084], [117.95500000001175, 2.065000000000084], [117.95500000001175, 2.0750000000000837], [117.94500000001175, 2.0750000000000837], [117.94500000001175, 2.0950000000000832], [117.93500000001174, 2.0950000000000832], [117.93500000001174, 2.105000000000083], [117.92500000001174, 2.105000000000083], [117.92500000001174, 2.115000000000083], [117.91500000001173, 2.115000000000083], [117.91500000001173, 2.1350000000000824], [117.90500000001173, 2.1350000000000824], [117.90500000001173, 2.145000000000082], [117.89500000001172, 2.145000000000082], [117.89500000001172, 2.155000000000082], [117.88500000001171, 2.155000000000082], [117.88500000001171, 2.1750000000000815], [117.87500000001171, 2.1750000000000815], [117.87500000001171, 2.1850000000000813], [117.8650000000117, 2.1850000000000813], [117.8650000000117, 2.205000000000081], [117.8550000000117, 2.205000000000081], [117.8550000000117, 2.2150000000000807], [117.8450000000117, 2.2150000000000807], [117.8450000000117, 2.2350000000000803], [117.83500000001169, 2.2350000000000803], [117.83500000001169, 2.3050000000000788], [117.82500000001168, 2.3050000000000788], [117.82500000001168, 2.425000000000076], [117.81500000001168, 2.425000000000076], [117.81500000001168, 2.4550000000000756], [117.80500000001167, 2.4550000000000756], [117.80500000001167, 2.4650000000000754], [117.77500000001166, 2.4650000000000754], [117.77500000001166, 2.475000000000075], [117.75500000001165, 2.475000000000075], [117.75500000001165, 2.485000000000075], [117.74500000001164, 2.485000000000075], [117.74500000001164, 2.4950000000000747], [117.73500000001164, 2.4950000000000747], [117.73500000001164, 2.5050000000000745], [117.72500000001163, 2.5050000000000745], [117.72500000001163, 2.5150000000000743], [117.71500000001163, 2.5150000000000743], [117.71500000001163, 2.525000000000074], [117.70500000001162, 2.525000000000074], [117.70500000001162, 2.535000000000074], [117.69500000001162, 2.535000000000074], [117.69500000001162, 2.5450000000000736], [117.68500000001161, 2.5450000000000736], [117.68500000001161, 2.5550000000000734], [117.67500000001161, 2.5550000000000734], [117.67500000001161, 2.565000000000073], [117.6650000000116, 2.565000000000073], [117.6650000000116, 2.575000000000073], [117.6550000000116, 2.575000000000073], [117.6550000000116, 2.585000000000073], [117.64500000001159, 2.585000000000073], [117.64500000001159, 2.5950000000000726], [117.63500000001159, 2.5950000000000726], [117.63500000001159, 2.6050000000000724], [117.62500000001158, 2.6050000000000724], [117.62500000001158, 2.615000000000072], [117.61500000001158, 2.615000000000072], [117.61500000001158, 2.625000000000072], [117.60500000001157, 2.625000000000072], [117.60500000001157, 2.6350000000000717], [117.59500000001157, 2.6350000000000717], [117.59500000001157, 2.6550000000000713], [117.58500000001156, 2.6550000000000713], [117.58500000001156, 2.6450000000000715], [117.57500000001156, 2.6450000000000715], [117.57500000001156, 2.6350000000000717], [117.56500000001155, 2.6350000000000717], [117.56500000001155, 2.625000000000072], [117.55500000001155, 2.625000000000072], [117.55500000001155, 2.615000000000072], [117.54500000001154, 2.615000000000072], [117.54500000001154, 2.6050000000000724], [117.53500000001154, 2.6050000000000724], [117.53500000001154, 2.5950000000000726], [117.51500000001153, 2.5950000000000726], [117.51500000001153, 2.585000000000073], [117.48500000001151, 2.585000000000073], [117.48500000001151, 2.5950000000000726], [117.4750000000115, 2.5950000000000726], [117.4750000000115, 2.6050000000000724], [117.4650000000115, 2.6050000000000724], [117.4650000000115, 2.615000000000072], [117.4550000000115, 2.615000000000072], [117.4550000000115, 2.625000000000072], [117.44500000001149, 2.625000000000072], [117.44500000001149, 2.6350000000000717], [117.43500000001148, 2.6350000000000717], [117.43500000001148, 2.6450000000000715], [117.42500000001148, 2.6450000000000715], [117.42500000001148, 2.6550000000000713], [117.41500000001147, 2.6550000000000713], [117.41500000001147, 2.665000000000071], [117.40500000001147, 2.665000000000071], [117.40500000001147, 2.675000000000071], [117.39500000001146, 2.675000000000071], [117.39500000001146, 2.6850000000000707], [117.38500000001146, 2.6850000000000707], [117.38500000001146, 2.6950000000000705], [117.37500000001145, 2.6950000000000705], [117.37500000001145, 2.71500000000007], [117.36500000001145, 2.71500000000007], [117.36500000001145, 2.72500000000007], [117.35500000001144, 2.72500000000007], [117.35500000001144, 2.7450000000000694], [117.34500000001144, 2.7450000000000694], [117.34500000001144, 2.755000000000069], [117.28500000001141, 2.755000000000069], [117.28500000001141, 2.7450000000000694], [117.23500000001138, 2.7450000000000694], [117.23500000001138, 2.7350000000000696], [117.21500000001137, 2.7350000000000696], [117.21500000001137, 2.72500000000007], [117.19500000001136, 2.72500000000007], [117.19500000001136, 2.71500000000007], [117.16500000001135, 2.71500000000007], [117.16500000001135, 2.7050000000000702], [117.12500000001133, 2.7050000000000702], [117.12500000001133, 2.6950000000000705], [117.0850000000113, 2.6950000000000705], [117.0850000000113, 2.6850000000000707], [117.03500000001128, 2.6850000000000707], [117.03500000001128, 2.675000000000071], [116.99500000001126, 2.675000000000071], [116.99500000001126, 2.6850000000000707], [116.98500000001125, 2.6850000000000707], [116.98500000001125, 2.6950000000000705], [116.97500000001125, 2.6950000000000705], [116.97500000001125, 2.6850000000000707], [116.95500000001124, 2.6850000000000707], [116.95500000001124, 2.675000000000071], [116.93500000001123, 2.675000000000071], [116.93500000001123, 2.665000000000071], [116.92500000001122, 2.665000000000071], [116.92500000001122, 2.6550000000000713], [116.90500000001121, 2.6550000000000713], [116.90500000001121, 2.6450000000000715], [116.89500000001121, 2.6450000000000715], [116.89500000001121, 2.6350000000000717], [116.8750000000112, 2.6350000000000717], [116.8750000000112, 2.625000000000072], [116.8650000000112, 2.625000000000072], [116.8650000000112, 2.615000000000072], [116.85500000001119, 2.615000000000072], [116.85500000001119, 2.6050000000000724], [116.84500000001118, 2.6050000000000724], [116.84500000001118, 2.615000000000072], [116.83500000001118, 2.615000000000072], [116.83500000001118, 2.6350000000000717], [116.82500000001117, 2.6350000000000717], [116.82500000001117, 2.675000000000071], [116.81500000001117, 2.675000000000071], [116.81500000001117, 2.71500000000007], [116.80500000001116, 2.71500000000007], [116.80500000001116, 2.815000000000068], [116.81500000001117, 2.815000000000068], [116.81500000001117, 2.865000000000067], [116.80500000001116, 2.865000000000067], [116.80500000001116, 2.8850000000000664], [116.79500000001116, 2.8850000000000664], [116.79500000001116, 2.895000000000066], [116.78500000001115, 2.895000000000066], [116.78500000001115, 2.905000000000066], [116.77500000001115, 2.905000000000066], [116.77500000001115, 2.9250000000000655], [116.76500000001114, 2.9250000000000655], [116.76500000001114, 2.945000000000065], [116.75500000001114, 2.945000000000065], [116.75500000001114, 2.9650000000000647], [116.74500000001113, 2.9650000000000647], [116.74500000001113, 2.995000000000064], [116.73500000001113, 2.995000000000064], [116.73500000001113, 3.005000000000064], [116.72500000001112, 3.005000000000064], [116.72500000001112, 3.0250000000000634], [116.71500000001112, 3.0250000000000634], [116.71500000001112, 3.035000000000063], [116.70500000001111, 3.035000000000063], [116.70500000001111, 3.045000000000063], [116.6950000000111, 3.045000000000063], [116.6950000000111, 3.0650000000000626], [116.6850000000111, 3.0650000000000626], [116.6850000000111, 3.0750000000000624], [116.6750000000111, 3.0750000000000624], [116.6750000000111, 3.095000000000062], [116.66500000001109, 3.095000000000062], [116.66500000001109, 3.1050000000000617], [116.65500000001109, 3.1050000000000617], [116.65500000001109, 3.1250000000000613], [116.64500000001108, 3.1250000000000613], [116.64500000001108, 3.145000000000061], [116.63500000001108, 3.145000000000061], [116.63500000001108, 3.1550000000000606], [116.62500000001107, 3.1550000000000606], [116.62500000001107, 3.17500000000006], [116.61500000001107, 3.17500000000006], [116.61500000001107, 3.19500000000006], [116.60500000001106, 3.19500000000006], [116.60500000001106, 3.2150000000000594], [116.59500000001105, 3.2150000000000594], [116.59500000001105, 3.2450000000000587], [116.58500000001105, 3.2450000000000587], [116.58500000001105, 3.2550000000000585], [116.57500000001104, 3.2550000000000585], [116.57500000001104, 3.275000000000058], [116.56500000001104, 3.275000000000058], [116.56500000001104, 3.285000000000058], [116.55500000001103, 3.285000000000058], [116.55500000001103, 3.2950000000000577], [116.54500000001103, 3.2950000000000577], [116.54500000001103, 3.3150000000000572], [116.53500000001102, 3.3150000000000572], [116.53500000001102, 3.325000000000057], [116.52500000001102, 3.325000000000057], [116.52500000001102, 3.335000000000057], [116.51500000001101, 3.335000000000057], [116.51500000001101, 3.3450000000000566], [116.50500000001101, 3.3450000000000566], [116.50500000001101, 3.3550000000000564], [116.495000000011, 3.3550000000000564], [116.495000000011, 3.365000000000056], [116.485000000011, 3.365000000000056], [116.485000000011, 3.375000000000056], [116.475000000011, 3.375000000000056], [116.475000000011, 3.3950000000000555], [116.46500000001099, 3.3950000000000555], [116.46500000001099, 3.4550000000000542], [116.45500000001098, 3.4550000000000542], [116.45500000001098, 3.5250000000000528], [116.46500000001099, 3.5250000000000528], [116.46500000001099, 3.5850000000000515], [116.475000000011, 3.5850000000000515], [116.475000000011, 3.65500000000005], [116.485000000011, 3.65500000000005], [116.485000000011, 3.695000000000049], [116.50500000001101, 3.695000000000049], [116.50500000001101, 3.705000000000049], [116.54500000001103, 3.705000000000049], [116.54500000001103, 3.695000000000049], [116.56500000001104, 3.695000000000049], [116.56500000001104, 3.6850000000000493], [116.57500000001104, 3.6850000000000493], [116.57500000001104, 3.6750000000000496], [116.59500000001105, 3.6750000000000496], [116.59500000001105, 3.6650000000000498], [116.60500000001106, 3.6650000000000498], [116.60500000001106, 3.65500000000005], [116.61500000001107, 3.65500000000005], [116.61500000001107, 3.64500000000005], [116.62500000001107, 3.64500000000005], [116.62500000001107, 3.6350000000000504], [116.63500000001108, 3.6350000000000504], [116.63500000001108, 3.6250000000000506], [116.65500000001109, 3.6250000000000506], [116.65500000001109, 3.615000000000051], [116.66500000001109, 3.615000000000051], [116.66500000001109, 3.5950000000000513], [116.6750000000111, 3.5950000000000513], [116.6750000000111, 3.5850000000000515], [116.6850000000111, 3.5850000000000515], [116.6850000000111, 3.5750000000000517], [116.6950000000111, 3.5750000000000517], [116.6950000000111, 3.565000000000052], [116.70500000001111, 3.565000000000052], [116.70500000001111, 3.555000000000052], [116.71500000001112, 3.555000000000052], [116.71500000001112, 3.5350000000000525], [116.73500000001113, 3.5350000000000525], [116.73500000001113, 3.5450000000000523], [116.77500000001115, 3.5450000000000523], [116.77500000001115, 3.5350000000000525], [116.79500000001116, 3.5350000000000525], [116.79500000001116, 3.5450000000000523], [116.80500000001116, 3.5450000000000523], [116.80500000001116, 3.555000000000052], [116.81500000001117, 3.555000000000052], [116.81500000001117, 3.565000000000052], [116.82500000001117, 3.565000000000052], [116.82500000001117, 3.5750000000000517], [116.83500000001118, 3.5750000000000517], [116.83500000001118, 3.5850000000000515], [116.85500000001119, 3.5850000000000515], [116.85500000001119, 3.5950000000000513], [116.8650000000112, 3.5950000000000513], [116.8650000000112, 3.605000000000051], [116.8850000000112, 3.605000000000051], [116.8850000000112, 3.615000000000051], [116.89500000001121, 3.615000000000051], [116.89500000001121, 3.6250000000000506], [116.91500000001122, 3.6250000000000506], [116.91500000001122, 3.6350000000000504], [116.94500000001123, 3.6350000000000504], [116.94500000001123, 3.64500000000005], [116.96500000001124, 3.64500000000005], [116.96500000001124, 3.65500000000005], [116.99500000001126, 3.65500000000005], [116.99500000001126, 3.6650000000000498], [117.01500000001127, 3.6650000000000498], [117.01500000001127, 3.6750000000000496], [117.03500000001128, 3.6750000000000496], [117.03500000001128, 3.6850000000000493], [117.04500000001129, 3.6850000000000493], [117.04500000001129, 3.695000000000049], [117.05500000001129, 3.695000000000049], [117.05500000001129, 3.705000000000049], [117.0650000000113, 3.705000000000049], [117.0650000000113, 3.7150000000000487], [117.0750000000113, 3.7150000000000487], [117.0750000000113, 3.7250000000000485], [117.0850000000113, 3.7250000000000485], [117.0850000000113, 3.745000000000048], [117.09500000001131, 3.745000000000048], [117.09500000001131, 3.7650000000000476], [117.10500000001132, 3.7650000000000476], [117.10500000001132, 3.7750000000000474], [117.11500000001132, 3.7750000000000474], [117.11500000001132, 3.795000000000047], [117.10500000001132, 3.795000000000047], [117.10500000001132, 3.805000000000047], [117.0850000000113, 3.805000000000047], [117.0850000000113, 3.8150000000000466], [117.0750000000113, 3.8150000000000466], [117.0750000000113, 3.8250000000000464], [117.05500000001129, 3.8250000000000464], [117.05500000001129, 3.835000000000046], [117.04500000001129, 3.835000000000046], [117.04500000001129, 3.845000000000046], [117.03500000001128, 3.845000000000046], [117.03500000001128, 3.8550000000000457], [117.02500000001127, 3.8550000000000457], [117.02500000001127, 3.8650000000000455], [117.01500000001127, 3.8650000000000455], [117.01500000001127, 3.8750000000000453], [117.00500000001126, 3.8750000000000453], [117.00500000001126, 3.885000000000045], [116.99500000001126, 3.885000000000045], [116.99500000001126, 3.895000000000045], [116.98500000001125, 3.895000000000045], [116.98500000001125, 3.9050000000000447], [116.97500000001125, 3.9050000000000447], [116.97500000001125, 3.9150000000000444], [116.96500000001124, 3.9150000000000444], [116.96500000001124, 3.9250000000000442], [116.95500000001124, 3.9250000000000442], [116.95500000001124, 3.935000000000044], [116.94500000001123, 3.935000000000044], [116.94500000001123, 3.9550000000000436], [116.93500000001123, 3.9550000000000436], [116.93500000001123, 3.9650000000000434], [116.92500000001122, 3.9650000000000434], [116.92500000001122, 3.975000000000043], [116.91500000001122, 3.975000000000043], [116.91500000001122, 4.025000000000042], [116.92500000001122, 4.025000000000042], [116.92500000001122, 4.045000000000042], [116.93500000001123, 4.045000000000042], [116.93500000001123, 4.065000000000041], [116.94500000001123, 4.065000000000041], [116.94500000001123, 4.075000000000041], [116.95500000001124, 4.075000000000041], [116.95500000001124, 4.095000000000041], [116.96500000001124, 4.095000000000041], [116.96500000001124, 4.10500000000004], [116.97500000001125, 4.10500000000004], [116.97500000001125, 4.11500000000004], [116.98500000001125, 4.11500000000004], [116.98500000001125, 4.10500000000004], [116.99500000001126, 4.10500000000004], [116.99500000001126, 4.095000000000041], [117.00500000001126, 4.095000000000041], [117.00500000001126, 4.11500000000004], [117.01500000001127, 4.11500000000004], [117.01500000001127, 4.155000000000039], [117.02500000001127, 4.155000000000039], [117.02500000001127, 4.175000000000039], [117.03500000001128, 4.175000000000039], [117.03500000001128, 4.185000000000039], [117.04500000001129, 4.185000000000039], [117.04500000001129, 4.1950000000000385], [117.0650000000113, 4.1950000000000385], [117.0650000000113, 4.205000000000038], [117.0750000000113, 4.205000000000038], [117.0750000000113, 4.215000000000038], [117.0850000000113, 4.215000000000038], [117.0850000000113, 4.225000000000038], [117.09500000001131, 4.225000000000038], [117.09500000001131, 4.235000000000038], [117.10500000001132, 4.235000000000038], [117.10500000001132, 4.245000000000037], [117.11500000001132, 4.245000000000037], [117.11500000001132, 4.265000000000037], [117.12500000001133, 4.265000000000037], [117.12500000001133, 4.275000000000037], [117.13500000001133, 4.275000000000037], [117.13500000001133, 4.285000000000037], [117.14500000001134, 4.285000000000037], [117.14500000001134, 4.295000000000036], [117.15500000001134, 4.295000000000036], [117.15500000001134, 4.315000000000036], [117.16500000001135, 4.315000000000036], [117.16500000001135, 4.325000000000036], [117.17500000001135, 4.325000000000036], [117.17500000001135, 4.345000000000035], [117.18500000001136, 4.345000000000035], [117.18500000001136, 4.355000000000035], [117.19500000001136, 4.355000000000035], [117.19500000001136, 4.375000000000035], [117.20500000001137, 4.375000000000035], [117.20500000001137, 4.395000000000034], [117.21500000001137, 4.395000000000034], [117.21500000001137, 4.415000000000034], [117.22500000001138, 4.415000000000034], [117.22500000001138, 4.435000000000033], [117.23500000001138, 4.435000000000033], [117.23500000001138, 4.465000000000033], [117.24500000001139, 4.465000000000033], [117.24500000001139, 4.485000000000032], [117.25500000001139, 4.485000000000032], [117.25500000001139, 4.515000000000032], [117.2650000000114, 4.515000000000032], [117.2650000000114, 4.565000000000031], [117.2750000000114, 4.565000000000031], [117.2750000000114, 4.57500000000003], [117.28500000001141, 4.57500000000003], [117.28500000001141, 4.58500000000003], [117.34500000001144, 4.58500000000003], [117.34500000001144, 4.57500000000003], [117.4650000000115, 4.57500000000003], [117.4650000000115, 4.565000000000031], [117.51500000001153, 4.565000000000031], [117.51500000001153, 4.555000000000031], [117.53500000001154, 4.555000000000031], [117.53500000001154, 4.545000000000031]], [[116.85500000001119, 3.1050000000000617], [116.85500000001119, 3.095000000000062], [116.83500000001118, 3.095000000000062], [116.83500000001118, 3.085000000000062], [116.82500000001117, 3.085000000000062], [116.82500000001117, 3.0750000000000624], [116.81500000001117, 3.0750000000000624], [116.81500000001117, 3.0650000000000626], [116.80500000001116, 3.0650000000000626], [116.80500000001116, 3.045000000000063], [116.79500000001116, 3.045000000000063], [116.79500000001116, 3.035000000000063], [116.78500000001115, 3.035000000000063], [116.78500000001115, 3.0150000000000636], [116.77500000001115, 3.0150000000000636], [116.77500000001115, 2.995000000000064], [116.78500000001115, 2.995000000000064], [116.78500000001115, 2.9850000000000643], [116.79500000001116, 2.9850000000000643], [116.79500000001116, 2.9650000000000647], [116.80500000001116, 2.9650000000000647], [116.80500000001116, 2.955000000000065], [116.81500000001117, 2.955000000000065], [116.81500000001117, 2.945000000000065], [116.82500000001117, 2.945000000000065], [116.82500000001117, 2.9350000000000653], [116.83500000001118, 2.9350000000000653], [116.83500000001118, 2.9250000000000655], [116.84500000001118, 2.9250000000000655], [116.84500000001118, 2.9150000000000658], [116.85500000001119, 2.9150000000000658], [116.85500000001119, 2.895000000000066], [116.8650000000112, 2.895000000000066], [116.8650000000112, 2.8850000000000664], [116.8750000000112, 2.8850000000000664], [116.8750000000112, 2.8750000000000666], [116.8850000000112, 2.8750000000000666], [116.8850000000112, 2.865000000000067], [116.89500000001121, 2.865000000000067], [116.89500000001121, 2.855000000000067], [116.90500000001121, 2.855000000000067], [116.90500000001121, 2.8450000000000673], [116.91500000001122, 2.8450000000000673], [116.91500000001122, 2.8350000000000675], [116.92500000001122, 2.8350000000000675], [116.92500000001122, 2.8250000000000677], [116.93500000001123, 2.8250000000000677], [116.93500000001123, 2.815000000000068], [116.94500000001123, 2.815000000000068], [116.94500000001123, 2.805000000000068], [116.95500000001124, 2.805000000000068], [116.95500000001124, 2.8250000000000677], [116.96500000001124, 2.8250000000000677], [116.96500000001124, 2.855000000000067], [116.97500000001125, 2.855000000000067], [116.97500000001125, 2.8750000000000666], [116.98500000001125, 2.8750000000000666], [116.98500000001125, 2.905000000000066], [116.99500000001126, 2.905000000000066], [116.99500000001126, 2.9250000000000655], [117.00500000001126, 2.9250000000000655], [117.00500000001126, 2.945000000000065], [117.01500000001127, 2.945000000000065], [117.01500000001127, 2.9850000000000643], [117.02500000001127, 2.9850000000000643], [117.02500000001127, 3.0250000000000634], [117.01500000001127, 3.0250000000000634], [117.01500000001127, 3.1150000000000615], [116.98500000001125, 3.1150000000000615], [116.98500000001125, 3.1250000000000613], [116.97500000001125, 3.1250000000000613], [116.97500000001125, 3.135000000000061], [116.96500000001124, 3.135000000000061], [116.96500000001124, 3.145000000000061], [116.93500000001123, 3.145000000000061], [116.93500000001123, 3.135000000000061], [116.90500000001121, 3.135000000000061], [116.90500000001121, 3.1250000000000613], [116.8850000000112, 3.1250000000000613], [116.8850000000112, 3.1150000000000615], [116.8650000000112, 3.1150000000000615], [116.8650000000112, 3.1050000000000617], [116.85500000001119, 3.1050000000000617]], [[117.43500000001148, 3.005000000000064], [117.43500000001148, 2.995000000000064], [117.4550000000115, 2.995000000000064], [117.4550000000115, 2.9850000000000643], [117.48500000001151, 2.9850000000000643], [117.48500000001151, 2.9750000000000645], [117.56500000001155, 2.9750000000000645], [117.56500000001155, 2.9650000000000647], [117.62500000001158, 2.9650000000000647], [117.62500000001158, 2.955000000000065], [117.6650000000116, 2.955000000000065], [117.6650000000116, 2.945000000000065], [117.68500000001161, 2.945000000000065], [117.68500000001161, 2.9350000000000653], [117.70500000001162, 2.9350000000000653], [117.70500000001162, 2.9250000000000655], [117.72500000001163, 2.9250000000000655], [117.72500000001163, 2.9150000000000658], [117.73500000001164, 2.9150000000000658], [117.73500000001164, 2.905000000000066], [117.74500000001164, 2.905000000000066], [117.74500000001164, 2.895000000000066], [117.76500000001165, 2.895000000000066], [117.76500000001165, 2.8850000000000664], [117.78500000001166, 2.8850000000000664], [117.78500000001166, 2.895000000000066], [117.77500000001166, 2.895000000000066], [117.77500000001166, 2.9250000000000655], [117.76500000001165, 2.9250000000000655], [117.76500000001165, 2.9750000000000645], [117.75500000001165, 2.9750000000000645], [117.75500000001165, 3.005000000000064], [117.64500000001159, 3.005000000000064], [117.64500000001159, 3.0150000000000636], [117.57500000001156, 3.0150000000000636], [117.57500000001156, 3.0250000000000634], [117.53500000001154, 3.0250000000000634], [117.53500000001154, 3.035000000000063], [117.51500000001153, 3.035000000000063], [117.51500000001153, 3.045000000000063], [117.4750000000115, 3.045000000000063], [117.4750000000115, 3.035000000000063], [117.44500000001149, 3.035000000000063], [117.44500000001149, 3.0250000000000634], [117.39500000001146, 3.0250000000000634], [117.39500000001146, 3.0150000000000636], [117.41500000001147, 3.0150000000000636], [117.41500000001147, 3.005000000000064], [117.43500000001148, 3.005000000000064]]], [[[118.85500000001221, 3.805000000000047], [118.85500000001221, 3.795000000000047], [118.86500000001222, 3.795000000000047], [118.86500000001222, 3.785000000000047], [118.87500000001222, 3.785000000000047], [118.87500000001222, 3.7750000000000474], [118.88500000001223, 3.7750000000000474], [118.88500000001223, 3.755000000000048], [118.89500000001223, 3.755000000000048], [118.89500000001223, 3.745000000000048], [118.88500000001223, 3.745000000000048], [118.88500000001223, 3.7350000000000483], [118.87500000001222, 3.7350000000000483], [118.87500000001222, 3.7250000000000485], [118.86500000001222, 3.7250000000000485], [118.86500000001222, 3.7150000000000487], [118.8350000000122, 3.7150000000000487], [118.8350000000122, 3.705000000000049], [118.78500000001218, 3.705000000000049], [118.78500000001218, 3.695000000000049], [118.74500000001215, 3.695000000000049], [118.74500000001215, 3.705000000000049], [118.73500000001215, 3.705000000000049], [118.73500000001215, 3.7150000000000487], [118.72500000001214, 3.7150000000000487], [118.72500000001214, 3.7250000000000485], [118.71500000001214, 3.7250000000000485], [118.71500000001214, 3.7350000000000483], [118.70500000001213, 3.7350000000000483], [118.70500000001213, 3.7750000000000474], [118.71500000001214, 3.7750000000000474], [118.71500000001214, 3.795000000000047], [118.72500000001214, 3.795000000000047], [118.72500000001214, 3.8150000000000466], [118.73500000001215, 3.8150000000000466], [118.73500000001215, 3.8250000000000464], [118.74500000001215, 3.8250000000000464], [118.74500000001215, 3.835000000000046], [118.78500000001218, 3.835000000000046], [118.78500000001218, 3.8250000000000464], [118.81500000001219, 3.8250000000000464], [118.81500000001219, 3.8150000000000466], [118.8350000000122, 3.8150000000000466], [118.8350000000122, 3.805000000000047], [118.85500000001221, 3.805000000000047]]], [[[118.30500000001193, 4.015000000000042], [118.31500000001193, 4.015000000000042], [118.31500000001193, 3.985000000000043], [118.30500000001193, 3.985000000000043], [118.30500000001193, 3.9650000000000434], [118.29500000001192, 3.9650000000000434], [118.29500000001192, 3.9550000000000436], [118.28500000001192, 3.9550000000000436], [118.28500000001192, 3.945000000000044], [118.27500000001191, 3.945000000000044], [118.27500000001191, 3.935000000000044], [118.26500000001191, 3.935000000000044], [118.26500000001191, 3.9250000000000442], [118.2350000000119, 3.9250000000000442], [118.2350000000119, 3.935000000000044], [118.22500000001189, 3.935000000000044], [118.22500000001189, 3.945000000000044], [118.21500000001188, 3.945000000000044], [118.21500000001188, 3.9550000000000436], [118.20500000001188, 3.9550000000000436], [118.20500000001188, 3.9650000000000434], [118.19500000001187, 3.9650000000000434], [118.19500000001187, 3.975000000000043], [118.18500000001187, 3.975000000000043], [118.18500000001187, 3.985000000000043], [118.17500000001186, 3.985000000000043], [118.17500000001186, 4.015000000000042], [118.18500000001187, 4.015000000000042], [118.18500000001187, 4.035000000000042], [118.19500000001187, 4.035000000000042], [118.19500000001187, 4.0550000000000415], [118.20500000001188, 4.0550000000000415], [118.20500000001188, 4.065000000000041], [118.27500000001191, 4.065000000000041], [118.27500000001191, 4.0550000000000415], [118.28500000001192, 4.0550000000000415], [118.28500000001192, 4.045000000000042], [118.29500000001192, 4.045000000000042], [118.29500000001192, 4.035000000000042], [118.30500000001193, 4.035000000000042], [118.30500000001193, 4.015000000000042]]], [[[116.80500000001116, 4.075000000000041], [116.81500000001117, 4.075000000000041], [116.81500000001117, 4.065000000000041], [116.82500000001117, 4.065000000000041], [116.82500000001117, 4.045000000000042], [116.83500000001118, 4.045000000000042], [116.83500000001118, 4.035000000000042], [116.84500000001118, 4.035000000000042], [116.84500000001118, 3.975000000000043], [116.83500000001118, 3.975000000000043], [116.83500000001118, 3.9550000000000436], [116.82500000001117, 3.9550000000000436], [116.82500000001117, 3.935000000000044], [116.81500000001117, 3.935000000000044], [116.81500000001117, 3.9250000000000442], [116.80500000001116, 3.9250000000000442], [116.80500000001116, 3.9150000000000444], [116.79500000001116, 3.9150000000000444], [116.79500000001116, 3.9050000000000447], [116.78500000001115, 3.9050000000000447], [116.78500000001115, 3.895000000000045], [116.77500000001115, 3.895000000000045], [116.77500000001115, 3.9050000000000447], [116.76500000001114, 3.9050000000000447], [116.76500000001114, 3.9150000000000444], [116.75500000001114, 3.9150000000000444], [116.75500000001114, 3.935000000000044], [116.74500000001113, 3.935000000000044], [116.74500000001113, 3.945000000000044], [116.73500000001113, 3.945000000000044], [116.73500000001113, 3.9550000000000436], [116.72500000001112, 3.9550000000000436], [116.72500000001112, 3.975000000000043], [116.71500000001112, 3.975000000000043], [116.71500000001112, 3.985000000000043], [116.6950000000111, 3.985000000000043], [116.6950000000111, 3.9650000000000434], [116.6850000000111, 3.9650000000000434], [116.6850000000111, 3.935000000000044], [116.6750000000111, 3.935000000000044], [116.6750000000111, 3.9250000000000442], [116.66500000001109, 3.9250000000000442], [116.66500000001109, 3.9150000000000444], [116.65500000001109, 3.9150000000000444], [116.65500000001109, 3.9250000000000442], [116.64500000001108, 3.9250000000000442], [116.64500000001108, 3.935000000000044], [116.63500000001108, 3.935000000000044], [116.63500000001108, 3.945000000000044], [116.62500000001107, 3.945000000000044], [116.62500000001107, 3.9550000000000436], [116.61500000001107, 3.9550000000000436], [116.61500000001107, 3.975000000000043], [116.60500000001106, 3.975000000000043], [116.60500000001106, 4.0050000000000425], [116.61500000001107, 4.0050000000000425], [116.61500000001107, 4.015000000000042], [116.62500000001107, 4.015000000000042], [116.62500000001107, 4.025000000000042], [116.63500000001108, 4.025000000000042], [116.63500000001108, 4.035000000000042], [116.65500000001109, 4.035000000000042], [116.65500000001109, 4.045000000000042], [116.66500000001109, 4.045000000000042], [116.66500000001109, 4.0550000000000415], [116.6750000000111, 4.0550000000000415], [116.6750000000111, 4.065000000000041], [116.6850000000111, 4.065000000000041], [116.6850000000111, 4.075000000000041], [116.70500000001111, 4.075000000000041], [116.70500000001111, 4.085000000000041], [116.71500000001112, 4.085000000000041], [116.71500000001112, 4.095000000000041], [116.72500000001112, 4.095000000000041], [116.72500000001112, 4.10500000000004], [116.74500000001113, 4.10500000000004], [116.74500000001113, 4.11500000000004], [116.76500000001114, 4.11500000000004], [116.76500000001114, 4.10500000000004], [116.78500000001115, 4.10500000000004], [116.78500000001115, 4.095000000000041], [116.79500000001116, 4.095000000000041], [116.79500000001116, 4.085000000000041], [116.80500000001116, 4.085000000000041], [116.80500000001116, 4.075000000000041]]], [[[117.99500000001177, 4.0050000000000425], [117.99500000001177, 4.015000000000042], [118.00500000001178, 4.015000000000042], [118.00500000001178, 4.0050000000000425], [117.99500000001177, 4.0050000000000425]]], [[[118.54500000001205, 4.645000000000029], [118.55500000001206, 4.645000000000029], [118.55500000001206, 4.635000000000029], [118.56500000001206, 4.635000000000029], [118.56500000001206, 4.625000000000029], [118.57500000001207, 4.625000000000029], [118.57500000001207, 4.6150000000000295], [118.58500000001207, 4.6150000000000295], [118.58500000001207, 4.59500000000003], [118.59500000001208, 4.59500000000003], [118.59500000001208, 4.58500000000003], [118.60500000001208, 4.58500000000003], [118.60500000001208, 4.565000000000031], [118.61500000001209, 4.565000000000031], [118.61500000001209, 4.535000000000031], [118.6250000000121, 4.535000000000031], [118.6250000000121, 4.505000000000032], [118.6350000000121, 4.505000000000032], [118.6350000000121, 4.485000000000032], [118.6250000000121, 4.485000000000032], [118.6250000000121, 4.455000000000033], [118.61500000001209, 4.455000000000033], [118.61500000001209, 4.425000000000034], [118.60500000001208, 4.425000000000034], [118.60500000001208, 4.395000000000034], [118.59500000001208, 4.395000000000034], [118.59500000001208, 4.375000000000035], [118.58500000001207, 4.375000000000035], [118.58500000001207, 4.345000000000035], [118.57500000001207, 4.345000000000035], [118.57500000001207, 4.305000000000036], [118.56500000001206, 4.305000000000036], [118.56500000001206, 4.275000000000037], [118.55500000001206, 4.275000000000037], [118.55500000001206, 4.245000000000037], [118.54500000001205, 4.245000000000037], [118.54500000001205, 4.235000000000038], [118.53500000001205, 4.235000000000038], [118.53500000001205, 4.215000000000038], [118.52500000001204, 4.215000000000038], [118.52500000001204, 4.205000000000038], [118.51500000001204, 4.205000000000038], [118.51500000001204, 4.1950000000000385], [118.48500000001202, 4.1950000000000385], [118.48500000001202, 4.205000000000038], [118.47500000001202, 4.205000000000038], [118.47500000001202, 4.215000000000038], [118.48500000001202, 4.215000000000038], [118.48500000001202, 4.255000000000037], [118.47500000001202, 4.255000000000037], [118.47500000001202, 4.265000000000037], [118.46500000001201, 4.265000000000037], [118.46500000001201, 4.275000000000037], [118.445000000012, 4.275000000000037], [118.445000000012, 4.285000000000037], [118.42500000001199, 4.285000000000037], [118.42500000001199, 4.295000000000036], [118.41500000001199, 4.295000000000036], [118.41500000001199, 4.355000000000035], [118.40500000001198, 4.355000000000035], [118.40500000001198, 4.375000000000035], [118.39500000001198, 4.375000000000035], [118.39500000001198, 4.395000000000034], [118.38500000001197, 4.395000000000034], [118.38500000001197, 4.415000000000034], [118.37500000001197, 4.415000000000034], [118.37500000001197, 4.435000000000033], [118.36500000001196, 4.435000000000033], [118.36500000001196, 4.455000000000033], [118.35500000001196, 4.455000000000033], [118.35500000001196, 4.4750000000000325], [118.34500000001195, 4.4750000000000325], [118.34500000001195, 4.495000000000032], [118.33500000001195, 4.495000000000032], [118.33500000001195, 4.6150000000000295], [118.35500000001196, 4.6150000000000295], [118.35500000001196, 4.625000000000029], [118.37500000001197, 4.625000000000029], [118.37500000001197, 4.635000000000029], [118.38500000001197, 4.635000000000029], [118.38500000001197, 4.645000000000029], [118.40500000001198, 4.645000000000029], [118.40500000001198, 4.655000000000029], [118.435000000012, 4.655000000000029], [118.435000000012, 4.6650000000000285], [118.455000000012, 4.6650000000000285], [118.455000000012, 4.675000000000028], [118.48500000001202, 4.675000000000028], [118.48500000001202, 4.685000000000028], [118.50500000001203, 4.685000000000028], [118.50500000001203, 4.675000000000028], [118.52500000001204, 4.675000000000028], [118.52500000001204, 4.6650000000000285], [118.53500000001205, 4.6650000000000285], [118.53500000001205, 4.655000000000029], [118.54500000001205, 4.655000000000029], [118.54500000001205, 4.645000000000029]]], [[[117.94500000001175, 4.735000000000027], [117.93500000001174, 4.735000000000027], [117.93500000001174, 4.745000000000027], [117.92500000001174, 4.745000000000027], [117.92500000001174, 4.7550000000000265], [117.94500000001175, 4.7550000000000265], [117.94500000001175, 4.735000000000027]]], [[[118.29500000001192, 5.255000000000016], [118.29500000001192, 5.04500000000002], [118.27500000001191, 5.04500000000002], [118.27500000001191, 4.995000000000021], [118.2550000000119, 4.995000000000021], [118.2550000000119, 4.985000000000022], [118.2350000000119, 4.985000000000022], [118.2350000000119, 4.975000000000022], [118.20500000001188, 4.975000000000022], [118.20500000001188, 4.985000000000022], [118.19500000001187, 4.985000000000022], [118.19500000001187, 4.995000000000021], [118.18500000001187, 4.995000000000021], [118.18500000001187, 5.255000000000016], [118.19500000001187, 5.255000000000016], [118.19500000001187, 5.265000000000016], [118.20500000001188, 5.265000000000016], [118.20500000001188, 5.285000000000015], [118.21500000001188, 5.285000000000015], [118.21500000001188, 5.295000000000015], [118.22500000001189, 5.295000000000015], [118.22500000001189, 5.315000000000015], [118.2350000000119, 5.315000000000015], [118.2350000000119, 5.325000000000014], [118.2450000000119, 5.325000000000014], [118.2450000000119, 5.335000000000014], [118.26500000001191, 5.335000000000014], [118.26500000001191, 5.315000000000015], [118.27500000001191, 5.315000000000015], [118.27500000001191, 5.285000000000015], [118.28500000001192, 5.285000000000015], [118.28500000001192, 5.255000000000016], [118.29500000001192, 5.255000000000016]]], [[[118.85500000001221, 5.345000000000014], [118.86500000001222, 5.345000000000014], [118.86500000001222, 5.335000000000014], [118.87500000001222, 5.335000000000014], [118.87500000001222, 5.325000000000014], [118.88500000001223, 5.325000000000014], [118.88500000001223, 5.315000000000015], [118.89500000001223, 5.315000000000015], [118.89500000001223, 5.305000000000015], [118.91500000001224, 5.305000000000015], [118.91500000001224, 5.295000000000015], [118.93500000001225, 5.295000000000015], [118.93500000001225, 5.285000000000015], [118.95500000001226, 5.285000000000015], [118.95500000001226, 5.2750000000000155], [118.97500000001227, 5.2750000000000155], [118.97500000001227, 5.265000000000016], [119.0150000000123, 5.265000000000016], [119.0150000000123, 5.255000000000016], [119.0350000000123, 5.255000000000016], [119.0350000000123, 5.245000000000016], [119.00500000001229, 5.245000000000016], [119.00500000001229, 5.235000000000016], [118.96500000001227, 5.235000000000016], [118.96500000001227, 5.2250000000000165], [118.92500000001225, 5.2250000000000165], [118.92500000001225, 5.215000000000017], [118.87500000001222, 5.215000000000017], [118.87500000001222, 5.205000000000017], [118.8350000000122, 5.205000000000017], [118.8350000000122, 5.195000000000017], [118.79500000001218, 5.195000000000017], [118.79500000001218, 5.335000000000014], [118.80500000001219, 5.335000000000014], [118.80500000001219, 5.395000000000013], [118.81500000001219, 5.395000000000013], [118.81500000001219, 5.405000000000013], [118.8250000000122, 5.405000000000013], [118.8250000000122, 5.385000000000013], [118.8350000000122, 5.385000000000013], [118.8350000000122, 5.375000000000013], [118.8450000000122, 5.375000000000013], [118.8450000000122, 5.355000000000014], [118.85500000001221, 5.355000000000014], [118.85500000001221, 5.345000000000014]]], [[[118.50500000001203, 5.5550000000000095], [118.52500000001204, 5.5550000000000095], [118.52500000001204, 5.54500000000001], [118.53500000001205, 5.54500000000001], [118.53500000001205, 5.53500000000001], [118.55500000001206, 5.53500000000001], [118.55500000001206, 5.52500000000001], [118.56500000001206, 5.52500000000001], [118.56500000001206, 5.51500000000001], [118.57500000001207, 5.51500000000001], [118.57500000001207, 5.5050000000000106], [118.58500000001207, 5.5050000000000106], [118.58500000001207, 5.4150000000000125], [118.57500000001207, 5.4150000000000125], [118.57500000001207, 5.345000000000014], [118.56500000001206, 5.345000000000014], [118.56500000001206, 5.355000000000014], [118.55500000001206, 5.355000000000014], [118.55500000001206, 5.3650000000000135], [118.53500000001205, 5.3650000000000135], [118.53500000001205, 5.375000000000013], [118.52500000001204, 5.375000000000013], [118.52500000001204, 5.385000000000013], [118.50500000001203, 5.385000000000013], [118.50500000001203, 5.395000000000013], [118.49500000001203, 5.395000000000013], [118.49500000001203, 5.405000000000013], [118.48500000001202, 5.405000000000013], [118.48500000001202, 5.4150000000000125], [118.47500000001202, 5.4150000000000125], [118.47500000001202, 5.425000000000012], [118.46500000001201, 5.425000000000012], [118.46500000001201, 5.435000000000012], [118.455000000012, 5.435000000000012], [118.455000000012, 5.445000000000012], [118.445000000012, 5.445000000000012], [118.445000000012, 5.465000000000011], [118.435000000012, 5.465000000000011], [118.435000000012, 5.475000000000011], [118.42500000001199, 5.475000000000011], [118.42500000001199, 5.485000000000011], [118.41500000001199, 5.485000000000011], [118.41500000001199, 5.53500000000001], [118.42500000001199, 5.53500000000001], [118.42500000001199, 5.5550000000000095], [118.435000000012, 5.5550000000000095], [118.435000000012, 5.575000000000009], [118.445000000012, 5.575000000000009], [118.445000000012, 5.585000000000009], [118.455000000012, 5.585000000000009], [118.455000000012, 5.595000000000009], [118.46500000001201, 5.595000000000009], [118.46500000001201, 5.585000000000009], [118.47500000001202, 5.585000000000009], [118.47500000001202, 5.575000000000009], [118.49500000001203, 5.575000000000009], [118.49500000001203, 5.565000000000009], [118.50500000001203, 5.565000000000009], [118.50500000001203, 5.5550000000000095]]], [[[115.85500000001068, 5.495000000000011], [115.85500000001068, 5.485000000000011], [115.84500000001067, 5.485000000000011], [115.84500000001067, 5.475000000000011], [115.81500000001066, 5.475000000000011], [115.81500000001066, 5.465000000000011], [115.79500000001065, 5.465000000000011], [115.79500000001065, 5.455000000000012], [115.76500000001063, 5.455000000000012], [115.76500000001063, 5.445000000000012], [115.75500000001063, 5.445000000000012], [115.75500000001063, 5.455000000000012], [115.74500000001062, 5.455000000000012], [115.74500000001062, 5.465000000000011], [115.73500000001061, 5.465000000000011], [115.73500000001061, 5.485000000000011], [115.72500000001061, 5.485000000000011], [115.72500000001061, 5.5050000000000106], [115.73500000001061, 5.5050000000000106], [115.73500000001061, 5.51500000000001], [115.74500000001062, 5.51500000000001], [115.74500000001062, 5.52500000000001], [115.80500000001065, 5.52500000000001], [115.80500000001065, 5.51500000000001], [115.84500000001067, 5.51500000000001], [115.84500000001067, 5.5050000000000106], [115.86500000001068, 5.5050000000000106], [115.86500000001068, 5.495000000000011], [115.85500000001068, 5.495000000000011]]], [[[117.11500000001132, 5.475000000000011], [117.0850000000113, 5.475000000000011], [117.0850000000113, 5.485000000000011], [117.0650000000113, 5.485000000000011], [117.0650000000113, 5.495000000000011], [117.04500000001129, 5.495000000000011], [117.04500000001129, 5.5050000000000106], [117.05500000001129, 5.5050000000000106], [117.05500000001129, 5.51500000000001], [117.0650000000113, 5.51500000000001], [117.0650000000113, 5.52500000000001], [117.0750000000113, 5.52500000000001], [117.0750000000113, 5.53500000000001], [117.0850000000113, 5.53500000000001], [117.0850000000113, 5.54500000000001], [117.10500000001132, 5.54500000000001], [117.10500000001132, 5.5550000000000095], [117.11500000001132, 5.5550000000000095], [117.11500000001132, 5.565000000000009], [117.13500000001133, 5.565000000000009], [117.13500000001133, 5.575000000000009], [117.14500000001134, 5.575000000000009], [117.14500000001134, 5.53500000000001], [117.15500000001134, 5.53500000000001], [117.15500000001134, 5.485000000000011], [117.14500000001134, 5.485000000000011], [117.14500000001134, 5.465000000000011], [117.11500000001132, 5.465000000000011], [117.11500000001132, 5.475000000000011]]], [[[116.89500000001121, 5.51500000000001], [116.8650000000112, 5.51500000000001], [116.8650000000112, 5.5050000000000106], [116.80500000001116, 5.5050000000000106], [116.80500000001116, 5.52500000000001], [116.81500000001117, 5.52500000000001], [116.81500000001117, 5.5550000000000095], [116.82500000001117, 5.5550000000000095], [116.82500000001117, 5.54500000000001], [116.85500000001119, 5.54500000000001], [116.85500000001119, 5.53500000000001], [116.8750000000112, 5.53500000000001], [116.8750000000112, 5.52500000000001], [116.89500000001121, 5.52500000000001], [116.89500000001121, 5.51500000000001]]], [[[116.81500000001117, 5.875000000000003], [116.81500000001117, 5.865000000000003], [116.80500000001116, 5.865000000000003], [116.80500000001116, 5.855000000000003], [116.79500000001116, 5.855000000000003], [116.79500000001116, 5.845000000000003], [116.77500000001115, 5.845000000000003], [116.77500000001115, 5.8350000000000035], [116.72500000001112, 5.8350000000000035], [116.72500000001112, 5.845000000000003], [116.71500000001112, 5.845000000000003], [116.71500000001112, 5.855000000000003], [116.70500000001111, 5.855000000000003], [116.70500000001111, 5.865000000000003], [116.6950000000111, 5.865000000000003], [116.6950000000111, 5.875000000000003], [116.6750000000111, 5.875000000000003], [116.6750000000111, 5.8850000000000025], [116.66500000001109, 5.8850000000000025], [116.66500000001109, 5.895000000000002], [116.65500000001109, 5.895000000000002], [116.65500000001109, 5.905000000000002], [116.64500000001108, 5.905000000000002], [116.64500000001108, 5.965000000000001], [116.65500000001109, 5.965000000000001], [116.65500000001109, 6.005], [116.84500000001118, 6.005], [116.84500000001118, 5.985], [116.83500000001118, 5.985], [116.83500000001118, 5.8850000000000025], [116.82500000001117, 5.8850000000000025], [116.82500000001117, 5.875000000000003], [116.81500000001117, 5.875000000000003]]], [[[113.05500000000924, 5.995], [113.04500000000924, 5.995], [113.04500000000924, 6.005], [113.08500000000926, 6.005], [113.08500000000926, 5.985], [113.07500000000925, 5.985], [113.07500000000925, 5.955000000000001], [113.06500000000925, 5.955000000000001], [113.06500000000925, 5.965000000000001], [113.05500000000924, 5.965000000000001], [113.05500000000924, 5.995]]], [[[122.30500000001398, -4.734999999999771], [122.31500000001398, -4.734999999999771], [122.31500000001398, -4.744999999999771], [122.30500000001398, -4.744999999999771], [122.30500000001398, -4.77499999999977], [122.29500000001397, -4.77499999999977], [122.29500000001397, -4.79499999999977], [122.28500000001397, -4.79499999999977], [122.28500000001397, -4.80499999999977], [122.27500000001396, -4.80499999999977], [122.27500000001396, -4.824999999999769], [122.26500000001396, -4.824999999999769], [122.26500000001396, -4.844999999999769], [122.23500000001394, -4.844999999999769], [122.23500000001394, -4.834999999999769], [122.22500000001394, -4.834999999999769], [122.22500000001394, -4.8149999999997695], [122.21500000001393, -4.8149999999997695], [122.21500000001393, -4.80499999999977], [122.20500000001392, -4.80499999999977], [122.20500000001392, -4.78499999999977], [122.19500000001392, -4.78499999999977], [122.19500000001392, -4.7649999999997705], [122.18500000001391, -4.7649999999997705], [122.18500000001391, -4.704999999999772], [122.19500000001392, -4.704999999999772], [122.19500000001392, -4.6249999999997735], [122.20500000001392, -4.6249999999997735], [122.20500000001392, -4.584999999999774], [122.21500000001393, -4.584999999999774], [122.21500000001393, -4.564999999999775], [122.22500000001394, -4.564999999999775], [122.22500000001394, -4.544999999999775], [122.21500000001393, -4.544999999999775], [122.21500000001393, -4.494999999999776], [122.22500000001394, -4.494999999999776], [122.22500000001394, -4.4849999999997765], [122.23500000001394, -4.4849999999997765], [122.23500000001394, -4.464999999999777], [122.26500000001396, -4.464999999999777], [122.26500000001396, -4.4849999999997765], [122.28500000001397, -4.4849999999997765], [122.28500000001397, -4.494999999999776], [122.29500000001397, -4.494999999999776], [122.29500000001397, -4.534999999999775], [122.30500000001398, -4.534999999999775], [122.30500000001398, -4.734999999999771]], [[122.23500000001394, -4.544999999999775], [122.23500000001394, -4.524999999999776], [122.22500000001394, -4.524999999999776], [122.22500000001394, -4.544999999999775], [122.23500000001394, -4.544999999999775]], [[122.24500000001395, -4.524999999999776], [122.24500000001395, -4.514999999999776], [122.23500000001394, -4.514999999999776], [122.23500000001394, -4.524999999999776], [122.24500000001395, -4.524999999999776]], [[122.25500000001395, -4.4849999999997765], [122.25500000001395, -4.494999999999776], [122.26500000001396, -4.494999999999776], [122.26500000001396, -4.4849999999997765], [122.25500000001395, -4.4849999999997765]], [[122.24500000001395, -4.494999999999776], [122.24500000001395, -4.504999999999776], [122.25500000001395, -4.504999999999776], [122.25500000001395, -4.494999999999776], [122.24500000001395, -4.494999999999776]]], [[[122.20500000001392, -4.564999999999775], [122.20500000001392, -4.544999999999775], [122.21500000001393, -4.544999999999775], [122.21500000001393, -4.564999999999775], [122.20500000001392, -4.564999999999775]]], [[[119.31500000001245, -3.484999999999798], [119.33500000001246, -3.484999999999798], [119.33500000001246, -3.5049999999997974], [119.34500000001246, -3.5049999999997974], [119.34500000001246, -3.5349999999997967], [119.35500000001247, -3.5349999999997967], [119.35500000001247, -3.5549999999997963], [119.34500000001246, -3.5549999999997963], [119.34500000001246, -3.574999999999796], [119.33500000001246, -3.574999999999796], [119.33500000001246, -3.5949999999997955], [119.32500000001245, -3.5949999999997955], [119.32500000001245, -3.614999999999795], [119.31500000001245, -3.614999999999795], [119.31500000001245, -3.624999999999795], [119.30500000001244, -3.624999999999795], [119.30500000001244, -3.6449999999997944], [119.29500000001244, -3.6449999999997944], [119.29500000001244, -3.654999999999794], [119.28500000001243, -3.654999999999794], [119.28500000001243, -3.664999999999794], [119.27500000001243, -3.664999999999794], [119.27500000001243, -3.6749999999997938], [119.26500000001242, -3.6749999999997938], [119.26500000001242, -3.6849999999997936], [119.25500000001242, -3.6849999999997936], [119.25500000001242, -3.6949999999997933], [119.2350000000124, -3.6949999999997933], [119.2350000000124, -3.704999999999793], [119.20500000001239, -3.704999999999793], [119.20500000001239, -3.714999999999793], [119.18500000001238, -3.714999999999793], [119.18500000001238, -3.7249999999997927], [119.17500000001237, -3.7249999999997927], [119.17500000001237, -3.7349999999997925], [119.16500000001237, -3.7349999999997925], [119.16500000001237, -3.754999999999792], [119.17500000001237, -3.754999999999792], [119.17500000001237, -3.764999999999792], [119.19500000001239, -3.764999999999792], [119.19500000001239, -3.7749999999997916], [119.20500000001239, -3.7749999999997916], [119.20500000001239, -3.7849999999997914], [119.2250000000124, -3.7849999999997914], [119.2250000000124, -3.794999999999791], [119.24500000001241, -3.794999999999791], [119.24500000001241, -3.804999999999791], [119.25500000001242, -3.804999999999791], [119.25500000001242, -3.814999999999791], [119.27500000001243, -3.814999999999791], [119.27500000001243, -3.8249999999997906], [119.28500000001243, -3.8249999999997906], [119.28500000001243, -3.8349999999997904], [119.30500000001244, -3.8349999999997904], [119.30500000001244, -3.84499999999979], [119.31500000001245, -3.84499999999979], [119.31500000001245, -3.85499999999979], [119.33500000001246, -3.85499999999979], [119.33500000001246, -3.8649999999997897], [119.34500000001246, -3.8649999999997897], [119.34500000001246, -3.8749999999997895], [119.36500000001247, -3.8749999999997895], [119.36500000001247, -3.8849999999997893], [119.37500000001248, -3.8849999999997893], [119.37500000001248, -3.894999999999789], [119.39500000001249, -3.894999999999789], [119.39500000001249, -3.904999999999789], [119.4150000000125, -3.904999999999789], [119.4150000000125, -3.9149999999997886], [119.4250000000125, -3.9149999999997886], [119.4250000000125, -3.9249999999997884], [119.44500000001251, -3.9249999999997884], [119.44500000001251, -3.9349999999997882], [119.46500000001252, -3.9349999999997882], [119.46500000001252, -3.944999999999788], [119.48500000001253, -3.944999999999788], [119.48500000001253, -3.954999999999788], [119.49500000001254, -3.954999999999788], [119.49500000001254, -3.9649999999997876], [119.50500000001254, -3.9649999999997876], [119.50500000001254, -4.004999999999787], [119.49500000001254, -4.004999999999787], [119.49500000001254, -4.024999999999786], [119.48500000001253, -4.024999999999786], [119.48500000001253, -4.054999999999786], [119.47500000001253, -4.054999999999786], [119.47500000001253, -4.0649999999997855], [119.45500000001252, -4.0649999999997855], [119.45500000001252, -4.074999999999785], [119.4150000000125, -4.074999999999785], [119.4150000000125, -4.084999999999785], [119.34500000001246, -4.084999999999785], [119.34500000001246, -4.094999999999785], [119.25500000001242, -4.094999999999785], [119.25500000001242, -4.104999999999785], [119.2250000000124, -4.104999999999785], [119.2250000000124, -4.114999999999784], [119.20500000001239, -4.114999999999784], [119.20500000001239, -4.124999999999784], [119.19500000001239, -4.124999999999784], [119.19500000001239, -4.134999999999784], [119.17500000001237, -4.134999999999784], [119.17500000001237, -4.144999999999784], [119.16500000001237, -4.144999999999784], [119.16500000001237, -4.1549999999997835], [119.14500000001236, -4.1549999999997835], [119.14500000001236, -4.164999999999783], [119.13500000001235, -4.164999999999783], [119.13500000001235, -4.174999999999783], [119.12500000001235, -4.174999999999783], [119.12500000001235, -4.184999999999783], [119.11500000001234, -4.184999999999783], [119.11500000001234, -4.194999999999783], [119.10500000001234, -4.194999999999783], [119.10500000001234, -4.2049999999997825], [119.09500000001233, -4.2049999999997825], [119.09500000001233, -4.214999999999782], [119.08500000001233, -4.214999999999782], [119.08500000001233, -4.224999999999782], [119.07500000001232, -4.224999999999782], [119.07500000001232, -4.234999999999782], [119.06500000001232, -4.234999999999782], [119.06500000001232, -4.254999999999781], [119.07500000001232, -4.254999999999781], [119.07500000001232, -4.264999999999781], [119.08500000001233, -4.264999999999781], [119.08500000001233, -4.274999999999781], [119.10500000001234, -4.274999999999781], [119.10500000001234, -4.284999999999781], [119.12500000001235, -4.284999999999781], [119.12500000001235, -4.2949999999997805], [119.13500000001235, -4.2949999999997805], [119.13500000001235, -4.30499999999978], [119.15500000001236, -4.30499999999978], [119.15500000001236, -4.31499999999978], [119.17500000001237, -4.31499999999978], [119.17500000001237, -4.32499999999978], [119.18500000001238, -4.32499999999978], [119.18500000001238, -4.33499999999978], [119.20500000001239, -4.33499999999978], [119.20500000001239, -4.3449999999997795], [119.2250000000124, -4.3449999999997795], [119.2250000000124, -4.354999999999779], [119.2350000000124, -4.354999999999779], [119.2350000000124, -4.364999999999779], [119.30500000001244, -4.364999999999779], [119.30500000001244, -4.374999999999779], [119.4150000000125, -4.374999999999779], [119.4150000000125, -4.414999999999778], [119.40500000001249, -4.414999999999778], [119.40500000001249, -4.4849999999997765], [119.39500000001249, -4.4849999999997765], [119.39500000001249, -4.524999999999776], [119.38500000001248, -4.524999999999776], [119.38500000001248, -4.554999999999775], [119.37500000001248, -4.554999999999775], [119.37500000001248, -4.584999999999774], [119.36500000001247, -4.584999999999774], [119.36500000001247, -4.614999999999774], [119.35500000001247, -4.614999999999774], [119.35500000001247, -4.644999999999773], [119.34500000001246, -4.644999999999773], [119.34500000001246, -4.6749999999997724], [119.33500000001246, -4.6749999999997724], [119.33500000001246, -4.714999999999772], [119.32500000001245, -4.714999999999772], [119.32500000001245, -4.744999999999771], [119.31500000001245, -4.744999999999771], [119.31500000001245, -4.824999999999769], [119.30500000001244, -4.824999999999769], [119.30500000001244, -4.884999999999768], [119.29500000001244, -4.884999999999768], [119.29500000001244, -4.924999999999767], [119.28500000001243, -4.924999999999767], [119.28500000001243, -4.964999999999766], [119.27500000001243, -4.964999999999766], [119.27500000001243, -4.994999999999766], [119.26500000001242, -4.994999999999766], [119.26500000001242, -5.014999999999765], [119.25500000001242, -5.014999999999765], [119.25500000001242, -5.024999999999765], [119.24500000001241, -5.024999999999765], [119.24500000001241, -5.014999999999765], [119.2350000000124, -5.014999999999765], [119.2350000000124, -4.994999999999766], [119.2250000000124, -4.994999999999766], [119.2250000000124, -4.964999999999766], [119.2150000000124, -4.964999999999766], [119.2150000000124, -4.944999999999767], [119.20500000001239, -4.944999999999767], [119.20500000001239, -4.9049999999997675], [119.19500000001239, -4.9049999999997675], [119.19500000001239, -4.874999999999768], [119.18500000001238, -4.874999999999768], [119.18500000001238, -4.834999999999769], [119.17500000001237, -4.834999999999769], [119.17500000001237, -4.78499999999977], [119.16500000001237, -4.78499999999977], [119.16500000001237, -4.744999999999771], [119.15500000001236, -4.744999999999771], [119.15500000001236, -4.724999999999771], [119.14500000001236, -4.724999999999771], [119.14500000001236, -4.704999999999772], [119.13500000001235, -4.704999999999772], [119.13500000001235, -4.694999999999772], [119.12500000001235, -4.694999999999772], [119.12500000001235, -4.6749999999997724], [119.11500000001234, -4.6749999999997724], [119.11500000001234, -4.664999999999773], [119.10500000001234, -4.664999999999773], [119.10500000001234, -4.644999999999773], [119.09500000001233, -4.644999999999773], [119.09500000001233, -4.634999999999773], [119.08500000001233, -4.634999999999773], [119.08500000001233, -4.6249999999997735], [119.07500000001232, -4.6249999999997735], [119.07500000001232, -4.614999999999774], [119.06500000001232, -4.614999999999774], [119.06500000001232, -4.604999999999774], [119.05500000001231, -4.604999999999774], [119.05500000001231, -4.594999999999774], [119.04500000001231, -4.594999999999774], [119.04500000001231, -4.584999999999774], [119.0350000000123, -4.584999999999774], [119.0350000000123, -4.574999999999775], [119.0250000000123, -4.574999999999775], [119.0250000000123, -4.564999999999775], [119.0150000000123, -4.564999999999775], [119.0150000000123, -4.554999999999775], [118.99500000001228, -4.554999999999775], [118.99500000001228, -4.544999999999775], [118.98500000001228, -4.544999999999775], [118.98500000001228, -4.524999999999776], [118.97500000001227, -4.524999999999776], [118.97500000001227, -4.514999999999776], [118.96500000001227, -4.514999999999776], [118.96500000001227, -4.504999999999776], [118.95500000001226, -4.504999999999776], [118.95500000001226, -4.4849999999997765], [118.94500000001226, -4.4849999999997765], [118.94500000001226, -4.454999999999777], [118.93500000001225, -4.454999999999777], [118.93500000001225, -4.424999999999778], [118.92500000001225, -4.424999999999778], [118.92500000001225, -4.394999999999778], [118.91500000001224, -4.394999999999778], [118.91500000001224, -4.364999999999779], [118.90500000001224, -4.364999999999779], [118.90500000001224, -4.33499999999978], [118.89500000001223, -4.33499999999978], [118.89500000001223, -4.2949999999997805], [118.88500000001223, -4.2949999999997805], [118.88500000001223, -4.264999999999781], [118.87500000001222, -4.264999999999781], [118.87500000001222, -4.094999999999785], [118.88500000001223, -4.094999999999785], [118.88500000001223, -3.9349999999997882], [118.89500000001223, -3.9349999999997882], [118.89500000001223, -3.894999999999789], [118.90500000001224, -3.894999999999789], [118.90500000001224, -3.8749999999997895], [118.91500000001224, -3.8749999999997895], [118.91500000001224, -3.85499999999979], [118.93500000001225, -3.85499999999979], [118.93500000001225, -3.84499999999979], [118.97500000001227, -3.84499999999979], [118.97500000001227, -3.8349999999997904], [119.00500000001229, -3.8349999999997904], [119.00500000001229, -3.8249999999997906], [119.0150000000123, -3.8249999999997906], [119.0150000000123, -3.804999999999791], [119.0250000000123, -3.804999999999791], [119.0250000000123, -3.794999999999791], [119.0350000000123, -3.794999999999791], [119.0350000000123, -3.7849999999997914], [119.04500000001231, -3.7849999999997914], [119.04500000001231, -3.764999999999792], [119.05500000001231, -3.764999999999792], [119.05500000001231, -3.7449999999997923], [119.06500000001232, -3.7449999999997923], [119.06500000001232, -3.714999999999793], [119.05500000001231, -3.714999999999793], [119.05500000001231, -3.654999999999794], [119.06500000001232, -3.654999999999794], [119.06500000001232, -3.6449999999997944], [119.08500000001233, -3.6449999999997944], [119.08500000001233, -3.6349999999997946], [119.09500000001233, -3.6349999999997946], [119.09500000001233, -3.614999999999795], [119.10500000001234, -3.614999999999795], [119.10500000001234, -3.5849999999997957], [119.11500000001234, -3.5849999999997957], [119.11500000001234, -3.524999999999797], [119.12500000001235, -3.524999999999797], [119.12500000001235, -3.5049999999997974], [119.13500000001235, -3.5049999999997974], [119.13500000001235, -3.4949999999997976], [119.15500000001236, -3.4949999999997976], [119.15500000001236, -3.484999999999798], [119.16500000001237, -3.484999999999798], [119.16500000001237, -3.474999999999798], [119.18500000001238, -3.474999999999798], [119.18500000001238, -3.4649999999997982], [119.20500000001239, -3.4649999999997982], [119.20500000001239, -3.4549999999997985], [119.2250000000124, -3.4549999999997985], [119.2250000000124, -3.4449999999997987], [119.26500000001242, -3.4449999999997987], [119.26500000001242, -3.4549999999997985], [119.28500000001243, -3.4549999999997985], [119.28500000001243, -3.4649999999997982], [119.29500000001244, -3.4649999999997982], [119.29500000001244, -3.474999999999798], [119.31500000001245, -3.474999999999798], [119.31500000001245, -3.484999999999798]]], [[[120.5950000000131, -2.9949999999998083], [120.6050000000131, -2.9949999999998083], [120.6050000000131, -3.0349999999998074], [120.5950000000131, -3.0349999999998074], [120.5950000000131, -3.044999999999807], [120.5850000000131, -3.044999999999807], [120.5850000000131, -3.0649999999998068], [120.56500000001309, -3.0649999999998068], [120.56500000001309, -3.0749999999998066], [120.54500000001308, -3.0749999999998066], [120.54500000001308, -3.0849999999998063], [120.51500000001306, -3.0849999999998063], [120.51500000001306, -3.094999999999806], [120.50500000001306, -3.094999999999806], [120.50500000001306, -3.0849999999998063], [120.48500000001304, -3.0849999999998063], [120.48500000001304, -3.0749999999998066], [120.46500000001303, -3.0749999999998066], [120.46500000001303, -3.0649999999998068], [120.44500000001302, -3.0649999999998068], [120.44500000001302, -2.9949999999998083], [120.45500000001303, -2.9949999999998083], [120.45500000001303, -2.9849999999998085], [120.46500000001303, -2.9849999999998085], [120.46500000001303, -2.9749999999998087], [120.47500000001304, -2.9749999999998087], [120.47500000001304, -2.964999999999809], [120.48500000001304, -2.964999999999809], [120.48500000001304, -2.954999999999809], [120.53500000001307, -2.954999999999809], [120.53500000001307, -2.964999999999809], [120.55500000001308, -2.964999999999809], [120.55500000001308, -2.9749999999998087], [120.5850000000131, -2.9749999999998087], [120.5850000000131, -2.9849999999998085], [120.5950000000131, -2.9849999999998085], [120.5950000000131, -2.9949999999998083]]], [[[130.65500000001825, -2.964999999999809], [130.65500000001825, -2.9349999999998095], [130.66500000001827, -2.9349999999998095], [130.66500000001827, -3.014999999999808], [130.65500000001825, -3.014999999999808], [130.65500000001825, -3.0249999999998076], [130.64500000001823, -3.0249999999998076], [130.64500000001823, -2.964999999999809], [130.65500000001825, -2.964999999999809]]], [[[134.2850000000201, -2.874999999999811], [134.23500000002008, -2.874999999999811], [134.23500000002008, -2.864999999999811], [134.2250000000201, -2.864999999999811], [134.2250000000201, -2.8349999999998117], [134.35500000002014, -2.8349999999998117], [134.35500000002014, -2.8449999999998115], [134.36500000002013, -2.8449999999998115], [134.36500000002013, -2.8549999999998112], [134.33500000002013, -2.8549999999998112], [134.33500000002013, -2.864999999999811], [134.2850000000201, -2.864999999999811], [134.2850000000201, -2.874999999999811]]], [[[132.85500000001937, -2.6049999999998166], [132.83500000001936, -2.6049999999998166], [132.83500000001936, -2.6149999999998164], [132.81500000001935, -2.6149999999998164], [132.81500000001935, -2.6049999999998166], [132.82500000001937, -2.6049999999998166], [132.82500000001937, -2.594999999999817], [132.83500000001936, -2.594999999999817], [132.83500000001936, -2.584999999999817], [132.84500000001935, -2.584999999999817], [132.84500000001935, -2.574999999999817], [132.8650000000194, -2.574999999999817], [132.8650000000194, -2.5649999999998174], [132.88500000001937, -2.5649999999998174], [132.88500000001937, -2.574999999999817], [132.87500000001938, -2.574999999999817], [132.87500000001938, -2.584999999999817], [132.8650000000194, -2.584999999999817], [132.8650000000194, -2.594999999999817], [132.85500000001937, -2.594999999999817], [132.85500000001937, -2.6049999999998166]]], [[[132.6650000000193, -2.4249999999998204], [132.6650000000193, -2.43499999999982], [132.67500000001928, -2.43499999999982], [132.67500000001928, -2.44499999999982], [132.68500000001927, -2.44499999999982], [132.68500000001927, -2.4549999999998198], [132.6950000000193, -2.4549999999998198], [132.6950000000193, -2.4649999999998196], [132.7050000000193, -2.4649999999998196], [132.7050000000193, -2.4749999999998193], [132.7250000000193, -2.4749999999998193], [132.7250000000193, -2.484999999999819], [132.74500000001933, -2.484999999999819], [132.74500000001933, -2.494999999999819], [132.79500000001934, -2.494999999999819], [132.79500000001934, -2.5049999999998187], [132.78500000001935, -2.5049999999998187], [132.78500000001935, -2.5149999999998185], [132.77500000001933, -2.5149999999998185], [132.77500000001933, -2.5249999999998183], [132.7650000000193, -2.5249999999998183], [132.7650000000193, -2.534999999999818], [132.75500000001932, -2.534999999999818], [132.75500000001932, -2.574999999999817], [132.74500000001933, -2.574999999999817], [132.74500000001933, -2.6149999999998164], [132.7350000000193, -2.6149999999998164], [132.7350000000193, -2.624999999999816], [132.7250000000193, -2.624999999999816], [132.7250000000193, -2.6149999999998164], [132.6950000000193, -2.6149999999998164], [132.6950000000193, -2.6049999999998166], [132.67500000001928, -2.6049999999998166], [132.67500000001928, -2.594999999999817], [132.65500000001927, -2.594999999999817], [132.65500000001927, -2.584999999999817], [132.63500000001926, -2.584999999999817], [132.63500000001926, -2.574999999999817], [132.61500000001925, -2.574999999999817], [132.61500000001925, -2.5649999999998174], [132.59500000001924, -2.5649999999998174], [132.59500000001924, -2.5549999999998176], [132.58500000001925, -2.5549999999998176], [132.58500000001925, -2.544999999999818], [132.5650000000192, -2.544999999999818], [132.5650000000192, -2.534999999999818], [132.55500000001922, -2.534999999999818], [132.55500000001922, -2.5249999999998183], [132.54500000001923, -2.5249999999998183], [132.54500000001923, -2.5149999999998185], [132.5350000000192, -2.5149999999998185], [132.5350000000192, -2.5049999999998187], [132.5250000000192, -2.5049999999998187], [132.5250000000192, -2.494999999999819], [132.5350000000192, -2.494999999999819], [132.5350000000192, -2.484999999999819], [132.54500000001923, -2.484999999999819], [132.54500000001923, -2.4649999999998196], [132.55500000001922, -2.4649999999998196], [132.55500000001922, -2.4549999999998198], [132.5650000000192, -2.4549999999998198], [132.5650000000192, -2.44499999999982], [132.57500000001923, -2.44499999999982], [132.57500000001923, -2.43499999999982], [132.58500000001925, -2.43499999999982], [132.58500000001925, -2.4249999999998204], [132.59500000001924, -2.4249999999998204], [132.59500000001924, -2.4149999999998206], [132.60500000001923, -2.4149999999998206], [132.60500000001923, -2.404999999999821], [132.61500000001925, -2.404999999999821], [132.61500000001925, -2.394999999999821], [132.62500000001927, -2.394999999999821], [132.62500000001927, -2.3849999999998213], [132.63500000001926, -2.3849999999998213], [132.63500000001926, -2.404999999999821], [132.64500000001925, -2.404999999999821], [132.64500000001925, -2.4149999999998206], [132.65500000001927, -2.4149999999998206], [132.65500000001927, -2.4249999999998204], [132.6650000000193, -2.4249999999998204]]], [[[132.08500000001897, -2.4149999999998206], [132.105000000019, -2.4149999999998206], [132.105000000019, -2.4249999999998204], [132.115000000019, -2.4249999999998204], [132.115000000019, -2.43499999999982], [132.135000000019, -2.43499999999982], [132.135000000019, -2.44499999999982], [132.14500000001902, -2.44499999999982], [132.14500000001902, -2.4549999999998198], [132.15500000001902, -2.4549999999998198], [132.15500000001902, -2.4649999999998196], [132.165000000019, -2.4649999999998196], [132.165000000019, -2.4749999999998193], [132.17500000001903, -2.4749999999998193], [132.17500000001903, -2.484999999999819], [132.18500000001904, -2.484999999999819], [132.18500000001904, -2.494999999999819], [132.19500000001904, -2.494999999999819], [132.19500000001904, -2.5549999999998176], [132.18500000001904, -2.5549999999998176], [132.18500000001904, -2.544999999999818], [132.165000000019, -2.544999999999818], [132.165000000019, -2.534999999999818], [132.14500000001902, -2.534999999999818], [132.14500000001902, -2.5249999999998183], [132.135000000019, -2.5249999999998183], [132.135000000019, -2.5149999999998185], [132.115000000019, -2.5149999999998185], [132.115000000019, -2.5049999999998187], [132.09500000001898, -2.5049999999998187], [132.09500000001898, -2.494999999999819], [132.08500000001897, -2.494999999999819], [132.08500000001897, -2.484999999999819], [132.06500000001898, -2.484999999999819], [132.06500000001898, -2.4749999999998193], [132.04500000001894, -2.4749999999998193], [132.04500000001894, -2.4649999999998196], [132.02500000001896, -2.4649999999998196], [132.02500000001896, -2.4549999999998198], [132.00500000001892, -2.4549999999998198], [132.00500000001892, -2.44499999999982], [131.98500000001894, -2.44499999999982], [131.98500000001894, -2.43499999999982], [131.97500000001892, -2.43499999999982], [131.97500000001892, -2.4249999999998204], [131.9650000000189, -2.4249999999998204], [131.9650000000189, -2.4149999999998206], [131.94500000001892, -2.4149999999998206], [131.94500000001892, -2.404999999999821], [131.9350000000189, -2.404999999999821], [131.9350000000189, -2.394999999999821], [131.94500000001892, -2.394999999999821], [131.94500000001892, -2.3849999999998213], [131.9650000000189, -2.3849999999998213], [131.9650000000189, -2.3749999999998215], [132.02500000001896, -2.3749999999998215], [132.02500000001896, -2.3849999999998213], [132.04500000001894, -2.3849999999998213], [132.04500000001894, -2.394999999999821], [132.06500000001898, -2.394999999999821], [132.06500000001898, -2.404999999999821], [132.08500000001897, -2.404999999999821], [132.08500000001897, -2.4149999999998206]]], [[[134.6550000000203, -2.2449999999998242], [134.6650000000203, -2.2449999999998242], [134.6650000000203, -2.264999999999824], [134.6850000000203, -2.264999999999824], [134.6850000000203, -2.2749999999998236], [134.71500000002032, -2.2749999999998236], [134.71500000002032, -2.2849999999998234], [134.77500000002036, -2.2849999999998234], [134.77500000002036, -2.294999999999823], [134.81500000002038, -2.294999999999823], [134.81500000002038, -2.304999999999823], [134.8350000000204, -2.304999999999823], [134.8350000000204, -2.3149999999998228], [134.8550000000204, -2.3149999999998228], [134.8550000000204, -2.3249999999998225], [134.86500000002042, -2.3249999999998225], [134.86500000002042, -2.3349999999998223], [134.8750000000204, -2.3349999999998223], [134.8750000000204, -2.344999999999822], [134.8850000000204, -2.344999999999822], [134.8850000000204, -2.4549999999998198], [134.8750000000204, -2.4549999999998198], [134.8750000000204, -2.494999999999819], [134.86500000002042, -2.494999999999819], [134.86500000002042, -2.5049999999998187], [134.8550000000204, -2.5049999999998187], [134.8550000000204, -2.5149999999998185], [134.8350000000204, -2.5149999999998185], [134.8350000000204, -2.5249999999998183], [134.79500000002037, -2.5249999999998183], [134.79500000002037, -2.534999999999818], [134.74500000002035, -2.534999999999818], [134.74500000002035, -2.5249999999998183], [134.73500000002034, -2.5249999999998183], [134.73500000002034, -2.5149999999998185], [134.72500000002032, -2.5149999999998185], [134.72500000002032, -2.5049999999998187], [134.71500000002032, -2.5049999999998187], [134.71500000002032, -2.494999999999819], [134.70500000002033, -2.494999999999819], [134.70500000002033, -2.4749999999998193], [134.69500000002031, -2.4749999999998193], [134.69500000002031, -2.4649999999998196], [134.6850000000203, -2.4649999999998196], [134.6850000000203, -2.44499999999982], [134.6750000000203, -2.44499999999982], [134.6750000000203, -2.43499999999982], [134.6650000000203, -2.43499999999982], [134.6650000000203, -2.4149999999998206], [134.6550000000203, -2.4149999999998206], [134.6550000000203, -2.404999999999821], [134.64500000002027, -2.404999999999821], [134.64500000002027, -2.3849999999998213], [134.63500000002028, -2.3849999999998213], [134.63500000002028, -2.3749999999998215], [134.6250000000203, -2.3749999999998215], [134.6250000000203, -2.354999999999822], [134.61500000002027, -2.354999999999822], [134.61500000002027, -2.3249999999998225], [134.59500000002026, -2.3249999999998225], [134.59500000002026, -2.3149999999998228], [134.58500000002027, -2.3149999999998228], [134.58500000002027, -2.304999999999823], [134.57500000002025, -2.304999999999823], [134.57500000002025, -2.294999999999823], [134.56500000002023, -2.294999999999823], [134.56500000002023, -2.2849999999998234], [134.55500000002024, -2.2849999999998234], [134.55500000002024, -2.264999999999824], [134.54500000002025, -2.264999999999824], [134.54500000002025, -2.254999999999824], [134.53500000002023, -2.254999999999824], [134.53500000002023, -2.2449999999998242], [134.54500000002025, -2.2449999999998242], [134.54500000002025, -2.2349999999998245], [134.55500000002024, -2.2349999999998245], [134.55500000002024, -2.2249999999998247], [134.56500000002023, -2.2249999999998247], [134.56500000002023, -2.214999999999825], [134.57500000002025, -2.214999999999825], [134.57500000002025, -2.204999999999825], [134.58500000002027, -2.204999999999825], [134.58500000002027, -2.1949999999998253], [134.60500000002025, -2.1949999999998253], [134.60500000002025, -2.1849999999998255], [134.61500000002027, -2.1849999999998255], [134.61500000002027, -2.1749999999998257], [134.6250000000203, -2.1749999999998257], [134.6250000000203, -2.1849999999998255], [134.63500000002028, -2.1849999999998255], [134.63500000002028, -2.204999999999825], [134.64500000002027, -2.204999999999825], [134.64500000002027, -2.2249999999998247], [134.6550000000203, -2.2249999999998247], [134.6550000000203, -2.2449999999998242]]], [[[132.78500000001935, -2.3149999999998228], [132.78500000001935, -2.3249999999998225], [132.80500000001933, -2.3249999999998225], [132.80500000001933, -2.3349999999998223], [132.82500000001937, -2.3349999999998223], [132.82500000001937, -2.344999999999822], [132.83500000001936, -2.344999999999822], [132.83500000001936, -2.354999999999822], [132.84500000001935, -2.354999999999822], [132.84500000001935, -2.3749999999998215], [132.85500000001937, -2.3749999999998215], [132.85500000001937, -2.3849999999998213], [132.81500000001935, -2.3849999999998213], [132.81500000001935, -2.3749999999998215], [132.77500000001933, -2.3749999999998215], [132.77500000001933, -2.3649999999998217], [132.74500000001933, -2.3649999999998217], [132.74500000001933, -2.354999999999822], [132.7350000000193, -2.354999999999822], [132.7350000000193, -2.344999999999822], [132.7250000000193, -2.344999999999822], [132.7250000000193, -2.3249999999998225], [132.7150000000193, -2.3249999999998225], [132.7150000000193, -2.3149999999998228], [132.7050000000193, -2.3149999999998228], [132.7050000000193, -2.294999999999823], [132.7150000000193, -2.294999999999823], [132.7150000000193, -2.2849999999998234], [132.7250000000193, -2.2849999999998234], [132.7250000000193, -2.2749999999998236], [132.7350000000193, -2.2749999999998236], [132.7350000000193, -2.294999999999823], [132.74500000001933, -2.294999999999823], [132.74500000001933, -2.304999999999823], [132.7650000000193, -2.304999999999823], [132.7650000000193, -2.3149999999998228], [132.78500000001935, -2.3149999999998228]]], [[[134.03500000001998, -0.9649999999998515], [134.04500000001997, -0.9649999999998515], [134.04500000001997, -0.9849999999998511], [134.05500000002, -0.9849999999998511], [134.05500000002, -1.0249999999998503], [134.04500000001997, -1.0249999999998503], [134.04500000001997, -1.0449999999998498], [134.03500000001998, -1.0449999999998498], [134.03500000001998, -1.0649999999998494], [134.02500000002, -1.0649999999998494], [134.02500000002, -1.084999999999849], [134.01500000001997, -1.084999999999849], [134.01500000001997, -1.0949999999998488], [134.00500000001995, -1.0949999999998488], [134.00500000001995, -1.1049999999998485], [133.99500000001996, -1.1049999999998485], [133.99500000001996, -1.0949999999998488], [133.98500000001997, -1.0949999999998488], [133.98500000001997, -1.0749999999998492], [133.97500000001995, -1.0749999999998492], [133.97500000001995, -1.0449999999998498], [133.96500000001993, -1.0449999999998498], [133.96500000001993, -1.0249999999998503], [133.95500000001994, -1.0249999999998503], [133.95500000001994, -0.9849999999998511], [133.96500000001993, -0.9849999999998511], [133.96500000001993, -0.9549999999998517], [133.97500000001995, -0.9549999999998517], [133.97500000001995, -0.9349999999998522], [133.98500000001997, -0.9349999999998522], [133.98500000001997, -0.9249999999998524], [133.99500000001996, -0.9249999999998524], [133.99500000001996, -0.9149999999998526], [134.00500000001995, -0.9149999999998526], [134.00500000001995, -0.9249999999998524], [134.01500000001997, -0.9249999999998524], [134.01500000001997, -0.9349999999998522], [134.02500000002, -0.9349999999998522], [134.02500000002, -0.9549999999998517], [134.03500000001998, -0.9549999999998517], [134.03500000001998, -0.9649999999998515]]], [[[131.5550000000187, -0.614999999999859], [131.54500000001872, -0.614999999999859], [131.54500000001872, -0.6249999999998588], [131.5350000000187, -0.6249999999998588], [131.5350000000187, -0.6449999999998584], [131.52500000001868, -0.6449999999998584], [131.52500000001868, -0.6649999999998579], [131.5150000000187, -0.6649999999998579], [131.5150000000187, -0.6849999999998575], [131.5050000000187, -0.6849999999998575], [131.5050000000187, -0.7049999999998571], [131.49500000001868, -0.7049999999998571], [131.49500000001868, -0.7249999999998566], [131.48500000001866, -0.7249999999998566], [131.48500000001866, -0.7349999999998564], [131.47500000001867, -0.7349999999998564], [131.47500000001867, -0.7449999999998562], [131.45500000001866, -0.7449999999998562], [131.45500000001866, -0.754999999999856], [131.44500000001864, -0.754999999999856], [131.44500000001864, -0.7649999999998558], [131.42500000001866, -0.7649999999998558], [131.42500000001866, -0.7749999999998556], [131.40500000001862, -0.7749999999998556], [131.40500000001862, -0.7849999999998554], [131.38500000001864, -0.7849999999998554], [131.38500000001864, -0.7949999999998552], [131.37500000001862, -0.7949999999998552], [131.37500000001862, -0.8049999999998549], [131.3650000000186, -0.8049999999998549], [131.3650000000186, -0.8149999999998547], [131.34500000001862, -0.8149999999998547], [131.34500000001862, -0.8249999999998545], [131.3350000000186, -0.8249999999998545], [131.3350000000186, -0.8349999999998543], [131.32500000001858, -0.8349999999998543], [131.32500000001858, -0.8449999999998541], [131.31500000001859, -0.8449999999998541], [131.31500000001859, -0.8549999999998539], [131.3050000000186, -0.8549999999998539], [131.3050000000186, -0.8649999999998537], [131.29500000001858, -0.8649999999998537], [131.29500000001858, -0.8749999999998535], [131.26500000001857, -0.8749999999998535], [131.26500000001857, -0.8849999999998532], [131.23500000001854, -0.8849999999998532], [131.23500000001854, -0.8749999999998535], [131.21500000001853, -0.8749999999998535], [131.21500000001853, -0.8649999999998537], [131.20500000001852, -0.8649999999998537], [131.20500000001852, -0.8549999999998539], [131.18500000001853, -0.8549999999998539], [131.18500000001853, -0.8449999999998541], [131.1750000000185, -0.8449999999998541], [131.1750000000185, -0.8349999999998543], [131.1550000000185, -0.8349999999998543], [131.1550000000185, -0.8249999999998545], [131.1450000000185, -0.8249999999998545], [131.1450000000185, -0.8149999999998547], [131.1350000000185, -0.8149999999998547], [131.1350000000185, -0.8049999999998549], [131.12500000001847, -0.8049999999998549], [131.12500000001847, -0.7949999999998552], [131.11500000001848, -0.7949999999998552], [131.11500000001848, -0.7849999999998554], [131.1050000000185, -0.7849999999998554], [131.1050000000185, -0.7749999999998556], [131.11500000001848, -0.7749999999998556], [131.11500000001848, -0.7649999999998558], [131.1450000000185, -0.7649999999998558], [131.1450000000185, -0.754999999999856], [131.1650000000185, -0.754999999999856], [131.1650000000185, -0.7449999999998562], [131.1750000000185, -0.7449999999998562], [131.1750000000185, -0.7349999999998564], [131.18500000001853, -0.7349999999998564], [131.18500000001853, -0.7249999999998566], [131.19500000001852, -0.7249999999998566], [131.19500000001852, -0.7149999999998569], [131.21500000001853, -0.7149999999998569], [131.21500000001853, -0.7049999999998571], [131.22500000001855, -0.7049999999998571], [131.22500000001855, -0.6949999999998573], [131.23500000001854, -0.6949999999998573], [131.23500000001854, -0.6849999999998575], [131.26500000001857, -0.6849999999998575], [131.26500000001857, -0.6749999999998577], [131.29500000001858, -0.6749999999998577], [131.29500000001858, -0.6649999999998579], [131.32500000001858, -0.6649999999998579], [131.32500000001858, -0.6549999999998581], [131.3650000000186, -0.6549999999998581], [131.3650000000186, -0.6449999999998584], [131.41500000001864, -0.6449999999998584], [131.41500000001864, -0.6349999999998586], [131.46500000001868, -0.6349999999998586], [131.46500000001868, -0.6249999999998588], [131.5050000000187, -0.6249999999998588], [131.5050000000187, -0.614999999999859], [131.5150000000187, -0.614999999999859], [131.5150000000187, -0.6049999999998592], [131.52500000001868, -0.6049999999998592], [131.52500000001868, -0.5949999999998594], [131.5350000000187, -0.5949999999998594], [131.5350000000187, -0.5849999999998596], [131.54500000001872, -0.5849999999998596], [131.54500000001872, -0.5749999999998598], [131.5650000000187, -0.5749999999998598], [131.5650000000187, -0.5649999999998601], [131.57500000001872, -0.5649999999998601], [131.57500000001872, -0.5549999999998603], [131.58500000001874, -0.5549999999998603], [131.58500000001874, -0.5749999999998598], [131.57500000001872, -0.5749999999998598], [131.57500000001872, -0.5849999999998596], [131.5650000000187, -0.5849999999998596], [131.5650000000187, -0.5949999999998594], [131.5550000000187, -0.5949999999998594], [131.5550000000187, -0.614999999999859]]], [[[131.3050000000186, -0.43499999999986283], [131.26500000001857, -0.43499999999986283], [131.26500000001857, -0.42499999999986304], [131.3050000000186, -0.42499999999986304], [131.3050000000186, -0.43499999999986283]]], [[[131.26500000001857, -0.4449999999998626], [131.0050000000184, -0.4449999999998626], [131.0050000000184, -0.43499999999986283], [130.9550000000184, -0.43499999999986283], [130.9550000000184, -0.42499999999986304], [130.9350000000184, -0.42499999999986304], [130.9350000000184, -0.40499999999986347], [130.9650000000184, -0.40499999999986347], [130.9650000000184, -0.41499999999986326], [131.03500000001844, -0.41499999999986326], [131.03500000001844, -0.42499999999986304], [131.20500000001852, -0.42499999999986304], [131.20500000001852, -0.43499999999986283], [131.26500000001857, -0.43499999999986283], [131.26500000001857, -0.4449999999998626]]], [[[131.3050000000186, -0.41499999999986326], [131.3350000000186, -0.41499999999986326], [131.3350000000186, -0.42499999999986304], [131.3050000000186, -0.42499999999986304], [131.3050000000186, -0.41499999999986326]]], [[[131.34500000001862, -0.41499999999986326], [131.34500000001862, -0.40499999999986347], [131.3550000000186, -0.40499999999986347], [131.3550000000186, -0.41499999999986326], [131.34500000001862, -0.41499999999986326]]], [[[131.3050000000186, -0.06499999999987072], [131.32500000001858, -0.06499999999987072], [131.32500000001858, -0.0749999999998705], [131.3050000000186, -0.0749999999998705], [131.3050000000186, -0.06499999999987072]]], [[[130.5650000000182, 0.2350000000001229], [130.5350000000182, 0.2350000000001229], [130.5350000000182, 0.2250000000001231], [130.49500000001817, 0.2250000000001231], [130.49500000001817, 0.21500000000012331], [130.48500000001815, 0.21500000000012331], [130.48500000001815, 0.20500000000012353], [130.47500000001816, 0.20500000000012353], [130.47500000001816, 0.19500000000012374], [130.46500000001816, 0.19500000000012374], [130.46500000001816, 0.18500000000012395], [130.45500000001815, 0.18500000000012395], [130.45500000001815, 0.21500000000012331], [130.44500000001813, 0.21500000000012331], [130.44500000001813, 0.24500000000012268], [130.45500000001815, 0.24500000000012268], [130.45500000001815, 0.26500000000012225], [130.46500000001816, 0.26500000000012225], [130.46500000001816, 0.27500000000012204], [130.48500000001815, 0.27500000000012204], [130.48500000001815, 0.2850000000001218], [130.52500000001817, 0.2850000000001218], [130.52500000001817, 0.27500000000012204], [130.5450000000182, 0.27500000000012204], [130.5450000000182, 0.26500000000012225], [130.5550000000182, 0.26500000000012225], [130.5550000000182, 0.25500000000012246], [130.5650000000182, 0.25500000000012246], [130.5650000000182, 0.2350000000001229]]], [[[129.0450000000174, 1.545000000000095], [129.0450000000174, 1.5350000000000952], [129.05500000001743, 1.5350000000000952], [129.05500000001743, 1.5150000000000956], [129.06500000001745, 1.5150000000000956], [129.06500000001745, 1.495000000000096], [129.07500000001744, 1.495000000000096], [129.07500000001744, 1.4650000000000967], [129.08500000001743, 1.4650000000000967], [129.08500000001743, 1.445000000000097], [129.09500000001745, 1.445000000000097], [129.09500000001745, 1.4150000000000977], [129.10500000001747, 1.4150000000000977], [129.10500000001747, 1.3950000000000982], [129.09500000001745, 1.3950000000000982], [129.09500000001745, 1.3850000000000984], [129.08500000001743, 1.3850000000000984], [129.08500000001743, 1.3650000000000988], [129.07500000001744, 1.3650000000000988], [129.07500000001744, 1.355000000000099], [129.06500000001745, 1.355000000000099], [129.06500000001745, 1.3350000000000994], [129.05500000001743, 1.3350000000000994], [129.05500000001743, 1.3250000000000997], [129.0450000000174, 1.3250000000000997], [129.0450000000174, 1.3050000000001], [129.03500000001742, 1.3050000000001], [129.03500000001742, 1.2950000000001003], [129.02500000001743, 1.2950000000001003], [129.02500000001743, 1.2750000000001007], [129.0150000000174, 1.2750000000001007], [129.0150000000174, 1.265000000000101], [129.0050000000174, 1.265000000000101], [129.0050000000174, 1.2550000000001011], [128.9850000000174, 1.2550000000001011], [128.9850000000174, 1.2750000000001007], [128.9750000000174, 1.2750000000001007], [128.9750000000174, 1.2850000000001005], [128.96500000001737, 1.2850000000001005], [128.96500000001737, 1.3050000000001], [128.95500000001738, 1.3050000000001], [128.95500000001738, 1.3250000000000997], [128.9450000000174, 1.3250000000000997], [128.9450000000174, 1.3450000000000992], [128.93500000001737, 1.3450000000000992], [128.93500000001737, 1.3750000000000986], [128.92500000001735, 1.3750000000000986], [128.92500000001735, 1.3950000000000982], [128.91500000001736, 1.3950000000000982], [128.91500000001736, 1.4250000000000975], [128.90500000001737, 1.4250000000000975], [128.90500000001737, 1.4650000000000967], [128.89500000001735, 1.4650000000000967], [128.89500000001735, 1.5050000000000958], [128.88500000001733, 1.5050000000000958], [128.88500000001733, 1.5150000000000956], [128.89500000001735, 1.5150000000000956], [128.89500000001735, 1.5250000000000954], [128.90500000001737, 1.5250000000000954], [128.90500000001737, 1.545000000000095], [128.91500000001736, 1.545000000000095], [128.91500000001736, 1.5550000000000948], [128.93500000001737, 1.5550000000000948], [128.93500000001737, 1.5650000000000945], [128.9450000000174, 1.5650000000000945], [128.9450000000174, 1.5750000000000943], [128.96500000001737, 1.5750000000000943], [128.96500000001737, 1.5850000000000941], [129.0150000000174, 1.5850000000000941], [129.0150000000174, 1.5750000000000943], [129.02500000001743, 1.5750000000000943], [129.02500000001743, 1.5650000000000945], [129.03500000001742, 1.5650000000000945], [129.03500000001742, 1.545000000000095], [129.0450000000174, 1.545000000000095]]], [[[119.04500000001231, 3.515000000000053], [119.05500000001231, 3.515000000000053], [119.05500000001231, 3.4950000000000534], [119.04500000001231, 3.4950000000000534], [119.04500000001231, 3.475000000000054], [119.0350000000123, 3.475000000000054], [119.0350000000123, 3.465000000000054], [118.98500000001228, 3.465000000000054], [118.98500000001228, 3.4850000000000536], [118.97500000001227, 3.4850000000000536], [118.97500000001227, 3.4950000000000534], [118.96500000001227, 3.4950000000000534], [118.96500000001227, 3.5250000000000528], [118.97500000001227, 3.5250000000000528], [118.97500000001227, 3.565000000000052], [118.98500000001228, 3.565000000000052], [118.98500000001228, 3.5950000000000513], [118.99500000001228, 3.5950000000000513], [118.99500000001228, 3.605000000000051], [119.00500000001229, 3.605000000000051], [119.00500000001229, 3.5950000000000513], [119.0250000000123, 3.5950000000000513], [119.0250000000123, 3.5850000000000515], [119.0350000000123, 3.5850000000000515], [119.0350000000123, 3.555000000000052], [119.04500000001231, 3.555000000000052], [119.04500000001231, 3.515000000000053]]], [[[128.195000000017, 4.435000000000033], [128.185000000017, 4.435000000000033], [128.185000000017, 4.425000000000034], [128.17500000001698, 4.425000000000034], [128.17500000001698, 4.415000000000034], [128.16500000001696, 4.415000000000034], [128.16500000001696, 4.405000000000034], [128.15500000001697, 4.405000000000034], [128.15500000001697, 4.395000000000034], [128.14500000001698, 4.395000000000034], [128.14500000001698, 4.385000000000034], [128.13500000001696, 4.385000000000034], [128.13500000001696, 4.375000000000035], [128.12500000001694, 4.375000000000035], [128.12500000001694, 4.365000000000035], [128.11500000001695, 4.365000000000035], [128.11500000001695, 4.355000000000035], [128.10500000001696, 4.355000000000035], [128.10500000001696, 4.345000000000035], [128.09500000001694, 4.345000000000035], [128.09500000001694, 4.3350000000000355], [128.08500000001692, 4.3350000000000355], [128.08500000001692, 4.325000000000036], [128.07500000001693, 4.325000000000036], [128.07500000001693, 4.315000000000036], [128.06500000001694, 4.315000000000036], [128.06500000001694, 4.295000000000036], [128.05500000001692, 4.295000000000036], [128.05500000001692, 4.285000000000037], [128.0450000000169, 4.285000000000037], [128.0450000000169, 4.275000000000037], [128.0350000000169, 4.275000000000037], [128.0350000000169, 4.265000000000037], [128.02500000001692, 4.265000000000037], [128.02500000001692, 4.255000000000037], [128.0150000000169, 4.255000000000037], [128.0150000000169, 4.245000000000037], [128.00500000001688, 4.245000000000037], [128.00500000001688, 4.235000000000038], [127.98500000001688, 4.235000000000038], [127.98500000001688, 4.225000000000038], [127.96500000001687, 4.225000000000038], [127.96500000001687, 4.215000000000038], [127.95500000001687, 4.215000000000038], [127.95500000001687, 4.205000000000038], [127.93500000001686, 4.205000000000038], [127.93500000001686, 4.1950000000000385], [127.91500000001685, 4.1950000000000385], [127.91500000001685, 4.185000000000039], [127.90500000001684, 4.185000000000039], [127.90500000001684, 4.175000000000039], [127.88500000001683, 4.175000000000039], [127.88500000001683, 4.165000000000039], [127.87500000001683, 4.165000000000039], [127.87500000001683, 4.155000000000039], [127.86500000001682, 4.155000000000039], [127.86500000001682, 4.1450000000000395], [127.85500000001682, 4.1450000000000395], [127.85500000001682, 4.13500000000004], [127.8350000000168, 4.13500000000004], [127.8350000000168, 4.12500000000004], [127.8250000000168, 4.12500000000004], [127.8250000000168, 4.11500000000004], [127.8150000000168, 4.11500000000004], [127.8150000000168, 4.10500000000004], [127.80500000001679, 4.10500000000004], [127.80500000001679, 4.095000000000041], [127.79500000001678, 4.095000000000041], [127.79500000001678, 4.085000000000041], [127.78500000001678, 4.085000000000041], [127.78500000001678, 4.095000000000041], [127.77500000001677, 4.095000000000041], [127.77500000001677, 4.10500000000004], [127.76500000001677, 4.10500000000004], [127.76500000001677, 4.11500000000004], [127.75500000001676, 4.11500000000004], [127.75500000001676, 4.12500000000004], [127.74500000001676, 4.12500000000004], [127.74500000001676, 4.13500000000004], [127.72500000001675, 4.13500000000004], [127.72500000001675, 4.1450000000000395], [127.70500000001674, 4.1450000000000395], [127.70500000001674, 4.155000000000039], [127.69500000001673, 4.155000000000039], [127.69500000001673, 4.165000000000039], [127.67500000001672, 4.165000000000039], [127.67500000001672, 4.175000000000039], [127.66500000001672, 4.175000000000039], [127.66500000001672, 4.185000000000039], [127.65500000001671, 4.185000000000039], [127.65500000001671, 4.1950000000000385], [127.64500000001671, 4.1950000000000385], [127.64500000001671, 4.225000000000038], [127.65500000001671, 4.225000000000038], [127.65500000001671, 4.235000000000038], [127.67500000001672, 4.235000000000038], [127.67500000001672, 4.245000000000037], [127.68500000001673, 4.245000000000037], [127.68500000001673, 4.255000000000037], [127.70500000001674, 4.255000000000037], [127.70500000001674, 4.265000000000037], [127.71500000001674, 4.265000000000037], [127.71500000001674, 4.275000000000037], [127.73500000001675, 4.275000000000037], [127.73500000001675, 4.285000000000037], [127.75500000001676, 4.285000000000037], [127.75500000001676, 4.295000000000036], [127.78500000001678, 4.295000000000036], [127.78500000001678, 4.305000000000036], [127.8250000000168, 4.305000000000036], [127.8250000000168, 4.315000000000036], [127.85500000001682, 4.315000000000036], [127.85500000001682, 4.325000000000036], [127.88500000001683, 4.325000000000036], [127.88500000001683, 4.3350000000000355], [127.91500000001685, 4.3350000000000355], [127.91500000001685, 4.345000000000035], [127.93500000001686, 4.345000000000035], [127.93500000001686, 4.355000000000035], [127.95500000001687, 4.355000000000035], [127.95500000001687, 4.365000000000035], [127.97500000001688, 4.365000000000035], [127.97500000001688, 4.375000000000035], [127.99500000001689, 4.375000000000035], [127.99500000001689, 4.385000000000034], [128.00500000001688, 4.385000000000034], [128.00500000001688, 4.395000000000034], [128.0150000000169, 4.395000000000034], [128.0150000000169, 4.405000000000034], [128.02500000001692, 4.405000000000034], [128.02500000001692, 4.425000000000034], [128.0350000000169, 4.425000000000034], [128.0350000000169, 4.435000000000033], [128.0450000000169, 4.435000000000033], [128.0450000000169, 4.455000000000033], [128.05500000001692, 4.455000000000033], [128.05500000001692, 4.465000000000033], [128.06500000001694, 4.465000000000033], [128.06500000001694, 4.485000000000032], [128.07500000001693, 4.485000000000032], [128.07500000001693, 4.495000000000032], [128.08500000001692, 4.495000000000032], [128.08500000001692, 4.505000000000032], [128.09500000001694, 4.505000000000032], [128.09500000001694, 4.515000000000032], [128.11500000001695, 4.515000000000032], [128.11500000001695, 4.525000000000031], [128.12500000001694, 4.525000000000031], [128.12500000001694, 4.535000000000031], [128.14500000001698, 4.535000000000031], [128.14500000001698, 4.545000000000031], [128.15500000001697, 4.545000000000031], [128.15500000001697, 4.555000000000031], [128.16500000001696, 4.555000000000031], [128.16500000001696, 4.565000000000031], [128.185000000017, 4.565000000000031], [128.185000000017, 4.57500000000003], [128.195000000017, 4.57500000000003], [128.195000000017, 4.58500000000003], [128.20500000001698, 4.58500000000003], [128.20500000001698, 4.565000000000031], [128.215000000017, 4.565000000000031], [128.215000000017, 4.455000000000033], [128.20500000001698, 4.455000000000033], [128.20500000001698, 4.445000000000033], [128.195000000017, 4.445000000000033], [128.195000000017, 4.435000000000033]]], [[[126.04500000001589, 4.505000000000032], [126.04500000001589, 4.485000000000032], [126.03500000001588, 4.485000000000032], [126.03500000001588, 4.4750000000000325], [126.01500000001587, 4.4750000000000325], [126.01500000001587, 4.465000000000033], [125.98500000001586, 4.465000000000033], [125.98500000001586, 4.4750000000000325], [125.97500000001585, 4.4750000000000325], [125.97500000001585, 4.485000000000032], [125.96500000001585, 4.485000000000032], [125.96500000001585, 4.515000000000032], [125.97500000001585, 4.515000000000032], [125.97500000001585, 4.525000000000031], [125.99500000001586, 4.525000000000031], [125.99500000001586, 4.535000000000031], [126.00500000001587, 4.535000000000031], [126.00500000001587, 4.525000000000031], [126.02500000001588, 4.525000000000031], [126.02500000001588, 4.515000000000032], [126.03500000001588, 4.515000000000032], [126.03500000001588, 4.505000000000032], [126.04500000001589, 4.505000000000032]]], [[[120.05500000001283, 4.745000000000027], [120.04500000001282, 4.745000000000027], [120.04500000001282, 4.725000000000027], [120.03500000001281, 4.725000000000027], [120.03500000001281, 4.715000000000027], [120.02500000001281, 4.715000000000027], [120.02500000001281, 4.705000000000028], [120.0150000000128, 4.705000000000028], [120.0150000000128, 4.695000000000028], [120.0050000000128, 4.695000000000028], [120.0050000000128, 4.685000000000028], [119.98500000001279, 4.685000000000028], [119.98500000001279, 4.695000000000028], [119.95500000001277, 4.695000000000028], [119.95500000001277, 4.705000000000028], [119.93500000001276, 4.705000000000028], [119.93500000001276, 4.715000000000027], [119.92500000001276, 4.715000000000027], [119.92500000001276, 4.725000000000027], [119.91500000001275, 4.725000000000027], [119.91500000001275, 4.735000000000027], [119.90500000001275, 4.735000000000027], [119.90500000001275, 4.765000000000026], [119.92500000001276, 4.765000000000026], [119.92500000001276, 4.775000000000026], [119.96500000001278, 4.775000000000026], [119.96500000001278, 4.785000000000026], [120.0050000000128, 4.785000000000026], [120.0050000000128, 4.775000000000026], [120.02500000001281, 4.775000000000026], [120.02500000001281, 4.765000000000026], [120.04500000001282, 4.765000000000026], [120.04500000001282, 4.7550000000000265], [120.05500000001283, 4.7550000000000265], [120.05500000001283, 4.745000000000027]]], [[[120.47500000001304, 4.925000000000023], [120.48500000001304, 4.925000000000023], [120.48500000001304, 4.935000000000023], [120.51500000001306, 4.935000000000023], [120.51500000001306, 4.915000000000023], [120.50500000001306, 4.915000000000023], [120.50500000001306, 4.905000000000023], [120.48500000001304, 4.905000000000023], [120.48500000001304, 4.915000000000023], [120.47500000001304, 4.915000000000023], [120.47500000001304, 4.925000000000023]]], [[[127.27500000001652, 5.035000000000021], [127.26500000001651, 5.035000000000021], [127.26500000001651, 5.015000000000021], [127.25500000001651, 5.015000000000021], [127.25500000001651, 5.005000000000021], [127.2450000000165, 5.005000000000021], [127.2450000000165, 4.995000000000021], [127.13500000001645, 4.995000000000021], [127.13500000001645, 5.005000000000021], [127.14500000001645, 5.005000000000021], [127.14500000001645, 5.015000000000021], [127.16500000001646, 5.015000000000021], [127.16500000001646, 5.025000000000021], [127.17500000001647, 5.025000000000021], [127.17500000001647, 5.035000000000021], [127.18500000001647, 5.035000000000021], [127.18500000001647, 5.04500000000002], [127.19500000001648, 5.04500000000002], [127.19500000001648, 5.05500000000002], [127.21500000001649, 5.05500000000002], [127.21500000001649, 5.06500000000002], [127.2250000000165, 5.06500000000002], [127.2250000000165, 5.07500000000002], [127.2350000000165, 5.07500000000002], [127.2350000000165, 5.0850000000000195], [127.2450000000165, 5.0850000000000195], [127.2450000000165, 5.095000000000019], [127.26500000001651, 5.095000000000019], [127.26500000001651, 5.105000000000019], [127.29500000001653, 5.105000000000019], [127.29500000001653, 5.115000000000019], [127.30500000001653, 5.115000000000019], [127.30500000001653, 5.095000000000019], [127.29500000001653, 5.095000000000019], [127.29500000001653, 5.07500000000002], [127.28500000001652, 5.07500000000002], [127.28500000001652, 5.05500000000002], [127.27500000001652, 5.05500000000002], [127.27500000001652, 5.035000000000021]]], [[[119.74500000001267, 5.54500000000001], [119.75500000001267, 5.54500000000001], [119.75500000001267, 5.53500000000001], [119.76500000001268, 5.53500000000001], [119.76500000001268, 5.52500000000001], [119.78500000001269, 5.52500000000001], [119.78500000001269, 5.51500000000001], [119.79500000001269, 5.51500000000001], [119.79500000001269, 5.5050000000000106], [119.8050000000127, 5.5050000000000106], [119.8050000000127, 5.495000000000011], [119.8150000000127, 5.495000000000011], [119.8150000000127, 5.475000000000011], [119.82500000001271, 5.475000000000011], [119.82500000001271, 5.455000000000012], [119.83500000001271, 5.455000000000012], [119.83500000001271, 5.425000000000012], [119.84500000001272, 5.425000000000012], [119.84500000001272, 5.385000000000013], [119.85500000001272, 5.385000000000013], [119.85500000001272, 5.3650000000000135], [119.86500000001273, 5.3650000000000135], [119.86500000001273, 5.355000000000014], [119.88500000001274, 5.355000000000014], [119.88500000001274, 5.345000000000014], [119.89500000001274, 5.345000000000014], [119.89500000001274, 5.335000000000014], [119.91500000001275, 5.335000000000014], [119.91500000001275, 5.325000000000014], [119.93500000001276, 5.325000000000014], [119.93500000001276, 5.315000000000015], [119.96500000001278, 5.315000000000015], [119.96500000001278, 5.305000000000015], [119.98500000001279, 5.305000000000015], [119.98500000001279, 5.295000000000015], [120.24500000001292, 5.295000000000015], [120.24500000001292, 5.285000000000015], [120.26500000001293, 5.285000000000015], [120.26500000001293, 5.2750000000000155], [120.28500000001294, 5.2750000000000155], [120.28500000001294, 5.265000000000016], [120.29500000001295, 5.265000000000016], [120.29500000001295, 5.235000000000016], [120.28500000001294, 5.235000000000016], [120.28500000001294, 5.2250000000000165], [120.27500000001294, 5.2250000000000165], [120.27500000001294, 5.205000000000017], [120.26500000001293, 5.205000000000017], [120.26500000001293, 5.195000000000017], [120.24500000001292, 5.195000000000017], [120.24500000001292, 5.185000000000017], [119.9950000000128, 5.185000000000017], [119.9950000000128, 5.175000000000018], [119.96500000001278, 5.175000000000018], [119.96500000001278, 5.165000000000018], [119.92500000001276, 5.165000000000018], [119.92500000001276, 5.155000000000018], [119.89500000001274, 5.155000000000018], [119.89500000001274, 5.145000000000018], [119.86500000001273, 5.145000000000018], [119.86500000001273, 5.06500000000002], [119.85500000001272, 5.06500000000002], [119.85500000001272, 4.915000000000023], [119.84500000001272, 4.915000000000023], [119.84500000001272, 4.865000000000024], [119.83500000001271, 4.865000000000024], [119.83500000001271, 4.845000000000025], [119.82500000001271, 4.845000000000025], [119.82500000001271, 4.835000000000025], [119.8150000000127, 4.835000000000025], [119.8150000000127, 4.825000000000025], [119.79500000001269, 4.825000000000025], [119.79500000001269, 4.815000000000025], [119.76500000001268, 4.815000000000025], [119.76500000001268, 4.825000000000025], [119.75500000001267, 4.825000000000025], [119.75500000001267, 4.835000000000025], [119.72500000001266, 4.835000000000025], [119.72500000001266, 4.845000000000025], [119.71500000001265, 4.845000000000025], [119.71500000001265, 4.855000000000024], [119.70500000001265, 4.855000000000024], [119.70500000001265, 4.865000000000024], [119.69500000001264, 4.865000000000024], [119.69500000001264, 4.875000000000024], [119.68500000001264, 4.875000000000024], [119.68500000001264, 4.8950000000000236], [119.67500000001263, 4.8950000000000236], [119.67500000001263, 4.905000000000023], [119.66500000001263, 4.905000000000023], [119.66500000001263, 4.925000000000023], [119.65500000001262, 4.925000000000023], [119.65500000001262, 4.935000000000023], [119.64500000001262, 4.935000000000023], [119.64500000001262, 4.955000000000022], [119.63500000001261, 4.955000000000022], [119.63500000001261, 4.975000000000022], [119.6250000000126, 4.975000000000022], [119.6250000000126, 4.995000000000021], [119.6150000000126, 4.995000000000021], [119.6150000000126, 5.035000000000021], [119.6050000000126, 5.035000000000021], [119.6050000000126, 5.06500000000002], [119.59500000001259, 5.06500000000002], [119.59500000001259, 5.095000000000019], [119.58500000001258, 5.095000000000019], [119.58500000001258, 5.125000000000019], [119.57500000001258, 5.125000000000019], [119.57500000001258, 5.155000000000018], [119.56500000001257, 5.155000000000018], [119.56500000001257, 5.185000000000017], [119.55500000001257, 5.185000000000017], [119.55500000001257, 5.205000000000017], [119.54500000001256, 5.205000000000017], [119.54500000001256, 5.235000000000016], [119.53500000001256, 5.235000000000016], [119.53500000001256, 5.255000000000016], [119.52500000001255, 5.255000000000016], [119.52500000001255, 5.265000000000016], [119.51500000001255, 5.265000000000016], [119.51500000001255, 5.2750000000000155], [119.50500000001254, 5.2750000000000155], [119.50500000001254, 5.285000000000015], [119.48500000001253, 5.285000000000015], [119.48500000001253, 5.295000000000015], [119.46500000001252, 5.295000000000015], [119.46500000001252, 5.305000000000015], [119.45500000001252, 5.305000000000015], [119.45500000001252, 5.315000000000015], [119.44500000001251, 5.315000000000015], [119.44500000001251, 5.325000000000014], [119.43500000001251, 5.325000000000014], [119.43500000001251, 5.335000000000014], [119.4250000000125, 5.335000000000014], [119.4250000000125, 5.355000000000014], [119.4150000000125, 5.355000000000014], [119.4150000000125, 5.3650000000000135], [119.40500000001249, 5.3650000000000135], [119.40500000001249, 5.385000000000013], [119.39500000001249, 5.385000000000013], [119.39500000001249, 5.405000000000013], [119.38500000001248, 5.405000000000013], [119.38500000001248, 5.435000000000012], [119.37500000001248, 5.435000000000012], [119.37500000001248, 5.475000000000011], [119.36500000001247, 5.475000000000011], [119.36500000001247, 5.565000000000009], [119.55500000001257, 5.565000000000009], [119.55500000001257, 5.575000000000009], [119.6250000000126, 5.575000000000009], [119.6250000000126, 5.585000000000009], [119.71500000001265, 5.585000000000009], [119.71500000001265, 5.575000000000009], [119.72500000001266, 5.575000000000009], [119.72500000001266, 5.565000000000009], [119.73500000001266, 5.565000000000009], [119.73500000001266, 5.5550000000000095], [119.74500000001267, 5.5550000000000095], [119.74500000001267, 5.54500000000001]]], [[[128.53500000001716, 5.215000000000017], [128.52500000001714, 5.215000000000017], [128.52500000001714, 5.205000000000017], [128.51500000001715, 5.205000000000017], [128.51500000001715, 5.195000000000017], [128.50500000001716, 5.195000000000017], [128.50500000001716, 5.185000000000017], [128.49500000001714, 5.185000000000017], [128.49500000001714, 5.205000000000017], [128.48500000001712, 5.205000000000017], [128.48500000001712, 5.2250000000000165], [128.47500000001713, 5.2250000000000165], [128.47500000001713, 5.265000000000016], [128.48500000001712, 5.265000000000016], [128.48500000001712, 5.2750000000000155], [128.49500000001714, 5.2750000000000155], [128.49500000001714, 5.285000000000015], [128.52500000001714, 5.285000000000015], [128.52500000001714, 5.2750000000000155], [128.53500000001716, 5.2750000000000155], [128.53500000001716, 5.265000000000016], [128.54500000001718, 5.265000000000016], [128.54500000001718, 5.235000000000016], [128.53500000001716, 5.235000000000016], [128.53500000001716, 5.215000000000017]]], [[[129.76500000001778, 5.245000000000016], [129.72500000001776, 5.245000000000016], [129.72500000001776, 5.235000000000016], [129.69500000001776, 5.235000000000016], [129.69500000001776, 5.2250000000000165], [129.65500000001774, 5.2250000000000165], [129.65500000001774, 5.215000000000017], [129.62500000001774, 5.215000000000017], [129.62500000001774, 5.205000000000017], [129.6050000000177, 5.205000000000017], [129.6050000000177, 5.195000000000017], [129.5750000000177, 5.195000000000017], [129.5750000000177, 5.185000000000017], [129.55500000001769, 5.185000000000017], [129.55500000001769, 5.175000000000018], [129.52500000001766, 5.175000000000018], [129.52500000001766, 5.165000000000018], [129.50500000001767, 5.165000000000018], [129.50500000001767, 5.155000000000018], [129.49500000001765, 5.155000000000018], [129.49500000001765, 5.145000000000018], [129.48500000001764, 5.145000000000018], [129.48500000001764, 5.135000000000018], [129.47500000001764, 5.135000000000018], [129.47500000001764, 5.125000000000019], [129.46500000001765, 5.125000000000019], [129.46500000001765, 5.115000000000019], [129.45500000001763, 5.115000000000019], [129.45500000001763, 5.105000000000019], [129.44500000001761, 5.105000000000019], [129.44500000001761, 5.095000000000019], [129.43500000001762, 5.095000000000019], [129.43500000001762, 5.0850000000000195], [129.4150000000176, 5.0850000000000195], [129.4150000000176, 5.07500000000002], [129.4050000000176, 5.07500000000002], [129.4050000000176, 5.06500000000002], [129.3950000000176, 5.06500000000002], [129.3950000000176, 5.07500000000002], [129.3850000000176, 5.07500000000002], [129.3850000000176, 5.115000000000019], [129.3750000000176, 5.115000000000019], [129.3750000000176, 5.145000000000018], [129.36500000001757, 5.145000000000018], [129.36500000001757, 5.185000000000017], [129.35500000001758, 5.185000000000017], [129.35500000001758, 5.2250000000000165], [129.3450000000176, 5.2250000000000165], [129.3450000000176, 5.245000000000016], [129.33500000001757, 5.245000000000016], [129.33500000001757, 5.265000000000016], [129.31500000001756, 5.265000000000016], [129.31500000001756, 5.2750000000000155], [129.30500000001757, 5.2750000000000155], [129.30500000001757, 5.285000000000015], [129.28500000001753, 5.285000000000015], [129.28500000001753, 5.295000000000015], [129.30500000001757, 5.295000000000015], [129.30500000001757, 5.305000000000015], [129.33500000001757, 5.305000000000015], [129.33500000001757, 5.315000000000015], [129.35500000001758, 5.315000000000015], [129.35500000001758, 5.325000000000014], [129.3850000000176, 5.325000000000014], [129.3850000000176, 5.335000000000014], [129.4150000000176, 5.335000000000014], [129.4150000000176, 5.345000000000014], [129.44500000001761, 5.345000000000014], [129.44500000001761, 5.355000000000014], [129.47500000001764, 5.355000000000014], [129.47500000001764, 5.3650000000000135], [129.50500000001767, 5.3650000000000135], [129.50500000001767, 5.375000000000013], [129.53500000001767, 5.375000000000013], [129.53500000001767, 5.385000000000013], [129.56500000001768, 5.385000000000013], [129.56500000001768, 5.395000000000013], [129.5950000000177, 5.395000000000013], [129.5950000000177, 5.405000000000013], [129.61500000001772, 5.405000000000013], [129.61500000001772, 5.4150000000000125], [129.64500000001772, 5.4150000000000125], [129.64500000001772, 5.425000000000012], [129.66500000001776, 5.425000000000012], [129.66500000001776, 5.435000000000012], [129.69500000001776, 5.435000000000012], [129.69500000001776, 5.445000000000012], [129.71500000001777, 5.445000000000012], [129.71500000001777, 5.455000000000012], [129.7450000000178, 5.455000000000012], [129.7450000000178, 5.465000000000011], [129.76500000001778, 5.465000000000011], [129.76500000001778, 5.475000000000011], [129.78500000001782, 5.475000000000011], [129.78500000001782, 5.485000000000011], [129.7950000000178, 5.485000000000011], [129.7950000000178, 5.495000000000011], [129.81500000001782, 5.495000000000011], [129.81500000001782, 5.5050000000000106], [129.83500000001783, 5.5050000000000106], [129.83500000001783, 5.51500000000001], [129.85500000001784, 5.51500000000001], [129.85500000001784, 5.52500000000001], [129.87500000001785, 5.52500000000001], [129.87500000001785, 5.345000000000014], [129.88500000001784, 5.345000000000014], [129.88500000001784, 5.265000000000016], [129.85500000001784, 5.265000000000016], [129.85500000001784, 5.255000000000016], [129.76500000001778, 5.255000000000016], [129.76500000001778, 5.245000000000016]]], [[[121.86500000001375, 5.435000000000012], [121.86500000001375, 5.445000000000012], [121.88500000001376, 5.445000000000012], [121.88500000001376, 5.455000000000012], [121.91500000001378, 5.455000000000012], [121.91500000001378, 5.465000000000011], [121.9550000000138, 5.465000000000011], [121.9550000000138, 5.475000000000011], [122.02500000001383, 5.475000000000011], [122.02500000001383, 5.465000000000011], [122.01500000001383, 5.465000000000011], [122.01500000001383, 5.445000000000012], [122.00500000001382, 5.445000000000012], [122.00500000001382, 5.435000000000012], [121.86500000001375, 5.435000000000012]]], [[[120.7850000000132, 5.465000000000011], [120.7750000000132, 5.465000000000011], [120.7750000000132, 5.445000000000012], [120.76500000001319, 5.445000000000012], [120.76500000001319, 5.425000000000012], [120.75500000001318, 5.425000000000012], [120.75500000001318, 5.4150000000000125], [120.72500000001317, 5.4150000000000125], [120.72500000001317, 5.435000000000012], [120.71500000001316, 5.435000000000012], [120.71500000001316, 5.445000000000012], [120.70500000001316, 5.445000000000012], [120.70500000001316, 5.455000000000012], [120.69500000001315, 5.455000000000012], [120.69500000001315, 5.465000000000011], [120.68500000001315, 5.465000000000011], [120.68500000001315, 5.485000000000011], [120.67500000001314, 5.485000000000011], [120.67500000001314, 5.5050000000000106], [120.68500000001315, 5.5050000000000106], [120.68500000001315, 5.51500000000001], [120.69500000001315, 5.51500000000001], [120.69500000001315, 5.52500000000001], [120.70500000001316, 5.52500000000001], [120.70500000001316, 5.53500000000001], [120.72500000001317, 5.53500000000001], [120.72500000001317, 5.54500000000001], [120.73500000001317, 5.54500000000001], [120.73500000001317, 5.5550000000000095], [120.75500000001318, 5.5550000000000095], [120.75500000001318, 5.54500000000001], [120.76500000001319, 5.54500000000001], [120.76500000001319, 5.53500000000001], [120.7750000000132, 5.53500000000001], [120.7750000000132, 5.51500000000001], [120.7850000000132, 5.51500000000001], [120.7850000000132, 5.465000000000011]]], [[[130.5550000000182, 5.605000000000008], [130.5650000000182, 5.605000000000008], [130.5650000000182, 5.595000000000009], [130.5750000000182, 5.595000000000009], [130.5750000000182, 5.575000000000009], [130.58500000001823, 5.575000000000009], [130.58500000001823, 5.5550000000000095], [130.5650000000182, 5.5550000000000095], [130.5650000000182, 5.54500000000001], [130.50500000001819, 5.54500000000001], [130.50500000001819, 5.53500000000001], [130.47500000001816, 5.53500000000001], [130.47500000001816, 5.52500000000001], [130.46500000001816, 5.52500000000001], [130.46500000001816, 5.51500000000001], [130.44500000001813, 5.51500000000001], [130.44500000001813, 5.5050000000000106], [130.43500000001814, 5.5050000000000106], [130.43500000001814, 5.52500000000001], [130.44500000001813, 5.52500000000001], [130.44500000001813, 5.54500000000001], [130.45500000001815, 5.54500000000001], [130.45500000001815, 5.575000000000009], [130.46500000001816, 5.575000000000009], [130.46500000001816, 5.595000000000009], [130.47500000001816, 5.595000000000009], [130.47500000001816, 5.615000000000008], [130.48500000001815, 5.615000000000008], [130.48500000001815, 5.635000000000008], [130.49500000001817, 5.635000000000008], [130.49500000001817, 5.645000000000008], [130.52500000001817, 5.645000000000008], [130.52500000001817, 5.635000000000008], [130.5350000000182, 5.635000000000008], [130.5350000000182, 5.625000000000008], [130.5450000000182, 5.625000000000008], [130.5450000000182, 5.615000000000008], [130.5550000000182, 5.615000000000008], [130.5550000000182, 5.605000000000008]]], [[[129.2150000000175, 5.925000000000002], [129.2150000000175, 5.905000000000002], [129.22500000001753, 5.905000000000002], [129.22500000001753, 5.895000000000002], [129.23500000001752, 5.895000000000002], [129.23500000001752, 5.8850000000000025], [129.2450000000175, 5.8850000000000025], [129.2450000000175, 5.875000000000003], [129.25500000001753, 5.875000000000003], [129.25500000001753, 5.8850000000000025], [129.27500000001754, 5.8850000000000025], [129.27500000001754, 5.895000000000002], [129.28500000001753, 5.895000000000002], [129.28500000001753, 5.905000000000002], [129.29500000001755, 5.905000000000002], [129.29500000001755, 5.915000000000002], [129.30500000001757, 5.915000000000002], [129.30500000001757, 5.925000000000002], [129.31500000001756, 5.925000000000002], [129.31500000001756, 5.935000000000001], [129.32500000001755, 5.935000000000001], [129.32500000001755, 5.945000000000001], [129.33500000001757, 5.945000000000001], [129.33500000001757, 5.955000000000001], [129.3450000000176, 5.955000000000001], [129.3450000000176, 5.965000000000001], [129.35500000001758, 5.965000000000001], [129.35500000001758, 5.9750000000000005], [129.36500000001757, 5.9750000000000005], [129.36500000001757, 5.985], [129.3750000000176, 5.985], [129.3750000000176, 5.995], [129.3850000000176, 5.995], [129.3850000000176, 6.005], [129.85500000001784, 6.005], [129.85500000001784, 5.925000000000002], [129.86500000001786, 5.925000000000002], [129.86500000001786, 5.865000000000003], [129.87500000001785, 5.865000000000003], [129.87500000001785, 5.815000000000004], [129.88500000001784, 5.815000000000004], [129.88500000001784, 5.765000000000005], [129.89500000001786, 5.765000000000005], [129.89500000001786, 5.6950000000000065], [129.88500000001784, 5.6950000000000065], [129.88500000001784, 5.595000000000009], [129.86500000001786, 5.595000000000009], [129.86500000001786, 5.585000000000009], [129.84500000001782, 5.585000000000009], [129.84500000001782, 5.575000000000009], [129.82500000001784, 5.575000000000009], [129.82500000001784, 5.565000000000009], [129.81500000001782, 5.565000000000009], [129.81500000001782, 5.5550000000000095], [129.7950000000178, 5.5550000000000095], [129.7950000000178, 5.54500000000001], [129.7750000000178, 5.54500000000001], [129.7750000000178, 5.53500000000001], [129.76500000001778, 5.53500000000001], [129.76500000001778, 5.52500000000001], [129.7450000000178, 5.52500000000001], [129.7450000000178, 5.51500000000001], [129.71500000001777, 5.51500000000001], [129.71500000001777, 5.5050000000000106], [129.69500000001776, 5.5050000000000106], [129.69500000001776, 5.495000000000011], [129.66500000001776, 5.495000000000011], [129.66500000001776, 5.485000000000011], [129.63500000001773, 5.485000000000011], [129.63500000001773, 5.475000000000011], [129.5950000000177, 5.475000000000011], [129.5950000000177, 5.465000000000011], [129.55500000001769, 5.465000000000011], [129.55500000001769, 5.455000000000012], [129.51500000001766, 5.455000000000012], [129.51500000001766, 5.445000000000012], [129.48500000001764, 5.445000000000012], [129.48500000001764, 5.435000000000012], [129.45500000001763, 5.435000000000012], [129.45500000001763, 5.425000000000012], [129.42500000001763, 5.425000000000012], [129.42500000001763, 5.4150000000000125], [129.3950000000176, 5.4150000000000125], [129.3950000000176, 5.405000000000013], [129.36500000001757, 5.405000000000013], [129.36500000001757, 5.395000000000013], [129.33500000001757, 5.395000000000013], [129.33500000001757, 5.385000000000013], [129.31500000001756, 5.385000000000013], [129.31500000001756, 5.375000000000013], [129.28500000001753, 5.375000000000013], [129.28500000001753, 5.3650000000000135], [129.25500000001753, 5.3650000000000135], [129.25500000001753, 5.355000000000014], [129.23500000001752, 5.355000000000014], [129.23500000001752, 5.345000000000014], [129.22500000001753, 5.345000000000014], [129.22500000001753, 5.335000000000014], [129.2050000000175, 5.335000000000014], [129.2050000000175, 5.345000000000014], [129.1950000000175, 5.345000000000014], [129.1950000000175, 5.355000000000014], [129.1850000000175, 5.355000000000014], [129.1850000000175, 5.3650000000000135], [129.1750000000175, 5.3650000000000135], [129.1750000000175, 5.375000000000013], [129.16500000001747, 5.375000000000013], [129.16500000001747, 5.395000000000013], [129.15500000001748, 5.395000000000013], [129.15500000001748, 5.405000000000013], [129.1450000000175, 5.405000000000013], [129.1450000000175, 5.425000000000012], [129.13500000001747, 5.425000000000012], [129.13500000001747, 5.455000000000012], [129.12500000001745, 5.455000000000012], [129.12500000001745, 5.485000000000011], [129.11500000001746, 5.485000000000011], [129.11500000001746, 5.52500000000001], [129.10500000001747, 5.52500000000001], [129.10500000001747, 5.5550000000000095], [129.09500000001745, 5.5550000000000095], [129.09500000001745, 5.585000000000009], [129.08500000001743, 5.585000000000009], [129.08500000001743, 5.605000000000008], [129.07500000001744, 5.605000000000008], [129.07500000001744, 5.615000000000008], [129.06500000001745, 5.615000000000008], [129.06500000001745, 5.625000000000008], [129.05500000001743, 5.625000000000008], [129.05500000001743, 5.645000000000008], [129.03500000001742, 5.645000000000008], [129.03500000001742, 5.655000000000007], [129.02500000001743, 5.655000000000007], [129.02500000001743, 5.665000000000007], [129.0150000000174, 5.665000000000007], [129.0150000000174, 5.675000000000007], [128.9950000000174, 5.675000000000007], [128.9950000000174, 5.685000000000007], [128.9850000000174, 5.685000000000007], [128.9850000000174, 5.6950000000000065], [128.9750000000174, 5.6950000000000065], [128.9750000000174, 5.705000000000006], [128.96500000001737, 5.705000000000006], [128.96500000001737, 5.715000000000006], [128.95500000001738, 5.715000000000006], [128.95500000001738, 5.735000000000006], [128.9450000000174, 5.735000000000006], [128.9450000000174, 5.755000000000005], [128.93500000001737, 5.755000000000005], [128.93500000001737, 5.775000000000005], [128.92500000001735, 5.775000000000005], [128.92500000001735, 5.795000000000004], [128.91500000001736, 5.795000000000004], [128.91500000001736, 5.825000000000004], [128.90500000001737, 5.825000000000004], [128.90500000001737, 5.865000000000003], [128.89500000001735, 5.865000000000003], [128.89500000001735, 5.875000000000003], [128.90500000001737, 5.875000000000003], [128.90500000001737, 5.8850000000000025], [128.92500000001735, 5.8850000000000025], [128.92500000001735, 5.895000000000002], [128.9450000000174, 5.895000000000002], [128.9450000000174, 5.905000000000002], [128.9750000000174, 5.905000000000002], [128.9750000000174, 5.915000000000002], [128.9950000000174, 5.915000000000002], [128.9950000000174, 5.925000000000002], [129.0150000000174, 5.925000000000002], [129.0150000000174, 5.935000000000001], [129.02500000001743, 5.935000000000001], [129.02500000001743, 5.945000000000001], [129.03500000001742, 5.945000000000001], [129.03500000001742, 5.955000000000001], [129.0450000000174, 5.955000000000001], [129.0450000000174, 5.965000000000001], [129.05500000001743, 5.965000000000001], [129.05500000001743, 5.9750000000000005], [129.06500000001745, 5.9750000000000005], [129.06500000001745, 5.995], [129.07500000001744, 5.995], [129.07500000001744, 6.005], [129.1850000000175, 6.005], [129.1850000000175, 5.9750000000000005], [129.1950000000175, 5.9750000000000005], [129.1950000000175, 5.945000000000001], [129.2050000000175, 5.945000000000001], [129.2050000000175, 5.925000000000002], [129.2150000000175, 5.925000000000002]]], [[[121.89500000001377, 5.955000000000001], [121.90500000001377, 5.955000000000001], [121.90500000001377, 5.945000000000001], [121.91500000001378, 5.945000000000001], [121.91500000001378, 5.935000000000001], [121.92500000001378, 5.935000000000001], [121.92500000001378, 5.925000000000002], [121.94500000001379, 5.925000000000002], [121.94500000001379, 5.915000000000002], [121.9550000000138, 5.915000000000002], [121.9550000000138, 5.905000000000002], [121.9650000000138, 5.905000000000002], [121.9650000000138, 5.895000000000002], [121.98500000001381, 5.895000000000002], [121.98500000001381, 5.8850000000000025], [122.00500000001382, 5.8850000000000025], [122.00500000001382, 5.875000000000003], [122.01500000001383, 5.875000000000003], [122.01500000001383, 5.8850000000000025], [122.09500000001387, 5.8850000000000025], [122.09500000001387, 5.895000000000002], [122.13500000001389, 5.895000000000002], [122.13500000001389, 5.905000000000002], [122.1650000000139, 5.905000000000002], [122.1650000000139, 5.915000000000002], [122.18500000001391, 5.915000000000002], [122.18500000001391, 5.925000000000002], [122.20500000001392, 5.925000000000002], [122.20500000001392, 5.935000000000001], [122.21500000001393, 5.935000000000001], [122.21500000001393, 5.945000000000001], [122.22500000001394, 5.945000000000001], [122.22500000001394, 5.965000000000001], [122.23500000001394, 5.965000000000001], [122.23500000001394, 5.985], [122.24500000001395, 5.985], [122.24500000001395, 6.005], [122.345000000014, 6.005], [122.345000000014, 5.985], [122.33500000001399, 5.985], [122.33500000001399, 5.9750000000000005], [122.32500000001399, 5.9750000000000005], [122.32500000001399, 5.965000000000001], [122.31500000001398, 5.965000000000001], [122.31500000001398, 5.955000000000001], [122.30500000001398, 5.955000000000001], [122.30500000001398, 5.935000000000001], [122.29500000001397, 5.935000000000001], [122.29500000001397, 5.925000000000002], [122.27500000001396, 5.925000000000002], [122.27500000001396, 5.915000000000002], [122.26500000001396, 5.915000000000002], [122.26500000001396, 5.905000000000002], [122.25500000001395, 5.905000000000002], [122.25500000001395, 5.895000000000002], [122.18500000001391, 5.895000000000002], [122.18500000001391, 5.905000000000002], [122.17500000001391, 5.905000000000002], [122.17500000001391, 5.895000000000002], [122.1550000000139, 5.895000000000002], [122.1550000000139, 5.8850000000000025], [122.12500000001388, 5.8850000000000025], [122.12500000001388, 5.875000000000003], [122.08500000001386, 5.875000000000003], [122.08500000001386, 5.865000000000003], [122.01500000001383, 5.865000000000003], [122.01500000001383, 5.855000000000003], [121.97500000001381, 5.855000000000003], [121.97500000001381, 5.845000000000003], [121.9550000000138, 5.845000000000003], [121.9550000000138, 5.8350000000000035], [121.94500000001379, 5.8350000000000035], [121.94500000001379, 5.825000000000004], [121.93500000001379, 5.825000000000004], [121.93500000001379, 5.815000000000004], [121.92500000001378, 5.815000000000004], [121.92500000001378, 5.745000000000005], [121.91500000001378, 5.745000000000005], [121.91500000001378, 5.735000000000006], [121.90500000001377, 5.735000000000006], [121.90500000001377, 5.705000000000006], [121.91500000001378, 5.705000000000006], [121.91500000001378, 5.675000000000007], [121.92500000001378, 5.675000000000007], [121.92500000001378, 5.645000000000008], [121.93500000001379, 5.645000000000008], [121.93500000001379, 5.625000000000008], [121.94500000001379, 5.625000000000008], [121.94500000001379, 5.605000000000008], [121.9550000000138, 5.605000000000008], [121.9550000000138, 5.585000000000009], [121.9650000000138, 5.585000000000009], [121.9650000000138, 5.575000000000009], [121.97500000001381, 5.575000000000009], [121.97500000001381, 5.565000000000009], [121.98500000001381, 5.565000000000009], [121.98500000001381, 5.5550000000000095], [121.99500000001382, 5.5550000000000095], [121.99500000001382, 5.54500000000001], [121.97500000001381, 5.54500000000001], [121.97500000001381, 5.53500000000001], [121.89500000001377, 5.53500000000001], [121.89500000001377, 5.52500000000001], [121.7550000000137, 5.52500000000001], [121.7550000000137, 5.51500000000001], [121.74500000001369, 5.51500000000001], [121.74500000001369, 5.52500000000001], [121.72500000001368, 5.52500000000001], [121.72500000001368, 5.53500000000001], [121.70500000001367, 5.53500000000001], [121.70500000001367, 5.54500000000001], [121.68500000001366, 5.54500000000001], [121.68500000001366, 5.5550000000000095], [121.66500000001365, 5.5550000000000095], [121.66500000001365, 5.565000000000009], [121.65500000001364, 5.565000000000009], [121.65500000001364, 5.605000000000008], [121.64500000001364, 5.605000000000008], [121.64500000001364, 5.645000000000008], [121.63500000001363, 5.645000000000008], [121.63500000001363, 5.675000000000007], [121.62500000001363, 5.675000000000007], [121.62500000001363, 5.705000000000006], [121.61500000001362, 5.705000000000006], [121.61500000001362, 5.775000000000005], [121.62500000001363, 5.775000000000005], [121.62500000001363, 5.795000000000004], [121.63500000001363, 5.795000000000004], [121.63500000001363, 5.815000000000004], [121.64500000001364, 5.815000000000004], [121.64500000001364, 5.825000000000004], [121.65500000001364, 5.825000000000004], [121.65500000001364, 5.845000000000003], [121.66500000001365, 5.845000000000003], [121.66500000001365, 5.855000000000003], [121.67500000001365, 5.855000000000003], [121.67500000001365, 5.875000000000003], [121.68500000001366, 5.875000000000003], [121.68500000001366, 5.8850000000000025], [121.69500000001366, 5.8850000000000025], [121.69500000001366, 5.905000000000002], [121.70500000001367, 5.905000000000002], [121.70500000001367, 5.915000000000002], [121.71500000001367, 5.915000000000002], [121.71500000001367, 5.925000000000002], [121.72500000001368, 5.925000000000002], [121.72500000001368, 5.935000000000001], [121.73500000001368, 5.935000000000001], [121.73500000001368, 5.945000000000001], [121.74500000001369, 5.945000000000001], [121.74500000001369, 5.955000000000001], [121.7550000000137, 5.955000000000001], [121.7550000000137, 5.965000000000001], [121.7650000000137, 5.965000000000001], [121.7650000000137, 5.9750000000000005], [121.7750000000137, 5.9750000000000005], [121.7750000000137, 5.985], [121.78500000001371, 5.985], [121.78500000001371, 5.995], [121.79500000001372, 5.995], [121.79500000001372, 6.005], [121.85500000001375, 6.005], [121.85500000001375, 5.985], [121.86500000001375, 5.985], [121.86500000001375, 5.9750000000000005], [121.87500000001376, 5.9750000000000005], [121.87500000001376, 5.965000000000001], [121.89500000001377, 5.965000000000001], [121.89500000001377, 5.955000000000001]]], [[[126.96500000001636, 5.935000000000001], [126.95500000001635, 5.935000000000001], [126.95500000001635, 5.925000000000002], [126.94500000001635, 5.925000000000002], [126.94500000001635, 5.905000000000002], [126.93500000001634, 5.905000000000002], [126.93500000001634, 5.8850000000000025], [126.92500000001634, 5.8850000000000025], [126.92500000001634, 5.875000000000003], [126.91500000001633, 5.875000000000003], [126.91500000001633, 5.865000000000003], [126.90500000001633, 5.865000000000003], [126.90500000001633, 5.845000000000003], [126.89500000001632, 5.845000000000003], [126.89500000001632, 5.8350000000000035], [126.88500000001632, 5.8350000000000035], [126.88500000001632, 5.815000000000004], [126.87500000001631, 5.815000000000004], [126.87500000001631, 5.805000000000004], [126.86500000001631, 5.805000000000004], [126.86500000001631, 5.795000000000004], [126.8550000000163, 5.795000000000004], [126.8550000000163, 5.785000000000005], [126.8450000000163, 5.785000000000005], [126.8450000000163, 5.765000000000005], [126.8350000000163, 5.765000000000005], [126.8350000000163, 5.755000000000005], [126.82500000001629, 5.755000000000005], [126.82500000001629, 5.745000000000005], [126.81500000001628, 5.745000000000005], [126.81500000001628, 5.735000000000006], [126.80500000001628, 5.735000000000006], [126.80500000001628, 5.715000000000006], [126.79500000001627, 5.715000000000006], [126.79500000001627, 5.705000000000006], [126.78500000001627, 5.705000000000006], [126.78500000001627, 5.725000000000006], [126.77500000001626, 5.725000000000006], [126.77500000001626, 5.745000000000005], [126.76500000001626, 5.745000000000005], [126.76500000001626, 5.765000000000005], [126.75500000001625, 5.765000000000005], [126.75500000001625, 5.795000000000004], [126.74500000001625, 5.795000000000004], [126.74500000001625, 5.815000000000004], [126.73500000001624, 5.815000000000004], [126.73500000001624, 5.845000000000003], [126.72500000001624, 5.845000000000003], [126.72500000001624, 5.875000000000003], [126.71500000001623, 5.875000000000003], [126.71500000001623, 5.905000000000002], [126.70500000001623, 5.905000000000002], [126.70500000001623, 5.925000000000002], [126.69500000001622, 5.925000000000002], [126.69500000001622, 5.955000000000001], [126.68500000001622, 5.955000000000001], [126.68500000001622, 5.9750000000000005], [126.67500000001621, 5.9750000000000005], [126.67500000001621, 6.005], [126.99500000001638, 6.005], [126.99500000001638, 5.985], [126.98500000001637, 5.985], [126.98500000001637, 5.9750000000000005], [126.97500000001637, 5.9750000000000005], [126.97500000001637, 5.955000000000001], [126.96500000001636, 5.955000000000001], [126.96500000001636, 5.935000000000001]]], [[[119.09500000001233, 5.925000000000002], [119.09500000001233, 5.905000000000002], [119.08500000001233, 5.905000000000002], [119.08500000001233, 5.8850000000000025], [119.07500000001232, 5.8850000000000025], [119.07500000001232, 5.855000000000003], [119.06500000001232, 5.855000000000003], [119.06500000001232, 5.845000000000003], [119.05500000001231, 5.845000000000003], [119.05500000001231, 5.8350000000000035], [119.04500000001231, 5.8350000000000035], [119.04500000001231, 5.825000000000004], [119.0350000000123, 5.825000000000004], [119.0350000000123, 5.815000000000004], [119.0250000000123, 5.815000000000004], [119.0250000000123, 5.805000000000004], [119.00500000001229, 5.805000000000004], [119.00500000001229, 5.795000000000004], [118.94500000001226, 5.795000000000004], [118.94500000001226, 5.805000000000004], [118.88500000001223, 5.805000000000004], [118.88500000001223, 5.815000000000004], [118.85500000001221, 5.815000000000004], [118.85500000001221, 5.825000000000004], [118.8350000000122, 5.825000000000004], [118.8350000000122, 5.8350000000000035], [118.81500000001219, 5.8350000000000035], [118.81500000001219, 5.845000000000003], [118.80500000001219, 5.845000000000003], [118.80500000001219, 5.865000000000003], [118.79500000001218, 5.865000000000003], [118.79500000001218, 5.875000000000003], [118.78500000001218, 5.875000000000003], [118.78500000001218, 5.905000000000002], [118.77500000001217, 5.905000000000002], [118.77500000001217, 5.945000000000001], [118.76500000001217, 5.945000000000001], [118.76500000001217, 6.005], [119.12500000001235, 6.005], [119.12500000001235, 5.995], [119.11500000001234, 5.995], [119.11500000001234, 5.955000000000001], [119.10500000001234, 5.955000000000001], [119.10500000001234, 5.925000000000002], [119.09500000001233, 5.925000000000002]]], [[[130.9750000000184, 5.965000000000001], [130.9650000000184, 5.965000000000001], [130.9650000000184, 5.955000000000001], [130.9450000000184, 5.955000000000001], [130.9450000000184, 5.945000000000001], [130.92500000001837, 5.945000000000001], [130.92500000001837, 5.935000000000001], [130.91500000001838, 5.935000000000001], [130.91500000001838, 5.925000000000002], [130.89500000001837, 5.925000000000002], [130.89500000001837, 5.915000000000002], [130.87500000001836, 5.915000000000002], [130.87500000001836, 5.905000000000002], [130.85500000001835, 5.905000000000002], [130.85500000001835, 5.895000000000002], [130.84500000001833, 5.895000000000002], [130.84500000001833, 5.8850000000000025], [130.82500000001835, 5.8850000000000025], [130.82500000001835, 5.875000000000003], [130.8050000000183, 5.875000000000003], [130.8050000000183, 5.865000000000003], [130.78500000001833, 5.865000000000003], [130.78500000001833, 5.855000000000003], [130.7650000000183, 5.855000000000003], [130.7650000000183, 5.845000000000003], [130.7350000000183, 5.845000000000003], [130.7350000000183, 5.8350000000000035], [130.63500000001824, 5.8350000000000035], [130.63500000001824, 5.825000000000004], [130.5350000000182, 5.825000000000004], [130.5350000000182, 5.815000000000004], [130.50500000001819, 5.815000000000004], [130.50500000001819, 5.825000000000004], [130.52500000001817, 5.825000000000004], [130.52500000001817, 5.8350000000000035], [130.5450000000182, 5.8350000000000035], [130.5450000000182, 5.845000000000003], [130.5750000000182, 5.845000000000003], [130.5750000000182, 5.855000000000003], [130.59500000001822, 5.855000000000003], [130.59500000001822, 5.865000000000003], [130.62500000001825, 5.865000000000003], [130.62500000001825, 5.875000000000003], [130.65500000001825, 5.875000000000003], [130.65500000001825, 5.8850000000000025], [130.68500000001825, 5.8850000000000025], [130.68500000001825, 5.895000000000002], [130.71500000001828, 5.895000000000002], [130.71500000001828, 5.905000000000002], [130.7450000000183, 5.905000000000002], [130.7450000000183, 5.915000000000002], [130.7650000000183, 5.915000000000002], [130.7650000000183, 5.925000000000002], [130.79500000001832, 5.925000000000002], [130.79500000001832, 5.935000000000001], [130.81500000001833, 5.935000000000001], [130.81500000001833, 5.945000000000001], [130.83500000001834, 5.945000000000001], [130.83500000001834, 5.955000000000001], [130.85500000001835, 5.955000000000001], [130.85500000001835, 5.965000000000001], [130.87500000001836, 5.965000000000001], [130.87500000001836, 5.9750000000000005], [130.89500000001837, 5.9750000000000005], [130.89500000001837, 5.985], [130.91500000001838, 5.985], [130.91500000001838, 5.995], [130.92500000001837, 5.995], [130.92500000001837, 6.005], [131.01500000001843, 6.005], [131.01500000001843, 5.995], [131.0050000000184, 5.995], [131.0050000000184, 5.985], [130.99500000001842, 5.985], [130.99500000001842, 5.9750000000000005], [130.9750000000184, 5.9750000000000005], [130.9750000000184, 5.965000000000001]]], [[[131.39500000001863, 5.965000000000001], [131.37500000001862, 5.965000000000001], [131.37500000001862, 5.955000000000001], [131.3650000000186, 5.955000000000001], [131.3650000000186, 5.945000000000001], [131.34500000001862, 5.945000000000001], [131.34500000001862, 5.935000000000001], [131.3350000000186, 5.935000000000001], [131.3350000000186, 5.925000000000002], [131.31500000001859, 5.925000000000002], [131.31500000001859, 5.915000000000002], [131.29500000001858, 5.915000000000002], [131.29500000001858, 5.905000000000002], [131.27500000001857, 5.905000000000002], [131.27500000001857, 5.895000000000002], [131.26500000001857, 5.895000000000002], [131.26500000001857, 5.8850000000000025], [131.22500000001855, 5.8850000000000025], [131.22500000001855, 5.895000000000002], [131.20500000001852, 5.895000000000002], [131.20500000001852, 5.905000000000002], [131.19500000001852, 5.905000000000002], [131.19500000001852, 5.915000000000002], [131.1750000000185, 5.915000000000002], [131.1750000000185, 5.925000000000002], [131.1550000000185, 5.925000000000002], [131.1550000000185, 5.935000000000001], [131.1350000000185, 5.935000000000001], [131.1350000000185, 5.945000000000001], [131.11500000001848, 5.945000000000001], [131.11500000001848, 5.955000000000001], [131.1050000000185, 5.955000000000001], [131.1050000000185, 5.965000000000001], [131.08500000001845, 5.965000000000001], [131.08500000001845, 5.9750000000000005], [131.06500000001847, 5.9750000000000005], [131.06500000001847, 5.985], [131.05500000001845, 5.985], [131.05500000001845, 5.995], [131.04500000001843, 5.995], [131.04500000001843, 6.005], [131.44500000001864, 6.005], [131.44500000001864, 5.995], [131.42500000001866, 5.995], [131.42500000001866, 5.985], [131.41500000001864, 5.985], [131.41500000001864, 5.9750000000000005], [131.39500000001863, 5.9750000000000005], [131.39500000001863, 5.965000000000001]]], [[[127.19500000001648, 5.965000000000001], [127.19500000001648, 5.9750000000000005], [127.12500000001644, 5.9750000000000005], [127.12500000001644, 5.985], [127.07500000001642, 5.985], [127.07500000001642, 5.995], [127.0450000000164, 5.995], [127.0450000000164, 6.005], [127.27500000001652, 6.005], [127.27500000001652, 5.995], [127.26500000001651, 5.995], [127.26500000001651, 5.9750000000000005], [127.25500000001651, 5.9750000000000005], [127.25500000001651, 5.965000000000001], [127.19500000001648, 5.965000000000001]]], [[[137.93500000002197, -7.2049999999997185], [137.945000000022, -7.2049999999997185], [137.945000000022, -7.2549999999997175], [137.93500000002197, -7.2549999999997175], [137.93500000002197, -7.264999999999717], [137.92500000002195, -7.264999999999717], [137.92500000002195, -7.274999999999717], [137.91500000002196, -7.274999999999717], [137.91500000002196, -7.284999999999717], [137.90500000002197, -7.284999999999717], [137.90500000002197, -7.294999999999717], [137.89500000002195, -7.294999999999717], [137.89500000002195, -7.304999999999716], [137.88500000002193, -7.304999999999716], [137.88500000002193, -7.314999999999716], [137.87500000002194, -7.314999999999716], [137.87500000002194, -7.324999999999716], [137.86500000002195, -7.324999999999716], [137.86500000002195, -7.334999999999716], [137.8150000000219, -7.334999999999716], [137.8150000000219, -7.3449999999997155], [137.76500000002187, -7.3449999999997155], [137.76500000002187, -7.354999999999715], [137.7450000000219, -7.354999999999715], [137.7450000000219, -7.3449999999997155], [137.71500000002186, -7.3449999999997155], [137.71500000002186, -7.334999999999716], [137.69500000002185, -7.334999999999716], [137.69500000002185, -7.324999999999716], [137.67500000002184, -7.324999999999716], [137.67500000002184, -7.314999999999716], [137.66500000002185, -7.314999999999716], [137.66500000002185, -7.304999999999716], [137.65500000002183, -7.304999999999716], [137.65500000002183, -7.294999999999717], [137.6450000000218, -7.294999999999717], [137.6450000000218, -7.284999999999717], [137.63500000002182, -7.284999999999717], [137.63500000002182, -7.274999999999717], [137.62500000002183, -7.274999999999717], [137.62500000002183, -7.264999999999717], [137.6150000000218, -7.264999999999717], [137.6150000000218, -7.234999999999718], [137.62500000002183, -7.234999999999718], [137.62500000002183, -7.214999999999718], [137.63500000002182, -7.214999999999718], [137.63500000002182, -7.2049999999997185], [137.6450000000218, -7.2049999999997185], [137.6450000000218, -7.184999999999719], [137.65500000002183, -7.184999999999719], [137.65500000002183, -7.174999999999719], [137.66500000002185, -7.174999999999719], [137.66500000002185, -7.164999999999719], [137.68500000002183, -7.164999999999719], [137.68500000002183, -7.15499999999972], [137.69500000002185, -7.15499999999972], [137.69500000002185, -7.14499999999972], [137.71500000002186, -7.14499999999972], [137.71500000002186, -7.13499999999972], [137.73500000002187, -7.13499999999972], [137.73500000002187, -7.12499999999972], [137.7850000000219, -7.12499999999972], [137.7850000000219, -7.11499999999972], [137.85500000002193, -7.11499999999972], [137.85500000002193, -7.104999999999721], [137.89500000002195, -7.104999999999721], [137.89500000002195, -7.094999999999721], [137.90500000002197, -7.094999999999721], [137.90500000002197, -7.11499999999972], [137.91500000002196, -7.11499999999972], [137.91500000002196, -7.13499999999972], [137.92500000002195, -7.13499999999972], [137.92500000002195, -7.164999999999719], [137.93500000002197, -7.164999999999719], [137.93500000002197, -7.2049999999997185]]], [[[138.56500000002228, -7.264999999999717], [138.5450000000223, -7.264999999999717], [138.5450000000223, -7.274999999999717], [138.52500000002226, -7.274999999999717], [138.52500000002226, -7.284999999999717], [138.45500000002224, -7.284999999999717], [138.45500000002224, -7.274999999999717], [138.49500000002226, -7.274999999999717], [138.49500000002226, -7.264999999999717], [138.51500000002227, -7.264999999999717], [138.51500000002227, -7.2549999999997175], [138.53500000002228, -7.2549999999997175], [138.53500000002228, -6.994999999999723], [138.5450000000223, -6.994999999999723], [138.5450000000223, -6.844999999999726], [138.5550000000223, -6.844999999999726], [138.5550000000223, -6.854999999999726], [138.5750000000223, -6.854999999999726], [138.5750000000223, -6.864999999999726], [138.58500000002232, -6.864999999999726], [138.58500000002232, -7.2549999999997175], [138.56500000002228, -7.2549999999997175], [138.56500000002228, -7.264999999999717]]], [[[138.53500000002228, -6.834999999999726], [138.53500000002228, -6.994999999999723], [138.52500000002226, -6.994999999999723], [138.52500000002226, -7.104999999999721], [138.51500000002227, -7.104999999999721], [138.51500000002227, -7.164999999999719], [138.50500000002228, -7.164999999999719], [138.50500000002228, -7.2049999999997185], [138.49500000002226, -7.2049999999997185], [138.49500000002226, -7.224999999999718], [138.48500000002224, -7.224999999999718], [138.48500000002224, -7.234999999999718], [138.47500000002225, -7.234999999999718], [138.47500000002225, -7.244999999999718], [138.44500000002222, -7.244999999999718], [138.44500000002222, -7.2549999999997175], [138.38500000002222, -7.2549999999997175], [138.38500000002222, -7.234999999999718], [138.3750000000222, -7.234999999999718], [138.3750000000222, -7.194999999999719], [138.36500000002218, -7.194999999999719], [138.36500000002218, -7.164999999999719], [138.3550000000222, -7.164999999999719], [138.3550000000222, -7.14499999999972], [138.3450000000222, -7.14499999999972], [138.3450000000222, -7.12499999999972], [138.33500000002218, -7.12499999999972], [138.33500000002218, -7.11499999999972], [138.32500000002216, -7.11499999999972], [138.32500000002216, -7.094999999999721], [138.31500000002217, -7.094999999999721], [138.31500000002217, -7.084999999999721], [138.29500000002216, -7.084999999999721], [138.29500000002216, -7.074999999999721], [138.28500000002214, -7.074999999999721], [138.28500000002214, -7.0649999999997215], [138.26500000002216, -7.0649999999997215], [138.26500000002216, -7.054999999999722], [138.24500000002212, -7.054999999999722], [138.24500000002212, -7.044999999999722], [138.2050000000221, -7.044999999999722], [138.2050000000221, -7.034999999999722], [138.1750000000221, -7.034999999999722], [138.1750000000221, -7.024999999999722], [138.15500000002208, -7.024999999999722], [138.15500000002208, -7.014999999999723], [138.1450000000221, -7.014999999999723], [138.1450000000221, -7.004999999999723], [138.13500000002207, -7.004999999999723], [138.13500000002207, -6.994999999999723], [138.1450000000221, -6.994999999999723], [138.1450000000221, -6.984999999999723], [138.15500000002208, -6.984999999999723], [138.15500000002208, -6.974999999999723], [138.1750000000221, -6.974999999999723], [138.1750000000221, -6.964999999999724], [138.18500000002211, -6.964999999999724], [138.18500000002211, -6.954999999999724], [138.1950000000221, -6.954999999999724], [138.1950000000221, -6.944999999999724], [138.21500000002212, -6.944999999999724], [138.21500000002212, -6.934999999999724], [138.22500000002213, -6.934999999999724], [138.22500000002213, -6.9249999999997245], [138.23500000002213, -6.9249999999997245], [138.23500000002213, -6.914999999999725], [138.24500000002212, -6.914999999999725], [138.24500000002212, -6.904999999999725], [138.26500000002216, -6.904999999999725], [138.26500000002216, -6.894999999999725], [138.29500000002216, -6.894999999999725], [138.29500000002216, -6.884999999999725], [138.31500000002217, -6.884999999999725], [138.31500000002217, -6.8749999999997256], [138.33500000002218, -6.8749999999997256], [138.33500000002218, -6.864999999999726], [138.3550000000222, -6.864999999999726], [138.3550000000222, -6.854999999999726], [138.3750000000222, -6.854999999999726], [138.3750000000222, -6.844999999999726], [138.3950000000222, -6.844999999999726], [138.3950000000222, -6.834999999999726], [138.4050000000222, -6.834999999999726], [138.4050000000222, -6.824999999999727], [138.42500000002224, -6.824999999999727], [138.42500000002224, -6.814999999999727], [138.43500000002223, -6.814999999999727], [138.43500000002223, -6.804999999999727], [138.47500000002225, -6.804999999999727], [138.47500000002225, -6.814999999999727], [138.49500000002226, -6.814999999999727], [138.49500000002226, -6.824999999999727], [138.52500000002226, -6.824999999999727], [138.52500000002226, -6.834999999999726], [138.53500000002228, -6.834999999999726]]], [[[138.7550000000224, -5.684999999999751], [138.73500000002238, -5.684999999999751], [138.73500000002238, -5.694999999999751], [138.72500000002236, -5.694999999999751], [138.72500000002236, -5.7049999999997505], [138.71500000002237, -5.7049999999997505], [138.71500000002237, -5.71499999999975], [138.70500000002238, -5.71499999999975], [138.70500000002238, -5.73499999999975], [138.69500000002236, -5.73499999999975], [138.69500000002236, -5.74499999999975], [138.68500000002234, -5.74499999999975], [138.68500000002234, -5.754999999999749], [138.67500000002235, -5.754999999999749], [138.67500000002235, -5.764999999999749], [138.65500000002234, -5.764999999999749], [138.65500000002234, -5.774999999999749], [138.63500000002233, -5.774999999999749], [138.63500000002233, -5.784999999999749], [138.62500000002234, -5.784999999999749], [138.62500000002234, -5.74499999999975], [138.63500000002233, -5.74499999999975], [138.63500000002233, -5.72499999999975], [138.64500000002232, -5.72499999999975], [138.64500000002232, -5.71499999999975], [138.65500000002234, -5.71499999999975], [138.65500000002234, -5.7049999999997505], [138.66500000002236, -5.7049999999997505], [138.66500000002236, -5.694999999999751], [138.67500000002235, -5.694999999999751], [138.67500000002235, -5.684999999999751], [138.68500000002234, -5.684999999999751], [138.68500000002234, -5.674999999999751], [138.69500000002236, -5.674999999999751], [138.69500000002236, -5.664999999999751], [138.70500000002238, -5.664999999999751], [138.70500000002238, -5.654999999999752], [138.72500000002236, -5.654999999999752], [138.72500000002236, -5.644999999999752], [138.73500000002238, -5.644999999999752], [138.73500000002238, -5.634999999999752], [138.7450000000224, -5.634999999999752], [138.7450000000224, -5.644999999999752], [138.7550000000224, -5.644999999999752], [138.7550000000224, -5.664999999999751], [138.76500000002238, -5.664999999999751], [138.76500000002238, -5.674999999999751], [138.7550000000224, -5.674999999999751], [138.7550000000224, -5.684999999999751]]], [[[138.70500000002238, -5.504999999999755], [138.66500000002236, -5.504999999999755], [138.66500000002236, -5.494999999999755], [138.67500000002235, -5.494999999999755], [138.67500000002235, -5.484999999999755], [138.68500000002234, -5.484999999999755], [138.68500000002234, -5.474999999999755], [138.70500000002238, -5.474999999999755], [138.70500000002238, -5.464999999999756], [138.71500000002237, -5.464999999999756], [138.71500000002237, -5.454999999999756], [138.73500000002238, -5.454999999999756], [138.73500000002238, -5.464999999999756], [138.72500000002236, -5.464999999999756], [138.72500000002236, -5.474999999999755], [138.71500000002237, -5.474999999999755], [138.71500000002237, -5.484999999999755], [138.70500000002238, -5.484999999999755], [138.70500000002238, -5.504999999999755]]], [[[138.33500000002218, -4.984999999999766], [138.33500000002218, -4.994999999999766], [138.3450000000222, -4.994999999999766], [138.3450000000222, -5.004999999999765], [138.3550000000222, -5.004999999999765], [138.3550000000222, -5.014999999999765], [138.36500000002218, -5.014999999999765], [138.36500000002218, -5.024999999999765], [138.3750000000222, -5.024999999999765], [138.3750000000222, -5.044999999999765], [138.38500000002222, -5.044999999999765], [138.38500000002222, -5.054999999999764], [138.3950000000222, -5.054999999999764], [138.3950000000222, -5.064999999999764], [138.4050000000222, -5.064999999999764], [138.4050000000222, -5.074999999999764], [138.41500000002222, -5.074999999999764], [138.41500000002222, -5.084999999999764], [138.42500000002224, -5.084999999999764], [138.42500000002224, -5.0949999999997635], [138.43500000002223, -5.0949999999997635], [138.43500000002223, -5.104999999999763], [138.44500000002222, -5.104999999999763], [138.44500000002222, -5.114999999999763], [138.45500000002224, -5.114999999999763], [138.45500000002224, -5.124999999999763], [138.46500000002226, -5.124999999999763], [138.46500000002226, -5.134999999999763], [138.47500000002225, -5.134999999999763], [138.47500000002225, -5.144999999999762], [138.49500000002226, -5.144999999999762], [138.49500000002226, -5.154999999999762], [138.50500000002228, -5.154999999999762], [138.50500000002228, -5.164999999999762], [138.51500000002227, -5.164999999999762], [138.51500000002227, -5.174999999999762], [138.53500000002228, -5.174999999999762], [138.53500000002228, -5.184999999999762], [138.5450000000223, -5.184999999999762], [138.5450000000223, -5.194999999999761], [138.56500000002228, -5.194999999999761], [138.56500000002228, -5.204999999999761], [138.5750000000223, -5.204999999999761], [138.5750000000223, -5.214999999999761], [138.58500000002232, -5.214999999999761], [138.58500000002232, -5.224999999999761], [138.5950000000223, -5.224999999999761], [138.5950000000223, -5.2349999999997605], [138.6050000000223, -5.2349999999997605], [138.6050000000223, -5.26499999999976], [138.5950000000223, -5.26499999999976], [138.5950000000223, -5.27499999999976], [138.58500000002232, -5.27499999999976], [138.58500000002232, -5.2849999999997594], [138.5750000000223, -5.2849999999997594], [138.5750000000223, -5.294999999999759], [138.56500000002228, -5.294999999999759], [138.56500000002228, -5.304999999999759], [138.5550000000223, -5.304999999999759], [138.5550000000223, -5.314999999999759], [138.53500000002228, -5.314999999999759], [138.53500000002228, -5.324999999999759], [138.52500000002226, -5.324999999999759], [138.52500000002226, -5.334999999999758], [138.50500000002228, -5.334999999999758], [138.50500000002228, -5.344999999999758], [138.49500000002226, -5.344999999999758], [138.49500000002226, -5.354999999999758], [138.48500000002224, -5.354999999999758], [138.48500000002224, -5.364999999999758], [138.47500000002225, -5.364999999999758], [138.47500000002225, -5.384999999999757], [138.46500000002226, -5.384999999999757], [138.46500000002226, -5.394999999999757], [138.45500000002224, -5.394999999999757], [138.45500000002224, -5.404999999999757], [138.44500000002222, -5.404999999999757], [138.44500000002222, -5.414999999999757], [138.43500000002223, -5.414999999999757], [138.43500000002223, -5.434999999999756], [138.42500000002224, -5.434999999999756], [138.42500000002224, -5.444999999999756], [138.41500000002222, -5.444999999999756], [138.41500000002222, -5.464999999999756], [138.4050000000222, -5.464999999999756], [138.4050000000222, -5.484999999999755], [138.3950000000222, -5.484999999999755], [138.3950000000222, -5.504999999999755], [138.3750000000222, -5.504999999999755], [138.3750000000222, -5.474999999999755], [138.36500000002218, -5.474999999999755], [138.36500000002218, -5.454999999999756], [138.3550000000222, -5.454999999999756], [138.3550000000222, -5.434999999999756], [138.3450000000222, -5.434999999999756], [138.3450000000222, -5.4249999999997565], [138.33500000002218, -5.4249999999997565], [138.33500000002218, -5.404999999999757], [138.32500000002216, -5.404999999999757], [138.32500000002216, -5.394999999999757], [138.31500000002217, -5.394999999999757], [138.31500000002217, -5.384999999999757], [138.30500000002218, -5.384999999999757], [138.30500000002218, -5.3749999999997575], [138.29500000002216, -5.3749999999997575], [138.29500000002216, -5.384999999999757], [138.27500000002215, -5.384999999999757], [138.27500000002215, -5.394999999999757], [138.24500000002212, -5.394999999999757], [138.24500000002212, -5.384999999999757], [138.23500000002213, -5.384999999999757], [138.23500000002213, -5.3749999999997575], [138.22500000002213, -5.3749999999997575], [138.22500000002213, -5.364999999999758], [138.21500000002212, -5.364999999999758], [138.21500000002212, -5.354999999999758], [138.2050000000221, -5.354999999999758], [138.2050000000221, -5.344999999999758], [138.1950000000221, -5.344999999999758], [138.1950000000221, -5.334999999999758], [138.18500000002211, -5.334999999999758], [138.18500000002211, -5.324999999999759], [138.1750000000221, -5.324999999999759], [138.1750000000221, -5.314999999999759], [138.15500000002208, -5.314999999999759], [138.15500000002208, -5.304999999999759], [138.13500000002207, -5.304999999999759], [138.13500000002207, -5.294999999999759], [138.11500000002206, -5.294999999999759], [138.11500000002206, -5.2849999999997594], [138.09500000002205, -5.2849999999997594], [138.09500000002205, -5.27499999999976], [138.07500000002204, -5.27499999999976], [138.07500000002204, -5.26499999999976], [138.04500000002201, -5.26499999999976], [138.04500000002201, -5.25499999999976], [138.015000000022, -5.25499999999976], [138.015000000022, -5.24499999999976], [138.02500000002203, -5.24499999999976], [138.02500000002203, -5.2349999999997605], [138.03500000002202, -5.2349999999997605], [138.03500000002202, -5.194999999999761], [138.02500000002203, -5.194999999999761], [138.02500000002203, -5.174999999999762], [138.015000000022, -5.174999999999762], [138.015000000022, -5.154999999999762], [138.005000000022, -5.154999999999762], [138.005000000022, -5.144999999999762], [137.995000000022, -5.144999999999762], [137.995000000022, -5.114999999999763], [137.985000000022, -5.114999999999763], [137.985000000022, -5.0949999999997635], [137.975000000022, -5.0949999999997635], [137.975000000022, -5.074999999999764], [137.96500000002197, -5.074999999999764], [137.96500000002197, -5.064999999999764], [138.02500000002203, -5.064999999999764], [138.02500000002203, -5.074999999999764], [138.06500000002205, -5.074999999999764], [138.06500000002205, -5.084999999999764], [138.09500000002205, -5.084999999999764], [138.09500000002205, -5.0949999999997635], [138.12500000002206, -5.0949999999997635], [138.12500000002206, -5.104999999999763], [138.1450000000221, -5.104999999999763], [138.1450000000221, -5.0949999999997635], [138.13500000002207, -5.0949999999997635], [138.13500000002207, -5.074999999999764], [138.12500000002206, -5.074999999999764], [138.12500000002206, -5.054999999999764], [138.11500000002206, -5.054999999999764], [138.11500000002206, -5.034999999999765], [138.10500000002207, -5.034999999999765], [138.10500000002207, -5.014999999999765], [138.09500000002205, -5.014999999999765], [138.09500000002205, -4.984999999999766], [138.08500000002203, -4.984999999999766], [138.08500000002203, -4.964999999999766], [138.09500000002205, -4.964999999999766], [138.09500000002205, -4.974999999999766], [138.10500000002207, -4.974999999999766], [138.10500000002207, -4.984999999999766], [138.11500000002206, -4.984999999999766], [138.11500000002206, -5.004999999999765], [138.12500000002206, -5.004999999999765], [138.12500000002206, -5.014999999999765], [138.13500000002207, -5.014999999999765], [138.13500000002207, -5.024999999999765], [138.1450000000221, -5.024999999999765], [138.1450000000221, -5.034999999999765], [138.16500000002208, -5.034999999999765], [138.16500000002208, -5.044999999999765], [138.18500000002211, -5.044999999999765], [138.18500000002211, -5.054999999999764], [138.23500000002213, -5.054999999999764], [138.23500000002213, -5.064999999999764], [138.24500000002212, -5.064999999999764], [138.24500000002212, -5.054999999999764], [138.26500000002216, -5.054999999999764], [138.26500000002216, -5.034999999999765], [138.27500000002215, -5.034999999999765], [138.27500000002215, -5.024999999999765], [138.28500000002214, -5.024999999999765], [138.28500000002214, -5.014999999999765], [138.29500000002216, -5.014999999999765], [138.29500000002216, -4.9549999999997665], [138.30500000002218, -4.9549999999997665], [138.30500000002218, -4.964999999999766], [138.31500000002217, -4.964999999999766], [138.31500000002217, -4.974999999999766], [138.32500000002216, -4.974999999999766], [138.32500000002216, -4.984999999999766], [138.33500000002218, -4.984999999999766]]], [[[139.49500000002277, -5.0949999999997635], [139.5050000000228, -5.0949999999997635], [139.5050000000228, -5.144999999999762], [139.51500000002278, -5.144999999999762], [139.51500000002278, -5.25499999999976], [139.48500000002275, -5.25499999999976], [139.48500000002275, -5.164999999999762], [139.49500000002277, -5.164999999999762], [139.49500000002277, -5.0949999999997635]]], [[[137.8150000000219, -5.164999999999762], [137.7950000000219, -5.164999999999762], [137.7950000000219, -5.174999999999762], [137.7750000000219, -5.174999999999762], [137.7750000000219, -5.164999999999762], [137.7850000000219, -5.164999999999762], [137.7850000000219, -5.154999999999762], [137.7950000000219, -5.154999999999762], [137.7950000000219, -5.144999999999762], [137.8050000000219, -5.144999999999762], [137.8050000000219, -5.134999999999763], [137.8150000000219, -5.134999999999763], [137.8150000000219, -5.124999999999763], [137.82500000002193, -5.124999999999763], [137.82500000002193, -5.114999999999763], [137.83500000002192, -5.114999999999763], [137.83500000002192, -5.104999999999763], [137.8450000000219, -5.104999999999763], [137.8450000000219, -5.124999999999763], [137.83500000002192, -5.124999999999763], [137.83500000002192, -5.144999999999762], [137.82500000002193, -5.144999999999762], [137.82500000002193, -5.154999999999762], [137.8150000000219, -5.154999999999762], [137.8150000000219, -5.164999999999762]]], [[[137.69500000002185, -5.084999999999764], [137.69500000002185, -5.074999999999764], [137.70500000002187, -5.074999999999764], [137.70500000002187, -5.084999999999764], [137.69500000002185, -5.084999999999764]]], [[[140.49500000002328, -5.004999999999765], [140.48500000002326, -5.004999999999765], [140.48500000002326, -4.964999999999766], [140.49500000002328, -4.964999999999766], [140.49500000002328, -4.9549999999997665], [140.5050000000233, -4.9549999999997665], [140.5050000000233, -4.974999999999766], [140.5150000000233, -4.974999999999766], [140.5150000000233, -5.004999999999765], [140.5050000000233, -5.004999999999765], [140.5050000000233, -5.014999999999765], [140.49500000002328, -5.014999999999765], [140.49500000002328, -5.004999999999765]]], [[[137.15500000002157, -4.544999999999775], [137.1950000000216, -4.544999999999775], [137.1950000000216, -4.554999999999775], [137.22500000002162, -4.554999999999775], [137.22500000002162, -4.564999999999775], [137.26500000002164, -4.564999999999775], [137.26500000002164, -4.574999999999775], [137.30500000002166, -4.574999999999775], [137.30500000002166, -4.584999999999774], [137.34500000002168, -4.584999999999774], [137.34500000002168, -4.594999999999774], [137.3850000000217, -4.594999999999774], [137.3850000000217, -4.604999999999774], [137.4150000000217, -4.604999999999774], [137.4150000000217, -4.614999999999774], [137.45500000002173, -4.614999999999774], [137.45500000002173, -4.6249999999997735], [137.48500000002173, -4.6249999999997735], [137.48500000002173, -4.634999999999773], [137.5850000000218, -4.634999999999773], [137.5850000000218, -4.6249999999997735], [137.7850000000219, -4.6249999999997735], [137.7850000000219, -4.634999999999773], [137.82500000002193, -4.634999999999773], [137.82500000002193, -4.644999999999773], [137.86500000002195, -4.644999999999773], [137.86500000002195, -4.654999999999773], [137.90500000002197, -4.654999999999773], [137.90500000002197, -4.664999999999773], [137.945000000022, -4.664999999999773], [137.945000000022, -4.6749999999997724], [137.975000000022, -4.6749999999997724], [137.975000000022, -4.684999999999772], [138.02500000002203, -4.684999999999772], [138.02500000002203, -4.694999999999772], [138.09500000002205, -4.694999999999772], [138.09500000002205, -4.704999999999772], [138.1750000000221, -4.704999999999772], [138.1750000000221, -4.714999999999772], [138.26500000002216, -4.714999999999772], [138.26500000002216, -4.704999999999772], [138.27500000002215, -4.704999999999772], [138.27500000002215, -4.694999999999772], [138.28500000002214, -4.694999999999772], [138.28500000002214, -4.684999999999772], [138.29500000002216, -4.684999999999772], [138.29500000002216, -4.724999999999771], [138.30500000002218, -4.724999999999771], [138.30500000002218, -4.734999999999771], [138.31500000002217, -4.734999999999771], [138.31500000002217, -4.724999999999771], [138.33500000002218, -4.724999999999771], [138.33500000002218, -4.714999999999772], [138.3550000000222, -4.714999999999772], [138.3550000000222, -4.704999999999772], [138.3750000000222, -4.704999999999772], [138.3750000000222, -4.694999999999772], [138.42500000002224, -4.694999999999772], [138.42500000002224, -4.704999999999772], [138.44500000002222, -4.704999999999772], [138.44500000002222, -4.714999999999772], [138.46500000002226, -4.714999999999772], [138.46500000002226, -4.724999999999771], [138.5550000000223, -4.724999999999771], [138.5550000000223, -4.714999999999772], [138.62500000002234, -4.714999999999772], [138.62500000002234, -4.724999999999771], [138.64500000002232, -4.724999999999771], [138.64500000002232, -4.734999999999771], [138.66500000002236, -4.734999999999771], [138.66500000002236, -4.744999999999771], [138.65500000002234, -4.744999999999771], [138.65500000002234, -4.77499999999977], [138.64500000002232, -4.77499999999977], [138.64500000002232, -4.79499999999977], [138.63500000002233, -4.79499999999977], [138.63500000002233, -4.8149999999997695], [138.62500000002234, -4.8149999999997695], [138.62500000002234, -4.834999999999769], [138.61500000002232, -4.834999999999769], [138.61500000002232, -4.844999999999769], [138.6050000000223, -4.844999999999769], [138.6050000000223, -4.854999999999769], [138.5950000000223, -4.854999999999769], [138.5950000000223, -4.864999999999768], [138.58500000002232, -4.864999999999768], [138.58500000002232, -4.874999999999768], [138.5750000000223, -4.874999999999768], [138.5750000000223, -4.884999999999768], [138.5550000000223, -4.884999999999768], [138.5550000000223, -4.894999999999768], [138.5450000000223, -4.894999999999768], [138.5450000000223, -4.9049999999997675], [138.51500000002227, -4.9049999999997675], [138.51500000002227, -4.914999999999767], [138.38500000002222, -4.914999999999767], [138.38500000002222, -4.9049999999997675], [138.27500000002215, -4.9049999999997675], [138.27500000002215, -4.894999999999768], [138.23500000002213, -4.894999999999768], [138.23500000002213, -4.884999999999768], [138.2050000000221, -4.884999999999768], [138.2050000000221, -4.874999999999768], [138.18500000002211, -4.874999999999768], [138.18500000002211, -4.864999999999768], [138.16500000002208, -4.864999999999768], [138.16500000002208, -4.854999999999769], [138.1450000000221, -4.854999999999769], [138.1450000000221, -4.844999999999769], [138.13500000002207, -4.844999999999769], [138.13500000002207, -4.834999999999769], [138.12500000002206, -4.834999999999769], [138.12500000002206, -4.824999999999769], [138.11500000002206, -4.824999999999769], [138.11500000002206, -4.8149999999997695], [138.10500000002207, -4.8149999999997695], [138.10500000002207, -4.80499999999977], [138.09500000002205, -4.80499999999977], [138.09500000002205, -4.78499999999977], [138.08500000002203, -4.78499999999977], [138.08500000002203, -4.77499999999977], [138.07500000002204, -4.77499999999977], [138.07500000002204, -4.754999999999771], [138.06500000002205, -4.754999999999771], [138.06500000002205, -4.744999999999771], [138.04500000002201, -4.744999999999771], [138.04500000002201, -4.734999999999771], [138.02500000002203, -4.734999999999771], [138.02500000002203, -4.724999999999771], [137.985000000022, -4.724999999999771], [137.985000000022, -4.734999999999771], [137.975000000022, -4.734999999999771], [137.975000000022, -4.7649999999997705], [137.96500000002197, -4.7649999999997705], [137.96500000002197, -4.8149999999997695], [137.95500000002198, -4.8149999999997695], [137.95500000002198, -4.854999999999769], [137.945000000022, -4.854999999999769], [137.945000000022, -4.894999999999768], [137.93500000002197, -4.894999999999768], [137.93500000002197, -4.914999999999767], [137.88500000002193, -4.914999999999767], [137.88500000002193, -4.924999999999767], [137.85500000002193, -4.924999999999767], [137.85500000002193, -4.934999999999767], [137.8150000000219, -4.934999999999767], [137.8150000000219, -4.944999999999767], [137.7850000000219, -4.944999999999767], [137.7850000000219, -4.9549999999997665], [137.73500000002187, -4.9549999999997665], [137.73500000002187, -4.944999999999767], [137.71500000002186, -4.944999999999767], [137.71500000002186, -4.9549999999997665], [137.70500000002187, -4.9549999999997665], [137.70500000002187, -4.964999999999766], [137.68500000002183, -4.964999999999766], [137.68500000002183, -4.974999999999766], [137.67500000002184, -4.974999999999766], [137.67500000002184, -4.984999999999766], [137.66500000002185, -4.984999999999766], [137.66500000002185, -5.014999999999765], [137.67500000002184, -5.014999999999765], [137.67500000002184, -5.034999999999765], [137.68500000002183, -5.034999999999765], [137.68500000002183, -5.054999999999764], [137.69500000002185, -5.054999999999764], [137.69500000002185, -5.074999999999764], [137.68500000002183, -5.074999999999764], [137.68500000002183, -5.064999999999764], [137.67500000002184, -5.064999999999764], [137.67500000002184, -5.054999999999764], [137.66500000002185, -5.054999999999764], [137.66500000002185, -5.044999999999765], [137.6450000000218, -5.044999999999765], [137.6450000000218, -5.034999999999765], [137.63500000002182, -5.034999999999765], [137.63500000002182, -5.024999999999765], [137.6150000000218, -5.024999999999765], [137.6150000000218, -5.014999999999765], [137.5950000000218, -5.014999999999765], [137.5950000000218, -5.004999999999765], [137.56500000002177, -5.004999999999765], [137.56500000002177, -4.994999999999766], [137.53500000002177, -4.994999999999766], [137.53500000002177, -4.984999999999766], [137.49500000002175, -4.984999999999766], [137.49500000002175, -4.994999999999766], [137.48500000002173, -4.994999999999766], [137.48500000002173, -5.004999999999765], [137.47500000002174, -5.004999999999765], [137.47500000002174, -5.014999999999765], [137.46500000002175, -5.014999999999765], [137.46500000002175, -5.024999999999765], [137.45500000002173, -5.024999999999765], [137.45500000002173, -5.034999999999765], [137.43500000002172, -5.034999999999765], [137.43500000002172, -5.044999999999765], [137.42500000002173, -5.044999999999765], [137.42500000002173, -5.054999999999764], [137.4050000000217, -5.054999999999764], [137.4050000000217, -5.064999999999764], [137.37500000002169, -5.064999999999764], [137.37500000002169, -5.074999999999764], [137.34500000002168, -5.074999999999764], [137.34500000002168, -5.064999999999764], [137.35500000002168, -5.064999999999764], [137.35500000002168, -5.054999999999764], [137.36500000002167, -5.054999999999764], [137.36500000002167, -5.034999999999765], [137.37500000002169, -5.034999999999765], [137.37500000002169, -5.014999999999765], [137.3850000000217, -5.014999999999765], [137.3850000000217, -4.974999999999766], [137.37500000002169, -4.974999999999766], [137.37500000002169, -4.9549999999997665], [137.36500000002167, -4.9549999999997665], [137.36500000002167, -4.934999999999767], [137.35500000002168, -4.934999999999767], [137.35500000002168, -4.924999999999767], [137.34500000002168, -4.924999999999767], [137.34500000002168, -4.914999999999767], [137.33500000002167, -4.914999999999767], [137.33500000002167, -4.9049999999997675], [137.32500000002165, -4.9049999999997675], [137.32500000002165, -4.894999999999768], [137.31500000002166, -4.894999999999768], [137.31500000002166, -4.884999999999768], [137.30500000002166, -4.884999999999768], [137.30500000002166, -4.874999999999768], [137.28500000002163, -4.874999999999768], [137.28500000002163, -4.864999999999768], [137.26500000002164, -4.864999999999768], [137.26500000002164, -4.854999999999769], [137.28500000002163, -4.854999999999769], [137.28500000002163, -4.844999999999769], [137.30500000002166, -4.844999999999769], [137.30500000002166, -4.834999999999769], [137.32500000002165, -4.834999999999769], [137.32500000002165, -4.824999999999769], [137.34500000002168, -4.824999999999769], [137.34500000002168, -4.8149999999997695], [137.35500000002168, -4.8149999999997695], [137.35500000002168, -4.79499999999977], [137.36500000002167, -4.79499999999977], [137.36500000002167, -4.78499999999977], [137.37500000002169, -4.78499999999977], [137.37500000002169, -4.754999999999771], [137.3850000000217, -4.754999999999771], [137.3850000000217, -4.744999999999771], [137.37500000002169, -4.744999999999771], [137.37500000002169, -4.724999999999771], [137.36500000002167, -4.724999999999771], [137.36500000002167, -4.714999999999772], [137.35500000002168, -4.714999999999772], [137.35500000002168, -4.704999999999772], [137.34500000002168, -4.704999999999772], [137.34500000002168, -4.694999999999772], [137.33500000002167, -4.694999999999772], [137.33500000002167, -4.684999999999772], [137.31500000002166, -4.684999999999772], [137.31500000002166, -4.6749999999997724], [137.30500000002166, -4.6749999999997724], [137.30500000002166, -4.664999999999773], [137.28500000002163, -4.664999999999773], [137.28500000002163, -4.654999999999773], [137.25500000002162, -4.654999999999773], [137.25500000002162, -4.644999999999773], [137.1950000000216, -4.644999999999773], [137.1950000000216, -4.634999999999773], [137.14500000002158, -4.634999999999773], [137.14500000002158, -4.6249999999997735], [137.11500000002155, -4.6249999999997735], [137.11500000002155, -4.614999999999774], [137.09500000002154, -4.614999999999774], [137.09500000002154, -4.604999999999774], [137.07500000002153, -4.604999999999774], [137.07500000002153, -4.594999999999774], [137.05500000002152, -4.594999999999774], [137.05500000002152, -4.584999999999774], [137.0450000000215, -4.584999999999774], [137.0450000000215, -4.574999999999775], [137.0350000000215, -4.574999999999775], [137.0350000000215, -4.564999999999775], [137.02500000002152, -4.564999999999775], [137.02500000002152, -4.544999999999775], [137.0150000000215, -4.544999999999775], [137.0150000000215, -4.534999999999775], [137.00500000002148, -4.534999999999775], [137.00500000002148, -4.524999999999776], [136.9950000000215, -4.524999999999776], [136.9950000000215, -4.534999999999775], [136.9850000000215, -4.534999999999775], [136.9850000000215, -4.544999999999775], [136.97500000002148, -4.544999999999775], [136.97500000002148, -4.534999999999775], [136.96500000002146, -4.534999999999775], [136.96500000002146, -4.504999999999776], [136.9850000000215, -4.504999999999776], [136.9850000000215, -4.514999999999776], [137.0450000000215, -4.514999999999776], [137.0450000000215, -4.524999999999776], [137.10500000002156, -4.524999999999776], [137.10500000002156, -4.534999999999775], [137.15500000002157, -4.534999999999775], [137.15500000002157, -4.544999999999775]]], [[[141.84500000002396, -4.714999999999772], [141.84500000002396, -4.724999999999771], [141.85500000002398, -4.724999999999771], [141.85500000002398, -4.734999999999771], [141.84500000002396, -4.734999999999771], [141.84500000002396, -4.754999999999771], [141.80500000002394, -4.754999999999771], [141.80500000002394, -4.7649999999997705], [141.77500000002394, -4.7649999999997705], [141.77500000002394, -4.77499999999977], [141.73500000002392, -4.77499999999977], [141.73500000002392, -4.7649999999997705], [141.7250000000239, -4.7649999999997705], [141.7250000000239, -4.754999999999771], [141.7150000000239, -4.754999999999771], [141.7150000000239, -4.724999999999771], [141.70500000002392, -4.724999999999771], [141.70500000002392, -4.704999999999772], [141.7150000000239, -4.704999999999772], [141.7150000000239, -4.694999999999772], [141.7250000000239, -4.694999999999772], [141.7250000000239, -4.684999999999772], [141.78500000002396, -4.684999999999772], [141.78500000002396, -4.694999999999772], [141.80500000002394, -4.694999999999772], [141.80500000002394, -4.704999999999772], [141.82500000002398, -4.704999999999772], [141.82500000002398, -4.714999999999772], [141.84500000002396, -4.714999999999772]]], [[[136.57500000002128, -4.384999999999779], [136.5850000000213, -4.384999999999779], [136.5850000000213, -4.394999999999778], [136.5950000000213, -4.394999999999778], [136.5950000000213, -4.414999999999778], [136.60500000002128, -4.414999999999778], [136.60500000002128, -4.434999999999778], [136.6150000000213, -4.434999999999778], [136.6150000000213, -4.454999999999777], [136.62500000002132, -4.454999999999777], [136.62500000002132, -4.474999999999777], [136.6350000000213, -4.474999999999777], [136.6350000000213, -4.564999999999775], [136.62500000002132, -4.564999999999775], [136.62500000002132, -4.6249999999997735], [136.6150000000213, -4.6249999999997735], [136.6150000000213, -4.6749999999997724], [136.60500000002128, -4.6749999999997724], [136.60500000002128, -4.724999999999771], [136.5850000000213, -4.724999999999771], [136.5850000000213, -4.714999999999772], [136.56500000002126, -4.714999999999772], [136.56500000002126, -4.704999999999772], [136.54500000002128, -4.704999999999772], [136.54500000002128, -4.694999999999772], [136.53500000002126, -4.694999999999772], [136.53500000002126, -4.684999999999772], [136.51500000002125, -4.684999999999772], [136.51500000002125, -4.6749999999997724], [136.49500000002124, -4.6749999999997724], [136.49500000002124, -4.664999999999773], [136.46500000002123, -4.664999999999773], [136.46500000002123, -4.654999999999773], [136.4350000000212, -4.654999999999773], [136.4350000000212, -4.644999999999773], [136.4150000000212, -4.644999999999773], [136.4150000000212, -4.634999999999773], [136.39500000002118, -4.634999999999773], [136.39500000002118, -4.6249999999997735], [136.37500000002117, -4.6249999999997735], [136.37500000002117, -4.614999999999774], [136.36500000002115, -4.614999999999774], [136.36500000002115, -4.604999999999774], [136.34500000002117, -4.604999999999774], [136.34500000002117, -4.594999999999774], [136.33500000002115, -4.594999999999774], [136.33500000002115, -4.584999999999774], [136.31500000002114, -4.584999999999774], [136.31500000002114, -4.574999999999775], [136.30500000002115, -4.574999999999775], [136.30500000002115, -4.564999999999775], [136.29500000002113, -4.564999999999775], [136.29500000002113, -4.554999999999775], [136.2850000000211, -4.554999999999775], [136.2850000000211, -4.544999999999775], [136.27500000002112, -4.544999999999775], [136.27500000002112, -4.534999999999775], [136.26500000002113, -4.534999999999775], [136.26500000002113, -4.524999999999776], [136.2550000000211, -4.524999999999776], [136.2550000000211, -4.514999999999776], [136.2450000000211, -4.514999999999776], [136.2450000000211, -4.504999999999776], [136.2350000000211, -4.504999999999776], [136.2350000000211, -4.4849999999997765], [136.2450000000211, -4.4849999999997765], [136.2450000000211, -4.474999999999777], [136.2550000000211, -4.474999999999777], [136.2550000000211, -4.454999999999777], [136.26500000002113, -4.454999999999777], [136.26500000002113, -4.444999999999777], [136.27500000002112, -4.444999999999777], [136.27500000002112, -4.434999999999778], [136.2850000000211, -4.434999999999778], [136.2850000000211, -4.424999999999778], [136.29500000002113, -4.424999999999778], [136.29500000002113, -4.414999999999778], [136.30500000002115, -4.414999999999778], [136.30500000002115, -4.404999999999778], [136.33500000002115, -4.404999999999778], [136.33500000002115, -4.394999999999778], [136.36500000002115, -4.394999999999778], [136.36500000002115, -4.384999999999779], [136.3850000000212, -4.384999999999779], [136.3850000000212, -4.374999999999779], [136.40500000002118, -4.374999999999779], [136.40500000002118, -4.364999999999779], [136.4250000000212, -4.364999999999779], [136.4250000000212, -4.354999999999779], [136.45500000002122, -4.354999999999779], [136.45500000002122, -4.3449999999997795], [136.50500000002125, -4.3449999999997795], [136.50500000002125, -4.33499999999978], [136.54500000002128, -4.33499999999978], [136.54500000002128, -4.3449999999997795], [136.55500000002127, -4.3449999999997795], [136.55500000002127, -4.354999999999779], [136.56500000002126, -4.354999999999779], [136.56500000002126, -4.374999999999779], [136.57500000002128, -4.374999999999779], [136.57500000002128, -4.384999999999779]]], [[[141.3050000000237, -4.224999999999782], [141.3250000000237, -4.224999999999782], [141.3250000000237, -4.234999999999782], [141.3350000000237, -4.234999999999782], [141.3350000000237, -4.244999999999782], [141.34500000002373, -4.244999999999782], [141.34500000002373, -4.254999999999781], [141.35500000002372, -4.254999999999781], [141.35500000002372, -4.264999999999781], [141.34500000002373, -4.264999999999781], [141.34500000002373, -4.284999999999781], [141.3350000000237, -4.284999999999781], [141.3350000000237, -4.31499999999978], [141.3250000000237, -4.31499999999978], [141.3250000000237, -4.3449999999997795], [141.3150000000237, -4.3449999999997795], [141.3150000000237, -4.374999999999779], [141.3050000000237, -4.374999999999779], [141.3050000000237, -4.404999999999778], [141.2950000000237, -4.404999999999778], [141.2950000000237, -4.434999999999778], [141.28500000002367, -4.434999999999778], [141.28500000002367, -4.474999999999777], [141.27500000002368, -4.474999999999777], [141.27500000002368, -4.464999999999777], [141.2650000000237, -4.464999999999777], [141.2650000000237, -4.454999999999777], [141.23500000002366, -4.454999999999777], [141.23500000002366, -4.444999999999777], [141.22500000002367, -4.444999999999777], [141.22500000002367, -4.32499999999978], [141.21500000002365, -4.32499999999978], [141.21500000002365, -4.234999999999782], [141.22500000002367, -4.234999999999782], [141.22500000002367, -4.214999999999782], [141.23500000002366, -4.214999999999782], [141.23500000002366, -4.194999999999783], [141.24500000002365, -4.194999999999783], [141.24500000002365, -4.184999999999783], [141.2650000000237, -4.184999999999783], [141.2650000000237, -4.194999999999783], [141.28500000002367, -4.194999999999783], [141.28500000002367, -4.2049999999997825], [141.2950000000237, -4.2049999999997825], [141.2950000000237, -4.214999999999782], [141.3050000000237, -4.214999999999782], [141.3050000000237, -4.224999999999782]]], [[[141.7250000000239, -4.094999999999785], [141.7250000000239, -4.134999999999784], [141.73500000002392, -4.134999999999784], [141.73500000002392, -4.30499999999978], [141.74500000002394, -4.30499999999978], [141.74500000002394, -4.354999999999779], [141.75500000002393, -4.354999999999779], [141.75500000002393, -4.374999999999779], [141.77500000002394, -4.374999999999779], [141.77500000002394, -4.384999999999779], [141.79500000002395, -4.384999999999779], [141.79500000002395, -4.394999999999778], [141.80500000002394, -4.394999999999778], [141.80500000002394, -4.404999999999778], [141.81500000002396, -4.404999999999778], [141.81500000002396, -4.444999999999777], [141.80500000002394, -4.444999999999777], [141.80500000002394, -4.434999999999778], [141.79500000002395, -4.434999999999778], [141.79500000002395, -4.424999999999778], [141.78500000002396, -4.424999999999778], [141.78500000002396, -4.414999999999778], [141.76500000002392, -4.414999999999778], [141.76500000002392, -4.404999999999778], [141.75500000002393, -4.404999999999778], [141.75500000002393, -4.394999999999778], [141.74500000002394, -4.394999999999778], [141.74500000002394, -4.384999999999779], [141.73500000002392, -4.384999999999779], [141.73500000002392, -4.364999999999779], [141.7250000000239, -4.364999999999779], [141.7250000000239, -4.3449999999997795], [141.7150000000239, -4.3449999999997795], [141.7150000000239, -4.32499999999978], [141.70500000002392, -4.32499999999978], [141.70500000002392, -4.284999999999781], [141.6950000000239, -4.284999999999781], [141.6950000000239, -4.244999999999782], [141.68500000002388, -4.244999999999782], [141.68500000002388, -4.234999999999782], [141.67500000002389, -4.234999999999782], [141.67500000002389, -4.214999999999782], [141.6650000000239, -4.214999999999782], [141.6650000000239, -4.194999999999783], [141.65500000002388, -4.194999999999783], [141.65500000002388, -4.184999999999783], [141.64500000002386, -4.184999999999783], [141.64500000002386, -4.164999999999783], [141.63500000002387, -4.164999999999783], [141.63500000002387, -4.1549999999997835], [141.62500000002387, -4.1549999999997835], [141.62500000002387, -4.134999999999784], [141.61500000002385, -4.134999999999784], [141.61500000002385, -4.124999999999784], [141.60500000002384, -4.124999999999784], [141.60500000002384, -4.114999999999784], [141.59500000002384, -4.114999999999784], [141.59500000002384, -4.094999999999785], [141.58500000002385, -4.094999999999785], [141.58500000002385, -4.084999999999785], [141.57500000002383, -4.084999999999785], [141.57500000002383, -4.0649999999997855], [141.6650000000239, -4.0649999999997855], [141.6650000000239, -4.074999999999785], [141.70500000002392, -4.074999999999785], [141.70500000002392, -4.084999999999785], [141.7150000000239, -4.084999999999785], [141.7150000000239, -4.094999999999785], [141.7250000000239, -4.094999999999785]]], [[[141.88500000002398, -3.984999999999787], [141.895000000024, -3.984999999999787], [141.895000000024, -4.004999999999787], [141.90500000002402, -4.004999999999787], [141.90500000002402, -4.024999999999786], [141.915000000024, -4.024999999999786], [141.915000000024, -4.034999999999786], [141.925000000024, -4.034999999999786], [141.925000000024, -4.054999999999786], [141.93500000002402, -4.054999999999786], [141.93500000002402, -4.0649999999997855], [141.94500000002404, -4.0649999999997855], [141.94500000002404, -4.074999999999785], [141.96500000002402, -4.074999999999785], [141.96500000002402, -4.084999999999785], [141.97500000002404, -4.084999999999785], [141.97500000002404, -4.094999999999785], [141.99500000002405, -4.094999999999785], [141.99500000002405, -4.104999999999785], [142.00500000002404, -4.104999999999785], [142.00500000002404, -4.364999999999779], [141.865000000024, -4.364999999999779], [141.865000000024, -4.354999999999779], [141.84500000002396, -4.354999999999779], [141.84500000002396, -4.3449999999997795], [141.83500000002397, -4.3449999999997795], [141.83500000002397, -4.31499999999978], [141.82500000002398, -4.31499999999978], [141.82500000002398, -4.244999999999782], [141.83500000002397, -4.244999999999782], [141.83500000002397, -4.224999999999782], [141.84500000002396, -4.224999999999782], [141.84500000002396, -4.214999999999782], [141.865000000024, -4.214999999999782], [141.865000000024, -4.2049999999997825], [141.88500000002398, -4.2049999999997825], [141.88500000002398, -4.194999999999783], [141.915000000024, -4.194999999999783], [141.915000000024, -4.184999999999783], [141.99500000002405, -4.184999999999783], [141.99500000002405, -4.174999999999783], [141.98500000002406, -4.174999999999783], [141.98500000002406, -4.164999999999783], [141.97500000002404, -4.164999999999783], [141.97500000002404, -4.144999999999784], [141.96500000002402, -4.144999999999784], [141.96500000002402, -4.134999999999784], [141.95500000002403, -4.134999999999784], [141.95500000002403, -4.124999999999784], [141.94500000002404, -4.124999999999784], [141.94500000002404, -4.114999999999784], [141.93500000002402, -4.114999999999784], [141.93500000002402, -4.104999999999785], [141.925000000024, -4.104999999999785], [141.925000000024, -4.084999999999785], [141.915000000024, -4.084999999999785], [141.915000000024, -4.074999999999785], [141.90500000002402, -4.074999999999785], [141.90500000002402, -4.0649999999997855], [141.895000000024, -4.0649999999997855], [141.895000000024, -4.054999999999786], [141.88500000002398, -4.054999999999786], [141.88500000002398, -4.044999999999786], [141.875000000024, -4.044999999999786], [141.875000000024, -4.034999999999786], [141.865000000024, -4.034999999999786], [141.865000000024, -4.024999999999786], [141.85500000002398, -4.024999999999786], [141.85500000002398, -4.0149999999997865], [141.84500000002396, -4.0149999999997865], [141.84500000002396, -4.004999999999787], [141.83500000002397, -4.004999999999787], [141.83500000002397, -3.9749999999997874], [141.84500000002396, -3.9749999999997874], [141.84500000002396, -3.944999999999788], [141.85500000002398, -3.944999999999788], [141.85500000002398, -3.954999999999788], [141.865000000024, -3.954999999999788], [141.865000000024, -3.9649999999997876], [141.875000000024, -3.9649999999997876], [141.875000000024, -3.9749999999997874], [141.88500000002398, -3.9749999999997874], [141.88500000002398, -3.984999999999787]]], [[[141.35500000002372, -3.764999999999792], [141.34500000002373, -3.764999999999792], [141.34500000002373, -3.7849999999997914], [141.3350000000237, -3.7849999999997914], [141.3350000000237, -3.804999999999791], [141.3250000000237, -3.804999999999791], [141.3250000000237, -3.8249999999997906], [141.3150000000237, -3.8249999999997906], [141.3150000000237, -3.8349999999997904], [141.3050000000237, -3.8349999999997904], [141.3050000000237, -3.85499999999979], [141.2950000000237, -3.85499999999979], [141.2950000000237, -3.8649999999997897], [141.28500000002367, -3.8649999999997897], [141.28500000002367, -3.8749999999997895], [141.27500000002368, -3.8749999999997895], [141.27500000002368, -3.8849999999997893], [141.24500000002365, -3.8849999999997893], [141.24500000002365, -3.894999999999789], [141.21500000002365, -3.894999999999789], [141.21500000002365, -3.8849999999997893], [141.20500000002363, -3.8849999999997893], [141.20500000002363, -3.8749999999997895], [141.19500000002364, -3.8749999999997895], [141.19500000002364, -4.004999999999787], [141.20500000002363, -4.004999999999787], [141.20500000002363, -4.0149999999997865], [141.21500000002365, -4.0149999999997865], [141.21500000002365, -4.034999999999786], [141.20500000002363, -4.034999999999786], [141.20500000002363, -4.074999999999785], [141.19500000002364, -4.074999999999785], [141.19500000002364, -4.114999999999784], [141.18500000002365, -4.114999999999784], [141.18500000002365, -4.144999999999784], [141.17500000002363, -4.144999999999784], [141.17500000002363, -4.164999999999783], [141.1650000000236, -4.164999999999783], [141.1650000000236, -4.184999999999783], [141.15500000002362, -4.184999999999783], [141.15500000002362, -4.2049999999997825], [141.14500000002363, -4.2049999999997825], [141.14500000002363, -4.214999999999782], [141.1350000000236, -4.214999999999782], [141.1350000000236, -4.224999999999782], [141.1250000000236, -4.224999999999782], [141.1250000000236, -4.234999999999782], [141.1150000000236, -4.234999999999782], [141.1150000000236, -4.244999999999782], [141.1050000000236, -4.244999999999782], [141.1050000000236, -4.254999999999781], [141.0950000000236, -4.254999999999781], [141.0950000000236, -4.264999999999781], [141.08500000002357, -4.264999999999781], [141.08500000002357, -4.284999999999781], [141.07500000002358, -4.284999999999781], [141.07500000002358, -4.2949999999997805], [141.0650000000236, -4.2949999999997805], [141.0650000000236, -4.31499999999978], [141.05500000002357, -4.31499999999978], [141.05500000002357, -4.33499999999978], [141.04500000002355, -4.33499999999978], [141.04500000002355, -4.354999999999779], [141.03500000002356, -4.354999999999779], [141.03500000002356, -4.374999999999779], [141.01500000002355, -4.374999999999779], [141.01500000002355, -4.2949999999997805], [141.02500000002357, -4.2949999999997805], [141.02500000002357, -4.244999999999782], [141.01500000002355, -4.244999999999782], [141.01500000002355, -4.2049999999997825], [141.00500000002353, -4.2049999999997825], [141.00500000002353, -4.194999999999783], [140.99500000002354, -4.194999999999783], [140.99500000002354, -4.184999999999783], [140.98500000002355, -4.184999999999783], [140.98500000002355, -4.194999999999783], [140.97500000002353, -4.194999999999783], [140.97500000002353, -4.2049999999997825], [140.9650000000235, -4.2049999999997825], [140.9650000000235, -4.214999999999782], [140.95500000002352, -4.214999999999782], [140.95500000002352, -4.224999999999782], [140.94500000002353, -4.224999999999782], [140.94500000002353, -4.234999999999782], [140.9350000000235, -4.234999999999782], [140.9350000000235, -4.264999999999781], [140.94500000002353, -4.264999999999781], [140.94500000002353, -4.284999999999781], [140.95500000002352, -4.284999999999781], [140.95500000002352, -4.31499999999978], [140.9650000000235, -4.31499999999978], [140.9650000000235, -4.3449999999997795], [140.97500000002353, -4.3449999999997795], [140.97500000002353, -4.374999999999779], [140.98500000002355, -4.374999999999779], [140.98500000002355, -4.384999999999779], [140.97500000002353, -4.384999999999779], [140.97500000002353, -4.394999999999778], [140.9650000000235, -4.394999999999778], [140.9650000000235, -4.384999999999779], [140.95500000002352, -4.384999999999779], [140.95500000002352, -4.364999999999779], [140.94500000002353, -4.364999999999779], [140.94500000002353, -4.354999999999779], [140.9350000000235, -4.354999999999779], [140.9350000000235, -4.3449999999997795], [140.9250000000235, -4.3449999999997795], [140.9250000000235, -4.33499999999978], [140.9150000000235, -4.33499999999978], [140.9150000000235, -4.32499999999978], [140.9050000000235, -4.32499999999978], [140.9050000000235, -4.31499999999978], [140.8950000000235, -4.31499999999978], [140.8950000000235, -4.30499999999978], [140.88500000002347, -4.30499999999978], [140.88500000002347, -4.2949999999997805], [140.87500000002348, -4.2949999999997805], [140.87500000002348, -4.284999999999781], [140.86500000002349, -4.284999999999781], [140.86500000002349, -4.274999999999781], [140.84500000002345, -4.274999999999781], [140.84500000002345, -4.264999999999781], [140.82500000002346, -4.264999999999781], [140.82500000002346, -4.254999999999781], [140.81500000002345, -4.254999999999781], [140.81500000002345, -4.244999999999782], [140.79500000002344, -4.244999999999782], [140.79500000002344, -4.234999999999782], [140.78500000002344, -4.234999999999782], [140.78500000002344, -4.214999999999782], [140.77500000002343, -4.214999999999782], [140.77500000002343, -4.194999999999783], [140.7650000000234, -4.194999999999783], [140.7650000000234, -4.174999999999783], [140.75500000002341, -4.174999999999783], [140.75500000002341, -4.134999999999784], [140.74500000002342, -4.134999999999784], [140.74500000002342, -4.114999999999784], [140.7350000000234, -4.114999999999784], [140.7350000000234, -4.104999999999785], [140.72500000002339, -4.104999999999785], [140.72500000002339, -4.094999999999785], [140.7150000000234, -4.094999999999785], [140.7150000000234, -4.084999999999785], [140.69500000002338, -4.084999999999785], [140.69500000002338, -4.074999999999785], [140.65500000002336, -4.074999999999785], [140.65500000002336, -4.0649999999997855], [140.57500000002332, -4.0649999999997855], [140.57500000002332, -4.054999999999786], [140.58500000002334, -4.054999999999786], [140.58500000002334, -4.034999999999786], [140.59500000002333, -4.034999999999786], [140.59500000002333, -4.024999999999786], [140.60500000002332, -4.024999999999786], [140.60500000002332, -4.004999999999787], [140.61500000002334, -4.004999999999787], [140.61500000002334, -3.994999999999787], [140.62500000002336, -3.994999999999787], [140.62500000002336, -3.984999999999787], [140.63500000002335, -3.984999999999787], [140.63500000002335, -3.9749999999997874], [140.64500000002334, -3.9749999999997874], [140.64500000002334, -3.9649999999997876], [140.65500000002336, -3.9649999999997876], [140.65500000002336, -3.954999999999788], [140.66500000002338, -3.954999999999788], [140.66500000002338, -3.944999999999788], [140.68500000002336, -3.944999999999788], [140.68500000002336, -3.954999999999788], [140.72500000002339, -3.954999999999788], [140.72500000002339, -3.9649999999997876], [140.74500000002342, -3.9649999999997876], [140.74500000002342, -3.954999999999788], [140.75500000002341, -3.954999999999788], [140.75500000002341, -3.944999999999788], [140.7650000000234, -3.944999999999788], [140.7650000000234, -3.9349999999997882], [140.77500000002343, -3.9349999999997882], [140.77500000002343, -3.9249999999997884], [140.78500000002344, -3.9249999999997884], [140.78500000002344, -3.9149999999997886], [140.79500000002344, -3.9149999999997886], [140.79500000002344, -3.904999999999789], [140.80500000002343, -3.904999999999789], [140.80500000002343, -3.894999999999789], [140.81500000002345, -3.894999999999789], [140.81500000002345, -3.8849999999997893], [140.82500000002346, -3.8849999999997893], [140.82500000002346, -3.8749999999997895], [140.84500000002345, -3.8749999999997895], [140.84500000002345, -3.8649999999997897], [140.86500000002349, -3.8649999999997897], [140.86500000002349, -3.85499999999979], [140.8950000000235, -3.85499999999979], [140.8950000000235, -3.84499999999979], [140.9250000000235, -3.84499999999979], [140.9250000000235, -3.8349999999997904], [140.9650000000235, -3.8349999999997904], [140.9650000000235, -3.8249999999997906], [141.05500000002357, -3.8249999999997906], [141.05500000002357, -3.814999999999791], [141.1150000000236, -3.814999999999791], [141.1150000000236, -3.804999999999791], [141.1350000000236, -3.804999999999791], [141.1350000000236, -3.794999999999791], [141.14500000002363, -3.794999999999791], [141.14500000002363, -3.7849999999997914], [141.1350000000236, -3.7849999999997914], [141.1350000000236, -3.754999999999792], [141.1250000000236, -3.754999999999792], [141.1250000000236, -3.7349999999997925], [141.1350000000236, -3.7349999999997925], [141.1350000000236, -3.704999999999793], [141.14500000002363, -3.704999999999793], [141.14500000002363, -3.714999999999793], [141.15500000002362, -3.714999999999793], [141.15500000002362, -3.7249999999997927], [141.1650000000236, -3.7249999999997927], [141.1650000000236, -3.7349999999997925], [141.17500000002363, -3.7349999999997925], [141.17500000002363, -3.7449999999997923], [141.18500000002365, -3.7449999999997923], [141.18500000002365, -3.7249999999997927], [141.19500000002364, -3.7249999999997927], [141.19500000002364, -3.714999999999793], [141.20500000002363, -3.714999999999793], [141.20500000002363, -3.704999999999793], [141.21500000002365, -3.704999999999793], [141.21500000002365, -3.6949999999997933], [141.22500000002367, -3.6949999999997933], [141.22500000002367, -3.6849999999997936], [141.23500000002366, -3.6849999999997936], [141.23500000002366, -3.6749999999997938], [141.25500000002367, -3.6749999999997938], [141.25500000002367, -3.664999999999794], [141.3050000000237, -3.664999999999794], [141.3050000000237, -3.654999999999794], [141.3250000000237, -3.654999999999794], [141.3250000000237, -3.664999999999794], [141.3350000000237, -3.664999999999794], [141.3350000000237, -3.6949999999997933], [141.34500000002373, -3.6949999999997933], [141.34500000002373, -3.7249999999997927], [141.35500000002372, -3.7249999999997927], [141.35500000002372, -3.764999999999792]]], [[[141.44500000002375, -3.9349999999997882], [141.44500000002375, -3.954999999999788], [141.41500000002375, -3.954999999999788], [141.41500000002375, -3.944999999999788], [141.38500000002375, -3.944999999999788], [141.38500000002375, -3.9349999999997882], [141.3650000000237, -3.9349999999997882], [141.3650000000237, -3.9249999999997884], [141.34500000002373, -3.9249999999997884], [141.34500000002373, -3.9149999999997886], [141.35500000002372, -3.9149999999997886], [141.35500000002372, -3.904999999999789], [141.3650000000237, -3.904999999999789], [141.3650000000237, -3.894999999999789], [141.38500000002375, -3.894999999999789], [141.38500000002375, -3.8849999999997893], [141.40500000002373, -3.8849999999997893], [141.40500000002373, -3.8749999999997895], [141.43500000002376, -3.8749999999997895], [141.43500000002376, -3.8649999999997897], [141.47500000002378, -3.8649999999997897], [141.47500000002378, -3.8749999999997895], [141.4650000000238, -3.8749999999997895], [141.4650000000238, -3.904999999999789], [141.45500000002377, -3.904999999999789], [141.45500000002377, -3.9349999999997882], [141.44500000002375, -3.9349999999997882]]], [[[139.82500000002295, -3.3849999999998], [139.84500000002294, -3.3849999999998], [139.84500000002294, -3.3949999999997997], [139.86500000002297, -3.3949999999997997], [139.86500000002297, -3.4049999999997995], [139.87500000002296, -3.4049999999997995], [139.87500000002296, -3.4149999999997993], [139.88500000002296, -3.4149999999997993], [139.88500000002296, -3.424999999999799], [139.89500000002297, -3.424999999999799], [139.89500000002297, -3.434999999999799], [139.905000000023, -3.434999999999799], [139.905000000023, -3.4549999999997985], [139.91500000002299, -3.4549999999997985], [139.91500000002299, -3.4649999999997982], [139.92500000002298, -3.4649999999997982], [139.92500000002298, -3.4949999999997976], [139.935000000023, -3.4949999999997976], [139.935000000023, -3.514999999999797], [139.92500000002298, -3.514999999999797], [139.92500000002298, -3.5349999999997967], [139.91500000002299, -3.5349999999997967], [139.91500000002299, -3.564999999999796], [139.905000000023, -3.564999999999796], [139.905000000023, -3.5849999999997957], [139.89500000002297, -3.5849999999997957], [139.89500000002297, -3.6049999999997953], [139.88500000002296, -3.6049999999997953], [139.88500000002296, -3.614999999999795], [139.87500000002296, -3.614999999999795], [139.87500000002296, -3.6349999999997946], [139.86500000002297, -3.6349999999997946], [139.86500000002297, -3.6449999999997944], [139.85500000002295, -3.6449999999997944], [139.85500000002295, -3.664999999999794], [139.84500000002294, -3.664999999999794], [139.84500000002294, -3.6749999999997938], [139.83500000002294, -3.6749999999997938], [139.83500000002294, -3.6849999999997936], [139.82500000002295, -3.6849999999997936], [139.82500000002295, -3.704999999999793], [139.81500000002293, -3.704999999999793], [139.81500000002293, -3.714999999999793], [139.80500000002291, -3.714999999999793], [139.80500000002291, -3.7249999999997927], [139.79500000002292, -3.7249999999997927], [139.79500000002292, -3.7349999999997925], [139.7750000000229, -3.7349999999997925], [139.7750000000229, -3.7449999999997923], [139.7650000000229, -3.7449999999997923], [139.7650000000229, -3.754999999999792], [139.7450000000229, -3.754999999999792], [139.7450000000229, -3.764999999999792], [139.66500000002287, -3.764999999999792], [139.66500000002287, -3.7349999999997925], [139.65500000002285, -3.7349999999997925], [139.65500000002285, -3.714999999999793], [139.64500000002283, -3.714999999999793], [139.64500000002283, -3.704999999999793], [139.63500000002284, -3.704999999999793], [139.63500000002284, -3.6949999999997933], [139.62500000002285, -3.6949999999997933], [139.62500000002285, -3.6849999999997936], [139.61500000002283, -3.6849999999997936], [139.61500000002283, -3.6749999999997938], [139.6050000000228, -3.6749999999997938], [139.6050000000228, -3.664999999999794], [139.58500000002283, -3.664999999999794], [139.58500000002283, -3.654999999999794], [139.5650000000228, -3.654999999999794], [139.5650000000228, -3.6449999999997944], [139.5450000000228, -3.6449999999997944], [139.5450000000228, -3.6349999999997946], [139.52500000002277, -3.6349999999997946], [139.52500000002277, -3.624999999999795], [139.49500000002277, -3.624999999999795], [139.49500000002277, -3.614999999999795], [139.48500000002275, -3.614999999999795], [139.48500000002275, -3.6049999999997953], [139.46500000002277, -3.6049999999997953], [139.46500000002277, -3.5949999999997955], [139.45500000002275, -3.5949999999997955], [139.45500000002275, -3.5849999999997957], [139.44500000002273, -3.5849999999997957], [139.44500000002273, -3.574999999999796], [139.43500000002274, -3.574999999999796], [139.43500000002274, -3.5549999999997963], [139.42500000002275, -3.5549999999997963], [139.42500000002275, -3.5349999999997967], [139.41500000002273, -3.5349999999997967], [139.41500000002273, -3.514999999999797], [139.4050000000227, -3.514999999999797], [139.4050000000227, -3.484999999999798], [139.41500000002273, -3.484999999999798], [139.41500000002273, -3.4649999999997982], [139.42500000002275, -3.4649999999997982], [139.42500000002275, -3.434999999999799], [139.43500000002274, -3.434999999999799], [139.43500000002274, -3.4149999999997993], [139.44500000002273, -3.4149999999997993], [139.44500000002273, -3.3949999999997997], [139.45500000002275, -3.3949999999997997], [139.45500000002275, -3.3849999999998], [139.46500000002277, -3.3849999999998], [139.46500000002277, -3.3649999999998004], [139.47500000002276, -3.3649999999998004], [139.47500000002276, -3.3549999999998006], [139.48500000002275, -3.3549999999998006], [139.48500000002275, -3.344999999999801], [139.63500000002284, -3.344999999999801], [139.63500000002284, -3.3549999999998006], [139.7650000000229, -3.3549999999998006], [139.7650000000229, -3.3649999999998004], [139.79500000002292, -3.3649999999998004], [139.79500000002292, -3.3749999999998], [139.82500000002295, -3.3749999999998], [139.82500000002295, -3.3849999999998]]], [[[140.3050000000232, -3.4649999999997982], [140.3150000000232, -3.4649999999997982], [140.3150000000232, -3.474999999999798], [140.32500000002318, -3.474999999999798], [140.32500000002318, -3.484999999999798], [140.3350000000232, -3.484999999999798], [140.3350000000232, -3.4949999999997976], [140.34500000002322, -3.4949999999997976], [140.34500000002322, -3.524999999999797], [140.3350000000232, -3.524999999999797], [140.3350000000232, -3.564999999999796], [140.32500000002318, -3.564999999999796], [140.32500000002318, -3.6049999999997953], [140.3150000000232, -3.6049999999997953], [140.3150000000232, -3.6349999999997946], [140.3050000000232, -3.6349999999997946], [140.3050000000232, -3.664999999999794], [140.23500000002315, -3.664999999999794], [140.23500000002315, -3.6749999999997938], [140.21500000002314, -3.6749999999997938], [140.21500000002314, -3.6849999999997936], [140.20500000002312, -3.6849999999997936], [140.20500000002312, -3.6749999999997938], [140.19500000002313, -3.6749999999997938], [140.19500000002313, -3.664999999999794], [140.18500000002314, -3.664999999999794], [140.18500000002314, -3.6449999999997944], [140.17500000002312, -3.6449999999997944], [140.17500000002312, -3.624999999999795], [140.1650000000231, -3.624999999999795], [140.1650000000231, -3.6049999999997953], [140.1550000000231, -3.6049999999997953], [140.1550000000231, -3.5849999999997957], [140.14500000002312, -3.5849999999997957], [140.14500000002312, -3.564999999999796], [140.1350000000231, -3.564999999999796], [140.1350000000231, -3.5449999999997965], [140.12500000002308, -3.5449999999997965], [140.12500000002308, -3.524999999999797], [140.1150000000231, -3.524999999999797], [140.1150000000231, -3.484999999999798], [140.12500000002308, -3.484999999999798], [140.12500000002308, -3.474999999999798], [140.14500000002312, -3.474999999999798], [140.14500000002312, -3.4649999999997982], [140.1550000000231, -3.4649999999997982], [140.1550000000231, -3.4549999999997985], [140.17500000002312, -3.4549999999997985], [140.17500000002312, -3.4449999999997987], [140.19500000002313, -3.4449999999997987], [140.19500000002313, -3.434999999999799], [140.22500000002316, -3.434999999999799], [140.22500000002316, -3.424999999999799], [140.26500000002318, -3.424999999999799], [140.26500000002318, -3.434999999999799], [140.27500000002317, -3.434999999999799], [140.27500000002317, -3.4449999999997987], [140.29500000002318, -3.4449999999997987], [140.29500000002318, -3.4549999999997985], [140.3050000000232, -3.4549999999997985], [140.3050000000232, -3.4649999999997982]]], [[[135.26500000002062, -3.524999999999797], [135.26500000002062, -3.5349999999997967], [135.2750000000206, -3.5349999999997967], [135.2750000000206, -3.5449999999997965], [135.2850000000206, -3.5449999999997965], [135.2850000000206, -3.5549999999997963], [135.2750000000206, -3.5549999999997963], [135.2750000000206, -3.564999999999796], [135.2550000000206, -3.564999999999796], [135.2550000000206, -3.5549999999997963], [135.24500000002058, -3.5549999999997963], [135.24500000002058, -3.5449999999997965], [135.2350000000206, -3.5449999999997965], [135.2350000000206, -3.5349999999997967], [135.2250000000206, -3.5349999999997967], [135.2250000000206, -3.484999999999798], [135.2350000000206, -3.484999999999798], [135.2350000000206, -3.474999999999798], [135.2750000000206, -3.474999999999798], [135.2750000000206, -3.484999999999798], [135.26500000002062, -3.484999999999798], [135.26500000002062, -3.4949999999997976], [135.2550000000206, -3.4949999999997976], [135.2550000000206, -3.524999999999797], [135.26500000002062, -3.524999999999797]]], [[[140.06500000002308, -3.294999999999802], [140.08500000002306, -3.294999999999802], [140.08500000002306, -3.3049999999998017], [140.1150000000231, -3.3049999999998017], [140.1150000000231, -3.3149999999998014], [140.1350000000231, -3.3149999999998014], [140.1350000000231, -3.3249999999998012], [140.1050000000231, -3.3249999999998012], [140.1050000000231, -3.334999999999801], [140.07500000002307, -3.334999999999801], [140.07500000002307, -3.344999999999801], [140.04500000002304, -3.344999999999801], [140.04500000002304, -3.3549999999998006], [139.97500000002302, -3.3549999999998006], [139.97500000002302, -3.344999999999801], [139.965000000023, -3.344999999999801], [139.965000000023, -3.334999999999801], [139.94500000002301, -3.334999999999801], [139.94500000002301, -3.3249999999998012], [139.92500000002298, -3.3249999999998012], [139.92500000002298, -3.3149999999998014], [139.91500000002299, -3.3149999999998014], [139.91500000002299, -3.3049999999998017], [139.905000000023, -3.3049999999998017], [139.905000000023, -3.294999999999802], [139.89500000002297, -3.294999999999802], [139.89500000002297, -3.284999999999802], [139.88500000002296, -3.284999999999802], [139.88500000002296, -3.2749999999998023], [139.89500000002297, -3.2749999999998023], [139.89500000002297, -3.2649999999998025], [139.97500000002302, -3.2649999999998025], [139.97500000002302, -3.2549999999998027], [140.00500000002302, -3.2549999999998027], [140.00500000002302, -3.2649999999998025], [140.02500000002306, -3.2649999999998025], [140.02500000002306, -3.2749999999998023], [140.04500000002304, -3.2749999999998023], [140.04500000002304, -3.284999999999802], [140.06500000002308, -3.284999999999802], [140.06500000002308, -3.294999999999802]]], [[[136.12500000002103, -2.9949999999998083], [136.11500000002104, -2.9949999999998083], [136.11500000002104, -3.014999999999808], [136.10500000002105, -3.014999999999808], [136.10500000002105, -2.8949999999998104], [136.11500000002104, -2.8949999999998104], [136.11500000002104, -2.8849999999998106], [136.15500000002106, -2.8849999999998106], [136.15500000002106, -2.90499999999981], [136.14500000002107, -2.90499999999981], [136.14500000002107, -2.9349999999998095], [136.13500000002105, -2.9349999999998095], [136.13500000002105, -2.964999999999809], [136.12500000002103, -2.964999999999809], [136.12500000002103, -2.9949999999998083]]], [[[136.07500000002102, -2.7149999999998142], [136.07500000002102, -2.724999999999814], [136.085000000021, -2.724999999999814], [136.085000000021, -2.734999999999814], [136.09500000002103, -2.734999999999814], [136.09500000002103, -2.7549999999998134], [136.10500000002105, -2.7549999999998134], [136.10500000002105, -2.874999999999811], [136.09500000002103, -2.874999999999811], [136.09500000002103, -2.8849999999998106], [136.00500000002097, -2.8849999999998106], [136.00500000002097, -2.874999999999811], [135.99500000002098, -2.874999999999811], [135.99500000002098, -2.864999999999811], [135.985000000021, -2.864999999999811], [135.985000000021, -2.8449999999998115], [135.97500000002097, -2.8449999999998115], [135.97500000002097, -2.824999999999812], [135.96500000002095, -2.824999999999812], [135.96500000002095, -2.7949999999998125], [135.95500000002096, -2.7949999999998125], [135.95500000002096, -2.774999999999813], [135.94500000002097, -2.774999999999813], [135.94500000002097, -2.7449999999998136], [135.95500000002096, -2.7449999999998136], [135.95500000002096, -2.724999999999814], [135.96500000002095, -2.724999999999814], [135.96500000002095, -2.7149999999998142], [135.97500000002097, -2.7149999999998142], [135.97500000002097, -2.7049999999998144], [135.985000000021, -2.7049999999998144], [135.985000000021, -2.6949999999998147], [135.99500000002098, -2.6949999999998147], [135.99500000002098, -2.684999999999815], [136.015000000021, -2.684999999999815], [136.015000000021, -2.6949999999998147], [136.035000000021, -2.6949999999998147], [136.035000000021, -2.7049999999998144], [136.055000000021, -2.7049999999998144], [136.055000000021, -2.7149999999998142], [136.07500000002102, -2.7149999999998142]]], [[[135.32500000002062, -2.734999999999814], [135.33500000002064, -2.734999999999814], [135.33500000002064, -2.7449999999998136], [135.34500000002066, -2.7449999999998136], [135.34500000002066, -2.764999999999813], [135.33500000002064, -2.764999999999813], [135.33500000002064, -2.774999999999813], [135.32500000002062, -2.774999999999813], [135.32500000002062, -2.7849999999998127], [135.31500000002063, -2.7849999999998127], [135.31500000002063, -2.7949999999998125], [135.30500000002064, -2.7949999999998125], [135.30500000002064, -2.8049999999998123], [135.29500000002062, -2.8049999999998123], [135.29500000002062, -2.814999999999812], [135.2850000000206, -2.814999999999812], [135.2850000000206, -2.824999999999812], [135.26500000002062, -2.824999999999812], [135.26500000002062, -2.8349999999998117], [135.15500000002055, -2.8349999999998117], [135.15500000002055, -2.824999999999812], [135.11500000002053, -2.824999999999812], [135.11500000002053, -2.814999999999812], [135.09500000002052, -2.814999999999812], [135.09500000002052, -2.8049999999998123], [135.0850000000205, -2.8049999999998123], [135.0850000000205, -2.7949999999998125], [135.0750000000205, -2.7949999999998125], [135.0750000000205, -2.7849999999998127], [135.06500000002052, -2.7849999999998127], [135.06500000002052, -2.764999999999813], [135.0550000000205, -2.764999999999813], [135.0550000000205, -2.7549999999998134], [135.06500000002052, -2.7549999999998134], [135.06500000002052, -2.7449999999998136], [135.0750000000205, -2.7449999999998136], [135.0750000000205, -2.734999999999814], [135.09500000002052, -2.734999999999814], [135.09500000002052, -2.724999999999814], [135.12500000002052, -2.724999999999814], [135.12500000002052, -2.7149999999998142], [135.16500000002054, -2.7149999999998142], [135.16500000002054, -2.7049999999998144], [135.21500000002058, -2.7049999999998144], [135.21500000002058, -2.6949999999998147], [135.26500000002062, -2.6949999999998147], [135.26500000002062, -2.7049999999998144], [135.2850000000206, -2.7049999999998144], [135.2850000000206, -2.7149999999998142], [135.30500000002064, -2.7149999999998142], [135.30500000002064, -2.724999999999814], [135.32500000002062, -2.724999999999814], [135.32500000002062, -2.734999999999814]]], [[[139.905000000023, -2.4649999999998196], [139.92500000002298, -2.4649999999998196], [139.92500000002298, -2.4549999999998198], [139.965000000023, -2.4549999999998198], [139.965000000023, -2.4749999999998193], [139.935000000023, -2.4749999999998193], [139.935000000023, -2.484999999999819], [139.89500000002297, -2.484999999999819], [139.89500000002297, -2.4749999999998193], [139.905000000023, -2.4749999999998193], [139.905000000023, -2.4649999999998196]]], [[[139.72500000002287, -2.394999999999821], [139.72500000002287, -2.3849999999998213], [139.7750000000229, -2.3849999999998213], [139.7750000000229, -2.394999999999821], [139.80500000002291, -2.394999999999821], [139.80500000002291, -2.404999999999821], [139.7450000000229, -2.404999999999821], [139.7450000000229, -2.394999999999821], [139.72500000002287, -2.394999999999821]]], [[[139.7050000000229, -2.3749999999998215], [139.72500000002287, -2.3749999999998215], [139.72500000002287, -2.3849999999998213], [139.7050000000229, -2.3849999999998213], [139.7050000000229, -2.3749999999998215]]], [[[140.85500000002347, -2.2249999999998247], [140.87500000002348, -2.2249999999998247], [140.87500000002348, -2.2349999999998245], [140.8950000000235, -2.2349999999998245], [140.8950000000235, -2.2449999999998242], [140.9050000000235, -2.2449999999998242], [140.9050000000235, -2.254999999999824], [140.8950000000235, -2.254999999999824], [140.8950000000235, -2.264999999999824], [140.88500000002347, -2.264999999999824], [140.88500000002347, -2.2749999999998236], [140.86500000002349, -2.2749999999998236], [140.86500000002349, -2.2849999999998234], [140.85500000002347, -2.2849999999998234], [140.85500000002347, -2.294999999999823], [140.84500000002345, -2.294999999999823], [140.84500000002345, -2.304999999999823], [140.83500000002346, -2.304999999999823], [140.83500000002346, -2.3249999999998225], [140.82500000002346, -2.3249999999998225], [140.82500000002346, -2.3349999999998223], [140.81500000002345, -2.3349999999998223], [140.81500000002345, -2.354999999999822], [140.80500000002343, -2.354999999999822], [140.80500000002343, -2.3849999999998213], [140.79500000002344, -2.3849999999998213], [140.79500000002344, -2.4149999999998206], [140.78500000002344, -2.4149999999998206], [140.78500000002344, -2.4549999999998198], [140.77500000002343, -2.4549999999998198], [140.77500000002343, -2.494999999999819], [140.75500000002341, -2.494999999999819], [140.75500000002341, -2.484999999999819], [140.74500000002342, -2.484999999999819], [140.74500000002342, -2.4649999999998196], [140.7350000000234, -2.4649999999998196], [140.7350000000234, -2.44499999999982], [140.72500000002339, -2.44499999999982], [140.72500000002339, -2.4249999999998204], [140.7150000000234, -2.4249999999998204], [140.7150000000234, -2.404999999999821], [140.7050000000234, -2.404999999999821], [140.7050000000234, -2.354999999999822], [140.69500000002338, -2.354999999999822], [140.69500000002338, -2.304999999999823], [140.68500000002336, -2.304999999999823], [140.68500000002336, -2.2349999999998245], [140.69500000002338, -2.2349999999998245], [140.69500000002338, -2.214999999999825], [140.7050000000234, -2.214999999999825], [140.7050000000234, -2.204999999999825], [140.72500000002339, -2.204999999999825], [140.72500000002339, -2.1949999999998253], [140.7350000000234, -2.1949999999998253], [140.7350000000234, -2.1849999999998255], [140.77500000002343, -2.1849999999998255], [140.77500000002343, -2.1949999999998253], [140.80500000002343, -2.1949999999998253], [140.80500000002343, -2.204999999999825], [140.83500000002346, -2.204999999999825], [140.83500000002346, -2.214999999999825], [140.85500000002347, -2.214999999999825], [140.85500000002347, -2.2249999999998247]]], [[[139.44500000002273, -2.124999999999827], [139.44500000002273, -2.1449999999998264], [139.45500000002275, -2.1449999999998264], [139.45500000002275, -2.164999999999826], [139.46500000002277, -2.164999999999826], [139.46500000002277, -2.1849999999998255], [139.42500000002275, -2.1849999999998255], [139.42500000002275, -2.1749999999998257], [139.38500000002273, -2.1749999999998257], [139.38500000002273, -2.164999999999826], [139.3550000000227, -2.164999999999826], [139.3550000000227, -2.154999999999826], [139.3050000000227, -2.154999999999826], [139.3050000000227, -2.1449999999998264], [139.26500000002267, -2.1449999999998264], [139.26500000002267, -2.1349999999998266], [139.27500000002266, -2.1349999999998266], [139.27500000002266, -2.124999999999827], [139.29500000002267, -2.124999999999827], [139.29500000002267, -2.114999999999827], [139.3050000000227, -2.114999999999827], [139.3050000000227, -2.0949999999998274], [139.3550000000227, -2.0949999999998274], [139.3550000000227, -2.1049999999998272], [139.42500000002275, -2.1049999999998272], [139.42500000002275, -2.114999999999827], [139.43500000002274, -2.114999999999827], [139.43500000002274, -2.124999999999827], [139.44500000002273, -2.124999999999827]]], [[[139.7350000000229, -2.0449999999998285], [139.71500000002288, -2.0449999999998285], [139.71500000002288, -2.0349999999998287], [139.7050000000229, -2.0349999999998287], [139.7050000000229, -2.024999999999829], [139.68500000002285, -2.024999999999829], [139.68500000002285, -2.014999999999829], [139.65500000002285, -2.014999999999829], [139.65500000002285, -2.0049999999998294], [139.62500000002285, -2.0049999999998294], [139.62500000002285, -1.9949999999998296], [139.6050000000228, -1.9949999999998296], [139.6050000000228, -1.9849999999998298], [139.7550000000229, -1.9849999999998298], [139.7550000000229, -1.9949999999998296], [139.7650000000229, -1.9949999999998296], [139.7650000000229, -2.024999999999829], [139.7550000000229, -2.024999999999829], [139.7550000000229, -2.0549999999998283], [139.7350000000229, -2.0549999999998283], [139.7350000000229, -2.0449999999998285]]], [[[135.18500000002058, -1.97499999999983], [135.19500000002057, -1.97499999999983], [135.19500000002057, -1.9849999999998298], [135.21500000002058, -1.9849999999998298], [135.21500000002058, -1.9949999999998296], [135.2350000000206, -1.9949999999998296], [135.2350000000206, -2.0049999999998294], [135.24500000002058, -2.0049999999998294], [135.24500000002058, -2.014999999999829], [135.26500000002062, -2.014999999999829], [135.26500000002062, -2.024999999999829], [135.2850000000206, -2.024999999999829], [135.2850000000206, -2.0349999999998287], [135.29500000002062, -2.0349999999998287], [135.29500000002062, -2.0449999999998285], [135.31500000002063, -2.0449999999998285], [135.31500000002063, -2.0549999999998283], [135.33500000002064, -2.0549999999998283], [135.33500000002064, -2.064999999999828], [135.31500000002063, -2.064999999999828], [135.31500000002063, -2.074999999999828], [135.15500000002055, -2.074999999999828], [135.15500000002055, -2.064999999999828], [135.14500000002056, -2.064999999999828], [135.14500000002056, -2.0449999999998285], [135.13500000002054, -2.0449999999998285], [135.13500000002054, -2.0349999999998287], [135.12500000002052, -2.0349999999998287], [135.12500000002052, -2.0049999999998294], [135.11500000002053, -2.0049999999998294], [135.11500000002053, -1.9349999999998309], [135.13500000002054, -1.9349999999998309], [135.13500000002054, -1.9449999999998306], [135.14500000002056, -1.9449999999998306], [135.14500000002056, -1.9549999999998304], [135.16500000002054, -1.9549999999998304], [135.16500000002054, -1.9649999999998302], [135.18500000002058, -1.9649999999998302], [135.18500000002058, -1.97499999999983]]], [[[139.7750000000229, -1.6749999999998364], [139.7750000000229, -1.7249999999998353], [139.78500000002293, -1.7249999999998353], [139.78500000002293, -1.7549999999998347], [139.7750000000229, -1.7549999999998347], [139.7750000000229, -1.7649999999998345], [139.7550000000229, -1.7649999999998345], [139.7550000000229, -1.7749999999998343], [139.72500000002287, -1.7749999999998343], [139.72500000002287, -1.7649999999998345], [139.69500000002287, -1.7649999999998345], [139.69500000002287, -1.7549999999998347], [139.67500000002286, -1.7549999999998347], [139.67500000002286, -1.7149999999998355], [139.68500000002285, -1.7149999999998355], [139.68500000002285, -1.6849999999998362], [139.69500000002287, -1.6849999999998362], [139.69500000002287, -1.6549999999998368], [139.7050000000229, -1.6549999999998368], [139.7050000000229, -1.6349999999998373], [139.71500000002288, -1.6349999999998373], [139.71500000002288, -1.6249999999998375], [139.72500000002287, -1.6249999999998375], [139.72500000002287, -1.604999999999838], [139.7350000000229, -1.604999999999838], [139.7350000000229, -1.594999999999838], [139.7450000000229, -1.594999999999838], [139.7450000000229, -1.604999999999838], [139.7550000000229, -1.604999999999838], [139.7550000000229, -1.6349999999998373], [139.7650000000229, -1.6349999999998373], [139.7650000000229, -1.6749999999998364], [139.7750000000229, -1.6749999999998364]]], [[[137.83500000002192, -1.5349999999998394], [137.8450000000219, -1.5349999999998394], [137.8450000000219, -1.5449999999998392], [137.86500000002195, -1.5449999999998392], [137.86500000002195, -1.554999999999839], [137.88500000002193, -1.554999999999839], [137.88500000002193, -1.5649999999998387], [137.90500000002197, -1.5649999999998387], [137.90500000002197, -1.5749999999998385], [137.92500000002195, -1.5749999999998385], [137.92500000002195, -1.5849999999998383], [137.95500000002198, -1.5849999999998383], [137.95500000002198, -1.594999999999838], [137.995000000022, -1.594999999999838], [137.995000000022, -1.604999999999838], [138.11500000002206, -1.604999999999838], [138.11500000002206, -1.6149999999998377], [137.985000000022, -1.6149999999998377], [137.985000000022, -1.604999999999838], [137.945000000022, -1.604999999999838], [137.945000000022, -1.594999999999838], [137.91500000002196, -1.594999999999838], [137.91500000002196, -1.5849999999998383], [137.88500000002193, -1.5849999999998383], [137.88500000002193, -1.5749999999998385], [137.85500000002193, -1.5749999999998385], [137.85500000002193, -1.5649999999998387], [137.83500000002192, -1.5649999999998387], [137.83500000002192, -1.554999999999839], [137.8150000000219, -1.554999999999839], [137.8150000000219, -1.5449999999998392], [137.7950000000219, -1.5449999999998392], [137.7950000000219, -1.5349999999998394], [137.7750000000219, -1.5349999999998394], [137.7750000000219, -1.5149999999998398], [137.7850000000219, -1.5149999999998398], [137.7850000000219, -1.4849999999998404], [137.7950000000219, -1.4849999999998404], [137.7950000000219, -1.50499999999984], [137.8050000000219, -1.50499999999984], [137.8050000000219, -1.5149999999998398], [137.8150000000219, -1.5149999999998398], [137.8150000000219, -1.5249999999998396], [137.83500000002192, -1.5249999999998396], [137.83500000002192, -1.5349999999998394]]], [[[138.72500000002236, -1.3349999999998436], [138.73500000002238, -1.3349999999998436], [138.73500000002238, -1.364999999999843], [138.7450000000224, -1.364999999999843], [138.7450000000224, -1.3849999999998426], [138.7550000000224, -1.3849999999998426], [138.7550000000224, -1.3949999999998424], [138.7750000000224, -1.3949999999998424], [138.7750000000224, -1.4049999999998422], [138.78500000002242, -1.4049999999998422], [138.78500000002242, -1.414999999999842], [138.81500000002242, -1.414999999999842], [138.81500000002242, -1.4249999999998417], [138.84500000002242, -1.4249999999998417], [138.84500000002242, -1.4349999999998415], [138.86500000002246, -1.4349999999998415], [138.86500000002246, -1.3449999999998434], [138.88500000002244, -1.3449999999998434], [138.88500000002244, -1.3549999999998432], [139.0050000000225, -1.3549999999998432], [139.0050000000225, -1.364999999999843], [139.01500000002252, -1.364999999999843], [139.01500000002252, -1.3749999999998428], [139.03500000002254, -1.3749999999998428], [139.03500000002254, -1.3949999999998424], [139.04500000002253, -1.3949999999998424], [139.04500000002253, -1.4049999999998422], [139.05500000002255, -1.4049999999998422], [139.05500000002255, -1.414999999999842], [139.06500000002256, -1.414999999999842], [139.06500000002256, -1.4349999999998415], [139.07500000002256, -1.4349999999998415], [139.07500000002256, -1.454999999999841], [139.08500000002255, -1.454999999999841], [139.08500000002255, -1.4849999999998404], [139.09500000002257, -1.4849999999998404], [139.09500000002257, -1.5149999999998398], [139.10500000002259, -1.5149999999998398], [139.10500000002259, -1.5349999999998394], [139.11500000002258, -1.5349999999998394], [139.11500000002258, -1.554999999999839], [139.12500000002257, -1.554999999999839], [139.12500000002257, -1.5749999999998385], [139.1350000000226, -1.5749999999998385], [139.1350000000226, -1.5849999999998383], [139.1450000000226, -1.5849999999998383], [139.1450000000226, -1.604999999999838], [139.1550000000226, -1.604999999999838], [139.1550000000226, -1.6149999999998377], [139.1650000000226, -1.6149999999998377], [139.1650000000226, -1.6249999999998375], [139.1750000000226, -1.6249999999998375], [139.1750000000226, -1.6349999999998373], [139.18500000002263, -1.6349999999998373], [139.18500000002263, -1.644999999999837], [139.2050000000226, -1.644999999999837], [139.2050000000226, -1.6549999999998368], [139.21500000002263, -1.6549999999998368], [139.21500000002263, -1.6649999999998366], [139.22500000002265, -1.6649999999998366], [139.22500000002265, -1.6749999999998364], [139.24500000002263, -1.6749999999998364], [139.24500000002263, -1.6849999999998362], [139.27500000002266, -1.6849999999998362], [139.27500000002266, -1.694999999999836], [139.29500000002267, -1.694999999999836], [139.29500000002267, -1.7049999999998358], [139.3050000000227, -1.7049999999998358], [139.3050000000227, -1.7149999999998355], [139.32500000002267, -1.7149999999998355], [139.32500000002267, -1.7249999999998353], [139.3350000000227, -1.7249999999998353], [139.3350000000227, -1.7349999999998351], [139.3450000000227, -1.7349999999998351], [139.3450000000227, -1.744999999999835], [139.3550000000227, -1.744999999999835], [139.3550000000227, -1.7549999999998347], [139.3450000000227, -1.7549999999998347], [139.3450000000227, -1.7649999999998345], [139.3350000000227, -1.7649999999998345], [139.3350000000227, -1.7749999999998343], [139.31500000002268, -1.7749999999998343], [139.31500000002268, -1.784999999999834], [139.29500000002267, -1.784999999999834], [139.29500000002267, -1.7949999999998338], [139.27500000002266, -1.7949999999998338], [139.27500000002266, -1.8049999999998336], [139.24500000002263, -1.8049999999998336], [139.24500000002263, -1.8149999999998334], [139.19500000002262, -1.8149999999998334], [139.19500000002262, -1.8249999999998332], [139.12500000002257, -1.8249999999998332], [139.12500000002257, -1.834999999999833], [139.04500000002253, -1.834999999999833], [139.04500000002253, -1.8249999999998332], [139.02500000002254, -1.8249999999998332], [139.02500000002254, -1.8149999999998334], [138.99500000002251, -1.8149999999998334], [138.99500000002251, -1.8049999999998336], [138.9550000000225, -1.8049999999998336], [138.9550000000225, -1.7949999999998338], [138.93500000002248, -1.7949999999998338], [138.93500000002248, -1.784999999999834], [138.92500000002246, -1.784999999999834], [138.92500000002246, -1.7749999999998343], [138.90500000002248, -1.7749999999998343], [138.90500000002248, -1.7549999999998347], [138.89500000002246, -1.7549999999998347], [138.89500000002246, -1.7249999999998353], [138.88500000002244, -1.7249999999998353], [138.88500000002244, -1.6849999999998362], [138.87500000002245, -1.6849999999998362], [138.87500000002245, -1.6549999999998368], [138.86500000002246, -1.6549999999998368], [138.86500000002246, -1.6349999999998373], [138.85500000002244, -1.6349999999998373], [138.85500000002244, -1.6149999999998377], [138.84500000002242, -1.6149999999998377], [138.84500000002242, -1.594999999999838], [138.83500000002243, -1.594999999999838], [138.83500000002243, -1.5849999999998383], [138.82500000002244, -1.5849999999998383], [138.82500000002244, -1.5749999999998385], [138.81500000002242, -1.5749999999998385], [138.81500000002242, -1.5649999999998387], [138.8050000000224, -1.5649999999998387], [138.8050000000224, -1.554999999999839], [138.7950000000224, -1.554999999999839], [138.7950000000224, -1.5449999999998392], [138.78500000002242, -1.5449999999998392], [138.78500000002242, -1.5349999999998394], [138.76500000002238, -1.5349999999998394], [138.76500000002238, -1.5249999999998396], [138.73500000002238, -1.5249999999998396], [138.73500000002238, -1.5349999999998394], [138.72500000002236, -1.5349999999998394], [138.72500000002236, -1.5449999999998392], [138.70500000002238, -1.5449999999998392], [138.70500000002238, -1.554999999999839], [138.64500000002232, -1.554999999999839], [138.64500000002232, -1.5449999999998392], [138.50500000002228, -1.5449999999998392], [138.50500000002228, -1.5349999999998394], [138.48500000002224, -1.5349999999998394], [138.48500000002224, -1.5249999999998396], [138.47500000002225, -1.5249999999998396], [138.47500000002225, -1.5149999999998398], [138.46500000002226, -1.5149999999998398], [138.46500000002226, -1.50499999999984], [138.45500000002224, -1.50499999999984], [138.45500000002224, -1.4949999999998402], [138.44500000002222, -1.4949999999998402], [138.44500000002222, -1.4649999999998409], [138.43500000002223, -1.4649999999998409], [138.43500000002223, -1.454999999999841], [138.42500000002224, -1.454999999999841], [138.42500000002224, -1.4349999999998415], [138.41500000002222, -1.4349999999998415], [138.41500000002222, -1.4249999999998417], [138.4050000000222, -1.4249999999998417], [138.4050000000222, -1.4049999999998422], [138.3950000000222, -1.4049999999998422], [138.3950000000222, -1.3949999999998424], [138.38500000002222, -1.3949999999998424], [138.38500000002222, -1.3249999999998439], [138.3950000000222, -1.3249999999998439], [138.3950000000222, -1.2849999999998447], [138.4050000000222, -1.2849999999998447], [138.4050000000222, -1.2349999999998458], [138.41500000002222, -1.2349999999998458], [138.41500000002222, -1.224999999999846], [138.53500000002228, -1.224999999999846], [138.53500000002228, -1.2349999999998458], [138.6050000000223, -1.2349999999998458], [138.6050000000223, -1.2449999999998456], [138.71500000002237, -1.2449999999998456], [138.71500000002237, -1.2949999999998445], [138.72500000002236, -1.2949999999998445], [138.72500000002236, -1.3349999999998436]]], [[[136.5950000000213, -1.2649999999998451], [136.60500000002128, -1.2649999999998451], [136.60500000002128, -1.274999999999845], [136.62500000002132, -1.274999999999845], [136.62500000002132, -1.2849999999998447], [136.6450000000213, -1.2849999999998447], [136.6450000000213, -1.2949999999998445], [136.65500000002132, -1.2949999999998445], [136.65500000002132, -1.5149999999998398], [136.6450000000213, -1.5149999999998398], [136.6450000000213, -1.554999999999839], [136.6350000000213, -1.554999999999839], [136.6350000000213, -1.5749999999998385], [136.62500000002132, -1.5749999999998385], [136.62500000002132, -1.604999999999838], [136.6150000000213, -1.604999999999838], [136.6150000000213, -1.6249999999998375], [136.60500000002128, -1.6249999999998375], [136.60500000002128, -1.644999999999837], [136.5950000000213, -1.644999999999837], [136.5950000000213, -1.6649999999998366], [136.5850000000213, -1.6649999999998366], [136.5850000000213, -1.6749999999998364], [136.57500000002128, -1.6749999999998364], [136.57500000002128, -1.694999999999836], [136.56500000002126, -1.694999999999836], [136.56500000002126, -1.7049999999998358], [136.55500000002127, -1.7049999999998358], [136.55500000002127, -1.7149999999998355], [136.54500000002128, -1.7149999999998355], [136.54500000002128, -1.7049999999998358], [136.53500000002126, -1.7049999999998358], [136.53500000002126, -1.694999999999836], [136.52500000002124, -1.694999999999836], [136.52500000002124, -1.6749999999998364], [136.51500000002125, -1.6749999999998364], [136.51500000002125, -1.6649999999998366], [136.50500000002125, -1.6649999999998366], [136.50500000002125, -1.6549999999998368], [136.49500000002124, -1.6549999999998368], [136.49500000002124, -1.644999999999837], [136.48500000002122, -1.644999999999837], [136.48500000002122, -1.6349999999998373], [136.47500000002123, -1.6349999999998373], [136.47500000002123, -1.6249999999998375], [136.46500000002123, -1.6249999999998375], [136.46500000002123, -1.6149999999998377], [136.45500000002122, -1.6149999999998377], [136.45500000002122, -1.604999999999838], [136.4450000000212, -1.604999999999838], [136.4450000000212, -1.594999999999838], [136.4350000000212, -1.594999999999838], [136.4350000000212, -1.5849999999998383], [136.4250000000212, -1.5849999999998383], [136.4250000000212, -1.5749999999998385], [136.40500000002118, -1.5749999999998385], [136.40500000002118, -1.5649999999998387], [136.39500000002118, -1.5649999999998387], [136.39500000002118, -1.5449999999998392], [136.3850000000212, -1.5449999999998392], [136.3850000000212, -1.4649999999998409], [136.37500000002117, -1.4649999999998409], [136.37500000002117, -1.2949999999998445], [136.36500000002115, -1.2949999999998445], [136.36500000002115, -1.2449999999998456], [136.3850000000212, -1.2449999999998456], [136.3850000000212, -1.2349999999998458], [136.4350000000212, -1.2349999999998458], [136.4350000000212, -1.224999999999846], [136.52500000002124, -1.224999999999846], [136.52500000002124, -1.2349999999998458], [136.55500000002127, -1.2349999999998458], [136.55500000002127, -1.2449999999998456], [136.57500000002128, -1.2449999999998456], [136.57500000002128, -1.2549999999998454], [136.5950000000213, -1.2549999999998454], [136.5950000000213, -1.2649999999998451]]], [[[135.71500000002084, -1.3249999999998439], [135.77500000002087, -1.3249999999998439], [135.77500000002087, -1.3349999999998436], [135.75500000002086, -1.3349999999998436], [135.75500000002086, -1.3449999999998434], [135.73500000002085, -1.3449999999998434], [135.73500000002085, -1.3349999999998436], [135.71500000002084, -1.3349999999998436], [135.71500000002084, -1.3249999999998439]]], [[[136.97500000002148, -0.49499999999986155], [137.00500000002148, -0.49499999999986155], [137.00500000002148, -0.5049999999998613], [136.9950000000215, -0.5049999999998613], [136.9950000000215, -0.5149999999998611], [136.9850000000215, -0.5149999999998611], [136.9850000000215, -0.5049999999998613], [136.97500000002148, -0.5049999999998613], [136.97500000002148, -0.49499999999986155]]], [[[137.2450000000216, -0.2249999999998673], [137.25500000002162, -0.2249999999998673], [137.25500000002162, -0.24499999999986688], [137.2450000000216, -0.24499999999986688], [137.2450000000216, -0.2249999999998673]]]]}}, {"type": "Feature", "properties": {"date": "2026-10-08", "code": 4, "level": "waspada_cerah", "kategori": "Waspada Dampak Angin Cuaca Cerah", "color": "#87CEFA"}, "geometry": {"type": "MultiPolygon", "coordinates": [[[[115.77500000001064, -7.8149999999997055], [115.77500000001064, -7.834999999999705], [115.78500000001064, -7.834999999999705], [115.78500000001064, -7.844999999999705], [115.79500000001065, -7.844999999999705], [115.79500000001065, -7.8649999999997044], [115.80500000001065, -7.8649999999997044], [115.80500000001065, -7.884999999999704], [115.81500000001066, -7.884999999999704], [115.81500000001066, -7.904999999999704], [115.82500000001066, -7.904999999999704], [115.82500000001066, -7.924999999999703], [115.83500000001067, -7.924999999999703], [115.83500000001067, -7.944999999999703], [115.84500000001067, -7.944999999999703], [115.84500000001067, -7.964999999999702], [115.85500000001068, -7.964999999999702], [115.85500000001068, -7.984999999999702], [115.86500000001068, -7.984999999999702], [115.86500000001068, -7.994999999999702], [115.85500000001068, -7.994999999999702], [115.85500000001068, -8.014999999999702], [115.83500000001067, -8.014999999999702], [115.83500000001067, -8.0249999999997], [115.82500000001066, -8.0249999999997], [115.82500000001066, -8.034999999999702], [115.80500000001065, -8.034999999999702], [115.80500000001065, -8.0449999999997], [115.78500000001064, -8.0449999999997], [115.78500000001064, -8.054999999999701], [115.76500000001063, -8.054999999999701], [115.76500000001063, -8.0649999999997], [115.75500000001063, -8.0649999999997], [115.75500000001063, -8.054999999999701], [115.74500000001062, -8.054999999999701], [115.74500000001062, -8.0249999999997], [115.73500000001061, -8.0249999999997], [115.73500000001061, -7.884999999999704], [115.74500000001062, -7.884999999999704], [115.74500000001062, -7.8149999999997055], [115.75500000001063, -7.8149999999997055], [115.75500000001063, -7.804999999999706], [115.76500000001063, -7.804999999999706], [115.76500000001063, -7.8149999999997055], [115.77500000001064, -7.8149999999997055]]], [[[114.52500000001, -7.654999999999709], [114.53500000001, -7.654999999999709], [114.53500000001, -7.704999999999708], [114.54500000001, -7.704999999999708], [114.54500000001, -7.764999999999707], [114.53500000001, -7.764999999999707], [114.53500000001, -7.804999999999706], [114.52500000001, -7.804999999999706], [114.52500000001, -7.884999999999704], [114.51500000000999, -7.884999999999704], [114.51500000000999, -8.0049999999997], [114.50500000000999, -8.0049999999997], [114.50500000000999, -8.0249999999997], [114.49500000000998, -8.0249999999997], [114.49500000000998, -8.014999999999702], [114.48500000000998, -8.014999999999702], [114.48500000000998, -7.964999999999702], [114.47500000000997, -7.964999999999702], [114.47500000000997, -7.714999999999708], [114.48500000000998, -7.714999999999708], [114.48500000000998, -7.62499999999971], [114.49500000000998, -7.62499999999971], [114.49500000000998, -7.58499999999971], [114.51500000000999, -7.58499999999971], [114.51500000000999, -7.61499999999971], [114.52500000001, -7.61499999999971], [114.52500000001, -7.654999999999709]]], [[[115.56500000001053, -7.464999999999713], [115.59500000001054, -7.464999999999713], [115.59500000001054, -7.474999999999713], [115.61500000001055, -7.474999999999713], [115.61500000001055, -7.4849999999997125], [115.63500000001056, -7.4849999999997125], [115.63500000001056, -7.494999999999712], [115.64500000001057, -7.494999999999712], [115.64500000001057, -7.504999999999712], [115.63500000001056, -7.504999999999712], [115.63500000001056, -7.514999999999712], [115.60500000001055, -7.514999999999712], [115.60500000001055, -7.524999999999712], [115.52500000001051, -7.524999999999712], [115.52500000001051, -7.5349999999997115], [115.5150000000105, -7.5349999999997115], [115.5150000000105, -7.524999999999712], [115.49500000001049, -7.524999999999712], [115.49500000001049, -7.454999999999713], [115.5050000000105, -7.454999999999713], [115.5050000000105, -7.444999999999713], [115.54500000001052, -7.444999999999713], [115.54500000001052, -7.454999999999713], [115.56500000001053, -7.454999999999713], [115.56500000001053, -7.464999999999713]]], [[[106.57500000000593, -7.2049999999997185], [106.57500000000593, -7.214999999999718], [106.59500000000594, -7.214999999999718], [106.59500000000594, -7.224999999999718], [106.62500000000595, -7.224999999999718], [106.62500000000595, -7.234999999999718], [106.63500000000596, -7.234999999999718], [106.63500000000596, -7.244999999999718], [106.64500000000596, -7.244999999999718], [106.64500000000596, -7.264999999999717], [106.63500000000596, -7.264999999999717], [106.63500000000596, -7.274999999999717], [106.61500000000595, -7.274999999999717], [106.61500000000595, -7.284999999999717], [106.60500000000594, -7.284999999999717], [106.60500000000594, -7.294999999999717], [106.58500000000593, -7.294999999999717], [106.58500000000593, -7.304999999999716], [106.57500000000593, -7.304999999999716], [106.57500000000593, -7.314999999999716], [106.55500000000592, -7.314999999999716], [106.55500000000592, -7.324999999999716], [106.54500000000591, -7.324999999999716], [106.54500000000591, -7.334999999999716], [106.5250000000059, -7.334999999999716], [106.5250000000059, -7.3449999999997155], [106.5050000000059, -7.3449999999997155], [106.5050000000059, -7.354999999999715], [106.49500000000589, -7.354999999999715], [106.49500000000589, -7.3449999999997155], [106.46500000000587, -7.3449999999997155], [106.46500000000587, -7.334999999999716], [106.44500000000586, -7.334999999999716], [106.44500000000586, -7.324999999999716], [106.43500000000586, -7.324999999999716], [106.43500000000586, -7.314999999999716], [106.41500000000585, -7.314999999999716], [106.41500000000585, -7.304999999999716], [106.40500000000584, -7.304999999999716], [106.40500000000584, -7.294999999999717], [106.38500000000583, -7.294999999999717], [106.38500000000583, -7.284999999999717], [106.37500000000583, -7.284999999999717], [106.37500000000583, -7.274999999999717], [106.36500000000582, -7.274999999999717], [106.36500000000582, -7.264999999999717], [106.35500000000582, -7.264999999999717], [106.35500000000582, -7.234999999999718], [106.36500000000582, -7.234999999999718], [106.36500000000582, -7.224999999999718], [106.38500000000583, -7.224999999999718], [106.38500000000583, -7.214999999999718], [106.40500000000584, -7.214999999999718], [106.40500000000584, -7.2049999999997185], [106.43500000000586, -7.2049999999997185], [106.43500000000586, -7.194999999999719], [106.54500000000591, -7.194999999999719], [106.54500000000591, -7.2049999999997185], [106.57500000000593, -7.2049999999997185]]], [[[106.00500000000564, -6.8749999999997256], [106.01500000000564, -6.8749999999997256], [106.01500000000564, -6.904999999999725], [106.02500000000565, -6.904999999999725], [106.02500000000565, -6.9249999999997245], [106.03500000000565, -6.9249999999997245], [106.03500000000565, -6.944999999999724], [106.04500000000566, -6.944999999999724], [106.04500000000566, -6.964999999999724], [106.05500000000566, -6.964999999999724], [106.05500000000566, -6.974999999999723], [106.06500000000567, -6.974999999999723], [106.06500000000567, -6.994999999999723], [106.07500000000567, -6.994999999999723], [106.07500000000567, -7.004999999999723], [106.06500000000567, -7.004999999999723], [106.06500000000567, -7.024999999999722], [106.05500000000566, -7.024999999999722], [106.05500000000566, -7.034999999999722], [106.04500000000566, -7.034999999999722], [106.04500000000566, -7.044999999999722], [106.02500000000565, -7.044999999999722], [106.02500000000565, -7.054999999999722], [106.01500000000564, -7.054999999999722], [106.01500000000564, -7.0649999999997215], [105.98500000000563, -7.0649999999997215], [105.98500000000563, -7.054999999999722], [105.97500000000562, -7.054999999999722], [105.97500000000562, -7.044999999999722], [105.96500000000562, -7.044999999999722], [105.96500000000562, -7.034999999999722], [105.95500000000561, -7.034999999999722], [105.95500000000561, -7.024999999999722], [105.9450000000056, -7.024999999999722], [105.9450000000056, -7.014999999999723], [105.9350000000056, -7.014999999999723], [105.9350000000056, -6.994999999999723], [105.9250000000056, -6.994999999999723], [105.9250000000056, -6.974999999999723], [105.9350000000056, -6.974999999999723], [105.9350000000056, -6.9249999999997245], [105.9450000000056, -6.9249999999997245], [105.9450000000056, -6.894999999999725], [105.95500000000561, -6.894999999999725], [105.95500000000561, -6.8749999999997256], [105.96500000000562, -6.8749999999997256], [105.96500000000562, -6.864999999999726], [105.97500000000562, -6.864999999999726], [105.97500000000562, -6.854999999999726], [105.98500000000563, -6.854999999999726], [105.98500000000563, -6.844999999999726], [105.99500000000563, -6.844999999999726], [105.99500000000563, -6.854999999999726], [106.00500000000564, -6.854999999999726], [106.00500000000564, -6.8749999999997256]]], [[[104.27500000000475, -5.474999999999755], [104.29500000000476, -5.474999999999755], [104.29500000000476, -5.484999999999755], [104.30500000000477, -5.484999999999755], [104.30500000000477, -5.494999999999755], [104.31500000000477, -5.494999999999755], [104.31500000000477, -5.534999999999754], [104.30500000000477, -5.534999999999754], [104.30500000000477, -5.554999999999754], [104.29500000000476, -5.554999999999754], [104.29500000000476, -5.584999999999753], [104.28500000000476, -5.584999999999753], [104.28500000000476, -5.604999999999753], [104.27500000000475, -5.604999999999753], [104.27500000000475, -5.624999999999752], [104.26500000000475, -5.624999999999752], [104.26500000000475, -5.634999999999752], [104.25500000000474, -5.634999999999752], [104.25500000000474, -5.644999999999752], [104.24500000000474, -5.644999999999752], [104.24500000000474, -5.634999999999752], [104.22500000000473, -5.634999999999752], [104.22500000000473, -5.614999999999752], [104.21500000000472, -5.614999999999752], [104.21500000000472, -5.604999999999753], [104.20500000000472, -5.604999999999753], [104.20500000000472, -5.584999999999753], [104.19500000000471, -5.584999999999753], [104.19500000000471, -5.574999999999753], [104.1850000000047, -5.574999999999753], [104.1850000000047, -5.554999999999754], [104.1750000000047, -5.554999999999754], [104.1750000000047, -5.534999999999754], [104.1650000000047, -5.534999999999754], [104.1650000000047, -5.484999999999755], [104.1850000000047, -5.484999999999755], [104.1850000000047, -5.474999999999755], [104.20500000000472, -5.474999999999755], [104.20500000000472, -5.464999999999756], [104.22500000000473, -5.464999999999756], [104.22500000000473, -5.454999999999756], [104.26500000000475, -5.454999999999756], [104.26500000000475, -5.464999999999756], [104.27500000000475, -5.464999999999756], [104.27500000000475, -5.474999999999755]]], [[[119.76500000001268, -5.404999999999757], [119.76500000001268, -5.414999999999757], [119.77500000001268, -5.414999999999757], [119.77500000001268, -5.4249999999997565], [119.78500000001269, -5.4249999999997565], [119.78500000001269, -5.434999999999756], [119.79500000001269, -5.434999999999756], [119.79500000001269, -5.444999999999756], [119.8050000000127, -5.444999999999756], [119.8050000000127, -5.454999999999756], [119.8150000000127, -5.454999999999756], [119.8150000000127, -5.464999999999756], [119.83500000001271, -5.464999999999756], [119.83500000001271, -5.474999999999755], [119.85500000001272, -5.474999999999755], [119.85500000001272, -5.484999999999755], [119.87500000001273, -5.484999999999755], [119.87500000001273, -5.504999999999755], [119.85500000001272, -5.504999999999755], [119.85500000001272, -5.5149999999997545], [119.8050000000127, -5.5149999999997545], [119.8050000000127, -5.524999999999754], [119.76500000001268, -5.524999999999754], [119.76500000001268, -5.534999999999754], [119.65500000001262, -5.534999999999754], [119.65500000001262, -5.544999999999754], [119.53500000001256, -5.544999999999754], [119.53500000001256, -5.554999999999754], [119.49500000001254, -5.554999999999754], [119.49500000001254, -5.544999999999754], [119.47500000001253, -5.544999999999754], [119.47500000001253, -5.534999999999754], [119.46500000001252, -5.534999999999754], [119.46500000001252, -5.524999999999754], [119.44500000001251, -5.524999999999754], [119.44500000001251, -5.5149999999997545], [119.43500000001251, -5.5149999999997545], [119.43500000001251, -5.484999999999755], [119.44500000001251, -5.484999999999755], [119.44500000001251, -5.464999999999756], [119.46500000001252, -5.464999999999756], [119.46500000001252, -5.454999999999756], [119.47500000001253, -5.454999999999756], [119.47500000001253, -5.444999999999756], [119.48500000001253, -5.444999999999756], [119.48500000001253, -5.434999999999756], [119.50500000001254, -5.434999999999756], [119.50500000001254, -5.4249999999997565], [119.58500000001258, -5.4249999999997565], [119.58500000001258, -5.414999999999757], [119.65500000001262, -5.414999999999757], [119.65500000001262, -5.404999999999757], [119.70500000001265, -5.404999999999757], [119.70500000001265, -5.394999999999757], [119.75500000001267, -5.394999999999757], [119.75500000001267, -5.404999999999757], [119.76500000001268, -5.404999999999757]]], [[[140.68500000002336, -10.654999999999646], [140.74500000002342, -10.654999999999646], [140.74500000002342, -10.664999999999647], [140.75500000002341, -10.664999999999647], [140.75500000002341, -10.674999999999645], [140.7650000000234, -10.674999999999645], [140.7650000000234, -10.684999999999643], [140.77500000002343, -10.684999999999643], [140.77500000002343, -10.704999999999647], [140.78500000002344, -10.704999999999647], [140.78500000002344, -10.724999999999643], [140.79500000002344, -10.724999999999643], [140.79500000002344, -10.754999999999644], [140.78500000002344, -10.754999999999644], [140.78500000002344, -10.764999999999642], [140.77500000002343, -10.764999999999642], [140.77500000002343, -10.774999999999643], [140.7650000000234, -10.774999999999643], [140.7650000000234, -10.784999999999645], [140.46500000002328, -10.784999999999645], [140.46500000002328, -10.774999999999643], [140.42500000002326, -10.774999999999643], [140.42500000002326, -10.764999999999642], [140.38500000002324, -10.764999999999642], [140.38500000002324, -10.754999999999644], [140.3650000000232, -10.754999999999644], [140.3650000000232, -10.744999999999646], [140.3550000000232, -10.744999999999646], [140.3550000000232, -10.734999999999644], [140.3650000000232, -10.734999999999644], [140.3650000000232, -10.724999999999643], [140.37500000002322, -10.724999999999643], [140.37500000002322, -10.714999999999645], [140.38500000002324, -10.714999999999645], [140.38500000002324, -10.704999999999647], [140.39500000002323, -10.704999999999647], [140.39500000002323, -10.694999999999645], [140.40500000002322, -10.694999999999645], [140.40500000002322, -10.684999999999643], [140.42500000002326, -10.684999999999643], [140.42500000002326, -10.674999999999645], [140.43500000002325, -10.674999999999645], [140.43500000002325, -10.664999999999647], [140.45500000002326, -10.664999999999647], [140.45500000002326, -10.654999999999646], [140.47500000002327, -10.654999999999646], [140.47500000002327, -10.644999999999644], [140.49500000002328, -10.644999999999644], [140.49500000002328, -10.634999999999646], [140.5650000000233, -10.634999999999646], [140.5650000000233, -10.644999999999644], [140.68500000002336, -10.644999999999644], [140.68500000002336, -10.654999999999646]]], [[[141.98500000002406, -10.534999999999648], [141.96500000002402, -10.534999999999648], [141.96500000002402, -10.524999999999647], [141.93500000002402, -10.524999999999647], [141.93500000002402, -10.514999999999649], [141.915000000024, -10.514999999999649], [141.915000000024, -10.50499999999965], [141.90500000002402, -10.50499999999965], [141.90500000002402, -10.484999999999648], [141.915000000024, -10.484999999999648], [141.915000000024, -10.47499999999965], [141.93500000002402, -10.47499999999965], [141.93500000002402, -10.464999999999652], [141.94500000002404, -10.464999999999652], [141.94500000002404, -10.45499999999965], [141.96500000002402, -10.45499999999965], [141.96500000002402, -10.444999999999649], [141.98500000002406, -10.444999999999649], [141.98500000002406, -10.43499999999965], [142.00500000002404, -10.43499999999965], [142.00500000002404, -10.54499999999965], [141.98500000002406, -10.54499999999965], [141.98500000002406, -10.534999999999648]]], [[[124.02500000001486, -9.984999999999658], [124.03500000001486, -9.984999999999658], [124.03500000001486, -9.99499999999966], [124.02500000001486, -9.99499999999966], [124.02500000001486, -10.004999999999658], [123.99500000001484, -10.004999999999658], [123.99500000001484, -9.99499999999966], [123.98500000001484, -9.99499999999966], [123.98500000001484, -9.984999999999658], [123.99500000001484, -9.984999999999658], [123.99500000001484, -9.964999999999659], [124.01500000001485, -9.964999999999659], [124.01500000001485, -9.97499999999966], [124.02500000001486, -9.97499999999966], [124.02500000001486, -9.984999999999658]]], [[[127.76500000001677, 0.2250000000001231], [127.75500000001676, 0.2250000000001231], [127.75500000001676, 0.21500000000012331], [127.73500000001675, 0.21500000000012331], [127.73500000001675, 0.2250000000001231], [127.72500000001675, 0.2250000000001231], [127.72500000001675, 0.27500000000012204], [127.73500000001675, 0.27500000000012204], [127.73500000001675, 0.2950000000001216], [127.75500000001676, 0.2950000000001216], [127.75500000001676, 0.2850000000001218], [127.76500000001677, 0.2850000000001218], [127.76500000001677, 0.2250000000001231]]], [[[128.0450000000169, 1.2450000000001014], [128.05500000001692, 1.2450000000001014], [128.05500000001692, 1.2350000000001016], [128.0450000000169, 1.2350000000001016], [128.0450000000169, 1.2050000000001022], [128.0350000000169, 1.2050000000001022], [128.0350000000169, 1.125000000000104], [128.02500000001692, 1.125000000000104], [128.02500000001692, 0.9950000000001067], [128.0150000000169, 0.9950000000001067], [128.0150000000169, 0.9750000000001071], [128.00500000001688, 0.9750000000001071], [128.00500000001688, 0.9650000000001073], [127.97500000001688, 0.9650000000001073], [127.97500000001688, 0.9750000000001071], [127.96500000001687, 0.9750000000001071], [127.96500000001687, 0.9850000000001069], [127.95500000001687, 0.9850000000001069], [127.95500000001687, 1.0150000000001063], [127.94500000001686, 1.0150000000001063], [127.94500000001686, 1.125000000000104], [127.93500000001686, 1.125000000000104], [127.93500000001686, 1.1850000000001026], [127.92500000001685, 1.1850000000001026], [127.92500000001685, 1.215000000000102], [127.91500000001685, 1.215000000000102], [127.91500000001685, 1.2350000000001016], [127.90500000001684, 1.2350000000001016], [127.90500000001684, 1.2450000000001014], [127.91500000001685, 1.2450000000001014], [127.91500000001685, 1.2550000000001011], [127.94500000001686, 1.2550000000001011], [127.94500000001686, 1.265000000000101], [128.02500000001692, 1.265000000000101], [128.02500000001692, 1.2550000000001011], [128.0450000000169, 1.2550000000001011], [128.0450000000169, 1.2450000000001014]]], [[[128.0350000000169, 2.2750000000000794], [128.0450000000169, 2.2750000000000794], [128.0450000000169, 2.2650000000000796], [128.06500000001694, 2.2650000000000796], [128.06500000001694, 2.24500000000008], [128.05500000001692, 2.24500000000008], [128.05500000001692, 2.2350000000000803], [128.02500000001692, 2.2350000000000803], [128.02500000001692, 2.2250000000000805], [127.95500000001687, 2.2250000000000805], [127.95500000001687, 2.2350000000000803], [127.92500000001685, 2.2350000000000803], [127.92500000001685, 2.24500000000008], [127.90500000001684, 2.24500000000008], [127.90500000001684, 2.2650000000000796], [127.92500000001685, 2.2650000000000796], [127.92500000001685, 2.2750000000000794], [127.94500000001686, 2.2750000000000794], [127.94500000001686, 2.285000000000079], [127.97500000001688, 2.285000000000079], [127.97500000001688, 2.295000000000079], [128.0150000000169, 2.295000000000079], [128.0150000000169, 2.285000000000079], [128.0350000000169, 2.285000000000079], [128.0350000000169, 2.2750000000000794]]]]}}]}