{"type": "FeatureCollection", "features": [{"type": "Feature", "properties": {"date": "2026-10-02", "code": 1, "level": "waspada_badai", "kategori": "Waspada Dampak Angin Cuaca Badai", "color": "#E0B0FF"}, "geometry": {"type": "MultiPolygon", "coordinates": [[[[101.87500000000352, -3.804999999999791], [101.86500000000352, -3.804999999999791], [101.86500000000352, -3.8249999999997906], [101.85500000000351, -3.8249999999997906], [101.85500000000351, -3.8349999999997904], [101.84500000000351, -3.8349999999997904], [101.84500000000351, -3.84499999999979], [101.8350000000035, -3.84499999999979], [101.8350000000035, -3.85499999999979], [101.8250000000035, -3.85499999999979], [101.8250000000035, -3.8649999999997897], [101.8150000000035, -3.8649999999997897], [101.8150000000035, -3.8749999999997895], [101.80500000000349, -3.8749999999997895], [101.80500000000349, -3.8849999999997893], [101.79500000000348, -3.8849999999997893], [101.79500000000348, -3.894999999999789], [101.77500000000347, -3.894999999999789], [101.77500000000347, -3.904999999999789], [101.76500000000347, -3.904999999999789], [101.76500000000347, -3.9149999999997886], [101.74500000000346, -3.9149999999997886], [101.74500000000346, -3.9249999999997884], [101.70500000000344, -3.9249999999997884], [101.70500000000344, -3.9349999999997882], [101.68500000000343, -3.9349999999997882], [101.68500000000343, -3.944999999999788], [101.66500000000342, -3.944999999999788], [101.66500000000342, -3.954999999999788], [101.65500000000341, -3.954999999999788], [101.65500000000341, -3.9649999999997876], [101.6450000000034, -3.9649999999997876], [101.6450000000034, -3.9749999999997874], [101.6350000000034, -3.9749999999997874], [101.6350000000034, -3.994999999999787], [101.6250000000034, -3.994999999999787], [101.6250000000034, -4.034999999999786], [101.61500000000339, -4.034999999999786], [101.61500000000339, -4.074999999999785], [101.60500000000339, -4.074999999999785], [101.60500000000339, -4.114999999999784], [101.59500000000338, -4.114999999999784], [101.59500000000338, -4.164999999999783], [101.58500000000338, -4.164999999999783], [101.58500000000338, -4.214999999999782], [101.57500000000337, -4.214999999999782], [101.57500000000337, -4.244999999999782], [101.56500000000337, -4.244999999999782], [101.56500000000337, -4.264999999999781], [101.55500000000336, -4.264999999999781], [101.55500000000336, -4.274999999999781], [101.54500000000336, -4.274999999999781], [101.54500000000336, -4.264999999999781], [101.53500000000335, -4.264999999999781], [101.53500000000335, -4.254999999999781], [101.51500000000334, -4.254999999999781], [101.51500000000334, -4.244999999999782], [101.48500000000332, -4.244999999999782], [101.48500000000332, -4.234999999999782], [101.4450000000033, -4.234999999999782], [101.4450000000033, -4.224999999999782], [101.41500000000329, -4.224999999999782], [101.41500000000329, -4.214999999999782], [101.39500000000328, -4.214999999999782], [101.39500000000328, -4.2049999999997825], [101.38500000000327, -4.2049999999997825], [101.38500000000327, -4.194999999999783], [101.37500000000327, -4.194999999999783], [101.37500000000327, -4.134999999999784], [101.38500000000327, -4.134999999999784], [101.38500000000327, -4.004999999999787], [101.39500000000328, -4.004999999999787], [101.39500000000328, -3.984999999999787], [101.40500000000328, -3.984999999999787], [101.40500000000328, -3.9649999999997876], [101.41500000000329, -3.9649999999997876], [101.41500000000329, -3.944999999999788], [101.4250000000033, -3.944999999999788], [101.4250000000033, -3.9349999999997882], [101.4350000000033, -3.9349999999997882], [101.4350000000033, -3.9149999999997886], [101.4450000000033, -3.9149999999997886], [101.4450000000033, -3.904999999999789], [101.45500000000331, -3.904999999999789], [101.45500000000331, -3.8849999999997893], [101.46500000000331, -3.8849999999997893], [101.46500000000331, -3.8749999999997895], [101.47500000000332, -3.8749999999997895], [101.47500000000332, -3.85499999999979], [101.48500000000332, -3.85499999999979], [101.48500000000332, -3.84499999999979], [101.49500000000333, -3.84499999999979], [101.49500000000333, -3.8349999999997904], [101.50500000000334, -3.8349999999997904], [101.50500000000334, -3.8249999999997906], [101.51500000000334, -3.8249999999997906], [101.51500000000334, -3.814999999999791], [101.55500000000336, -3.814999999999791], [101.55500000000336, -3.804999999999791], [101.58500000000338, -3.804999999999791], [101.58500000000338, -3.794999999999791], [101.6250000000034, -3.794999999999791], [101.6250000000034, -3.7849999999997914], [101.67500000000342, -3.7849999999997914], [101.67500000000342, -3.7749999999997916], [101.71500000000344, -3.7749999999997916], [101.71500000000344, -3.764999999999792], [101.8350000000035, -3.764999999999792], [101.8350000000035, -3.7749999999997916], [101.87500000000352, -3.7749999999997916], [101.87500000000352, -3.7849999999997914], [101.88500000000353, -3.7849999999997914], [101.88500000000353, -3.794999999999791], [101.87500000000352, -3.794999999999791], [101.87500000000352, -3.804999999999791]]], [[[102.04500000000361, -2.9249999999998098], [102.05500000000362, -2.9249999999998098], [102.05500000000362, -2.9349999999998095], [102.06500000000362, -2.9349999999998095], [102.06500000000362, -2.954999999999809], [102.07500000000363, -2.954999999999809], [102.07500000000363, -2.964999999999809], [102.08500000000363, -2.964999999999809], [102.08500000000363, -2.9849999999998085], [102.09500000000364, -2.9849999999998085], [102.09500000000364, -3.1249999999998055], [102.08500000000363, -3.1249999999998055], [102.08500000000363, -3.2649999999998025], [102.07500000000363, -3.2649999999998025], [102.07500000000363, -3.294999999999802], [102.06500000000362, -3.294999999999802], [102.06500000000362, -3.3249999999998012], [102.05500000000362, -3.3249999999998012], [102.05500000000362, -3.344999999999801], [102.04500000000361, -3.344999999999801], [102.04500000000361, -3.3749999999998], [102.0350000000036, -3.3749999999998], [102.0350000000036, -3.3949999999997997], [102.0250000000036, -3.3949999999997997], [102.0250000000036, -3.4049999999997995], [102.0150000000036, -3.4049999999997995], [102.0150000000036, -3.3849999999998], [102.00500000000359, -3.3849999999998], [102.00500000000359, -3.3749999999998], [101.88500000000353, -3.3749999999998], [101.88500000000353, -3.3849999999998], [101.71500000000344, -3.3849999999998], [101.71500000000344, -3.3749999999998], [101.68500000000343, -3.3749999999998], [101.68500000000343, -3.3649999999998004], [101.66500000000342, -3.3649999999998004], [101.66500000000342, -3.3549999999998006], [101.6450000000034, -3.3549999999998006], [101.6450000000034, -3.344999999999801], [101.6250000000034, -3.344999999999801], [101.6250000000034, -3.334999999999801], [101.61500000000339, -3.334999999999801], [101.61500000000339, -3.3249999999998012], [101.59500000000338, -3.3249999999998012], [101.59500000000338, -3.3149999999998014], [101.58500000000338, -3.3149999999998014], [101.58500000000338, -3.3049999999998017], [101.57500000000337, -3.3049999999998017], [101.57500000000337, -3.284999999999802], [101.56500000000337, -3.284999999999802], [101.56500000000337, -3.2749999999998023], [101.55500000000336, -3.2749999999998023], [101.55500000000336, -3.2549999999998027], [101.54500000000336, -3.2549999999998027], [101.54500000000336, -3.234999999999803], [101.53500000000335, -3.234999999999803], [101.53500000000335, -3.204999999999804], [101.52500000000335, -3.204999999999804], [101.52500000000335, -3.184999999999804], [101.51500000000334, -3.184999999999804], [101.51500000000334, -3.154999999999805], [101.50500000000334, -3.154999999999805], [101.50500000000334, -3.1349999999998053], [101.49500000000333, -3.1349999999998053], [101.49500000000333, -3.1249999999998055], [101.48500000000332, -3.1249999999998055], [101.48500000000332, -3.1149999999998057], [101.47500000000332, -3.1149999999998057], [101.47500000000332, -3.094999999999806], [101.46500000000331, -3.094999999999806], [101.46500000000331, -3.0749999999998066], [101.45500000000331, -3.0749999999998066], [101.45500000000331, -3.0649999999998068], [101.46500000000331, -3.0649999999998068], [101.46500000000331, -3.054999999999807], [101.47500000000332, -3.054999999999807], [101.47500000000332, -3.044999999999807], [101.48500000000332, -3.044999999999807], [101.48500000000332, -3.0349999999998074], [101.49500000000333, -3.0349999999998074], [101.49500000000333, -3.0249999999998076], [101.57500000000337, -3.0249999999998076], [101.57500000000337, -3.044999999999807], [101.58500000000338, -3.044999999999807], [101.58500000000338, -3.0649999999998068], [101.59500000000338, -3.0649999999998068], [101.59500000000338, -3.0849999999998063], [101.60500000000339, -3.0849999999998063], [101.60500000000339, -3.104999999999806], [101.61500000000339, -3.104999999999806], [101.61500000000339, -3.1149999999998057], [101.6250000000034, -3.1149999999998057], [101.6250000000034, -3.1349999999998053], [101.6350000000034, -3.1349999999998053], [101.6350000000034, -3.144999999999805], [101.6450000000034, -3.144999999999805], [101.6450000000034, -3.1649999999998046], [101.65500000000341, -3.1649999999998046], [101.65500000000341, -3.1749999999998044], [101.66500000000342, -3.1749999999998044], [101.66500000000342, -3.184999999999804], [101.67500000000342, -3.184999999999804], [101.67500000000342, -3.194999999999804], [101.68500000000343, -3.194999999999804], [101.68500000000343, -3.204999999999804], [101.69500000000343, -3.204999999999804], [101.69500000000343, -3.2149999999998036], [101.70500000000344, -3.2149999999998036], [101.70500000000344, -3.204999999999804], [101.71500000000344, -3.204999999999804], [101.71500000000344, -3.184999999999804], [101.72500000000345, -3.184999999999804], [101.72500000000345, -3.1649999999998046], [101.73500000000345, -3.1649999999998046], [101.73500000000345, -3.144999999999805], [101.74500000000346, -3.144999999999805], [101.74500000000346, -3.1349999999998053], [101.75500000000346, -3.1349999999998053], [101.75500000000346, -3.144999999999805], [101.76500000000347, -3.144999999999805], [101.76500000000347, -3.204999999999804], [101.77500000000347, -3.204999999999804], [101.77500000000347, -3.1749999999998044], [101.78500000000348, -3.1749999999998044], [101.78500000000348, -3.154999999999805], [101.79500000000348, -3.154999999999805], [101.79500000000348, -3.1349999999998053], [101.80500000000349, -3.1349999999998053], [101.80500000000349, -3.104999999999806], [101.78500000000348, -3.104999999999806], [101.78500000000348, -3.0849999999998063], [101.77500000000347, -3.0849999999998063], [101.77500000000347, -3.0649999999998068], [101.78500000000348, -3.0649999999998068], [101.78500000000348, -3.0749999999998066], [101.79500000000348, -3.0749999999998066], [101.79500000000348, -3.0849999999998063], [101.80500000000349, -3.0849999999998063], [101.80500000000349, -3.094999999999806], [101.8150000000035, -3.094999999999806], [101.8150000000035, -3.0849999999998063], [101.8250000000035, -3.0849999999998063], [101.8250000000035, -3.0749999999998066], [101.8350000000035, -3.0749999999998066], [101.8350000000035, -3.0649999999998068], [101.84500000000351, -3.0649999999998068], [101.84500000000351, -3.044999999999807], [101.85500000000351, -3.044999999999807], [101.85500000000351, -3.0349999999998074], [101.86500000000352, -3.0349999999998074], [101.86500000000352, -3.014999999999808], [101.87500000000352, -3.014999999999808], [101.87500000000352, -2.9849999999998085], [101.86500000000352, -2.9849999999998085], [101.86500000000352, -2.9749999999998087], [101.84500000000351, -2.9749999999998087], [101.84500000000351, -2.964999999999809], [101.8350000000035, -2.964999999999809], [101.8350000000035, -2.954999999999809], [101.8250000000035, -2.954999999999809], [101.8250000000035, -2.9449999999998093], [101.80500000000349, -2.9449999999998093], [101.80500000000349, -2.9349999999998095], [101.8250000000035, -2.9349999999998095], [101.8250000000035, -2.9249999999998098], [101.92500000000355, -2.9249999999998098], [101.92500000000355, -2.91499999999981], [101.93500000000355, -2.91499999999981], [101.93500000000355, -2.90499999999981], [101.95500000000357, -2.90499999999981], [101.95500000000357, -2.8949999999998104], [101.97500000000358, -2.8949999999998104], [101.97500000000358, -2.8849999999998106], [102.0150000000036, -2.8849999999998106], [102.0150000000036, -2.8949999999998104], [102.0250000000036, -2.8949999999998104], [102.0250000000036, -2.90499999999981], [102.0350000000036, -2.90499999999981], [102.0350000000036, -2.91499999999981], [102.04500000000361, -2.91499999999981], [102.04500000000361, -2.9249999999998098]]], [[[98.62500000000186, -2.9449999999998093], [98.67500000000189, -2.9449999999998093], [98.67500000000189, -2.954999999999809], [98.72500000000191, -2.954999999999809], [98.72500000000191, -2.964999999999809], [98.74500000000192, -2.964999999999809], [98.74500000000192, -2.9749999999998087], [98.75500000000193, -2.9749999999998087], [98.75500000000193, -2.9849999999998085], [98.76500000000193, -2.9849999999998085], [98.76500000000193, -2.9949999999998083], [98.77500000000194, -2.9949999999998083], [98.77500000000194, -3.014999999999808], [98.78500000000194, -3.014999999999808], [98.78500000000194, -3.044999999999807], [98.79500000000195, -3.044999999999807], [98.79500000000195, -3.0649999999998068], [98.80500000000195, -3.0649999999998068], [98.80500000000195, -3.0849999999998063], [98.81500000000196, -3.0849999999998063], [98.81500000000196, -3.094999999999806], [98.82500000000196, -3.094999999999806], [98.82500000000196, -3.1149999999998057], [98.83500000000197, -3.1149999999998057], [98.83500000000197, -3.1249999999998055], [98.84500000000197, -3.1249999999998055], [98.84500000000197, -3.1349999999998053], [98.85500000000198, -3.1349999999998053], [98.85500000000198, -3.144999999999805], [98.87500000000199, -3.144999999999805], [98.87500000000199, -3.194999999999804], [98.85500000000198, -3.194999999999804], [98.85500000000198, -3.184999999999804], [98.82500000000196, -3.184999999999804], [98.82500000000196, -3.1749999999998044], [98.77500000000194, -3.1749999999998044], [98.77500000000194, -3.1649999999998046], [98.73500000000192, -3.1649999999998046], [98.73500000000192, -3.1749999999998044], [98.6950000000019, -3.1749999999998044], [98.6950000000019, -3.184999999999804], [98.66500000000188, -3.184999999999804], [98.66500000000188, -3.194999999999804], [98.64500000000187, -3.194999999999804], [98.64500000000187, -3.204999999999804], [98.62500000000186, -3.204999999999804], [98.62500000000186, -3.2149999999998036], [98.61500000000186, -3.2149999999998036], [98.61500000000186, -3.2249999999998034], [98.59500000000185, -3.2249999999998034], [98.59500000000185, -3.234999999999803], [98.58500000000184, -3.234999999999803], [98.58500000000184, -3.244999999999803], [98.57500000000184, -3.244999999999803], [98.57500000000184, -3.2549999999998027], [98.55500000000183, -3.2549999999998027], [98.55500000000183, -3.2649999999998025], [98.53500000000182, -3.2649999999998025], [98.53500000000182, -3.2749999999998023], [98.5050000000018, -3.2749999999998023], [98.5050000000018, -3.284999999999802], [98.47500000000178, -3.284999999999802], [98.47500000000178, -3.2749999999998023], [98.40500000000175, -3.2749999999998023], [98.40500000000175, -3.2649999999998025], [98.35500000000172, -3.2649999999998025], [98.35500000000172, -3.2549999999998027], [98.33500000000171, -3.2549999999998027], [98.33500000000171, -3.244999999999803], [98.34500000000172, -3.244999999999803], [98.34500000000172, -3.194999999999804], [98.35500000000172, -3.194999999999804], [98.35500000000172, -3.144999999999805], [98.36500000000173, -3.144999999999805], [98.36500000000173, -3.1149999999998057], [98.37500000000173, -3.1149999999998057], [98.37500000000173, -3.0749999999998066], [98.38500000000174, -3.0749999999998066], [98.38500000000174, -3.054999999999807], [98.39500000000174, -3.054999999999807], [98.39500000000174, -3.0249999999998076], [98.40500000000175, -3.0249999999998076], [98.40500000000175, -3.004999999999808], [98.41500000000175, -3.004999999999808], [98.41500000000175, -2.9749999999998087], [98.42500000000176, -2.9749999999998087], [98.42500000000176, -2.91499999999981], [98.43500000000176, -2.91499999999981], [98.43500000000176, -2.90499999999981], [98.46500000000178, -2.90499999999981], [98.46500000000178, -2.91499999999981], [98.4950000000018, -2.91499999999981], [98.4950000000018, -2.9249999999998098], [98.56500000000183, -2.9249999999998098], [98.56500000000183, -2.9349999999998095], [98.62500000000186, -2.9349999999998095], [98.62500000000186, -2.9449999999998093]]], [[[101.31500000000324, -2.4249999999998204], [101.32500000000324, -2.4249999999998204], [101.32500000000324, -2.43499999999982], [101.33500000000325, -2.43499999999982], [101.33500000000325, -2.44499999999982], [101.34500000000325, -2.44499999999982], [101.34500000000325, -2.4549999999998198], [101.35500000000326, -2.4549999999998198], [101.35500000000326, -2.4649999999998196], [101.36500000000326, -2.4649999999998196], [101.36500000000326, -2.4749999999998193], [101.37500000000327, -2.4749999999998193], [101.37500000000327, -2.494999999999819], [101.38500000000327, -2.494999999999819], [101.38500000000327, -2.5149999999998185], [101.39500000000328, -2.5149999999998185], [101.39500000000328, -2.544999999999818], [101.40500000000328, -2.544999999999818], [101.40500000000328, -2.5649999999998174], [101.41500000000329, -2.5649999999998174], [101.41500000000329, -2.584999999999817], [101.4250000000033, -2.584999999999817], [101.4250000000033, -2.6049999999998166], [101.4350000000033, -2.6049999999998166], [101.4350000000033, -2.6149999999998164], [101.4450000000033, -2.6149999999998164], [101.4450000000033, -2.624999999999816], [101.45500000000331, -2.624999999999816], [101.45500000000331, -2.634999999999816], [101.46500000000331, -2.634999999999816], [101.46500000000331, -2.6449999999998157], [101.47500000000332, -2.6449999999998157], [101.47500000000332, -2.6549999999998155], [101.48500000000332, -2.6549999999998155], [101.48500000000332, -2.6649999999998153], [101.49500000000333, -2.6649999999998153], [101.49500000000333, -2.674999999999815], [101.51500000000334, -2.674999999999815], [101.51500000000334, -2.684999999999815], [101.53500000000335, -2.684999999999815], [101.53500000000335, -2.6949999999998147], [101.54500000000336, -2.6949999999998147], [101.54500000000336, -2.7049999999998144], [101.57500000000337, -2.7049999999998144], [101.57500000000337, -2.6949999999998147], [101.61500000000339, -2.6949999999998147], [101.61500000000339, -2.7049999999998144], [101.6350000000034, -2.7049999999998144], [101.6350000000034, -2.7149999999998142], [101.66500000000342, -2.7149999999998142], [101.66500000000342, -2.724999999999814], [101.73500000000345, -2.724999999999814], [101.73500000000345, -2.734999999999814], [101.75500000000346, -2.734999999999814], [101.75500000000346, -2.7449999999998136], [101.76500000000347, -2.7449999999998136], [101.76500000000347, -2.8549999999998112], [101.75500000000346, -2.8549999999998112], [101.75500000000346, -2.8849999999998106], [101.74500000000346, -2.8849999999998106], [101.74500000000346, -2.8949999999998104], [101.73500000000345, -2.8949999999998104], [101.73500000000345, -2.8849999999998106], [101.69500000000343, -2.8849999999998106], [101.69500000000343, -2.874999999999811], [101.6450000000034, -2.874999999999811], [101.6450000000034, -2.864999999999811], [101.58500000000338, -2.864999999999811], [101.58500000000338, -2.8549999999998112], [101.55500000000336, -2.8549999999998112], [101.55500000000336, -2.874999999999811], [101.54500000000336, -2.874999999999811], [101.54500000000336, -2.8949999999998104], [101.53500000000335, -2.8949999999998104], [101.53500000000335, -2.90499999999981], [101.52500000000335, -2.90499999999981], [101.52500000000335, -2.91499999999981], [101.51500000000334, -2.91499999999981], [101.51500000000334, -2.9249999999998098], [101.48500000000332, -2.9249999999998098], [101.48500000000332, -2.91499999999981], [101.47500000000332, -2.91499999999981], [101.47500000000332, -2.90499999999981], [101.46500000000331, -2.90499999999981], [101.46500000000331, -2.864999999999811], [101.47500000000332, -2.864999999999811], [101.47500000000332, -2.8349999999998117], [101.46500000000331, -2.8349999999998117], [101.46500000000331, -2.824999999999812], [101.4350000000033, -2.824999999999812], [101.4350000000033, -2.814999999999812], [101.41500000000329, -2.814999999999812], [101.41500000000329, -2.8049999999998123], [101.39500000000328, -2.8049999999998123], [101.39500000000328, -2.7949999999998125], [101.36500000000326, -2.7949999999998125], [101.36500000000326, -2.7849999999998127], [101.33500000000325, -2.7849999999998127], [101.33500000000325, -2.774999999999813], [101.30500000000323, -2.774999999999813], [101.30500000000323, -2.764999999999813], [101.27500000000322, -2.764999999999813], [101.27500000000322, -2.7549999999998134], [101.26500000000321, -2.7549999999998134], [101.26500000000321, -2.6949999999998147], [101.25500000000321, -2.6949999999998147], [101.25500000000321, -2.624999999999816], [101.2450000000032, -2.624999999999816], [101.2450000000032, -2.574999999999817], [101.2350000000032, -2.574999999999817], [101.2350000000032, -2.5149999999998185], [101.22500000000319, -2.5149999999998185], [101.22500000000319, -2.494999999999819], [101.21500000000319, -2.494999999999819], [101.21500000000319, -2.484999999999819], [101.20500000000318, -2.484999999999819], [101.20500000000318, -2.4749999999998193], [101.19500000000318, -2.4749999999998193], [101.19500000000318, -2.4649999999998196], [101.18500000000317, -2.4649999999998196], [101.18500000000317, -2.4549999999998198], [101.17500000000317, -2.4549999999998198], [101.17500000000317, -2.44499999999982], [101.16500000000316, -2.44499999999982], [101.16500000000316, -2.43499999999982], [101.15500000000316, -2.43499999999982], [101.15500000000316, -2.4249999999998204], [101.14500000000315, -2.4249999999998204], [101.14500000000315, -2.4149999999998206], [101.19500000000318, -2.4149999999998206], [101.19500000000318, -2.404999999999821], [101.21500000000319, -2.404999999999821], [101.21500000000319, -2.394999999999821], [101.2350000000032, -2.394999999999821], [101.2350000000032, -2.3849999999998213], [101.26500000000321, -2.3849999999998213], [101.26500000000321, -2.394999999999821], [101.28500000000322, -2.394999999999821], [101.28500000000322, -2.404999999999821], [101.29500000000323, -2.404999999999821], [101.29500000000323, -2.4149999999998206], [101.31500000000324, -2.4149999999998206], [101.31500000000324, -2.4249999999998204]]], [[[101.0350000000031, -2.154999999999826], [101.0450000000031, -2.154999999999826], [101.0450000000031, -2.1749999999998257], [101.0550000000031, -2.1749999999998257], [101.0550000000031, -2.1949999999998253], [101.06500000000311, -2.1949999999998253], [101.06500000000311, -2.214999999999825], [101.07500000000312, -2.214999999999825], [101.07500000000312, -2.2349999999998245], [101.08500000000312, -2.2349999999998245], [101.08500000000312, -2.3649999999998217], [101.07500000000312, -2.3649999999998217], [101.07500000000312, -2.354999999999822], [101.0550000000031, -2.354999999999822], [101.0550000000031, -2.344999999999822], [101.0450000000031, -2.344999999999822], [101.0450000000031, -2.3349999999998223], [101.0350000000031, -2.3349999999998223], [101.0350000000031, -2.3249999999998225], [101.01500000000308, -2.3249999999998225], [101.01500000000308, -2.3149999999998228], [101.00500000000308, -2.3149999999998228], [101.00500000000308, -2.304999999999823], [100.98500000000307, -2.304999999999823], [100.98500000000307, -2.294999999999823], [100.96500000000306, -2.294999999999823], [100.96500000000306, -2.2849999999998234], [100.95500000000305, -2.2849999999998234], [100.95500000000305, -2.2749999999998236], [100.94500000000305, -2.2749999999998236], [100.94500000000305, -2.1749999999998257], [100.95500000000305, -2.1749999999998257], [100.95500000000305, -2.1449999999998264], [100.96500000000306, -2.1449999999998264], [100.96500000000306, -2.124999999999827], [100.97500000000306, -2.124999999999827], [100.97500000000306, -2.114999999999827], [100.98500000000307, -2.114999999999827], [100.98500000000307, -2.0949999999998274], [101.00500000000308, -2.0949999999998274], [101.00500000000308, -2.1049999999998272], [101.01500000000308, -2.1049999999998272], [101.01500000000308, -2.114999999999827], [101.02500000000309, -2.114999999999827], [101.02500000000309, -2.1349999999998266], [101.0350000000031, -2.1349999999998266], [101.0350000000031, -2.154999999999826]]], [[[101.56500000000337, -1.7749999999998343], [101.55500000000336, -1.7749999999998343], [101.55500000000336, -1.7649999999998345], [101.51500000000334, -1.7649999999998345], [101.51500000000334, -1.7549999999998347], [101.49500000000333, -1.7549999999998347], [101.49500000000333, -1.744999999999835], [101.48500000000332, -1.744999999999835], [101.48500000000332, -1.7349999999998351], [101.47500000000332, -1.7349999999998351], [101.47500000000332, -1.7249999999998353], [101.49500000000333, -1.7249999999998353], [101.49500000000333, -1.7149999999998355], [101.51500000000334, -1.7149999999998355], [101.51500000000334, -1.7249999999998353], [101.54500000000336, -1.7249999999998353], [101.54500000000336, -1.7349999999998351], [101.55500000000336, -1.7349999999998351], [101.55500000000336, -1.744999999999835], [101.56500000000337, -1.744999999999835], [101.56500000000337, -1.7749999999998343]]], [[[98.99500000000205, -1.50499999999984], [98.98500000000205, -1.50499999999984], [98.98500000000205, -1.4849999999998404], [98.99500000000205, -1.4849999999998404], [98.99500000000205, -1.4749999999998407], [99.00500000000206, -1.4749999999998407], [99.00500000000206, -1.4849999999998404], [99.01500000000206, -1.4849999999998404], [99.01500000000206, -1.50499999999984], [99.00500000000206, -1.50499999999984], [99.00500000000206, -1.5149999999998398], [98.99500000000205, -1.5149999999998398], [98.99500000000205, -1.50499999999984]]], [[[101.29500000000323, -1.224999999999846], [101.29500000000323, -1.2349999999998458], [101.30500000000323, -1.2349999999998458], [101.30500000000323, -1.2549999999998454], [101.29500000000323, -1.2549999999998454], [101.29500000000323, -1.2649999999998451], [101.28500000000322, -1.2649999999998451], [101.28500000000322, -1.274999999999845], [101.27500000000322, -1.274999999999845], [101.27500000000322, -1.2849999999998447], [101.26500000000321, -1.2849999999998447], [101.26500000000321, -1.2949999999998445], [101.25500000000321, -1.2949999999998445], [101.25500000000321, -1.3049999999998443], [101.2350000000032, -1.3049999999998443], [101.2350000000032, -1.2949999999998445], [101.21500000000319, -1.2949999999998445], [101.21500000000319, -1.2849999999998447], [101.20500000000318, -1.2849999999998447], [101.20500000000318, -1.274999999999845], [101.19500000000318, -1.274999999999845], [101.19500000000318, -1.2449999999998456], [101.18500000000317, -1.2449999999998456], [101.18500000000317, -1.224999999999846], [101.19500000000318, -1.224999999999846], [101.19500000000318, -1.2149999999998462], [101.20500000000318, -1.2149999999998462], [101.20500000000318, -1.2049999999998464], [101.22500000000319, -1.2049999999998464], [101.22500000000319, -1.1949999999998466], [101.2350000000032, -1.1949999999998466], [101.2350000000032, -1.1849999999998468], [101.25500000000321, -1.1849999999998468], [101.25500000000321, -1.1949999999998466], [101.26500000000321, -1.1949999999998466], [101.26500000000321, -1.2049999999998464], [101.27500000000322, -1.2049999999998464], [101.27500000000322, -1.2149999999998462], [101.28500000000322, -1.2149999999998462], [101.28500000000322, -1.224999999999846], [101.29500000000323, -1.224999999999846]]], [[[100.53500000000284, -1.0249999999998503], [100.53500000000284, -1.0449999999998498], [100.52500000000283, -1.0449999999998498], [100.52500000000283, -1.0549999999998496], [100.51500000000283, -1.0549999999998496], [100.51500000000283, -1.0649999999998494], [100.48500000000281, -1.0649999999998494], [100.48500000000281, -1.0549999999998496], [100.47500000000281, -1.0549999999998496], [100.47500000000281, -1.0449999999998498], [100.4650000000028, -1.0449999999998498], [100.4650000000028, -1.03499999999985], [100.4550000000028, -1.03499999999985], [100.4550000000028, -1.0149999999998505], [100.44500000000279, -1.0149999999998505], [100.44500000000279, -0.9649999999998515], [100.52500000000283, -0.9649999999998515], [100.52500000000283, -0.9749999999998513], [100.54500000000284, -0.9749999999998513], [100.54500000000284, -0.9849999999998511], [100.55500000000285, -0.9849999999998511], [100.55500000000285, -0.9949999999998509], [100.54500000000284, -0.9949999999998509], [100.54500000000284, -1.0249999999998503], [100.53500000000284, -1.0249999999998503]]], [[[101.0450000000031, -0.5949999999998594], [101.0550000000031, -0.5949999999998594], [101.0550000000031, -0.6049999999998592], [101.0450000000031, -0.6049999999998592], [101.0450000000031, -0.614999999999859], [101.0350000000031, -0.614999999999859], [101.0350000000031, -0.6349999999998586], [101.02500000000309, -0.6349999999998586], [101.02500000000309, -0.5749999999998598], [101.01500000000308, -0.5749999999998598], [101.01500000000308, -0.6449999999998584], [100.99500000000307, -0.6449999999998584], [100.99500000000307, -0.614999999999859], [100.98500000000307, -0.614999999999859], [100.98500000000307, -0.5849999999998596], [100.97500000000306, -0.5849999999998596], [100.97500000000306, -0.5549999999998603], [100.99500000000307, -0.5549999999998603], [100.99500000000307, -0.5449999999998605], [101.00500000000308, -0.5449999999998605], [101.00500000000308, -0.5549999999998603], [101.02500000000309, -0.5549999999998603], [101.02500000000309, -0.5649999999998601], [101.0350000000031, -0.5649999999998601], [101.0350000000031, -0.5749999999998598], [101.0450000000031, -0.5749999999998598], [101.0450000000031, -0.5949999999998594]]], [[[101.01500000000308, -0.49499999999986155], [101.02500000000309, -0.49499999999986155], [101.02500000000309, -0.5349999999998607], [101.01500000000308, -0.5349999999998607], [101.01500000000308, -0.49499999999986155]]], [[[100.36500000000275, -0.43499999999986283], [100.37500000000276, -0.43499999999986283], [100.37500000000276, -0.4549999999998624], [100.38500000000276, -0.4549999999998624], [100.38500000000276, -0.48499999999986176], [100.39500000000277, -0.48499999999986176], [100.39500000000277, -0.5149999999998611], [100.38500000000276, -0.5149999999998611], [100.38500000000276, -0.5349999999998607], [100.37500000000276, -0.5349999999998607], [100.37500000000276, -0.5549999999998603], [100.36500000000275, -0.5549999999998603], [100.36500000000275, -0.5649999999998601], [100.29500000000272, -0.5649999999998601], [100.29500000000272, -0.5749999999998598], [100.2550000000027, -0.5749999999998598], [100.2550000000027, -0.5649999999998601], [100.24500000000269, -0.5649999999998601], [100.24500000000269, -0.5449999999998605], [100.23500000000269, -0.5449999999998605], [100.23500000000269, -0.5149999999998611], [100.22500000000268, -0.5149999999998611], [100.22500000000268, -0.4649999999998622], [100.23500000000269, -0.4649999999998622], [100.23500000000269, -0.43499999999986283], [100.24500000000269, -0.43499999999986283], [100.24500000000269, -0.40499999999986347], [100.2550000000027, -0.40499999999986347], [100.2550000000027, -0.3949999999998637], [100.2650000000027, -0.3949999999998637], [100.2650000000027, -0.3849999999998639], [100.28500000000271, -0.3849999999998639], [100.28500000000271, -0.3749999999998641], [100.29500000000272, -0.3749999999998641], [100.29500000000272, -0.3649999999998643], [100.30500000000272, -0.3649999999998643], [100.30500000000272, -0.34499999999986475], [100.31500000000273, -0.34499999999986475], [100.31500000000273, -0.3249999999998652], [100.33500000000274, -0.3249999999998652], [100.33500000000274, -0.35499999999986454], [100.34500000000274, -0.35499999999986454], [100.34500000000274, -0.3749999999998641], [100.35500000000275, -0.3749999999998641], [100.35500000000275, -0.40499999999986347], [100.36500000000275, -0.40499999999986347], [100.36500000000275, -0.43499999999986283]]], [[[101.09500000000313, -0.19499999999986795], [101.09500000000313, -0.21499999999986752], [101.10500000000313, -0.21499999999986752], [101.10500000000313, -0.24499999999986688], [101.11500000000314, -0.24499999999986688], [101.11500000000314, -0.26499999999986645], [101.10500000000313, -0.26499999999986645], [101.10500000000313, -0.3049999999998656], [101.09500000000313, -0.3049999999998656], [101.09500000000313, -0.33499999999986496], [101.08500000000312, -0.33499999999986496], [101.08500000000312, -0.35499999999986454], [101.07500000000312, -0.35499999999986454], [101.07500000000312, -0.3749999999998641], [101.06500000000311, -0.3749999999998641], [101.06500000000311, -0.3949999999998637], [101.0550000000031, -0.3949999999998637], [101.0550000000031, -0.40499999999986347], [101.0450000000031, -0.40499999999986347], [101.0450000000031, -0.41499999999986326], [101.0350000000031, -0.41499999999986326], [101.0350000000031, -0.42499999999986304], [101.01500000000308, -0.42499999999986304], [101.01500000000308, -0.43499999999986283], [100.96500000000306, -0.43499999999986283], [100.96500000000306, -0.26499999999986645], [100.97500000000306, -0.26499999999986645], [100.97500000000306, -0.2349999999998671], [100.98500000000307, -0.2349999999998671], [100.98500000000307, -0.2249999999998673], [100.99500000000307, -0.2249999999998673], [100.99500000000307, -0.20499999999986773], [101.00500000000308, -0.20499999999986773], [101.00500000000308, -0.18499999999986816], [101.01500000000308, -0.18499999999986816], [101.01500000000308, -0.16499999999986859], [101.02500000000309, -0.16499999999986859], [101.02500000000309, -0.144999999999869], [101.0350000000031, -0.144999999999869], [101.0350000000031, -0.12499999999986944], [101.0450000000031, -0.12499999999986944], [101.0450000000031, -0.11499999999986965], [101.0550000000031, -0.11499999999986965], [101.0550000000031, -0.13499999999986922], [101.06500000000311, -0.13499999999986922], [101.06500000000311, -0.1549999999998688], [101.07500000000312, -0.1549999999998688], [101.07500000000312, -0.17499999999986837], [101.08500000000312, -0.17499999999986837], [101.08500000000312, -0.19499999999986795], [101.09500000000313, -0.19499999999986795]]], [[[100.80500000000298, -0.014999999999871783], [100.80500000000298, -0.0749999999998705], [100.81500000000298, -0.0749999999998705], [100.81500000000298, -0.12499999999986944], [100.82500000000299, -0.12499999999986944], [100.82500000000299, -0.17499999999986837], [100.83500000000299, -0.17499999999986837], [100.83500000000299, -0.2349999999998671], [100.845000000003, -0.2349999999998671], [100.845000000003, -0.25499999999986667], [100.83500000000299, -0.25499999999986667], [100.83500000000299, -0.27499999999986624], [100.82500000000299, -0.27499999999986624], [100.82500000000299, -0.2949999999998658], [100.81500000000298, -0.2949999999998658], [100.81500000000298, -0.3049999999998656], [100.80500000000298, -0.3049999999998656], [100.80500000000298, -0.3149999999998654], [100.79500000000297, -0.3149999999998654], [100.79500000000297, -0.3249999999998652], [100.78500000000297, -0.3249999999998652], [100.78500000000297, -0.33499999999986496], [100.76500000000296, -0.33499999999986496], [100.76500000000296, -0.34499999999986475], [100.73500000000294, -0.34499999999986475], [100.73500000000294, -0.35499999999986454], [100.72500000000294, -0.35499999999986454], [100.72500000000294, -0.33499999999986496], [100.71500000000293, -0.33499999999986496], [100.71500000000293, -0.3049999999998656], [100.70500000000293, -0.3049999999998656], [100.70500000000293, -0.284999999999866], [100.69500000000292, -0.284999999999866], [100.69500000000292, -0.24499999999986688], [100.68500000000292, -0.24499999999986688], [100.68500000000292, -0.18499999999986816], [100.67500000000291, -0.18499999999986816], [100.67500000000291, -0.13499999999986922], [100.6650000000029, -0.13499999999986922], [100.6650000000029, -0.08499999999987029], [100.6550000000029, -0.08499999999987029], [100.6550000000029, -0.0749999999998705], [100.67500000000291, -0.0749999999998705], [100.67500000000291, -0.06499999999987072], [100.69500000000292, -0.06499999999987072], [100.69500000000292, -0.05499999999987093], [100.71500000000293, -0.05499999999987093], [100.71500000000293, -0.04499999999987114], [100.73500000000294, -0.04499999999987114], [100.73500000000294, -0.034999999999871356], [100.74500000000295, -0.034999999999871356], [100.74500000000295, -0.02499999999987157], [100.75500000000295, -0.02499999999987157], [100.75500000000295, 0.005000000000127791], [100.74500000000295, 0.005000000000127791], [100.74500000000295, 0.015000000000127578], [100.72500000000294, 0.015000000000127578], [100.72500000000294, 0.025000000000127365], [100.69500000000292, 0.025000000000127365], [100.69500000000292, 0.03500000000012715], [100.68500000000292, 0.03500000000012715], [100.68500000000292, 0.04500000000012694], [100.76500000000296, 0.04500000000012694], [100.76500000000296, 0.03500000000012715], [100.77500000000296, 0.03500000000012715], [100.77500000000296, 0.025000000000127365], [100.78500000000297, 0.025000000000127365], [100.78500000000297, 0.005000000000127791], [100.79500000000297, 0.005000000000127791], [100.79500000000297, -0.014999999999871783], [100.80500000000298, -0.014999999999871783]]], [[[102.0150000000036, 0.2250000000001231], [101.99500000000359, 0.2250000000001231], [101.99500000000359, 0.2350000000001229], [101.97500000000358, 0.2350000000001229], [101.97500000000358, 0.25500000000012246], [101.98500000000358, 0.25500000000012246], [101.98500000000358, 0.26500000000012225], [102.0350000000036, 0.26500000000012225], [102.0350000000036, 0.25500000000012246], [102.04500000000361, 0.25500000000012246], [102.04500000000361, 0.24500000000012268], [102.0350000000036, 0.24500000000012268], [102.0350000000036, 0.2350000000001229], [102.0150000000036, 0.2350000000001229], [102.0150000000036, 0.2250000000001231]]], [[[99.31500000000221, 0.5750000000001156], [99.32500000000222, 0.5750000000001156], [99.32500000000222, 0.5650000000001159], [99.33500000000222, 0.5650000000001159], [99.33500000000222, 0.5450000000001163], [99.34500000000223, 0.5450000000001163], [99.34500000000223, 0.5350000000001165], [99.35500000000224, 0.5350000000001165], [99.35500000000224, 0.5250000000001167], [99.36500000000224, 0.5250000000001167], [99.36500000000224, 0.5050000000001171], [99.37500000000225, 0.5050000000001171], [99.37500000000225, 0.48500000000011756], [99.38500000000225, 0.48500000000011756], [99.38500000000225, 0.4750000000001178], [99.39500000000226, 0.4750000000001178], [99.39500000000226, 0.465000000000118], [99.40500000000226, 0.465000000000118], [99.40500000000226, 0.4550000000001182], [99.41500000000227, 0.4550000000001182], [99.41500000000227, 0.4450000000001184], [99.42500000000227, 0.4450000000001184], [99.42500000000227, 0.4350000000001186], [99.43500000000228, 0.4350000000001186], [99.43500000000228, 0.42500000000011884], [99.44500000000228, 0.42500000000011884], [99.44500000000228, 0.41500000000011905], [99.46500000000229, 0.41500000000011905], [99.46500000000229, 0.40500000000011926], [99.4850000000023, 0.40500000000011926], [99.4850000000023, 0.3950000000001195], [99.51500000000232, 0.3950000000001195], [99.51500000000232, 0.3850000000001197], [99.55500000000234, 0.3850000000001197], [99.55500000000234, 0.3750000000001199], [99.58500000000235, 0.3750000000001199], [99.58500000000235, 0.3650000000001201], [99.60500000000236, 0.3650000000001201], [99.60500000000236, 0.35500000000012033], [99.61500000000237, 0.35500000000012033], [99.61500000000237, 0.34500000000012054], [99.62500000000237, 0.34500000000012054], [99.62500000000237, 0.33500000000012076], [99.63500000000238, 0.33500000000012076], [99.63500000000238, 0.3150000000001212], [99.64500000000238, 0.3150000000001212], [99.64500000000238, 0.2850000000001218], [99.65500000000239, 0.2850000000001218], [99.65500000000239, 0.2350000000001229], [99.64500000000238, 0.2350000000001229], [99.64500000000238, 0.24500000000012268], [99.62500000000237, 0.24500000000012268], [99.62500000000237, 0.25500000000012246], [99.61500000000237, 0.25500000000012246], [99.61500000000237, 0.26500000000012225], [99.60500000000236, 0.26500000000012225], [99.60500000000236, 0.27500000000012204], [99.59500000000236, 0.27500000000012204], [99.59500000000236, 0.2850000000001218], [99.57500000000235, 0.2850000000001218], [99.57500000000235, 0.2950000000001216], [99.50500000000231, 0.2950000000001216], [99.50500000000231, 0.3050000000001214], [99.4950000000023, 0.3050000000001214], [99.4950000000023, 0.2950000000001216], [99.40500000000226, 0.2950000000001216], [99.40500000000226, 0.2850000000001218], [99.36500000000224, 0.2850000000001218], [99.36500000000224, 0.27500000000012204], [99.33500000000222, 0.27500000000012204], [99.33500000000222, 0.26500000000012225], [99.30500000000221, 0.26500000000012225], [99.30500000000221, 0.25500000000012246], [99.2850000000022, 0.25500000000012246], [99.2850000000022, 0.24500000000012268], [99.24500000000218, 0.24500000000012268], [99.24500000000218, 0.25500000000012246], [99.23500000000217, 0.25500000000012246], [99.23500000000217, 0.32500000000012097], [99.22500000000217, 0.32500000000012097], [99.22500000000217, 0.41500000000011905], [99.21500000000216, 0.41500000000011905], [99.21500000000216, 0.5350000000001165], [99.22500000000217, 0.5350000000001165], [99.22500000000217, 0.5650000000001159], [99.23500000000217, 0.5650000000001159], [99.23500000000217, 0.5850000000001154], [99.24500000000218, 0.5850000000001154], [99.24500000000218, 0.605000000000115], [99.25500000000218, 0.605000000000115], [99.25500000000218, 0.6150000000001148], [99.2850000000022, 0.6150000000001148], [99.2850000000022, 0.605000000000115], [99.2950000000022, 0.605000000000115], [99.2950000000022, 0.5950000000001152], [99.30500000000221, 0.5950000000001152], [99.30500000000221, 0.5850000000001154], [99.31500000000221, 0.5850000000001154], [99.31500000000221, 0.5750000000001156]]], [[[97.56500000000132, 1.0150000000001063], [97.57500000000132, 1.0150000000001063], [97.57500000000132, 0.9950000000001067], [97.58500000000133, 0.9950000000001067], [97.58500000000133, 0.9650000000001073], [97.59500000000133, 0.9650000000001073], [97.59500000000133, 0.935000000000108], [97.60500000000134, 0.935000000000108], [97.60500000000134, 0.9050000000001086], [97.61500000000134, 0.9050000000001086], [97.61500000000134, 0.8550000000001097], [97.62500000000135, 0.8550000000001097], [97.62500000000135, 0.8250000000001103], [97.61500000000134, 0.8250000000001103], [97.61500000000134, 0.8350000000001101], [97.60500000000134, 0.8350000000001101], [97.60500000000134, 0.8450000000001099], [97.59500000000133, 0.8450000000001099], [97.59500000000133, 0.8550000000001097], [97.58500000000133, 0.8550000000001097], [97.58500000000133, 0.8750000000001092], [97.57500000000132, 0.8750000000001092], [97.57500000000132, 0.885000000000109], [97.56500000000132, 0.885000000000109], [97.56500000000132, 0.8950000000001088], [97.55500000000131, 0.8950000000001088], [97.55500000000131, 0.9050000000001086], [97.54500000000131, 0.9050000000001086], [97.54500000000131, 0.9150000000001084], [97.5350000000013, 0.9150000000001084], [97.5350000000013, 0.9250000000001082], [97.5250000000013, 0.9250000000001082], [97.5250000000013, 0.935000000000108], [97.5150000000013, 0.935000000000108], [97.5150000000013, 0.9450000000001078], [97.50500000000129, 0.9450000000001078], [97.50500000000129, 0.9550000000001075], [97.49500000000128, 0.9550000000001075], [97.49500000000128, 0.9650000000001073], [97.48500000000128, 0.9650000000001073], [97.48500000000128, 0.9750000000001071], [97.46500000000127, 0.9750000000001071], [97.46500000000127, 0.9850000000001069], [97.45500000000126, 0.9850000000001069], [97.45500000000126, 0.9950000000001067], [97.44500000000126, 0.9950000000001067], [97.44500000000126, 1.0150000000001063], [97.45500000000126, 1.0150000000001063], [97.45500000000126, 1.025000000000106], [97.46500000000127, 1.025000000000106], [97.46500000000127, 1.0450000000001056], [97.47500000000127, 1.0450000000001056], [97.47500000000127, 1.0550000000001054], [97.48500000000128, 1.0550000000001054], [97.48500000000128, 1.0650000000001052], [97.5350000000013, 1.0650000000001052], [97.5350000000013, 1.0550000000001054], [97.54500000000131, 1.0550000000001054], [97.54500000000131, 1.0450000000001056], [97.55500000000131, 1.0450000000001056], [97.55500000000131, 1.0350000000001058], [97.56500000000132, 1.0350000000001058], [97.56500000000132, 1.0150000000001063]]], [[[97.76500000000142, 0.9650000000001073], [97.76500000000142, 0.9550000000001075], [97.75500000000142, 0.9550000000001075], [97.75500000000142, 0.9450000000001078], [97.7350000000014, 0.9450000000001078], [97.7350000000014, 0.9550000000001075], [97.7250000000014, 0.9550000000001075], [97.7250000000014, 0.9650000000001073], [97.7150000000014, 0.9650000000001073], [97.7150000000014, 0.9750000000001071], [97.70500000000139, 0.9750000000001071], [97.70500000000139, 0.9850000000001069], [97.69500000000139, 0.9850000000001069], [97.69500000000139, 1.0050000000001065], [97.70500000000139, 1.0050000000001065], [97.70500000000139, 1.0150000000001063], [97.7150000000014, 1.0150000000001063], [97.7150000000014, 1.025000000000106], [97.7350000000014, 1.025000000000106], [97.7350000000014, 1.0350000000001058], [97.75500000000142, 1.0350000000001058], [97.75500000000142, 1.025000000000106], [97.77500000000143, 1.025000000000106], [97.77500000000143, 1.0050000000001065], [97.78500000000143, 1.0050000000001065], [97.78500000000143, 0.9850000000001069], [97.77500000000143, 0.9850000000001069], [97.77500000000143, 0.9650000000001073], [97.76500000000142, 0.9650000000001073]]], [[[100.81500000000298, 1.1850000000001026], [100.81500000000298, 1.1750000000001029], [100.83500000000299, 1.1750000000001029], [100.83500000000299, 1.165000000000103], [100.845000000003, 1.165000000000103], [100.845000000003, 1.1550000000001033], [100.855000000003, 1.1550000000001033], [100.855000000003, 1.1450000000001035], [100.87500000000301, 1.1450000000001035], [100.87500000000301, 1.1350000000001037], [100.89500000000302, 1.1350000000001037], [100.89500000000302, 1.125000000000104], [100.90500000000303, 1.125000000000104], [100.90500000000303, 1.1150000000001041], [100.92500000000304, 1.1150000000001041], [100.92500000000304, 1.1050000000001043], [100.94500000000305, 1.1050000000001043], [100.94500000000305, 1.0950000000001046], [100.96500000000306, 1.0950000000001046], [100.96500000000306, 1.0850000000001048], [100.97500000000306, 1.0850000000001048], [100.97500000000306, 1.075000000000105], [100.99500000000307, 1.075000000000105], [100.99500000000307, 1.0650000000001052], [101.00500000000308, 1.0650000000001052], [101.00500000000308, 1.0550000000001054], [101.01500000000308, 1.0550000000001054], [101.01500000000308, 1.0450000000001056], [101.02500000000309, 1.0450000000001056], [101.02500000000309, 1.0350000000001058], [101.0350000000031, 1.0350000000001058], [101.0350000000031, 1.0150000000001063], [101.0450000000031, 1.0150000000001063], [101.0450000000031, 0.9850000000001069], [101.0350000000031, 0.9850000000001069], [101.0350000000031, 0.9650000000001073], [101.02500000000309, 0.9650000000001073], [101.02500000000309, 0.9450000000001078], [101.01500000000308, 0.9450000000001078], [101.01500000000308, 0.9250000000001082], [101.00500000000308, 0.9250000000001082], [101.00500000000308, 0.9150000000001084], [100.99500000000307, 0.9150000000001084], [100.99500000000307, 0.9050000000001086], [100.98500000000307, 0.9050000000001086], [100.98500000000307, 0.8950000000001088], [100.97500000000306, 0.8950000000001088], [100.97500000000306, 0.885000000000109], [100.96500000000306, 0.885000000000109], [100.96500000000306, 0.8950000000001088], [100.95500000000305, 0.8950000000001088], [100.95500000000305, 0.9050000000001086], [100.94500000000305, 0.9050000000001086], [100.94500000000305, 0.9150000000001084], [100.92500000000304, 0.9150000000001084], [100.92500000000304, 0.9250000000001082], [100.91500000000303, 0.9250000000001082], [100.91500000000303, 0.935000000000108], [100.89500000000302, 0.935000000000108], [100.89500000000302, 0.9450000000001078], [100.88500000000302, 0.9450000000001078], [100.88500000000302, 0.9550000000001075], [100.86500000000301, 0.9550000000001075], [100.86500000000301, 0.9650000000001073], [100.845000000003, 0.9650000000001073], [100.845000000003, 0.9750000000001071], [100.82500000000299, 0.9750000000001071], [100.82500000000299, 0.9850000000001069], [100.79500000000297, 0.9850000000001069], [100.79500000000297, 0.9950000000001067], [100.76500000000296, 0.9950000000001067], [100.76500000000296, 1.0050000000001065], [100.74500000000295, 1.0050000000001065], [100.74500000000295, 1.0150000000001063], [100.72500000000294, 1.0150000000001063], [100.72500000000294, 1.025000000000106], [100.70500000000293, 1.025000000000106], [100.70500000000293, 1.0350000000001058], [100.68500000000292, 1.0350000000001058], [100.68500000000292, 1.0450000000001056], [100.67500000000291, 1.0450000000001056], [100.67500000000291, 1.0550000000001054], [100.68500000000292, 1.0550000000001054], [100.68500000000292, 1.1050000000001043], [100.69500000000292, 1.1050000000001043], [100.69500000000292, 1.1350000000001037], [100.70500000000293, 1.1350000000001037], [100.70500000000293, 1.165000000000103], [100.71500000000293, 1.165000000000103], [100.71500000000293, 1.1850000000001026], [100.72500000000294, 1.1850000000001026], [100.72500000000294, 1.2050000000001022], [100.73500000000294, 1.2050000000001022], [100.73500000000294, 1.215000000000102], [100.74500000000295, 1.215000000000102], [100.74500000000295, 1.2250000000001018], [100.76500000000296, 1.2250000000001018], [100.76500000000296, 1.215000000000102], [100.77500000000296, 1.215000000000102], [100.77500000000296, 1.2050000000001022], [100.78500000000297, 1.2050000000001022], [100.78500000000297, 1.1950000000001024], [100.80500000000298, 1.1950000000001024], [100.80500000000298, 1.1850000000001026], [100.81500000000298, 1.1850000000001026]]], [[[99.2950000000022, 1.1550000000001033], [99.30500000000221, 1.1550000000001033], [99.30500000000221, 1.125000000000104], [99.31500000000221, 1.125000000000104], [99.31500000000221, 1.0950000000001046], [99.32500000000222, 1.0950000000001046], [99.32500000000222, 1.0650000000001052], [99.33500000000222, 1.0650000000001052], [99.33500000000222, 1.0350000000001058], [99.34500000000223, 1.0350000000001058], [99.34500000000223, 0.9850000000001069], [99.33500000000222, 0.9850000000001069], [99.33500000000222, 0.9650000000001073], [99.32500000000222, 0.9650000000001073], [99.32500000000222, 0.9550000000001075], [99.31500000000221, 0.9550000000001075], [99.31500000000221, 0.9450000000001078], [99.30500000000221, 0.9450000000001078], [99.30500000000221, 0.935000000000108], [99.2950000000022, 0.935000000000108], [99.2950000000022, 0.9250000000001082], [99.2850000000022, 0.9250000000001082], [99.2850000000022, 0.9150000000001084], [99.2750000000022, 0.9150000000001084], [99.2750000000022, 0.9050000000001086], [99.26500000000219, 0.9050000000001086], [99.26500000000219, 0.8950000000001088], [99.24500000000218, 0.8950000000001088], [99.24500000000218, 0.9050000000001086], [99.23500000000217, 0.9050000000001086], [99.23500000000217, 0.9150000000001084], [99.22500000000217, 0.9150000000001084], [99.22500000000217, 0.935000000000108], [99.21500000000216, 0.935000000000108], [99.21500000000216, 0.9550000000001075], [99.20500000000216, 0.9550000000001075], [99.20500000000216, 0.9750000000001071], [99.19500000000215, 0.9750000000001071], [99.19500000000215, 0.9950000000001067], [99.18500000000215, 0.9950000000001067], [99.18500000000215, 1.0350000000001058], [99.19500000000215, 1.0350000000001058], [99.19500000000215, 1.1150000000001041], [99.20500000000216, 1.1150000000001041], [99.20500000000216, 1.165000000000103], [99.21500000000216, 1.165000000000103], [99.21500000000216, 1.2050000000001022], [99.22500000000217, 1.2050000000001022], [99.22500000000217, 1.2250000000001018], [99.23500000000217, 1.2250000000001018], [99.23500000000217, 1.2450000000001014], [99.26500000000219, 1.2450000000001014], [99.26500000000219, 1.2250000000001018], [99.2750000000022, 1.2250000000001018], [99.2750000000022, 1.2050000000001022], [99.2850000000022, 1.2050000000001022], [99.2850000000022, 1.1750000000001029], [99.2950000000022, 1.1750000000001029], [99.2950000000022, 1.1550000000001033]]], [[[97.7250000000014, 1.1850000000001026], [97.74500000000141, 1.1850000000001026], [97.74500000000141, 1.1750000000001029], [97.77500000000143, 1.1750000000001029], [97.77500000000143, 1.1550000000001033], [97.7150000000014, 1.1550000000001033], [97.7150000000014, 1.165000000000103], [97.70500000000139, 1.165000000000103], [97.70500000000139, 1.1750000000001029], [97.68500000000138, 1.1750000000001029], [97.68500000000138, 1.1850000000001026], [97.67500000000138, 1.1850000000001026], [97.67500000000138, 1.2050000000001022], [97.66500000000137, 1.2050000000001022], [97.66500000000137, 1.2250000000001018], [97.67500000000138, 1.2250000000001018], [97.67500000000138, 1.215000000000102], [97.68500000000138, 1.215000000000102], [97.68500000000138, 1.2050000000001022], [97.70500000000139, 1.2050000000001022], [97.70500000000139, 1.1950000000001024], [97.7250000000014, 1.1950000000001024], [97.7250000000014, 1.1850000000001026]]], [[[97.65500000000137, 1.2450000000001014], [97.66500000000137, 1.2450000000001014], [97.66500000000137, 1.2250000000001018], [97.65500000000137, 1.2250000000001018], [97.65500000000137, 1.2450000000001014]]], [[[100.32500000000273, 1.2050000000001022], [100.31500000000273, 1.2050000000001022], [100.31500000000273, 1.1950000000001024], [100.30500000000272, 1.1950000000001024], [100.30500000000272, 1.1750000000001029], [100.29500000000272, 1.1750000000001029], [100.29500000000272, 1.165000000000103], [100.28500000000271, 1.165000000000103], [100.28500000000271, 1.1550000000001033], [100.2750000000027, 1.1550000000001033], [100.2750000000027, 1.1450000000001035], [100.2650000000027, 1.1450000000001035], [100.2650000000027, 1.1350000000001037], [100.24500000000269, 1.1350000000001037], [100.24500000000269, 1.1450000000001035], [100.23500000000269, 1.1450000000001035], [100.23500000000269, 1.165000000000103], [100.22500000000268, 1.165000000000103], [100.22500000000268, 1.1750000000001029], [100.21500000000268, 1.1750000000001029], [100.21500000000268, 1.1950000000001024], [100.22500000000268, 1.1950000000001024], [100.22500000000268, 1.215000000000102], [100.23500000000269, 1.215000000000102], [100.23500000000269, 1.2350000000001016], [100.24500000000269, 1.2350000000001016], [100.24500000000269, 1.2450000000001014], [100.2550000000027, 1.2450000000001014], [100.2550000000027, 1.2550000000001011], [100.2650000000027, 1.2550000000001011], [100.2650000000027, 1.2750000000001007], [100.2750000000027, 1.2750000000001007], [100.2750000000027, 1.2950000000001003], [100.28500000000271, 1.2950000000001003], [100.28500000000271, 1.3050000000001], [100.29500000000272, 1.3050000000001], [100.29500000000272, 1.3150000000000999], [100.30500000000272, 1.3150000000000999], [100.30500000000272, 1.3250000000000997], [100.31500000000273, 1.3250000000000997], [100.31500000000273, 1.3350000000000994], [100.33500000000274, 1.3350000000000994], [100.33500000000274, 1.3450000000000992], [100.35500000000275, 1.3450000000000992], [100.35500000000275, 1.2950000000001003], [100.34500000000274, 1.2950000000001003], [100.34500000000274, 1.2350000000001016], [100.33500000000274, 1.2350000000001016], [100.33500000000274, 1.2250000000001018], [100.32500000000273, 1.2250000000001018], [100.32500000000273, 1.2050000000001022]]], [[[102.04500000000361, 1.2450000000001014], [102.0350000000036, 1.2450000000001014], [102.0350000000036, 1.2250000000001018], [102.0250000000036, 1.2250000000001018], [102.0250000000036, 1.215000000000102], [102.0150000000036, 1.215000000000102], [102.0150000000036, 1.2050000000001022], [102.00500000000359, 1.2050000000001022], [102.00500000000359, 1.1950000000001024], [101.98500000000358, 1.1950000000001024], [101.98500000000358, 1.2050000000001022], [101.97500000000358, 1.2050000000001022], [101.97500000000358, 1.215000000000102], [101.96500000000357, 1.215000000000102], [101.96500000000357, 1.2250000000001018], [101.95500000000357, 1.2250000000001018], [101.95500000000357, 1.2350000000001016], [101.94500000000356, 1.2350000000001016], [101.94500000000356, 1.2450000000001014], [101.93500000000355, 1.2450000000001014], [101.93500000000355, 1.265000000000101], [101.94500000000356, 1.265000000000101], [101.94500000000356, 1.2750000000001007], [101.95500000000357, 1.2750000000001007], [101.95500000000357, 1.2850000000001005], [101.96500000000357, 1.2850000000001005], [101.96500000000357, 1.2950000000001003], [101.97500000000358, 1.2950000000001003], [101.97500000000358, 1.3050000000001], [101.98500000000358, 1.3050000000001], [101.98500000000358, 1.3150000000000999], [102.0150000000036, 1.3150000000000999], [102.0150000000036, 1.2950000000001003], [102.0250000000036, 1.2950000000001003], [102.0250000000036, 1.2750000000001007], [102.0350000000036, 1.2750000000001007], [102.0350000000036, 1.2550000000001011], [102.04500000000361, 1.2550000000001011], [102.04500000000361, 1.2450000000001014]]], [[[101.06500000000311, 2.5050000000000745], [101.07500000000312, 2.5050000000000745], [101.07500000000312, 2.4950000000000747], [101.09500000000313, 2.4950000000000747], [101.09500000000313, 2.485000000000075], [101.10500000000313, 2.485000000000075], [101.10500000000313, 2.475000000000075], [101.12500000000314, 2.475000000000075], [101.12500000000314, 2.4650000000000754], [101.13500000000315, 2.4650000000000754], [101.13500000000315, 2.4550000000000756], [101.14500000000315, 2.4550000000000756], [101.14500000000315, 2.445000000000076], [101.15500000000316, 2.445000000000076], [101.15500000000316, 2.425000000000076], [101.16500000000316, 2.425000000000076], [101.16500000000316, 2.4150000000000764], [101.17500000000317, 2.4150000000000764], [101.17500000000317, 2.395000000000077], [101.14500000000315, 2.395000000000077], [101.14500000000315, 2.385000000000077], [101.11500000000314, 2.385000000000077], [101.11500000000314, 2.3750000000000773], [101.07500000000312, 2.3750000000000773], [101.07500000000312, 2.3650000000000775], [101.0450000000031, 2.3650000000000775], [101.0450000000031, 2.3550000000000777], [101.01500000000308, 2.3550000000000777], [101.01500000000308, 2.345000000000078], [101.00500000000308, 2.345000000000078], [101.00500000000308, 2.335000000000078], [100.99500000000307, 2.335000000000078], [100.99500000000307, 2.3150000000000786], [100.98500000000307, 2.3150000000000786], [100.98500000000307, 2.25500000000008], [100.97500000000306, 2.25500000000008], [100.97500000000306, 2.24500000000008], [100.98500000000307, 2.24500000000008], [100.98500000000307, 2.205000000000081], [100.99500000000307, 2.205000000000081], [100.99500000000307, 2.1650000000000817], [101.00500000000308, 2.1650000000000817], [101.00500000000308, 2.155000000000082], [101.02500000000309, 2.155000000000082], [101.02500000000309, 2.145000000000082], [101.0550000000031, 2.145000000000082], [101.0550000000031, 2.1350000000000824], [101.09500000000313, 2.1350000000000824], [101.09500000000313, 2.1250000000000826], [101.13500000000315, 2.1250000000000826], [101.13500000000315, 2.115000000000083], [101.16500000000316, 2.115000000000083], [101.16500000000316, 2.105000000000083], [101.20500000000318, 2.105000000000083], [101.20500000000318, 2.0950000000000832], [101.21500000000319, 2.0950000000000832], [101.21500000000319, 2.0350000000000845], [101.20500000000318, 2.0350000000000845], [101.20500000000318, 2.015000000000085], [101.28500000000322, 2.015000000000085], [101.28500000000322, 2.005000000000085], [101.31500000000324, 2.005000000000085], [101.31500000000324, 1.9750000000000858], [101.32500000000324, 1.9750000000000858], [101.32500000000324, 1.9250000000000869], [101.33500000000325, 1.9250000000000869], [101.33500000000325, 1.875000000000088], [101.34500000000325, 1.875000000000088], [101.34500000000325, 1.8150000000000892], [101.35500000000326, 1.8150000000000892], [101.35500000000326, 1.7450000000000907], [101.36500000000326, 1.7450000000000907], [101.36500000000326, 1.7050000000000916], [101.37500000000327, 1.7050000000000916], [101.37500000000327, 1.6650000000000924], [101.34500000000325, 1.6650000000000924], [101.34500000000325, 1.6550000000000926], [101.30500000000323, 1.6550000000000926], [101.30500000000323, 1.6450000000000928], [101.25500000000321, 1.6450000000000928], [101.25500000000321, 1.635000000000093], [101.21500000000319, 1.635000000000093], [101.21500000000319, 1.6450000000000928], [101.10500000000313, 1.6450000000000928], [101.10500000000313, 1.6550000000000926], [101.0550000000031, 1.6550000000000926], [101.0550000000031, 1.6650000000000924], [101.0350000000031, 1.6650000000000924], [101.0350000000031, 1.6750000000000922], [101.01500000000308, 1.6750000000000922], [101.01500000000308, 1.685000000000092], [101.00500000000308, 1.685000000000092], [101.00500000000308, 1.6950000000000918], [100.99500000000307, 1.6950000000000918], [100.99500000000307, 1.7050000000000916], [100.98500000000307, 1.7050000000000916], [100.98500000000307, 1.7250000000000911], [100.97500000000306, 1.7250000000000911], [100.97500000000306, 1.735000000000091], [100.96500000000306, 1.735000000000091], [100.96500000000306, 1.7450000000000907], [100.95500000000305, 1.7450000000000907], [100.95500000000305, 1.7550000000000905], [100.93500000000304, 1.7550000000000905], [100.93500000000304, 1.7650000000000903], [100.92500000000304, 1.7650000000000903], [100.92500000000304, 1.7550000000000905], [100.90500000000303, 1.7550000000000905], [100.90500000000303, 1.735000000000091], [100.91500000000303, 1.735000000000091], [100.91500000000303, 1.7250000000000911], [100.92500000000304, 1.7250000000000911], [100.92500000000304, 1.7150000000000913], [100.93500000000304, 1.7150000000000913], [100.93500000000304, 1.7050000000000916], [100.94500000000305, 1.7050000000000916], [100.94500000000305, 1.6950000000000918], [100.95500000000305, 1.6950000000000918], [100.95500000000305, 1.685000000000092], [100.96500000000306, 1.685000000000092], [100.96500000000306, 1.6750000000000922], [100.97500000000306, 1.6750000000000922], [100.97500000000306, 1.6650000000000924], [100.98500000000307, 1.6650000000000924], [100.98500000000307, 1.6550000000000926], [100.99500000000307, 1.6550000000000926], [100.99500000000307, 1.6450000000000928], [101.00500000000308, 1.6450000000000928], [101.00500000000308, 1.6250000000000933], [101.01500000000308, 1.6250000000000933], [101.01500000000308, 1.595000000000094], [101.02500000000309, 1.595000000000094], [101.02500000000309, 1.5750000000000943], [101.0350000000031, 1.5750000000000943], [101.0350000000031, 1.545000000000095], [101.0450000000031, 1.545000000000095], [101.0450000000031, 1.5150000000000956], [101.0550000000031, 1.5150000000000956], [101.0550000000031, 1.4650000000000967], [101.0450000000031, 1.4650000000000967], [101.0450000000031, 1.3950000000000982], [101.0350000000031, 1.3950000000000982], [101.0350000000031, 1.3450000000000992], [101.02500000000309, 1.3450000000000992], [101.02500000000309, 1.3150000000000999], [101.01500000000308, 1.3150000000000999], [101.01500000000308, 1.2950000000001003], [101.00500000000308, 1.2950000000001003], [101.00500000000308, 1.2850000000001005], [100.97500000000306, 1.2850000000001005], [100.97500000000306, 1.2950000000001003], [100.94500000000305, 1.2950000000001003], [100.94500000000305, 1.3050000000001], [100.88500000000302, 1.3050000000001], [100.88500000000302, 1.3150000000000999], [100.83500000000299, 1.3150000000000999], [100.83500000000299, 1.3050000000001], [100.82500000000299, 1.3050000000001], [100.82500000000299, 1.2950000000001003], [100.80500000000298, 1.2950000000001003], [100.80500000000298, 1.2850000000001005], [100.79500000000297, 1.2850000000001005], [100.79500000000297, 1.2750000000001007], [100.77500000000296, 1.2750000000001007], [100.77500000000296, 1.265000000000101], [100.72500000000294, 1.265000000000101], [100.72500000000294, 1.2750000000001007], [100.70500000000293, 1.2750000000001007], [100.70500000000293, 1.2850000000001005], [100.68500000000292, 1.2850000000001005], [100.68500000000292, 1.2950000000001003], [100.6650000000029, 1.2950000000001003], [100.6650000000029, 1.3050000000001], [100.6450000000029, 1.3050000000001], [100.6450000000029, 1.3150000000000999], [100.62500000000288, 1.3150000000000999], [100.62500000000288, 1.3250000000000997], [100.60500000000287, 1.3250000000000997], [100.60500000000287, 1.3350000000000994], [100.58500000000286, 1.3350000000000994], [100.58500000000286, 1.3450000000000992], [100.57500000000286, 1.3450000000000992], [100.57500000000286, 1.355000000000099], [100.55500000000285, 1.355000000000099], [100.55500000000285, 1.3650000000000988], [100.53500000000284, 1.3650000000000988], [100.53500000000284, 1.3750000000000986], [100.52500000000283, 1.3750000000000986], [100.52500000000283, 1.3850000000000984], [100.50500000000282, 1.3850000000000984], [100.50500000000282, 1.3950000000000982], [100.51500000000283, 1.3950000000000982], [100.51500000000283, 1.405000000000098], [100.52500000000283, 1.405000000000098], [100.52500000000283, 1.4150000000000977], [100.54500000000284, 1.4150000000000977], [100.54500000000284, 1.4250000000000975], [100.55500000000285, 1.4250000000000975], [100.55500000000285, 1.4350000000000973], [100.57500000000286, 1.4350000000000973], [100.57500000000286, 1.445000000000097], [100.59500000000287, 1.445000000000097], [100.59500000000287, 1.4550000000000969], [100.61500000000288, 1.4550000000000969], [100.61500000000288, 1.4650000000000967], [100.63500000000289, 1.4650000000000967], [100.63500000000289, 1.4750000000000965], [100.6650000000029, 1.4750000000000965], [100.6650000000029, 1.4850000000000962], [100.68500000000292, 1.4850000000000962], [100.68500000000292, 1.495000000000096], [100.72500000000294, 1.495000000000096], [100.72500000000294, 1.5050000000000958], [100.71500000000293, 1.5050000000000958], [100.71500000000293, 1.5150000000000956], [100.70500000000293, 1.5150000000000956], [100.70500000000293, 1.5250000000000954], [100.68500000000292, 1.5250000000000954], [100.68500000000292, 1.5350000000000952], [100.6650000000029, 1.5350000000000952], [100.6650000000029, 1.545000000000095], [100.63500000000289, 1.545000000000095], [100.63500000000289, 1.5550000000000948], [100.57500000000286, 1.5550000000000948], [100.57500000000286, 1.5650000000000945], [100.44500000000279, 1.5650000000000945], [100.44500000000279, 1.5550000000000948], [100.36500000000275, 1.5550000000000948], [100.36500000000275, 1.545000000000095], [100.28500000000271, 1.545000000000095], [100.28500000000271, 1.5350000000000952], [100.18500000000266, 1.5350000000000952], [100.18500000000266, 1.5250000000000954], [100.12500000000263, 1.5250000000000954], [100.12500000000263, 1.5150000000000956], [100.10500000000262, 1.5150000000000956], [100.10500000000262, 1.5050000000000958], [100.09500000000261, 1.5050000000000958], [100.09500000000261, 1.495000000000096], [100.0750000000026, 1.495000000000096], [100.0750000000026, 1.4850000000000962], [100.04500000000259, 1.4850000000000962], [100.04500000000259, 1.4750000000000965], [99.99500000000256, 1.4750000000000965], [99.99500000000256, 1.495000000000096], [99.98500000000256, 1.495000000000096], [99.98500000000256, 1.5350000000000952], [99.99500000000256, 1.5350000000000952], [99.99500000000256, 1.5650000000000945], [100.00500000000257, 1.5650000000000945], [100.00500000000257, 1.5750000000000943], [100.01500000000257, 1.5750000000000943], [100.01500000000257, 1.595000000000094], [100.02500000000258, 1.595000000000094], [100.02500000000258, 1.6150000000000935], [100.03500000000258, 1.6150000000000935], [100.03500000000258, 1.6550000000000926], [100.0750000000026, 1.6550000000000926], [100.0750000000026, 1.6650000000000924], [100.10500000000262, 1.6650000000000924], [100.10500000000262, 1.6750000000000922], [100.13500000000263, 1.6750000000000922], [100.13500000000263, 1.685000000000092], [100.15500000000264, 1.685000000000092], [100.15500000000264, 1.6950000000000918], [100.17500000000265, 1.6950000000000918], [100.17500000000265, 1.7050000000000916], [100.18500000000266, 1.7050000000000916], [100.18500000000266, 1.7150000000000913], [100.20500000000267, 1.7150000000000913], [100.20500000000267, 1.7250000000000911], [100.21500000000268, 1.7250000000000911], [100.21500000000268, 1.735000000000091], [100.22500000000268, 1.735000000000091], [100.22500000000268, 1.7450000000000907], [100.2650000000027, 1.7450000000000907], [100.2650000000027, 1.735000000000091], [100.28500000000271, 1.735000000000091], [100.28500000000271, 1.7250000000000911], [100.29500000000272, 1.7250000000000911], [100.29500000000272, 1.7150000000000913], [100.30500000000272, 1.7150000000000913], [100.30500000000272, 1.7050000000000916], [100.31500000000273, 1.7050000000000916], [100.31500000000273, 1.6950000000000918], [100.33500000000274, 1.6950000000000918], [100.33500000000274, 1.685000000000092], [100.34500000000274, 1.685000000000092], [100.34500000000274, 1.6750000000000922], [100.36500000000275, 1.6750000000000922], [100.36500000000275, 1.6650000000000924], [100.37500000000276, 1.6650000000000924], [100.37500000000276, 1.6550000000000926], [100.39500000000277, 1.6550000000000926], [100.39500000000277, 1.6450000000000928], [100.41500000000278, 1.6450000000000928], [100.41500000000278, 1.635000000000093], [100.43500000000279, 1.635000000000093], [100.43500000000279, 1.6250000000000933], [100.4550000000028, 1.6250000000000933], [100.4550000000028, 1.6150000000000935], [100.48500000000281, 1.6150000000000935], [100.48500000000281, 1.6050000000000937], [100.51500000000283, 1.6050000000000937], [100.51500000000283, 1.6150000000000935], [100.53500000000284, 1.6150000000000935], [100.53500000000284, 1.6250000000000933], [100.56500000000285, 1.6250000000000933], [100.56500000000285, 1.635000000000093], [100.58500000000286, 1.635000000000093], [100.58500000000286, 1.685000000000092], [100.59500000000287, 1.685000000000092], [100.59500000000287, 1.7250000000000911], [100.60500000000287, 1.7250000000000911], [100.60500000000287, 1.7450000000000907], [100.61500000000288, 1.7450000000000907], [100.61500000000288, 1.7650000000000903], [100.62500000000288, 1.7650000000000903], [100.62500000000288, 1.7850000000000898], [100.63500000000289, 1.7850000000000898], [100.63500000000289, 1.7950000000000896], [100.6450000000029, 1.7950000000000896], [100.6450000000029, 1.8050000000000894], [100.59500000000287, 1.8050000000000894], [100.59500000000287, 1.8150000000000892], [100.55500000000285, 1.8150000000000892], [100.55500000000285, 1.825000000000089], [100.52500000000283, 1.825000000000089], [100.52500000000283, 1.8350000000000888], [100.50500000000282, 1.8350000000000888], [100.50500000000282, 1.8450000000000886], [100.49500000000282, 1.8450000000000886], [100.49500000000282, 1.8550000000000884], [100.47500000000281, 1.8550000000000884], [100.47500000000281, 1.8650000000000881], [100.4650000000028, 1.8650000000000881], [100.4650000000028, 1.875000000000088], [100.4550000000028, 1.875000000000088], [100.4550000000028, 1.8850000000000877], [100.44500000000279, 1.8850000000000877], [100.44500000000279, 1.8950000000000875], [100.43500000000279, 1.8950000000000875], [100.43500000000279, 1.9050000000000873], [100.42500000000278, 1.9050000000000873], [100.42500000000278, 1.9250000000000869], [100.41500000000278, 1.9250000000000869], [100.41500000000278, 1.9350000000000867], [100.40500000000277, 1.9350000000000867], [100.40500000000277, 1.9550000000000862], [100.39500000000277, 1.9550000000000862], [100.39500000000277, 1.9750000000000858], [100.38500000000276, 1.9750000000000858], [100.38500000000276, 2.005000000000085], [100.39500000000277, 2.005000000000085], [100.39500000000277, 2.015000000000085], [100.40500000000277, 2.015000000000085], [100.40500000000277, 2.0250000000000847], [100.41500000000278, 2.0250000000000847], [100.41500000000278, 2.0350000000000845], [100.42500000000278, 2.0350000000000845], [100.42500000000278, 2.0450000000000843], [100.44500000000279, 2.0450000000000843], [100.44500000000279, 2.055000000000084], [100.4650000000028, 2.055000000000084], [100.4650000000028, 2.065000000000084], [100.49500000000282, 2.065000000000084], [100.49500000000282, 2.0750000000000837], [100.51500000000283, 2.0750000000000837], [100.51500000000283, 2.0850000000000835], [100.53500000000284, 2.0850000000000835], [100.53500000000284, 2.0950000000000832], [100.55500000000285, 2.0950000000000832], [100.55500000000285, 2.105000000000083], [100.57500000000286, 2.105000000000083], [100.57500000000286, 2.115000000000083], [100.59500000000287, 2.115000000000083], [100.59500000000287, 2.1350000000000824], [100.58500000000286, 2.1350000000000824], [100.58500000000286, 2.145000000000082], [100.57500000000286, 2.145000000000082], [100.57500000000286, 2.155000000000082], [100.55500000000285, 2.155000000000082], [100.55500000000285, 2.1650000000000817], [100.54500000000284, 2.1650000000000817], [100.54500000000284, 2.1750000000000815], [100.53500000000284, 2.1750000000000815], [100.53500000000284, 2.1850000000000813], [100.51500000000283, 2.1850000000000813], [100.51500000000283, 2.195000000000081], [100.50500000000282, 2.195000000000081], [100.50500000000282, 2.205000000000081], [100.51500000000283, 2.205000000000081], [100.51500000000283, 2.2150000000000807], [100.52500000000283, 2.2150000000000807], [100.52500000000283, 2.2250000000000805], [100.53500000000284, 2.2250000000000805], [100.53500000000284, 2.2350000000000803], [100.54500000000284, 2.2350000000000803], [100.54500000000284, 2.285000000000079], [100.55500000000285, 2.285000000000079], [100.55500000000285, 2.335000000000078], [100.56500000000285, 2.335000000000078], [100.56500000000285, 2.3550000000000777], [100.57500000000286, 2.3550000000000777], [100.57500000000286, 2.3750000000000773], [100.58500000000286, 2.3750000000000773], [100.58500000000286, 2.385000000000077], [100.59500000000287, 2.385000000000077], [100.59500000000287, 2.395000000000077], [100.61500000000288, 2.395000000000077], [100.61500000000288, 2.4050000000000766], [100.6450000000029, 2.4050000000000766], [100.6450000000029, 2.4150000000000764], [100.70500000000293, 2.4150000000000764], [100.70500000000293, 2.4050000000000766], [100.75500000000295, 2.4050000000000766], [100.75500000000295, 2.4150000000000764], [100.76500000000296, 2.4150000000000764], [100.76500000000296, 2.425000000000076], [100.81500000000298, 2.425000000000076], [100.81500000000298, 2.435000000000076], [100.87500000000301, 2.435000000000076], [100.87500000000301, 2.445000000000076], [100.89500000000302, 2.445000000000076], [100.89500000000302, 2.4550000000000756], [100.91500000000303, 2.4550000000000756], [100.91500000000303, 2.4650000000000754], [100.92500000000304, 2.4650000000000754], [100.92500000000304, 2.485000000000075], [100.93500000000304, 2.485000000000075], [100.93500000000304, 2.5050000000000745], [100.94500000000305, 2.5050000000000745], [100.94500000000305, 2.5150000000000743], [100.95500000000305, 2.5150000000000743], [100.95500000000305, 2.525000000000074], [100.96500000000306, 2.525000000000074], [100.96500000000306, 2.535000000000074], [100.97500000000306, 2.535000000000074], [100.97500000000306, 2.5450000000000736], [100.98500000000307, 2.5450000000000736], [100.98500000000307, 2.5550000000000734], [101.00500000000308, 2.5550000000000734], [101.00500000000308, 2.565000000000073], [101.01500000000308, 2.565000000000073], [101.01500000000308, 2.5550000000000734], [101.0450000000031, 2.5550000000000734], [101.0450000000031, 2.535000000000074], [101.0550000000031, 2.535000000000074], [101.0550000000031, 2.525000000000074], [101.06500000000311, 2.525000000000074], [101.06500000000311, 2.5050000000000745]]], [[[101.48500000000332, 1.9350000000000867], [101.46500000000331, 1.9350000000000867], [101.46500000000331, 1.9450000000000864], [101.4450000000033, 1.9450000000000864], [101.4450000000033, 1.9550000000000862], [101.4250000000033, 1.9550000000000862], [101.4250000000033, 1.965000000000086], [101.41500000000329, 1.965000000000086], [101.41500000000329, 1.9750000000000858], [101.39500000000328, 1.9750000000000858], [101.39500000000328, 1.9850000000000856], [101.38500000000327, 1.9850000000000856], [101.38500000000327, 1.9950000000000854], [101.37500000000327, 1.9950000000000854], [101.37500000000327, 2.005000000000085], [101.45500000000331, 2.005000000000085], [101.45500000000331, 1.9950000000000854], [101.50500000000334, 1.9950000000000854], [101.50500000000334, 1.9750000000000858], [101.51500000000334, 1.9750000000000858], [101.51500000000334, 1.9250000000000869], [101.48500000000332, 1.9250000000000869], [101.48500000000332, 1.9350000000000867]]], [[[98.29500000000169, 2.285000000000079], [98.29500000000169, 2.2750000000000794], [98.3050000000017, 2.2750000000000794], [98.3050000000017, 2.25500000000008], [98.3150000000017, 2.25500000000008], [98.3150000000017, 2.24500000000008], [98.3050000000017, 2.24500000000008], [98.3050000000017, 2.2350000000000803], [98.29500000000169, 2.2350000000000803], [98.29500000000169, 2.2250000000000805], [98.28500000000169, 2.2250000000000805], [98.28500000000169, 2.2150000000000807], [98.27500000000168, 2.2150000000000807], [98.27500000000168, 2.205000000000081], [98.22500000000166, 2.205000000000081], [98.22500000000166, 2.2150000000000807], [98.20500000000165, 2.2150000000000807], [98.20500000000165, 2.2250000000000805], [98.19500000000164, 2.2250000000000805], [98.19500000000164, 2.2350000000000803], [98.18500000000164, 2.2350000000000803], [98.18500000000164, 2.24500000000008], [98.17500000000163, 2.24500000000008], [98.17500000000163, 2.25500000000008], [98.18500000000164, 2.25500000000008], [98.18500000000164, 2.2750000000000794], [98.19500000000164, 2.2750000000000794], [98.19500000000164, 2.285000000000079], [98.20500000000165, 2.285000000000079], [98.20500000000165, 2.295000000000079], [98.21500000000165, 2.295000000000079], [98.21500000000165, 2.3050000000000788], [98.22500000000166, 2.3050000000000788], [98.22500000000166, 2.3150000000000786], [98.23500000000166, 2.3150000000000786], [98.23500000000166, 2.3250000000000783], [98.25500000000167, 2.3250000000000783], [98.25500000000167, 2.3150000000000786], [98.26500000000168, 2.3150000000000786], [98.26500000000168, 2.3050000000000788], [98.27500000000168, 2.3050000000000788], [98.27500000000168, 2.295000000000079], [98.28500000000169, 2.295000000000079], [98.28500000000169, 2.285000000000079], [98.29500000000169, 2.285000000000079]]], [[[100.40500000000277, 2.2150000000000807], [100.40500000000277, 2.2250000000000805], [100.36500000000275, 2.2250000000000805], [100.36500000000275, 2.2350000000000803], [100.33500000000274, 2.2350000000000803], [100.33500000000274, 2.24500000000008], [100.31500000000273, 2.24500000000008], [100.31500000000273, 2.2650000000000796], [100.32500000000273, 2.2650000000000796], [100.32500000000273, 2.2750000000000794], [100.34500000000274, 2.2750000000000794], [100.34500000000274, 2.285000000000079], [100.35500000000275, 2.285000000000079], [100.35500000000275, 2.295000000000079], [100.36500000000275, 2.295000000000079], [100.36500000000275, 2.3150000000000786], [100.37500000000276, 2.3150000000000786], [100.37500000000276, 2.3250000000000783], [100.38500000000276, 2.3250000000000783], [100.38500000000276, 2.345000000000078], [100.39500000000277, 2.345000000000078], [100.39500000000277, 2.3650000000000775], [100.40500000000277, 2.3650000000000775], [100.40500000000277, 2.385000000000077], [100.41500000000278, 2.385000000000077], [100.41500000000278, 2.4150000000000764], [100.42500000000278, 2.4150000000000764], [100.42500000000278, 2.385000000000077], [100.43500000000279, 2.385000000000077], [100.43500000000279, 2.24500000000008], [100.44500000000279, 2.24500000000008], [100.44500000000279, 2.2350000000000803], [100.4550000000028, 2.2350000000000803], [100.4550000000028, 2.2150000000000807], [100.40500000000277, 2.2150000000000807]]], [[[101.25500000000321, 2.435000000000076], [101.2450000000032, 2.435000000000076], [101.2450000000032, 2.425000000000076], [101.22500000000319, 2.425000000000076], [101.22500000000319, 2.4150000000000764], [101.21500000000319, 2.4150000000000764], [101.21500000000319, 2.435000000000076], [101.22500000000319, 2.435000000000076], [101.22500000000319, 2.485000000000075], [101.2350000000032, 2.485000000000075], [101.2350000000032, 2.5050000000000745], [101.2450000000032, 2.5050000000000745], [101.2450000000032, 2.5150000000000743], [101.26500000000321, 2.5150000000000743], [101.26500000000321, 2.5050000000000745], [101.27500000000322, 2.5050000000000745], [101.27500000000322, 2.485000000000075], [101.26500000000321, 2.485000000000075], [101.26500000000321, 2.4550000000000756], [101.25500000000321, 2.4550000000000756], [101.25500000000321, 2.435000000000076]]], [[[100.0550000000026, 2.5050000000000745], [100.04500000000259, 2.5050000000000745], [100.04500000000259, 2.4950000000000747], [100.02500000000258, 2.4950000000000747], [100.02500000000258, 2.485000000000075], [100.01500000000257, 2.485000000000075], [100.01500000000257, 2.475000000000075], [99.93500000000253, 2.475000000000075], [99.93500000000253, 2.4650000000000754], [99.90500000000252, 2.4650000000000754], [99.90500000000252, 2.485000000000075], [99.89500000000251, 2.485000000000075], [99.89500000000251, 2.535000000000074], [99.90500000000252, 2.535000000000074], [99.90500000000252, 2.5450000000000736], [100.03500000000258, 2.5450000000000736], [100.03500000000258, 2.5550000000000734], [100.08500000000261, 2.5550000000000734], [100.08500000000261, 2.5450000000000736], [100.0750000000026, 2.5450000000000736], [100.0750000000026, 2.535000000000074], [100.0650000000026, 2.535000000000074], [100.0650000000026, 2.5150000000000743], [100.0550000000026, 2.5150000000000743], [100.0550000000026, 2.5050000000000745]]], [[[97.76500000000142, 2.4950000000000747], [97.75500000000142, 2.4950000000000747], [97.75500000000142, 2.485000000000075], [97.7350000000014, 2.485000000000075], [97.7350000000014, 2.5150000000000743], [97.7250000000014, 2.5150000000000743], [97.7250000000014, 2.6850000000000707], [97.7350000000014, 2.6850000000000707], [97.7350000000014, 2.6950000000000705], [97.74500000000141, 2.6950000000000705], [97.74500000000141, 2.71500000000007], [97.76500000000142, 2.71500000000007], [97.76500000000142, 2.72500000000007], [97.78500000000143, 2.72500000000007], [97.78500000000143, 2.7350000000000696], [97.79500000000144, 2.7350000000000696], [97.79500000000144, 2.7050000000000702], [97.78500000000143, 2.7050000000000702], [97.78500000000143, 2.6350000000000717], [97.77500000000143, 2.6350000000000717], [97.77500000000143, 2.535000000000074], [97.76500000000142, 2.535000000000074], [97.76500000000142, 2.4950000000000747]]], [[[99.85500000000249, 2.955000000000065], [99.85500000000249, 2.9350000000000653], [99.8650000000025, 2.9350000000000653], [99.8650000000025, 2.905000000000066], [99.8750000000025, 2.905000000000066], [99.8750000000025, 2.8350000000000675], [99.8850000000025, 2.8350000000000675], [99.8850000000025, 2.585000000000073], [99.8750000000025, 2.585000000000073], [99.8750000000025, 2.565000000000073], [99.8650000000025, 2.565000000000073], [99.8650000000025, 2.5550000000000734], [99.73500000000243, 2.5550000000000734], [99.73500000000243, 2.5450000000000736], [99.69500000000241, 2.5450000000000736], [99.69500000000241, 2.575000000000073], [99.6850000000024, 2.575000000000073], [99.6850000000024, 2.5950000000000726], [99.6750000000024, 2.5950000000000726], [99.6750000000024, 2.625000000000072], [99.6650000000024, 2.625000000000072], [99.6650000000024, 2.6550000000000713], [99.65500000000239, 2.6550000000000713], [99.65500000000239, 2.6850000000000707], [99.64500000000238, 2.6850000000000707], [99.64500000000238, 2.71500000000007], [99.53500000000233, 2.71500000000007], [99.53500000000233, 2.755000000000069], [99.54500000000233, 2.755000000000069], [99.54500000000233, 2.7850000000000685], [99.55500000000234, 2.7850000000000685], [99.55500000000234, 2.815000000000068], [99.56500000000234, 2.815000000000068], [99.56500000000234, 2.8350000000000675], [99.57500000000235, 2.8350000000000675], [99.57500000000235, 2.855000000000067], [99.58500000000235, 2.855000000000067], [99.58500000000235, 2.8750000000000666], [99.59500000000236, 2.8750000000000666], [99.59500000000236, 2.895000000000066], [99.60500000000236, 2.895000000000066], [99.60500000000236, 2.905000000000066], [99.61500000000237, 2.905000000000066], [99.61500000000237, 2.9150000000000658], [99.62500000000237, 2.9150000000000658], [99.62500000000237, 2.9350000000000653], [99.61500000000237, 2.9350000000000653], [99.61500000000237, 2.945000000000065], [99.60500000000236, 2.945000000000065], [99.60500000000236, 2.955000000000065], [99.59500000000236, 2.955000000000065], [99.59500000000236, 2.9750000000000645], [99.58500000000235, 2.9750000000000645], [99.58500000000235, 2.9850000000000643], [99.61500000000237, 2.9850000000000643], [99.61500000000237, 2.9750000000000645], [99.70500000000241, 2.9750000000000645], [99.70500000000241, 2.9850000000000643], [99.72500000000242, 2.9850000000000643], [99.72500000000242, 2.995000000000064], [99.79500000000246, 2.995000000000064], [99.79500000000246, 2.9850000000000643], [99.81500000000247, 2.9850000000000643], [99.81500000000247, 2.9750000000000645], [99.83500000000248, 2.9750000000000645], [99.83500000000248, 2.9650000000000647], [99.84500000000249, 2.9650000000000647], [99.84500000000249, 2.955000000000065], [99.85500000000249, 2.955000000000065]]], [[[99.30500000000221, 3.325000000000057], [99.30500000000221, 3.3050000000000574], [99.31500000000221, 3.3050000000000574], [99.31500000000221, 3.285000000000058], [99.32500000000222, 3.285000000000058], [99.32500000000222, 3.2550000000000585], [99.33500000000222, 3.2550000000000585], [99.33500000000222, 3.225000000000059], [99.32500000000222, 3.225000000000059], [99.32500000000222, 3.17500000000006], [99.33500000000222, 3.17500000000006], [99.33500000000222, 3.1650000000000604], [99.34500000000223, 3.1650000000000604], [99.34500000000223, 3.145000000000061], [99.35500000000224, 3.145000000000061], [99.35500000000224, 3.1250000000000613], [99.36500000000224, 3.1250000000000613], [99.36500000000224, 3.1050000000000617], [99.37500000000225, 3.1050000000000617], [99.37500000000225, 3.095000000000062], [99.36500000000224, 3.095000000000062], [99.36500000000224, 3.085000000000062], [99.34500000000223, 3.085000000000062], [99.34500000000223, 3.0750000000000624], [99.33500000000222, 3.0750000000000624], [99.33500000000222, 3.0650000000000626], [99.31500000000221, 3.0650000000000626], [99.31500000000221, 3.0550000000000628], [99.30500000000221, 3.0550000000000628], [99.30500000000221, 3.035000000000063], [99.31500000000221, 3.035000000000063], [99.31500000000221, 3.0250000000000634], [99.32500000000222, 3.0250000000000634], [99.32500000000222, 2.9850000000000643], [99.30500000000221, 2.9850000000000643], [99.30500000000221, 2.9750000000000645], [99.2950000000022, 2.9750000000000645], [99.2950000000022, 2.9650000000000647], [99.2850000000022, 2.9650000000000647], [99.2850000000022, 2.955000000000065], [99.26500000000219, 2.955000000000065], [99.26500000000219, 2.945000000000065], [99.23500000000217, 2.945000000000065], [99.23500000000217, 2.955000000000065], [99.22500000000217, 2.955000000000065], [99.22500000000217, 2.9650000000000647], [99.21500000000216, 2.9650000000000647], [99.21500000000216, 2.9750000000000645], [99.19500000000215, 2.9750000000000645], [99.19500000000215, 2.9850000000000643], [99.18500000000215, 2.9850000000000643], [99.18500000000215, 3.005000000000064], [99.13500000000212, 3.005000000000064], [99.13500000000212, 2.995000000000064], [99.10500000000211, 2.995000000000064], [99.10500000000211, 2.955000000000065], [99.0950000000021, 2.955000000000065], [99.0950000000021, 2.7350000000000696], [99.0850000000021, 2.7350000000000696], [99.0850000000021, 2.7450000000000694], [99.07500000000209, 2.7450000000000694], [99.07500000000209, 2.755000000000069], [99.06500000000209, 2.755000000000069], [99.06500000000209, 2.765000000000069], [99.05500000000208, 2.765000000000069], [99.05500000000208, 2.7750000000000687], [99.04500000000208, 2.7750000000000687], [99.04500000000208, 2.7850000000000685], [99.03500000000207, 2.7850000000000685], [99.03500000000207, 2.7950000000000683], [99.02500000000207, 2.7950000000000683], [99.02500000000207, 2.805000000000068], [99.01500000000206, 2.805000000000068], [99.01500000000206, 2.8250000000000677], [99.00500000000206, 2.8250000000000677], [99.00500000000206, 2.8350000000000675], [98.99500000000205, 2.8350000000000675], [98.99500000000205, 2.8450000000000673], [98.98500000000205, 2.8450000000000673], [98.98500000000205, 2.865000000000067], [98.97500000000204, 2.865000000000067], [98.97500000000204, 2.8850000000000664], [98.96500000000204, 2.8850000000000664], [98.96500000000204, 2.895000000000066], [98.95500000000203, 2.895000000000066], [98.95500000000203, 2.905000000000066], [98.94500000000203, 2.905000000000066], [98.94500000000203, 2.9250000000000655], [98.93500000000202, 2.9250000000000655], [98.93500000000202, 2.9350000000000653], [98.92500000000202, 2.9350000000000653], [98.92500000000202, 2.945000000000065], [98.91500000000201, 2.945000000000065], [98.91500000000201, 2.955000000000065], [98.905000000002, 2.955000000000065], [98.905000000002, 2.9650000000000647], [98.895000000002, 2.9650000000000647], [98.895000000002, 2.9750000000000645], [98.885000000002, 2.9750000000000645], [98.885000000002, 2.9850000000000643], [98.87500000000199, 2.9850000000000643], [98.87500000000199, 2.995000000000064], [98.86500000000198, 2.995000000000064], [98.86500000000198, 3.005000000000064], [98.85500000000198, 3.005000000000064], [98.85500000000198, 3.0150000000000636], [98.83500000000197, 3.0150000000000636], [98.83500000000197, 3.0250000000000634], [98.81500000000196, 3.0250000000000634], [98.81500000000196, 3.035000000000063], [98.79500000000195, 3.035000000000063], [98.79500000000195, 3.045000000000063], [98.76500000000193, 3.045000000000063], [98.76500000000193, 3.0550000000000628], [98.74500000000192, 3.0550000000000628], [98.74500000000192, 3.0650000000000626], [98.73500000000192, 3.0650000000000626], [98.73500000000192, 3.0750000000000624], [98.72500000000191, 3.0750000000000624], [98.72500000000191, 3.085000000000062], [98.71500000000191, 3.085000000000062], [98.71500000000191, 3.095000000000062], [98.6950000000019, 3.095000000000062], [98.6950000000019, 3.1050000000000617], [98.68500000000189, 3.1050000000000617], [98.68500000000189, 3.1150000000000615], [98.71500000000191, 3.1150000000000615], [98.71500000000191, 3.1250000000000613], [98.81500000000196, 3.1250000000000613], [98.81500000000196, 3.135000000000061], [98.87500000000199, 3.135000000000061], [98.87500000000199, 3.145000000000061], [98.905000000002, 3.145000000000061], [98.905000000002, 3.1550000000000606], [98.92500000000202, 3.1550000000000606], [98.92500000000202, 3.145000000000061], [98.94500000000203, 3.145000000000061], [98.94500000000203, 3.135000000000061], [98.95500000000203, 3.135000000000061], [98.95500000000203, 3.1250000000000613], [98.97500000000204, 3.1250000000000613], [98.97500000000204, 3.1150000000000615], [98.99500000000205, 3.1150000000000615], [98.99500000000205, 3.1050000000000617], [99.00500000000206, 3.1050000000000617], [99.00500000000206, 3.1150000000000615], [99.02500000000207, 3.1150000000000615], [99.02500000000207, 3.1250000000000613], [99.04500000000208, 3.1250000000000613], [99.04500000000208, 3.135000000000061], [99.05500000000208, 3.135000000000061], [99.05500000000208, 3.145000000000061], [99.07500000000209, 3.145000000000061], [99.07500000000209, 3.1550000000000606], [99.0850000000021, 3.1550000000000606], [99.0850000000021, 3.1650000000000604], [99.10500000000211, 3.1650000000000604], [99.10500000000211, 3.17500000000006], [99.11500000000211, 3.17500000000006], [99.11500000000211, 3.18500000000006], [99.12500000000212, 3.18500000000006], [99.12500000000212, 3.19500000000006], [99.13500000000212, 3.19500000000006], [99.13500000000212, 3.2050000000000596], [99.15500000000213, 3.2050000000000596], [99.15500000000213, 3.2150000000000594], [99.16500000000214, 3.2150000000000594], [99.16500000000214, 3.275000000000058], [99.17500000000214, 3.275000000000058], [99.17500000000214, 3.2950000000000577], [99.18500000000215, 3.2950000000000577], [99.18500000000215, 3.3150000000000572], [99.19500000000215, 3.3150000000000572], [99.19500000000215, 3.335000000000057], [99.20500000000216, 3.335000000000057], [99.20500000000216, 3.3550000000000564], [99.21500000000216, 3.3550000000000564], [99.21500000000216, 3.365000000000056], [99.22500000000217, 3.365000000000056], [99.22500000000217, 3.3850000000000557], [99.23500000000217, 3.3850000000000557], [99.23500000000217, 3.3950000000000555], [99.26500000000219, 3.3950000000000555], [99.26500000000219, 3.375000000000056], [99.2750000000022, 3.375000000000056], [99.2750000000022, 3.365000000000056], [99.2850000000022, 3.365000000000056], [99.2850000000022, 3.3450000000000566], [99.2950000000022, 3.3450000000000566], [99.2950000000022, 3.325000000000057], [99.30500000000221, 3.325000000000057]]], [[[101.87500000000352, 3.4350000000000547], [101.88500000000353, 3.4350000000000547], [101.88500000000353, 3.425000000000055], [101.87500000000352, 3.425000000000055], [101.87500000000352, 3.4350000000000547]]], [[[99.50500000000231, 3.6850000000000493], [99.53500000000233, 3.6850000000000493], [99.53500000000233, 3.6750000000000496], [99.56500000000234, 3.6750000000000496], [99.56500000000234, 3.6650000000000498], [99.58500000000235, 3.6650000000000498], [99.58500000000235, 3.65500000000005], [99.60500000000236, 3.65500000000005], [99.60500000000236, 3.64500000000005], [99.62500000000237, 3.64500000000005], [99.62500000000237, 3.6250000000000506], [99.63500000000238, 3.6250000000000506], [99.63500000000238, 3.605000000000051], [99.64500000000238, 3.605000000000051], [99.64500000000238, 3.5850000000000515], [99.65500000000239, 3.5850000000000515], [99.65500000000239, 3.565000000000052], [99.6650000000024, 3.565000000000052], [99.6650000000024, 3.5350000000000525], [99.6750000000024, 3.5350000000000525], [99.6750000000024, 3.515000000000053], [99.6850000000024, 3.515000000000053], [99.6850000000024, 3.4950000000000534], [99.69500000000241, 3.4950000000000534], [99.69500000000241, 3.4850000000000536], [99.70500000000241, 3.4850000000000536], [99.70500000000241, 3.505000000000053], [99.71500000000242, 3.505000000000053], [99.71500000000242, 3.515000000000053], [99.72500000000242, 3.515000000000053], [99.72500000000242, 3.5250000000000528], [99.73500000000243, 3.5250000000000528], [99.73500000000243, 3.505000000000053], [99.74500000000243, 3.505000000000053], [99.74500000000243, 3.4950000000000534], [99.76500000000244, 3.4950000000000534], [99.76500000000244, 3.4850000000000536], [99.77500000000245, 3.4850000000000536], [99.77500000000245, 3.475000000000054], [99.76500000000244, 3.475000000000054], [99.76500000000244, 3.4550000000000542], [99.93500000000253, 3.4550000000000542], [99.93500000000253, 3.4450000000000545], [99.97500000000255, 3.4450000000000545], [99.97500000000255, 3.4350000000000547], [100.01500000000257, 3.4350000000000547], [100.01500000000257, 3.415000000000055], [100.00500000000257, 3.415000000000055], [100.00500000000257, 3.3850000000000557], [99.99500000000256, 3.3850000000000557], [99.99500000000256, 3.375000000000056], [99.97500000000255, 3.375000000000056], [99.97500000000255, 3.3850000000000557], [99.95500000000254, 3.3850000000000557], [99.95500000000254, 3.3950000000000555], [99.92500000000253, 3.3950000000000555], [99.92500000000253, 3.4050000000000553], [99.8750000000025, 3.4050000000000553], [99.8750000000025, 3.415000000000055], [99.80500000000247, 3.415000000000055], [99.80500000000247, 3.425000000000055], [99.74500000000243, 3.425000000000055], [99.74500000000243, 3.4350000000000547], [99.73500000000243, 3.4350000000000547], [99.73500000000243, 3.4450000000000545], [99.72500000000242, 3.4450000000000545], [99.72500000000242, 3.4550000000000542], [99.71500000000242, 3.4550000000000542], [99.71500000000242, 3.465000000000054], [99.69500000000241, 3.465000000000054], [99.69500000000241, 3.475000000000054], [99.6850000000024, 3.475000000000054], [99.6850000000024, 3.4850000000000536], [99.6750000000024, 3.4850000000000536], [99.6750000000024, 3.4950000000000534], [99.6650000000024, 3.4950000000000534], [99.6650000000024, 3.515000000000053], [99.65500000000239, 3.515000000000053], [99.65500000000239, 3.5250000000000528], [99.64500000000238, 3.5250000000000528], [99.64500000000238, 3.5350000000000525], [99.63500000000238, 3.5350000000000525], [99.63500000000238, 3.5450000000000523], [99.62500000000237, 3.5450000000000523], [99.62500000000237, 3.555000000000052], [99.60500000000236, 3.555000000000052], [99.60500000000236, 3.565000000000052], [99.58500000000235, 3.565000000000052], [99.58500000000235, 3.5750000000000517], [99.56500000000234, 3.5750000000000517], [99.56500000000234, 3.5850000000000515], [99.52500000000232, 3.5850000000000515], [99.52500000000232, 3.5950000000000513], [99.4950000000023, 3.5950000000000513], [99.4950000000023, 3.605000000000051], [99.4750000000023, 3.605000000000051], [99.4750000000023, 3.615000000000051], [99.46500000000229, 3.615000000000051], [99.46500000000229, 3.6250000000000506], [99.44500000000228, 3.6250000000000506], [99.44500000000228, 3.6350000000000504], [99.42500000000227, 3.6350000000000504], [99.42500000000227, 3.64500000000005], [99.40500000000226, 3.64500000000005], [99.40500000000226, 3.65500000000005], [99.38500000000225, 3.65500000000005], [99.38500000000225, 3.6650000000000498], [99.39500000000226, 3.6650000000000498], [99.39500000000226, 3.6850000000000493], [99.40500000000226, 3.6850000000000493], [99.40500000000226, 3.695000000000049], [99.41500000000227, 3.695000000000049], [99.41500000000227, 3.705000000000049], [99.42500000000227, 3.705000000000049], [99.42500000000227, 3.7150000000000487], [99.43500000000228, 3.7150000000000487], [99.43500000000228, 3.7250000000000485], [99.45500000000229, 3.7250000000000485], [99.45500000000229, 3.7150000000000487], [99.4750000000023, 3.7150000000000487], [99.4750000000023, 3.705000000000049], [99.4850000000023, 3.705000000000049], [99.4850000000023, 3.695000000000049], [99.50500000000231, 3.695000000000049], [99.50500000000231, 3.6850000000000493]], [[99.70500000000241, 3.475000000000054], [99.71500000000242, 3.475000000000054], [99.71500000000242, 3.4850000000000536], [99.70500000000241, 3.4850000000000536], [99.70500000000241, 3.475000000000054]]], [[[102.08500000000363, 3.805000000000047], [102.09500000000364, 3.805000000000047], [102.09500000000364, 3.795000000000047], [102.10500000000364, 3.795000000000047], [102.10500000000364, 3.7750000000000474], [102.11500000000365, 3.7750000000000474], [102.11500000000365, 3.755000000000048], [102.12500000000365, 3.755000000000048], [102.12500000000365, 3.745000000000048], [102.11500000000365, 3.745000000000048], [102.11500000000365, 3.7250000000000485], [102.10500000000364, 3.7250000000000485], [102.10500000000364, 3.7150000000000487], [102.09500000000364, 3.7150000000000487], [102.09500000000364, 3.695000000000049], [102.08500000000363, 3.695000000000049], [102.08500000000363, 3.6750000000000496], [102.07500000000363, 3.6750000000000496], [102.07500000000363, 3.6650000000000498], [102.06500000000362, 3.6650000000000498], [102.06500000000362, 3.65500000000005], [102.05500000000362, 3.65500000000005], [102.05500000000362, 3.6350000000000504], [102.04500000000361, 3.6350000000000504], [102.04500000000361, 3.6250000000000506], [102.0350000000036, 3.6250000000000506], [102.0350000000036, 3.615000000000051], [102.0250000000036, 3.615000000000051], [102.0250000000036, 3.605000000000051], [102.0150000000036, 3.605000000000051], [102.0150000000036, 3.5950000000000513], [101.99500000000359, 3.5950000000000513], [101.99500000000359, 3.5850000000000515], [101.97500000000358, 3.5850000000000515], [101.97500000000358, 3.5750000000000517], [101.95500000000357, 3.5750000000000517], [101.95500000000357, 3.565000000000052], [101.94500000000356, 3.565000000000052], [101.94500000000356, 3.5450000000000523], [101.93500000000355, 3.5450000000000523], [101.93500000000355, 3.5250000000000528], [101.92500000000355, 3.5250000000000528], [101.92500000000355, 3.4950000000000534], [101.91500000000354, 3.4950000000000534], [101.91500000000354, 3.465000000000054], [101.90500000000354, 3.465000000000054], [101.90500000000354, 3.4550000000000542], [101.89500000000353, 3.4550000000000542], [101.89500000000353, 3.4350000000000547], [101.88500000000353, 3.4350000000000547], [101.88500000000353, 3.465000000000054], [101.89500000000353, 3.465000000000054], [101.89500000000353, 3.515000000000053], [101.88500000000353, 3.515000000000053], [101.88500000000353, 3.5250000000000528], [101.87500000000352, 3.5250000000000528], [101.87500000000352, 3.5450000000000523], [101.86500000000352, 3.5450000000000523], [101.86500000000352, 3.555000000000052], [101.85500000000351, 3.555000000000052], [101.85500000000351, 3.565000000000052], [101.84500000000351, 3.565000000000052], [101.84500000000351, 3.5850000000000515], [101.8350000000035, 3.5850000000000515], [101.8350000000035, 3.5950000000000513], [101.8250000000035, 3.5950000000000513], [101.8250000000035, 3.605000000000051], [101.8150000000035, 3.605000000000051], [101.8150000000035, 3.6250000000000506], [101.80500000000349, 3.6250000000000506], [101.80500000000349, 3.6350000000000504], [101.79500000000348, 3.6350000000000504], [101.79500000000348, 3.64500000000005], [101.8250000000035, 3.64500000000005], [101.8250000000035, 3.65500000000005], [101.8350000000035, 3.65500000000005], [101.8350000000035, 3.6650000000000498], [101.84500000000351, 3.6650000000000498], [101.84500000000351, 3.6750000000000496], [101.85500000000351, 3.6750000000000496], [101.85500000000351, 3.6850000000000493], [101.86500000000352, 3.6850000000000493], [101.86500000000352, 3.705000000000049], [101.87500000000352, 3.705000000000049], [101.87500000000352, 3.755000000000048], [101.88500000000353, 3.755000000000048], [101.88500000000353, 3.7750000000000474], [101.89500000000353, 3.7750000000000474], [101.89500000000353, 3.805000000000047], [101.90500000000354, 3.805000000000047], [101.90500000000354, 3.8250000000000464], [101.91500000000354, 3.8250000000000464], [101.91500000000354, 3.835000000000046], [101.94500000000356, 3.835000000000046], [101.94500000000356, 3.845000000000046], [102.0150000000036, 3.845000000000046], [102.0150000000036, 3.835000000000046], [102.04500000000361, 3.835000000000046], [102.04500000000361, 3.8250000000000464], [102.06500000000362, 3.8250000000000464], [102.06500000000362, 3.8150000000000466], [102.08500000000363, 3.8150000000000466], [102.08500000000363, 3.805000000000047]]], [[[98.52500000000181, 3.7150000000000487], [98.52500000000181, 3.695000000000049], [98.5150000000018, 3.695000000000049], [98.5150000000018, 3.6850000000000493], [98.5050000000018, 3.6850000000000493], [98.5050000000018, 3.6750000000000496], [98.4950000000018, 3.6750000000000496], [98.4950000000018, 3.695000000000049], [98.48500000000179, 3.695000000000049], [98.48500000000179, 3.7150000000000487], [98.47500000000178, 3.7150000000000487], [98.47500000000178, 3.7650000000000476], [98.48500000000179, 3.7650000000000476], [98.48500000000179, 3.7750000000000474], [98.4950000000018, 3.7750000000000474], [98.4950000000018, 3.785000000000047], [98.5150000000018, 3.785000000000047], [98.5150000000018, 3.7750000000000474], [98.53500000000182, 3.7750000000000474], [98.53500000000182, 3.7650000000000476], [98.54500000000182, 3.7650000000000476], [98.54500000000182, 3.7250000000000485], [98.53500000000182, 3.7250000000000485], [98.53500000000182, 3.7150000000000487], [98.52500000000181, 3.7150000000000487]]], [[[100.96500000000306, 3.755000000000048], [100.96500000000306, 3.7350000000000483], [100.95500000000305, 3.7350000000000483], [100.95500000000305, 3.7150000000000487], [100.93500000000304, 3.7150000000000487], [100.93500000000304, 3.7350000000000483], [100.92500000000304, 3.7350000000000483], [100.92500000000304, 3.745000000000048], [100.91500000000303, 3.745000000000048], [100.91500000000303, 3.805000000000047], [100.92500000000304, 3.805000000000047], [100.92500000000304, 3.795000000000047], [100.93500000000304, 3.795000000000047], [100.93500000000304, 3.785000000000047], [100.94500000000305, 3.785000000000047], [100.94500000000305, 3.7750000000000474], [100.95500000000305, 3.7750000000000474], [100.95500000000305, 3.755000000000048], [100.96500000000306, 3.755000000000048]]], [[[101.55500000000336, 3.9950000000000427], [101.56500000000337, 3.9950000000000427], [101.56500000000337, 3.9650000000000434], [101.57500000000337, 3.9650000000000434], [101.57500000000337, 3.945000000000044], [101.58500000000338, 3.945000000000044], [101.58500000000338, 3.935000000000044], [101.59500000000338, 3.935000000000044], [101.59500000000338, 3.9150000000000444], [101.60500000000339, 3.9150000000000444], [101.60500000000339, 3.8550000000000457], [101.59500000000338, 3.8550000000000457], [101.59500000000338, 3.785000000000047], [101.58500000000338, 3.785000000000047], [101.58500000000338, 3.7350000000000483], [101.59500000000338, 3.7350000000000483], [101.59500000000338, 3.7150000000000487], [101.60500000000339, 3.7150000000000487], [101.60500000000339, 3.695000000000049], [101.61500000000339, 3.695000000000049], [101.61500000000339, 3.6850000000000493], [101.6250000000034, 3.6850000000000493], [101.6250000000034, 3.6750000000000496], [101.6350000000034, 3.6750000000000496], [101.6350000000034, 3.6650000000000498], [101.65500000000341, 3.6650000000000498], [101.65500000000341, 3.65500000000005], [101.67500000000342, 3.65500000000005], [101.67500000000342, 3.64500000000005], [101.69500000000343, 3.64500000000005], [101.69500000000343, 3.6350000000000504], [101.68500000000343, 3.6350000000000504], [101.68500000000343, 3.6250000000000506], [101.67500000000342, 3.6250000000000506], [101.67500000000342, 3.605000000000051], [101.66500000000342, 3.605000000000051], [101.66500000000342, 3.5950000000000513], [101.65500000000341, 3.5950000000000513], [101.65500000000341, 3.5850000000000515], [101.6450000000034, 3.5850000000000515], [101.6450000000034, 3.565000000000052], [101.6350000000034, 3.565000000000052], [101.6350000000034, 3.555000000000052], [101.61500000000339, 3.555000000000052], [101.61500000000339, 3.565000000000052], [101.55500000000336, 3.565000000000052], [101.55500000000336, 3.5750000000000517], [101.52500000000335, 3.5750000000000517], [101.52500000000335, 3.565000000000052], [101.51500000000334, 3.565000000000052], [101.51500000000334, 3.555000000000052], [101.46500000000331, 3.555000000000052], [101.46500000000331, 3.565000000000052], [101.45500000000331, 3.565000000000052], [101.45500000000331, 3.555000000000052], [101.4350000000033, 3.555000000000052], [101.4350000000033, 3.5450000000000523], [101.4250000000033, 3.5450000000000523], [101.4250000000033, 3.5250000000000528], [101.41500000000329, 3.5250000000000528], [101.41500000000329, 3.505000000000053], [101.40500000000328, 3.505000000000053], [101.40500000000328, 3.4950000000000534], [101.39500000000328, 3.4950000000000534], [101.39500000000328, 3.4850000000000536], [101.29500000000323, 3.4850000000000536], [101.29500000000323, 3.475000000000054], [101.25500000000321, 3.475000000000054], [101.25500000000321, 3.4850000000000536], [101.2350000000032, 3.4850000000000536], [101.2350000000032, 3.4950000000000534], [101.22500000000319, 3.4950000000000534], [101.22500000000319, 3.5750000000000517], [101.21500000000319, 3.5750000000000517], [101.21500000000319, 3.615000000000051], [101.22500000000319, 3.615000000000051], [101.22500000000319, 3.6250000000000506], [101.2450000000032, 3.6250000000000506], [101.2450000000032, 3.6350000000000504], [101.28500000000322, 3.6350000000000504], [101.28500000000322, 3.64500000000005], [101.30500000000323, 3.64500000000005], [101.30500000000323, 3.65500000000005], [101.31500000000324, 3.65500000000005], [101.31500000000324, 3.6650000000000498], [101.32500000000324, 3.6650000000000498], [101.32500000000324, 3.6750000000000496], [101.33500000000325, 3.6750000000000496], [101.33500000000325, 3.695000000000049], [101.34500000000325, 3.695000000000049], [101.34500000000325, 3.7350000000000483], [101.35500000000326, 3.7350000000000483], [101.35500000000326, 3.7650000000000476], [101.36500000000326, 3.7650000000000476], [101.36500000000326, 3.795000000000047], [101.37500000000327, 3.795000000000047], [101.37500000000327, 3.8250000000000464], [101.38500000000327, 3.8250000000000464], [101.38500000000327, 3.8650000000000455], [101.39500000000328, 3.8650000000000455], [101.39500000000328, 3.895000000000045], [101.40500000000328, 3.895000000000045], [101.40500000000328, 3.9250000000000442], [101.41500000000329, 3.9250000000000442], [101.41500000000329, 3.9650000000000434], [101.4250000000033, 3.9650000000000434], [101.4250000000033, 4.0050000000000425], [101.4350000000033, 4.0050000000000425], [101.4350000000033, 4.035000000000042], [101.4450000000033, 4.035000000000042], [101.4450000000033, 4.0550000000000415], [101.45500000000331, 4.0550000000000415], [101.45500000000331, 4.065000000000041], [101.46500000000331, 4.065000000000041], [101.46500000000331, 4.075000000000041], [101.47500000000332, 4.075000000000041], [101.47500000000332, 4.085000000000041], [101.48500000000332, 4.085000000000041], [101.48500000000332, 4.095000000000041], [101.52500000000335, 4.095000000000041], [101.52500000000335, 4.085000000000041], [101.53500000000335, 4.085000000000041], [101.53500000000335, 4.065000000000041], [101.54500000000336, 4.065000000000041], [101.54500000000336, 4.045000000000042], [101.55500000000336, 4.045000000000042], [101.55500000000336, 3.9950000000000427]]], [[[100.96500000000306, 4.0050000000000425], [100.97500000000306, 4.0050000000000425], [100.97500000000306, 3.9950000000000427], [100.96500000000306, 3.9950000000000427], [100.96500000000306, 3.975000000000043], [100.95500000000305, 3.975000000000043], [100.95500000000305, 3.9550000000000436], [100.94500000000305, 3.9550000000000436], [100.94500000000305, 3.945000000000044], [100.93500000000304, 3.945000000000044], [100.93500000000304, 3.935000000000044], [100.92500000000304, 3.935000000000044], [100.92500000000304, 3.9250000000000442], [100.91500000000303, 3.9250000000000442], [100.91500000000303, 3.9150000000000444], [100.90500000000303, 3.9150000000000444], [100.90500000000303, 3.9050000000000447], [100.88500000000302, 3.9050000000000447], [100.88500000000302, 3.945000000000044], [100.87500000000301, 3.945000000000044], [100.87500000000301, 3.975000000000043], [100.86500000000301, 3.975000000000043], [100.86500000000301, 4.015000000000042], [100.87500000000301, 4.015000000000042], [100.87500000000301, 4.025000000000042], [100.88500000000302, 4.025000000000042], [100.88500000000302, 4.035000000000042], [100.90500000000303, 4.035000000000042], [100.90500000000303, 4.045000000000042], [100.93500000000304, 4.045000000000042], [100.93500000000304, 4.035000000000042], [100.94500000000305, 4.035000000000042], [100.94500000000305, 4.025000000000042], [100.95500000000305, 4.025000000000042], [100.95500000000305, 4.015000000000042], [100.96500000000306, 4.015000000000042], [100.96500000000306, 4.0050000000000425]]], [[[101.28500000000322, 4.785000000000026], [101.29500000000323, 4.785000000000026], [101.29500000000323, 4.6650000000000285], [101.30500000000323, 4.6650000000000285], [101.30500000000323, 4.535000000000031], [101.31500000000324, 4.535000000000031], [101.31500000000324, 4.465000000000033], [101.30500000000323, 4.465000000000033], [101.30500000000323, 4.385000000000034], [101.29500000000323, 4.385000000000034], [101.29500000000323, 4.355000000000035], [101.28500000000322, 4.355000000000035], [101.28500000000322, 4.345000000000035], [101.21500000000319, 4.345000000000035], [101.21500000000319, 4.355000000000035], [101.19500000000318, 4.355000000000035], [101.19500000000318, 4.365000000000035], [101.18500000000317, 4.365000000000035], [101.18500000000317, 4.375000000000035], [101.17500000000317, 4.375000000000035], [101.17500000000317, 4.395000000000034], [101.16500000000316, 4.395000000000034], [101.16500000000316, 4.425000000000034], [101.15500000000316, 4.425000000000034], [101.15500000000316, 4.445000000000033], [101.14500000000315, 4.445000000000033], [101.14500000000315, 4.465000000000033], [101.13500000000315, 4.465000000000033], [101.13500000000315, 4.495000000000032], [101.12500000000314, 4.495000000000032], [101.12500000000314, 4.525000000000031], [101.11500000000314, 4.525000000000031], [101.11500000000314, 4.555000000000031], [101.10500000000313, 4.555000000000031], [101.10500000000313, 4.58500000000003], [101.09500000000313, 4.58500000000003], [101.09500000000313, 4.60500000000003], [101.08500000000312, 4.60500000000003], [101.08500000000312, 4.6150000000000295], [101.07500000000312, 4.6150000000000295], [101.07500000000312, 4.635000000000029], [101.06500000000311, 4.635000000000029], [101.06500000000311, 4.645000000000029], [101.0550000000031, 4.645000000000029], [101.0550000000031, 4.655000000000029], [101.0450000000031, 4.655000000000029], [101.0450000000031, 4.6650000000000285], [101.0350000000031, 4.6650000000000285], [101.0350000000031, 4.675000000000028], [101.02500000000309, 4.675000000000028], [101.02500000000309, 4.685000000000028], [101.01500000000308, 4.685000000000028], [101.01500000000308, 4.695000000000028], [101.00500000000308, 4.695000000000028], [101.00500000000308, 4.705000000000028], [100.99500000000307, 4.705000000000028], [100.99500000000307, 4.725000000000027], [100.98500000000307, 4.725000000000027], [100.98500000000307, 4.8050000000000255], [100.99500000000307, 4.8050000000000255], [100.99500000000307, 4.855000000000024], [101.00500000000308, 4.855000000000024], [101.00500000000308, 4.885000000000024], [101.01500000000308, 4.885000000000024], [101.01500000000308, 4.8950000000000236], [101.0350000000031, 4.8950000000000236], [101.0350000000031, 4.905000000000023], [101.06500000000311, 4.905000000000023], [101.06500000000311, 4.915000000000023], [101.08500000000312, 4.915000000000023], [101.08500000000312, 4.925000000000023], [101.11500000000314, 4.925000000000023], [101.11500000000314, 4.935000000000023], [101.13500000000315, 4.935000000000023], [101.13500000000315, 4.9450000000000225], [101.16500000000316, 4.9450000000000225], [101.16500000000316, 4.955000000000022], [101.20500000000318, 4.955000000000022], [101.20500000000318, 4.965000000000022], [101.25500000000321, 4.965000000000022], [101.25500000000321, 4.9450000000000225], [101.26500000000321, 4.9450000000000225], [101.26500000000321, 4.905000000000023], [101.27500000000322, 4.905000000000023], [101.27500000000322, 4.865000000000024], [101.28500000000322, 4.865000000000024], [101.28500000000322, 4.785000000000026]]], [[[97.62500000000135, 4.745000000000027], [97.61500000000134, 4.745000000000027], [97.61500000000134, 4.725000000000027], [97.60500000000134, 4.725000000000027], [97.60500000000134, 4.735000000000027], [97.59500000000133, 4.735000000000027], [97.59500000000133, 4.765000000000026], [97.58500000000133, 4.765000000000026], [97.58500000000133, 4.795000000000026], [97.59500000000133, 4.795000000000026], [97.59500000000133, 4.775000000000026], [97.60500000000134, 4.775000000000026], [97.60500000000134, 4.765000000000026], [97.61500000000134, 4.765000000000026], [97.61500000000134, 4.7550000000000265], [97.62500000000135, 4.7550000000000265], [97.62500000000135, 4.745000000000027]]], [[[97.57500000000132, 4.8050000000000255], [97.58500000000133, 4.8050000000000255], [97.58500000000133, 4.795000000000026], [97.57500000000132, 4.795000000000026], [97.57500000000132, 4.8050000000000255]]], [[[100.53500000000284, 4.885000000000024], [100.54500000000284, 4.885000000000024], [100.54500000000284, 4.865000000000024], [100.55500000000285, 4.865000000000024], [100.55500000000285, 4.845000000000025], [100.56500000000285, 4.845000000000025], [100.56500000000285, 4.825000000000025], [100.57500000000286, 4.825000000000025], [100.57500000000286, 4.795000000000026], [100.58500000000286, 4.795000000000026], [100.58500000000286, 4.765000000000026], [100.59500000000287, 4.765000000000026], [100.59500000000287, 4.735000000000027], [100.58500000000286, 4.735000000000027], [100.58500000000286, 4.705000000000028], [100.57500000000286, 4.705000000000028], [100.57500000000286, 4.685000000000028], [100.56500000000285, 4.685000000000028], [100.56500000000285, 4.675000000000028], [100.55500000000285, 4.675000000000028], [100.55500000000285, 4.695000000000028], [100.54500000000284, 4.695000000000028], [100.54500000000284, 4.705000000000028], [100.53500000000284, 4.705000000000028], [100.53500000000284, 4.725000000000027], [100.52500000000283, 4.725000000000027], [100.52500000000283, 4.745000000000027], [100.51500000000283, 4.745000000000027], [100.51500000000283, 4.795000000000026], [100.50500000000282, 4.795000000000026], [100.50500000000282, 4.825000000000025], [100.49500000000282, 4.825000000000025], [100.49500000000282, 4.835000000000025], [100.48500000000281, 4.835000000000025], [100.48500000000281, 4.845000000000025], [100.4650000000028, 4.845000000000025], [100.4650000000028, 4.855000000000024], [100.44500000000279, 4.855000000000024], [100.44500000000279, 4.865000000000024], [100.43500000000279, 4.865000000000024], [100.43500000000279, 4.875000000000024], [100.41500000000278, 4.875000000000024], [100.41500000000278, 4.885000000000024], [100.40500000000277, 4.885000000000024], [100.40500000000277, 4.8950000000000236], [100.39500000000277, 4.8950000000000236], [100.39500000000277, 4.905000000000023], [100.38500000000276, 4.905000000000023], [100.38500000000276, 4.915000000000023], [100.37500000000276, 4.915000000000023], [100.37500000000276, 4.925000000000023], [100.40500000000277, 4.925000000000023], [100.40500000000277, 4.935000000000023], [100.4550000000028, 4.935000000000023], [100.4550000000028, 4.9450000000000225], [100.50500000000282, 4.9450000000000225], [100.50500000000282, 4.935000000000023], [100.51500000000283, 4.935000000000023], [100.51500000000283, 4.915000000000023], [100.52500000000283, 4.915000000000023], [100.52500000000283, 4.905000000000023], [100.53500000000284, 4.905000000000023], [100.53500000000284, 4.885000000000024]]], [[[97.56500000000132, 4.825000000000025], [97.57500000000132, 4.825000000000025], [97.57500000000132, 4.8050000000000255], [97.56500000000132, 4.8050000000000255], [97.56500000000132, 4.825000000000025]]], [[[97.54500000000131, 4.935000000000023], [97.54500000000131, 4.885000000000024], [97.55500000000131, 4.885000000000024], [97.55500000000131, 4.855000000000024], [97.56500000000132, 4.855000000000024], [97.56500000000132, 4.825000000000025], [97.55500000000131, 4.825000000000025], [97.55500000000131, 4.835000000000025], [97.54500000000131, 4.835000000000025], [97.54500000000131, 4.845000000000025], [97.5350000000013, 4.845000000000025], [97.5350000000013, 4.865000000000024], [97.5150000000013, 4.865000000000024], [97.5150000000013, 4.875000000000024], [97.50500000000129, 4.875000000000024], [97.50500000000129, 4.885000000000024], [97.47500000000127, 4.885000000000024], [97.47500000000127, 4.875000000000024], [97.43500000000125, 4.875000000000024], [97.43500000000125, 5.005000000000021], [97.44500000000126, 5.005000000000021], [97.44500000000126, 5.015000000000021], [97.46500000000127, 5.015000000000021], [97.46500000000127, 5.025000000000021], [97.47500000000127, 5.025000000000021], [97.47500000000127, 5.035000000000021], [97.50500000000129, 5.035000000000021], [97.50500000000129, 5.025000000000021], [97.5150000000013, 5.025000000000021], [97.5150000000013, 5.015000000000021], [97.5250000000013, 5.015000000000021], [97.5250000000013, 5.005000000000021], [97.5350000000013, 5.005000000000021], [97.5350000000013, 4.935000000000023], [97.54500000000131, 4.935000000000023]]], [[[96.99500000000103, 4.965000000000022], [96.99500000000103, 4.955000000000022], [96.98500000000102, 4.955000000000022], [96.98500000000102, 4.965000000000022], [96.99500000000103, 4.965000000000022]]], [[[96.96500000000101, 5.04500000000002], [96.97500000000102, 5.04500000000002], [96.97500000000102, 5.015000000000021], [96.98500000000102, 5.015000000000021], [96.98500000000102, 4.965000000000022], [96.97500000000102, 4.965000000000022], [96.97500000000102, 4.975000000000022], [96.96500000000101, 4.975000000000022], [96.96500000000101, 4.985000000000022], [96.95500000000101, 4.985000000000022], [96.95500000000101, 5.005000000000021], [96.945000000001, 5.005000000000021], [96.945000000001, 5.025000000000021], [96.935000000001, 5.025000000000021], [96.935000000001, 5.05500000000002], [96.92500000000099, 5.05500000000002], [96.92500000000099, 5.07500000000002], [96.91500000000099, 5.07500000000002], [96.91500000000099, 5.115000000000019], [96.935000000001, 5.115000000000019], [96.935000000001, 5.105000000000019], [96.945000000001, 5.105000000000019], [96.945000000001, 5.0850000000000195], [96.95500000000101, 5.0850000000000195], [96.95500000000101, 5.06500000000002], [96.96500000000101, 5.06500000000002], [96.96500000000101, 5.04500000000002]]], [[[101.31500000000324, 5.565000000000009], [101.33500000000325, 5.565000000000009], [101.33500000000325, 5.5550000000000095], [101.35500000000326, 5.5550000000000095], [101.35500000000326, 5.54500000000001], [101.36500000000326, 5.54500000000001], [101.36500000000326, 5.52500000000001], [101.37500000000327, 5.52500000000001], [101.37500000000327, 5.51500000000001], [101.38500000000327, 5.51500000000001], [101.38500000000327, 5.5050000000000106], [101.40500000000328, 5.5050000000000106], [101.40500000000328, 5.495000000000011], [101.4250000000033, 5.495000000000011], [101.4250000000033, 5.485000000000011], [101.4450000000033, 5.485000000000011], [101.4450000000033, 5.475000000000011], [101.46500000000331, 5.475000000000011], [101.46500000000331, 5.445000000000012], [101.49500000000333, 5.445000000000012], [101.49500000000333, 5.435000000000012], [101.51500000000334, 5.435000000000012], [101.51500000000334, 5.445000000000012], [101.52500000000335, 5.445000000000012], [101.52500000000335, 5.435000000000012], [101.53500000000335, 5.435000000000012], [101.53500000000335, 5.425000000000012], [101.52500000000335, 5.425000000000012], [101.52500000000335, 5.4150000000000125], [101.51500000000334, 5.4150000000000125], [101.51500000000334, 5.405000000000013], [101.49500000000333, 5.405000000000013], [101.49500000000333, 5.395000000000013], [101.47500000000332, 5.395000000000013], [101.47500000000332, 5.385000000000013], [101.4450000000033, 5.385000000000013], [101.4450000000033, 5.375000000000013], [101.4250000000033, 5.375000000000013], [101.4250000000033, 5.3650000000000135], [101.40500000000328, 5.3650000000000135], [101.40500000000328, 5.355000000000014], [101.39500000000328, 5.355000000000014], [101.39500000000328, 5.345000000000014], [101.37500000000327, 5.345000000000014], [101.37500000000327, 5.335000000000014], [101.36500000000326, 5.335000000000014], [101.36500000000326, 5.325000000000014], [101.35500000000326, 5.325000000000014], [101.35500000000326, 5.315000000000015], [101.33500000000325, 5.315000000000015], [101.33500000000325, 5.305000000000015], [101.32500000000324, 5.305000000000015], [101.32500000000324, 5.295000000000015], [101.31500000000324, 5.295000000000015], [101.31500000000324, 5.285000000000015], [101.30500000000323, 5.285000000000015], [101.30500000000323, 5.2750000000000155], [101.29500000000323, 5.2750000000000155], [101.29500000000323, 5.255000000000016], [101.28500000000322, 5.255000000000016], [101.28500000000322, 5.215000000000017], [101.27500000000322, 5.215000000000017], [101.27500000000322, 5.135000000000018], [101.26500000000321, 5.135000000000018], [101.26500000000321, 5.07500000000002], [101.25500000000321, 5.07500000000002], [101.25500000000321, 5.025000000000021], [101.2450000000032, 5.025000000000021], [101.2450000000032, 5.005000000000021], [101.19500000000318, 5.005000000000021], [101.19500000000318, 5.015000000000021], [101.14500000000315, 5.015000000000021], [101.14500000000315, 5.025000000000021], [101.11500000000314, 5.025000000000021], [101.11500000000314, 5.035000000000021], [101.10500000000313, 5.035000000000021], [101.10500000000313, 5.04500000000002], [101.08500000000312, 5.04500000000002], [101.08500000000312, 5.06500000000002], [101.07500000000312, 5.06500000000002], [101.07500000000312, 5.0850000000000195], [101.06500000000311, 5.0850000000000195], [101.06500000000311, 5.115000000000019], [101.0550000000031, 5.115000000000019], [101.0550000000031, 5.145000000000018], [101.06500000000311, 5.145000000000018], [101.06500000000311, 5.165000000000018], [101.07500000000312, 5.165000000000018], [101.07500000000312, 5.185000000000017], [101.08500000000312, 5.185000000000017], [101.08500000000312, 5.2250000000000165], [101.09500000000313, 5.2250000000000165], [101.09500000000313, 5.265000000000016], [101.08500000000312, 5.265000000000016], [101.08500000000312, 5.295000000000015], [101.07500000000312, 5.295000000000015], [101.07500000000312, 5.315000000000015], [101.08500000000312, 5.315000000000015], [101.08500000000312, 5.325000000000014], [101.09500000000313, 5.325000000000014], [101.09500000000313, 5.345000000000014], [101.10500000000313, 5.345000000000014], [101.10500000000313, 5.3650000000000135], [101.11500000000314, 5.3650000000000135], [101.11500000000314, 5.385000000000013], [101.12500000000314, 5.385000000000013], [101.12500000000314, 5.395000000000013], [101.13500000000315, 5.395000000000013], [101.13500000000315, 5.4150000000000125], [101.14500000000315, 5.4150000000000125], [101.14500000000315, 5.435000000000012], [101.15500000000316, 5.435000000000012], [101.15500000000316, 5.445000000000012], [101.16500000000316, 5.445000000000012], [101.16500000000316, 5.465000000000011], [101.17500000000317, 5.465000000000011], [101.17500000000317, 5.475000000000011], [101.16500000000316, 5.475000000000011], [101.16500000000316, 5.495000000000011], [101.15500000000316, 5.495000000000011], [101.15500000000316, 5.51500000000001], [101.16500000000316, 5.51500000000001], [101.16500000000316, 5.52500000000001], [101.17500000000317, 5.52500000000001], [101.17500000000317, 5.54500000000001], [101.18500000000317, 5.54500000000001], [101.18500000000317, 5.5550000000000095], [101.19500000000318, 5.5550000000000095], [101.19500000000318, 5.565000000000009], [101.20500000000318, 5.565000000000009], [101.20500000000318, 5.575000000000009], [101.21500000000319, 5.575000000000009], [101.21500000000319, 5.585000000000009], [101.2350000000032, 5.585000000000009], [101.2350000000032, 5.595000000000009], [101.2450000000032, 5.595000000000009], [101.2450000000032, 5.605000000000008], [101.27500000000322, 5.605000000000008], [101.27500000000322, 5.595000000000009], [101.28500000000322, 5.595000000000009], [101.28500000000322, 5.585000000000009], [101.29500000000323, 5.585000000000009], [101.29500000000323, 5.575000000000009], [101.31500000000324, 5.575000000000009], [101.31500000000324, 5.565000000000009]]], [[[101.70500000000344, 5.715000000000006], [101.71500000000344, 5.715000000000006], [101.71500000000344, 5.705000000000006], [101.70500000000344, 5.705000000000006], [101.70500000000344, 5.715000000000006]]], [[[101.67500000000342, 5.735000000000006], [101.67500000000342, 5.765000000000005], [101.68500000000343, 5.765000000000005], [101.68500000000343, 5.755000000000005], [101.70500000000344, 5.755000000000005], [101.70500000000344, 5.715000000000006], [101.69500000000343, 5.715000000000006], [101.69500000000343, 5.725000000000006], [101.68500000000343, 5.725000000000006], [101.68500000000343, 5.735000000000006], [101.67500000000342, 5.735000000000006]]], [[[101.06500000000311, 5.955000000000001], [101.06500000000311, 5.965000000000001], [101.0450000000031, 5.965000000000001], [101.0450000000031, 5.9750000000000005], [101.01500000000308, 5.9750000000000005], [101.01500000000308, 5.985], [100.99500000000307, 5.985], [100.99500000000307, 5.995], [100.97500000000306, 5.995], [100.97500000000306, 6.005], [101.10500000000313, 6.005], [101.10500000000313, 5.985], [101.09500000000313, 5.985], [101.09500000000313, 5.955000000000001], [101.08500000000312, 5.955000000000001], [101.08500000000312, 5.945000000000001], [101.07500000000312, 5.945000000000001], [101.07500000000312, 5.955000000000001], [101.06500000000311, 5.955000000000001]]], [[[106.46500000000587, -6.764999999999728], [106.43500000000586, -6.764999999999728], [106.43500000000586, -6.754999999999728], [106.45500000000587, -6.754999999999728], [106.45500000000587, -6.744999999999728], [106.47500000000588, -6.744999999999728], [106.47500000000588, -6.7349999999997285], [106.5250000000059, -6.7349999999997285], [106.5250000000059, -6.754999999999728], [106.5150000000059, -6.754999999999728], [106.5150000000059, -6.764999999999728], [106.5050000000059, -6.764999999999728], [106.5050000000059, -6.774999999999728], [106.46500000000587, -6.774999999999728], [106.46500000000587, -6.764999999999728]]], [[[107.05500000000617, -6.7349999999997285], [107.06500000000618, -6.7349999999997285], [107.06500000000618, -6.754999999999728], [107.05500000000617, -6.754999999999728], [107.05500000000617, -6.764999999999728], [107.04500000000617, -6.764999999999728], [107.04500000000617, -6.774999999999728], [107.02500000000616, -6.774999999999728], [107.02500000000616, -6.7849999999997275], [106.94500000000612, -6.7849999999997275], [106.94500000000612, -6.774999999999728], [106.9050000000061, -6.774999999999728], [106.9050000000061, -6.764999999999728], [106.88500000000609, -6.764999999999728], [106.88500000000609, -6.754999999999728], [106.87500000000608, -6.754999999999728], [106.87500000000608, -6.744999999999728], [106.88500000000609, -6.744999999999728], [106.88500000000609, -6.7349999999997285], [106.9050000000061, -6.7349999999997285], [106.9050000000061, -6.724999999999729], [106.93500000000611, -6.724999999999729], [106.93500000000611, -6.714999999999729], [106.95500000000612, -6.714999999999729], [106.95500000000612, -6.704999999999729], [106.98500000000614, -6.704999999999729], [106.98500000000614, -6.694999999999729], [107.00500000000615, -6.694999999999729], [107.00500000000615, -6.704999999999729], [107.02500000000616, -6.704999999999729], [107.02500000000616, -6.714999999999729], [107.04500000000617, -6.714999999999729], [107.04500000000617, -6.724999999999729], [107.05500000000617, -6.724999999999729], [107.05500000000617, -6.7349999999997285]]], [[[107.43500000000637, -6.694999999999729], [107.41500000000636, -6.694999999999729], [107.41500000000636, -6.704999999999729], [107.40500000000635, -6.704999999999729], [107.40500000000635, -6.714999999999729], [107.39500000000635, -6.714999999999729], [107.39500000000635, -6.724999999999729], [107.37500000000634, -6.724999999999729], [107.37500000000634, -6.7349999999997285], [107.36500000000633, -6.7349999999997285], [107.36500000000633, -6.754999999999728], [107.35500000000633, -6.754999999999728], [107.35500000000633, -6.774999999999728], [107.34500000000632, -6.774999999999728], [107.34500000000632, -6.7849999999997275], [107.33500000000632, -6.7849999999997275], [107.33500000000632, -6.804999999999727], [107.32500000000631, -6.804999999999727], [107.32500000000631, -6.7349999999997285], [107.33500000000632, -6.7349999999997285], [107.33500000000632, -6.714999999999729], [107.34500000000632, -6.714999999999729], [107.34500000000632, -6.694999999999729], [107.35500000000633, -6.694999999999729], [107.35500000000633, -6.68499999999973], [107.36500000000633, -6.68499999999973], [107.36500000000633, -6.67499999999973], [107.37500000000634, -6.67499999999973], [107.37500000000634, -6.66499999999973], [107.38500000000634, -6.66499999999973], [107.38500000000634, -6.65499999999973], [107.39500000000635, -6.65499999999973], [107.39500000000635, -6.6449999999997305], [107.41500000000636, -6.6449999999997305], [107.41500000000636, -6.65499999999973], [107.43500000000637, -6.65499999999973], [107.43500000000637, -6.66499999999973], [107.45500000000638, -6.66499999999973], [107.45500000000638, -6.68499999999973], [107.43500000000637, -6.68499999999973], [107.43500000000637, -6.694999999999729]]], [[[106.45500000000587, -6.574999999999732], [106.45500000000587, -6.584999999999732], [106.42500000000585, -6.584999999999732], [106.42500000000585, -6.564999999999732], [106.5250000000059, -6.564999999999732], [106.5250000000059, -6.574999999999732], [106.45500000000587, -6.574999999999732]]], [[[106.53500000000591, -6.524999999999733], [106.53500000000591, -6.554999999999732], [106.5250000000059, -6.554999999999732], [106.5250000000059, -6.544999999999733], [106.47500000000588, -6.544999999999733], [106.47500000000588, -6.534999999999733], [106.49500000000589, -6.534999999999733], [106.49500000000589, -6.524999999999733], [106.53500000000591, -6.524999999999733]]], [[[107.17500000000624, -6.304999999999738], [107.17500000000624, -6.3149999999997375], [107.16500000000623, -6.3149999999997375], [107.16500000000623, -6.304999999999738], [107.17500000000624, -6.304999999999738]]], [[[107.19500000000625, -6.304999999999738], [107.17500000000624, -6.304999999999738], [107.17500000000624, -6.274999999999738], [107.18500000000624, -6.274999999999738], [107.18500000000624, -6.244999999999739], [107.19500000000625, -6.244999999999739], [107.19500000000625, -6.304999999999738]]], [[[105.99500000000563, -6.20499999999974], [106.01500000000564, -6.20499999999974], [106.01500000000564, -6.21499999999974], [106.02500000000565, -6.21499999999974], [106.02500000000565, -6.224999999999739], [106.03500000000565, -6.224999999999739], [106.03500000000565, -6.244999999999739], [106.04500000000566, -6.244999999999739], [106.04500000000566, -6.254999999999739], [106.03500000000565, -6.254999999999739], [106.03500000000565, -6.2649999999997386], [106.02500000000565, -6.2649999999997386], [106.02500000000565, -6.274999999999738], [106.01500000000564, -6.274999999999738], [106.01500000000564, -6.284999999999738], [106.00500000000564, -6.284999999999738], [106.00500000000564, -6.294999999999738], [105.98500000000563, -6.294999999999738], [105.98500000000563, -6.304999999999738], [105.97500000000562, -6.304999999999738], [105.97500000000562, -6.3149999999997375], [105.96500000000562, -6.3149999999997375], [105.96500000000562, -6.304999999999738], [105.95500000000561, -6.304999999999738], [105.95500000000561, -6.294999999999738], [105.9450000000056, -6.294999999999738], [105.9450000000056, -6.284999999999738], [105.9350000000056, -6.284999999999738], [105.9350000000056, -6.274999999999738], [105.9250000000056, -6.274999999999738], [105.9250000000056, -6.2649999999997386], [105.91500000000559, -6.2649999999997386], [105.91500000000559, -6.21499999999974], [105.9250000000056, -6.21499999999974], [105.9250000000056, -6.18499999999974], [105.9350000000056, -6.18499999999974], [105.9350000000056, -6.164999999999741], [105.95500000000561, -6.164999999999741], [105.95500000000561, -6.1749999999997405], [105.96500000000562, -6.1749999999997405], [105.96500000000562, -6.18499999999974], [105.98500000000563, -6.18499999999974], [105.98500000000563, -6.19499999999974], [105.99500000000563, -6.19499999999974], [105.99500000000563, -6.20499999999974]]], [[[106.78500000000604, -5.814999999999748], [106.79500000000604, -5.814999999999748], [106.79500000000604, -5.824999999999748], [106.80500000000605, -5.824999999999748], [106.80500000000605, -5.8449999999997475], [106.81500000000605, -5.8449999999997475], [106.81500000000605, -5.854999999999747], [106.82500000000606, -5.854999999999747], [106.82500000000606, -5.874999999999747], [106.83500000000606, -5.874999999999747], [106.83500000000606, -5.884999999999747], [106.84500000000607, -5.884999999999747], [106.84500000000607, -5.904999999999746], [106.85500000000607, -5.904999999999746], [106.85500000000607, -5.924999999999746], [106.86500000000608, -5.924999999999746], [106.86500000000608, -5.954999999999745], [106.87500000000608, -5.954999999999745], [106.87500000000608, -5.974999999999745], [106.88500000000609, -5.974999999999745], [106.88500000000609, -6.004999999999744], [106.9050000000061, -6.004999999999744], [106.9050000000061, -6.014999999999744], [106.9150000000061, -6.014999999999744], [106.9150000000061, -6.024999999999744], [106.93500000000611, -6.024999999999744], [106.93500000000611, -6.0349999999997435], [106.95500000000612, -6.0349999999997435], [106.95500000000612, -6.044999999999743], [106.97500000000613, -6.044999999999743], [106.97500000000613, -6.054999999999743], [106.99500000000614, -6.054999999999743], [106.99500000000614, -6.064999999999743], [107.02500000000616, -6.064999999999743], [107.02500000000616, -6.074999999999743], [107.05500000000617, -6.074999999999743], [107.05500000000617, -6.084999999999742], [107.07500000000618, -6.084999999999742], [107.07500000000618, -6.094999999999742], [107.06500000000618, -6.094999999999742], [107.06500000000618, -6.104999999999742], [107.05500000000617, -6.104999999999742], [107.05500000000617, -6.114999999999742], [107.04500000000617, -6.114999999999742], [107.04500000000617, -6.1249999999997415], [107.03500000000616, -6.1249999999997415], [107.03500000000616, -6.134999999999741], [107.02500000000616, -6.134999999999741], [107.02500000000616, -6.154999999999741], [107.03500000000616, -6.154999999999741], [107.03500000000616, -6.164999999999741], [107.04500000000617, -6.164999999999741], [107.04500000000617, -6.1749999999997405], [107.05500000000617, -6.1749999999997405], [107.05500000000617, -6.18499999999974], [107.06500000000618, -6.18499999999974], [107.06500000000618, -6.19499999999974], [107.07500000000618, -6.19499999999974], [107.07500000000618, -6.21499999999974], [107.08500000000619, -6.21499999999974], [107.08500000000619, -6.224999999999739], [107.0950000000062, -6.224999999999739], [107.0950000000062, -6.244999999999739], [107.1050000000062, -6.244999999999739], [107.1050000000062, -6.274999999999738], [107.0950000000062, -6.274999999999738], [107.0950000000062, -6.334999999999737], [107.08500000000619, -6.334999999999737], [107.08500000000619, -6.374999999999736], [107.1050000000062, -6.374999999999736], [107.1050000000062, -6.384999999999736], [107.12500000000621, -6.384999999999736], [107.12500000000621, -6.394999999999736], [107.15500000000623, -6.394999999999736], [107.15500000000623, -6.404999999999736], [107.19500000000625, -6.404999999999736], [107.19500000000625, -6.414999999999735], [107.21500000000626, -6.414999999999735], [107.21500000000626, -6.444999999999735], [107.22500000000626, -6.444999999999735], [107.22500000000626, -6.474999999999734], [107.23500000000627, -6.474999999999734], [107.23500000000627, -6.504999999999733], [107.24500000000627, -6.504999999999733], [107.24500000000627, -6.524999999999733], [107.25500000000628, -6.524999999999733], [107.25500000000628, -6.534999999999733], [107.26500000000628, -6.534999999999733], [107.26500000000628, -6.544999999999733], [107.27500000000629, -6.544999999999733], [107.27500000000629, -6.554999999999732], [107.28500000000629, -6.554999999999732], [107.28500000000629, -6.564999999999732], [107.2950000000063, -6.564999999999732], [107.2950000000063, -6.574999999999732], [107.3050000000063, -6.574999999999732], [107.3050000000063, -6.584999999999732], [107.32500000000631, -6.584999999999732], [107.32500000000631, -6.5949999999997315], [107.31500000000631, -6.5949999999997315], [107.31500000000631, -6.604999999999731], [107.3050000000063, -6.604999999999731], [107.3050000000063, -6.614999999999731], [107.28500000000629, -6.614999999999731], [107.28500000000629, -6.624999999999731], [107.27500000000629, -6.624999999999731], [107.27500000000629, -6.634999999999731], [107.24500000000627, -6.634999999999731], [107.24500000000627, -6.624999999999731], [107.23500000000627, -6.624999999999731], [107.23500000000627, -6.614999999999731], [107.22500000000626, -6.614999999999731], [107.22500000000626, -6.604999999999731], [107.20500000000625, -6.604999999999731], [107.20500000000625, -6.5949999999997315], [107.19500000000625, -6.5949999999997315], [107.19500000000625, -6.584999999999732], [107.18500000000624, -6.584999999999732], [107.18500000000624, -6.574999999999732], [107.16500000000623, -6.574999999999732], [107.16500000000623, -6.564999999999732], [107.13500000000622, -6.564999999999732], [107.13500000000622, -6.554999999999732], [107.1050000000062, -6.554999999999732], [107.1050000000062, -6.544999999999733], [107.06500000000618, -6.544999999999733], [107.06500000000618, -6.524999999999733], [107.08500000000619, -6.524999999999733], [107.08500000000619, -6.514999999999733], [107.02500000000616, -6.514999999999733], [107.02500000000616, -6.504999999999733], [107.01500000000615, -6.504999999999733], [107.01500000000615, -6.514999999999733], [106.98500000000614, -6.514999999999733], [106.98500000000614, -6.504999999999733], [106.97500000000613, -6.504999999999733], [106.97500000000613, -6.514999999999733], [106.86500000000608, -6.514999999999733], [106.86500000000608, -6.524999999999733], [106.78500000000604, -6.524999999999733], [106.78500000000604, -6.534999999999733], [106.73500000000601, -6.534999999999733], [106.73500000000601, -6.524999999999733], [106.69500000000599, -6.524999999999733], [106.69500000000599, -6.514999999999733], [106.65500000000597, -6.514999999999733], [106.65500000000597, -6.504999999999733], [106.63500000000596, -6.504999999999733], [106.63500000000596, -6.484999999999734], [106.64500000000596, -6.484999999999734], [106.64500000000596, -6.474999999999734], [106.63500000000596, -6.474999999999734], [106.63500000000596, -6.464999999999734], [106.64500000000596, -6.464999999999734], [106.64500000000596, -6.4549999999997345], [106.65500000000597, -6.4549999999997345], [106.65500000000597, -6.444999999999735], [106.66500000000597, -6.444999999999735], [106.66500000000597, -6.434999999999735], [106.67500000000598, -6.434999999999735], [106.67500000000598, -6.424999999999735], [106.68500000000599, -6.424999999999735], [106.68500000000599, -6.414999999999735], [106.705000000006, -6.414999999999735], [106.705000000006, -6.404999999999736], [106.66500000000597, -6.404999999999736], [106.66500000000597, -6.394999999999736], [106.60500000000594, -6.394999999999736], [106.60500000000594, -6.404999999999736], [106.56500000000592, -6.404999999999736], [106.56500000000592, -6.414999999999735], [106.53500000000591, -6.414999999999735], [106.53500000000591, -6.424999999999735], [106.45500000000587, -6.424999999999735], [106.45500000000587, -6.414999999999735], [106.41500000000585, -6.414999999999735], [106.41500000000585, -6.404999999999736], [106.38500000000583, -6.404999999999736], [106.38500000000583, -6.394999999999736], [106.36500000000582, -6.394999999999736], [106.36500000000582, -6.384999999999736], [106.34500000000581, -6.384999999999736], [106.34500000000581, -6.374999999999736], [106.3250000000058, -6.374999999999736], [106.3250000000058, -6.364999999999736], [106.3150000000058, -6.364999999999736], [106.3150000000058, -6.354999999999737], [106.30500000000579, -6.354999999999737], [106.30500000000579, -6.344999999999737], [106.29500000000579, -6.344999999999737], [106.29500000000579, -6.334999999999737], [106.28500000000578, -6.334999999999737], [106.28500000000578, -6.364999999999736], [106.27500000000578, -6.364999999999736], [106.27500000000578, -6.354999999999737], [106.26500000000577, -6.354999999999737], [106.26500000000577, -6.344999999999737], [106.23500000000575, -6.344999999999737], [106.23500000000575, -6.324999999999737], [106.22500000000575, -6.324999999999737], [106.22500000000575, -6.344999999999737], [106.19500000000573, -6.344999999999737], [106.19500000000573, -6.354999999999737], [106.1150000000057, -6.354999999999737], [106.1150000000057, -6.364999999999736], [106.05500000000566, -6.364999999999736], [106.05500000000566, -6.354999999999737], [106.04500000000566, -6.354999999999737], [106.04500000000566, -6.344999999999737], [106.02500000000565, -6.344999999999737], [106.02500000000565, -6.334999999999737], [106.01500000000564, -6.334999999999737], [106.01500000000564, -6.324999999999737], [106.02500000000565, -6.324999999999737], [106.02500000000565, -6.3149999999997375], [106.03500000000565, -6.3149999999997375], [106.03500000000565, -6.304999999999738], [106.04500000000566, -6.304999999999738], [106.04500000000566, -6.294999999999738], [106.05500000000566, -6.294999999999738], [106.05500000000566, -6.284999999999738], [106.06500000000567, -6.284999999999738], [106.06500000000567, -6.2649999999997386], [106.07500000000567, -6.2649999999997386], [106.07500000000567, -6.224999999999739], [106.06500000000567, -6.224999999999739], [106.06500000000567, -6.19499999999974], [106.05500000000566, -6.19499999999974], [106.05500000000566, -6.18499999999974], [106.04500000000566, -6.18499999999974], [106.04500000000566, -6.164999999999741], [106.03500000000565, -6.164999999999741], [106.03500000000565, -6.154999999999741], [106.02500000000565, -6.154999999999741], [106.02500000000565, -6.144999999999741], [106.00500000000564, -6.144999999999741], [106.00500000000564, -6.134999999999741], [105.98500000000563, -6.134999999999741], [105.98500000000563, -6.1249999999997415], [105.96500000000562, -6.1249999999997415], [105.96500000000562, -6.104999999999742], [105.97500000000562, -6.104999999999742], [105.97500000000562, -6.094999999999742], [105.98500000000563, -6.094999999999742], [105.98500000000563, -6.084999999999742], [105.99500000000563, -6.084999999999742], [105.99500000000563, -6.074999999999743], [106.00500000000564, -6.074999999999743], [106.00500000000564, -6.064999999999743], [106.14500000000571, -6.064999999999743], [106.14500000000571, -6.074999999999743], [106.15500000000571, -6.074999999999743], [106.15500000000571, -6.084999999999742], [106.16500000000572, -6.084999999999742], [106.16500000000572, -6.104999999999742], [106.17500000000572, -6.104999999999742], [106.17500000000572, -6.1249999999997415], [106.18500000000573, -6.1249999999997415], [106.18500000000573, -6.084999999999742], [106.17500000000572, -6.084999999999742], [106.17500000000572, -6.064999999999743], [106.29500000000579, -6.064999999999743], [106.29500000000579, -6.074999999999743], [106.38500000000583, -6.074999999999743], [106.38500000000583, -6.084999999999742], [106.42500000000585, -6.084999999999742], [106.42500000000585, -6.074999999999743], [106.41500000000585, -6.074999999999743], [106.41500000000585, -6.044999999999743], [106.40500000000584, -6.044999999999743], [106.40500000000584, -6.014999999999744], [106.39500000000584, -6.014999999999744], [106.39500000000584, -5.994999999999744], [106.40500000000584, -5.994999999999744], [106.40500000000584, -5.974999999999745], [106.41500000000585, -5.974999999999745], [106.41500000000585, -5.954999999999745], [106.42500000000585, -5.954999999999745], [106.42500000000585, -5.934999999999746], [106.43500000000586, -5.934999999999746], [106.43500000000586, -5.924999999999746], [106.44500000000586, -5.924999999999746], [106.44500000000586, -5.914999999999746], [106.45500000000587, -5.914999999999746], [106.45500000000587, -5.894999999999746], [106.46500000000587, -5.894999999999746], [106.46500000000587, -5.884999999999747], [106.48500000000588, -5.884999999999747], [106.48500000000588, -5.874999999999747], [106.49500000000589, -5.874999999999747], [106.49500000000589, -5.864999999999747], [106.5150000000059, -5.864999999999747], [106.5150000000059, -5.854999999999747], [106.5250000000059, -5.854999999999747], [106.5250000000059, -5.8449999999997475], [106.5150000000059, -5.8449999999997475], [106.5150000000059, -5.834999999999748], [106.5050000000059, -5.834999999999748], [106.5050000000059, -5.824999999999748], [106.47500000000588, -5.824999999999748], [106.47500000000588, -5.814999999999748], [106.44500000000586, -5.814999999999748], [106.44500000000586, -5.804999999999748], [106.54500000000591, -5.804999999999748], [106.54500000000591, -5.794999999999749], [106.61500000000595, -5.794999999999749], [106.61500000000595, -5.784999999999749], [106.68500000000599, -5.784999999999749], [106.68500000000599, -5.774999999999749], [106.75500000000602, -5.774999999999749], [106.75500000000602, -5.784999999999749], [106.76500000000603, -5.784999999999749], [106.76500000000603, -5.794999999999749], [106.77500000000603, -5.794999999999749], [106.77500000000603, -5.804999999999748], [106.78500000000604, -5.804999999999748], [106.78500000000604, -5.814999999999748]]], [[[106.28500000000578, -5.774999999999749], [106.27500000000578, -5.774999999999749], [106.27500000000578, -5.784999999999749], [106.24500000000576, -5.784999999999749], [106.24500000000576, -5.764999999999749], [106.28500000000578, -5.764999999999749], [106.28500000000578, -5.774999999999749]]], [[[105.5350000000054, -5.394999999999757], [105.5450000000054, -5.394999999999757], [105.5450000000054, -5.384999999999757], [105.5550000000054, -5.384999999999757], [105.5550000000054, -5.3749999999997575], [105.56500000000541, -5.3749999999997575], [105.56500000000541, -5.364999999999758], [105.57500000000542, -5.364999999999758], [105.57500000000542, -5.354999999999758], [105.58500000000542, -5.354999999999758], [105.58500000000542, -5.3749999999997575], [105.57500000000542, -5.3749999999997575], [105.57500000000542, -5.414999999999757], [105.56500000000541, -5.414999999999757], [105.56500000000541, -5.464999999999756], [105.57500000000542, -5.464999999999756], [105.57500000000542, -5.534999999999754], [105.56500000000541, -5.534999999999754], [105.56500000000541, -5.574999999999753], [105.5550000000054, -5.574999999999753], [105.5550000000054, -5.604999999999753], [105.5450000000054, -5.604999999999753], [105.5450000000054, -5.634999999999752], [105.5350000000054, -5.634999999999752], [105.5350000000054, -5.664999999999751], [105.52500000000539, -5.664999999999751], [105.52500000000539, -5.684999999999751], [105.51500000000539, -5.684999999999751], [105.51500000000539, -5.7049999999997505], [105.50500000000538, -5.7049999999997505], [105.50500000000538, -5.71499999999975], [105.48500000000537, -5.71499999999975], [105.48500000000537, -5.7049999999997505], [105.47500000000537, -5.7049999999997505], [105.47500000000537, -5.694999999999751], [105.46500000000536, -5.694999999999751], [105.46500000000536, -5.684999999999751], [105.45500000000536, -5.684999999999751], [105.45500000000536, -5.674999999999751], [105.44500000000535, -5.674999999999751], [105.44500000000535, -5.664999999999751], [105.43500000000535, -5.664999999999751], [105.43500000000535, -5.644999999999752], [105.42500000000534, -5.644999999999752], [105.42500000000534, -5.634999999999752], [105.41500000000534, -5.634999999999752], [105.41500000000534, -5.614999999999752], [105.40500000000533, -5.614999999999752], [105.40500000000533, -5.604999999999753], [105.39500000000533, -5.604999999999753], [105.39500000000533, -5.584999999999753], [105.38500000000532, -5.584999999999753], [105.38500000000532, -5.5649999999997535], [105.37500000000531, -5.5649999999997535], [105.37500000000531, -5.544999999999754], [105.3550000000053, -5.544999999999754], [105.3550000000053, -5.534999999999754], [105.32500000000529, -5.534999999999754], [105.32500000000529, -5.524999999999754], [105.29500000000527, -5.524999999999754], [105.29500000000527, -5.5149999999997545], [105.26500000000526, -5.5149999999997545], [105.26500000000526, -5.504999999999755], [105.24500000000525, -5.504999999999755], [105.24500000000525, -5.484999999999755], [105.23500000000524, -5.484999999999755], [105.23500000000524, -5.474999999999755], [105.22500000000524, -5.474999999999755], [105.22500000000524, -5.464999999999756], [105.23500000000524, -5.464999999999756], [105.23500000000524, -5.454999999999756], [105.25500000000525, -5.454999999999756], [105.25500000000525, -5.444999999999756], [105.37500000000531, -5.444999999999756], [105.37500000000531, -5.434999999999756], [105.38500000000532, -5.434999999999756], [105.38500000000532, -5.414999999999757], [105.39500000000533, -5.414999999999757], [105.39500000000533, -5.404999999999757], [105.40500000000533, -5.404999999999757], [105.40500000000533, -5.394999999999757], [105.41500000000534, -5.394999999999757], [105.41500000000534, -5.384999999999757], [105.42500000000534, -5.384999999999757], [105.42500000000534, -5.3749999999997575], [105.44500000000535, -5.3749999999997575], [105.44500000000535, -5.364999999999758], [105.45500000000536, -5.364999999999758], [105.45500000000536, -5.354999999999758], [105.47500000000537, -5.354999999999758], [105.47500000000537, -5.344999999999758], [105.50500000000538, -5.344999999999758], [105.50500000000538, -5.354999999999758], [105.51500000000539, -5.354999999999758], [105.51500000000539, -5.364999999999758], [105.52500000000539, -5.364999999999758], [105.52500000000539, -5.3749999999997575], [105.5350000000054, -5.3749999999997575], [105.5350000000054, -5.394999999999757]]], [[[105.08500000000517, -5.3749999999997575], [105.09500000000517, -5.3749999999997575], [105.09500000000517, -5.384999999999757], [105.10500000000518, -5.384999999999757], [105.10500000000518, -5.394999999999757], [105.11500000000518, -5.394999999999757], [105.11500000000518, -5.404999999999757], [105.12500000000519, -5.404999999999757], [105.12500000000519, -5.414999999999757], [105.13500000000519, -5.414999999999757], [105.13500000000519, -5.434999999999756], [105.1450000000052, -5.434999999999756], [105.1450000000052, -5.454999999999756], [105.1550000000052, -5.454999999999756], [105.1550000000052, -5.484999999999755], [105.16500000000521, -5.484999999999755], [105.16500000000521, -5.504999999999755], [105.1550000000052, -5.504999999999755], [105.1550000000052, -5.524999999999754], [105.1450000000052, -5.524999999999754], [105.1450000000052, -5.534999999999754], [105.13500000000519, -5.534999999999754], [105.13500000000519, -5.544999999999754], [105.12500000000519, -5.544999999999754], [105.12500000000519, -5.554999999999754], [105.10500000000518, -5.554999999999754], [105.10500000000518, -5.5649999999997535], [105.09500000000517, -5.5649999999997535], [105.09500000000517, -5.574999999999753], [105.08500000000517, -5.574999999999753], [105.08500000000517, -5.5649999999997535], [105.07500000000516, -5.5649999999997535], [105.07500000000516, -5.544999999999754], [105.08500000000517, -5.544999999999754], [105.08500000000517, -5.534999999999754], [105.10500000000518, -5.534999999999754], [105.10500000000518, -5.524999999999754], [105.08500000000517, -5.524999999999754], [105.08500000000517, -5.5149999999997545], [105.05500000000515, -5.5149999999997545], [105.05500000000515, -5.504999999999755], [105.04500000000515, -5.504999999999755], [105.04500000000515, -5.474999999999755], [105.03500000000514, -5.474999999999755], [105.03500000000514, -5.434999999999756], [105.02500000000514, -5.434999999999756], [105.02500000000514, -5.404999999999757], [105.01500000000513, -5.404999999999757], [105.01500000000513, -5.364999999999758], [105.00500000000513, -5.364999999999758], [105.00500000000513, -5.334999999999758], [105.02500000000514, -5.334999999999758], [105.02500000000514, -5.344999999999758], [105.04500000000515, -5.344999999999758], [105.04500000000515, -5.354999999999758], [105.06500000000516, -5.354999999999758], [105.06500000000516, -5.364999999999758], [105.08500000000517, -5.364999999999758], [105.08500000000517, -5.3749999999997575]]], [[[104.9550000000051, -5.364999999999758], [104.9550000000051, -5.3749999999997575], [104.9450000000051, -5.3749999999997575], [104.9450000000051, -5.384999999999757], [104.92500000000508, -5.384999999999757], [104.92500000000508, -5.394999999999757], [104.89500000000507, -5.394999999999757], [104.89500000000507, -5.404999999999757], [104.86500000000505, -5.404999999999757], [104.86500000000505, -5.414999999999757], [104.80500000000502, -5.414999999999757], [104.80500000000502, -5.4249999999997565], [104.74500000000499, -5.4249999999997565], [104.74500000000499, -5.414999999999757], [104.73500000000499, -5.414999999999757], [104.73500000000499, -5.334999999999758], [104.74500000000499, -5.334999999999758], [104.74500000000499, -5.324999999999759], [104.78500000000501, -5.324999999999759], [104.78500000000501, -5.334999999999758], [104.98500000000512, -5.334999999999758], [104.98500000000512, -5.344999999999758], [104.97500000000511, -5.344999999999758], [104.97500000000511, -5.354999999999758], [104.9650000000051, -5.354999999999758], [104.9650000000051, -5.364999999999758], [104.9550000000051, -5.364999999999758]]], [[[106.03500000000565, -5.454999999999756], [106.03500000000565, -5.504999999999755], [106.02500000000565, -5.504999999999755], [106.02500000000565, -5.5149999999997545], [105.99500000000563, -5.5149999999997545], [105.99500000000563, -5.504999999999755], [105.98500000000563, -5.504999999999755], [105.98500000000563, -5.464999999999756], [105.97500000000562, -5.464999999999756], [105.97500000000562, -5.414999999999757], [105.96500000000562, -5.414999999999757], [105.96500000000562, -5.364999999999758], [105.95500000000561, -5.364999999999758], [105.95500000000561, -5.334999999999758], [105.9450000000056, -5.334999999999758], [105.9450000000056, -5.294999999999759], [105.9350000000056, -5.294999999999759], [105.9350000000056, -5.27499999999976], [105.9250000000056, -5.27499999999976], [105.9250000000056, -5.25499999999976], [105.9450000000056, -5.25499999999976], [105.9450000000056, -5.24499999999976], [105.95500000000561, -5.24499999999976], [105.95500000000561, -5.2349999999997605], [105.96500000000562, -5.2349999999997605], [105.96500000000562, -5.214999999999761], [105.97500000000562, -5.214999999999761], [105.97500000000562, -5.314999999999759], [105.98500000000563, -5.314999999999759], [105.98500000000563, -5.404999999999757], [105.99500000000563, -5.404999999999757], [105.99500000000563, -5.434999999999756], [106.01500000000564, -5.434999999999756], [106.01500000000564, -5.454999999999756], [106.03500000000565, -5.454999999999756]]], [[[105.43500000000535, -5.124999999999763], [105.44500000000535, -5.124999999999763], [105.44500000000535, -5.134999999999763], [105.46500000000536, -5.134999999999763], [105.46500000000536, -5.144999999999762], [105.47500000000537, -5.144999999999762], [105.47500000000537, -5.154999999999762], [105.49500000000538, -5.154999999999762], [105.49500000000538, -5.164999999999762], [105.50500000000538, -5.164999999999762], [105.50500000000538, -5.174999999999762], [105.52500000000539, -5.174999999999762], [105.52500000000539, -5.184999999999762], [105.5350000000054, -5.184999999999762], [105.5350000000054, -5.194999999999761], [105.5550000000054, -5.194999999999761], [105.5550000000054, -5.204999999999761], [105.57500000000542, -5.204999999999761], [105.57500000000542, -5.214999999999761], [105.58500000000542, -5.214999999999761], [105.58500000000542, -5.224999999999761], [105.60500000000543, -5.224999999999761], [105.60500000000543, -5.2349999999997605], [105.59500000000543, -5.2349999999997605], [105.59500000000543, -5.24499999999976], [105.57500000000542, -5.24499999999976], [105.57500000000542, -5.25499999999976], [105.56500000000541, -5.25499999999976], [105.56500000000541, -5.26499999999976], [105.5450000000054, -5.26499999999976], [105.5450000000054, -5.27499999999976], [105.52500000000539, -5.27499999999976], [105.52500000000539, -5.2849999999997594], [105.50500000000538, -5.2849999999997594], [105.50500000000538, -5.294999999999759], [105.48500000000537, -5.294999999999759], [105.48500000000537, -5.2849999999997594], [105.43500000000535, -5.2849999999997594], [105.43500000000535, -5.27499999999976], [105.36500000000531, -5.27499999999976], [105.36500000000531, -5.26499999999976], [105.26500000000526, -5.26499999999976], [105.26500000000526, -5.25499999999976], [105.23500000000524, -5.25499999999976], [105.23500000000524, -5.26499999999976], [105.13500000000519, -5.26499999999976], [105.13500000000519, -5.204999999999761], [105.1450000000052, -5.204999999999761], [105.1450000000052, -5.164999999999762], [105.1550000000052, -5.164999999999762], [105.1550000000052, -5.134999999999763], [105.16500000000521, -5.134999999999763], [105.16500000000521, -5.124999999999763], [105.17500000000521, -5.124999999999763], [105.17500000000521, -5.114999999999763], [105.18500000000522, -5.114999999999763], [105.18500000000522, -5.104999999999763], [105.19500000000522, -5.104999999999763], [105.19500000000522, -5.0949999999997635], [105.21500000000523, -5.0949999999997635], [105.21500000000523, -5.084999999999764], [105.40500000000533, -5.084999999999764], [105.40500000000533, -5.0949999999997635], [105.41500000000534, -5.0949999999997635], [105.41500000000534, -5.104999999999763], [105.42500000000534, -5.104999999999763], [105.42500000000534, -5.114999999999763], [105.43500000000535, -5.114999999999763], [105.43500000000535, -5.124999999999763]]], [[[104.73500000000499, -5.104999999999763], [104.72500000000498, -5.104999999999763], [104.72500000000498, -5.114999999999763], [104.71500000000498, -5.114999999999763], [104.71500000000498, -5.014999999999765], [104.70500000000497, -5.014999999999765], [104.70500000000497, -4.994999999999766], [104.71500000000498, -4.994999999999766], [104.71500000000498, -4.984999999999766], [104.74500000000499, -4.984999999999766], [104.74500000000499, -4.974999999999766], [104.77500000000501, -4.974999999999766], [104.77500000000501, -4.984999999999766], [104.755000000005, -4.984999999999766], [104.755000000005, -4.994999999999766], [104.74500000000499, -4.994999999999766], [104.74500000000499, -5.034999999999765], [104.73500000000499, -5.034999999999765], [104.73500000000499, -5.104999999999763]]], [[[103.7950000000045, -4.994999999999766], [103.80500000000451, -4.994999999999766], [103.80500000000451, -5.004999999999765], [103.7950000000045, -5.004999999999765], [103.7950000000045, -5.014999999999765], [103.7850000000045, -5.014999999999765], [103.7850000000045, -5.024999999999765], [103.7750000000045, -5.024999999999765], [103.7750000000045, -5.034999999999765], [103.76500000000449, -5.034999999999765], [103.76500000000449, -5.044999999999765], [103.74500000000448, -5.044999999999765], [103.74500000000448, -5.034999999999765], [103.73500000000448, -5.034999999999765], [103.73500000000448, -5.024999999999765], [103.72500000000447, -5.024999999999765], [103.72500000000447, -5.014999999999765], [103.71500000000447, -5.014999999999765], [103.71500000000447, -4.924999999999767], [103.72500000000447, -4.924999999999767], [103.72500000000447, -4.884999999999768], [103.73500000000448, -4.884999999999768], [103.73500000000448, -4.844999999999769], [103.74500000000448, -4.844999999999769], [103.74500000000448, -4.834999999999769], [103.76500000000449, -4.834999999999769], [103.76500000000449, -4.854999999999769], [103.7750000000045, -4.854999999999769], [103.7750000000045, -4.874999999999768], [103.7850000000045, -4.874999999999768], [103.7850000000045, -4.9049999999997675], [103.7950000000045, -4.9049999999997675], [103.7950000000045, -4.994999999999766]]], [[[104.54500000000489, -4.844999999999769], [104.54500000000489, -4.854999999999769], [104.53500000000489, -4.854999999999769], [104.53500000000489, -4.844999999999769], [104.51500000000487, -4.844999999999769], [104.51500000000487, -4.834999999999769], [104.48500000000486, -4.834999999999769], [104.48500000000486, -4.824999999999769], [104.46500000000485, -4.824999999999769], [104.46500000000485, -4.8149999999997695], [104.45500000000484, -4.8149999999997695], [104.45500000000484, -4.80499999999977], [104.44500000000484, -4.80499999999977], [104.44500000000484, -4.78499999999977], [104.43500000000483, -4.78499999999977], [104.43500000000483, -4.77499999999977], [104.48500000000486, -4.77499999999977], [104.48500000000486, -4.7649999999997705], [104.51500000000487, -4.7649999999997705], [104.51500000000487, -4.754999999999771], [104.52500000000488, -4.754999999999771], [104.52500000000488, -4.734999999999771], [104.53500000000489, -4.734999999999771], [104.53500000000489, -4.724999999999771], [104.5650000000049, -4.724999999999771], [104.5650000000049, -4.714999999999772], [104.58500000000491, -4.714999999999772], [104.58500000000491, -4.744999999999771], [104.5750000000049, -4.744999999999771], [104.5750000000049, -4.79499999999977], [104.5650000000049, -4.79499999999977], [104.5650000000049, -4.824999999999769], [104.5550000000049, -4.824999999999769], [104.5550000000049, -4.844999999999769], [104.54500000000489, -4.844999999999769]]], [[[103.73500000000448, -4.714999999999772], [103.73500000000448, -4.724999999999771], [103.74500000000448, -4.724999999999771], [103.74500000000448, -4.734999999999771], [103.75500000000449, -4.734999999999771], [103.75500000000449, -4.754999999999771], [103.7750000000045, -4.754999999999771], [103.7750000000045, -4.7649999999997705], [103.7850000000045, -4.7649999999997705], [103.7850000000045, -4.77499999999977], [103.7750000000045, -4.77499999999977], [103.7750000000045, -4.78499999999977], [103.73500000000448, -4.78499999999977], [103.73500000000448, -4.7649999999997705], [103.72500000000447, -4.7649999999997705], [103.72500000000447, -4.754999999999771], [103.71500000000447, -4.754999999999771], [103.71500000000447, -4.744999999999771], [103.70500000000446, -4.744999999999771], [103.70500000000446, -4.724999999999771], [103.69500000000446, -4.724999999999771], [103.69500000000446, -4.714999999999772], [103.68500000000445, -4.714999999999772], [103.68500000000445, -4.704999999999772], [103.67500000000445, -4.704999999999772], [103.67500000000445, -4.694999999999772], [103.66500000000444, -4.694999999999772], [103.66500000000444, -4.684999999999772], [103.65500000000443, -4.684999999999772], [103.65500000000443, -4.6749999999997724], [103.68500000000445, -4.6749999999997724], [103.68500000000445, -4.684999999999772], [103.70500000000446, -4.684999999999772], [103.70500000000446, -4.694999999999772], [103.71500000000447, -4.694999999999772], [103.71500000000447, -4.704999999999772], [103.72500000000447, -4.704999999999772], [103.72500000000447, -4.714999999999772], [103.73500000000448, -4.714999999999772]]], [[[102.28500000000373, -4.714999999999772], [102.30500000000374, -4.714999999999772], [102.30500000000374, -4.724999999999771], [102.32500000000375, -4.724999999999771], [102.32500000000375, -4.734999999999771], [102.34500000000376, -4.734999999999771], [102.34500000000376, -4.744999999999771], [102.36500000000377, -4.744999999999771], [102.36500000000377, -4.754999999999771], [102.38500000000379, -4.754999999999771], [102.38500000000379, -4.7649999999997705], [102.39500000000379, -4.7649999999997705], [102.39500000000379, -4.77499999999977], [102.33500000000376, -4.77499999999977], [102.33500000000376, -4.7649999999997705], [102.32500000000375, -4.7649999999997705], [102.32500000000375, -4.754999999999771], [102.31500000000375, -4.754999999999771], [102.31500000000375, -4.744999999999771], [102.28500000000373, -4.744999999999771], [102.28500000000373, -4.734999999999771], [102.25500000000372, -4.734999999999771], [102.25500000000372, -4.724999999999771], [102.2250000000037, -4.724999999999771], [102.2250000000037, -4.714999999999772], [102.19500000000369, -4.714999999999772], [102.19500000000369, -4.704999999999772], [102.17500000000368, -4.704999999999772], [102.17500000000368, -4.694999999999772], [102.14500000000366, -4.694999999999772], [102.14500000000366, -4.684999999999772], [102.12500000000365, -4.684999999999772], [102.12500000000365, -4.6749999999997724], [102.15500000000367, -4.6749999999997724], [102.15500000000367, -4.684999999999772], [102.2150000000037, -4.684999999999772], [102.2150000000037, -4.694999999999772], [102.26500000000372, -4.694999999999772], [102.26500000000372, -4.704999999999772], [102.28500000000373, -4.704999999999772], [102.28500000000373, -4.714999999999772]]], [[[104.47500000000485, -4.734999999999771], [104.41500000000482, -4.734999999999771], [104.41500000000482, -4.694999999999772], [104.43500000000483, -4.694999999999772], [104.43500000000483, -4.704999999999772], [104.45500000000484, -4.704999999999772], [104.45500000000484, -4.714999999999772], [104.46500000000485, -4.714999999999772], [104.46500000000485, -4.724999999999771], [104.47500000000485, -4.724999999999771], [104.47500000000485, -4.734999999999771]]], [[[104.40500000000482, -4.684999999999772], [104.41500000000482, -4.684999999999772], [104.41500000000482, -4.694999999999772], [104.40500000000482, -4.694999999999772], [104.40500000000482, -4.684999999999772]]], [[[103.65500000000443, -4.664999999999773], [103.65500000000443, -4.6749999999997724], [103.64500000000443, -4.6749999999997724], [103.64500000000443, -4.664999999999773], [103.65500000000443, -4.664999999999773]]], [[[103.26500000000424, -4.454999999999777], [103.26500000000424, -4.464999999999777], [103.22500000000421, -4.464999999999777], [103.22500000000421, -4.444999999999777], [103.25500000000423, -4.444999999999777], [103.25500000000423, -4.454999999999777], [103.26500000000424, -4.454999999999777]]], [[[104.39500000000481, -4.234999999999782], [104.40500000000482, -4.234999999999782], [104.40500000000482, -4.254999999999781], [104.41500000000482, -4.254999999999781], [104.41500000000482, -4.264999999999781], [104.42500000000483, -4.264999999999781], [104.42500000000483, -4.274999999999781], [104.43500000000483, -4.274999999999781], [104.43500000000483, -4.284999999999781], [104.44500000000484, -4.284999999999781], [104.44500000000484, -4.2949999999997805], [104.45500000000484, -4.2949999999997805], [104.45500000000484, -4.30499999999978], [104.46500000000485, -4.30499999999978], [104.46500000000485, -4.31499999999978], [104.48500000000486, -4.31499999999978], [104.48500000000486, -4.32499999999978], [104.50500000000487, -4.32499999999978], [104.50500000000487, -4.33499999999978], [104.52500000000488, -4.33499999999978], [104.52500000000488, -4.3449999999997795], [104.54500000000489, -4.3449999999997795], [104.54500000000489, -4.354999999999779], [104.5650000000049, -4.354999999999779], [104.5650000000049, -4.364999999999779], [104.58500000000491, -4.364999999999779], [104.58500000000491, -4.374999999999779], [104.60500000000492, -4.374999999999779], [104.60500000000492, -4.384999999999779], [104.61500000000493, -4.384999999999779], [104.61500000000493, -4.394999999999778], [104.62500000000493, -4.394999999999778], [104.62500000000493, -4.494999999999776], [104.61500000000493, -4.494999999999776], [104.61500000000493, -4.564999999999775], [104.60500000000492, -4.564999999999775], [104.60500000000492, -4.6249999999997735], [104.59500000000492, -4.6249999999997735], [104.59500000000492, -4.634999999999773], [104.58500000000491, -4.634999999999773], [104.58500000000491, -4.6249999999997735], [104.5750000000049, -4.6249999999997735], [104.5750000000049, -4.614999999999774], [104.5650000000049, -4.614999999999774], [104.5650000000049, -4.604999999999774], [104.5550000000049, -4.604999999999774], [104.5550000000049, -4.594999999999774], [104.54500000000489, -4.594999999999774], [104.54500000000489, -4.584999999999774], [104.53500000000489, -4.584999999999774], [104.53500000000489, -4.574999999999775], [104.52500000000488, -4.574999999999775], [104.52500000000488, -4.564999999999775], [104.51500000000487, -4.564999999999775], [104.51500000000487, -4.554999999999775], [104.50500000000487, -4.554999999999775], [104.50500000000487, -4.544999999999775], [104.48500000000486, -4.544999999999775], [104.48500000000486, -4.534999999999775], [104.47500000000485, -4.534999999999775], [104.47500000000485, -4.524999999999776], [104.44500000000484, -4.524999999999776], [104.44500000000484, -4.514999999999776], [104.42500000000483, -4.514999999999776], [104.42500000000483, -4.504999999999776], [104.39500000000481, -4.504999999999776], [104.39500000000481, -4.494999999999776], [104.3750000000048, -4.494999999999776], [104.3750000000048, -4.4849999999997765], [104.3550000000048, -4.4849999999997765], [104.3550000000048, -4.474999999999777], [104.34500000000479, -4.474999999999777], [104.34500000000479, -4.444999999999777], [104.33500000000478, -4.444999999999777], [104.33500000000478, -4.404999999999778], [104.32500000000478, -4.404999999999778], [104.32500000000478, -4.364999999999779], [104.31500000000477, -4.364999999999779], [104.31500000000477, -4.32499999999978], [104.30500000000477, -4.32499999999978], [104.30500000000477, -4.274999999999781], [104.29500000000476, -4.274999999999781], [104.29500000000476, -4.234999999999782], [104.30500000000477, -4.234999999999782], [104.30500000000477, -4.214999999999782], [104.31500000000477, -4.214999999999782], [104.31500000000477, -4.2049999999997825], [104.33500000000478, -4.2049999999997825], [104.33500000000478, -4.194999999999783], [104.34500000000479, -4.194999999999783], [104.34500000000479, -4.184999999999783], [104.3550000000048, -4.184999999999783], [104.3550000000048, -4.174999999999783], [104.3650000000048, -4.174999999999783], [104.3650000000048, -4.184999999999783], [104.3750000000048, -4.184999999999783], [104.3750000000048, -4.2049999999997825], [104.38500000000481, -4.2049999999997825], [104.38500000000481, -4.214999999999782], [104.39500000000481, -4.214999999999782], [104.39500000000481, -4.234999999999782]]], [[[103.5750000000044, -4.264999999999781], [103.56500000000439, -4.264999999999781], [103.56500000000439, -4.274999999999781], [103.55500000000438, -4.274999999999781], [103.55500000000438, -4.284999999999781], [103.54500000000438, -4.284999999999781], [103.54500000000438, -4.2949999999997805], [103.53500000000437, -4.2949999999997805], [103.53500000000437, -4.30499999999978], [103.52500000000437, -4.30499999999978], [103.52500000000437, -4.31499999999978], [103.51500000000436, -4.31499999999978], [103.51500000000436, -4.32499999999978], [103.50500000000436, -4.32499999999978], [103.50500000000436, -4.33499999999978], [103.48500000000435, -4.33499999999978], [103.48500000000435, -4.3449999999997795], [103.46500000000434, -4.3449999999997795], [103.46500000000434, -4.354999999999779], [103.43500000000432, -4.354999999999779], [103.43500000000432, -4.364999999999779], [103.42500000000432, -4.364999999999779], [103.42500000000432, -4.354999999999779], [103.41500000000431, -4.354999999999779], [103.41500000000431, -4.3449999999997795], [103.4050000000043, -4.3449999999997795], [103.4050000000043, -4.33499999999978], [103.3950000000043, -4.33499999999978], [103.3950000000043, -4.32499999999978], [103.3850000000043, -4.32499999999978], [103.3850000000043, -4.31499999999978], [103.37500000000429, -4.31499999999978], [103.37500000000429, -4.30499999999978], [103.36500000000429, -4.30499999999978], [103.36500000000429, -4.2949999999997805], [103.35500000000428, -4.2949999999997805], [103.35500000000428, -4.284999999999781], [103.34500000000428, -4.284999999999781], [103.34500000000428, -4.274999999999781], [103.33500000000427, -4.274999999999781], [103.33500000000427, -4.264999999999781], [103.31500000000426, -4.264999999999781], [103.31500000000426, -4.234999999999782], [103.32500000000427, -4.234999999999782], [103.32500000000427, -4.224999999999782], [103.34500000000428, -4.224999999999782], [103.34500000000428, -4.214999999999782], [103.36500000000429, -4.214999999999782], [103.36500000000429, -4.2049999999997825], [103.3850000000043, -4.2049999999997825], [103.3850000000043, -4.194999999999783], [103.41500000000431, -4.194999999999783], [103.41500000000431, -4.184999999999783], [103.45500000000433, -4.184999999999783], [103.45500000000433, -4.174999999999783], [103.52500000000437, -4.174999999999783], [103.52500000000437, -4.184999999999783], [103.55500000000438, -4.184999999999783], [103.55500000000438, -4.2049999999997825], [103.56500000000439, -4.2049999999997825], [103.56500000000439, -4.224999999999782], [103.5750000000044, -4.224999999999782], [103.5750000000044, -4.264999999999781]], [[103.3950000000043, -4.224999999999782], [103.3950000000043, -4.234999999999782], [103.3850000000043, -4.234999999999782], [103.3850000000043, -4.254999999999781], [103.3950000000043, -4.254999999999781], [103.3950000000043, -4.264999999999781], [103.41500000000431, -4.264999999999781], [103.41500000000431, -4.274999999999781], [103.43500000000432, -4.274999999999781], [103.43500000000432, -4.284999999999781], [103.45500000000433, -4.284999999999781], [103.45500000000433, -4.2949999999997805], [103.47500000000434, -4.2949999999997805], [103.47500000000434, -4.30499999999978], [103.50500000000436, -4.30499999999978], [103.50500000000436, -4.2949999999997805], [103.51500000000436, -4.2949999999997805], [103.51500000000436, -4.284999999999781], [103.52500000000437, -4.284999999999781], [103.52500000000437, -4.274999999999781], [103.53500000000437, -4.274999999999781], [103.53500000000437, -4.224999999999782], [103.52500000000437, -4.224999999999782], [103.52500000000437, -4.2049999999997825], [103.51500000000436, -4.2049999999997825], [103.51500000000436, -4.194999999999783], [103.50500000000436, -4.194999999999783], [103.50500000000436, -4.184999999999783], [103.46500000000434, -4.184999999999783], [103.46500000000434, -4.194999999999783], [103.44500000000433, -4.194999999999783], [103.44500000000433, -4.2049999999997825], [103.42500000000432, -4.2049999999997825], [103.42500000000432, -4.214999999999782], [103.4050000000043, -4.214999999999782], [103.4050000000043, -4.224999999999782], [103.3950000000043, -4.224999999999782]]], [[[103.08500000000414, -4.234999999999782], [103.09500000000415, -4.234999999999782], [103.09500000000415, -4.274999999999781], [103.08500000000414, -4.274999999999781], [103.08500000000414, -4.234999999999782]]], [[[104.03500000000463, -3.7449999999997923], [104.04500000000463, -3.7449999999997923], [104.04500000000463, -3.754999999999792], [104.03500000000463, -3.754999999999792], [104.03500000000463, -3.764999999999792], [104.02500000000462, -3.764999999999792], [104.02500000000462, -3.7749999999997916], [104.01500000000462, -3.7749999999997916], [104.01500000000462, -3.7849999999997914], [103.9850000000046, -3.7849999999997914], [103.9850000000046, -3.7749999999997916], [103.9750000000046, -3.7749999999997916], [103.9750000000046, -3.764999999999792], [103.95500000000459, -3.764999999999792], [103.95500000000459, -3.754999999999792], [103.94500000000458, -3.754999999999792], [103.94500000000458, -3.7449999999997923], [103.95500000000459, -3.7449999999997923], [103.95500000000459, -3.7349999999997925], [103.9650000000046, -3.7349999999997925], [103.9650000000046, -3.7249999999997927], [103.9850000000046, -3.7249999999997927], [103.9850000000046, -3.714999999999793], [103.99500000000461, -3.714999999999793], [103.99500000000461, -3.704999999999793], [104.00500000000461, -3.704999999999793], [104.00500000000461, -3.714999999999793], [104.01500000000462, -3.714999999999793], [104.01500000000462, -3.7249999999997927], [104.02500000000462, -3.7249999999997927], [104.02500000000462, -3.7349999999997925], [104.03500000000463, -3.7349999999997925], [104.03500000000463, -3.7449999999997923]]], [[[102.31500000000375, -3.344999999999801], [102.33500000000376, -3.344999999999801], [102.33500000000376, -3.3549999999998006], [102.34500000000376, -3.3549999999998006], [102.34500000000376, -3.3649999999998004], [102.35500000000377, -3.3649999999998004], [102.35500000000377, -3.3749999999998], [102.36500000000377, -3.3749999999998], [102.36500000000377, -3.3849999999998], [102.38500000000379, -3.3849999999998], [102.38500000000379, -3.3949999999997997], [102.39500000000379, -3.3949999999997997], [102.39500000000379, -3.4049999999997995], [102.4050000000038, -3.4049999999997995], [102.4050000000038, -3.4149999999997993], [102.4150000000038, -3.4149999999997993], [102.4150000000038, -3.424999999999799], [102.4250000000038, -3.424999999999799], [102.4250000000038, -3.434999999999799], [102.43500000000381, -3.434999999999799], [102.43500000000381, -3.4449999999997987], [102.44500000000382, -3.4449999999997987], [102.44500000000382, -3.4549999999997985], [102.45500000000382, -3.4549999999997985], [102.45500000000382, -3.4649999999997982], [102.46500000000383, -3.4649999999997982], [102.46500000000383, -3.484999999999798], [102.47500000000383, -3.484999999999798], [102.47500000000383, -3.4949999999997976], [102.48500000000384, -3.4949999999997976], [102.48500000000384, -3.574999999999796], [102.49500000000384, -3.574999999999796], [102.49500000000384, -3.654999999999794], [102.48500000000384, -3.654999999999794], [102.48500000000384, -3.664999999999794], [102.46500000000383, -3.664999999999794], [102.46500000000383, -3.6749999999997938], [102.45500000000382, -3.6749999999997938], [102.45500000000382, -3.6849999999997936], [102.44500000000382, -3.6849999999997936], [102.44500000000382, -3.6949999999997933], [102.43500000000381, -3.6949999999997933], [102.43500000000381, -3.714999999999793], [102.4250000000038, -3.714999999999793], [102.4250000000038, -3.7249999999997927], [102.4150000000038, -3.7249999999997927], [102.4150000000038, -3.7349999999997925], [102.4050000000038, -3.7349999999997925], [102.4050000000038, -3.7249999999997927], [102.37500000000378, -3.7249999999997927], [102.37500000000378, -3.714999999999793], [102.27500000000373, -3.714999999999793], [102.27500000000373, -3.704999999999793], [102.2250000000037, -3.704999999999793], [102.2250000000037, -3.6949999999997933], [102.2050000000037, -3.6949999999997933], [102.2050000000037, -3.6849999999997936], [102.18500000000368, -3.6849999999997936], [102.18500000000368, -3.6749999999997938], [102.16500000000367, -3.6749999999997938], [102.16500000000367, -3.664999999999794], [102.15500000000367, -3.664999999999794], [102.15500000000367, -3.654999999999794], [102.14500000000366, -3.654999999999794], [102.14500000000366, -3.6449999999997944], [102.13500000000366, -3.6449999999997944], [102.13500000000366, -3.6349999999997946], [102.12500000000365, -3.6349999999997946], [102.12500000000365, -3.624999999999795], [102.11500000000365, -3.624999999999795], [102.11500000000365, -3.614999999999795], [102.10500000000364, -3.614999999999795], [102.10500000000364, -3.5949999999997955], [102.09500000000364, -3.5949999999997955], [102.09500000000364, -3.5849999999997957], [102.08500000000363, -3.5849999999997957], [102.08500000000363, -3.564999999999796], [102.07500000000363, -3.564999999999796], [102.07500000000363, -3.5349999999997967], [102.06500000000362, -3.5349999999997967], [102.06500000000362, -3.5049999999997974], [102.05500000000362, -3.5049999999997974], [102.05500000000362, -3.474999999999798], [102.04500000000361, -3.474999999999798], [102.04500000000361, -3.4449999999997987], [102.05500000000362, -3.4449999999997987], [102.05500000000362, -3.434999999999799], [102.06500000000362, -3.434999999999799], [102.06500000000362, -3.424999999999799], [102.07500000000363, -3.424999999999799], [102.07500000000363, -3.4149999999997993], [102.08500000000363, -3.4149999999997993], [102.08500000000363, -3.4049999999997995], [102.09500000000364, -3.4049999999997995], [102.09500000000364, -3.3949999999997997], [102.10500000000364, -3.3949999999997997], [102.10500000000364, -3.3849999999998], [102.11500000000365, -3.3849999999998], [102.11500000000365, -3.3749999999998], [102.13500000000366, -3.3749999999998], [102.13500000000366, -3.3649999999998004], [102.14500000000366, -3.3649999999998004], [102.14500000000366, -3.3549999999998006], [102.15500000000367, -3.3549999999998006], [102.15500000000367, -3.344999999999801], [102.17500000000368, -3.344999999999801], [102.17500000000368, -3.334999999999801], [102.18500000000368, -3.334999999999801], [102.18500000000368, -3.3249999999998012], [102.2050000000037, -3.3249999999998012], [102.2050000000037, -3.3149999999998014], [102.2250000000037, -3.3149999999998014], [102.2250000000037, -3.3049999999998017], [102.27500000000373, -3.3049999999998017], [102.27500000000373, -3.3149999999998014], [102.28500000000373, -3.3149999999998014], [102.28500000000373, -3.3249999999998012], [102.30500000000374, -3.3249999999998012], [102.30500000000374, -3.334999999999801], [102.31500000000375, -3.334999999999801], [102.31500000000375, -3.344999999999801]]], [[[103.87500000000455, -1.9949999999998296], [103.88500000000455, -1.9949999999998296], [103.88500000000455, -2.014999999999829], [103.86500000000454, -2.014999999999829], [103.86500000000454, -1.9849999999998298], [103.87500000000455, -1.9849999999998298], [103.87500000000455, -1.9949999999998296]]], [[[103.5950000000044, -1.1149999999998483], [103.5850000000044, -1.1149999999998483], [103.5850000000044, -1.1049999999998485], [103.5750000000044, -1.1049999999998485], [103.5750000000044, -1.0949999999998488], [103.56500000000439, -1.0949999999998488], [103.56500000000439, -1.0749999999998492], [103.55500000000438, -1.0749999999998492], [103.55500000000438, -1.0649999999998494], [103.54500000000438, -1.0649999999998494], [103.54500000000438, -1.03499999999985], [103.53500000000437, -1.03499999999985], [103.53500000000437, -0.9849999999998511], [103.5750000000044, -0.9849999999998511], [103.5750000000044, -0.9749999999998513], [103.66500000000444, -0.9749999999998513], [103.66500000000444, -1.1449999999998477], [103.63500000000442, -1.1449999999998477], [103.63500000000442, -1.134999999999848], [103.61500000000441, -1.134999999999848], [103.61500000000441, -1.1249999999998481], [103.5950000000044, -1.1249999999998481], [103.5950000000044, -1.1149999999998483]]], [[[103.41500000000431, -1.0049999999998507], [103.41500000000431, -0.9949999999998509], [103.42500000000432, -0.9949999999998509], [103.42500000000432, -0.9849999999998511], [103.45500000000433, -0.9849999999998511], [103.45500000000433, -0.9749999999998513], [103.49500000000435, -0.9749999999998513], [103.49500000000435, -0.9849999999998511], [103.47500000000434, -0.9849999999998511], [103.47500000000434, -1.0049999999998507], [103.45500000000433, -1.0049999999998507], [103.45500000000433, -1.0149999999998505], [103.4050000000043, -1.0149999999998505], [103.4050000000043, -1.0049999999998507], [103.41500000000431, -1.0049999999998507]]], [[[103.49500000000435, -0.9649999999998515], [103.51500000000436, -0.9649999999998515], [103.51500000000436, -0.9749999999998513], [103.49500000000435, -0.9749999999998513], [103.49500000000435, -0.9649999999998515]]], [[[103.50500000000436, -0.8449999999998541], [103.52500000000437, -0.8449999999998541], [103.52500000000437, -0.8549999999998539], [103.50500000000436, -0.8549999999998539], [103.50500000000436, -0.8449999999998541]]], [[[102.69500000000394, -0.8249999999998545], [102.70500000000395, -0.8249999999998545], [102.70500000000395, -0.8349999999998543], [102.71500000000395, -0.8349999999998543], [102.71500000000395, -0.8649999999998537], [102.68500000000394, -0.8649999999998537], [102.68500000000394, -0.8349999999998543], [102.69500000000394, -0.8349999999998543], [102.69500000000394, -0.8249999999998545]]], [[[103.7950000000045, -0.49499999999986155], [103.80500000000451, -0.49499999999986155], [103.80500000000451, -0.5049999999998613], [103.7750000000045, -0.5049999999998613], [103.7750000000045, -0.5149999999998611], [103.75500000000449, -0.5149999999998611], [103.75500000000449, -0.5249999999998609], [103.74500000000448, -0.5249999999998609], [103.74500000000448, -0.5349999999998607], [103.73500000000448, -0.5349999999998607], [103.73500000000448, -0.5549999999998603], [103.72500000000447, -0.5549999999998603], [103.72500000000447, -0.5349999999998607], [103.71500000000447, -0.5349999999998607], [103.71500000000447, -0.474999999999862], [103.72500000000447, -0.474999999999862], [103.72500000000447, -0.4549999999998624], [103.73500000000448, -0.4549999999998624], [103.73500000000448, -0.4449999999998626], [103.75500000000449, -0.4449999999998626], [103.75500000000449, -0.4649999999998622], [103.76500000000449, -0.4649999999998622], [103.76500000000449, -0.474999999999862], [103.7850000000045, -0.474999999999862], [103.7850000000045, -0.48499999999986176], [103.7950000000045, -0.48499999999986176], [103.7950000000045, -0.49499999999986155]]], [[[102.98500000000409, -0.40499999999986347], [102.98500000000409, -0.3949999999998637], [102.9950000000041, -0.3949999999998637], [102.9950000000041, -0.3749999999998641], [103.0050000000041, -0.3749999999998641], [103.0050000000041, -0.40499999999986347], [102.98500000000409, -0.40499999999986347]]], [[[102.52500000000386, -0.04499999999987114], [102.52500000000386, -0.05499999999987093], [102.53500000000386, -0.05499999999987093], [102.53500000000386, -0.06499999999987072], [102.54500000000387, -0.06499999999987072], [102.54500000000387, -0.0749999999998705], [102.55500000000387, -0.0749999999998705], [102.55500000000387, -0.09499999999987008], [102.56500000000388, -0.09499999999987008], [102.56500000000388, -0.11499999999986965], [102.57500000000388, -0.11499999999986965], [102.57500000000388, -0.13499999999986922], [102.58500000000389, -0.13499999999986922], [102.58500000000389, -0.17499999999986837], [102.59500000000389, -0.17499999999986837], [102.59500000000389, -0.20499999999986773], [102.6050000000039, -0.20499999999986773], [102.6050000000039, -0.5049999999998613], [102.6150000000039, -0.5049999999998613], [102.6150000000039, -0.5349999999998607], [102.62500000000391, -0.5349999999998607], [102.62500000000391, -0.5649999999998601], [102.63500000000391, -0.5649999999998601], [102.63500000000391, -0.5749999999998598], [102.64500000000392, -0.5749999999998598], [102.64500000000392, -0.5949999999998594], [102.65500000000392, -0.5949999999998594], [102.65500000000392, -0.6049999999998592], [102.66500000000393, -0.6049999999998592], [102.66500000000393, -0.614999999999859], [102.67500000000393, -0.614999999999859], [102.67500000000393, -0.6249999999998588], [102.66500000000393, -0.6249999999998588], [102.66500000000393, -0.6549999999998581], [102.65500000000392, -0.6549999999998581], [102.65500000000392, -0.7349999999998564], [102.64500000000392, -0.7349999999998564], [102.64500000000392, -0.7649999999998558], [102.63500000000391, -0.7649999999998558], [102.63500000000391, -0.7749999999998556], [102.62500000000391, -0.7749999999998556], [102.62500000000391, -0.7849999999998554], [102.59500000000389, -0.7849999999998554], [102.59500000000389, -0.7949999999998552], [102.48500000000384, -0.7949999999998552], [102.48500000000384, -0.7849999999998554], [102.46500000000383, -0.7849999999998554], [102.46500000000383, -0.7749999999998556], [102.45500000000382, -0.7749999999998556], [102.45500000000382, -0.7649999999998558], [102.44500000000382, -0.7649999999998558], [102.44500000000382, -0.754999999999856], [102.43500000000381, -0.754999999999856], [102.43500000000381, -0.7249999999998566], [102.4250000000038, -0.7249999999998566], [102.4250000000038, -0.6849999999998575], [102.4150000000038, -0.6849999999998575], [102.4150000000038, -0.6249999999998588], [102.4250000000038, -0.6249999999998588], [102.4250000000038, -0.614999999999859], [102.43500000000381, -0.614999999999859], [102.43500000000381, -0.6049999999998592], [102.44500000000382, -0.6049999999998592], [102.44500000000382, -0.5949999999998594], [102.45500000000382, -0.5949999999998594], [102.45500000000382, -0.5749999999998598], [102.46500000000383, -0.5749999999998598], [102.46500000000383, -0.5649999999998601], [102.47500000000383, -0.5649999999998601], [102.47500000000383, -0.5549999999998603], [102.48500000000384, -0.5549999999998603], [102.48500000000384, -0.5449999999998605], [102.50500000000385, -0.5449999999998605], [102.50500000000385, -0.5349999999998607], [102.55500000000387, -0.5349999999998607], [102.55500000000387, -0.5249999999998609], [102.57500000000388, -0.5249999999998609], [102.57500000000388, -0.5149999999998611], [102.58500000000389, -0.5149999999998611], [102.58500000000389, -0.49499999999986155], [102.55500000000387, -0.49499999999986155], [102.55500000000387, -0.48499999999986176], [102.49500000000384, -0.48499999999986176], [102.49500000000384, -0.474999999999862], [102.47500000000383, -0.474999999999862], [102.47500000000383, -0.4649999999998622], [102.45500000000382, -0.4649999999998622], [102.45500000000382, -0.4549999999998624], [102.43500000000381, -0.4549999999998624], [102.43500000000381, -0.4449999999998626], [102.4150000000038, -0.4449999999998626], [102.4150000000038, -0.43499999999986283], [102.39500000000379, -0.43499999999986283], [102.39500000000379, -0.42499999999986304], [102.38500000000379, -0.42499999999986304], [102.38500000000379, -0.21499999999986752], [102.37500000000378, -0.21499999999986752], [102.37500000000378, -0.18499999999986816], [102.36500000000377, -0.18499999999986816], [102.36500000000377, -0.17499999999986837], [102.35500000000377, -0.17499999999986837], [102.35500000000377, -0.16499999999986859], [102.36500000000377, -0.16499999999986859], [102.36500000000377, -0.1549999999998688], [102.37500000000378, -0.1549999999998688], [102.37500000000378, -0.13499999999986922], [102.38500000000379, -0.13499999999986922], [102.38500000000379, -0.12499999999986944], [102.39500000000379, -0.12499999999986944], [102.39500000000379, -0.11499999999986965], [102.4050000000038, -0.11499999999986965], [102.4050000000038, -0.10499999999986986], [102.4150000000038, -0.10499999999986986], [102.4150000000038, -0.08499999999987029], [102.4250000000038, -0.08499999999987029], [102.4250000000038, -0.0749999999998705], [102.43500000000381, -0.0749999999998705], [102.43500000000381, -0.05499999999987093], [102.44500000000382, -0.05499999999987093], [102.44500000000382, -0.034999999999871356], [102.45500000000382, -0.034999999999871356], [102.45500000000382, -0.014999999999871783], [102.46500000000383, -0.014999999999871783], [102.46500000000383, 0.005000000000127791], [102.47500000000383, 0.005000000000127791], [102.47500000000383, 0.025000000000127365], [102.48500000000384, 0.025000000000127365], [102.48500000000384, -0.014999999999871783], [102.49500000000384, -0.014999999999871783], [102.49500000000384, -0.02499999999987157], [102.50500000000385, -0.02499999999987157], [102.50500000000385, -0.034999999999871356], [102.51500000000385, -0.034999999999871356], [102.51500000000385, -0.04499999999987114], [102.52500000000386, -0.04499999999987114]]], [[[103.49500000000435, -0.284999999999866], [103.48500000000435, -0.284999999999866], [103.48500000000435, -0.2949999999998658], [103.46500000000434, -0.2949999999998658], [103.46500000000434, -0.3049999999998656], [103.45500000000433, -0.3049999999998656], [103.45500000000433, -0.2949999999998658], [103.44500000000433, -0.2949999999998658], [103.44500000000433, -0.284999999999866], [103.43500000000432, -0.284999999999866], [103.43500000000432, -0.26499999999986645], [103.42500000000432, -0.26499999999986645], [103.42500000000432, -0.24499999999986688], [103.41500000000431, -0.24499999999986688], [103.41500000000431, -0.2249999999998673], [103.44500000000433, -0.2249999999998673], [103.44500000000433, -0.2349999999998671], [103.49500000000435, -0.2349999999998671], [103.49500000000435, -0.24499999999986688], [103.50500000000436, -0.24499999999986688], [103.50500000000436, -0.27499999999986624], [103.49500000000435, -0.27499999999986624], [103.49500000000435, -0.284999999999866]]], [[[102.90500000000405, -0.014999999999871783], [102.91500000000406, -0.014999999999871783], [102.91500000000406, -0.05499999999987093], [102.92500000000406, -0.05499999999987093], [102.92500000000406, -0.08499999999987029], [102.93500000000407, -0.08499999999987029], [102.93500000000407, -0.10499999999986986], [102.94500000000407, -0.10499999999986986], [102.94500000000407, -0.11499999999986965], [102.95500000000408, -0.11499999999986965], [102.95500000000408, -0.12499999999986944], [102.96500000000408, -0.12499999999986944], [102.96500000000408, -0.13499999999986922], [102.97500000000409, -0.13499999999986922], [102.97500000000409, -0.144999999999869], [102.9950000000041, -0.144999999999869], [102.9950000000041, -0.1549999999998688], [103.11500000000416, -0.1549999999998688], [103.11500000000416, -0.16499999999986859], [103.12500000000416, -0.16499999999986859], [103.12500000000416, -0.20499999999986773], [103.11500000000416, -0.20499999999986773], [103.11500000000416, -0.2349999999998671], [103.10500000000415, -0.2349999999998671], [103.10500000000415, -0.25499999999986667], [103.09500000000415, -0.25499999999986667], [103.09500000000415, -0.26499999999986645], [103.08500000000414, -0.26499999999986645], [103.08500000000414, -0.284999999999866], [103.07500000000414, -0.284999999999866], [103.07500000000414, -0.2949999999998658], [103.06500000000413, -0.2949999999998658], [103.06500000000413, -0.3049999999998656], [103.04500000000412, -0.3049999999998656], [103.04500000000412, -0.3149999999998654], [103.03500000000412, -0.3149999999998654], [103.03500000000412, -0.3249999999998652], [103.0050000000041, -0.3249999999998652], [103.0050000000041, -0.33499999999986496], [102.9950000000041, -0.33499999999986496], [102.9950000000041, -0.3249999999998652], [102.96500000000408, -0.3249999999998652], [102.96500000000408, -0.3149999999998654], [102.95500000000408, -0.3149999999998654], [102.95500000000408, -0.3049999999998656], [102.93500000000407, -0.3049999999998656], [102.93500000000407, -0.2949999999998658], [102.92500000000406, -0.2949999999998658], [102.92500000000406, -0.284999999999866], [102.91500000000406, -0.284999999999866], [102.91500000000406, -0.27499999999986624], [102.90500000000405, -0.27499999999986624], [102.90500000000405, -0.26499999999986645], [102.89500000000405, -0.26499999999986645], [102.89500000000405, -0.24499999999986688], [102.88500000000404, -0.24499999999986688], [102.88500000000404, -0.2249999999998673], [102.87500000000404, -0.2249999999998673], [102.87500000000404, -0.20499999999986773], [102.86500000000403, -0.20499999999986773], [102.86500000000403, -0.18499999999986816], [102.85500000000403, -0.18499999999986816], [102.85500000000403, -0.1549999999998688], [102.84500000000402, -0.1549999999998688], [102.84500000000402, -0.12499999999986944], [102.83500000000402, -0.12499999999986944], [102.83500000000402, -0.09499999999987008], [102.82500000000401, -0.09499999999987008], [102.82500000000401, -0.05499999999987093], [102.815000000004, -0.05499999999987093], [102.815000000004, -0.014999999999871783], [102.805000000004, -0.014999999999871783], [102.805000000004, 0.03500000000012715], [102.815000000004, 0.03500000000012715], [102.815000000004, 0.04500000000012694], [102.82500000000401, 0.04500000000012694], [102.82500000000401, 0.055000000000126725], [102.83500000000402, 0.055000000000126725], [102.83500000000402, 0.06500000000012651], [102.84500000000402, 0.06500000000012651], [102.84500000000402, 0.0750000000001263], [102.86500000000403, 0.0750000000001263], [102.86500000000403, 0.08500000000012609], [102.87500000000404, 0.08500000000012609], [102.87500000000404, 0.09500000000012587], [102.89500000000405, 0.09500000000012587], [102.89500000000405, 0.10500000000012566], [102.90500000000405, 0.10500000000012566], [102.90500000000405, 0.11500000000012545], [102.92500000000406, 0.11500000000012545], [102.92500000000406, 0.12500000000012523], [102.93500000000407, 0.12500000000012523], [102.93500000000407, 0.09500000000012587], [102.92500000000406, 0.09500000000012587], [102.92500000000406, 0.055000000000126725], [102.91500000000406, 0.055000000000126725], [102.91500000000406, 0.015000000000127578], [102.90500000000405, 0.015000000000127578], [102.90500000000405, -0.014999999999871783]]], [[[102.48500000000384, 0.055000000000126725], [102.49500000000384, 0.055000000000126725], [102.49500000000384, 0.04500000000012694], [102.48500000000384, 0.04500000000012694], [102.48500000000384, 0.055000000000126725]]], [[[102.94500000000407, 0.13500000000012502], [102.94500000000407, 0.12500000000012523], [102.93500000000407, 0.12500000000012523], [102.93500000000407, 0.13500000000012502], [102.94500000000407, 0.13500000000012502]]], [[[103.09500000000415, 0.18500000000012395], [103.09500000000415, 0.19500000000012374], [103.07500000000414, 0.19500000000012374], [103.07500000000414, 0.20500000000012353], [103.05500000000413, 0.20500000000012353], [103.05500000000413, 0.21500000000012331], [103.06500000000413, 0.21500000000012331], [103.06500000000413, 0.24500000000012268], [103.07500000000414, 0.24500000000012268], [103.07500000000414, 0.3050000000001214], [103.08500000000414, 0.3050000000001214], [103.08500000000414, 0.3150000000001212], [103.09500000000415, 0.3150000000001212], [103.09500000000415, 0.32500000000012097], [103.11500000000416, 0.32500000000012097], [103.11500000000416, 0.2950000000001216], [103.12500000000416, 0.2950000000001216], [103.12500000000416, 0.25500000000012246], [103.13500000000417, 0.25500000000012246], [103.13500000000417, 0.17500000000012417], [103.11500000000416, 0.17500000000012417], [103.11500000000416, 0.18500000000012395], [103.09500000000415, 0.18500000000012395]]], [[[102.75500000000397, 0.4750000000001178], [102.74500000000397, 0.4750000000001178], [102.74500000000397, 0.48500000000011756], [102.72500000000396, 0.48500000000011756], [102.72500000000396, 0.49500000000011735], [102.71500000000395, 0.49500000000011735], [102.71500000000395, 0.5050000000001171], [102.72500000000396, 0.5050000000001171], [102.72500000000396, 0.5150000000001169], [102.74500000000397, 0.5150000000001169], [102.74500000000397, 0.5250000000001167], [102.75500000000397, 0.5250000000001167], [102.75500000000397, 0.5150000000001169], [102.76500000000398, 0.5150000000001169], [102.76500000000398, 0.5050000000001171], [102.77500000000398, 0.5050000000001171], [102.77500000000398, 0.48500000000011756], [102.75500000000397, 0.48500000000011756], [102.75500000000397, 0.4750000000001178]]], [[[102.45500000000382, 2.525000000000074], [102.46500000000383, 2.525000000000074], [102.46500000000383, 2.535000000000074], [102.48500000000384, 2.535000000000074], [102.48500000000384, 2.4950000000000747], [102.46500000000383, 2.4950000000000747], [102.46500000000383, 2.485000000000075], [102.44500000000382, 2.485000000000075], [102.44500000000382, 2.5050000000000745], [102.45500000000382, 2.5050000000000745], [102.45500000000382, 2.525000000000074]]], [[[102.06500000000362, 2.8350000000000675], [102.07500000000363, 2.8350000000000675], [102.07500000000363, 2.8250000000000677], [102.08500000000363, 2.8250000000000677], [102.08500000000363, 2.815000000000068], [102.09500000000364, 2.815000000000068], [102.09500000000364, 2.805000000000068], [102.10500000000364, 2.805000000000068], [102.10500000000364, 2.7950000000000683], [102.11500000000365, 2.7950000000000683], [102.11500000000365, 2.7850000000000685], [102.12500000000365, 2.7850000000000685], [102.12500000000365, 2.765000000000069], [102.13500000000366, 2.765000000000069], [102.13500000000366, 2.755000000000069], [102.14500000000366, 2.755000000000069], [102.14500000000366, 2.7350000000000696], [102.15500000000367, 2.7350000000000696], [102.15500000000367, 2.72500000000007], [102.16500000000367, 2.72500000000007], [102.16500000000367, 2.71500000000007], [102.17500000000368, 2.71500000000007], [102.17500000000368, 2.7050000000000702], [102.18500000000368, 2.7050000000000702], [102.18500000000368, 2.6950000000000705], [102.2050000000037, 2.6950000000000705], [102.2050000000037, 2.6850000000000707], [102.2250000000037, 2.6850000000000707], [102.2250000000037, 2.675000000000071], [102.24500000000371, 2.675000000000071], [102.24500000000371, 2.665000000000071], [102.25500000000372, 2.665000000000071], [102.25500000000372, 2.6550000000000713], [102.26500000000372, 2.6550000000000713], [102.26500000000372, 2.6450000000000715], [102.27500000000373, 2.6450000000000715], [102.27500000000373, 2.6350000000000717], [102.28500000000373, 2.6350000000000717], [102.28500000000373, 2.625000000000072], [102.29500000000374, 2.625000000000072], [102.29500000000374, 2.615000000000072], [102.30500000000374, 2.615000000000072], [102.30500000000374, 2.6050000000000724], [102.31500000000375, 2.6050000000000724], [102.31500000000375, 2.585000000000073], [102.32500000000375, 2.585000000000073], [102.32500000000375, 2.575000000000073], [102.33500000000376, 2.575000000000073], [102.33500000000376, 2.5550000000000734], [102.34500000000376, 2.5550000000000734], [102.34500000000376, 2.5450000000000736], [102.35500000000377, 2.5450000000000736], [102.35500000000377, 2.525000000000074], [102.36500000000377, 2.525000000000074], [102.36500000000377, 2.475000000000075], [102.37500000000378, 2.475000000000075], [102.37500000000378, 2.4550000000000756], [102.36500000000377, 2.4550000000000756], [102.36500000000377, 2.445000000000076], [102.33500000000376, 2.445000000000076], [102.33500000000376, 2.435000000000076], [102.30500000000374, 2.435000000000076], [102.30500000000374, 2.425000000000076], [102.27500000000373, 2.425000000000076], [102.27500000000373, 2.4150000000000764], [102.23500000000371, 2.4150000000000764], [102.23500000000371, 2.425000000000076], [102.2150000000037, 2.425000000000076], [102.2150000000037, 2.435000000000076], [102.2050000000037, 2.435000000000076], [102.2050000000037, 2.445000000000076], [102.19500000000369, 2.445000000000076], [102.19500000000369, 2.4550000000000756], [102.17500000000368, 2.4550000000000756], [102.17500000000368, 2.4650000000000754], [102.16500000000367, 2.4650000000000754], [102.16500000000367, 2.475000000000075], [102.15500000000367, 2.475000000000075], [102.15500000000367, 2.485000000000075], [102.14500000000366, 2.485000000000075], [102.14500000000366, 2.5050000000000745], [102.13500000000366, 2.5050000000000745], [102.13500000000366, 2.525000000000074], [102.12500000000365, 2.525000000000074], [102.12500000000365, 2.535000000000074], [102.11500000000365, 2.535000000000074], [102.11500000000365, 2.5450000000000736], [102.10500000000364, 2.5450000000000736], [102.10500000000364, 2.565000000000073], [102.09500000000364, 2.565000000000073], [102.09500000000364, 2.575000000000073], [102.08500000000363, 2.575000000000073], [102.08500000000363, 2.585000000000073], [102.07500000000363, 2.585000000000073], [102.07500000000363, 2.5950000000000726], [102.05500000000362, 2.5950000000000726], [102.05500000000362, 2.6050000000000724], [102.04500000000361, 2.6050000000000724], [102.04500000000361, 2.615000000000072], [102.0350000000036, 2.615000000000072], [102.0350000000036, 2.625000000000072], [102.0150000000036, 2.625000000000072], [102.0150000000036, 2.6350000000000717], [101.99500000000359, 2.6350000000000717], [101.99500000000359, 2.6450000000000715], [101.97500000000358, 2.6450000000000715], [101.97500000000358, 2.6550000000000713], [101.95500000000357, 2.6550000000000713], [101.95500000000357, 2.665000000000071], [101.94500000000356, 2.665000000000071], [101.94500000000356, 2.675000000000071], [101.92500000000355, 2.675000000000071], [101.92500000000355, 2.6850000000000707], [101.91500000000354, 2.6850000000000707], [101.91500000000354, 2.6950000000000705], [101.90500000000354, 2.6950000000000705], [101.90500000000354, 2.7050000000000702], [101.89500000000353, 2.7050000000000702], [101.89500000000353, 2.71500000000007], [101.88500000000353, 2.71500000000007], [101.88500000000353, 2.72500000000007], [101.87500000000352, 2.72500000000007], [101.87500000000352, 2.765000000000069], [101.88500000000353, 2.765000000000069], [101.88500000000353, 2.7850000000000685], [101.89500000000353, 2.7850000000000685], [101.89500000000353, 2.7950000000000683], [101.90500000000354, 2.7950000000000683], [101.90500000000354, 2.815000000000068], [101.91500000000354, 2.815000000000068], [101.91500000000354, 2.8250000000000677], [101.92500000000355, 2.8250000000000677], [101.92500000000355, 2.8350000000000675], [101.94500000000356, 2.8350000000000675], [101.94500000000356, 2.8450000000000673], [101.95500000000357, 2.8450000000000673], [101.95500000000357, 2.855000000000067], [101.97500000000358, 2.855000000000067], [101.97500000000358, 2.865000000000067], [101.99500000000359, 2.865000000000067], [101.99500000000359, 2.8750000000000666], [102.00500000000359, 2.8750000000000666], [102.00500000000359, 2.865000000000067], [102.0350000000036, 2.865000000000067], [102.0350000000036, 2.855000000000067], [102.04500000000361, 2.855000000000067], [102.04500000000361, 2.8450000000000673], [102.06500000000362, 2.8450000000000673], [102.06500000000362, 2.8350000000000675]]], [[[103.24500000000423, 2.805000000000068], [103.23500000000422, 2.805000000000068], [103.23500000000422, 2.8250000000000677], [103.24500000000423, 2.8250000000000677], [103.24500000000423, 2.8350000000000675], [103.25500000000423, 2.8350000000000675], [103.25500000000423, 2.8250000000000677], [103.26500000000424, 2.8250000000000677], [103.26500000000424, 2.805000000000068], [103.25500000000423, 2.805000000000068], [103.25500000000423, 2.7950000000000683], [103.24500000000423, 2.7950000000000683], [103.24500000000423, 2.805000000000068]]], [[[103.3850000000043, 4.525000000000031], [103.3950000000043, 4.525000000000031], [103.3950000000043, 4.505000000000032], [103.4050000000043, 4.505000000000032], [103.4050000000043, 4.495000000000032], [103.3950000000043, 4.495000000000032], [103.3950000000043, 4.485000000000032], [103.3850000000043, 4.485000000000032], [103.3850000000043, 4.525000000000031]]], [[[102.98500000000409, 5.05500000000002], [103.0050000000041, 5.05500000000002], [103.0050000000041, 5.04500000000002], [102.98500000000409, 5.04500000000002], [102.98500000000409, 5.05500000000002]]], [[[103.0050000000041, 5.325000000000014], [103.01500000000411, 5.325000000000014], [103.01500000000411, 5.315000000000015], [103.02500000000411, 5.315000000000015], [103.02500000000411, 5.295000000000015], [103.11500000000416, 5.295000000000015], [103.11500000000416, 5.315000000000015], [103.13500000000417, 5.315000000000015], [103.13500000000417, 5.305000000000015], [103.16500000000418, 5.305000000000015], [103.16500000000418, 5.295000000000015], [103.1950000000042, 5.295000000000015], [103.1950000000042, 5.285000000000015], [103.22500000000421, 5.285000000000015], [103.22500000000421, 5.2750000000000155], [103.25500000000423, 5.2750000000000155], [103.25500000000423, 5.265000000000016], [103.26500000000424, 5.265000000000016], [103.26500000000424, 5.2250000000000165], [103.25500000000423, 5.2250000000000165], [103.25500000000423, 5.215000000000017], [103.24500000000423, 5.215000000000017], [103.24500000000423, 5.205000000000017], [103.22500000000421, 5.205000000000017], [103.22500000000421, 5.195000000000017], [103.21500000000421, 5.195000000000017], [103.21500000000421, 5.185000000000017], [103.1950000000042, 5.185000000000017], [103.1950000000042, 5.175000000000018], [103.1850000000042, 5.175000000000018], [103.1850000000042, 5.165000000000018], [103.17500000000419, 5.165000000000018], [103.17500000000419, 5.155000000000018], [103.16500000000418, 5.155000000000018], [103.16500000000418, 5.145000000000018], [103.14500000000417, 5.145000000000018], [103.14500000000417, 5.135000000000018], [103.13500000000417, 5.135000000000018], [103.13500000000417, 5.125000000000019], [103.12500000000416, 5.125000000000019], [103.12500000000416, 5.115000000000019], [103.11500000000416, 5.115000000000019], [103.11500000000416, 5.095000000000019], [103.10500000000415, 5.095000000000019], [103.10500000000415, 5.0850000000000195], [103.09500000000415, 5.0850000000000195], [103.09500000000415, 5.07500000000002], [103.08500000000414, 5.07500000000002], [103.08500000000414, 5.06500000000002], [103.06500000000413, 5.06500000000002], [103.06500000000413, 5.05500000000002], [103.02500000000411, 5.05500000000002], [103.02500000000411, 5.07500000000002], [103.01500000000411, 5.07500000000002], [103.01500000000411, 5.095000000000019], [103.0050000000041, 5.095000000000019], [103.0050000000041, 5.105000000000019], [102.93500000000407, 5.105000000000019], [102.93500000000407, 5.115000000000019], [102.92500000000406, 5.115000000000019], [102.92500000000406, 5.125000000000019], [102.91500000000406, 5.125000000000019], [102.91500000000406, 5.155000000000018], [102.89500000000405, 5.155000000000018], [102.89500000000405, 5.175000000000018], [102.88500000000404, 5.175000000000018], [102.88500000000404, 5.185000000000017], [102.87500000000404, 5.185000000000017], [102.87500000000404, 5.195000000000017], [102.86500000000403, 5.195000000000017], [102.86500000000403, 5.205000000000017], [102.85500000000403, 5.205000000000017], [102.85500000000403, 5.215000000000017], [102.84500000000402, 5.215000000000017], [102.84500000000402, 5.2250000000000165], [102.83500000000402, 5.2250000000000165], [102.83500000000402, 5.235000000000016], [102.815000000004, 5.235000000000016], [102.815000000004, 5.265000000000016], [102.82500000000401, 5.265000000000016], [102.82500000000401, 5.2750000000000155], [102.84500000000402, 5.2750000000000155], [102.84500000000402, 5.285000000000015], [102.85500000000403, 5.285000000000015], [102.85500000000403, 5.295000000000015], [102.87500000000404, 5.295000000000015], [102.87500000000404, 5.305000000000015], [102.89500000000405, 5.305000000000015], [102.89500000000405, 5.325000000000014], [102.88500000000404, 5.325000000000014], [102.88500000000404, 5.345000000000014], [102.95500000000408, 5.345000000000014], [102.95500000000408, 5.335000000000014], [102.96500000000408, 5.335000000000014], [102.96500000000408, 5.345000000000014], [102.9950000000041, 5.345000000000014], [102.9950000000041, 5.335000000000014], [103.0050000000041, 5.335000000000014], [103.0050000000041, 5.325000000000014]]], [[[102.18500000000368, 5.5050000000000106], [102.18500000000368, 5.52500000000001], [102.19500000000369, 5.52500000000001], [102.19500000000369, 5.53500000000001], [102.2050000000037, 5.53500000000001], [102.2050000000037, 5.54500000000001], [102.2150000000037, 5.54500000000001], [102.2150000000037, 5.5550000000000095], [102.23500000000371, 5.5550000000000095], [102.23500000000371, 5.465000000000011], [102.2150000000037, 5.465000000000011], [102.2150000000037, 5.475000000000011], [102.2050000000037, 5.475000000000011], [102.2050000000037, 5.485000000000011], [102.19500000000369, 5.485000000000011], [102.19500000000369, 5.5050000000000106], [102.18500000000368, 5.5050000000000106]]], [[[102.23500000000371, 5.565000000000009], [102.24500000000371, 5.565000000000009], [102.24500000000371, 5.5550000000000095], [102.23500000000371, 5.5550000000000095], [102.23500000000371, 5.565000000000009]]], [[[113.48500000000946, -7.994999999999702], [113.51500000000948, -7.994999999999702], [113.51500000000948, -8.0049999999997], [113.48500000000946, -8.0049999999997], [113.48500000000946, -7.994999999999702]]], [[[112.48500000000895, -7.774999999999706], [112.49500000000896, -7.774999999999706], [112.49500000000896, -7.834999999999705], [112.50500000000896, -7.834999999999705], [112.50500000000896, -7.8649999999997044], [112.49500000000896, -7.8649999999997044], [112.49500000000896, -7.854999999999705], [112.48500000000895, -7.854999999999705], [112.48500000000895, -7.844999999999705], [112.47500000000895, -7.844999999999705], [112.47500000000895, -7.834999999999705], [112.46500000000894, -7.834999999999705], [112.46500000000894, -7.824999999999705], [112.45500000000894, -7.824999999999705], [112.45500000000894, -7.8149999999997055], [112.44500000000893, -7.8149999999997055], [112.44500000000893, -7.794999999999706], [112.43500000000893, -7.794999999999706], [112.43500000000893, -7.784999999999706], [112.42500000000892, -7.784999999999706], [112.42500000000892, -7.764999999999707], [112.41500000000892, -7.764999999999707], [112.41500000000892, -7.744999999999707], [112.42500000000892, -7.744999999999707], [112.42500000000892, -7.724999999999707], [112.43500000000893, -7.724999999999707], [112.43500000000893, -7.714999999999708], [112.45500000000894, -7.714999999999708], [112.45500000000894, -7.724999999999707], [112.46500000000894, -7.724999999999707], [112.46500000000894, -7.734999999999707], [112.47500000000895, -7.734999999999707], [112.47500000000895, -7.744999999999707], [112.48500000000895, -7.744999999999707], [112.48500000000895, -7.774999999999706]]], [[[107.7050000000065, -6.7349999999997285], [107.71500000000651, -6.7349999999997285], [107.71500000000651, -6.744999999999728], [107.72500000000652, -6.744999999999728], [107.72500000000652, -6.754999999999728], [107.71500000000651, -6.754999999999728], [107.71500000000651, -6.764999999999728], [107.7050000000065, -6.764999999999728], [107.7050000000065, -6.774999999999728], [107.6950000000065, -6.774999999999728], [107.6950000000065, -6.7849999999997275], [107.6850000000065, -6.7849999999997275], [107.6850000000065, -6.794999999999727], [107.67500000000649, -6.794999999999727], [107.67500000000649, -6.804999999999727], [107.66500000000649, -6.804999999999727], [107.66500000000649, -6.814999999999727], [107.65500000000648, -6.814999999999727], [107.65500000000648, -6.824999999999727], [107.62500000000647, -6.824999999999727], [107.62500000000647, -6.804999999999727], [107.61500000000646, -6.804999999999727], [107.61500000000646, -6.764999999999728], [107.60500000000646, -6.764999999999728], [107.60500000000646, -6.714999999999729], [107.58500000000645, -6.714999999999729], [107.58500000000645, -6.724999999999729], [107.57500000000644, -6.724999999999729], [107.57500000000644, -6.744999999999728], [107.56500000000644, -6.744999999999728], [107.56500000000644, -6.764999999999728], [107.55500000000643, -6.764999999999728], [107.55500000000643, -6.7849999999997275], [107.54500000000643, -6.7849999999997275], [107.54500000000643, -6.804999999999727], [107.5050000000064, -6.804999999999727], [107.5050000000064, -6.794999999999727], [107.4850000000064, -6.794999999999727], [107.4850000000064, -6.7849999999997275], [107.47500000000639, -6.7849999999997275], [107.47500000000639, -6.774999999999728], [107.46500000000638, -6.774999999999728], [107.46500000000638, -6.764999999999728], [107.45500000000638, -6.764999999999728], [107.45500000000638, -6.744999999999728], [107.46500000000638, -6.744999999999728], [107.46500000000638, -6.7349999999997285], [107.47500000000639, -6.7349999999997285], [107.47500000000639, -6.724999999999729], [107.5050000000064, -6.724999999999729], [107.5050000000064, -6.714999999999729], [107.53500000000642, -6.714999999999729], [107.53500000000642, -6.704999999999729], [107.57500000000644, -6.704999999999729], [107.57500000000644, -6.694999999999729], [107.61500000000646, -6.694999999999729], [107.61500000000646, -6.68499999999973], [107.67500000000649, -6.68499999999973], [107.67500000000649, -6.694999999999729], [107.6850000000065, -6.694999999999729], [107.6850000000065, -6.704999999999729], [107.6950000000065, -6.704999999999729], [107.6950000000065, -6.714999999999729], [107.7050000000065, -6.714999999999729], [107.7050000000065, -6.7349999999997285]]], [[[107.54500000000643, -6.66499999999973], [107.54500000000643, -6.6449999999997305], [107.55500000000643, -6.6449999999997305], [107.55500000000643, -6.624999999999731], [107.56500000000644, -6.624999999999731], [107.56500000000644, -6.634999999999731], [107.59500000000645, -6.634999999999731], [107.59500000000645, -6.6449999999997305], [107.61500000000646, -6.6449999999997305], [107.61500000000646, -6.65499999999973], [107.63500000000647, -6.65499999999973], [107.63500000000647, -6.66499999999973], [107.54500000000643, -6.66499999999973]]], [[[107.72500000000652, -6.564999999999732], [107.72500000000652, -6.554999999999732], [107.71500000000651, -6.554999999999732], [107.71500000000651, -6.544999999999733], [107.76500000000654, -6.544999999999733], [107.76500000000654, -6.554999999999732], [107.78500000000655, -6.554999999999732], [107.78500000000655, -6.564999999999732], [107.76500000000654, -6.564999999999732], [107.76500000000654, -6.574999999999732], [107.73500000000652, -6.574999999999732], [107.73500000000652, -6.564999999999732], [107.72500000000652, -6.564999999999732]]], [[[108.80500000000707, -6.444999999999735], [108.82500000000708, -6.444999999999735], [108.82500000000708, -6.4549999999997345], [108.83500000000708, -6.4549999999997345], [108.83500000000708, -6.464999999999734], [108.84500000000709, -6.464999999999734], [108.84500000000709, -6.474999999999734], [108.8550000000071, -6.474999999999734], [108.8550000000071, -6.484999999999734], [108.8750000000071, -6.484999999999734], [108.8750000000071, -6.504999999999733], [108.88500000000711, -6.504999999999733], [108.88500000000711, -6.584999999999732], [108.89500000000712, -6.584999999999732], [108.89500000000712, -6.6449999999997305], [108.90500000000712, -6.6449999999997305], [108.90500000000712, -6.66499999999973], [108.88500000000711, -6.66499999999973], [108.88500000000711, -6.67499999999973], [108.8550000000071, -6.67499999999973], [108.8550000000071, -6.68499999999973], [108.82500000000708, -6.68499999999973], [108.82500000000708, -6.694999999999729], [108.79500000000706, -6.694999999999729], [108.79500000000706, -6.704999999999729], [108.71500000000702, -6.704999999999729], [108.71500000000702, -6.694999999999729], [108.70500000000702, -6.694999999999729], [108.70500000000702, -6.68499999999973], [108.69500000000701, -6.68499999999973], [108.69500000000701, -6.6449999999997305], [108.68500000000701, -6.6449999999997305], [108.68500000000701, -6.614999999999731], [108.675000000007, -6.614999999999731], [108.675000000007, -6.584999999999732], [108.665000000007, -6.584999999999732], [108.665000000007, -6.554999999999732], [108.65500000000699, -6.554999999999732], [108.65500000000699, -6.534999999999733], [108.64500000000699, -6.534999999999733], [108.64500000000699, -6.504999999999733], [108.63500000000698, -6.504999999999733], [108.63500000000698, -6.494999999999734], [108.64500000000699, -6.494999999999734], [108.64500000000699, -6.474999999999734], [108.65500000000699, -6.474999999999734], [108.65500000000699, -6.4549999999997345], [108.665000000007, -6.4549999999997345], [108.665000000007, -6.444999999999735], [108.675000000007, -6.444999999999735], [108.675000000007, -6.434999999999735], [108.69500000000701, -6.434999999999735], [108.69500000000701, -6.424999999999735], [108.70500000000702, -6.424999999999735], [108.70500000000702, -6.414999999999735], [108.73500000000703, -6.414999999999735], [108.73500000000703, -6.404999999999736], [108.75500000000704, -6.404999999999736], [108.75500000000704, -6.414999999999735], [108.77500000000705, -6.414999999999735], [108.77500000000705, -6.424999999999735], [108.79500000000706, -6.424999999999735], [108.79500000000706, -6.434999999999735], [108.80500000000707, -6.434999999999735], [108.80500000000707, -6.444999999999735]]], [[[113.03500000000923, -6.4549999999997345], [113.04500000000924, -6.4549999999997345], [113.04500000000924, -6.464999999999734], [113.05500000000924, -6.464999999999734], [113.05500000000924, -6.484999999999734], [113.06500000000925, -6.484999999999734], [113.06500000000925, -6.494999999999734], [113.07500000000925, -6.494999999999734], [113.07500000000925, -6.504999999999733], [113.08500000000926, -6.504999999999733], [113.08500000000926, -6.514999999999733], [113.09500000000926, -6.514999999999733], [113.09500000000926, -6.524999999999733], [113.10500000000927, -6.524999999999733], [113.10500000000927, -6.544999999999733], [112.99500000000921, -6.544999999999733], [112.99500000000921, -6.534999999999733], [112.9750000000092, -6.534999999999733], [112.9750000000092, -6.524999999999733], [112.95500000000919, -6.524999999999733], [112.95500000000919, -6.514999999999733], [112.94500000000919, -6.514999999999733], [112.94500000000919, -6.504999999999733], [112.93500000000918, -6.504999999999733], [112.93500000000918, -6.464999999999734], [112.94500000000919, -6.464999999999734], [112.94500000000919, -6.444999999999735], [112.95500000000919, -6.444999999999735], [112.95500000000919, -6.424999999999735], [112.9650000000092, -6.424999999999735], [112.9650000000092, -6.404999999999736], [113.00500000000922, -6.404999999999736], [113.00500000000922, -6.414999999999735], [113.01500000000922, -6.414999999999735], [113.01500000000922, -6.424999999999735], [113.02500000000923, -6.424999999999735], [113.02500000000923, -6.434999999999735], [113.03500000000923, -6.434999999999735], [113.03500000000923, -6.4549999999997345]]], [[[111.28500000000834, -6.344999999999737], [111.29500000000834, -6.344999999999737], [111.29500000000834, -6.354999999999737], [111.31500000000835, -6.354999999999737], [111.31500000000835, -6.364999999999736], [111.32500000000836, -6.364999999999736], [111.32500000000836, -6.374999999999736], [111.34500000000837, -6.374999999999736], [111.34500000000837, -6.384999999999736], [111.35500000000837, -6.384999999999736], [111.35500000000837, -6.394999999999736], [111.37500000000838, -6.394999999999736], [111.37500000000838, -6.404999999999736], [111.4050000000084, -6.404999999999736], [111.4050000000084, -6.424999999999735], [111.3950000000084, -6.424999999999735], [111.3950000000084, -6.4549999999997345], [111.38500000000839, -6.4549999999997345], [111.38500000000839, -6.534999999999733], [111.37500000000838, -6.534999999999733], [111.37500000000838, -6.564999999999732], [111.34500000000837, -6.564999999999732], [111.34500000000837, -6.574999999999732], [111.29500000000834, -6.574999999999732], [111.29500000000834, -6.584999999999732], [111.25500000000832, -6.584999999999732], [111.25500000000832, -6.5949999999997315], [111.23500000000831, -6.5949999999997315], [111.23500000000831, -6.604999999999731], [111.22500000000831, -6.604999999999731], [111.22500000000831, -6.614999999999731], [111.2150000000083, -6.614999999999731], [111.2150000000083, -6.624999999999731], [111.2050000000083, -6.624999999999731], [111.2050000000083, -6.634999999999731], [111.18500000000829, -6.634999999999731], [111.18500000000829, -6.614999999999731], [111.17500000000828, -6.614999999999731], [111.17500000000828, -6.604999999999731], [111.16500000000828, -6.604999999999731], [111.16500000000828, -6.574999999999732], [111.15500000000827, -6.574999999999732], [111.15500000000827, -6.554999999999732], [111.14500000000827, -6.554999999999732], [111.14500000000827, -6.514999999999733], [111.13500000000826, -6.514999999999733], [111.13500000000826, -6.424999999999735], [111.14500000000827, -6.424999999999735], [111.14500000000827, -6.364999999999736], [111.15500000000827, -6.364999999999736], [111.15500000000827, -6.334999999999737], [111.16500000000828, -6.334999999999737], [111.16500000000828, -6.324999999999737], [111.17500000000828, -6.324999999999737], [111.17500000000828, -6.3149999999997375], [111.19500000000829, -6.3149999999997375], [111.19500000000829, -6.304999999999738], [111.25500000000832, -6.304999999999738], [111.25500000000832, -6.3149999999997375], [111.26500000000833, -6.3149999999997375], [111.26500000000833, -6.324999999999737], [111.27500000000833, -6.324999999999737], [111.27500000000833, -6.334999999999737], [111.28500000000834, -6.334999999999737], [111.28500000000834, -6.344999999999737]]], [[[108.49500000000691, -6.2649999999997386], [108.49500000000691, -6.274999999999738], [108.4750000000069, -6.274999999999738], [108.4750000000069, -6.284999999999738], [108.4650000000069, -6.284999999999738], [108.4650000000069, -6.254999999999739], [108.45500000000689, -6.254999999999739], [108.45500000000689, -6.234999999999739], [108.4650000000069, -6.234999999999739], [108.4650000000069, -6.21499999999974], [108.4750000000069, -6.21499999999974], [108.4750000000069, -6.19499999999974], [108.4850000000069, -6.19499999999974], [108.4850000000069, -6.18499999999974], [108.49500000000691, -6.18499999999974], [108.49500000000691, -6.19499999999974], [108.50500000000692, -6.19499999999974], [108.50500000000692, -6.224999999999739], [108.51500000000692, -6.224999999999739], [108.51500000000692, -6.254999999999739], [108.50500000000692, -6.254999999999739], [108.50500000000692, -6.2649999999997386], [108.49500000000691, -6.2649999999997386]]], [[[114.05500000000976, -1.6549999999998368], [114.05500000000976, -1.6649999999998366], [114.06500000000976, -1.6649999999998366], [114.06500000000976, -1.6849999999998362], [114.07500000000977, -1.6849999999998362], [114.07500000000977, -1.7049999999998358], [114.08500000000977, -1.7049999999998358], [114.08500000000977, -1.7249999999998353], [114.09500000000978, -1.7249999999998353], [114.09500000000978, -1.7649999999998345], [114.08500000000977, -1.7649999999998345], [114.08500000000977, -1.7549999999998347], [114.05500000000976, -1.7549999999998347], [114.05500000000976, -1.744999999999835], [114.01500000000974, -1.744999999999835], [114.01500000000974, -1.7549999999998347], [114.00500000000973, -1.7549999999998347], [114.00500000000973, -1.7649999999998345], [113.99500000000972, -1.7649999999998345], [113.99500000000972, -1.784999999999834], [113.98500000000972, -1.784999999999834], [113.98500000000972, -1.8149999999998334], [113.97500000000971, -1.8149999999998334], [113.97500000000971, -1.834999999999833], [113.96500000000971, -1.834999999999833], [113.96500000000971, -1.8549999999998326], [113.9550000000097, -1.8549999999998326], [113.9550000000097, -1.8649999999998323], [113.9450000000097, -1.8649999999998323], [113.9450000000097, -1.8549999999998326], [113.9350000000097, -1.8549999999998326], [113.9350000000097, -1.834999999999833], [113.92500000000969, -1.834999999999833], [113.92500000000969, -1.8149999999998334], [113.91500000000968, -1.8149999999998334], [113.91500000000968, -1.7949999999998338], [113.90500000000968, -1.7949999999998338], [113.90500000000968, -1.7749999999998343], [113.89500000000967, -1.7749999999998343], [113.89500000000967, -1.694999999999836], [113.90500000000968, -1.694999999999836], [113.90500000000968, -1.6649999999998366], [113.91500000000968, -1.6649999999998366], [113.91500000000968, -1.644999999999837], [113.92500000000969, -1.644999999999837], [113.92500000000969, -1.6349999999998373], [113.9450000000097, -1.6349999999998373], [113.9450000000097, -1.6249999999998375], [113.96500000000971, -1.6249999999998375], [113.96500000000971, -1.6149999999998377], [114.00500000000973, -1.6149999999998377], [114.00500000000973, -1.6249999999998375], [114.02500000000974, -1.6249999999998375], [114.02500000000974, -1.6349999999998373], [114.03500000000975, -1.6349999999998373], [114.03500000000975, -1.644999999999837], [114.04500000000975, -1.644999999999837], [114.04500000000975, -1.6549999999998368], [114.05500000000976, -1.6549999999998368]]], [[[113.86500000000966, -1.4949999999998402], [113.86500000000966, -1.50499999999984], [113.85500000000965, -1.50499999999984], [113.85500000000965, -1.4949999999998402], [113.86500000000966, -1.4949999999998402]]], [[[113.86500000000966, -1.4949999999998402], [113.86500000000966, -1.4849999999998404], [113.87500000000966, -1.4849999999998404], [113.87500000000966, -1.4949999999998402], [113.86500000000966, -1.4949999999998402]]], [[[113.07500000000925, -1.1849999999998468], [113.08500000000926, -1.1849999999998468], [113.08500000000926, -1.1949999999998466], [113.09500000000926, -1.1949999999998466], [113.09500000000926, -1.2049999999998464], [113.11500000000927, -1.2049999999998464], [113.11500000000927, -1.2149999999998462], [113.12500000000928, -1.2149999999998462], [113.12500000000928, -1.224999999999846], [113.13500000000928, -1.224999999999846], [113.13500000000928, -1.2349999999998458], [113.14500000000929, -1.2349999999998458], [113.14500000000929, -1.2649999999998451], [113.13500000000928, -1.2649999999998451], [113.13500000000928, -1.2849999999998447], [113.12500000000928, -1.2849999999998447], [113.12500000000928, -1.2949999999998445], [113.11500000000927, -1.2949999999998445], [113.11500000000927, -1.314999999999844], [113.10500000000927, -1.314999999999844], [113.10500000000927, -1.3349999999998436], [113.09500000000926, -1.3349999999998436], [113.09500000000926, -1.3449999999998434], [113.08500000000926, -1.3449999999998434], [113.08500000000926, -1.364999999999843], [113.07500000000925, -1.364999999999843], [113.07500000000925, -1.3849999999998426], [113.06500000000925, -1.3849999999998426], [113.06500000000925, -1.3949999999998424], [113.05500000000924, -1.3949999999998424], [113.05500000000924, -1.414999999999842], [113.04500000000924, -1.414999999999842], [113.04500000000924, -1.4349999999998415], [113.03500000000923, -1.4349999999998415], [113.03500000000923, -1.454999999999841], [113.02500000000923, -1.454999999999841], [113.02500000000923, -1.4649999999998409], [113.01500000000922, -1.4649999999998409], [113.01500000000922, -1.4849999999998404], [113.00500000000922, -1.4849999999998404], [113.00500000000922, -1.5149999999998398], [113.01500000000922, -1.5149999999998398], [113.01500000000922, -1.5349999999998394], [113.02500000000923, -1.5349999999998394], [113.02500000000923, -1.5649999999998387], [113.03500000000923, -1.5649999999998387], [113.03500000000923, -1.594999999999838], [113.04500000000924, -1.594999999999838], [113.04500000000924, -1.6249999999998375], [113.05500000000924, -1.6249999999998375], [113.05500000000924, -1.6649999999998366], [113.06500000000925, -1.6649999999998366], [113.06500000000925, -1.694999999999836], [113.05500000000924, -1.694999999999836], [113.05500000000924, -1.7049999999998358], [113.04500000000924, -1.7049999999998358], [113.04500000000924, -1.7149999999998355], [113.02500000000923, -1.7149999999998355], [113.02500000000923, -1.7249999999998353], [113.01500000000922, -1.7249999999998353], [113.01500000000922, -1.7349999999998351], [112.99500000000921, -1.7349999999998351], [112.99500000000921, -1.744999999999835], [112.98500000000921, -1.744999999999835], [112.98500000000921, -1.7549999999998347], [112.9750000000092, -1.7549999999998347], [112.9750000000092, -1.7749999999998343], [112.9650000000092, -1.7749999999998343], [112.9650000000092, -1.784999999999834], [112.95500000000919, -1.784999999999834], [112.95500000000919, -1.7949999999998338], [112.94500000000919, -1.7949999999998338], [112.94500000000919, -1.8049999999998336], [112.93500000000918, -1.8049999999998336], [112.93500000000918, -1.8149999999998334], [112.88500000000916, -1.8149999999998334], [112.88500000000916, -1.8249999999998332], [112.79500000000911, -1.8249999999998332], [112.79500000000911, -1.834999999999833], [112.70500000000906, -1.834999999999833], [112.70500000000906, -1.8149999999998334], [112.69500000000906, -1.8149999999998334], [112.69500000000906, -1.8049999999998336], [112.68500000000905, -1.8049999999998336], [112.68500000000905, -1.7949999999998338], [112.67500000000905, -1.7949999999998338], [112.67500000000905, -1.7749999999998343], [112.66500000000904, -1.7749999999998343], [112.66500000000904, -1.7649999999998345], [112.65500000000904, -1.7649999999998345], [112.65500000000904, -1.744999999999835], [112.64500000000903, -1.744999999999835], [112.64500000000903, -1.7049999999998358], [112.63500000000903, -1.7049999999998358], [112.63500000000903, -1.6849999999998362], [112.62500000000902, -1.6849999999998362], [112.62500000000902, -1.6649999999998366], [112.60500000000901, -1.6649999999998366], [112.60500000000901, -1.6549999999998368], [112.59500000000901, -1.6549999999998368], [112.59500000000901, -1.644999999999837], [112.565000000009, -1.644999999999837], [112.565000000009, -1.6349999999998373], [112.50500000000896, -1.6349999999998373], [112.50500000000896, -1.6249999999998375], [112.46500000000894, -1.6249999999998375], [112.46500000000894, -1.6149999999998377], [112.47500000000895, -1.6149999999998377], [112.47500000000895, -1.604999999999838], [112.48500000000895, -1.604999999999838], [112.48500000000895, -1.594999999999838], [112.49500000000896, -1.594999999999838], [112.49500000000896, -1.5849999999998383], [112.50500000000896, -1.5849999999998383], [112.50500000000896, -1.5749999999998385], [112.51500000000897, -1.5749999999998385], [112.51500000000897, -1.5649999999998387], [112.52500000000897, -1.5649999999998387], [112.52500000000897, -1.554999999999839], [112.53500000000898, -1.554999999999839], [112.53500000000898, -1.5449999999998392], [112.54500000000898, -1.5449999999998392], [112.54500000000898, -1.5249999999998396], [112.55500000000899, -1.5249999999998396], [112.55500000000899, -1.5149999999998398], [112.565000000009, -1.5149999999998398], [112.565000000009, -1.50499999999984], [112.575000000009, -1.50499999999984], [112.575000000009, -1.4849999999998404], [112.585000000009, -1.4849999999998404], [112.585000000009, -1.4649999999998409], [112.59500000000901, -1.4649999999998409], [112.59500000000901, -1.454999999999841], [112.60500000000901, -1.454999999999841], [112.60500000000901, -1.4449999999998413], [112.61500000000902, -1.4449999999998413], [112.61500000000902, -1.4349999999998415], [112.62500000000902, -1.4349999999998415], [112.62500000000902, -1.4249999999998417], [112.63500000000903, -1.4249999999998417], [112.63500000000903, -1.414999999999842], [112.64500000000903, -1.414999999999842], [112.64500000000903, -1.4049999999998422], [112.66500000000904, -1.4049999999998422], [112.66500000000904, -1.3949999999998424], [112.68500000000905, -1.3949999999998424], [112.68500000000905, -1.4449999999998413], [112.69500000000906, -1.4449999999998413], [112.69500000000906, -1.50499999999984], [112.70500000000906, -1.50499999999984], [112.70500000000906, -1.5349999999998394], [112.71500000000907, -1.5349999999998394], [112.71500000000907, -1.554999999999839], [112.72500000000908, -1.554999999999839], [112.72500000000908, -1.5649999999998387], [112.74500000000909, -1.5649999999998387], [112.74500000000909, -1.5749999999998385], [112.75500000000909, -1.5749999999998385], [112.75500000000909, -1.5649999999998387], [112.7650000000091, -1.5649999999998387], [112.7650000000091, -1.554999999999839], [112.7850000000091, -1.554999999999839], [112.7850000000091, -1.5449999999998392], [112.79500000000911, -1.5449999999998392], [112.79500000000911, -1.5349999999998394], [112.80500000000912, -1.5349999999998394], [112.80500000000912, -1.5249999999998396], [112.81500000000912, -1.5249999999998396], [112.81500000000912, -1.50499999999984], [112.82500000000913, -1.50499999999984], [112.82500000000913, -1.4949999999998402], [112.83500000000913, -1.4949999999998402], [112.83500000000913, -1.4749999999998407], [112.84500000000914, -1.4749999999998407], [112.84500000000914, -1.4649999999998409], [112.85500000000914, -1.4649999999998409], [112.85500000000914, -1.454999999999841], [112.86500000000915, -1.454999999999841], [112.86500000000915, -1.4449999999998413], [112.87500000000915, -1.4449999999998413], [112.87500000000915, -1.4349999999998415], [112.88500000000916, -1.4349999999998415], [112.88500000000916, -1.4249999999998417], [112.89500000000916, -1.4249999999998417], [112.89500000000916, -1.414999999999842], [112.91500000000917, -1.414999999999842], [112.91500000000917, -1.4049999999998422], [112.93500000000918, -1.4049999999998422], [112.93500000000918, -1.3949999999998424], [112.95500000000919, -1.3949999999998424], [112.95500000000919, -1.3849999999998426], [112.9750000000092, -1.3849999999998426], [112.9750000000092, -1.3749999999998428], [113.01500000000922, -1.3749999999998428], [113.01500000000922, -1.364999999999843], [113.03500000000923, -1.364999999999843], [113.03500000000923, -1.3549999999998432], [113.04500000000924, -1.3549999999998432], [113.04500000000924, -1.3449999999998434], [113.05500000000924, -1.3449999999998434], [113.05500000000924, -1.3349999999998436], [113.06500000000925, -1.3349999999998436], [113.06500000000925, -1.2949999999998445], [113.07500000000925, -1.2949999999998445], [113.07500000000925, -1.2449999999998456], [113.06500000000925, -1.2449999999998456], [113.06500000000925, -1.224999999999846], [113.05500000000924, -1.224999999999846], [113.05500000000924, -1.2149999999998462], [113.04500000000924, -1.2149999999998462], [113.04500000000924, -1.2049999999998464], [113.03500000000923, -1.2049999999998464], [113.03500000000923, -1.1849999999998468], [113.02500000000923, -1.1849999999998468], [113.02500000000923, -1.174999999999847], [113.01500000000922, -1.174999999999847], [113.01500000000922, -1.1649999999998473], [112.99500000000921, -1.1649999999998473], [112.99500000000921, -1.1549999999998475], [112.98500000000921, -1.1549999999998475], [112.98500000000921, -1.1449999999998477], [113.02500000000923, -1.1449999999998477], [113.02500000000923, -1.1549999999998475], [113.04500000000924, -1.1549999999998475], [113.04500000000924, -1.1649999999998473], [113.05500000000924, -1.1649999999998473], [113.05500000000924, -1.174999999999847], [113.07500000000925, -1.174999999999847], [113.07500000000925, -1.1849999999998468]]], [[[113.87500000000966, -1.4749999999998407], [113.88500000000967, -1.4749999999998407], [113.88500000000967, -1.4849999999998404], [113.87500000000966, -1.4849999999998404], [113.87500000000966, -1.4749999999998407]]], [[[113.5450000000095, -1.2649999999998451], [113.63500000000954, -1.2649999999998451], [113.63500000000954, -1.314999999999844], [113.64500000000955, -1.314999999999844], [113.64500000000955, -1.3349999999998436], [113.65500000000955, -1.3349999999998436], [113.65500000000955, -1.3449999999998434], [113.67500000000956, -1.3449999999998434], [113.67500000000956, -1.3549999999998432], [113.73500000000959, -1.3549999999998432], [113.73500000000959, -1.364999999999843], [113.76500000000961, -1.364999999999843], [113.76500000000961, -1.3749999999998428], [113.77500000000961, -1.3749999999998428], [113.77500000000961, -1.3849999999998426], [113.78500000000962, -1.3849999999998426], [113.78500000000962, -1.3949999999998424], [113.79500000000962, -1.3949999999998424], [113.79500000000962, -1.4049999999998422], [113.80500000000963, -1.4049999999998422], [113.80500000000963, -1.414999999999842], [113.81500000000963, -1.414999999999842], [113.81500000000963, -1.4249999999998417], [113.82500000000964, -1.4249999999998417], [113.82500000000964, -1.4449999999998413], [113.83500000000964, -1.4449999999998413], [113.83500000000964, -1.4649999999998409], [113.84500000000965, -1.4649999999998409], [113.84500000000965, -1.50499999999984], [113.85500000000965, -1.50499999999984], [113.85500000000965, -1.5349999999998394], [113.84500000000965, -1.5349999999998394], [113.84500000000965, -1.554999999999839], [113.83500000000964, -1.554999999999839], [113.83500000000964, -1.5649999999998387], [113.82500000000964, -1.5649999999998387], [113.82500000000964, -1.5449999999998392], [113.83500000000964, -1.5449999999998392], [113.83500000000964, -1.5249999999998396], [113.82500000000964, -1.5249999999998396], [113.82500000000964, -1.5349999999998394], [113.80500000000963, -1.5349999999998394], [113.80500000000963, -1.5449999999998392], [113.79500000000962, -1.5449999999998392], [113.79500000000962, -1.554999999999839], [113.77500000000961, -1.554999999999839], [113.77500000000961, -1.5649999999998387], [113.71500000000958, -1.5649999999998387], [113.71500000000958, -1.554999999999839], [113.68500000000957, -1.554999999999839], [113.68500000000957, -1.5449999999998392], [113.66500000000956, -1.5449999999998392], [113.66500000000956, -1.5349999999998394], [113.64500000000955, -1.5349999999998394], [113.64500000000955, -1.5249999999998396], [113.63500000000954, -1.5249999999998396], [113.63500000000954, -1.5149999999998398], [113.62500000000954, -1.5149999999998398], [113.62500000000954, -1.50499999999984], [113.61500000000953, -1.50499999999984], [113.61500000000953, -1.4949999999998402], [113.60500000000953, -1.4949999999998402], [113.60500000000953, -1.4349999999998415], [113.59500000000952, -1.4349999999998415], [113.59500000000952, -1.414999999999842], [113.58500000000952, -1.414999999999842], [113.58500000000952, -1.4049999999998422], [113.57500000000951, -1.4049999999998422], [113.57500000000951, -1.3949999999998424], [113.5550000000095, -1.3949999999998424], [113.5550000000095, -1.3849999999998426], [113.50500000000947, -1.3849999999998426], [113.50500000000947, -1.3749999999998428], [113.48500000000946, -1.3749999999998428], [113.48500000000946, -1.364999999999843], [113.47500000000946, -1.364999999999843], [113.47500000000946, -1.3549999999998432], [113.46500000000945, -1.3549999999998432], [113.46500000000945, -1.3449999999998434], [113.44500000000944, -1.3449999999998434], [113.44500000000944, -1.3349999999998436], [113.43500000000944, -1.3349999999998436], [113.43500000000944, -1.3249999999998439], [113.42500000000943, -1.3249999999998439], [113.42500000000943, -1.314999999999844], [113.40500000000942, -1.314999999999844], [113.40500000000942, -1.3049999999998443], [113.39500000000942, -1.3049999999998443], [113.39500000000942, -1.2949999999998445], [113.38500000000941, -1.2949999999998445], [113.38500000000941, -1.2849999999998447], [113.3650000000094, -1.2849999999998447], [113.3650000000094, -1.274999999999845], [113.3550000000094, -1.274999999999845], [113.3550000000094, -1.2649999999998451], [113.34500000000939, -1.2649999999998451], [113.34500000000939, -1.2549999999998454], [113.33500000000939, -1.2549999999998454], [113.33500000000939, -1.2149999999998462], [113.34500000000939, -1.2149999999998462], [113.34500000000939, -1.2049999999998464], [113.3550000000094, -1.2049999999998464], [113.3550000000094, -1.1849999999998468], [113.3650000000094, -1.1849999999998468], [113.3650000000094, -1.1649999999998473], [113.37500000000941, -1.1649999999998473], [113.37500000000941, -1.1549999999998475], [113.38500000000941, -1.1549999999998475], [113.38500000000941, -1.134999999999848], [113.39500000000942, -1.134999999999848], [113.39500000000942, -1.1249999999998481], [113.40500000000942, -1.1249999999998481], [113.40500000000942, -1.1149999999998483], [113.41500000000943, -1.1149999999998483], [113.41500000000943, -1.1049999999998485], [113.42500000000943, -1.1049999999998485], [113.42500000000943, -1.0949999999998488], [113.43500000000944, -1.0949999999998488], [113.43500000000944, -1.084999999999849], [113.44500000000944, -1.084999999999849], [113.44500000000944, -1.0749999999998492], [113.45500000000945, -1.0749999999998492], [113.45500000000945, -1.0549999999998496], [113.44500000000944, -1.0549999999998496], [113.44500000000944, -1.0449999999998498], [113.43500000000944, -1.0449999999998498], [113.43500000000944, -1.0249999999998503], [113.42500000000943, -1.0249999999998503], [113.42500000000943, -1.0049999999998507], [113.41500000000943, -1.0049999999998507], [113.41500000000943, -0.9949999999998509], [113.42500000000943, -0.9949999999998509], [113.42500000000943, -0.9749999999998513], [113.43500000000944, -0.9749999999998513], [113.43500000000944, -0.9649999999998515], [113.44500000000944, -0.9649999999998515], [113.44500000000944, -0.9549999999998517], [113.45500000000945, -0.9549999999998517], [113.45500000000945, -0.944999999999852], [113.46500000000945, -0.944999999999852], [113.46500000000945, -0.9349999999998522], [113.48500000000946, -0.9349999999998522], [113.48500000000946, -1.1249999999998481], [113.49500000000947, -1.1249999999998481], [113.49500000000947, -1.2149999999998462], [113.50500000000947, -1.2149999999998462], [113.50500000000947, -1.2549999999998454], [113.5450000000095, -1.2549999999998454], [113.5450000000095, -1.2649999999998451]], [[113.84500000000965, -1.5249999999998396], [113.84500000000965, -1.5149999999998398], [113.83500000000964, -1.5149999999998398], [113.83500000000964, -1.5249999999998396], [113.84500000000965, -1.5249999999998396]]], [[[112.08500000000875, -1.1549999999998475], [112.09500000000875, -1.1549999999998475], [112.09500000000875, -1.1649999999998473], [112.11500000000876, -1.1649999999998473], [112.11500000000876, -1.174999999999847], [112.12500000000877, -1.174999999999847], [112.12500000000877, -1.1849999999998468], [112.13500000000877, -1.1849999999998468], [112.13500000000877, -1.1949999999998466], [112.14500000000878, -1.1949999999998466], [112.14500000000878, -1.2149999999998462], [112.15500000000878, -1.2149999999998462], [112.15500000000878, -1.224999999999846], [112.16500000000879, -1.224999999999846], [112.16500000000879, -1.2549999999998454], [112.15500000000878, -1.2549999999998454], [112.15500000000878, -1.2649999999998451], [112.13500000000877, -1.2649999999998451], [112.13500000000877, -1.274999999999845], [112.11500000000876, -1.274999999999845], [112.11500000000876, -1.2849999999998447], [112.09500000000875, -1.2849999999998447], [112.09500000000875, -1.2949999999998445], [112.07500000000874, -1.2949999999998445], [112.07500000000874, -1.3049999999998443], [112.05500000000873, -1.3049999999998443], [112.05500000000873, -1.314999999999844], [112.02500000000872, -1.314999999999844], [112.02500000000872, -1.3249999999998439], [111.9950000000087, -1.3249999999998439], [111.9950000000087, -1.314999999999844], [111.97500000000869, -1.314999999999844], [111.97500000000869, -1.3049999999998443], [111.96500000000869, -1.3049999999998443], [111.96500000000869, -1.2949999999998445], [111.95500000000868, -1.2949999999998445], [111.95500000000868, -1.2649999999998451], [111.96500000000869, -1.2649999999998451], [111.96500000000869, -1.224999999999846], [111.95500000000868, -1.224999999999846], [111.95500000000868, -1.1849999999998468], [111.94500000000868, -1.1849999999998468], [111.94500000000868, -1.1449999999998477], [111.95500000000868, -1.1449999999998477], [111.95500000000868, -1.134999999999848], [111.97500000000869, -1.134999999999848], [111.97500000000869, -1.1249999999998481], [111.9950000000087, -1.1249999999998481], [111.9950000000087, -1.1149999999998483], [112.01500000000871, -1.1149999999998483], [112.01500000000871, -1.1249999999998481], [112.04500000000873, -1.1249999999998481], [112.04500000000873, -1.134999999999848], [112.06500000000874, -1.134999999999848], [112.06500000000874, -1.1449999999998477], [112.08500000000875, -1.1449999999998477], [112.08500000000875, -1.1549999999998475]]], [[[113.5450000000095, -0.9649999999998515], [113.5550000000095, -0.9649999999998515], [113.5550000000095, -0.9749999999998513], [113.5650000000095, -0.9749999999998513], [113.5650000000095, -0.9949999999998509], [113.57500000000951, -0.9949999999998509], [113.57500000000951, -1.0149999999998505], [113.5650000000095, -1.0149999999998505], [113.5650000000095, -1.0249999999998503], [113.5550000000095, -1.0249999999998503], [113.5550000000095, -1.03499999999985], [113.5450000000095, -1.03499999999985], [113.5450000000095, -1.0649999999998494], [113.5650000000095, -1.0649999999998494], [113.5650000000095, -1.0749999999998492], [113.57500000000951, -1.0749999999998492], [113.57500000000951, -1.084999999999849], [113.58500000000952, -1.084999999999849], [113.58500000000952, -1.0949999999998488], [113.59500000000952, -1.0949999999998488], [113.59500000000952, -1.1149999999998483], [113.60500000000953, -1.1149999999998483], [113.60500000000953, -1.1449999999998477], [113.61500000000953, -1.1449999999998477], [113.61500000000953, -1.1849999999998468], [113.62500000000954, -1.1849999999998468], [113.62500000000954, -1.2449999999998456], [113.5550000000095, -1.2449999999998456], [113.5550000000095, -1.2349999999998458], [113.52500000000948, -1.2349999999998458], [113.52500000000948, -1.224999999999846], [113.51500000000948, -1.224999999999846], [113.51500000000948, -1.134999999999848], [113.50500000000947, -1.134999999999848], [113.50500000000947, -0.9249999999998524], [113.51500000000948, -0.9249999999998524], [113.51500000000948, -0.9349999999998522], [113.52500000000948, -0.9349999999998522], [113.52500000000948, -0.944999999999852], [113.53500000000949, -0.944999999999852], [113.53500000000949, -0.9549999999998517], [113.5450000000095, -0.9549999999998517], [113.5450000000095, -0.9649999999998515]]], [[[111.7950000000086, -0.8649999999998537], [111.7950000000086, -0.9049999999998528], [111.8050000000086, -0.9049999999998528], [111.8050000000086, -0.9349999999998522], [111.81500000000861, -0.9349999999998522], [111.81500000000861, -0.9649999999998515], [111.82500000000861, -0.9649999999998515], [111.82500000000861, -0.9749999999998513], [111.8050000000086, -0.9749999999998513], [111.8050000000086, -0.9649999999998515], [111.7950000000086, -0.9649999999998515], [111.7950000000086, -0.9549999999998517], [111.76500000000858, -0.9549999999998517], [111.76500000000858, -0.9649999999998515], [111.71500000000856, -0.9649999999998515], [111.71500000000856, -0.9849999999998511], [111.70500000000855, -0.9849999999998511], [111.70500000000855, -0.9949999999998509], [111.69500000000855, -0.9949999999998509], [111.69500000000855, -1.0049999999998507], [111.68500000000854, -1.0049999999998507], [111.68500000000854, -0.944999999999852], [111.69500000000855, -0.944999999999852], [111.69500000000855, -0.894999999999853], [111.70500000000855, -0.894999999999853], [111.70500000000855, -0.8449999999998541], [111.71500000000856, -0.8449999999998541], [111.71500000000856, -0.8049999999998549], [111.72500000000856, -0.8049999999998549], [111.72500000000856, -0.754999999999856], [111.73500000000857, -0.754999999999856], [111.73500000000857, -0.7449999999998562], [111.74500000000857, -0.7449999999998562], [111.74500000000857, -0.7349999999998564], [111.75500000000858, -0.7349999999998564], [111.75500000000858, -0.7449999999998562], [111.76500000000858, -0.7449999999998562], [111.76500000000858, -0.7849999999998554], [111.77500000000859, -0.7849999999998554], [111.77500000000859, -0.8249999999998545], [111.7850000000086, -0.8249999999998545], [111.7850000000086, -0.8649999999998537], [111.7950000000086, -0.8649999999998537]]], [[[111.90500000000866, -0.5249999999998609], [111.90500000000866, -0.5349999999998607], [111.89500000000865, -0.5349999999998607], [111.89500000000865, -0.5449999999998605], [111.88500000000865, -0.5449999999998605], [111.88500000000865, -0.5649999999998601], [111.87500000000864, -0.5649999999998601], [111.87500000000864, -0.5749999999998598], [111.86500000000864, -0.5749999999998598], [111.86500000000864, -0.5849999999998596], [111.85500000000863, -0.5849999999998596], [111.85500000000863, -0.5949999999998594], [111.84500000000862, -0.5949999999998594], [111.84500000000862, -0.6049999999998592], [111.83500000000862, -0.6049999999998592], [111.83500000000862, -0.614999999999859], [111.82500000000861, -0.614999999999859], [111.82500000000861, -0.6349999999998586], [111.81500000000861, -0.6349999999998586], [111.81500000000861, -0.6449999999998584], [111.8050000000086, -0.6449999999998584], [111.8050000000086, -0.6549999999998581], [111.7950000000086, -0.6549999999998581], [111.7950000000086, -0.6649999999998579], [111.7850000000086, -0.6649999999998579], [111.7850000000086, -0.6749999999998577], [111.77500000000859, -0.6749999999998577], [111.77500000000859, -0.6849999999998575], [111.76500000000858, -0.6849999999998575], [111.76500000000858, -0.7049999999998571], [111.73500000000857, -0.7049999999998571], [111.73500000000857, -0.6849999999998575], [111.72500000000856, -0.6849999999998575], [111.72500000000856, -0.6749999999998577], [111.71500000000856, -0.6749999999998577], [111.71500000000856, -0.6549999999998581], [111.70500000000855, -0.6549999999998581], [111.70500000000855, -0.6249999999998588], [111.69500000000855, -0.6249999999998588], [111.69500000000855, -0.5949999999998594], [111.71500000000856, -0.5949999999998594], [111.71500000000856, -0.5849999999998596], [111.74500000000857, -0.5849999999998596], [111.74500000000857, -0.5749999999998598], [111.76500000000858, -0.5749999999998598], [111.76500000000858, -0.5649999999998601], [111.7850000000086, -0.5649999999998601], [111.7850000000086, -0.5549999999998603], [111.8050000000086, -0.5549999999998603], [111.8050000000086, -0.5449999999998605], [111.81500000000861, -0.5449999999998605], [111.81500000000861, -0.5349999999998607], [111.82500000000861, -0.5349999999998607], [111.82500000000861, -0.5249999999998609], [111.84500000000862, -0.5249999999998609], [111.84500000000862, -0.5149999999998611], [111.85500000000863, -0.5149999999998611], [111.85500000000863, -0.5049999999998613], [111.86500000000864, -0.5049999999998613], [111.86500000000864, -0.48499999999986176], [111.87500000000864, -0.48499999999986176], [111.87500000000864, -0.474999999999862], [111.88500000000865, -0.474999999999862], [111.88500000000865, -0.4649999999998622], [111.89500000000865, -0.4649999999998622], [111.89500000000865, -0.474999999999862], [111.90500000000866, -0.474999999999862], [111.90500000000866, -0.48499999999986176], [111.92500000000867, -0.48499999999986176], [111.92500000000867, -0.5149999999998611], [111.91500000000866, -0.5149999999998611], [111.91500000000866, -0.5249999999998609], [111.90500000000866, -0.5249999999998609]]], [[[113.48500000000946, -0.49499999999986155], [113.50500000000947, -0.49499999999986155], [113.50500000000947, -0.5049999999998613], [113.48500000000946, -0.5049999999998613], [113.48500000000946, -0.49499999999986155]]], [[[112.31500000000887, -0.49499999999986155], [112.3750000000089, -0.49499999999986155], [112.3750000000089, -0.48499999999986176], [112.47500000000895, -0.48499999999986176], [112.47500000000895, -0.5049999999998613], [112.46500000000894, -0.5049999999998613], [112.46500000000894, -0.5149999999998611], [112.3950000000089, -0.5149999999998611], [112.3950000000089, -0.5049999999998613], [112.31500000000887, -0.5049999999998613], [112.31500000000887, -0.49499999999986155]]], [[[112.02500000000872, -0.5249999999998609], [112.01500000000871, -0.5249999999998609], [112.01500000000871, -0.5349999999998607], [112.0050000000087, -0.5349999999998607], [112.0050000000087, -0.5449999999998605], [111.9950000000087, -0.5449999999998605], [111.9950000000087, -0.5349999999998607], [111.9850000000087, -0.5349999999998607], [111.9850000000087, -0.5149999999998611], [111.97500000000869, -0.5149999999998611], [111.97500000000869, -0.48499999999986176], [111.9850000000087, -0.48499999999986176], [111.9850000000087, -0.4649999999998622], [111.9950000000087, -0.4649999999998622], [111.9950000000087, -0.4549999999998624], [112.01500000000871, -0.4549999999998624], [112.01500000000871, -0.4649999999998622], [112.02500000000872, -0.4649999999998622], [112.02500000000872, -0.48499999999986176], [112.03500000000872, -0.48499999999986176], [112.03500000000872, -0.5049999999998613], [112.02500000000872, -0.5049999999998613], [112.02500000000872, -0.5249999999998609]]], [[[112.48500000000895, -0.3949999999998637], [112.48500000000895, -0.40499999999986347], [112.47500000000895, -0.40499999999986347], [112.47500000000895, -0.3949999999998637], [112.48500000000895, -0.3949999999998637]]], [[[112.27500000000884, -0.20499999999986773], [112.27500000000884, -0.21499999999986752], [112.28500000000885, -0.21499999999986752], [112.28500000000885, -0.2249999999998673], [112.29500000000886, -0.2249999999998673], [112.29500000000886, -0.24499999999986688], [112.30500000000886, -0.24499999999986688], [112.30500000000886, -0.25499999999986667], [112.29500000000886, -0.25499999999986667], [112.29500000000886, -0.26499999999986645], [112.28500000000885, -0.26499999999986645], [112.28500000000885, -0.27499999999986624], [112.27500000000884, -0.27499999999986624], [112.27500000000884, -0.284999999999866], [112.25500000000883, -0.284999999999866], [112.25500000000883, -0.2949999999998658], [112.24500000000883, -0.2949999999998658], [112.24500000000883, -0.284999999999866], [112.23500000000882, -0.284999999999866], [112.23500000000882, -0.27499999999986624], [112.22500000000882, -0.27499999999986624], [112.22500000000882, -0.26499999999986645], [112.21500000000881, -0.26499999999986645], [112.21500000000881, -0.25499999999986667], [112.20500000000881, -0.25499999999986667], [112.20500000000881, -0.2349999999998671], [112.1950000000088, -0.2349999999998671], [112.1950000000088, -0.19499999999986795], [112.1850000000088, -0.19499999999986795], [112.1850000000088, -0.144999999999869], [112.1950000000088, -0.144999999999869], [112.1950000000088, -0.13499999999986922], [112.21500000000881, -0.13499999999986922], [112.21500000000881, -0.12499999999986944], [112.22500000000882, -0.12499999999986944], [112.22500000000882, -0.11499999999986965], [112.23500000000882, -0.11499999999986965], [112.23500000000882, -0.10499999999986986], [112.24500000000883, -0.10499999999986986], [112.24500000000883, -0.09499999999987008], [112.26500000000884, -0.09499999999987008], [112.26500000000884, -0.08499999999987029], [112.28500000000885, -0.08499999999987029], [112.28500000000885, -0.0749999999998705], [112.30500000000886, -0.0749999999998705], [112.30500000000886, -0.06499999999987072], [112.31500000000887, -0.06499999999987072], [112.31500000000887, -0.09499999999987008], [112.30500000000886, -0.09499999999987008], [112.30500000000886, -0.13499999999986922], [112.29500000000886, -0.13499999999986922], [112.29500000000886, -0.17499999999986837], [112.28500000000885, -0.17499999999986837], [112.28500000000885, -0.20499999999986773], [112.27500000000884, -0.20499999999986773]]], [[[113.53500000000949, 0.4450000000001184], [113.52500000000948, 0.4450000000001184], [113.52500000000948, 0.42500000000011884], [113.51500000000948, 0.42500000000011884], [113.51500000000948, 0.41500000000011905], [113.50500000000947, 0.41500000000011905], [113.50500000000947, 0.3950000000001195], [113.49500000000947, 0.3950000000001195], [113.49500000000947, 0.3850000000001197], [113.48500000000946, 0.3850000000001197], [113.48500000000946, 0.3650000000001201], [113.47500000000946, 0.3650000000001201], [113.47500000000946, 0.35500000000012033], [113.46500000000945, 0.35500000000012033], [113.46500000000945, 0.33500000000012076], [113.45500000000945, 0.33500000000012076], [113.45500000000945, 0.3150000000001212], [113.44500000000944, 0.3150000000001212], [113.44500000000944, 0.2950000000001216], [113.43500000000944, 0.2950000000001216], [113.43500000000944, 0.2850000000001218], [113.42500000000943, 0.2850000000001218], [113.42500000000943, 0.26500000000012225], [113.41500000000943, 0.26500000000012225], [113.41500000000943, 0.2350000000001229], [113.42500000000943, 0.2350000000001229], [113.42500000000943, 0.21500000000012331], [113.43500000000944, 0.21500000000012331], [113.43500000000944, 0.20500000000012353], [113.44500000000944, 0.20500000000012353], [113.44500000000944, 0.19500000000012374], [113.45500000000945, 0.19500000000012374], [113.45500000000945, 0.18500000000012395], [113.46500000000945, 0.18500000000012395], [113.46500000000945, 0.17500000000012417], [113.47500000000946, 0.17500000000012417], [113.47500000000946, 0.16500000000012438], [113.48500000000946, 0.16500000000012438], [113.48500000000946, 0.1550000000001246], [113.49500000000947, 0.1550000000001246], [113.49500000000947, 0.1450000000001248], [113.51500000000948, 0.1450000000001248], [113.51500000000948, 0.13500000000012502], [113.52500000000948, 0.13500000000012502], [113.52500000000948, 0.12500000000012523], [113.5450000000095, 0.12500000000012523], [113.5450000000095, 0.11500000000012545], [113.5650000000095, 0.11500000000012545], [113.5650000000095, 0.10500000000012566], [113.58500000000952, 0.10500000000012566], [113.58500000000952, 0.09500000000012587], [113.60500000000953, 0.09500000000012587], [113.60500000000953, 0.08500000000012609], [113.61500000000953, 0.08500000000012609], [113.61500000000953, 0.0750000000001263], [113.63500000000954, 0.0750000000001263], [113.63500000000954, 0.06500000000012651], [113.65500000000955, 0.06500000000012651], [113.65500000000955, 0.055000000000126725], [113.67500000000956, 0.055000000000126725], [113.67500000000956, 0.04500000000012694], [113.69500000000957, 0.04500000000012694], [113.69500000000957, 0.03500000000012715], [113.70500000000958, 0.03500000000012715], [113.70500000000958, 0.025000000000127365], [113.72500000000959, 0.025000000000127365], [113.72500000000959, 0.015000000000127578], [113.76500000000961, 0.015000000000127578], [113.76500000000961, 0.025000000000127365], [113.78500000000962, 0.025000000000127365], [113.78500000000962, 0.015000000000127578], [113.77500000000961, 0.015000000000127578], [113.77500000000961, 0.005000000000127791], [113.76500000000961, 0.005000000000127791], [113.76500000000961, -0.004999999999871996], [113.7550000000096, -0.004999999999871996], [113.7550000000096, -0.014999999999871783], [113.7450000000096, -0.014999999999871783], [113.7450000000096, -0.02499999999987157], [113.73500000000959, -0.02499999999987157], [113.73500000000959, -0.04499999999987114], [113.72500000000959, -0.04499999999987114], [113.72500000000959, -0.05499999999987093], [113.71500000000958, -0.05499999999987093], [113.71500000000958, -0.0749999999998705], [113.70500000000958, -0.0749999999998705], [113.70500000000958, -0.09499999999987008], [113.69500000000957, -0.09499999999987008], [113.69500000000957, -0.10499999999986986], [113.68500000000957, -0.10499999999986986], [113.68500000000957, -0.12499999999986944], [113.67500000000956, -0.12499999999986944], [113.67500000000956, -0.13499999999986922], [113.66500000000956, -0.13499999999986922], [113.66500000000956, -0.1549999999998688], [113.65500000000955, -0.1549999999998688], [113.65500000000955, -0.16499999999986859], [113.62500000000954, -0.16499999999986859], [113.62500000000954, -0.17499999999986837], [113.60500000000953, -0.17499999999986837], [113.60500000000953, -0.18499999999986816], [113.58500000000952, -0.18499999999986816], [113.58500000000952, -0.19499999999986795], [113.57500000000951, -0.19499999999986795], [113.57500000000951, -0.21499999999986752], [113.5650000000095, -0.21499999999986752], [113.5650000000095, -0.2349999999998671], [113.5550000000095, -0.2349999999998671], [113.5550000000095, -0.25499999999986667], [113.58500000000952, -0.25499999999986667], [113.58500000000952, -0.27499999999986624], [113.57500000000951, -0.27499999999986624], [113.57500000000951, -0.284999999999866], [113.5650000000095, -0.284999999999866], [113.5650000000095, -0.2949999999998658], [113.5550000000095, -0.2949999999998658], [113.5550000000095, -0.3149999999998654], [113.5450000000095, -0.3149999999998654], [113.5450000000095, -0.3249999999998652], [113.53500000000949, -0.3249999999998652], [113.53500000000949, -0.33499999999986496], [113.52500000000948, -0.33499999999986496], [113.52500000000948, -0.34499999999986475], [113.51500000000948, -0.34499999999986475], [113.51500000000948, -0.3649999999998643], [113.49500000000947, -0.3649999999998643], [113.49500000000947, -0.3749999999998641], [113.48500000000946, -0.3749999999998641], [113.48500000000946, -0.3649999999998643], [113.43500000000944, -0.3649999999998643], [113.43500000000944, -0.35499999999986454], [113.38500000000941, -0.35499999999986454], [113.38500000000941, -0.34499999999986475], [113.32500000000938, -0.34499999999986475], [113.32500000000938, -0.33499999999986496], [113.23500000000934, -0.33499999999986496], [113.23500000000934, -0.34499999999986475], [113.21500000000933, -0.34499999999986475], [113.21500000000933, -0.35499999999986454], [113.20500000000932, -0.35499999999986454], [113.20500000000932, -0.3649999999998643], [113.19500000000932, -0.3649999999998643], [113.19500000000932, -0.3749999999998641], [113.18500000000931, -0.3749999999998641], [113.18500000000931, -0.3849999999998639], [113.1750000000093, -0.3849999999998639], [113.1750000000093, -0.3949999999998637], [113.1650000000093, -0.3949999999998637], [113.1650000000093, -0.40499999999986347], [113.1550000000093, -0.40499999999986347], [113.1550000000093, -0.42499999999986304], [113.14500000000929, -0.42499999999986304], [113.14500000000929, -0.43499999999986283], [113.13500000000928, -0.43499999999986283], [113.13500000000928, -0.4649999999998622], [113.12500000000928, -0.4649999999998622], [113.12500000000928, -0.48499999999986176], [113.11500000000927, -0.48499999999986176], [113.11500000000927, -0.5149999999998611], [113.10500000000927, -0.5149999999998611], [113.10500000000927, -0.5349999999998607], [113.09500000000926, -0.5349999999998607], [113.09500000000926, -0.5549999999998603], [113.08500000000926, -0.5549999999998603], [113.08500000000926, -0.5749999999998598], [113.07500000000925, -0.5749999999998598], [113.07500000000925, -0.5949999999998594], [113.06500000000925, -0.5949999999998594], [113.06500000000925, -0.614999999999859], [113.05500000000924, -0.614999999999859], [113.05500000000924, -0.6249999999998588], [113.04500000000924, -0.6249999999998588], [113.04500000000924, -0.6449999999998584], [113.03500000000923, -0.6449999999998584], [113.03500000000923, -0.6649999999998579], [113.02500000000923, -0.6649999999998579], [113.02500000000923, -0.6749999999998577], [113.01500000000922, -0.6749999999998577], [113.01500000000922, -0.6849999999998575], [113.00500000000922, -0.6849999999998575], [113.00500000000922, -0.6949999999998573], [112.98500000000921, -0.6949999999998573], [112.98500000000921, -0.6849999999998575], [112.9750000000092, -0.6849999999998575], [112.9750000000092, -0.6749999999998577], [112.9650000000092, -0.6749999999998577], [112.9650000000092, -0.6649999999998579], [112.95500000000919, -0.6649999999998579], [112.95500000000919, -0.6449999999998584], [112.94500000000919, -0.6449999999998584], [112.94500000000919, -0.6049999999998592], [112.93500000000918, -0.6049999999998592], [112.93500000000918, -0.5549999999998603], [112.92500000000918, -0.5549999999998603], [112.92500000000918, -0.5349999999998607], [112.91500000000917, -0.5349999999998607], [112.91500000000917, -0.5449999999998605], [112.90500000000917, -0.5449999999998605], [112.90500000000917, -0.5549999999998603], [112.88500000000916, -0.5549999999998603], [112.88500000000916, -0.5649999999998601], [112.86500000000915, -0.5649999999998601], [112.86500000000915, -0.5749999999998598], [112.83500000000913, -0.5749999999998598], [112.83500000000913, -0.5849999999998596], [112.80500000000912, -0.5849999999998596], [112.80500000000912, -0.5949999999998594], [112.7650000000091, -0.5949999999998594], [112.7650000000091, -0.6049999999998592], [112.73500000000908, -0.6049999999998592], [112.73500000000908, -0.5949999999998594], [112.70500000000906, -0.5949999999998594], [112.70500000000906, -0.5849999999998596], [112.68500000000905, -0.5849999999998596], [112.68500000000905, -0.5749999999998598], [112.66500000000904, -0.5749999999998598], [112.66500000000904, -0.5649999999998601], [112.64500000000903, -0.5649999999998601], [112.64500000000903, -0.5549999999998603], [112.66500000000904, -0.5549999999998603], [112.66500000000904, -0.5449999999998605], [112.68500000000905, -0.5449999999998605], [112.68500000000905, -0.5349999999998607], [112.60500000000901, -0.5349999999998607], [112.60500000000901, -0.5249999999998609], [112.59500000000901, -0.5249999999998609], [112.59500000000901, -0.5149999999998611], [112.585000000009, -0.5149999999998611], [112.585000000009, -0.5049999999998613], [112.575000000009, -0.5049999999998613], [112.575000000009, -0.48499999999986176], [112.585000000009, -0.48499999999986176], [112.585000000009, -0.4649999999998622], [112.61500000000902, -0.4649999999998622], [112.61500000000902, -0.4549999999998624], [112.66500000000904, -0.4549999999998624], [112.66500000000904, -0.4449999999998626], [112.70500000000906, -0.4449999999998626], [112.70500000000906, -0.42499999999986304], [112.65500000000904, -0.42499999999986304], [112.65500000000904, -0.41499999999986326], [112.63500000000903, -0.41499999999986326], [112.63500000000903, -0.40499999999986347], [112.61500000000902, -0.40499999999986347], [112.61500000000902, -0.3949999999998637], [112.62500000000902, -0.3949999999998637], [112.62500000000902, -0.3749999999998641], [112.63500000000903, -0.3749999999998641], [112.63500000000903, -0.3649999999998643], [112.60500000000901, -0.3649999999998643], [112.60500000000901, -0.3749999999998641], [112.585000000009, -0.3749999999998641], [112.585000000009, -0.3649999999998643], [112.575000000009, -0.3649999999998643], [112.575000000009, -0.35499999999986454], [112.59500000000901, -0.35499999999986454], [112.59500000000901, -0.34499999999986475], [112.61500000000902, -0.34499999999986475], [112.61500000000902, -0.33499999999986496], [112.63500000000903, -0.33499999999986496], [112.63500000000903, -0.3249999999998652], [112.64500000000903, -0.3249999999998652], [112.64500000000903, -0.3149999999998654], [112.66500000000904, -0.3149999999998654], [112.66500000000904, -0.3049999999998656], [112.67500000000905, -0.3049999999998656], [112.67500000000905, -0.2949999999998658], [112.68500000000905, -0.2949999999998658], [112.68500000000905, -0.284999999999866], [112.69500000000906, -0.284999999999866], [112.69500000000906, -0.27499999999986624], [112.70500000000906, -0.27499999999986624], [112.70500000000906, -0.26499999999986645], [112.71500000000907, -0.26499999999986645], [112.71500000000907, -0.25499999999986667], [112.73500000000908, -0.25499999999986667], [112.73500000000908, -0.24499999999986688], [112.75500000000909, -0.24499999999986688], [112.75500000000909, -0.2349999999998671], [112.7850000000091, -0.2349999999998671], [112.7850000000091, -0.24499999999986688], [112.91500000000917, -0.24499999999986688], [112.91500000000917, -0.2249999999998673], [112.92500000000918, -0.2249999999998673], [112.92500000000918, -0.21499999999986752], [112.93500000000918, -0.21499999999986752], [112.93500000000918, -0.20499999999986773], [112.94500000000919, -0.20499999999986773], [112.94500000000919, -0.19499999999986795], [112.95500000000919, -0.19499999999986795], [112.95500000000919, -0.17499999999986837], [112.9650000000092, -0.17499999999986837], [112.9650000000092, -0.16499999999986859], [112.98500000000921, -0.16499999999986859], [112.98500000000921, -0.1549999999998688], [112.99500000000921, -0.1549999999998688], [112.99500000000921, -0.144999999999869], [113.01500000000922, -0.144999999999869], [113.01500000000922, -0.13499999999986922], [113.03500000000923, -0.13499999999986922], [113.03500000000923, -0.12499999999986944], [113.05500000000924, -0.12499999999986944], [113.05500000000924, -0.11499999999986965], [113.07500000000925, -0.11499999999986965], [113.07500000000925, -0.10499999999986986], [113.08500000000926, -0.10499999999986986], [113.08500000000926, -0.09499999999987008], [113.09500000000926, -0.09499999999987008], [113.09500000000926, -0.08499999999987029], [113.10500000000927, -0.08499999999987029], [113.10500000000927, -0.0749999999998705], [113.11500000000927, -0.0749999999998705], [113.11500000000927, -0.06499999999987072], [113.12500000000928, -0.06499999999987072], [113.12500000000928, -0.04499999999987114], [113.13500000000928, -0.04499999999987114], [113.13500000000928, -0.02499999999987157], [113.14500000000929, -0.02499999999987157], [113.14500000000929, 0.005000000000127791], [113.1550000000093, 0.005000000000127791], [113.1550000000093, 0.015000000000127578], [113.1650000000093, 0.015000000000127578], [113.1650000000093, 0.025000000000127365], [113.1750000000093, 0.025000000000127365], [113.1750000000093, 0.04500000000012694], [113.18500000000931, 0.04500000000012694], [113.18500000000931, 0.055000000000126725], [113.19500000000932, 0.055000000000126725], [113.19500000000932, 0.06500000000012651], [113.20500000000932, 0.06500000000012651], [113.20500000000932, 0.0750000000001263], [113.23500000000934, 0.0750000000001263], [113.23500000000934, 0.06500000000012651], [113.27500000000936, 0.06500000000012651], [113.27500000000936, 0.0750000000001263], [113.29500000000937, 0.0750000000001263], [113.29500000000937, 0.08500000000012609], [113.31500000000938, 0.08500000000012609], [113.31500000000938, 0.09500000000012587], [113.32500000000938, 0.09500000000012587], [113.32500000000938, 0.10500000000012566], [113.33500000000939, 0.10500000000012566], [113.33500000000939, 0.11500000000012545], [113.34500000000939, 0.11500000000012545], [113.34500000000939, 0.13500000000012502], [113.3550000000094, 0.13500000000012502], [113.3550000000094, 0.1550000000001246], [113.3650000000094, 0.1550000000001246], [113.3650000000094, 0.17500000000012417], [113.37500000000941, 0.17500000000012417], [113.37500000000941, 0.2250000000001231], [113.38500000000941, 0.2250000000001231], [113.38500000000941, 0.26500000000012225], [113.39500000000942, 0.26500000000012225], [113.39500000000942, 0.3050000000001214], [113.40500000000942, 0.3050000000001214], [113.40500000000942, 0.33500000000012076], [113.41500000000943, 0.33500000000012076], [113.41500000000943, 0.3650000000001201], [113.42500000000943, 0.3650000000001201], [113.42500000000943, 0.3950000000001195], [113.43500000000944, 0.3950000000001195], [113.43500000000944, 0.41500000000011905], [113.44500000000944, 0.41500000000011905], [113.44500000000944, 0.4350000000001186], [113.45500000000945, 0.4350000000001186], [113.45500000000945, 0.4450000000001184], [113.46500000000945, 0.4450000000001184], [113.46500000000945, 0.465000000000118], [113.47500000000946, 0.465000000000118], [113.47500000000946, 0.4750000000001178], [113.48500000000946, 0.4750000000001178], [113.48500000000946, 0.48500000000011756], [113.49500000000947, 0.48500000000011756], [113.49500000000947, 0.49500000000011735], [113.50500000000947, 0.49500000000011735], [113.50500000000947, 0.5050000000001171], [113.51500000000948, 0.5050000000001171], [113.51500000000948, 0.5150000000001169], [113.5650000000095, 0.5150000000001169], [113.5650000000095, 0.48500000000011756], [113.5550000000095, 0.48500000000011756], [113.5550000000095, 0.4750000000001178], [113.5450000000095, 0.4750000000001178], [113.5450000000095, 0.4550000000001182], [113.53500000000949, 0.4550000000001182], [113.53500000000949, 0.4450000000001184]], [[112.64500000000903, -0.3649999999998643], [112.64500000000903, -0.35499999999986454], [112.63500000000903, -0.35499999999986454], [112.63500000000903, -0.3649999999998643], [112.64500000000903, -0.3649999999998643]], [[113.25500000000935, -0.21499999999986752], [113.25500000000935, -0.2249999999998673], [113.24500000000934, -0.2249999999998673], [113.24500000000934, -0.2349999999998671], [113.23500000000934, -0.2349999999998671], [113.23500000000934, -0.25499999999986667], [113.24500000000934, -0.25499999999986667], [113.24500000000934, -0.26499999999986645], [113.30500000000937, -0.26499999999986645], [113.30500000000937, -0.27499999999986624], [113.3550000000094, -0.27499999999986624], [113.3550000000094, -0.284999999999866], [113.39500000000942, -0.284999999999866], [113.39500000000942, -0.2949999999998658], [113.41500000000943, -0.2949999999998658], [113.41500000000943, -0.3049999999998656], [113.44500000000944, -0.3049999999998656], [113.44500000000944, -0.3149999999998654], [113.45500000000945, -0.3149999999998654], [113.45500000000945, -0.3249999999998652], [113.47500000000946, -0.3249999999998652], [113.47500000000946, -0.33499999999986496], [113.48500000000946, -0.33499999999986496], [113.48500000000946, -0.34499999999986475], [113.50500000000947, -0.34499999999986475], [113.50500000000947, -0.33499999999986496], [113.51500000000948, -0.33499999999986496], [113.51500000000948, -0.3049999999998656], [113.52500000000948, -0.3049999999998656], [113.52500000000948, -0.284999999999866], [113.53500000000949, -0.284999999999866], [113.53500000000949, -0.2249999999998673], [113.52500000000948, -0.2249999999998673], [113.52500000000948, -0.20499999999986773], [113.51500000000948, -0.20499999999986773], [113.51500000000948, -0.18499999999986816], [113.50500000000947, -0.18499999999986816], [113.50500000000947, -0.17499999999986837], [113.46500000000945, -0.17499999999986837], [113.46500000000945, -0.18499999999986816], [113.40500000000942, -0.18499999999986816], [113.40500000000942, -0.19499999999986795], [113.34500000000939, -0.19499999999986795], [113.34500000000939, -0.20499999999986773], [113.29500000000937, -0.20499999999986773], [113.29500000000937, -0.21499999999986752], [113.25500000000935, -0.21499999999986752]]], [[[112.585000000009, -0.004999999999871996], [112.55500000000899, -0.004999999999871996], [112.55500000000899, -0.014999999999871783], [112.52500000000897, -0.014999999999871783], [112.52500000000897, -0.02499999999987157], [112.48500000000895, -0.02499999999987157], [112.48500000000895, -0.014999999999871783], [112.46500000000894, -0.014999999999871783], [112.46500000000894, -0.004999999999871996], [112.44500000000893, -0.004999999999871996], [112.44500000000893, 0.005000000000127791], [112.45500000000894, 0.005000000000127791], [112.45500000000894, 0.015000000000127578], [112.46500000000894, 0.015000000000127578], [112.46500000000894, 0.025000000000127365], [112.48500000000895, 0.025000000000127365], [112.48500000000895, 0.03500000000012715], [112.53500000000898, 0.03500000000012715], [112.53500000000898, 0.025000000000127365], [112.565000000009, 0.025000000000127365], [112.565000000009, 0.015000000000127578], [112.575000000009, 0.015000000000127578], [112.575000000009, 0.005000000000127791], [112.585000000009, 0.005000000000127791], [112.585000000009, -0.004999999999871996]]], [[[109.23500000000729, 0.015000000000127578], [109.2450000000073, 0.015000000000127578], [109.2450000000073, 0.025000000000127365], [109.2650000000073, 0.025000000000127365], [109.2650000000073, -0.004999999999871996], [109.27500000000731, -0.004999999999871996], [109.27500000000731, -0.014999999999871783], [109.2450000000073, -0.014999999999871783], [109.2450000000073, -0.004999999999871996], [109.23500000000729, -0.004999999999871996], [109.23500000000729, 0.015000000000127578]]], [[[111.27500000000833, 0.015000000000127578], [111.27500000000833, -0.014999999999871783], [111.26500000000833, -0.014999999999871783], [111.26500000000833, -0.02499999999987157], [111.25500000000832, -0.02499999999987157], [111.25500000000832, -0.034999999999871356], [111.24500000000832, -0.034999999999871356], [111.24500000000832, -0.02499999999987157], [111.23500000000831, -0.02499999999987157], [111.23500000000831, -0.014999999999871783], [111.22500000000831, -0.014999999999871783], [111.22500000000831, 0.015000000000127578], [111.2150000000083, 0.015000000000127578], [111.2150000000083, 0.06500000000012651], [111.2050000000083, 0.06500000000012651], [111.2050000000083, 0.08500000000012609], [111.2150000000083, 0.08500000000012609], [111.2150000000083, 0.11500000000012545], [111.22500000000831, 0.11500000000012545], [111.22500000000831, 0.12500000000012523], [111.23500000000831, 0.12500000000012523], [111.23500000000831, 0.1450000000001248], [111.25500000000832, 0.1450000000001248], [111.25500000000832, 0.13500000000012502], [111.26500000000833, 0.13500000000012502], [111.26500000000833, 0.11500000000012545], [111.27500000000833, 0.11500000000012545], [111.27500000000833, 0.09500000000012587], [111.28500000000834, 0.09500000000012587], [111.28500000000834, 0.015000000000127578], [111.27500000000833, 0.015000000000127578]]], [[[110.50500000000794, 0.11500000000012545], [110.50500000000794, 0.10500000000012566], [110.49500000000793, 0.10500000000012566], [110.49500000000793, 0.11500000000012545], [110.50500000000794, 0.11500000000012545]]], [[[113.9450000000097, 0.19500000000012374], [113.9350000000097, 0.19500000000012374], [113.9350000000097, 0.18500000000012395], [113.92500000000969, 0.18500000000012395], [113.92500000000969, 0.16500000000012438], [113.91500000000968, 0.16500000000012438], [113.91500000000968, 0.1550000000001246], [113.90500000000968, 0.1550000000001246], [113.90500000000968, 0.13500000000012502], [113.89500000000967, 0.13500000000012502], [113.89500000000967, 0.12500000000012523], [113.88500000000967, 0.12500000000012523], [113.88500000000967, 0.11500000000012545], [113.87500000000966, 0.11500000000012545], [113.87500000000966, 0.09500000000012587], [113.86500000000966, 0.09500000000012587], [113.86500000000966, 0.08500000000012609], [113.85500000000965, 0.08500000000012609], [113.85500000000965, 0.0750000000001263], [113.84500000000965, 0.0750000000001263], [113.84500000000965, 0.06500000000012651], [113.83500000000964, 0.06500000000012651], [113.83500000000964, 0.055000000000126725], [113.82500000000964, 0.055000000000126725], [113.82500000000964, 0.04500000000012694], [113.81500000000963, 0.04500000000012694], [113.81500000000963, 0.03500000000012715], [113.80500000000963, 0.03500000000012715], [113.80500000000963, 0.025000000000127365], [113.78500000000962, 0.025000000000127365], [113.78500000000962, 0.03500000000012715], [113.79500000000962, 0.03500000000012715], [113.79500000000962, 0.04500000000012694], [113.80500000000963, 0.04500000000012694], [113.80500000000963, 0.055000000000126725], [113.81500000000963, 0.055000000000126725], [113.81500000000963, 0.06500000000012651], [113.82500000000964, 0.06500000000012651], [113.82500000000964, 0.0750000000001263], [113.83500000000964, 0.0750000000001263], [113.83500000000964, 0.08500000000012609], [113.84500000000965, 0.08500000000012609], [113.84500000000965, 0.09500000000012587], [113.85500000000965, 0.09500000000012587], [113.85500000000965, 0.10500000000012566], [113.86500000000966, 0.10500000000012566], [113.86500000000966, 0.12500000000012523], [113.87500000000966, 0.12500000000012523], [113.87500000000966, 0.13500000000012502], [113.88500000000967, 0.13500000000012502], [113.88500000000967, 0.1550000000001246], [113.89500000000967, 0.1550000000001246], [113.89500000000967, 0.17500000000012417], [113.90500000000968, 0.17500000000012417], [113.90500000000968, 0.19500000000012374], [113.91500000000968, 0.19500000000012374], [113.91500000000968, 0.21500000000012331], [113.92500000000969, 0.21500000000012331], [113.92500000000969, 0.24500000000012268], [113.9350000000097, 0.24500000000012268], [113.9350000000097, 0.2350000000001229], [113.9450000000097, 0.2350000000001229], [113.9450000000097, 0.2250000000001231], [113.9550000000097, 0.2250000000001231], [113.9550000000097, 0.21500000000012331], [113.9450000000097, 0.21500000000012331], [113.9450000000097, 0.19500000000012374]]], [[[112.28500000000885, 0.13500000000012502], [112.29500000000886, 0.13500000000012502], [112.29500000000886, 0.09500000000012587], [112.23500000000882, 0.09500000000012587], [112.23500000000882, 0.10500000000012566], [112.22500000000882, 0.10500000000012566], [112.22500000000882, 0.11500000000012545], [112.20500000000881, 0.11500000000012545], [112.20500000000881, 0.12500000000012523], [112.1950000000088, 0.12500000000012523], [112.1950000000088, 0.13500000000012502], [112.20500000000881, 0.13500000000012502], [112.20500000000881, 0.16500000000012438], [112.21500000000881, 0.16500000000012438], [112.21500000000881, 0.18500000000012395], [112.22500000000882, 0.18500000000012395], [112.22500000000882, 0.20500000000012353], [112.23500000000882, 0.20500000000012353], [112.23500000000882, 0.21500000000012331], [112.25500000000883, 0.21500000000012331], [112.25500000000883, 0.20500000000012353], [112.26500000000884, 0.20500000000012353], [112.26500000000884, 0.18500000000012395], [112.27500000000884, 0.18500000000012395], [112.27500000000884, 0.1550000000001246], [112.28500000000885, 0.1550000000001246], [112.28500000000885, 0.13500000000012502]]], [[[113.05500000000924, 0.6150000000001148], [113.06500000000925, 0.6150000000001148], [113.06500000000925, 0.5850000000001154], [113.05500000000924, 0.5850000000001154], [113.05500000000924, 0.5550000000001161], [113.04500000000924, 0.5550000000001161], [113.04500000000924, 0.5350000000001165], [113.05500000000924, 0.5350000000001165], [113.05500000000924, 0.48500000000011756], [113.04500000000924, 0.48500000000011756], [113.04500000000924, 0.465000000000118], [113.05500000000924, 0.465000000000118], [113.05500000000924, 0.4550000000001182], [113.06500000000925, 0.4550000000001182], [113.06500000000925, 0.4450000000001184], [113.07500000000925, 0.4450000000001184], [113.07500000000925, 0.42500000000011884], [113.08500000000926, 0.42500000000011884], [113.08500000000926, 0.41500000000011905], [113.09500000000926, 0.41500000000011905], [113.09500000000926, 0.3950000000001195], [113.10500000000927, 0.3950000000001195], [113.10500000000927, 0.3750000000001199], [113.11500000000927, 0.3750000000001199], [113.11500000000927, 0.35500000000012033], [113.12500000000928, 0.35500000000012033], [113.12500000000928, 0.33500000000012076], [113.13500000000928, 0.33500000000012076], [113.13500000000928, 0.3150000000001212], [113.14500000000929, 0.3150000000001212], [113.14500000000929, 0.2850000000001218], [113.1550000000093, 0.2850000000001218], [113.1550000000093, 0.25500000000012246], [113.1650000000093, 0.25500000000012246], [113.1650000000093, 0.18500000000012395], [113.1550000000093, 0.18500000000012395], [113.1550000000093, 0.17500000000012417], [113.14500000000929, 0.17500000000012417], [113.14500000000929, 0.16500000000012438], [113.12500000000928, 0.16500000000012438], [113.12500000000928, 0.1550000000001246], [113.11500000000927, 0.1550000000001246], [113.11500000000927, 0.1450000000001248], [113.09500000000926, 0.1450000000001248], [113.09500000000926, 0.13500000000012502], [113.07500000000925, 0.13500000000012502], [113.07500000000925, 0.12500000000012523], [113.04500000000924, 0.12500000000012523], [113.04500000000924, 0.11500000000012545], [113.02500000000923, 0.11500000000012545], [113.02500000000923, 0.10500000000012566], [112.72500000000908, 0.10500000000012566], [112.72500000000908, 0.11500000000012545], [112.70500000000906, 0.11500000000012545], [112.70500000000906, 0.12500000000012523], [112.69500000000906, 0.12500000000012523], [112.69500000000906, 0.13500000000012502], [112.68500000000905, 0.13500000000012502], [112.68500000000905, 0.1550000000001246], [112.67500000000905, 0.1550000000001246], [112.67500000000905, 0.16500000000012438], [112.68500000000905, 0.16500000000012438], [112.68500000000905, 0.17500000000012417], [112.71500000000907, 0.17500000000012417], [112.71500000000907, 0.16500000000012438], [112.75500000000909, 0.16500000000012438], [112.75500000000909, 0.17500000000012417], [112.7650000000091, 0.17500000000012417], [112.7650000000091, 0.18500000000012395], [112.7750000000091, 0.18500000000012395], [112.7750000000091, 0.19500000000012374], [112.7850000000091, 0.19500000000012374], [112.7850000000091, 0.20500000000012353], [112.79500000000911, 0.20500000000012353], [112.79500000000911, 0.21500000000012331], [112.80500000000912, 0.21500000000012331], [112.80500000000912, 0.2250000000001231], [112.81500000000912, 0.2250000000001231], [112.81500000000912, 0.2350000000001229], [112.82500000000913, 0.2350000000001229], [112.82500000000913, 0.25500000000012246], [112.80500000000912, 0.25500000000012246], [112.80500000000912, 0.26500000000012225], [112.7750000000091, 0.26500000000012225], [112.7750000000091, 0.27500000000012204], [112.75500000000909, 0.27500000000012204], [112.75500000000909, 0.2950000000001216], [112.7750000000091, 0.2950000000001216], [112.7750000000091, 0.3050000000001214], [112.79500000000911, 0.3050000000001214], [112.79500000000911, 0.3150000000001212], [112.81500000000912, 0.3150000000001212], [112.81500000000912, 0.32500000000012097], [112.82500000000913, 0.32500000000012097], [112.82500000000913, 0.33500000000012076], [112.84500000000914, 0.33500000000012076], [112.84500000000914, 0.34500000000012054], [112.85500000000914, 0.34500000000012054], [112.85500000000914, 0.35500000000012033], [112.86500000000915, 0.35500000000012033], [112.86500000000915, 0.3650000000001201], [112.88500000000916, 0.3650000000001201], [112.88500000000916, 0.3750000000001199], [112.89500000000916, 0.3750000000001199], [112.89500000000916, 0.3850000000001197], [112.90500000000917, 0.3850000000001197], [112.90500000000917, 0.3950000000001195], [112.91500000000917, 0.3950000000001195], [112.91500000000917, 0.40500000000011926], [112.92500000000918, 0.40500000000011926], [112.92500000000918, 0.42500000000011884], [112.91500000000917, 0.42500000000011884], [112.91500000000917, 0.4350000000001186], [112.89500000000916, 0.4350000000001186], [112.89500000000916, 0.4450000000001184], [112.90500000000917, 0.4450000000001184], [112.90500000000917, 0.465000000000118], [112.91500000000917, 0.465000000000118], [112.91500000000917, 0.48500000000011756], [112.92500000000918, 0.48500000000011756], [112.92500000000918, 0.5150000000001169], [112.93500000000918, 0.5150000000001169], [112.93500000000918, 0.5550000000001161], [112.94500000000919, 0.5550000000001161], [112.94500000000919, 0.5850000000001154], [112.95500000000919, 0.5850000000001154], [112.95500000000919, 0.605000000000115], [112.9650000000092, 0.605000000000115], [112.9650000000092, 0.6250000000001146], [112.9750000000092, 0.6250000000001146], [112.9750000000092, 0.6350000000001144], [112.98500000000921, 0.6350000000001144], [112.98500000000921, 0.6450000000001141], [112.99500000000921, 0.6450000000001141], [112.99500000000921, 0.6550000000001139], [113.01500000000922, 0.6550000000001139], [113.01500000000922, 0.6450000000001141], [113.03500000000923, 0.6450000000001141], [113.03500000000923, 0.6350000000001144], [113.04500000000924, 0.6350000000001144], [113.04500000000924, 0.6250000000001146], [113.05500000000924, 0.6250000000001146], [113.05500000000924, 0.6150000000001148]]], [[[112.7750000000091, 0.5050000000001171], [112.7750000000091, 0.49500000000011735], [112.74500000000909, 0.49500000000011735], [112.74500000000909, 0.5050000000001171], [112.7750000000091, 0.5050000000001171]]], [[[109.40500000000738, 0.7750000000001114], [109.40500000000738, 0.7550000000001118], [109.41500000000738, 0.7550000000001118], [109.41500000000738, 0.7150000000001127], [109.40500000000738, 0.7150000000001127], [109.40500000000738, 0.6250000000001146], [109.39500000000737, 0.6250000000001146], [109.39500000000737, 0.5550000000001161], [109.38500000000737, 0.5550000000001161], [109.38500000000737, 0.5150000000001169], [109.37500000000736, 0.5150000000001169], [109.37500000000736, 0.49500000000011735], [109.36500000000736, 0.49500000000011735], [109.36500000000736, 0.48500000000011756], [109.35500000000735, 0.48500000000011756], [109.35500000000735, 0.4750000000001178], [109.34500000000735, 0.4750000000001178], [109.34500000000735, 0.465000000000118], [109.32500000000734, 0.465000000000118], [109.32500000000734, 0.4550000000001182], [109.31500000000733, 0.4550000000001182], [109.31500000000733, 0.4450000000001184], [109.28500000000732, 0.4450000000001184], [109.28500000000732, 0.4550000000001182], [109.27500000000731, 0.4550000000001182], [109.27500000000731, 0.465000000000118], [109.2650000000073, 0.465000000000118], [109.2650000000073, 0.4750000000001178], [109.2450000000073, 0.4750000000001178], [109.2450000000073, 0.48500000000011756], [109.23500000000729, 0.48500000000011756], [109.23500000000729, 0.5050000000001171], [109.22500000000728, 0.5050000000001171], [109.22500000000728, 0.5550000000001161], [109.21500000000728, 0.5550000000001161], [109.21500000000728, 0.6250000000001146], [109.20500000000727, 0.6250000000001146], [109.20500000000727, 0.7050000000001129], [109.19500000000727, 0.7050000000001129], [109.19500000000727, 0.7650000000001116], [109.20500000000727, 0.7650000000001116], [109.20500000000727, 0.7850000000001112], [109.21500000000728, 0.7850000000001112], [109.21500000000728, 0.795000000000111], [109.22500000000728, 0.795000000000111], [109.22500000000728, 0.8050000000001107], [109.23500000000729, 0.8050000000001107], [109.23500000000729, 0.8150000000001105], [109.2450000000073, 0.8150000000001105], [109.2450000000073, 0.8250000000001103], [109.30500000000733, 0.8250000000001103], [109.30500000000733, 0.8150000000001105], [109.34500000000735, 0.8150000000001105], [109.34500000000735, 0.8050000000001107], [109.37500000000736, 0.8050000000001107], [109.37500000000736, 0.795000000000111], [109.39500000000737, 0.795000000000111], [109.39500000000737, 0.7750000000001114], [109.40500000000738, 0.7750000000001114]]], [[[109.73500000000755, 0.9250000000001082], [109.74500000000755, 0.9250000000001082], [109.74500000000755, 0.9150000000001084], [109.75500000000756, 0.9150000000001084], [109.75500000000756, 0.9050000000001086], [109.79500000000758, 0.9050000000001086], [109.79500000000758, 0.9150000000001084], [109.82500000000759, 0.9150000000001084], [109.82500000000759, 0.9250000000001082], [109.8350000000076, 0.9250000000001082], [109.8350000000076, 0.9450000000001078], [109.8450000000076, 0.9450000000001078], [109.8450000000076, 0.935000000000108], [109.8550000000076, 0.935000000000108], [109.8550000000076, 0.9250000000001082], [109.86500000000761, 0.9250000000001082], [109.86500000000761, 0.9150000000001084], [109.87500000000762, 0.9150000000001084], [109.87500000000762, 0.9050000000001086], [109.88500000000762, 0.9050000000001086], [109.88500000000762, 0.8950000000001088], [109.89500000000763, 0.8950000000001088], [109.89500000000763, 0.885000000000109], [109.90500000000763, 0.885000000000109], [109.90500000000763, 0.8750000000001092], [109.89500000000763, 0.8750000000001092], [109.89500000000763, 0.8650000000001095], [109.88500000000762, 0.8650000000001095], [109.88500000000762, 0.8550000000001097], [109.87500000000762, 0.8550000000001097], [109.87500000000762, 0.8350000000001101], [109.86500000000761, 0.8350000000001101], [109.86500000000761, 0.7250000000001124], [109.8550000000076, 0.7250000000001124], [109.8550000000076, 0.7050000000001129], [109.8450000000076, 0.7050000000001129], [109.8450000000076, 0.6850000000001133], [109.8350000000076, 0.6850000000001133], [109.8350000000076, 0.6750000000001135], [109.82500000000759, 0.6750000000001135], [109.82500000000759, 0.6550000000001139], [109.81500000000759, 0.6550000000001139], [109.81500000000759, 0.6450000000001141], [109.80500000000758, 0.6450000000001141], [109.80500000000758, 0.6350000000001144], [109.79500000000758, 0.6350000000001144], [109.79500000000758, 0.6250000000001146], [109.78500000000757, 0.6250000000001146], [109.78500000000757, 0.6150000000001148], [109.76500000000756, 0.6150000000001148], [109.76500000000756, 0.605000000000115], [109.75500000000756, 0.605000000000115], [109.75500000000756, 0.5950000000001152], [109.73500000000755, 0.5950000000001152], [109.73500000000755, 0.5850000000001154], [109.72500000000754, 0.5850000000001154], [109.72500000000754, 0.5750000000001156], [109.70500000000753, 0.5750000000001156], [109.70500000000753, 0.5550000000001161], [109.69500000000752, 0.5550000000001161], [109.69500000000752, 0.5450000000001163], [109.68500000000752, 0.5450000000001163], [109.68500000000752, 0.5250000000001167], [109.67500000000751, 0.5250000000001167], [109.67500000000751, 0.49500000000011735], [109.66500000000751, 0.49500000000011735], [109.66500000000751, 0.4350000000001186], [109.6550000000075, 0.4350000000001186], [109.6550000000075, 0.40500000000011926], [109.6450000000075, 0.40500000000011926], [109.6450000000075, 0.42500000000011884], [109.6350000000075, 0.42500000000011884], [109.6350000000075, 0.4550000000001182], [109.62500000000749, 0.4550000000001182], [109.62500000000749, 0.48500000000011756], [109.61500000000748, 0.48500000000011756], [109.61500000000748, 0.5650000000001159], [109.60500000000748, 0.5650000000001159], [109.60500000000748, 0.6450000000001141], [109.59500000000747, 0.6450000000001141], [109.59500000000747, 0.7250000000001124], [109.58500000000747, 0.7250000000001124], [109.58500000000747, 0.7850000000001112], [109.59500000000747, 0.7850000000001112], [109.59500000000747, 0.8050000000001107], [109.61500000000748, 0.8050000000001107], [109.61500000000748, 0.8150000000001105], [109.59500000000747, 0.8150000000001105], [109.59500000000747, 0.8650000000001095], [109.60500000000748, 0.8650000000001095], [109.60500000000748, 0.9050000000001086], [109.61500000000748, 0.9050000000001086], [109.61500000000748, 0.935000000000108], [109.62500000000749, 0.935000000000108], [109.62500000000749, 0.9550000000001075], [109.6350000000075, 0.9550000000001075], [109.6350000000075, 0.9750000000001071], [109.6450000000075, 0.9750000000001071], [109.6450000000075, 0.9850000000001069], [109.6550000000075, 0.9850000000001069], [109.6550000000075, 0.9950000000001067], [109.67500000000751, 0.9950000000001067], [109.67500000000751, 1.0050000000001065], [109.69500000000752, 1.0050000000001065], [109.69500000000752, 1.0150000000001063], [109.72500000000754, 1.0150000000001063], [109.72500000000754, 1.025000000000106], [109.74500000000755, 1.025000000000106], [109.74500000000755, 1.0150000000001063], [109.73500000000755, 1.0150000000001063], [109.73500000000755, 1.0050000000001065], [109.72500000000754, 1.0050000000001065], [109.72500000000754, 0.9750000000001071], [109.73500000000755, 0.9750000000001071], [109.73500000000755, 0.9250000000001082]]], [[[113.78500000000962, 0.8450000000001099], [113.79500000000962, 0.8450000000001099], [113.79500000000962, 0.8050000000001107], [113.80500000000963, 0.8050000000001107], [113.80500000000963, 0.7350000000001122], [113.79500000000962, 0.7350000000001122], [113.79500000000962, 0.7150000000001127], [113.78500000000962, 0.7150000000001127], [113.78500000000962, 0.7050000000001129], [113.77500000000961, 0.7050000000001129], [113.77500000000961, 0.6950000000001131], [113.76500000000961, 0.6950000000001131], [113.76500000000961, 0.6850000000001133], [113.68500000000957, 0.6850000000001133], [113.68500000000957, 0.6950000000001131], [113.66500000000956, 0.6950000000001131], [113.66500000000956, 0.7050000000001129], [113.67500000000956, 0.7050000000001129], [113.67500000000956, 0.7350000000001122], [113.68500000000957, 0.7350000000001122], [113.68500000000957, 0.7650000000001116], [113.69500000000957, 0.7650000000001116], [113.69500000000957, 0.795000000000111], [113.70500000000958, 0.795000000000111], [113.70500000000958, 0.8150000000001105], [113.71500000000958, 0.8150000000001105], [113.71500000000958, 0.8550000000001097], [113.72500000000959, 0.8550000000001097], [113.72500000000959, 0.885000000000109], [113.73500000000959, 0.885000000000109], [113.73500000000959, 0.9250000000001082], [113.7550000000096, 0.9250000000001082], [113.7550000000096, 0.9150000000001084], [113.76500000000961, 0.9150000000001084], [113.76500000000961, 0.8950000000001088], [113.77500000000961, 0.8950000000001088], [113.77500000000961, 0.8750000000001092], [113.78500000000962, 0.8750000000001092], [113.78500000000962, 0.8450000000001099]]], [[[111.31500000000835, 1.265000000000101], [111.32500000000836, 1.265000000000101], [111.32500000000836, 1.2550000000001011], [111.33500000000836, 1.2550000000001011], [111.33500000000836, 1.2250000000001018], [111.32500000000836, 1.2250000000001018], [111.32500000000836, 1.215000000000102], [111.31500000000835, 1.215000000000102], [111.31500000000835, 1.1950000000001024], [111.30500000000835, 1.1950000000001024], [111.30500000000835, 1.1850000000001026], [111.29500000000834, 1.1850000000001026], [111.29500000000834, 1.1750000000001029], [111.28500000000834, 1.1750000000001029], [111.28500000000834, 1.165000000000103], [111.27500000000833, 1.165000000000103], [111.27500000000833, 1.1550000000001033], [111.25500000000832, 1.1550000000001033], [111.25500000000832, 1.1450000000001035], [111.23500000000831, 1.1450000000001035], [111.23500000000831, 1.1550000000001033], [111.2150000000083, 1.1550000000001033], [111.2150000000083, 1.165000000000103], [111.2050000000083, 1.165000000000103], [111.2050000000083, 1.1750000000001029], [111.18500000000829, 1.1750000000001029], [111.18500000000829, 1.1850000000001026], [111.16500000000828, 1.1850000000001026], [111.16500000000828, 1.1950000000001024], [111.14500000000827, 1.1950000000001024], [111.14500000000827, 1.2050000000001022], [111.12500000000826, 1.2050000000001022], [111.12500000000826, 1.215000000000102], [111.10500000000825, 1.215000000000102], [111.10500000000825, 1.2250000000001018], [111.08500000000824, 1.2250000000001018], [111.08500000000824, 1.2350000000001016], [111.07500000000823, 1.2350000000001016], [111.07500000000823, 1.2450000000001014], [111.06500000000823, 1.2450000000001014], [111.06500000000823, 1.2550000000001011], [111.09500000000824, 1.2550000000001011], [111.09500000000824, 1.265000000000101], [111.12500000000826, 1.265000000000101], [111.12500000000826, 1.2750000000001007], [111.15500000000827, 1.2750000000001007], [111.15500000000827, 1.2850000000001005], [111.19500000000829, 1.2850000000001005], [111.19500000000829, 1.2950000000001003], [111.22500000000831, 1.2950000000001003], [111.22500000000831, 1.3050000000001], [111.26500000000833, 1.3050000000001], [111.26500000000833, 1.2950000000001003], [111.28500000000834, 1.2950000000001003], [111.28500000000834, 1.2850000000001005], [111.30500000000835, 1.2850000000001005], [111.30500000000835, 1.2750000000001007], [111.31500000000835, 1.2750000000001007], [111.31500000000835, 1.265000000000101]]], [[[109.48500000000742, 1.3850000000000984], [109.48500000000742, 1.3750000000000986], [109.51500000000743, 1.3750000000000986], [109.51500000000743, 1.3850000000000984], [109.53500000000744, 1.3850000000000984], [109.53500000000744, 1.3950000000000982], [109.54500000000745, 1.3950000000000982], [109.54500000000745, 1.405000000000098], [109.55500000000745, 1.405000000000098], [109.55500000000745, 1.3850000000000984], [109.56500000000746, 1.3850000000000984], [109.56500000000746, 1.3650000000000988], [109.57500000000746, 1.3650000000000988], [109.57500000000746, 1.355000000000099], [109.58500000000747, 1.355000000000099], [109.58500000000747, 1.3350000000000994], [109.59500000000747, 1.3350000000000994], [109.59500000000747, 1.3250000000000997], [109.60500000000748, 1.3250000000000997], [109.60500000000748, 1.3150000000000999], [109.61500000000748, 1.3150000000000999], [109.61500000000748, 1.3050000000001], [109.6350000000075, 1.3050000000001], [109.6350000000075, 1.2950000000001003], [109.6450000000075, 1.2950000000001003], [109.6450000000075, 1.2750000000001007], [109.6550000000075, 1.2750000000001007], [109.6550000000075, 1.2550000000001011], [109.66500000000751, 1.2550000000001011], [109.66500000000751, 1.2350000000001016], [109.67500000000751, 1.2350000000001016], [109.67500000000751, 1.2250000000001018], [109.6550000000075, 1.2250000000001018], [109.6550000000075, 1.215000000000102], [109.61500000000748, 1.215000000000102], [109.61500000000748, 1.2050000000001022], [109.58500000000747, 1.2050000000001022], [109.58500000000747, 1.1950000000001024], [109.56500000000746, 1.1950000000001024], [109.56500000000746, 1.1850000000001026], [109.53500000000744, 1.1850000000001026], [109.53500000000744, 1.1750000000001029], [109.51500000000743, 1.1750000000001029], [109.51500000000743, 1.165000000000103], [109.48500000000742, 1.165000000000103], [109.48500000000742, 1.1750000000001029], [109.47500000000741, 1.1750000000001029], [109.47500000000741, 1.1850000000001026], [109.46500000000741, 1.1850000000001026], [109.46500000000741, 1.1950000000001024], [109.4550000000074, 1.1950000000001024], [109.4550000000074, 1.215000000000102], [109.4450000000074, 1.215000000000102], [109.4450000000074, 1.2250000000001018], [109.43500000000739, 1.2250000000001018], [109.43500000000739, 1.2350000000001016], [109.42500000000739, 1.2350000000001016], [109.42500000000739, 1.495000000000096], [109.4450000000074, 1.495000000000096], [109.4450000000074, 1.445000000000097], [109.4550000000074, 1.445000000000097], [109.4550000000074, 1.4150000000000977], [109.46500000000741, 1.4150000000000977], [109.46500000000741, 1.3950000000000982], [109.47500000000741, 1.3950000000000982], [109.47500000000741, 1.3850000000000984], [109.48500000000742, 1.3850000000000984]]], [[[112.53500000000898, 1.9250000000000869], [112.53500000000898, 1.915000000000087], [112.54500000000898, 1.915000000000087], [112.54500000000898, 1.9050000000000873], [112.55500000000899, 1.9050000000000873], [112.55500000000899, 1.8950000000000875], [112.565000000009, 1.8950000000000875], [112.565000000009, 1.875000000000088], [112.575000000009, 1.875000000000088], [112.575000000009, 1.8650000000000881], [112.585000000009, 1.8650000000000881], [112.585000000009, 1.8450000000000886], [112.59500000000901, 1.8450000000000886], [112.59500000000901, 1.825000000000089], [112.60500000000901, 1.825000000000089], [112.60500000000901, 1.8050000000000894], [112.61500000000902, 1.8050000000000894], [112.61500000000902, 1.77500000000009], [112.62500000000902, 1.77500000000009], [112.62500000000902, 1.7250000000000911], [112.61500000000902, 1.7250000000000911], [112.61500000000902, 1.6950000000000918], [112.60500000000901, 1.6950000000000918], [112.60500000000901, 1.6650000000000924], [112.59500000000901, 1.6650000000000924], [112.59500000000901, 1.6450000000000928], [112.585000000009, 1.6450000000000928], [112.585000000009, 1.6250000000000933], [112.575000000009, 1.6250000000000933], [112.575000000009, 1.6050000000000937], [112.565000000009, 1.6050000000000937], [112.565000000009, 1.595000000000094], [112.55500000000899, 1.595000000000094], [112.55500000000899, 1.5750000000000943], [112.54500000000898, 1.5750000000000943], [112.54500000000898, 1.5650000000000945], [112.53500000000898, 1.5650000000000945], [112.53500000000898, 1.5550000000000948], [112.52500000000897, 1.5550000000000948], [112.52500000000897, 1.545000000000095], [112.51500000000897, 1.545000000000095], [112.51500000000897, 1.5350000000000952], [112.50500000000896, 1.5350000000000952], [112.50500000000896, 1.5250000000000954], [112.3950000000089, 1.5250000000000954], [112.3950000000089, 1.5350000000000952], [112.36500000000889, 1.5350000000000952], [112.36500000000889, 1.545000000000095], [112.33500000000888, 1.545000000000095], [112.33500000000888, 1.5550000000000948], [112.30500000000886, 1.5550000000000948], [112.30500000000886, 1.5650000000000945], [112.27500000000884, 1.5650000000000945], [112.27500000000884, 1.5750000000000943], [112.24500000000883, 1.5750000000000943], [112.24500000000883, 1.5650000000000945], [112.23500000000882, 1.5650000000000945], [112.23500000000882, 1.5550000000000948], [112.22500000000882, 1.5550000000000948], [112.22500000000882, 1.5350000000000952], [112.21500000000881, 1.5350000000000952], [112.21500000000881, 1.545000000000095], [112.1850000000088, 1.545000000000095], [112.1850000000088, 1.5550000000000948], [112.16500000000879, 1.5550000000000948], [112.16500000000879, 1.5650000000000945], [112.14500000000878, 1.5650000000000945], [112.14500000000878, 1.5750000000000943], [112.13500000000877, 1.5750000000000943], [112.13500000000877, 1.5850000000000941], [112.12500000000877, 1.5850000000000941], [112.12500000000877, 1.595000000000094], [112.11500000000876, 1.595000000000094], [112.11500000000876, 1.6050000000000937], [112.10500000000876, 1.6050000000000937], [112.10500000000876, 1.6250000000000933], [112.09500000000875, 1.6250000000000933], [112.09500000000875, 1.6450000000000928], [112.08500000000875, 1.6450000000000928], [112.08500000000875, 1.6750000000000922], [112.07500000000874, 1.6750000000000922], [112.07500000000874, 1.7150000000000913], [112.06500000000874, 1.7150000000000913], [112.06500000000874, 1.7650000000000903], [112.07500000000874, 1.7650000000000903], [112.07500000000874, 1.7950000000000896], [112.08500000000875, 1.7950000000000896], [112.08500000000875, 1.825000000000089], [112.09500000000875, 1.825000000000089], [112.09500000000875, 1.8450000000000886], [112.10500000000876, 1.8450000000000886], [112.10500000000876, 1.8550000000000884], [112.11500000000876, 1.8550000000000884], [112.11500000000876, 1.875000000000088], [112.12500000000877, 1.875000000000088], [112.12500000000877, 1.8850000000000877], [112.13500000000877, 1.8850000000000877], [112.13500000000877, 1.8950000000000875], [112.14500000000878, 1.8950000000000875], [112.14500000000878, 1.9050000000000873], [112.15500000000878, 1.9050000000000873], [112.15500000000878, 1.915000000000087], [112.16500000000879, 1.915000000000087], [112.16500000000879, 1.9250000000000869], [112.1750000000088, 1.9250000000000869], [112.1750000000088, 1.9350000000000867], [112.1950000000088, 1.9350000000000867], [112.1950000000088, 1.9450000000000864], [112.21500000000881, 1.9450000000000864], [112.21500000000881, 1.9550000000000862], [112.23500000000882, 1.9550000000000862], [112.23500000000882, 1.965000000000086], [112.40500000000891, 1.965000000000086], [112.40500000000891, 1.9550000000000862], [112.49500000000896, 1.9550000000000862], [112.49500000000896, 1.9450000000000864], [112.51500000000897, 1.9450000000000864], [112.51500000000897, 1.9350000000000867], [112.52500000000897, 1.9350000000000867], [112.52500000000897, 1.9250000000000869], [112.53500000000898, 1.9250000000000869]]], [[[113.66500000000956, 2.3750000000000773], [113.67500000000956, 2.3750000000000773], [113.67500000000956, 2.345000000000078], [113.68500000000957, 2.345000000000078], [113.68500000000957, 2.3250000000000783], [113.69500000000957, 2.3250000000000783], [113.69500000000957, 2.3050000000000788], [113.70500000000958, 2.3050000000000788], [113.70500000000958, 2.285000000000079], [113.71500000000958, 2.285000000000079], [113.71500000000958, 2.2650000000000796], [113.72500000000959, 2.2650000000000796], [113.72500000000959, 2.24500000000008], [113.71500000000958, 2.24500000000008], [113.71500000000958, 2.2350000000000803], [113.70500000000958, 2.2350000000000803], [113.70500000000958, 2.2150000000000807], [113.69500000000957, 2.2150000000000807], [113.69500000000957, 2.205000000000081], [113.68500000000957, 2.205000000000081], [113.68500000000957, 2.195000000000081], [113.67500000000956, 2.195000000000081], [113.67500000000956, 2.1750000000000815], [113.66500000000956, 2.1750000000000815], [113.66500000000956, 2.1650000000000817], [113.65500000000955, 2.1650000000000817], [113.65500000000955, 2.145000000000082], [113.64500000000955, 2.145000000000082], [113.64500000000955, 2.1250000000000826], [113.63500000000954, 2.1250000000000826], [113.63500000000954, 2.105000000000083], [113.62500000000954, 2.105000000000083], [113.62500000000954, 2.0850000000000835], [113.61500000000953, 2.0850000000000835], [113.61500000000953, 2.055000000000084], [113.60500000000953, 2.055000000000084], [113.60500000000953, 2.0250000000000847], [113.59500000000952, 2.0250000000000847], [113.59500000000952, 1.9450000000000864], [113.58500000000952, 1.9450000000000864], [113.58500000000952, 1.8350000000000888], [113.57500000000951, 1.8350000000000888], [113.57500000000951, 1.7850000000000898], [113.5650000000095, 1.7850000000000898], [113.5650000000095, 1.7550000000000905], [113.5550000000095, 1.7550000000000905], [113.5550000000095, 1.735000000000091], [113.5450000000095, 1.735000000000091], [113.5450000000095, 1.7250000000000911], [113.53500000000949, 1.7250000000000911], [113.53500000000949, 1.7150000000000913], [113.52500000000948, 1.7150000000000913], [113.52500000000948, 1.7050000000000916], [113.51500000000948, 1.7050000000000916], [113.51500000000948, 1.6950000000000918], [113.50500000000947, 1.6950000000000918], [113.50500000000947, 1.685000000000092], [113.48500000000946, 1.685000000000092], [113.48500000000946, 1.6950000000000918], [113.46500000000945, 1.6950000000000918], [113.46500000000945, 1.7050000000000916], [113.45500000000945, 1.7050000000000916], [113.45500000000945, 1.7150000000000913], [113.43500000000944, 1.7150000000000913], [113.43500000000944, 1.7250000000000911], [113.42500000000943, 1.7250000000000911], [113.42500000000943, 1.735000000000091], [113.41500000000943, 1.735000000000091], [113.41500000000943, 1.7450000000000907], [113.40500000000942, 1.7450000000000907], [113.40500000000942, 1.7650000000000903], [113.39500000000942, 1.7650000000000903], [113.39500000000942, 1.7950000000000896], [113.38500000000941, 1.7950000000000896], [113.38500000000941, 1.8450000000000886], [113.37500000000941, 1.8450000000000886], [113.37500000000941, 1.915000000000087], [113.3650000000094, 1.915000000000087], [113.3650000000094, 2.055000000000084], [113.37500000000941, 2.055000000000084], [113.37500000000941, 2.155000000000082], [113.38500000000941, 2.155000000000082], [113.38500000000941, 2.205000000000081], [113.39500000000942, 2.205000000000081], [113.39500000000942, 2.2150000000000807], [113.41500000000943, 2.2150000000000807], [113.41500000000943, 2.2250000000000805], [113.44500000000944, 2.2250000000000805], [113.44500000000944, 2.2350000000000803], [113.46500000000945, 2.2350000000000803], [113.46500000000945, 2.24500000000008], [113.47500000000946, 2.24500000000008], [113.47500000000946, 2.25500000000008], [113.48500000000946, 2.25500000000008], [113.48500000000946, 2.2650000000000796], [113.49500000000947, 2.2650000000000796], [113.49500000000947, 2.2750000000000794], [113.50500000000947, 2.2750000000000794], [113.50500000000947, 2.285000000000079], [113.51500000000948, 2.285000000000079], [113.51500000000948, 2.295000000000079], [113.52500000000948, 2.295000000000079], [113.52500000000948, 2.3150000000000786], [113.53500000000949, 2.3150000000000786], [113.53500000000949, 2.335000000000078], [113.5450000000095, 2.335000000000078], [113.5450000000095, 2.345000000000078], [113.5550000000095, 2.345000000000078], [113.5550000000095, 2.3650000000000775], [113.5650000000095, 2.3650000000000775], [113.5650000000095, 2.385000000000077], [113.57500000000951, 2.385000000000077], [113.57500000000951, 2.395000000000077], [113.58500000000952, 2.395000000000077], [113.58500000000952, 2.4150000000000764], [113.59500000000952, 2.4150000000000764], [113.59500000000952, 2.435000000000076], [113.60500000000953, 2.435000000000076], [113.60500000000953, 2.4550000000000756], [113.61500000000953, 2.4550000000000756], [113.61500000000953, 2.475000000000075], [113.63500000000954, 2.475000000000075], [113.63500000000954, 2.445000000000076], [113.64500000000955, 2.445000000000076], [113.64500000000955, 2.4150000000000764], [113.65500000000955, 2.4150000000000764], [113.65500000000955, 2.395000000000077], [113.66500000000956, 2.395000000000077], [113.66500000000956, 2.3750000000000773]]], [[[111.51500000000846, 2.24500000000008], [111.52500000000846, 2.24500000000008], [111.52500000000846, 2.2350000000000803], [111.54500000000847, 2.2350000000000803], [111.54500000000847, 2.2250000000000805], [111.56500000000848, 2.2250000000000805], [111.56500000000848, 2.2150000000000807], [111.5950000000085, 2.2150000000000807], [111.5950000000085, 2.205000000000081], [111.58500000000849, 2.205000000000081], [111.58500000000849, 2.195000000000081], [111.54500000000847, 2.195000000000081], [111.54500000000847, 2.1850000000000813], [111.49500000000845, 2.1850000000000813], [111.49500000000845, 2.195000000000081], [111.48500000000844, 2.195000000000081], [111.48500000000844, 2.205000000000081], [111.47500000000844, 2.205000000000081], [111.47500000000844, 2.2250000000000805], [111.48500000000844, 2.2250000000000805], [111.48500000000844, 2.24500000000008], [111.49500000000845, 2.24500000000008], [111.49500000000845, 2.25500000000008], [111.47500000000844, 2.25500000000008], [111.47500000000844, 2.2750000000000794], [111.48500000000844, 2.2750000000000794], [111.48500000000844, 2.285000000000079], [111.58500000000849, 2.285000000000079], [111.58500000000849, 2.2750000000000794], [111.56500000000848, 2.2750000000000794], [111.56500000000848, 2.2650000000000796], [111.53500000000847, 2.2650000000000796], [111.53500000000847, 2.25500000000008], [111.51500000000846, 2.25500000000008], [111.51500000000846, 2.24500000000008]]], [[[112.98500000000921, 2.5150000000000743], [113.00500000000922, 2.5150000000000743], [113.00500000000922, 2.5050000000000745], [113.01500000000922, 2.5050000000000745], [113.01500000000922, 2.485000000000075], [113.00500000000922, 2.485000000000075], [113.00500000000922, 2.4650000000000754], [112.98500000000921, 2.4650000000000754], [112.98500000000921, 2.5150000000000743]]], [[[114.16500000000981, 2.5450000000000736], [114.16500000000981, 2.535000000000074], [114.18500000000982, 2.535000000000074], [114.18500000000982, 2.525000000000074], [114.19500000000983, 2.525000000000074], [114.19500000000983, 2.5150000000000743], [114.17500000000982, 2.5150000000000743], [114.17500000000982, 2.5050000000000745], [114.1550000000098, 2.5050000000000745], [114.1550000000098, 2.4950000000000747], [114.1450000000098, 2.4950000000000747], [114.1450000000098, 2.485000000000075], [114.1350000000098, 2.485000000000075], [114.1350000000098, 2.4650000000000754], [114.12500000000979, 2.4650000000000754], [114.12500000000979, 2.4550000000000756], [114.11500000000979, 2.4550000000000756], [114.11500000000979, 2.445000000000076], [114.10500000000978, 2.445000000000076], [114.10500000000978, 2.435000000000076], [114.09500000000978, 2.435000000000076], [114.09500000000978, 2.425000000000076], [114.08500000000977, 2.425000000000076], [114.08500000000977, 2.4150000000000764], [114.06500000000976, 2.4150000000000764], [114.06500000000976, 2.4050000000000766], [113.98500000000972, 2.4050000000000766], [113.98500000000972, 2.4150000000000764], [113.9450000000097, 2.4150000000000764], [113.9450000000097, 2.425000000000076], [113.92500000000969, 2.425000000000076], [113.92500000000969, 2.435000000000076], [113.90500000000968, 2.435000000000076], [113.90500000000968, 2.445000000000076], [113.89500000000967, 2.445000000000076], [113.89500000000967, 2.4550000000000756], [113.88500000000967, 2.4550000000000756], [113.88500000000967, 2.4650000000000754], [113.87500000000966, 2.4650000000000754], [113.87500000000966, 2.485000000000075], [113.86500000000966, 2.485000000000075], [113.86500000000966, 2.5050000000000745], [113.87500000000966, 2.5050000000000745], [113.87500000000966, 2.5150000000000743], [113.88500000000967, 2.5150000000000743], [113.88500000000967, 2.525000000000074], [113.89500000000967, 2.525000000000074], [113.89500000000967, 2.535000000000074], [113.90500000000968, 2.535000000000074], [113.90500000000968, 2.5450000000000736], [113.91500000000968, 2.5450000000000736], [113.91500000000968, 2.5550000000000734], [113.9350000000097, 2.5550000000000734], [113.9350000000097, 2.565000000000073], [113.9550000000097, 2.565000000000073], [113.9550000000097, 2.575000000000073], [113.98500000000972, 2.575000000000073], [113.98500000000972, 2.585000000000073], [114.03500000000975, 2.585000000000073], [114.03500000000975, 2.575000000000073], [114.08500000000977, 2.575000000000073], [114.08500000000977, 2.565000000000073], [114.11500000000979, 2.565000000000073], [114.11500000000979, 2.5550000000000734], [114.1450000000098, 2.5550000000000734], [114.1450000000098, 2.5450000000000736], [114.16500000000981, 2.5450000000000736]]], [[[113.5450000000095, 2.6950000000000705], [113.5450000000095, 2.675000000000071], [113.5550000000095, 2.675000000000071], [113.5550000000095, 2.6450000000000715], [113.5650000000095, 2.6450000000000715], [113.5650000000095, 2.625000000000072], [113.57500000000951, 2.625000000000072], [113.57500000000951, 2.6050000000000724], [113.58500000000952, 2.6050000000000724], [113.58500000000952, 2.575000000000073], [113.59500000000952, 2.575000000000073], [113.59500000000952, 2.5550000000000734], [113.60500000000953, 2.5550000000000734], [113.60500000000953, 2.535000000000074], [113.59500000000952, 2.535000000000074], [113.59500000000952, 2.5450000000000736], [113.58500000000952, 2.5450000000000736], [113.58500000000952, 2.5550000000000734], [113.57500000000951, 2.5550000000000734], [113.57500000000951, 2.565000000000073], [113.5650000000095, 2.565000000000073], [113.5650000000095, 2.575000000000073], [113.5550000000095, 2.575000000000073], [113.5550000000095, 2.585000000000073], [113.5450000000095, 2.585000000000073], [113.5450000000095, 2.5950000000000726], [113.53500000000949, 2.5950000000000726], [113.53500000000949, 2.615000000000072], [113.52500000000948, 2.615000000000072], [113.52500000000948, 2.625000000000072], [113.51500000000948, 2.625000000000072], [113.51500000000948, 2.6350000000000717], [113.50500000000947, 2.6350000000000717], [113.50500000000947, 2.6450000000000715], [113.49500000000947, 2.6450000000000715], [113.49500000000947, 2.6350000000000717], [113.48500000000946, 2.6350000000000717], [113.48500000000946, 2.625000000000072], [113.47500000000946, 2.625000000000072], [113.47500000000946, 2.6050000000000724], [113.46500000000945, 2.6050000000000724], [113.46500000000945, 2.585000000000073], [113.45500000000945, 2.585000000000073], [113.45500000000945, 2.5550000000000734], [113.44500000000944, 2.5550000000000734], [113.44500000000944, 2.525000000000074], [113.43500000000944, 2.525000000000074], [113.43500000000944, 2.435000000000076], [113.42500000000943, 2.435000000000076], [113.42500000000943, 2.385000000000077], [113.41500000000943, 2.385000000000077], [113.41500000000943, 2.3650000000000775], [113.40500000000942, 2.3650000000000775], [113.40500000000942, 2.3550000000000777], [113.39500000000942, 2.3550000000000777], [113.39500000000942, 2.4650000000000754], [113.40500000000942, 2.4650000000000754], [113.40500000000942, 2.565000000000073], [113.41500000000943, 2.565000000000073], [113.41500000000943, 2.625000000000072], [113.42500000000943, 2.625000000000072], [113.42500000000943, 2.665000000000071], [113.43500000000944, 2.665000000000071], [113.43500000000944, 2.6950000000000705], [113.44500000000944, 2.6950000000000705], [113.44500000000944, 2.71500000000007], [113.45500000000945, 2.71500000000007], [113.45500000000945, 2.72500000000007], [113.46500000000945, 2.72500000000007], [113.46500000000945, 2.7450000000000694], [113.47500000000946, 2.7450000000000694], [113.47500000000946, 2.755000000000069], [113.50500000000947, 2.755000000000069], [113.50500000000947, 2.7450000000000694], [113.51500000000948, 2.7450000000000694], [113.51500000000948, 2.7350000000000696], [113.52500000000948, 2.7350000000000696], [113.52500000000948, 2.71500000000007], [113.53500000000949, 2.71500000000007], [113.53500000000949, 2.6950000000000705], [113.5450000000095, 2.6950000000000705]]], [[[111.83500000000862, 2.765000000000069], [111.84500000000862, 2.765000000000069], [111.84500000000862, 2.755000000000069], [111.85500000000863, 2.755000000000069], [111.85500000000863, 2.72500000000007], [111.84500000000862, 2.72500000000007], [111.84500000000862, 2.71500000000007], [111.83500000000862, 2.71500000000007], [111.83500000000862, 2.6950000000000705], [111.82500000000861, 2.6950000000000705], [111.82500000000861, 2.675000000000071], [111.81500000000861, 2.675000000000071], [111.81500000000861, 2.665000000000071], [111.8050000000086, 2.665000000000071], [111.8050000000086, 2.6450000000000715], [111.7950000000086, 2.6450000000000715], [111.7950000000086, 2.6350000000000717], [111.7850000000086, 2.6350000000000717], [111.7850000000086, 2.615000000000072], [111.77500000000859, 2.615000000000072], [111.77500000000859, 2.6050000000000724], [111.76500000000858, 2.6050000000000724], [111.76500000000858, 2.5950000000000726], [111.75500000000858, 2.5950000000000726], [111.75500000000858, 2.585000000000073], [111.73500000000857, 2.585000000000073], [111.73500000000857, 2.5950000000000726], [111.72500000000856, 2.5950000000000726], [111.72500000000856, 2.6050000000000724], [111.71500000000856, 2.6050000000000724], [111.71500000000856, 2.615000000000072], [111.70500000000855, 2.615000000000072], [111.70500000000855, 2.625000000000072], [111.69500000000855, 2.625000000000072], [111.69500000000855, 2.6350000000000717], [111.68500000000854, 2.6350000000000717], [111.68500000000854, 2.6450000000000715], [111.67500000000854, 2.6450000000000715], [111.67500000000854, 2.6550000000000713], [111.66500000000853, 2.6550000000000713], [111.66500000000853, 2.675000000000071], [111.65500000000853, 2.675000000000071], [111.65500000000853, 2.6850000000000707], [111.64500000000852, 2.6850000000000707], [111.64500000000852, 2.6950000000000705], [111.63500000000852, 2.6950000000000705], [111.63500000000852, 2.7050000000000702], [111.62500000000851, 2.7050000000000702], [111.62500000000851, 2.71500000000007], [111.61500000000851, 2.71500000000007], [111.61500000000851, 2.7350000000000696], [111.62500000000851, 2.7350000000000696], [111.62500000000851, 2.7450000000000694], [111.63500000000852, 2.7450000000000694], [111.63500000000852, 2.7750000000000687], [111.65500000000853, 2.7750000000000687], [111.65500000000853, 2.7850000000000685], [111.67500000000854, 2.7850000000000685], [111.67500000000854, 2.7950000000000683], [111.71500000000856, 2.7950000000000683], [111.71500000000856, 2.805000000000068], [111.77500000000859, 2.805000000000068], [111.77500000000859, 2.7950000000000683], [111.7950000000086, 2.7950000000000683], [111.7950000000086, 2.7850000000000685], [111.81500000000861, 2.7850000000000685], [111.81500000000861, 2.7750000000000687], [111.83500000000862, 2.7750000000000687], [111.83500000000862, 2.765000000000069]]], [[[113.53500000000949, 2.9850000000000643], [113.52500000000948, 2.9850000000000643], [113.52500000000948, 2.9750000000000645], [113.51500000000948, 2.9750000000000645], [113.51500000000948, 2.9650000000000647], [113.50500000000947, 2.9650000000000647], [113.50500000000947, 2.955000000000065], [113.48500000000946, 2.955000000000065], [113.48500000000946, 2.9650000000000647], [113.46500000000945, 2.9650000000000647], [113.46500000000945, 2.9750000000000645], [113.45500000000945, 2.9750000000000645], [113.45500000000945, 2.9850000000000643], [113.43500000000944, 2.9850000000000643], [113.43500000000944, 3.0150000000000636], [113.44500000000944, 3.0150000000000636], [113.44500000000944, 3.0250000000000634], [113.45500000000945, 3.0250000000000634], [113.45500000000945, 3.035000000000063], [113.47500000000946, 3.035000000000063], [113.47500000000946, 3.045000000000063], [113.48500000000946, 3.045000000000063], [113.48500000000946, 3.0550000000000628], [113.50500000000947, 3.0550000000000628], [113.50500000000947, 3.045000000000063], [113.51500000000948, 3.045000000000063], [113.51500000000948, 3.035000000000063], [113.52500000000948, 3.035000000000063], [113.52500000000948, 3.0250000000000634], [113.53500000000949, 3.0250000000000634], [113.53500000000949, 2.9850000000000643]]], [[[113.63500000000954, 3.335000000000057], [113.65500000000955, 3.335000000000057], [113.65500000000955, 3.325000000000057], [113.67500000000956, 3.325000000000057], [113.67500000000956, 3.3150000000000572], [113.68500000000957, 3.3150000000000572], [113.68500000000957, 3.3050000000000574], [113.69500000000957, 3.3050000000000574], [113.69500000000957, 3.2950000000000577], [113.70500000000958, 3.2950000000000577], [113.70500000000958, 3.285000000000058], [113.71500000000958, 3.285000000000058], [113.71500000000958, 3.275000000000058], [113.72500000000959, 3.275000000000058], [113.72500000000959, 3.2650000000000583], [113.73500000000959, 3.2650000000000583], [113.73500000000959, 3.235000000000059], [113.72500000000959, 3.235000000000059], [113.72500000000959, 3.2150000000000594], [113.71500000000958, 3.2150000000000594], [113.71500000000958, 3.2050000000000596], [113.70500000000958, 3.2050000000000596], [113.70500000000958, 3.19500000000006], [113.69500000000957, 3.19500000000006], [113.69500000000957, 3.18500000000006], [113.68500000000957, 3.18500000000006], [113.68500000000957, 3.17500000000006], [113.67500000000956, 3.17500000000006], [113.67500000000956, 3.1650000000000604], [113.66500000000956, 3.1650000000000604], [113.66500000000956, 3.1550000000000606], [113.64500000000955, 3.1550000000000606], [113.64500000000955, 3.145000000000061], [113.62500000000954, 3.145000000000061], [113.62500000000954, 3.135000000000061], [113.60500000000953, 3.135000000000061], [113.60500000000953, 3.1250000000000613], [113.58500000000952, 3.1250000000000613], [113.58500000000952, 3.1150000000000615], [113.5550000000095, 3.1150000000000615], [113.5550000000095, 3.1050000000000617], [113.52500000000948, 3.1050000000000617], [113.52500000000948, 3.095000000000062], [113.47500000000946, 3.095000000000062], [113.47500000000946, 3.1050000000000617], [113.45500000000945, 3.1050000000000617], [113.45500000000945, 3.1150000000000615], [113.43500000000944, 3.1150000000000615], [113.43500000000944, 3.1250000000000613], [113.42500000000943, 3.1250000000000613], [113.42500000000943, 3.135000000000061], [113.41500000000943, 3.135000000000061], [113.41500000000943, 3.145000000000061], [113.40500000000942, 3.145000000000061], [113.40500000000942, 3.1550000000000606], [113.39500000000942, 3.1550000000000606], [113.39500000000942, 3.1650000000000604], [113.38500000000941, 3.1650000000000604], [113.38500000000941, 3.18500000000006], [113.37500000000941, 3.18500000000006], [113.37500000000941, 3.2050000000000596], [113.3650000000094, 3.2050000000000596], [113.3650000000094, 3.235000000000059], [113.3550000000094, 3.235000000000059], [113.3550000000094, 3.2550000000000585], [113.3650000000094, 3.2550000000000585], [113.3650000000094, 3.275000000000058], [113.37500000000941, 3.275000000000058], [113.37500000000941, 3.2950000000000577], [113.38500000000941, 3.2950000000000577], [113.38500000000941, 3.3050000000000574], [113.39500000000942, 3.3050000000000574], [113.39500000000942, 3.3150000000000572], [113.40500000000942, 3.3150000000000572], [113.40500000000942, 3.325000000000057], [113.41500000000943, 3.325000000000057], [113.41500000000943, 3.335000000000057], [113.42500000000943, 3.335000000000057], [113.42500000000943, 3.3450000000000566], [113.44500000000944, 3.3450000000000566], [113.44500000000944, 3.3550000000000564], [113.45500000000945, 3.3550000000000564], [113.45500000000945, 3.365000000000056], [113.47500000000946, 3.365000000000056], [113.47500000000946, 3.375000000000056], [113.5450000000095, 3.375000000000056], [113.5450000000095, 3.365000000000056], [113.58500000000952, 3.365000000000056], [113.58500000000952, 3.3550000000000564], [113.61500000000953, 3.3550000000000564], [113.61500000000953, 3.3450000000000566], [113.63500000000954, 3.3450000000000566], [113.63500000000954, 3.335000000000057]]], [[[113.9550000000097, 3.225000000000059], [113.9550000000097, 3.235000000000059], [113.89500000000967, 3.235000000000059], [113.89500000000967, 3.2450000000000587], [113.87500000000966, 3.2450000000000587], [113.87500000000966, 3.2550000000000585], [113.91500000000968, 3.2550000000000585], [113.91500000000968, 3.2650000000000583], [114.02500000000974, 3.2650000000000583], [114.02500000000974, 3.2550000000000585], [114.03500000000975, 3.2550000000000585], [114.03500000000975, 3.2450000000000587], [114.02500000000974, 3.2450000000000587], [114.02500000000974, 3.235000000000059], [114.01500000000974, 3.235000000000059], [114.01500000000974, 3.225000000000059], [113.9550000000097, 3.225000000000059]]], [[[112.85500000000914, 3.515000000000053], [112.85500000000914, 3.4850000000000536], [112.84500000000914, 3.4850000000000536], [112.84500000000914, 3.475000000000054], [112.83500000000913, 3.475000000000054], [112.83500000000913, 3.465000000000054], [112.82500000000913, 3.465000000000054], [112.82500000000913, 3.4550000000000542], [112.81500000000912, 3.4550000000000542], [112.81500000000912, 3.4450000000000545], [112.80500000000912, 3.4450000000000545], [112.80500000000912, 3.4350000000000547], [112.79500000000911, 3.4350000000000547], [112.79500000000911, 3.425000000000055], [112.7750000000091, 3.425000000000055], [112.7750000000091, 3.415000000000055], [112.7650000000091, 3.415000000000055], [112.7650000000091, 3.4050000000000553], [112.74500000000909, 3.4050000000000553], [112.74500000000909, 3.415000000000055], [112.73500000000908, 3.415000000000055], [112.73500000000908, 3.425000000000055], [112.72500000000908, 3.425000000000055], [112.72500000000908, 3.4350000000000547], [112.71500000000907, 3.4350000000000547], [112.71500000000907, 3.4550000000000542], [112.70500000000906, 3.4550000000000542], [112.70500000000906, 3.465000000000054], [112.69500000000906, 3.465000000000054], [112.69500000000906, 3.4850000000000536], [112.68500000000905, 3.4850000000000536], [112.68500000000905, 3.5250000000000528], [112.69500000000906, 3.5250000000000528], [112.69500000000906, 3.5450000000000523], [112.70500000000906, 3.5450000000000523], [112.70500000000906, 3.555000000000052], [112.71500000000907, 3.555000000000052], [112.71500000000907, 3.565000000000052], [112.72500000000908, 3.565000000000052], [112.72500000000908, 3.5750000000000517], [112.73500000000908, 3.5750000000000517], [112.73500000000908, 3.5850000000000515], [112.79500000000911, 3.5850000000000515], [112.79500000000911, 3.5750000000000517], [112.82500000000913, 3.5750000000000517], [112.82500000000913, 3.565000000000052], [112.84500000000914, 3.565000000000052], [112.84500000000914, 3.555000000000052], [112.86500000000915, 3.555000000000052], [112.86500000000915, 3.515000000000053], [112.85500000000914, 3.515000000000053]]], [[[113.80500000000963, 3.515000000000053], [113.81500000000963, 3.515000000000053], [113.81500000000963, 3.4850000000000536], [113.80500000000963, 3.4850000000000536], [113.80500000000963, 3.475000000000054], [113.79500000000962, 3.475000000000054], [113.79500000000962, 3.465000000000054], [113.78500000000962, 3.465000000000054], [113.78500000000962, 3.4550000000000542], [113.76500000000961, 3.4550000000000542], [113.76500000000961, 3.4450000000000545], [113.73500000000959, 3.4450000000000545], [113.73500000000959, 3.4550000000000542], [113.72500000000959, 3.4550000000000542], [113.72500000000959, 3.465000000000054], [113.71500000000958, 3.465000000000054], [113.71500000000958, 3.475000000000054], [113.70500000000958, 3.475000000000054], [113.70500000000958, 3.4950000000000534], [113.69500000000957, 3.4950000000000534], [113.69500000000957, 3.505000000000053], [113.70500000000958, 3.505000000000053], [113.70500000000958, 3.5250000000000528], [113.71500000000958, 3.5250000000000528], [113.71500000000958, 3.5350000000000525], [113.72500000000959, 3.5350000000000525], [113.72500000000959, 3.5450000000000523], [113.73500000000959, 3.5450000000000523], [113.73500000000959, 3.555000000000052], [113.77500000000961, 3.555000000000052], [113.77500000000961, 3.5450000000000523], [113.78500000000962, 3.5450000000000523], [113.78500000000962, 3.5350000000000525], [113.79500000000962, 3.5350000000000525], [113.79500000000962, 3.5250000000000528], [113.80500000000963, 3.5250000000000528], [113.80500000000963, 3.515000000000053]]], [[[114.03500000000975, 4.235000000000038], [114.01500000000974, 4.235000000000038], [114.01500000000974, 4.225000000000038], [114.00500000000973, 4.225000000000038], [114.00500000000973, 4.235000000000038], [113.99500000000972, 4.235000000000038], [113.99500000000972, 4.245000000000037], [113.98500000000972, 4.245000000000037], [113.98500000000972, 4.285000000000037], [113.99500000000972, 4.285000000000037], [113.99500000000972, 4.355000000000035], [114.00500000000973, 4.355000000000035], [114.00500000000973, 4.375000000000035], [114.02500000000974, 4.375000000000035], [114.02500000000974, 4.355000000000035], [114.03500000000975, 4.355000000000035], [114.03500000000975, 4.295000000000036], [114.04500000000975, 4.295000000000036], [114.04500000000975, 4.245000000000037], [114.03500000000975, 4.245000000000037], [114.03500000000975, 4.235000000000038]]], [[[113.80500000000963, 4.985000000000022], [113.81500000000963, 4.985000000000022], [113.81500000000963, 4.965000000000022], [113.82500000000964, 4.965000000000022], [113.82500000000964, 4.935000000000023], [113.83500000000964, 4.935000000000023], [113.83500000000964, 4.885000000000024], [113.84500000000965, 4.885000000000024], [113.84500000000965, 4.795000000000026], [113.85500000000965, 4.795000000000026], [113.85500000000965, 4.735000000000027], [113.84500000000965, 4.735000000000027], [113.84500000000965, 4.695000000000028], [113.83500000000964, 4.695000000000028], [113.83500000000964, 4.675000000000028], [113.82500000000964, 4.675000000000028], [113.82500000000964, 4.655000000000029], [113.81500000000963, 4.655000000000029], [113.81500000000963, 4.645000000000029], [113.80500000000963, 4.645000000000029], [113.80500000000963, 4.635000000000029], [113.7450000000096, 4.635000000000029], [113.7450000000096, 4.645000000000029], [113.71500000000958, 4.645000000000029], [113.71500000000958, 4.655000000000029], [113.68500000000957, 4.655000000000029], [113.68500000000957, 4.6650000000000285], [113.66500000000956, 4.6650000000000285], [113.66500000000956, 4.675000000000028], [113.64500000000955, 4.675000000000028], [113.64500000000955, 4.685000000000028], [113.62500000000954, 4.685000000000028], [113.62500000000954, 4.695000000000028], [113.60500000000953, 4.695000000000028], [113.60500000000953, 4.705000000000028], [113.59500000000952, 4.705000000000028], [113.59500000000952, 4.715000000000027], [113.57500000000951, 4.715000000000027], [113.57500000000951, 4.725000000000027], [113.5650000000095, 4.725000000000027], [113.5650000000095, 4.735000000000027], [113.5550000000095, 4.735000000000027], [113.5550000000095, 4.745000000000027], [113.5450000000095, 4.745000000000027], [113.5450000000095, 4.7550000000000265], [113.53500000000949, 4.7550000000000265], [113.53500000000949, 4.775000000000026], [113.52500000000948, 4.775000000000026], [113.52500000000948, 4.785000000000026], [113.49500000000947, 4.785000000000026], [113.49500000000947, 4.795000000000026], [113.47500000000946, 4.795000000000026], [113.47500000000946, 4.8050000000000255], [113.46500000000945, 4.8050000000000255], [113.46500000000945, 4.815000000000025], [113.45500000000945, 4.815000000000025], [113.45500000000945, 4.825000000000025], [113.44500000000944, 4.825000000000025], [113.44500000000944, 4.835000000000025], [113.43500000000944, 4.835000000000025], [113.43500000000944, 4.845000000000025], [113.45500000000945, 4.845000000000025], [113.45500000000945, 4.855000000000024], [113.47500000000946, 4.855000000000024], [113.47500000000946, 4.865000000000024], [113.49500000000947, 4.865000000000024], [113.49500000000947, 4.875000000000024], [113.52500000000948, 4.875000000000024], [113.52500000000948, 4.885000000000024], [113.5550000000095, 4.885000000000024], [113.5550000000095, 4.8950000000000236], [113.57500000000951, 4.8950000000000236], [113.57500000000951, 4.905000000000023], [113.60500000000953, 4.905000000000023], [113.60500000000953, 4.915000000000023], [113.62500000000954, 4.915000000000023], [113.62500000000954, 4.925000000000023], [113.63500000000954, 4.925000000000023], [113.63500000000954, 4.935000000000023], [113.65500000000955, 4.935000000000023], [113.65500000000955, 4.9450000000000225], [113.66500000000956, 4.9450000000000225], [113.66500000000956, 4.955000000000022], [113.68500000000957, 4.955000000000022], [113.68500000000957, 4.965000000000022], [113.69500000000957, 4.965000000000022], [113.69500000000957, 4.975000000000022], [113.70500000000958, 4.975000000000022], [113.70500000000958, 4.985000000000022], [113.71500000000958, 4.985000000000022], [113.71500000000958, 4.995000000000021], [113.72500000000959, 4.995000000000021], [113.72500000000959, 5.005000000000021], [113.73500000000959, 5.005000000000021], [113.73500000000959, 5.015000000000021], [113.7450000000096, 5.015000000000021], [113.7450000000096, 5.025000000000021], [113.76500000000961, 5.025000000000021], [113.76500000000961, 5.015000000000021], [113.78500000000962, 5.015000000000021], [113.78500000000962, 5.005000000000021], [113.79500000000962, 5.005000000000021], [113.79500000000962, 4.995000000000021], [113.80500000000963, 4.995000000000021], [113.80500000000963, 4.985000000000022]]], [[[114.07500000000977, -7.4849999999997125], [114.08500000000977, -7.4849999999997125], [114.08500000000977, -7.504999999999712], [114.07500000000977, -7.504999999999712], [114.07500000000977, -7.4849999999997125]]], [[[116.79500000001116, -1.694999999999836], [116.80500000001116, -1.694999999999836], [116.80500000001116, -1.7549999999998347], [116.81500000001117, -1.7549999999998347], [116.81500000001117, -1.7749999999998343], [116.82500000001117, -1.7749999999998343], [116.82500000001117, -1.8049999999998336], [116.83500000001118, -1.8049999999998336], [116.83500000001118, -1.8249999999998332], [116.84500000001118, -1.8249999999998332], [116.84500000001118, -1.8549999999998326], [116.85500000001119, -1.8549999999998326], [116.85500000001119, -1.8749999999998321], [116.8650000000112, -1.8749999999998321], [116.8650000000112, -1.9049999999998315], [116.8750000000112, -1.9049999999998315], [116.8750000000112, -1.924999999999831], [116.8850000000112, -1.924999999999831], [116.8850000000112, -1.9549999999998304], [116.89500000001121, -1.9549999999998304], [116.89500000001121, -1.97499999999983], [116.90500000001121, -1.97499999999983], [116.90500000001121, -2.0449999999998285], [116.89500000001121, -2.0449999999998285], [116.89500000001121, -2.0849999999998277], [116.8850000000112, -2.0849999999998277], [116.8850000000112, -2.114999999999827], [116.8750000000112, -2.114999999999827], [116.8750000000112, -2.1449999999998264], [116.8650000000112, -2.1449999999998264], [116.8650000000112, -2.164999999999826], [116.85500000001119, -2.164999999999826], [116.85500000001119, -2.1849999999998255], [116.84500000001118, -2.1849999999998255], [116.84500000001118, -2.1949999999998253], [116.79500000001116, -2.1949999999998253], [116.79500000001116, -2.204999999999825], [116.76500000001114, -2.204999999999825], [116.76500000001114, -2.1949999999998253], [116.75500000001114, -2.1949999999998253], [116.75500000001114, -2.1849999999998255], [116.74500000001113, -2.1849999999998255], [116.74500000001113, -2.1449999999998264], [116.73500000001113, -2.1449999999998264], [116.73500000001113, -2.1049999999998272], [116.72500000001112, -2.1049999999998272], [116.72500000001112, -2.074999999999828], [116.71500000001112, -2.074999999999828], [116.71500000001112, -2.0549999999998283], [116.70500000001111, -2.0549999999998283], [116.70500000001111, -2.0349999999998287], [116.6950000000111, -2.0349999999998287], [116.6950000000111, -2.014999999999829], [116.6850000000111, -2.014999999999829], [116.6850000000111, -2.0049999999998294], [116.6750000000111, -2.0049999999998294], [116.6750000000111, -1.9649999999998302], [116.66500000001109, -1.9649999999998302], [116.66500000001109, -1.924999999999831], [116.65500000001109, -1.924999999999831], [116.65500000001109, -1.8949999999998317], [116.64500000001108, -1.8949999999998317], [116.64500000001108, -1.8649999999998323], [116.65500000001109, -1.8649999999998323], [116.65500000001109, -1.834999999999833], [116.66500000001109, -1.834999999999833], [116.66500000001109, -1.8049999999998336], [116.6750000000111, -1.8049999999998336], [116.6750000000111, -1.7749999999998343], [116.6850000000111, -1.7749999999998343], [116.6850000000111, -1.7349999999998351], [116.6950000000111, -1.7349999999998351], [116.6950000000111, -1.6849999999998362], [116.70500000001111, -1.6849999999998362], [116.70500000001111, -1.6649999999998366], [116.71500000001112, -1.6649999999998366], [116.71500000001112, -1.644999999999837], [116.72500000001112, -1.644999999999837], [116.72500000001112, -1.6149999999998377], [116.73500000001113, -1.6149999999998377], [116.73500000001113, -1.5449999999998392], [116.74500000001113, -1.5449999999998392], [116.74500000001113, -1.4949999999998402], [116.76500000001114, -1.4949999999998402], [116.76500000001114, -1.5249999999998396], [116.77500000001115, -1.5249999999998396], [116.77500000001115, -1.5749999999998385], [116.78500000001115, -1.5749999999998385], [116.78500000001115, -1.6249999999998375], [116.79500000001116, -1.6249999999998375], [116.79500000001116, -1.694999999999836]]], [[[114.36500000000991, -1.174999999999847], [114.37500000000992, -1.174999999999847], [114.37500000000992, -1.1949999999998466], [114.38500000000992, -1.1949999999998466], [114.38500000000992, -1.2149999999998462], [114.39500000000993, -1.2149999999998462], [114.39500000000993, -1.2649999999998451], [114.38500000000992, -1.2649999999998451], [114.38500000000992, -1.274999999999845], [114.37500000000992, -1.274999999999845], [114.37500000000992, -1.2849999999998447], [114.36500000000991, -1.2849999999998447], [114.36500000000991, -1.2949999999998445], [114.35500000000991, -1.2949999999998445], [114.35500000000991, -1.3049999999998443], [114.3450000000099, -1.3049999999998443], [114.3450000000099, -1.3249999999998439], [114.36500000000991, -1.3249999999998439], [114.36500000000991, -1.3349999999998436], [114.38500000000992, -1.3349999999998436], [114.38500000000992, -1.3449999999998434], [114.40500000000993, -1.3449999999998434], [114.40500000000993, -1.3549999999998432], [114.37500000000992, -1.3549999999998432], [114.37500000000992, -1.3449999999998434], [114.3350000000099, -1.3449999999998434], [114.3350000000099, -1.3349999999998436], [114.31500000000989, -1.3349999999998436], [114.31500000000989, -1.3249999999998439], [114.30500000000988, -1.3249999999998439], [114.30500000000988, -1.314999999999844], [114.29500000000988, -1.314999999999844], [114.29500000000988, -1.3049999999998443], [114.28500000000987, -1.3049999999998443], [114.28500000000987, -1.2949999999998445], [114.27500000000987, -1.2949999999998445], [114.27500000000987, -1.274999999999845], [114.26500000000986, -1.274999999999845], [114.26500000000986, -1.2549999999998454], [114.24500000000985, -1.2549999999998454], [114.24500000000985, -1.2949999999998445], [114.23500000000985, -1.2949999999998445], [114.23500000000985, -1.3349999999998436], [114.22500000000984, -1.3349999999998436], [114.22500000000984, -1.3549999999998432], [114.21500000000984, -1.3549999999998432], [114.21500000000984, -1.3749999999998428], [114.20500000000983, -1.3749999999998428], [114.20500000000983, -1.3849999999998426], [114.19500000000983, -1.3849999999998426], [114.19500000000983, -1.3949999999998424], [114.18500000000982, -1.3949999999998424], [114.18500000000982, -1.4049999999998422], [114.17500000000982, -1.4049999999998422], [114.17500000000982, -1.414999999999842], [114.1550000000098, -1.414999999999842], [114.1550000000098, -1.4249999999998417], [114.1350000000098, -1.4249999999998417], [114.1350000000098, -1.4349999999998415], [114.09500000000978, -1.4349999999998415], [114.09500000000978, -1.4449999999998413], [114.01500000000974, -1.4449999999998413], [114.01500000000974, -1.454999999999841], [113.9450000000097, -1.454999999999841], [113.9450000000097, -1.4649999999998409], [113.91500000000968, -1.4649999999998409], [113.91500000000968, -1.4749999999998407], [113.88500000000967, -1.4749999999998407], [113.88500000000967, -1.4649999999998409], [113.89500000000967, -1.4649999999998409], [113.89500000000967, -1.454999999999841], [113.90500000000968, -1.454999999999841], [113.90500000000968, -1.4449999999998413], [113.91500000000968, -1.4449999999998413], [113.91500000000968, -1.4249999999998417], [113.92500000000969, -1.4249999999998417], [113.92500000000969, -1.4049999999998422], [113.9350000000097, -1.4049999999998422], [113.9350000000097, -1.3849999999998426], [113.9450000000097, -1.3849999999998426], [113.9450000000097, -1.3549999999998432], [113.9550000000097, -1.3549999999998432], [113.9550000000097, -1.3249999999998439], [113.96500000000971, -1.3249999999998439], [113.96500000000971, -1.2849999999998447], [113.97500000000971, -1.2849999999998447], [113.97500000000971, -1.2449999999998456], [113.98500000000972, -1.2449999999998456], [113.98500000000972, -1.2349999999998458], [113.99500000000972, -1.2349999999998458], [113.99500000000972, -1.224999999999846], [114.12500000000979, -1.224999999999846], [114.12500000000979, -1.2149999999998462], [114.1350000000098, -1.2149999999998462], [114.1350000000098, -1.2049999999998464], [114.1450000000098, -1.2049999999998464], [114.1450000000098, -1.1949999999998466], [114.1550000000098, -1.1949999999998466], [114.1550000000098, -1.1849999999998468], [114.16500000000981, -1.1849999999998468], [114.16500000000981, -1.174999999999847], [114.17500000000982, -1.174999999999847], [114.17500000000982, -1.1649999999998473], [114.19500000000983, -1.1649999999998473], [114.19500000000983, -1.1549999999998475], [114.20500000000983, -1.1549999999998475], [114.20500000000983, -1.1449999999998477], [114.22500000000984, -1.1449999999998477], [114.22500000000984, -1.134999999999848], [114.30500000000988, -1.134999999999848], [114.30500000000988, -1.1449999999998477], [114.3350000000099, -1.1449999999998477], [114.3350000000099, -1.1549999999998475], [114.35500000000991, -1.1549999999998475], [114.35500000000991, -1.1649999999998473], [114.36500000000991, -1.1649999999998473], [114.36500000000991, -1.174999999999847]]], [[[115.29500000001039, -0.6549999999998581], [115.3150000000104, -0.6549999999998581], [115.3150000000104, -0.6649999999998579], [115.33500000001041, -0.6649999999998579], [115.33500000001041, -0.6749999999998577], [115.34500000001042, -0.6749999999998577], [115.34500000001042, -0.6849999999998575], [115.3250000000104, -0.6849999999998575], [115.3250000000104, -0.6949999999998573], [115.3150000000104, -0.6949999999998573], [115.3150000000104, -0.7049999999998571], [115.3050000000104, -0.7049999999998571], [115.3050000000104, -0.7149999999998569], [115.29500000001039, -0.7149999999998569], [115.29500000001039, -0.7349999999998564], [115.28500000001038, -0.7349999999998564], [115.28500000001038, -0.8749999999998535], [115.27500000001038, -0.8749999999998535], [115.27500000001038, -0.9849999999998511], [115.26500000001037, -0.9849999999998511], [115.26500000001037, -1.0049999999998507], [115.3150000000104, -1.0049999999998507], [115.3150000000104, -1.0149999999998505], [115.38500000001044, -1.0149999999998505], [115.38500000001044, -1.0249999999998503], [115.45500000001047, -1.0249999999998503], [115.45500000001047, -1.03499999999985], [115.44500000001047, -1.03499999999985], [115.44500000001047, -1.0649999999998494], [115.43500000001046, -1.0649999999998494], [115.43500000001046, -1.084999999999849], [115.42500000001046, -1.084999999999849], [115.42500000001046, -1.1049999999998485], [115.41500000001045, -1.1049999999998485], [115.41500000001045, -1.1249999999998481], [115.40500000001045, -1.1249999999998481], [115.40500000001045, -1.1449999999998477], [115.39500000001044, -1.1449999999998477], [115.39500000001044, -1.1549999999998475], [115.5150000000105, -1.1549999999998475], [115.5150000000105, -1.1649999999998473], [115.52500000001051, -1.1649999999998473], [115.52500000001051, -1.174999999999847], [115.53500000001051, -1.174999999999847], [115.53500000001051, -1.1849999999998468], [115.55500000001052, -1.1849999999998468], [115.55500000001052, -1.2349999999998458], [115.54500000001052, -1.2349999999998458], [115.54500000001052, -1.3749999999998428], [115.53500000001051, -1.3749999999998428], [115.53500000001051, -1.3849999999998426], [115.5150000000105, -1.3849999999998426], [115.5150000000105, -1.3949999999998424], [115.49500000001049, -1.3949999999998424], [115.49500000001049, -1.4049999999998422], [115.42500000001046, -1.4049999999998422], [115.42500000001046, -1.414999999999842], [115.38500000001044, -1.414999999999842], [115.38500000001044, -1.4249999999998417], [115.34500000001042, -1.4249999999998417], [115.34500000001042, -1.4349999999998415], [115.3250000000104, -1.4349999999998415], [115.3250000000104, -1.4449999999998413], [115.3050000000104, -1.4449999999998413], [115.3050000000104, -1.454999999999841], [115.28500000001038, -1.454999999999841], [115.28500000001038, -1.4649999999998409], [115.27500000001038, -1.4649999999998409], [115.27500000001038, -1.4749999999998407], [115.26500000001037, -1.4749999999998407], [115.26500000001037, -1.4649999999998409], [115.22500000001035, -1.4649999999998409], [115.22500000001035, -1.4749999999998407], [115.21500000001035, -1.4749999999998407], [115.21500000001035, -1.4649999999998409], [115.19500000001034, -1.4649999999998409], [115.19500000001034, -1.454999999999841], [115.18500000001033, -1.454999999999841], [115.18500000001033, -1.4449999999998413], [115.17500000001033, -1.4449999999998413], [115.17500000001033, -1.4349999999998415], [115.18500000001033, -1.4349999999998415], [115.18500000001033, -1.4249999999998417], [115.19500000001034, -1.4249999999998417], [115.19500000001034, -1.414999999999842], [115.20500000001034, -1.414999999999842], [115.20500000001034, -1.3949999999998424], [115.21500000001035, -1.3949999999998424], [115.21500000001035, -1.3849999999998426], [115.22500000001035, -1.3849999999998426], [115.22500000001035, -1.3749999999998428], [115.23500000001036, -1.3749999999998428], [115.23500000001036, -1.364999999999843], [115.24500000001036, -1.364999999999843], [115.24500000001036, -1.3549999999998432], [115.25500000001037, -1.3549999999998432], [115.25500000001037, -1.3449999999998434], [115.27500000001038, -1.3449999999998434], [115.27500000001038, -1.3349999999998436], [115.28500000001038, -1.3349999999998436], [115.28500000001038, -1.3249999999998439], [115.29500000001039, -1.3249999999998439], [115.29500000001039, -1.314999999999844], [115.3050000000104, -1.314999999999844], [115.3050000000104, -1.3049999999998443], [115.3150000000104, -1.3049999999998443], [115.3150000000104, -1.2849999999998447], [115.3250000000104, -1.2849999999998447], [115.3250000000104, -1.2649999999998451], [115.33500000001041, -1.2649999999998451], [115.33500000001041, -1.2449999999998456], [115.3250000000104, -1.2449999999998456], [115.3250000000104, -1.2549999999998454], [115.3050000000104, -1.2549999999998454], [115.3050000000104, -1.2649999999998451], [115.29500000001039, -1.2649999999998451], [115.29500000001039, -1.274999999999845], [115.27500000001038, -1.274999999999845], [115.27500000001038, -1.2849999999998447], [115.26500000001037, -1.2849999999998447], [115.26500000001037, -1.2949999999998445], [115.22500000001035, -1.2949999999998445], [115.22500000001035, -1.2849999999998447], [115.20500000001034, -1.2849999999998447], [115.20500000001034, -1.274999999999845], [115.18500000001033, -1.274999999999845], [115.18500000001033, -1.2649999999998451], [115.17500000001033, -1.2649999999998451], [115.17500000001033, -1.2549999999998454], [115.16500000001032, -1.2549999999998454], [115.16500000001032, -1.2449999999998456], [115.15500000001032, -1.2449999999998456], [115.15500000001032, -1.2349999999998458], [115.14500000001031, -1.2349999999998458], [115.14500000001031, -1.224999999999846], [115.13500000001031, -1.224999999999846], [115.13500000001031, -1.2149999999998462], [115.1250000000103, -1.2149999999998462], [115.1250000000103, -1.2049999999998464], [115.1150000000103, -1.2049999999998464], [115.1150000000103, -1.1949999999998466], [115.10500000001029, -1.1949999999998466], [115.10500000001029, -1.1849999999998468], [115.09500000001029, -1.1849999999998468], [115.09500000001029, -1.1649999999998473], [115.10500000001029, -1.1649999999998473], [115.10500000001029, -1.134999999999848], [115.1150000000103, -1.134999999999848], [115.1150000000103, -1.1149999999998483], [115.1250000000103, -1.1149999999998483], [115.1250000000103, -1.0949999999998488], [115.13500000001031, -1.0949999999998488], [115.13500000001031, -1.084999999999849], [115.14500000001031, -1.084999999999849], [115.14500000001031, -1.0649999999998494], [115.15500000001032, -1.0649999999998494], [115.15500000001032, -1.0549999999998496], [115.16500000001032, -1.0549999999998496], [115.16500000001032, -1.0449999999998498], [115.17500000001033, -1.0449999999998498], [115.17500000001033, -1.03499999999985], [115.18500000001033, -1.03499999999985], [115.18500000001033, -1.0249999999998503], [115.20500000001034, -1.0249999999998503], [115.20500000001034, -1.0149999999998505], [115.21500000001035, -1.0149999999998505], [115.21500000001035, -1.0049999999998507], [115.23500000001036, -1.0049999999998507], [115.23500000001036, -0.9149999999998526], [115.22500000001035, -0.9149999999998526], [115.22500000001035, -0.7849999999998554], [115.21500000001035, -0.7849999999998554], [115.21500000001035, -0.7049999999998571], [115.22500000001035, -0.7049999999998571], [115.22500000001035, -0.6349999999998586], [115.23500000001036, -0.6349999999998586], [115.23500000001036, -0.6449999999998584], [115.24500000001036, -0.6449999999998584], [115.24500000001036, -0.6349999999998586], [115.26500000001037, -0.6349999999998586], [115.26500000001037, -0.6449999999998584], [115.29500000001039, -0.6449999999998584], [115.29500000001039, -0.6549999999998581]]], [[[115.88500000001069, -0.5049999999998613], [115.88500000001069, -0.5149999999998611], [115.8950000000107, -0.5149999999998611], [115.8950000000107, -0.5449999999998605], [115.9050000000107, -0.5449999999998605], [115.9050000000107, -0.6549999999998581], [115.8950000000107, -0.6549999999998581], [115.8950000000107, -0.6849999999998575], [115.88500000001069, -0.6849999999998575], [115.88500000001069, -0.7049999999998571], [115.87500000001069, -0.7049999999998571], [115.87500000001069, -0.7349999999998564], [115.86500000001068, -0.7349999999998564], [115.86500000001068, -0.7749999999998556], [115.85500000001068, -0.7749999999998556], [115.85500000001068, -0.8049999999998549], [115.84500000001067, -0.8049999999998549], [115.84500000001067, -0.8249999999998545], [115.82500000001066, -0.8249999999998545], [115.82500000001066, -0.8349999999998543], [115.80500000001065, -0.8349999999998543], [115.80500000001065, -0.8449999999998541], [115.78500000001064, -0.8449999999998541], [115.78500000001064, -0.8549999999998539], [115.75500000001063, -0.8549999999998539], [115.75500000001063, -0.8649999999998537], [115.73500000001061, -0.8649999999998537], [115.73500000001061, -0.8549999999998539], [115.6950000000106, -0.8549999999998539], [115.6950000000106, -0.8449999999998541], [115.68500000001059, -0.8449999999998541], [115.68500000001059, -0.8349999999998543], [115.67500000001058, -0.8349999999998543], [115.67500000001058, -0.8149999999998547], [115.66500000001058, -0.8149999999998547], [115.66500000001058, -0.7949999999998552], [115.65500000001057, -0.7949999999998552], [115.65500000001057, -0.7649999999998558], [115.64500000001057, -0.7649999999998558], [115.64500000001057, -0.7249999999998566], [115.63500000001056, -0.7249999999998566], [115.63500000001056, -0.6849999999998575], [115.62500000001056, -0.6849999999998575], [115.62500000001056, -0.6549999999998581], [115.61500000001055, -0.6549999999998581], [115.61500000001055, -0.6249999999998588], [115.60500000001055, -0.6249999999998588], [115.60500000001055, -0.6049999999998592], [115.59500000001054, -0.6049999999998592], [115.59500000001054, -0.5849999999998596], [115.58500000001054, -0.5849999999998596], [115.58500000001054, -0.5649999999998601], [115.57500000001053, -0.5649999999998601], [115.57500000001053, -0.5549999999998603], [115.56500000001053, -0.5549999999998603], [115.56500000001053, -0.5449999999998605], [115.55500000001052, -0.5449999999998605], [115.55500000001052, -0.5249999999998609], [115.54500000001052, -0.5249999999998609], [115.54500000001052, -0.5049999999998613], [115.56500000001053, -0.5049999999998613], [115.56500000001053, -0.49499999999986155], [115.63500000001056, -0.49499999999986155], [115.63500000001056, -0.48499999999986176], [115.6950000000106, -0.48499999999986176], [115.6950000000106, -0.474999999999862], [115.72500000001061, -0.474999999999862], [115.72500000001061, -0.4649999999998622], [115.76500000001063, -0.4649999999998622], [115.76500000001063, -0.474999999999862], [115.78500000001064, -0.474999999999862], [115.78500000001064, -0.48499999999986176], [115.81500000001066, -0.48499999999986176], [115.81500000001066, -0.49499999999986155], [115.85500000001068, -0.49499999999986155], [115.85500000001068, -0.5049999999998613], [115.88500000001069, -0.5049999999998613]]], [[[115.55500000001052, 0.24500000000012268], [115.55500000001052, 0.2250000000001231], [115.56500000001053, 0.2250000000001231], [115.56500000001053, 0.21500000000012331], [115.57500000001053, 0.21500000000012331], [115.57500000001053, 0.19500000000012374], [115.58500000001054, 0.19500000000012374], [115.58500000001054, 0.11500000000012545], [115.57500000001053, 0.11500000000012545], [115.57500000001053, 0.09500000000012587], [115.56500000001053, 0.09500000000012587], [115.56500000001053, 0.08500000000012609], [115.54500000001052, 0.08500000000012609], [115.54500000001052, 0.0750000000001263], [115.5050000000105, 0.0750000000001263], [115.5050000000105, 0.06500000000012651], [115.49500000001049, 0.06500000000012651], [115.49500000001049, 0.055000000000126725], [115.48500000001049, 0.055000000000126725], [115.48500000001049, 0.025000000000127365], [115.47500000001048, 0.025000000000127365], [115.47500000001048, -0.11499999999986965], [115.5050000000105, -0.11499999999986965], [115.5050000000105, -0.10499999999986986], [115.52500000001051, -0.10499999999986986], [115.52500000001051, -0.12499999999986944], [115.5150000000105, -0.12499999999986944], [115.5150000000105, -0.144999999999869], [115.5050000000105, -0.144999999999869], [115.5050000000105, -0.16499999999986859], [115.49500000001049, -0.16499999999986859], [115.49500000001049, -0.17499999999986837], [115.47500000001048, -0.17499999999986837], [115.47500000001048, -0.18499999999986816], [115.46500000001048, -0.18499999999986816], [115.46500000001048, -0.19499999999986795], [115.45500000001047, -0.19499999999986795], [115.45500000001047, -0.21499999999986752], [115.44500000001047, -0.21499999999986752], [115.44500000001047, -0.27499999999986624], [115.43500000001046, -0.27499999999986624], [115.43500000001046, -0.34499999999986475], [115.42500000001046, -0.34499999999986475], [115.42500000001046, -0.3949999999998637], [115.41500000001045, -0.3949999999998637], [115.41500000001045, -0.4549999999998624], [115.40500000001045, -0.4549999999998624], [115.40500000001045, -0.5049999999998613], [115.39500000001044, -0.5049999999998613], [115.39500000001044, -0.5249999999998609], [115.35500000001042, -0.5249999999998609], [115.35500000001042, -0.5349999999998607], [115.3050000000104, -0.5349999999998607], [115.3050000000104, -0.5449999999998605], [115.25500000001037, -0.5449999999998605], [115.25500000001037, -0.5549999999998603], [115.23500000001036, -0.5549999999998603], [115.23500000001036, -0.5649999999998601], [115.22500000001035, -0.5649999999998601], [115.22500000001035, -0.5049999999998613], [115.23500000001036, -0.5049999999998613], [115.23500000001036, -0.49499999999986155], [115.22500000001035, -0.49499999999986155], [115.22500000001035, -0.474999999999862], [115.21500000001035, -0.474999999999862], [115.21500000001035, -0.4449999999998626], [115.20500000001034, -0.4449999999998626], [115.20500000001034, -0.41499999999986326], [115.19500000001034, -0.41499999999986326], [115.19500000001034, -0.3949999999998637], [115.18500000001033, -0.3949999999998637], [115.18500000001033, -0.3649999999998643], [115.17500000001033, -0.3649999999998643], [115.17500000001033, -0.33499999999986496], [115.16500000001032, -0.33499999999986496], [115.16500000001032, -0.2949999999998658], [115.15500000001032, -0.2949999999998658], [115.15500000001032, -0.26499999999986645], [115.14500000001031, -0.26499999999986645], [115.14500000001031, -0.24499999999986688], [115.1250000000103, -0.24499999999986688], [115.1250000000103, -0.2349999999998671], [115.10500000001029, -0.2349999999998671], [115.10500000001029, -0.2249999999998673], [115.09500000001029, -0.2249999999998673], [115.09500000001029, -0.21499999999986752], [115.07500000001028, -0.21499999999986752], [115.07500000001028, -0.20499999999986773], [115.06500000001027, -0.20499999999986773], [115.06500000001027, -0.19499999999986795], [115.04500000001026, -0.19499999999986795], [115.04500000001026, -0.18499999999986816], [115.03500000001026, -0.18499999999986816], [115.03500000001026, -0.17499999999986837], [115.02500000001025, -0.17499999999986837], [115.02500000001025, -0.16499999999986859], [115.01500000001025, -0.16499999999986859], [115.01500000001025, -0.1549999999998688], [114.98500000001023, -0.1549999999998688], [114.98500000001023, -0.16499999999986859], [114.97500000001023, -0.16499999999986859], [114.97500000001023, -0.17499999999986837], [114.96500000001022, -0.17499999999986837], [114.96500000001022, -0.18499999999986816], [114.95500000001022, -0.18499999999986816], [114.95500000001022, -0.19499999999986795], [114.94500000001021, -0.19499999999986795], [114.94500000001021, -0.20499999999986773], [114.9350000000102, -0.20499999999986773], [114.9350000000102, -0.21499999999986752], [114.9250000000102, -0.21499999999986752], [114.9250000000102, -0.2349999999998671], [114.9150000000102, -0.2349999999998671], [114.9150000000102, -0.25499999999986667], [114.90500000001019, -0.25499999999986667], [114.90500000001019, -0.27499999999986624], [114.89500000001019, -0.27499999999986624], [114.89500000001019, -0.284999999999866], [114.88500000001018, -0.284999999999866], [114.88500000001018, -0.2949999999998658], [114.87500000001017, -0.2949999999998658], [114.87500000001017, -0.3049999999998656], [114.86500000001017, -0.3049999999998656], [114.86500000001017, -0.3149999999998654], [114.84500000001016, -0.3149999999998654], [114.84500000001016, -0.3249999999998652], [114.83500000001015, -0.3249999999998652], [114.83500000001015, -0.33499999999986496], [114.81500000001014, -0.33499999999986496], [114.81500000001014, -0.34499999999986475], [114.78500000001013, -0.34499999999986475], [114.78500000001013, -0.35499999999986454], [114.76500000001012, -0.35499999999986454], [114.76500000001012, -0.3649999999998643], [114.74500000001011, -0.3649999999998643], [114.74500000001011, -0.3749999999998641], [114.7250000000101, -0.3749999999998641], [114.7250000000101, -0.3849999999998639], [114.7150000000101, -0.3849999999998639], [114.7150000000101, -0.40499999999986347], [114.70500000001009, -0.40499999999986347], [114.70500000001009, -0.41499999999986326], [114.69500000001008, -0.41499999999986326], [114.69500000001008, -0.43499999999986283], [114.68500000001008, -0.43499999999986283], [114.68500000001008, -0.4649999999998622], [114.67500000001007, -0.4649999999998622], [114.67500000001007, -0.49499999999986155], [114.66500000001007, -0.49499999999986155], [114.66500000001007, -0.5249999999998609], [114.67500000001007, -0.5249999999998609], [114.67500000001007, -0.6349999999998586], [114.68500000001008, -0.6349999999998586], [114.68500000001008, -0.6649999999998579], [114.69500000001008, -0.6649999999998579], [114.69500000001008, -0.6849999999998575], [114.7150000000101, -0.6849999999998575], [114.7150000000101, -0.6949999999998573], [114.7350000000101, -0.6949999999998573], [114.7350000000101, -0.7049999999998571], [114.76500000001012, -0.7049999999998571], [114.76500000001012, -0.7149999999998569], [114.77500000001012, -0.7149999999998569], [114.77500000001012, -0.7249999999998566], [114.79500000001013, -0.7249999999998566], [114.79500000001013, -0.7349999999998564], [114.80500000001014, -0.7349999999998564], [114.80500000001014, -0.7449999999998562], [114.81500000001014, -0.7449999999998562], [114.81500000001014, -0.754999999999856], [114.82500000001015, -0.754999999999856], [114.82500000001015, -0.7649999999998558], [114.83500000001015, -0.7649999999998558], [114.83500000001015, -0.7749999999998556], [114.84500000001016, -0.7749999999998556], [114.84500000001016, -0.7849999999998554], [114.85500000001016, -0.7849999999998554], [114.85500000001016, -0.8049999999998549], [114.86500000001017, -0.8049999999998549], [114.86500000001017, -0.8149999999998547], [114.87500000001017, -0.8149999999998547], [114.87500000001017, -0.8349999999998543], [114.88500000001018, -0.8349999999998543], [114.88500000001018, -0.8549999999998539], [114.89500000001019, -0.8549999999998539], [114.89500000001019, -0.8749999999998535], [114.90500000001019, -0.8749999999998535], [114.90500000001019, -0.9049999999998528], [114.9150000000102, -0.9049999999998528], [114.9150000000102, -0.9349999999998522], [114.9250000000102, -0.9349999999998522], [114.9250000000102, -0.9649999999998515], [114.9350000000102, -0.9649999999998515], [114.9350000000102, -1.1549999999998475], [114.9250000000102, -1.1549999999998475], [114.9250000000102, -1.2349999999998458], [114.9150000000102, -1.2349999999998458], [114.9150000000102, -1.2849999999998447], [114.90500000001019, -1.2849999999998447], [114.90500000001019, -1.3049999999998443], [114.89500000001019, -1.3049999999998443], [114.89500000001019, -1.3249999999998439], [114.88500000001018, -1.3249999999998439], [114.88500000001018, -1.3349999999998436], [114.87500000001017, -1.3349999999998436], [114.87500000001017, -1.3449999999998434], [114.86500000001017, -1.3449999999998434], [114.86500000001017, -1.3549999999998432], [114.85500000001016, -1.3549999999998432], [114.85500000001016, -1.364999999999843], [114.84500000001016, -1.364999999999843], [114.84500000001016, -1.3749999999998428], [114.83500000001015, -1.3749999999998428], [114.83500000001015, -1.3849999999998426], [114.81500000001014, -1.3849999999998426], [114.81500000001014, -1.3949999999998424], [114.79500000001013, -1.3949999999998424], [114.79500000001013, -1.4049999999998422], [114.77500000001012, -1.4049999999998422], [114.77500000001012, -1.414999999999842], [114.70500000001009, -1.414999999999842], [114.70500000001009, -1.4049999999998422], [114.65500000001006, -1.4049999999998422], [114.65500000001006, -1.3949999999998424], [114.60500000001004, -1.3949999999998424], [114.60500000001004, -1.3849999999998426], [114.55500000001001, -1.3849999999998426], [114.55500000001001, -1.3749999999998428], [114.52500000001, -1.3749999999998428], [114.52500000001, -1.364999999999843], [114.57500000001002, -1.364999999999843], [114.57500000001002, -1.3549999999998432], [114.62500000001005, -1.3549999999998432], [114.62500000001005, -1.3449999999998434], [114.61500000001004, -1.3449999999998434], [114.61500000001004, -1.3349999999998436], [114.60500000001004, -1.3349999999998436], [114.60500000001004, -1.3249999999998439], [114.59500000001003, -1.3249999999998439], [114.59500000001003, -1.314999999999844], [114.58500000001003, -1.314999999999844], [114.58500000001003, -1.2949999999998445], [114.57500000001002, -1.2949999999998445], [114.57500000001002, -1.2849999999998447], [114.56500000001002, -1.2849999999998447], [114.56500000001002, -1.2649999999998451], [114.55500000001001, -1.2649999999998451], [114.55500000001001, -1.2449999999998456], [114.54500000001, -1.2449999999998456], [114.54500000001, -1.2049999999998464], [114.53500000001, -1.2049999999998464], [114.53500000001, -1.174999999999847], [114.52500000001, -1.174999999999847], [114.52500000001, -1.134999999999848], [114.51500000000999, -1.134999999999848], [114.51500000000999, -1.0949999999998488], [114.50500000000999, -1.0949999999998488], [114.50500000000999, -1.0649999999998494], [114.49500000000998, -1.0649999999998494], [114.49500000000998, -1.03499999999985], [114.48500000000998, -1.03499999999985], [114.48500000000998, -1.0249999999998503], [114.47500000000997, -1.0249999999998503], [114.47500000000997, -1.0049999999998507], [114.46500000000997, -1.0049999999998507], [114.46500000000997, -0.9849999999998511], [114.45500000000996, -0.9849999999998511], [114.45500000000996, -0.9749999999998513], [114.44500000000995, -0.9749999999998513], [114.44500000000995, -0.9649999999998515], [114.43500000000995, -0.9649999999998515], [114.43500000000995, -0.9549999999998517], [114.42500000000994, -0.9549999999998517], [114.42500000000994, -0.9349999999998522], [114.41500000000994, -0.9349999999998522], [114.41500000000994, -0.9249999999998524], [114.40500000000993, -0.9249999999998524], [114.40500000000993, -0.9149999999998526], [114.39500000000993, -0.9149999999998526], [114.39500000000993, -0.9049999999998528], [114.38500000000992, -0.9049999999998528], [114.38500000000992, -0.894999999999853], [114.37500000000992, -0.894999999999853], [114.37500000000992, -0.8849999999998532], [114.36500000000991, -0.8849999999998532], [114.36500000000991, -0.8749999999998535], [114.35500000000991, -0.8749999999998535], [114.35500000000991, -0.8649999999998537], [114.3450000000099, -0.8649999999998537], [114.3450000000099, -0.8449999999998541], [114.3350000000099, -0.8449999999998541], [114.3350000000099, -0.8349999999998543], [114.3250000000099, -0.8349999999998543], [114.3250000000099, -0.8249999999998545], [114.31500000000989, -0.8249999999998545], [114.31500000000989, -0.8149999999998547], [114.30500000000988, -0.8149999999998547], [114.30500000000988, -0.8049999999998549], [114.29500000000988, -0.8049999999998549], [114.29500000000988, -0.7949999999998552], [114.28500000000987, -0.7949999999998552], [114.28500000000987, -0.7849999999998554], [114.27500000000987, -0.7849999999998554], [114.27500000000987, -0.7749999999998556], [114.24500000000985, -0.7749999999998556], [114.24500000000985, -0.7849999999998554], [114.23500000000985, -0.7849999999998554], [114.23500000000985, -0.8049999999998549], [114.22500000000984, -0.8049999999998549], [114.22500000000984, -0.8249999999998545], [114.21500000000984, -0.8249999999998545], [114.21500000000984, -0.8349999999998543], [114.20500000000983, -0.8349999999998543], [114.20500000000983, -0.8549999999998539], [114.19500000000983, -0.8549999999998539], [114.19500000000983, -0.8649999999998537], [114.18500000000982, -0.8649999999998537], [114.18500000000982, -0.8749999999998535], [114.16500000000981, -0.8749999999998535], [114.16500000000981, -0.8849999999998532], [114.1450000000098, -0.8849999999998532], [114.1450000000098, -0.894999999999853], [114.1350000000098, -0.894999999999853], [114.1350000000098, -0.9049999999998528], [114.12500000000979, -0.9049999999998528], [114.12500000000979, -0.9149999999998526], [114.09500000000978, -0.9149999999998526], [114.09500000000978, -0.9249999999998524], [114.07500000000977, -0.9249999999998524], [114.07500000000977, -0.9349999999998522], [114.03500000000975, -0.9349999999998522], [114.03500000000975, -0.944999999999852], [113.89500000000967, -0.944999999999852], [113.89500000000967, -0.9349999999998522], [113.84500000000965, -0.9349999999998522], [113.84500000000965, -0.9249999999998524], [113.81500000000963, -0.9249999999998524], [113.81500000000963, -0.9149999999998526], [113.80500000000963, -0.9149999999998526], [113.80500000000963, -0.9049999999998528], [113.79500000000962, -0.9049999999998528], [113.79500000000962, -0.894999999999853], [113.78500000000962, -0.894999999999853], [113.78500000000962, -0.8749999999998535], [113.77500000000961, -0.8749999999998535], [113.77500000000961, -0.8449999999998541], [113.76500000000961, -0.8449999999998541], [113.76500000000961, -0.7849999999998554], [113.7550000000096, -0.7849999999998554], [113.7550000000096, -0.7449999999998562], [113.76500000000961, -0.7449999999998562], [113.76500000000961, -0.7249999999998566], [113.77500000000961, -0.7249999999998566], [113.77500000000961, -0.7049999999998571], [113.78500000000962, -0.7049999999998571], [113.78500000000962, -0.6849999999998575], [113.79500000000962, -0.6849999999998575], [113.79500000000962, -0.6749999999998577], [113.80500000000963, -0.6749999999998577], [113.80500000000963, -0.6649999999998579], [113.81500000000963, -0.6649999999998579], [113.81500000000963, -0.6549999999998581], [113.82500000000964, -0.6549999999998581], [113.82500000000964, -0.6449999999998584], [113.84500000000965, -0.6449999999998584], [113.84500000000965, -0.6349999999998586], [113.86500000000966, -0.6349999999998586], [113.86500000000966, -0.6449999999998584], [113.87500000000966, -0.6449999999998584], [113.87500000000966, -0.6549999999998581], [113.88500000000967, -0.6549999999998581], [113.88500000000967, -0.6749999999998577], [113.89500000000967, -0.6749999999998577], [113.89500000000967, -0.6849999999998575], [113.90500000000968, -0.6849999999998575], [113.90500000000968, -0.7049999999998571], [113.91500000000968, -0.7049999999998571], [113.91500000000968, -0.7249999999998566], [113.92500000000969, -0.7249999999998566], [113.92500000000969, -0.754999999999856], [113.9350000000097, -0.754999999999856], [113.9350000000097, -0.7749999999998556], [113.9450000000097, -0.7749999999998556], [113.9450000000097, -0.7849999999998554], [113.9550000000097, -0.7849999999998554], [113.9550000000097, -0.8049999999998549], [113.96500000000971, -0.8049999999998549], [113.96500000000971, -0.8149999999998547], [113.97500000000971, -0.8149999999998547], [113.97500000000971, -0.8249999999998545], [113.98500000000972, -0.8249999999998545], [113.98500000000972, -0.8449999999998541], [114.00500000000973, -0.8449999999998541], [114.00500000000973, -0.8549999999998539], [114.02500000000974, -0.8549999999998539], [114.02500000000974, -0.8449999999998541], [114.05500000000976, -0.8449999999998541], [114.05500000000976, -0.8349999999998543], [114.06500000000976, -0.8349999999998543], [114.06500000000976, -0.8249999999998545], [114.07500000000977, -0.8249999999998545], [114.07500000000977, -0.7949999999998552], [114.08500000000977, -0.7949999999998552], [114.08500000000977, -0.7049999999998571], [114.09500000000978, -0.7049999999998571], [114.09500000000978, -0.6049999999998592], [114.10500000000978, -0.6049999999998592], [114.10500000000978, -0.5949999999998594], [114.1550000000098, -0.5949999999998594], [114.1550000000098, -0.6049999999998592], [114.18500000000982, -0.6049999999998592], [114.18500000000982, -0.614999999999859], [114.20500000000983, -0.614999999999859], [114.20500000000983, -0.6249999999998588], [114.21500000000984, -0.6249999999998588], [114.21500000000984, -0.6349999999998586], [114.22500000000984, -0.6349999999998586], [114.22500000000984, -0.6449999999998584], [114.23500000000985, -0.6449999999998584], [114.23500000000985, -0.6649999999998579], [114.24500000000985, -0.6649999999998579], [114.24500000000985, -0.6949999999998573], [114.26500000000986, -0.6949999999998573], [114.26500000000986, -0.6849999999998575], [114.27500000000987, -0.6849999999998575], [114.27500000000987, -0.6749999999998577], [114.28500000000987, -0.6749999999998577], [114.28500000000987, -0.6649999999998579], [114.30500000000988, -0.6649999999998579], [114.30500000000988, -0.6549999999998581], [114.3250000000099, -0.6549999999998581], [114.3250000000099, -0.6449999999998584], [114.36500000000991, -0.6449999999998584], [114.36500000000991, -0.6349999999998586], [114.43500000000995, -0.6349999999998586], [114.43500000000995, -0.6249999999998588], [114.50500000000999, -0.6249999999998588], [114.50500000000999, -0.614999999999859], [114.52500000001, -0.614999999999859], [114.52500000001, -0.6049999999998592], [114.53500000001, -0.6049999999998592], [114.53500000001, -0.5949999999998594], [114.55500000001001, -0.5949999999998594], [114.55500000001001, -0.5849999999998596], [114.56500000001002, -0.5849999999998596], [114.56500000001002, -0.5749999999998598], [114.57500000001002, -0.5749999999998598], [114.57500000001002, -0.5649999999998601], [114.58500000001003, -0.5649999999998601], [114.58500000001003, -0.5549999999998603], [114.59500000001003, -0.5549999999998603], [114.59500000001003, -0.5449999999998605], [114.60500000001004, -0.5449999999998605], [114.60500000001004, -0.5249999999998609], [114.61500000001004, -0.5249999999998609], [114.61500000001004, -0.5149999999998611], [114.62500000001005, -0.5149999999998611], [114.62500000001005, -0.4649999999998622], [114.61500000001004, -0.4649999999998622], [114.61500000001004, -0.4449999999998626], [114.60500000001004, -0.4449999999998626], [114.60500000001004, -0.41499999999986326], [114.59500000001003, -0.41499999999986326], [114.59500000001003, -0.40499999999986347], [114.58500000001003, -0.40499999999986347], [114.58500000001003, -0.3849999999998639], [114.57500000001002, -0.3849999999998639], [114.57500000001002, -0.3649999999998643], [114.56500000001002, -0.3649999999998643], [114.56500000001002, -0.35499999999986454], [114.55500000001001, -0.35499999999986454], [114.55500000001001, -0.34499999999986475], [114.54500000001, -0.34499999999986475], [114.54500000001, -0.33499999999986496], [114.53500000001, -0.33499999999986496], [114.53500000001, -0.3249999999998652], [114.52500000001, -0.3249999999998652], [114.52500000001, -0.3149999999998654], [114.51500000000999, -0.3149999999998654], [114.51500000000999, -0.3049999999998656], [114.49500000000998, -0.3049999999998656], [114.49500000000998, -0.2949999999998658], [114.48500000000998, -0.2949999999998658], [114.48500000000998, -0.27499999999986624], [114.47500000000997, -0.27499999999986624], [114.47500000000997, -0.2349999999998671], [114.48500000000998, -0.2349999999998671], [114.48500000000998, -0.2249999999998673], [114.50500000000999, -0.2249999999998673], [114.50500000000999, -0.21499999999986752], [114.54500000001, -0.21499999999986752], [114.54500000001, -0.20499999999986773], [114.58500000001003, -0.20499999999986773], [114.58500000001003, -0.19499999999986795], [114.61500000001004, -0.19499999999986795], [114.61500000001004, -0.18499999999986816], [114.65500000001006, -0.18499999999986816], [114.65500000001006, -0.17499999999986837], [114.69500000001008, -0.17499999999986837], [114.69500000001008, -0.16499999999986859], [114.7350000000101, -0.16499999999986859], [114.7350000000101, -0.1549999999998688], [114.76500000001012, -0.1549999999998688], [114.76500000001012, -0.144999999999869], [114.80500000001014, -0.144999999999869], [114.80500000001014, -0.13499999999986922], [114.83500000001015, -0.13499999999986922], [114.83500000001015, -0.12499999999986944], [114.86500000001017, -0.12499999999986944], [114.86500000001017, -0.13499999999986922], [115.00500000001024, -0.13499999999986922], [115.00500000001024, -0.12499999999986944], [115.01500000001025, -0.12499999999986944], [115.01500000001025, -0.11499999999986965], [115.02500000001025, -0.11499999999986965], [115.02500000001025, -0.09499999999987008], [115.03500000001026, -0.09499999999987008], [115.03500000001026, -0.0749999999998705], [115.06500000001027, -0.0749999999998705], [115.06500000001027, -0.08499999999987029], [115.08500000001028, -0.08499999999987029], [115.08500000001028, -0.09499999999987008], [115.1150000000103, -0.09499999999987008], [115.1150000000103, -0.10499999999986986], [115.13500000001031, -0.10499999999986986], [115.13500000001031, -0.11499999999986965], [115.15500000001032, -0.11499999999986965], [115.15500000001032, -0.12499999999986944], [115.18500000001033, -0.12499999999986944], [115.18500000001033, -0.13499999999986922], [115.21500000001035, -0.13499999999986922], [115.21500000001035, -0.144999999999869], [115.24500000001036, -0.144999999999869], [115.24500000001036, -0.1549999999998688], [115.3250000000104, -0.1549999999998688], [115.3250000000104, -0.144999999999869], [115.38500000001044, -0.144999999999869], [115.38500000001044, -0.13499999999986922], [115.40500000001045, -0.13499999999986922], [115.40500000001045, -0.12499999999986944], [115.41500000001045, -0.12499999999986944], [115.41500000001045, -0.10499999999986986], [115.42500000001046, -0.10499999999986986], [115.42500000001046, 0.005000000000127791], [115.40500000001045, 0.005000000000127791], [115.40500000001045, 0.015000000000127578], [115.38500000001044, 0.015000000000127578], [115.38500000001044, 0.025000000000127365], [115.37500000001043, 0.025000000000127365], [115.37500000001043, 0.03500000000012715], [115.35500000001042, 0.03500000000012715], [115.35500000001042, 0.04500000000012694], [115.33500000001041, 0.04500000000012694], [115.33500000001041, 0.055000000000126725], [115.3250000000104, 0.055000000000126725], [115.3250000000104, 0.06500000000012651], [115.3050000000104, 0.06500000000012651], [115.3050000000104, 0.0750000000001263], [115.29500000001039, 0.0750000000001263], [115.29500000001039, 0.08500000000012609], [115.28500000001038, 0.08500000000012609], [115.28500000001038, 0.09500000000012587], [115.27500000001038, 0.09500000000012587], [115.27500000001038, 0.10500000000012566], [115.26500000001037, 0.10500000000012566], [115.26500000001037, 0.11500000000012545], [115.24500000001036, 0.11500000000012545], [115.24500000001036, 0.12500000000012523], [115.21500000001035, 0.12500000000012523], [115.21500000001035, 0.13500000000012502], [115.18500000001033, 0.13500000000012502], [115.18500000001033, 0.1450000000001248], [115.16500000001032, 0.1450000000001248], [115.16500000001032, 0.1550000000001246], [115.15500000001032, 0.1550000000001246], [115.15500000001032, 0.16500000000012438], [115.13500000001031, 0.16500000000012438], [115.13500000001031, 0.17500000000012417], [115.1250000000103, 0.17500000000012417], [115.1250000000103, 0.18500000000012395], [115.1150000000103, 0.18500000000012395], [115.1150000000103, 0.19500000000012374], [115.15500000001032, 0.19500000000012374], [115.15500000001032, 0.20500000000012353], [115.20500000001034, 0.20500000000012353], [115.20500000001034, 0.21500000000012331], [115.26500000001037, 0.21500000000012331], [115.26500000001037, 0.2250000000001231], [115.3250000000104, 0.2250000000001231], [115.3250000000104, 0.2350000000001229], [115.36500000001043, 0.2350000000001229], [115.36500000001043, 0.24500000000012268], [115.39500000001044, 0.24500000000012268], [115.39500000001044, 0.25500000000012246], [115.41500000001045, 0.25500000000012246], [115.41500000001045, 0.26500000000012225], [115.43500000001046, 0.26500000000012225], [115.43500000001046, 0.27500000000012204], [115.45500000001047, 0.27500000000012204], [115.45500000001047, 0.2850000000001218], [115.47500000001048, 0.2850000000001218], [115.47500000001048, 0.2950000000001216], [115.5150000000105, 0.2950000000001216], [115.5150000000105, 0.2850000000001218], [115.52500000001051, 0.2850000000001218], [115.52500000001051, 0.27500000000012204], [115.53500000001051, 0.27500000000012204], [115.53500000001051, 0.25500000000012246], [115.54500000001052, 0.25500000000012246], [115.54500000001052, 0.24500000000012268], [115.55500000001052, 0.24500000000012268]], [[114.60500000001004, -0.7449999999998562], [114.56500000001002, -0.7449999999998562], [114.56500000001002, -0.7349999999998564], [114.43500000000995, -0.7349999999998564], [114.43500000000995, -0.7449999999998562], [114.40500000000993, -0.7449999999998562], [114.40500000000993, -0.754999999999856], [114.44500000000995, -0.754999999999856], [114.44500000000995, -0.7649999999998558], [114.55500000001001, -0.7649999999998558], [114.55500000001001, -0.754999999999856], [114.60500000001004, -0.754999999999856], [114.60500000001004, -0.7449999999998562]], [[114.74500000001011, -1.2949999999998445], [114.75500000001011, -1.2949999999998445], [114.75500000001011, -1.2849999999998447], [114.74500000001011, -1.2849999999998447], [114.74500000001011, -1.2949999999998445]], [[114.7150000000101, -1.2949999999998445], [114.7150000000101, -1.3049999999998443], [114.68500000001008, -1.3049999999998443], [114.68500000001008, -1.314999999999844], [114.66500000001007, -1.314999999999844], [114.66500000001007, -1.3249999999998439], [114.65500000001006, -1.3249999999998439], [114.65500000001006, -1.3349999999998436], [114.68500000001008, -1.3349999999998436], [114.68500000001008, -1.3249999999998439], [114.7150000000101, -1.3249999999998439], [114.7150000000101, -1.314999999999844], [114.7350000000101, -1.314999999999844], [114.7350000000101, -1.3049999999998443], [114.74500000001011, -1.3049999999998443], [114.74500000001011, -1.2949999999998445], [114.7150000000101, -1.2949999999998445]], [[114.64500000001006, -1.3349999999998436], [114.64500000001006, -1.3449999999998434], [114.65500000001006, -1.3449999999998434], [114.65500000001006, -1.3349999999998436], [114.64500000001006, -1.3349999999998436]]], [[[115.8950000000107, -0.2349999999998671], [115.9050000000107, -0.2349999999998671], [115.9050000000107, -0.24499999999986688], [115.9150000000107, -0.24499999999986688], [115.9150000000107, -0.25499999999986667], [115.92500000001071, -0.25499999999986667], [115.92500000001071, -0.26499999999986645], [115.94500000001072, -0.26499999999986645], [115.94500000001072, -0.27499999999986624], [115.95500000001073, -0.27499999999986624], [115.95500000001073, -0.2949999999998658], [115.96500000001073, -0.2949999999998658], [115.96500000001073, -0.3149999999998654], [115.97500000001074, -0.3149999999998654], [115.97500000001074, -0.33499999999986496], [115.96500000001073, -0.33499999999986496], [115.96500000001073, -0.3249999999998652], [115.94500000001072, -0.3249999999998652], [115.94500000001072, -0.3149999999998654], [115.92500000001071, -0.3149999999998654], [115.92500000001071, -0.3049999999998656], [115.9150000000107, -0.3049999999998656], [115.9150000000107, -0.2949999999998658], [115.8950000000107, -0.2949999999998658], [115.8950000000107, -0.284999999999866], [115.88500000001069, -0.284999999999866], [115.88500000001069, -0.27499999999986624], [115.87500000001069, -0.27499999999986624], [115.87500000001069, -0.26499999999986645], [115.86500000001068, -0.26499999999986645], [115.86500000001068, -0.2349999999998671], [115.85500000001068, -0.2349999999998671], [115.85500000001068, -0.17499999999986837], [115.86500000001068, -0.17499999999986837], [115.86500000001068, -0.19499999999986795], [115.87500000001069, -0.19499999999986795], [115.87500000001069, -0.20499999999986773], [115.88500000001069, -0.20499999999986773], [115.88500000001069, -0.21499999999986752], [115.8950000000107, -0.21499999999986752], [115.8950000000107, -0.2349999999998671]]], [[[115.49500000001049, -0.24499999999986688], [115.5050000000105, -0.24499999999986688], [115.5050000000105, -0.25499999999986667], [115.49500000001049, -0.25499999999986667], [115.49500000001049, -0.24499999999986688]]], [[[115.52500000001051, -0.09499999999987008], [115.53500000001051, -0.09499999999987008], [115.53500000001051, -0.10499999999986986], [115.52500000001051, -0.10499999999986986], [115.52500000001051, -0.09499999999987008]]], [[[115.62500000001056, 0.025000000000127365], [115.62500000001056, 0.015000000000127578], [115.60500000001055, 0.015000000000127578], [115.60500000001055, 0.04500000000012694], [115.61500000001055, 0.04500000000012694], [115.61500000001055, 0.055000000000126725], [115.65500000001057, 0.055000000000126725], [115.65500000001057, 0.06500000000012651], [115.67500000001058, 0.06500000000012651], [115.67500000001058, 0.055000000000126725], [115.66500000001058, 0.055000000000126725], [115.66500000001058, 0.04500000000012694], [115.65500000001057, 0.04500000000012694], [115.65500000001057, 0.03500000000012715], [115.63500000001056, 0.03500000000012715], [115.63500000001056, 0.025000000000127365], [115.62500000001056, 0.025000000000127365]]], [[[116.01500000001076, 0.13500000000012502], [116.01500000001076, 0.12500000000012523], [115.97500000001074, 0.12500000000012523], [115.97500000001074, 0.13500000000012502], [116.01500000001076, 0.13500000000012502]]], [[[114.60500000001004, 0.26500000000012225], [114.61500000001004, 0.26500000000012225], [114.61500000001004, 0.25500000000012246], [114.62500000001005, 0.25500000000012246], [114.62500000001005, 0.2350000000001229], [114.61500000001004, 0.2350000000001229], [114.61500000001004, 0.2250000000001231], [114.60500000001004, 0.2250000000001231], [114.60500000001004, 0.21500000000012331], [114.59500000001003, 0.21500000000012331], [114.59500000001003, 0.20500000000012353], [114.58500000001003, 0.20500000000012353], [114.58500000001003, 0.19500000000012374], [114.56500000001002, 0.19500000000012374], [114.56500000001002, 0.18500000000012395], [114.54500000001, 0.18500000000012395], [114.54500000001, 0.17500000000012417], [114.51500000000999, 0.17500000000012417], [114.51500000000999, 0.16500000000012438], [114.48500000000998, 0.16500000000012438], [114.48500000000998, 0.17500000000012417], [114.46500000000997, 0.17500000000012417], [114.46500000000997, 0.18500000000012395], [114.45500000000996, 0.18500000000012395], [114.45500000000996, 0.19500000000012374], [114.43500000000995, 0.19500000000012374], [114.43500000000995, 0.20500000000012353], [114.42500000000994, 0.20500000000012353], [114.42500000000994, 0.21500000000012331], [114.41500000000994, 0.21500000000012331], [114.41500000000994, 0.2250000000001231], [114.40500000000993, 0.2250000000001231], [114.40500000000993, 0.2350000000001229], [114.39500000000993, 0.2350000000001229], [114.39500000000993, 0.25500000000012246], [114.40500000000993, 0.25500000000012246], [114.40500000000993, 0.26500000000012225], [114.41500000000994, 0.26500000000012225], [114.41500000000994, 0.27500000000012204], [114.43500000000995, 0.27500000000012204], [114.43500000000995, 0.2850000000001218], [114.46500000000997, 0.2850000000001218], [114.46500000000997, 0.2950000000001216], [114.49500000000998, 0.2950000000001216], [114.49500000000998, 0.3050000000001214], [114.51500000000999, 0.3050000000001214], [114.51500000000999, 0.2950000000001216], [114.55500000001001, 0.2950000000001216], [114.55500000001001, 0.2850000000001218], [114.57500000001002, 0.2850000000001218], [114.57500000001002, 0.27500000000012204], [114.60500000001004, 0.27500000000012204], [114.60500000001004, 0.26500000000012225]]], [[[115.14500000001031, 0.3950000000001195], [115.13500000001031, 0.3950000000001195], [115.13500000001031, 0.3750000000001199], [115.1250000000103, 0.3750000000001199], [115.1250000000103, 0.35500000000012033], [115.1150000000103, 0.35500000000012033], [115.1150000000103, 0.34500000000012054], [115.10500000001029, 0.34500000000012054], [115.10500000001029, 0.3750000000001199], [115.09500000001029, 0.3750000000001199], [115.09500000001029, 0.41500000000011905], [115.08500000001028, 0.41500000000011905], [115.08500000001028, 0.4350000000001186], [115.07500000001028, 0.4350000000001186], [115.07500000001028, 0.465000000000118], [115.06500000001027, 0.465000000000118], [115.06500000001027, 0.48500000000011756], [115.05500000001027, 0.48500000000011756], [115.05500000001027, 0.49500000000011735], [115.04500000001026, 0.49500000000011735], [115.04500000001026, 0.5050000000001171], [115.03500000001026, 0.5050000000001171], [115.03500000001026, 0.5150000000001169], [115.04500000001026, 0.5150000000001169], [115.04500000001026, 0.5250000000001167], [115.05500000001027, 0.5250000000001167], [115.05500000001027, 0.5350000000001165], [115.06500000001027, 0.5350000000001165], [115.06500000001027, 0.5450000000001163], [115.08500000001028, 0.5450000000001163], [115.08500000001028, 0.5550000000001161], [115.10500000001029, 0.5550000000001161], [115.10500000001029, 0.5650000000001159], [115.1250000000103, 0.5650000000001159], [115.1250000000103, 0.5750000000001156], [115.15500000001032, 0.5750000000001156], [115.15500000001032, 0.5350000000001165], [115.16500000001032, 0.5350000000001165], [115.16500000001032, 0.4550000000001182], [115.15500000001032, 0.4550000000001182], [115.15500000001032, 0.41500000000011905], [115.14500000001031, 0.41500000000011905], [115.14500000001031, 0.3950000000001195]]], [[[114.3450000000099, 0.605000000000115], [114.36500000000991, 0.605000000000115], [114.36500000000991, 0.5950000000001152], [114.37500000000992, 0.5950000000001152], [114.37500000000992, 0.5850000000001154], [114.39500000000993, 0.5850000000001154], [114.39500000000993, 0.5750000000001156], [114.40500000000993, 0.5750000000001156], [114.40500000000993, 0.5650000000001159], [114.39500000000993, 0.5650000000001159], [114.39500000000993, 0.5550000000001161], [114.35500000000991, 0.5550000000001161], [114.35500000000991, 0.5450000000001163], [114.3250000000099, 0.5450000000001163], [114.3250000000099, 0.5350000000001165], [114.28500000000987, 0.5350000000001165], [114.28500000000987, 0.5250000000001167], [114.26500000000986, 0.5250000000001167], [114.26500000000986, 0.5150000000001169], [114.23500000000985, 0.5150000000001169], [114.23500000000985, 0.5050000000001171], [114.22500000000984, 0.5050000000001171], [114.22500000000984, 0.48500000000011756], [114.24500000000985, 0.48500000000011756], [114.24500000000985, 0.4750000000001178], [114.26500000000986, 0.4750000000001178], [114.26500000000986, 0.465000000000118], [114.30500000000988, 0.465000000000118], [114.30500000000988, 0.4550000000001182], [114.38500000000992, 0.4550000000001182], [114.38500000000992, 0.4450000000001184], [114.40500000000993, 0.4450000000001184], [114.40500000000993, 0.4350000000001186], [114.39500000000993, 0.4350000000001186], [114.39500000000993, 0.42500000000011884], [114.38500000000992, 0.42500000000011884], [114.38500000000992, 0.41500000000011905], [114.37500000000992, 0.41500000000011905], [114.37500000000992, 0.40500000000011926], [114.36500000000991, 0.40500000000011926], [114.36500000000991, 0.3950000000001195], [114.35500000000991, 0.3950000000001195], [114.35500000000991, 0.3850000000001197], [114.3450000000099, 0.3850000000001197], [114.3450000000099, 0.3750000000001199], [114.3350000000099, 0.3750000000001199], [114.3350000000099, 0.3650000000001201], [114.3250000000099, 0.3650000000001201], [114.3250000000099, 0.35500000000012033], [114.31500000000989, 0.35500000000012033], [114.31500000000989, 0.34500000000012054], [114.30500000000988, 0.34500000000012054], [114.30500000000988, 0.33500000000012076], [114.29500000000988, 0.33500000000012076], [114.29500000000988, 0.32500000000012097], [114.28500000000987, 0.32500000000012097], [114.28500000000987, 0.3150000000001212], [114.27500000000987, 0.3150000000001212], [114.27500000000987, 0.3050000000001214], [114.26500000000986, 0.3050000000001214], [114.26500000000986, 0.2950000000001216], [114.24500000000985, 0.2950000000001216], [114.24500000000985, 0.2850000000001218], [114.22500000000984, 0.2850000000001218], [114.22500000000984, 0.2950000000001216], [114.18500000000982, 0.2950000000001216], [114.18500000000982, 0.3050000000001214], [114.1550000000098, 0.3050000000001214], [114.1550000000098, 0.3150000000001212], [114.1350000000098, 0.3150000000001212], [114.1350000000098, 0.32500000000012097], [114.12500000000979, 0.32500000000012097], [114.12500000000979, 0.34500000000012054], [114.11500000000979, 0.34500000000012054], [114.11500000000979, 0.3650000000001201], [114.10500000000978, 0.3650000000001201], [114.10500000000978, 0.3850000000001197], [114.09500000000978, 0.3850000000001197], [114.09500000000978, 0.42500000000011884], [114.08500000000977, 0.42500000000011884], [114.08500000000977, 0.5050000000001171], [114.09500000000978, 0.5050000000001171], [114.09500000000978, 0.5250000000001167], [114.10500000000978, 0.5250000000001167], [114.10500000000978, 0.5350000000001165], [114.11500000000979, 0.5350000000001165], [114.11500000000979, 0.5450000000001163], [114.12500000000979, 0.5450000000001163], [114.12500000000979, 0.5550000000001161], [114.1350000000098, 0.5550000000001161], [114.1350000000098, 0.5650000000001159], [114.1550000000098, 0.5650000000001159], [114.1550000000098, 0.5750000000001156], [114.16500000000981, 0.5750000000001156], [114.16500000000981, 0.5850000000001154], [114.17500000000982, 0.5850000000001154], [114.17500000000982, 0.5950000000001152], [114.18500000000982, 0.5950000000001152], [114.18500000000982, 0.605000000000115], [114.20500000000983, 0.605000000000115], [114.20500000000983, 0.6150000000001148], [114.21500000000984, 0.6150000000001148], [114.21500000000984, 0.6250000000001146], [114.22500000000984, 0.6250000000001146], [114.22500000000984, 0.6350000000001144], [114.24500000000985, 0.6350000000001144], [114.24500000000985, 0.6450000000001141], [114.26500000000986, 0.6450000000001141], [114.26500000000986, 0.6350000000001144], [114.30500000000988, 0.6350000000001144], [114.30500000000988, 0.6250000000001146], [114.3250000000099, 0.6250000000001146], [114.3250000000099, 0.6150000000001148], [114.3450000000099, 0.6150000000001148], [114.3450000000099, 0.605000000000115]]], [[[114.7250000000101, 0.8250000000001103], [114.7250000000101, 0.8350000000001101], [114.7150000000101, 0.8350000000001101], [114.7150000000101, 0.8550000000001097], [114.77500000001012, 0.8550000000001097], [114.77500000001012, 0.8450000000001099], [114.76500000001012, 0.8450000000001099], [114.76500000001012, 0.8250000000001103], [114.75500000001011, 0.8250000000001103], [114.75500000001011, 0.8150000000001105], [114.7350000000101, 0.8150000000001105], [114.7350000000101, 0.8250000000001103], [114.7250000000101, 0.8250000000001103]]], [[[114.57500000001002, 1.8450000000000886], [114.57500000001002, 1.8350000000000888], [114.58500000001003, 1.8350000000000888], [114.58500000001003, 1.825000000000089], [114.59500000001003, 1.825000000000089], [114.59500000001003, 1.8150000000000892], [114.60500000001004, 1.8150000000000892], [114.60500000001004, 1.8050000000000894], [114.61500000001004, 1.8050000000000894], [114.61500000001004, 1.7850000000000898], [114.62500000001005, 1.7850000000000898], [114.62500000001005, 1.6650000000000924], [114.61500000001004, 1.6650000000000924], [114.61500000001004, 1.635000000000093], [114.60500000001004, 1.635000000000093], [114.60500000001004, 1.6050000000000937], [114.59500000001003, 1.6050000000000937], [114.59500000001003, 1.5650000000000945], [114.51500000000999, 1.5650000000000945], [114.51500000000999, 1.5550000000000948], [114.48500000000998, 1.5550000000000948], [114.48500000000998, 1.545000000000095], [114.46500000000997, 1.545000000000095], [114.46500000000997, 1.5350000000000952], [114.45500000000996, 1.5350000000000952], [114.45500000000996, 1.5250000000000954], [114.43500000000995, 1.5250000000000954], [114.43500000000995, 1.5150000000000956], [114.42500000000994, 1.5150000000000956], [114.42500000000994, 1.5050000000000958], [114.41500000000994, 1.5050000000000958], [114.41500000000994, 1.495000000000096], [114.40500000000993, 1.495000000000096], [114.40500000000993, 1.4650000000000967], [114.39500000000993, 1.4650000000000967], [114.39500000000993, 1.445000000000097], [114.38500000000992, 1.445000000000097], [114.38500000000992, 1.4150000000000977], [114.37500000000992, 1.4150000000000977], [114.37500000000992, 1.3850000000000984], [114.36500000000991, 1.3850000000000984], [114.36500000000991, 1.3650000000000988], [114.35500000000991, 1.3650000000000988], [114.35500000000991, 1.405000000000098], [114.36500000000991, 1.405000000000098], [114.36500000000991, 1.77500000000009], [114.37500000000992, 1.77500000000009], [114.37500000000992, 1.7950000000000896], [114.38500000000992, 1.7950000000000896], [114.38500000000992, 1.8050000000000894], [114.39500000000993, 1.8050000000000894], [114.39500000000993, 1.8150000000000892], [114.40500000000993, 1.8150000000000892], [114.40500000000993, 1.825000000000089], [114.41500000000994, 1.825000000000089], [114.41500000000994, 1.8350000000000888], [114.42500000000994, 1.8350000000000888], [114.42500000000994, 1.8450000000000886], [114.43500000000995, 1.8450000000000886], [114.43500000000995, 1.8550000000000884], [114.44500000000995, 1.8550000000000884], [114.44500000000995, 1.8650000000000881], [114.46500000000997, 1.8650000000000881], [114.46500000000997, 1.875000000000088], [114.48500000000998, 1.875000000000088], [114.48500000000998, 1.8850000000000877], [114.51500000000999, 1.8850000000000877], [114.51500000000999, 1.875000000000088], [114.53500000001, 1.875000000000088], [114.53500000001, 1.8650000000000881], [114.54500000001, 1.8650000000000881], [114.54500000001, 1.8550000000000884], [114.55500000001001, 1.8550000000000884], [114.55500000001001, 1.8450000000000886], [114.57500000001002, 1.8450000000000886]]], [[[118.00500000001178, 1.9750000000000858], [118.01500000001178, 1.9750000000000858], [118.01500000001178, 1.965000000000086], [118.00500000001178, 1.965000000000086], [118.00500000001178, 1.9750000000000858]]], [[[117.8450000000117, 2.005000000000085], [117.8550000000117, 2.005000000000085], [117.8550000000117, 1.9950000000000854], [117.8450000000117, 1.9950000000000854], [117.8450000000117, 2.005000000000085]]], [[[117.99500000001177, 2.015000000000085], [117.99500000001177, 2.005000000000085], [117.98500000001177, 2.005000000000085], [117.98500000001177, 2.015000000000085], [117.99500000001177, 2.015000000000085]]], [[[117.99500000001177, 2.015000000000085], [117.99500000001177, 2.0250000000000847], [118.00500000001178, 2.0250000000000847], [118.00500000001178, 2.015000000000085], [117.99500000001177, 2.015000000000085]]], [[[118.00500000001178, 2.0350000000000845], [118.02500000001179, 2.0350000000000845], [118.02500000001179, 2.0250000000000847], [118.00500000001178, 2.0250000000000847], [118.00500000001178, 2.0350000000000845]]], [[[117.63500000001159, 2.2750000000000794], [117.64500000001159, 2.2750000000000794], [117.64500000001159, 2.2650000000000796], [117.6550000000116, 2.2650000000000796], [117.6550000000116, 2.2250000000000805], [117.6650000000116, 2.2250000000000805], [117.6650000000116, 2.195000000000081], [117.67500000001161, 2.195000000000081], [117.67500000001161, 2.1750000000000815], [117.68500000001161, 2.1750000000000815], [117.68500000001161, 2.1650000000000817], [117.69500000001162, 2.1650000000000817], [117.69500000001162, 2.155000000000082], [117.70500000001162, 2.155000000000082], [117.70500000001162, 2.145000000000082], [117.72500000001163, 2.145000000000082], [117.72500000001163, 2.1350000000000824], [117.75500000001165, 2.1350000000000824], [117.75500000001165, 2.1250000000000826], [117.76500000001165, 2.1250000000000826], [117.76500000001165, 2.115000000000083], [117.77500000001166, 2.115000000000083], [117.77500000001166, 2.105000000000083], [117.78500000001166, 2.105000000000083], [117.78500000001166, 2.0950000000000832], [117.79500000001167, 2.0950000000000832], [117.79500000001167, 2.0850000000000835], [117.80500000001167, 2.0850000000000835], [117.80500000001167, 2.065000000000084], [117.81500000001168, 2.065000000000084], [117.81500000001168, 2.055000000000084], [117.82500000001168, 2.055000000000084], [117.82500000001168, 2.0350000000000845], [117.74500000001164, 2.0350000000000845], [117.74500000001164, 2.0250000000000847], [117.73500000001164, 2.0250000000000847], [117.73500000001164, 2.015000000000085], [117.72500000001163, 2.015000000000085], [117.72500000001163, 2.005000000000085], [117.71500000001163, 2.005000000000085], [117.71500000001163, 1.9950000000000854], [117.70500000001162, 1.9950000000000854], [117.70500000001162, 1.9850000000000856], [117.69500000001162, 1.9850000000000856], [117.69500000001162, 1.9750000000000858], [117.67500000001161, 1.9750000000000858], [117.67500000001161, 1.965000000000086], [117.6650000000116, 1.965000000000086], [117.6650000000116, 1.9750000000000858], [117.64500000001159, 1.9750000000000858], [117.64500000001159, 1.9850000000000856], [117.62500000001158, 1.9850000000000856], [117.62500000001158, 1.9950000000000854], [117.60500000001157, 1.9950000000000854], [117.60500000001157, 2.0250000000000847], [117.59500000001157, 2.0250000000000847], [117.59500000001157, 2.0450000000000843], [117.58500000001156, 2.0450000000000843], [117.58500000001156, 2.055000000000084], [117.57500000001156, 2.055000000000084], [117.57500000001156, 2.065000000000084], [117.55500000001155, 2.065000000000084], [117.55500000001155, 2.0750000000000837], [117.52500000001153, 2.0750000000000837], [117.52500000001153, 2.0850000000000835], [117.50500000001152, 2.0850000000000835], [117.50500000001152, 2.0950000000000832], [117.49500000001152, 2.0950000000000832], [117.49500000001152, 2.105000000000083], [117.48500000001151, 2.105000000000083], [117.48500000001151, 2.1250000000000826], [117.4750000000115, 2.1250000000000826], [117.4750000000115, 2.1350000000000824], [117.4650000000115, 2.1350000000000824], [117.4650000000115, 2.155000000000082], [117.4550000000115, 2.155000000000082], [117.4550000000115, 2.1750000000000815], [117.44500000001149, 2.1750000000000815], [117.44500000001149, 2.195000000000081], [117.43500000001148, 2.195000000000081], [117.43500000001148, 2.2150000000000807], [117.42500000001148, 2.2150000000000807], [117.42500000001148, 2.2250000000000805], [117.41500000001147, 2.2250000000000805], [117.41500000001147, 2.24500000000008], [117.40500000001147, 2.24500000000008], [117.40500000001147, 2.25500000000008], [117.41500000001147, 2.25500000000008], [117.41500000001147, 2.2650000000000796], [117.42500000001148, 2.2650000000000796], [117.42500000001148, 2.2750000000000794], [117.43500000001148, 2.2750000000000794], [117.43500000001148, 2.285000000000079], [117.44500000001149, 2.285000000000079], [117.44500000001149, 2.295000000000079], [117.4650000000115, 2.295000000000079], [117.4650000000115, 2.3050000000000788], [117.4750000000115, 2.3050000000000788], [117.4750000000115, 2.3150000000000786], [117.57500000001156, 2.3150000000000786], [117.57500000001156, 2.3050000000000788], [117.60500000001157, 2.3050000000000788], [117.60500000001157, 2.295000000000079], [117.62500000001158, 2.295000000000079], [117.62500000001158, 2.285000000000079], [117.63500000001159, 2.285000000000079], [117.63500000001159, 2.2750000000000794]]], [[[114.7350000000101, 2.425000000000076], [114.7250000000101, 2.425000000000076], [114.7250000000101, 2.445000000000076], [114.7150000000101, 2.445000000000076], [114.7150000000101, 2.4550000000000756], [114.70500000001009, 2.4550000000000756], [114.70500000001009, 2.4650000000000754], [114.77500000001012, 2.4650000000000754], [114.77500000001012, 2.435000000000076], [114.76500000001012, 2.435000000000076], [114.76500000001012, 2.425000000000076], [114.75500000001011, 2.425000000000076], [114.75500000001011, 2.4150000000000764], [114.7350000000101, 2.4150000000000764], [114.7350000000101, 2.425000000000076]]], [[[117.8650000000117, 2.5050000000000745], [117.8650000000117, 2.4950000000000747], [117.8550000000117, 2.4950000000000747], [117.8550000000117, 2.485000000000075], [117.8450000000117, 2.485000000000075], [117.8450000000117, 2.475000000000075], [117.83500000001169, 2.475000000000075], [117.83500000001169, 2.4650000000000754], [117.82500000001168, 2.4650000000000754], [117.82500000001168, 2.4550000000000756], [117.81500000001168, 2.4550000000000756], [117.81500000001168, 2.445000000000076], [117.80500000001167, 2.445000000000076], [117.80500000001167, 2.435000000000076], [117.79500000001167, 2.435000000000076], [117.79500000001167, 2.425000000000076], [117.78500000001166, 2.425000000000076], [117.78500000001166, 2.4150000000000764], [117.76500000001165, 2.4150000000000764], [117.76500000001165, 2.4050000000000766], [117.73500000001164, 2.4050000000000766], [117.73500000001164, 2.425000000000076], [117.72500000001163, 2.425000000000076], [117.72500000001163, 2.4550000000000756], [117.71500000001163, 2.4550000000000756], [117.71500000001163, 2.5150000000000743], [117.72500000001163, 2.5150000000000743], [117.72500000001163, 2.525000000000074], [117.73500000001164, 2.525000000000074], [117.73500000001164, 2.535000000000074], [117.74500000001164, 2.535000000000074], [117.74500000001164, 2.5450000000000736], [117.77500000001166, 2.5450000000000736], [117.77500000001166, 2.535000000000074], [117.79500000001167, 2.535000000000074], [117.79500000001167, 2.525000000000074], [117.81500000001168, 2.525000000000074], [117.81500000001168, 2.5150000000000743], [117.83500000001169, 2.5150000000000743], [117.83500000001169, 2.5050000000000745], [117.8650000000117, 2.5050000000000745]]], [[[117.4550000000115, 2.8450000000000673], [117.4550000000115, 2.8350000000000675], [117.44500000001149, 2.8350000000000675], [117.44500000001149, 2.8450000000000673], [117.4550000000115, 2.8450000000000673]]], [[[114.78500000001013, 3.19500000000006], [114.79500000001013, 3.19500000000006], [114.79500000001013, 3.17500000000006], [114.80500000001014, 3.17500000000006], [114.80500000001014, 3.135000000000061], [114.81500000001014, 3.135000000000061], [114.81500000001014, 3.1050000000000617], [114.82500000001015, 3.1050000000000617], [114.82500000001015, 3.0550000000000628], [114.83500000001015, 3.0550000000000628], [114.83500000001015, 3.005000000000064], [114.84500000001016, 3.005000000000064], [114.84500000001016, 2.9350000000000653], [114.85500000001016, 2.9350000000000653], [114.85500000001016, 2.895000000000066], [114.84500000001016, 2.895000000000066], [114.84500000001016, 2.8850000000000664], [114.83500000001015, 2.8850000000000664], [114.83500000001015, 2.8750000000000666], [114.81500000001014, 2.8750000000000666], [114.81500000001014, 2.865000000000067], [114.80500000001014, 2.865000000000067], [114.80500000001014, 2.855000000000067], [114.79500000001013, 2.855000000000067], [114.79500000001013, 2.8450000000000673], [114.77500000001012, 2.8450000000000673], [114.77500000001012, 2.8350000000000675], [114.75500000001011, 2.8350000000000675], [114.75500000001011, 2.8250000000000677], [114.68500000001008, 2.8250000000000677], [114.68500000001008, 2.815000000000068], [114.64500000001006, 2.815000000000068], [114.64500000001006, 2.805000000000068], [114.63500000001005, 2.805000000000068], [114.63500000001005, 2.855000000000067], [114.62500000001005, 2.855000000000067], [114.62500000001005, 3.0250000000000634], [114.63500000001005, 3.0250000000000634], [114.63500000001005, 3.0550000000000628], [114.64500000001006, 3.0550000000000628], [114.64500000001006, 3.0750000000000624], [114.65500000001006, 3.0750000000000624], [114.65500000001006, 3.1050000000000617], [114.66500000001007, 3.1050000000000617], [114.66500000001007, 3.1250000000000613], [114.67500000001007, 3.1250000000000613], [114.67500000001007, 3.145000000000061], [114.68500000001008, 3.145000000000061], [114.68500000001008, 3.17500000000006], [114.69500000001008, 3.17500000000006], [114.69500000001008, 3.19500000000006], [114.70500000001009, 3.19500000000006], [114.70500000001009, 3.2050000000000596], [114.7150000000101, 3.2050000000000596], [114.7150000000101, 3.225000000000059], [114.7250000000101, 3.225000000000059], [114.7250000000101, 3.2450000000000587], [114.7350000000101, 3.2450000000000587], [114.7350000000101, 3.2550000000000585], [114.74500000001011, 3.2550000000000585], [114.74500000001011, 3.2650000000000583], [114.75500000001011, 3.2650000000000583], [114.75500000001011, 3.2550000000000585], [114.76500000001012, 3.2550000000000585], [114.76500000001012, 3.2450000000000587], [114.77500000001012, 3.2450000000000587], [114.77500000001012, 3.225000000000059], [114.78500000001013, 3.225000000000059], [114.78500000001013, 3.19500000000006]]], [[[117.05500000001129, 3.885000000000045], [117.09500000001131, 3.885000000000045], [117.09500000001131, 3.8750000000000453], [117.12500000001133, 3.8750000000000453], [117.12500000001133, 3.8650000000000455], [117.15500000001134, 3.8650000000000455], [117.15500000001134, 3.8550000000000457], [117.17500000001135, 3.8550000000000457], [117.17500000001135, 3.845000000000046], [117.20500000001137, 3.845000000000046], [117.20500000001137, 3.835000000000046], [117.22500000001138, 3.835000000000046], [117.22500000001138, 3.8250000000000464], [117.24500000001139, 3.8250000000000464], [117.24500000001139, 3.805000000000047], [117.25500000001139, 3.805000000000047], [117.25500000001139, 3.795000000000047], [117.2650000000114, 3.795000000000047], [117.2650000000114, 3.785000000000047], [117.2750000000114, 3.785000000000047], [117.2750000000114, 3.7650000000000476], [117.28500000001141, 3.7650000000000476], [117.28500000001141, 3.755000000000048], [117.29500000001141, 3.755000000000048], [117.29500000001141, 3.745000000000048], [117.28500000001141, 3.745000000000048], [117.28500000001141, 3.7250000000000485], [117.2750000000114, 3.7250000000000485], [117.2750000000114, 3.7150000000000487], [117.2650000000114, 3.7150000000000487], [117.2650000000114, 3.705000000000049], [117.25500000001139, 3.705000000000049], [117.25500000001139, 3.695000000000049], [117.24500000001139, 3.695000000000049], [117.24500000001139, 3.6750000000000496], [117.23500000001138, 3.6750000000000496], [117.23500000001138, 3.6650000000000498], [117.22500000001138, 3.6650000000000498], [117.22500000001138, 3.64500000000005], [117.21500000001137, 3.64500000000005], [117.21500000001137, 3.6250000000000506], [117.20500000001137, 3.6250000000000506], [117.20500000001137, 3.615000000000051], [117.19500000001136, 3.615000000000051], [117.19500000001136, 3.5950000000000513], [117.18500000001136, 3.5950000000000513], [117.18500000001136, 3.5850000000000515], [117.17500000001135, 3.5850000000000515], [117.17500000001135, 3.5750000000000517], [117.16500000001135, 3.5750000000000517], [117.16500000001135, 3.555000000000052], [117.15500000001134, 3.555000000000052], [117.15500000001134, 3.5450000000000523], [117.14500000001134, 3.5450000000000523], [117.14500000001134, 3.5350000000000525], [117.13500000001133, 3.5350000000000525], [117.13500000001133, 3.5250000000000528], [117.12500000001133, 3.5250000000000528], [117.12500000001133, 3.515000000000053], [117.11500000001132, 3.515000000000053], [117.11500000001132, 3.505000000000053], [117.10500000001132, 3.505000000000053], [117.10500000001132, 3.4950000000000534], [117.11500000001132, 3.4950000000000534], [117.11500000001132, 3.475000000000054], [117.12500000001133, 3.475000000000054], [117.12500000001133, 3.465000000000054], [117.13500000001133, 3.465000000000054], [117.13500000001133, 3.4550000000000542], [117.14500000001134, 3.4550000000000542], [117.14500000001134, 3.4450000000000545], [117.16500000001135, 3.4450000000000545], [117.16500000001135, 3.4350000000000547], [117.17500000001135, 3.4350000000000547], [117.17500000001135, 3.375000000000056], [117.18500000001136, 3.375000000000056], [117.18500000001136, 3.3450000000000566], [117.19500000001136, 3.3450000000000566], [117.19500000001136, 3.325000000000057], [117.20500000001137, 3.325000000000057], [117.20500000001137, 3.3150000000000572], [117.23500000001138, 3.3150000000000572], [117.23500000001138, 3.3050000000000574], [117.25500000001139, 3.3050000000000574], [117.25500000001139, 3.2950000000000577], [117.2650000000114, 3.2950000000000577], [117.2650000000114, 3.335000000000057], [117.2750000000114, 3.335000000000057], [117.2750000000114, 3.4050000000000553], [117.28500000001141, 3.4050000000000553], [117.28500000001141, 3.415000000000055], [117.31500000001142, 3.415000000000055], [117.31500000001142, 3.4050000000000553], [117.30500000001142, 3.4050000000000553], [117.30500000001142, 3.3450000000000566], [117.29500000001141, 3.3450000000000566], [117.29500000001141, 3.275000000000058], [117.28500000001141, 3.275000000000058], [117.28500000001141, 3.2650000000000583], [117.29500000001141, 3.2650000000000583], [117.29500000001141, 3.2550000000000585], [117.30500000001142, 3.2550000000000585], [117.30500000001142, 3.235000000000059], [117.31500000001142, 3.235000000000059], [117.31500000001142, 3.2050000000000596], [117.32500000001143, 3.2050000000000596], [117.32500000001143, 3.18500000000006], [117.33500000001143, 3.18500000000006], [117.33500000001143, 3.1550000000000606], [117.34500000001144, 3.1550000000000606], [117.34500000001144, 3.135000000000061], [117.35500000001144, 3.135000000000061], [117.35500000001144, 3.1050000000000617], [117.36500000001145, 3.1050000000000617], [117.36500000001145, 3.0650000000000626], [117.37500000001145, 3.0650000000000626], [117.37500000001145, 3.0250000000000634], [117.38500000001146, 3.0250000000000634], [117.38500000001146, 2.9650000000000647], [117.39500000001146, 2.9650000000000647], [117.39500000001146, 2.855000000000067], [117.40500000001147, 2.855000000000067], [117.40500000001147, 2.7950000000000683], [117.41500000001147, 2.7950000000000683], [117.41500000001147, 2.815000000000068], [117.42500000001148, 2.815000000000068], [117.42500000001148, 2.8250000000000677], [117.43500000001148, 2.8250000000000677], [117.43500000001148, 2.8350000000000675], [117.44500000001149, 2.8350000000000675], [117.44500000001149, 2.815000000000068], [117.43500000001148, 2.815000000000068], [117.43500000001148, 2.7850000000000685], [117.42500000001148, 2.7850000000000685], [117.42500000001148, 2.765000000000069], [117.41500000001147, 2.765000000000069], [117.41500000001147, 2.7350000000000696], [117.40500000001147, 2.7350000000000696], [117.40500000001147, 2.72500000000007], [117.39500000001146, 2.72500000000007], [117.39500000001146, 2.7350000000000696], [117.38500000001146, 2.7350000000000696], [117.38500000001146, 2.72500000000007], [117.37500000001145, 2.72500000000007], [117.37500000001145, 2.71500000000007], [117.35500000001144, 2.71500000000007], [117.35500000001144, 2.7050000000000702], [117.34500000001144, 2.7050000000000702], [117.34500000001144, 2.6950000000000705], [117.32500000001143, 2.6950000000000705], [117.32500000001143, 2.6850000000000707], [117.31500000001142, 2.6850000000000707], [117.31500000001142, 2.675000000000071], [117.29500000001141, 2.675000000000071], [117.29500000001141, 2.665000000000071], [117.2750000000114, 2.665000000000071], [117.2750000000114, 2.6550000000000713], [117.2650000000114, 2.6550000000000713], [117.2650000000114, 2.6450000000000715], [117.22500000001138, 2.6450000000000715], [117.22500000001138, 2.6550000000000713], [117.19500000001136, 2.6550000000000713], [117.19500000001136, 2.665000000000071], [117.18500000001136, 2.665000000000071], [117.18500000001136, 2.675000000000071], [117.17500000001135, 2.675000000000071], [117.17500000001135, 2.6850000000000707], [117.16500000001135, 2.6850000000000707], [117.16500000001135, 2.6950000000000705], [117.14500000001134, 2.6950000000000705], [117.14500000001134, 2.7050000000000702], [117.13500000001133, 2.7050000000000702], [117.13500000001133, 2.71500000000007], [117.12500000001133, 2.71500000000007], [117.12500000001133, 2.72500000000007], [117.10500000001132, 2.72500000000007], [117.10500000001132, 2.7350000000000696], [117.09500000001131, 2.7350000000000696], [117.09500000001131, 2.7450000000000694], [117.0850000000113, 2.7450000000000694], [117.0850000000113, 2.9250000000000655], [117.09500000001131, 2.9250000000000655], [117.09500000001131, 3.035000000000063], [117.10500000001132, 3.035000000000063], [117.10500000001132, 3.0650000000000626], [117.11500000001132, 3.0650000000000626], [117.11500000001132, 3.095000000000062], [117.12500000001133, 3.095000000000062], [117.12500000001133, 3.1150000000000615], [117.13500000001133, 3.1150000000000615], [117.13500000001133, 3.135000000000061], [117.14500000001134, 3.135000000000061], [117.14500000001134, 3.145000000000061], [117.15500000001134, 3.145000000000061], [117.15500000001134, 3.1550000000000606], [117.16500000001135, 3.1550000000000606], [117.16500000001135, 3.18500000000006], [117.15500000001134, 3.18500000000006], [117.15500000001134, 3.19500000000006], [117.13500000001133, 3.19500000000006], [117.13500000001133, 3.2050000000000596], [117.11500000001132, 3.2050000000000596], [117.11500000001132, 3.2150000000000594], [117.10500000001132, 3.2150000000000594], [117.10500000001132, 3.225000000000059], [117.09500000001131, 3.225000000000059], [117.09500000001131, 3.235000000000059], [117.11500000001132, 3.235000000000059], [117.11500000001132, 3.2550000000000585], [117.10500000001132, 3.2550000000000585], [117.10500000001132, 3.2650000000000583], [117.0850000000113, 3.2650000000000583], [117.0850000000113, 3.275000000000058], [117.0650000000113, 3.275000000000058], [117.0650000000113, 3.325000000000057], [117.05500000001129, 3.325000000000057], [117.05500000001129, 3.3850000000000557], [117.03500000001128, 3.3850000000000557], [117.03500000001128, 3.375000000000056], [116.98500000001125, 3.375000000000056], [116.98500000001125, 3.3850000000000557], [116.96500000001124, 3.3850000000000557], [116.96500000001124, 3.3950000000000555], [116.95500000001124, 3.3950000000000555], [116.95500000001124, 3.4050000000000553], [116.93500000001123, 3.4050000000000553], [116.93500000001123, 3.415000000000055], [116.92500000001122, 3.415000000000055], [116.92500000001122, 3.425000000000055], [116.90500000001121, 3.425000000000055], [116.90500000001121, 3.4350000000000547], [116.8850000000112, 3.4350000000000547], [116.8850000000112, 3.4450000000000545], [116.8750000000112, 3.4450000000000545], [116.8750000000112, 3.4550000000000542], [116.85500000001119, 3.4550000000000542], [116.85500000001119, 3.3950000000000555], [116.8650000000112, 3.3950000000000555], [116.8650000000112, 3.2650000000000583], [116.85500000001119, 3.2650000000000583], [116.85500000001119, 3.2550000000000585], [116.83500000001118, 3.2550000000000585], [116.83500000001118, 3.2450000000000587], [116.77500000001115, 3.2450000000000587], [116.77500000001115, 3.235000000000059], [116.70500000001111, 3.235000000000059], [116.70500000001111, 3.2450000000000587], [116.6950000000111, 3.2450000000000587], [116.6950000000111, 3.285000000000058], [116.70500000001111, 3.285000000000058], [116.70500000001111, 3.3150000000000572], [116.71500000001112, 3.3150000000000572], [116.71500000001112, 3.3550000000000564], [116.72500000001112, 3.3550000000000564], [116.72500000001112, 3.4050000000000553], [116.73500000001113, 3.4050000000000553], [116.73500000001113, 3.475000000000054], [116.74500000001113, 3.475000000000054], [116.74500000001113, 3.5450000000000523], [116.75500000001114, 3.5450000000000523], [116.75500000001114, 3.605000000000051], [116.76500000001114, 3.605000000000051], [116.76500000001114, 3.65500000000005], [116.77500000001115, 3.65500000000005], [116.77500000001115, 3.705000000000049], [116.78500000001115, 3.705000000000049], [116.78500000001115, 3.795000000000047], [116.77500000001115, 3.795000000000047], [116.77500000001115, 3.8150000000000466], [116.78500000001115, 3.8150000000000466], [116.78500000001115, 3.8250000000000464], [116.79500000001116, 3.8250000000000464], [116.79500000001116, 3.835000000000046], [116.80500000001116, 3.835000000000046], [116.80500000001116, 3.845000000000046], [116.81500000001117, 3.845000000000046], [116.81500000001117, 3.8550000000000457], [116.82500000001117, 3.8550000000000457], [116.82500000001117, 3.8650000000000455], [116.83500000001118, 3.8650000000000455], [116.83500000001118, 3.8750000000000453], [116.84500000001118, 3.8750000000000453], [116.84500000001118, 3.885000000000045], [116.85500000001119, 3.885000000000045], [116.85500000001119, 3.895000000000045], [116.8650000000112, 3.895000000000045], [116.8650000000112, 3.9050000000000447], [116.8750000000112, 3.9050000000000447], [116.8750000000112, 3.9150000000000444], [116.8850000000112, 3.9150000000000444], [116.8850000000112, 3.9250000000000442], [116.90500000001121, 3.9250000000000442], [116.90500000001121, 3.9150000000000444], [116.94500000001123, 3.9150000000000444], [116.94500000001123, 3.9050000000000447], [117.01500000001127, 3.9050000000000447], [117.01500000001127, 3.895000000000045], [117.05500000001129, 3.895000000000045], [117.05500000001129, 3.885000000000045]]], [[[117.53500000001154, 3.515000000000053], [117.54500000001154, 3.515000000000053], [117.54500000001154, 3.505000000000053], [117.55500000001155, 3.505000000000053], [117.55500000001155, 3.4850000000000536], [117.56500000001155, 3.4850000000000536], [117.56500000001155, 3.4550000000000542], [117.57500000001156, 3.4550000000000542], [117.57500000001156, 3.4350000000000547], [117.58500000001156, 3.4350000000000547], [117.58500000001156, 3.3950000000000555], [117.59500000001157, 3.3950000000000555], [117.59500000001157, 3.365000000000056], [117.60500000001157, 3.365000000000056], [117.60500000001157, 3.325000000000057], [117.61500000001158, 3.325000000000057], [117.61500000001158, 3.285000000000058], [117.62500000001158, 3.285000000000058], [117.62500000001158, 3.235000000000059], [117.61500000001158, 3.235000000000059], [117.61500000001158, 3.2050000000000596], [117.60500000001157, 3.2050000000000596], [117.60500000001157, 3.18500000000006], [117.59500000001157, 3.18500000000006], [117.59500000001157, 3.1650000000000604], [117.58500000001156, 3.1650000000000604], [117.58500000001156, 3.145000000000061], [117.57500000001156, 3.145000000000061], [117.57500000001156, 3.1250000000000613], [117.56500000001155, 3.1250000000000613], [117.56500000001155, 3.1050000000000617], [117.55500000001155, 3.1050000000000617], [117.55500000001155, 3.085000000000062], [117.54500000001154, 3.085000000000062], [117.54500000001154, 3.095000000000062], [117.53500000001154, 3.095000000000062], [117.53500000001154, 3.1050000000000617], [117.52500000001153, 3.1050000000000617], [117.52500000001153, 3.1150000000000615], [117.50500000001152, 3.1150000000000615], [117.50500000001152, 3.1250000000000613], [117.49500000001152, 3.1250000000000613], [117.49500000001152, 3.135000000000061], [117.4750000000115, 3.135000000000061], [117.4750000000115, 3.145000000000061], [117.4550000000115, 3.145000000000061], [117.4550000000115, 3.1550000000000606], [117.44500000001149, 3.1550000000000606], [117.44500000001149, 3.1650000000000604], [117.43500000001148, 3.1650000000000604], [117.43500000001148, 3.17500000000006], [117.42500000001148, 3.17500000000006], [117.42500000001148, 3.19500000000006], [117.41500000001147, 3.19500000000006], [117.41500000001147, 3.2050000000000596], [117.40500000001147, 3.2050000000000596], [117.40500000001147, 3.225000000000059], [117.39500000001146, 3.225000000000059], [117.39500000001146, 3.2950000000000577], [117.40500000001147, 3.2950000000000577], [117.40500000001147, 3.3450000000000566], [117.41500000001147, 3.3450000000000566], [117.41500000001147, 3.3950000000000555], [117.42500000001148, 3.3950000000000555], [117.42500000001148, 3.4450000000000545], [117.43500000001148, 3.4450000000000545], [117.43500000001148, 3.4550000000000542], [117.42500000001148, 3.4550000000000542], [117.42500000001148, 3.4950000000000534], [117.43500000001148, 3.4950000000000534], [117.43500000001148, 3.505000000000053], [117.44500000001149, 3.505000000000053], [117.44500000001149, 3.5250000000000528], [117.4550000000115, 3.5250000000000528], [117.4550000000115, 3.5350000000000525], [117.4750000000115, 3.5350000000000525], [117.4750000000115, 3.5450000000000523], [117.48500000001151, 3.5450000000000523], [117.48500000001151, 3.555000000000052], [117.50500000001152, 3.555000000000052], [117.50500000001152, 3.5450000000000523], [117.51500000001153, 3.5450000000000523], [117.51500000001153, 3.5350000000000525], [117.52500000001153, 3.5350000000000525], [117.52500000001153, 3.5250000000000528], [117.53500000001154, 3.5250000000000528], [117.53500000001154, 3.515000000000053]]], [[[114.22500000000984, 3.4350000000000547], [114.22500000000984, 3.4550000000000542], [114.25500000000986, 3.4550000000000542], [114.25500000000986, 3.465000000000054], [114.27500000000987, 3.465000000000054], [114.27500000000987, 3.4450000000000545], [114.26500000000986, 3.4450000000000545], [114.26500000000986, 3.4350000000000547], [114.25500000000986, 3.4350000000000547], [114.25500000000986, 3.425000000000055], [114.23500000000985, 3.425000000000055], [114.23500000000985, 3.4350000000000547], [114.22500000000984, 3.4350000000000547]]], [[[116.50500000001101, 3.515000000000053], [116.50500000001101, 3.505000000000053], [116.495000000011, 3.505000000000053], [116.495000000011, 3.515000000000053], [116.50500000001101, 3.515000000000053]]], [[[114.98500000001023, 3.6250000000000506], [115.00500000001024, 3.6250000000000506], [115.00500000001024, 3.615000000000051], [115.01500000001025, 3.615000000000051], [115.01500000001025, 3.605000000000051], [115.03500000001026, 3.605000000000051], [115.03500000001026, 3.5950000000000513], [115.04500000001026, 3.5950000000000513], [115.04500000001026, 3.5850000000000515], [115.05500000001027, 3.5850000000000515], [115.05500000001027, 3.5750000000000517], [115.06500000001027, 3.5750000000000517], [115.06500000001027, 3.565000000000052], [115.07500000001028, 3.565000000000052], [115.07500000001028, 3.5450000000000523], [115.08500000001028, 3.5450000000000523], [115.08500000001028, 3.5350000000000525], [115.09500000001029, 3.5350000000000525], [115.09500000001029, 3.505000000000053], [115.10500000001029, 3.505000000000053], [115.10500000001029, 3.465000000000054], [115.1150000000103, 3.465000000000054], [115.1150000000103, 3.4450000000000545], [115.1250000000103, 3.4450000000000545], [115.1250000000103, 3.425000000000055], [115.1150000000103, 3.425000000000055], [115.1150000000103, 3.415000000000055], [115.10500000001029, 3.415000000000055], [115.10500000001029, 3.4050000000000553], [115.09500000001029, 3.4050000000000553], [115.09500000001029, 3.3950000000000555], [115.07500000001028, 3.3950000000000555], [115.07500000001028, 3.3850000000000557], [115.05500000001027, 3.3850000000000557], [115.05500000001027, 3.375000000000056], [115.02500000001025, 3.375000000000056], [115.02500000001025, 3.365000000000056], [114.96500000001022, 3.365000000000056], [114.96500000001022, 3.375000000000056], [114.9250000000102, 3.375000000000056], [114.9250000000102, 3.3850000000000557], [114.90500000001019, 3.3850000000000557], [114.90500000001019, 3.3950000000000555], [114.88500000001018, 3.3950000000000555], [114.88500000001018, 3.4050000000000553], [114.87500000001017, 3.4050000000000553], [114.87500000001017, 3.425000000000055], [114.86500000001017, 3.425000000000055], [114.86500000001017, 3.4450000000000545], [114.85500000001016, 3.4450000000000545], [114.85500000001016, 3.475000000000054], [114.84500000001016, 3.475000000000054], [114.84500000001016, 3.5250000000000528], [114.85500000001016, 3.5250000000000528], [114.85500000001016, 3.555000000000052], [114.86500000001017, 3.555000000000052], [114.86500000001017, 3.5750000000000517], [114.87500000001017, 3.5750000000000517], [114.87500000001017, 3.605000000000051], [114.88500000001018, 3.605000000000051], [114.88500000001018, 3.6250000000000506], [114.89500000001019, 3.6250000000000506], [114.89500000001019, 3.64500000000005], [114.90500000001019, 3.64500000000005], [114.90500000001019, 3.6650000000000498], [114.9350000000102, 3.6650000000000498], [114.9350000000102, 3.65500000000005], [114.95500000001022, 3.65500000000005], [114.95500000001022, 3.64500000000005], [114.96500000001022, 3.64500000000005], [114.96500000001022, 3.6350000000000504], [114.98500000001023, 3.6350000000000504], [114.98500000001023, 3.6250000000000506]]], [[[117.48500000001151, 3.5950000000000513], [117.54500000001154, 3.5950000000000513], [117.54500000001154, 3.5850000000000515], [117.48500000001151, 3.5850000000000515], [117.48500000001151, 3.5950000000000513]]], [[[117.74500000001164, 4.0550000000000415], [117.73500000001164, 4.0550000000000415], [117.73500000001164, 4.045000000000042], [117.72500000001163, 4.045000000000042], [117.72500000001163, 4.035000000000042], [117.71500000001163, 4.035000000000042], [117.71500000001163, 4.015000000000042], [117.70500000001162, 4.015000000000042], [117.70500000001162, 3.985000000000043], [117.71500000001163, 3.985000000000043], [117.71500000001163, 3.9650000000000434], [117.72500000001163, 3.9650000000000434], [117.72500000001163, 3.9550000000000436], [117.73500000001164, 3.9550000000000436], [117.73500000001164, 3.945000000000044], [117.74500000001164, 3.945000000000044], [117.74500000001164, 3.935000000000044], [117.75500000001165, 3.935000000000044], [117.75500000001165, 3.9250000000000442], [117.78500000001166, 3.9250000000000442], [117.78500000001166, 3.9150000000000444], [117.81500000001168, 3.9150000000000444], [117.81500000001168, 3.9050000000000447], [117.8450000000117, 3.9050000000000447], [117.8450000000117, 3.845000000000046], [117.8550000000117, 3.845000000000046], [117.8550000000117, 3.6750000000000496], [117.8650000000117, 3.6750000000000496], [117.8650000000117, 3.605000000000051], [117.8550000000117, 3.605000000000051], [117.8550000000117, 3.5950000000000513], [117.83500000001169, 3.5950000000000513], [117.83500000001169, 3.5850000000000515], [117.81500000001168, 3.5850000000000515], [117.81500000001168, 3.5750000000000517], [117.79500000001167, 3.5750000000000517], [117.79500000001167, 3.565000000000052], [117.75500000001165, 3.565000000000052], [117.75500000001165, 3.555000000000052], [117.73500000001164, 3.555000000000052], [117.73500000001164, 3.5450000000000523], [117.71500000001163, 3.5450000000000523], [117.71500000001163, 3.5350000000000525], [117.70500000001162, 3.5350000000000525], [117.70500000001162, 3.5250000000000528], [117.68500000001161, 3.5250000000000528], [117.68500000001161, 3.515000000000053], [117.67500000001161, 3.515000000000053], [117.67500000001161, 3.505000000000053], [117.6650000000116, 3.505000000000053], [117.6650000000116, 3.4850000000000536], [117.6550000000116, 3.4850000000000536], [117.6550000000116, 3.4450000000000545], [117.64500000001159, 3.4450000000000545], [117.64500000001159, 3.415000000000055], [117.63500000001159, 3.415000000000055], [117.63500000001159, 3.3850000000000557], [117.62500000001158, 3.3850000000000557], [117.62500000001158, 3.3550000000000564], [117.61500000001158, 3.3550000000000564], [117.61500000001158, 3.4050000000000553], [117.62500000001158, 3.4050000000000553], [117.62500000001158, 3.515000000000053], [117.63500000001159, 3.515000000000053], [117.63500000001159, 3.5250000000000528], [117.64500000001159, 3.5250000000000528], [117.64500000001159, 3.5350000000000525], [117.6550000000116, 3.5350000000000525], [117.6550000000116, 3.5450000000000523], [117.6650000000116, 3.5450000000000523], [117.6650000000116, 3.565000000000052], [117.67500000001161, 3.565000000000052], [117.67500000001161, 3.5750000000000517], [117.68500000001161, 3.5750000000000517], [117.68500000001161, 3.5850000000000515], [117.69500000001162, 3.5850000000000515], [117.69500000001162, 3.5950000000000513], [117.70500000001162, 3.5950000000000513], [117.70500000001162, 3.605000000000051], [117.71500000001163, 3.605000000000051], [117.71500000001163, 3.615000000000051], [117.72500000001163, 3.615000000000051], [117.72500000001163, 3.6250000000000506], [117.74500000001164, 3.6250000000000506], [117.74500000001164, 3.6350000000000504], [117.75500000001165, 3.6350000000000504], [117.75500000001165, 3.64500000000005], [117.76500000001165, 3.64500000000005], [117.76500000001165, 3.65500000000005], [117.77500000001166, 3.65500000000005], [117.77500000001166, 3.6650000000000498], [117.78500000001166, 3.6650000000000498], [117.78500000001166, 3.6750000000000496], [117.79500000001167, 3.6750000000000496], [117.79500000001167, 3.6850000000000493], [117.80500000001167, 3.6850000000000493], [117.80500000001167, 3.705000000000049], [117.81500000001168, 3.705000000000049], [117.81500000001168, 3.7250000000000485], [117.82500000001168, 3.7250000000000485], [117.82500000001168, 3.7650000000000476], [117.81500000001168, 3.7650000000000476], [117.81500000001168, 3.785000000000047], [117.80500000001167, 3.785000000000047], [117.80500000001167, 3.795000000000047], [117.79500000001167, 3.795000000000047], [117.79500000001167, 3.805000000000047], [117.78500000001166, 3.805000000000047], [117.78500000001166, 3.8150000000000466], [117.77500000001166, 3.8150000000000466], [117.77500000001166, 3.8250000000000464], [117.76500000001165, 3.8250000000000464], [117.76500000001165, 3.835000000000046], [117.75500000001165, 3.835000000000046], [117.75500000001165, 3.845000000000046], [117.74500000001164, 3.845000000000046], [117.74500000001164, 3.8550000000000457], [117.73500000001164, 3.8550000000000457], [117.73500000001164, 3.8650000000000455], [117.72500000001163, 3.8650000000000455], [117.72500000001163, 3.8750000000000453], [117.71500000001163, 3.8750000000000453], [117.71500000001163, 3.885000000000045], [117.70500000001162, 3.885000000000045], [117.70500000001162, 3.9050000000000447], [117.69500000001162, 3.9050000000000447], [117.69500000001162, 3.9250000000000442], [117.68500000001161, 3.9250000000000442], [117.68500000001161, 3.945000000000044], [117.67500000001161, 3.945000000000044], [117.67500000001161, 3.9650000000000434], [117.6650000000116, 3.9650000000000434], [117.6650000000116, 4.025000000000042], [117.67500000001161, 4.025000000000042], [117.67500000001161, 4.035000000000042], [117.68500000001161, 4.035000000000042], [117.68500000001161, 4.0550000000000415], [117.69500000001162, 4.0550000000000415], [117.69500000001162, 4.065000000000041], [117.70500000001162, 4.065000000000041], [117.70500000001162, 4.075000000000041], [117.71500000001163, 4.075000000000041], [117.71500000001163, 4.085000000000041], [117.72500000001163, 4.085000000000041], [117.72500000001163, 4.095000000000041], [117.73500000001164, 4.095000000000041], [117.73500000001164, 4.10500000000004], [117.74500000001164, 4.10500000000004], [117.74500000001164, 4.11500000000004], [117.77500000001166, 4.11500000000004], [117.77500000001166, 4.12500000000004], [117.83500000001169, 4.12500000000004], [117.83500000001169, 4.13500000000004], [117.8650000000117, 4.13500000000004], [117.8650000000117, 4.11500000000004], [117.8550000000117, 4.11500000000004], [117.8550000000117, 4.075000000000041], [117.76500000001165, 4.075000000000041], [117.76500000001165, 4.065000000000041], [117.74500000001164, 4.065000000000041], [117.74500000001164, 4.0550000000000415]]], [[[114.51500000000999, 3.7650000000000476], [114.51500000000999, 3.7350000000000483], [114.48500000000998, 3.7350000000000483], [114.48500000000998, 3.7650000000000476], [114.51500000000999, 3.7650000000000476]]], [[[116.55500000001103, 3.8150000000000466], [116.55500000001103, 3.805000000000047], [116.57500000001104, 3.805000000000047], [116.57500000001104, 3.795000000000047], [116.58500000001105, 3.795000000000047], [116.58500000001105, 3.785000000000047], [116.59500000001105, 3.785000000000047], [116.59500000001105, 3.7750000000000474], [116.60500000001106, 3.7750000000000474], [116.60500000001106, 3.7650000000000476], [116.62500000001107, 3.7650000000000476], [116.62500000001107, 3.7350000000000483], [116.61500000001107, 3.7350000000000483], [116.61500000001107, 3.7250000000000485], [116.60500000001106, 3.7250000000000485], [116.60500000001106, 3.7150000000000487], [116.59500000001105, 3.7150000000000487], [116.59500000001105, 3.705000000000049], [116.58500000001105, 3.705000000000049], [116.58500000001105, 3.695000000000049], [116.56500000001104, 3.695000000000049], [116.56500000001104, 3.6850000000000493], [116.55500000001103, 3.6850000000000493], [116.55500000001103, 3.6750000000000496], [116.53500000001102, 3.6750000000000496], [116.53500000001102, 3.6650000000000498], [116.51500000001101, 3.6650000000000498], [116.51500000001101, 3.65500000000005], [116.485000000011, 3.65500000000005], [116.485000000011, 3.6650000000000498], [116.475000000011, 3.6650000000000498], [116.475000000011, 3.6750000000000496], [116.45500000001098, 3.6750000000000496], [116.45500000001098, 3.6850000000000493], [116.44500000001098, 3.6850000000000493], [116.44500000001098, 3.695000000000049], [116.43500000001097, 3.695000000000049], [116.43500000001097, 3.7150000000000487], [116.42500000001097, 3.7150000000000487], [116.42500000001097, 3.7250000000000485], [116.41500000001096, 3.7250000000000485], [116.41500000001096, 3.7350000000000483], [116.40500000001096, 3.7350000000000483], [116.40500000001096, 3.7650000000000476], [116.41500000001096, 3.7650000000000476], [116.41500000001096, 3.7750000000000474], [116.42500000001097, 3.7750000000000474], [116.42500000001097, 3.795000000000047], [116.43500000001097, 3.795000000000047], [116.43500000001097, 3.805000000000047], [116.44500000001098, 3.805000000000047], [116.44500000001098, 3.8150000000000466], [116.45500000001098, 3.8150000000000466], [116.45500000001098, 3.8250000000000464], [116.46500000001099, 3.8250000000000464], [116.46500000001099, 3.835000000000046], [116.475000000011, 3.835000000000046], [116.475000000011, 3.845000000000046], [116.485000000011, 3.845000000000046], [116.485000000011, 3.8550000000000457], [116.50500000001101, 3.8550000000000457], [116.50500000001101, 3.845000000000046], [116.52500000001102, 3.845000000000046], [116.52500000001102, 3.835000000000046], [116.53500000001102, 3.835000000000046], [116.53500000001102, 3.8250000000000464], [116.54500000001103, 3.8250000000000464], [116.54500000001103, 3.8150000000000466], [116.55500000001103, 3.8150000000000466]]], [[[117.64500000001159, 3.805000000000047], [117.6550000000116, 3.805000000000047], [117.6550000000116, 3.705000000000049], [117.64500000001159, 3.705000000000049], [117.64500000001159, 3.805000000000047]]], [[[114.30500000000988, 4.035000000000042], [114.31500000000989, 4.035000000000042], [114.31500000000989, 4.025000000000042], [114.3250000000099, 4.025000000000042], [114.3250000000099, 4.015000000000042], [114.3350000000099, 4.015000000000042], [114.3350000000099, 3.8750000000000453], [114.3250000000099, 3.8750000000000453], [114.3250000000099, 3.795000000000047], [114.31500000000989, 3.795000000000047], [114.31500000000989, 3.7350000000000483], [114.30500000000988, 3.7350000000000483], [114.30500000000988, 3.6650000000000498], [114.29500000000988, 3.6650000000000498], [114.29500000000988, 3.6850000000000493], [114.28500000000987, 3.6850000000000493], [114.28500000000987, 3.705000000000049], [114.27500000000987, 3.705000000000049], [114.27500000000987, 3.7150000000000487], [114.26500000000986, 3.7150000000000487], [114.26500000000986, 3.7250000000000485], [114.24500000000985, 3.7250000000000485], [114.24500000000985, 3.7150000000000487], [114.23500000000985, 3.7150000000000487], [114.23500000000985, 3.705000000000049], [114.22500000000984, 3.705000000000049], [114.22500000000984, 3.695000000000049], [114.21500000000984, 3.695000000000049], [114.21500000000984, 3.6850000000000493], [114.20500000000983, 3.6850000000000493], [114.20500000000983, 3.6750000000000496], [114.19500000000983, 3.6750000000000496], [114.19500000000983, 3.7750000000000474], [114.18500000000982, 3.7750000000000474], [114.18500000000982, 3.8650000000000455], [114.17500000000982, 3.8650000000000455], [114.17500000000982, 4.0050000000000425], [114.18500000000982, 4.0050000000000425], [114.18500000000982, 4.025000000000042], [114.19500000000983, 4.025000000000042], [114.19500000000983, 4.035000000000042], [114.20500000000983, 4.035000000000042], [114.20500000000983, 4.045000000000042], [114.22500000000984, 4.045000000000042], [114.22500000000984, 4.0550000000000415], [114.23500000000985, 4.0550000000000415], [114.23500000000985, 4.065000000000041], [114.24500000000985, 4.065000000000041], [114.24500000000985, 4.075000000000041], [114.25500000000986, 4.075000000000041], [114.25500000000986, 4.065000000000041], [114.27500000000987, 4.065000000000041], [114.27500000000987, 4.0550000000000415], [114.29500000000988, 4.0550000000000415], [114.29500000000988, 4.045000000000042], [114.30500000000988, 4.045000000000042], [114.30500000000988, 4.035000000000042]]], [[[116.99500000001126, 3.985000000000043], [117.01500000001127, 3.985000000000043], [117.01500000001127, 3.975000000000043], [116.98500000001125, 3.975000000000043], [116.98500000001125, 3.985000000000043], [116.97500000001125, 3.985000000000043], [116.97500000001125, 4.025000000000042], [116.98500000001125, 4.025000000000042], [116.98500000001125, 4.035000000000042], [117.00500000001126, 4.035000000000042], [117.00500000001126, 4.025000000000042], [116.99500000001126, 4.025000000000042], [116.99500000001126, 4.0050000000000425], [116.98500000001125, 4.0050000000000425], [116.98500000001125, 3.9950000000000427], [116.99500000001126, 3.9950000000000427], [116.99500000001126, 3.985000000000043]]], [[[117.39500000001146, 4.085000000000041], [117.40500000001147, 4.085000000000041], [117.40500000001147, 4.075000000000041], [117.39500000001146, 4.075000000000041], [117.39500000001146, 4.085000000000041]]], [[[115.04500000001026, 4.255000000000037], [115.03500000001026, 4.255000000000037], [115.03500000001026, 4.235000000000038], [115.02500000001025, 4.235000000000038], [115.02500000001025, 4.225000000000038], [115.01500000001025, 4.225000000000038], [115.01500000001025, 4.215000000000038], [114.97500000001023, 4.215000000000038], [114.97500000001023, 4.225000000000038], [114.96500000001022, 4.225000000000038], [114.96500000001022, 4.235000000000038], [114.95500000001022, 4.235000000000038], [114.95500000001022, 4.245000000000037], [114.9350000000102, 4.245000000000037], [114.9350000000102, 4.1950000000000385], [114.9250000000102, 4.1950000000000385], [114.9250000000102, 4.165000000000039], [114.9150000000102, 4.165000000000039], [114.9150000000102, 4.1450000000000395], [114.90500000001019, 4.1450000000000395], [114.90500000001019, 4.12500000000004], [114.89500000001019, 4.12500000000004], [114.89500000001019, 4.10500000000004], [114.88500000001018, 4.10500000000004], [114.88500000001018, 4.095000000000041], [114.87500000001017, 4.095000000000041], [114.87500000001017, 4.075000000000041], [114.86500000001017, 4.075000000000041], [114.86500000001017, 4.065000000000041], [114.85500000001016, 4.065000000000041], [114.85500000001016, 4.0550000000000415], [114.84500000001016, 4.0550000000000415], [114.84500000001016, 4.045000000000042], [114.82500000001015, 4.045000000000042], [114.82500000001015, 4.035000000000042], [114.81500000001014, 4.035000000000042], [114.81500000001014, 4.025000000000042], [114.79500000001013, 4.025000000000042], [114.79500000001013, 4.015000000000042], [114.76500000001012, 4.015000000000042], [114.76500000001012, 4.0050000000000425], [114.7350000000101, 4.0050000000000425], [114.7350000000101, 4.015000000000042], [114.7150000000101, 4.015000000000042], [114.7150000000101, 4.025000000000042], [114.70500000001009, 4.025000000000042], [114.70500000001009, 4.035000000000042], [114.69500000001008, 4.035000000000042], [114.69500000001008, 4.045000000000042], [114.68500000001008, 4.045000000000042], [114.68500000001008, 4.0550000000000415], [114.67500000001007, 4.0550000000000415], [114.67500000001007, 4.065000000000041], [114.66500000001007, 4.065000000000041], [114.66500000001007, 4.075000000000041], [114.65500000001006, 4.075000000000041], [114.65500000001006, 4.095000000000041], [114.64500000001006, 4.095000000000041], [114.64500000001006, 4.11500000000004], [114.63500000001005, 4.11500000000004], [114.63500000001005, 4.1450000000000395], [114.62500000001005, 4.1450000000000395], [114.62500000001005, 4.185000000000039], [114.61500000001004, 4.185000000000039], [114.61500000001004, 4.235000000000038], [114.65500000001006, 4.235000000000038], [114.65500000001006, 4.225000000000038], [114.68500000001008, 4.225000000000038], [114.68500000001008, 4.215000000000038], [114.7150000000101, 4.215000000000038], [114.7150000000101, 4.205000000000038], [114.7350000000101, 4.205000000000038], [114.7350000000101, 4.1950000000000385], [114.75500000001011, 4.1950000000000385], [114.75500000001011, 4.215000000000038], [114.76500000001012, 4.215000000000038], [114.76500000001012, 4.235000000000038], [114.77500000001012, 4.235000000000038], [114.77500000001012, 4.255000000000037], [114.78500000001013, 4.255000000000037], [114.78500000001013, 4.265000000000037], [114.79500000001013, 4.265000000000037], [114.79500000001013, 4.275000000000037], [114.80500000001014, 4.275000000000037], [114.80500000001014, 4.285000000000037], [114.81500000001014, 4.285000000000037], [114.81500000001014, 4.295000000000036], [114.83500000001015, 4.295000000000036], [114.83500000001015, 4.305000000000036], [114.84500000001016, 4.305000000000036], [114.84500000001016, 4.315000000000036], [114.85500000001016, 4.315000000000036], [114.85500000001016, 4.325000000000036], [114.86500000001017, 4.325000000000036], [114.86500000001017, 4.3350000000000355], [114.88500000001018, 4.3350000000000355], [114.88500000001018, 4.345000000000035], [114.89500000001019, 4.345000000000035], [114.89500000001019, 4.355000000000035], [114.9150000000102, 4.355000000000035], [114.9150000000102, 4.365000000000035], [114.9250000000102, 4.365000000000035], [114.9250000000102, 4.375000000000035], [114.9350000000102, 4.375000000000035], [114.9350000000102, 4.385000000000034], [114.95500000001022, 4.385000000000034], [114.95500000001022, 4.395000000000034], [114.97500000001023, 4.395000000000034], [114.97500000001023, 4.405000000000034], [114.98500000001023, 4.405000000000034], [114.98500000001023, 4.415000000000034], [115.00500000001024, 4.415000000000034], [115.00500000001024, 4.425000000000034], [115.03500000001026, 4.425000000000034], [115.03500000001026, 4.435000000000033], [115.05500000001027, 4.435000000000033], [115.05500000001027, 4.445000000000033], [115.07500000001028, 4.445000000000033], [115.07500000001028, 4.415000000000034], [115.06500000001027, 4.415000000000034], [115.06500000001027, 4.365000000000035], [115.05500000001027, 4.365000000000035], [115.05500000001027, 4.315000000000036], [115.04500000001026, 4.315000000000036], [115.04500000001026, 4.255000000000037]]], [[[117.71500000001163, 4.245000000000037], [117.69500000001162, 4.245000000000037], [117.69500000001162, 4.235000000000038], [117.6650000000116, 4.235000000000038], [117.6650000000116, 4.225000000000038], [117.64500000001159, 4.225000000000038], [117.64500000001159, 4.275000000000037], [117.6550000000116, 4.275000000000037], [117.6550000000116, 4.285000000000037], [117.6650000000116, 4.285000000000037], [117.6650000000116, 4.275000000000037], [117.67500000001161, 4.275000000000037], [117.67500000001161, 4.265000000000037], [117.69500000001162, 4.265000000000037], [117.69500000001162, 4.255000000000037], [117.71500000001163, 4.255000000000037], [117.71500000001163, 4.245000000000037]]], [[[117.64500000001159, 4.305000000000036], [117.6550000000116, 4.305000000000036], [117.6550000000116, 4.285000000000037], [117.62500000001158, 4.285000000000037], [117.62500000001158, 4.295000000000036], [117.54500000001154, 4.295000000000036], [117.54500000001154, 4.285000000000037], [117.55500000001155, 4.285000000000037], [117.55500000001155, 4.275000000000037], [117.56500000001155, 4.275000000000037], [117.56500000001155, 4.225000000000038], [117.55500000001155, 4.225000000000038], [117.55500000001155, 4.205000000000038], [117.54500000001154, 4.205000000000038], [117.54500000001154, 4.175000000000039], [117.53500000001154, 4.175000000000039], [117.53500000001154, 4.165000000000039], [117.52500000001153, 4.165000000000039], [117.52500000001153, 4.155000000000039], [117.50500000001152, 4.155000000000039], [117.50500000001152, 4.1450000000000395], [117.49500000001152, 4.1450000000000395], [117.49500000001152, 4.13500000000004], [117.48500000001151, 4.13500000000004], [117.48500000001151, 4.12500000000004], [117.4750000000115, 4.12500000000004], [117.4750000000115, 4.11500000000004], [117.4650000000115, 4.11500000000004], [117.4650000000115, 4.10500000000004], [117.44500000001149, 4.10500000000004], [117.44500000001149, 4.095000000000041], [117.42500000001148, 4.095000000000041], [117.42500000001148, 4.085000000000041], [117.40500000001147, 4.085000000000041], [117.40500000001147, 4.155000000000039], [117.41500000001147, 4.155000000000039], [117.41500000001147, 4.245000000000037], [117.42500000001148, 4.245000000000037], [117.42500000001148, 4.265000000000037], [117.43500000001148, 4.265000000000037], [117.43500000001148, 4.275000000000037], [117.44500000001149, 4.275000000000037], [117.44500000001149, 4.285000000000037], [117.4550000000115, 4.285000000000037], [117.4550000000115, 4.295000000000036], [117.4650000000115, 4.295000000000036], [117.4650000000115, 4.315000000000036], [117.4750000000115, 4.315000000000036], [117.4750000000115, 4.325000000000036], [117.48500000001151, 4.325000000000036], [117.48500000001151, 4.3350000000000355], [117.49500000001152, 4.3350000000000355], [117.49500000001152, 4.345000000000035], [117.51500000001153, 4.345000000000035], [117.51500000001153, 4.355000000000035], [117.52500000001153, 4.355000000000035], [117.52500000001153, 4.365000000000035], [117.53500000001154, 4.365000000000035], [117.53500000001154, 4.375000000000035], [117.54500000001154, 4.375000000000035], [117.54500000001154, 4.385000000000034], [117.55500000001155, 4.385000000000034], [117.55500000001155, 4.405000000000034], [117.56500000001155, 4.405000000000034], [117.56500000001155, 4.415000000000034], [117.57500000001156, 4.415000000000034], [117.57500000001156, 4.425000000000034], [117.59500000001157, 4.425000000000034], [117.59500000001157, 4.435000000000033], [117.60500000001157, 4.435000000000033], [117.60500000001157, 4.445000000000033], [117.61500000001158, 4.445000000000033], [117.61500000001158, 4.385000000000034], [117.62500000001158, 4.385000000000034], [117.62500000001158, 4.345000000000035], [117.63500000001159, 4.345000000000035], [117.63500000001159, 4.315000000000036], [117.64500000001159, 4.315000000000036], [117.64500000001159, 4.305000000000036]]], [[[114.08500000000977, 4.445000000000033], [114.08500000000977, 4.455000000000033], [114.07500000000977, 4.455000000000033], [114.07500000000977, 4.4750000000000325], [114.06500000000976, 4.4750000000000325], [114.06500000000976, 4.505000000000032], [114.12500000000979, 4.505000000000032], [114.12500000000979, 4.515000000000032], [114.1550000000098, 4.515000000000032], [114.1550000000098, 4.465000000000033], [114.1450000000098, 4.465000000000033], [114.1450000000098, 4.425000000000034], [114.12500000000979, 4.425000000000034], [114.12500000000979, 4.435000000000033], [114.09500000000978, 4.435000000000033], [114.09500000000978, 4.445000000000033], [114.08500000000977, 4.445000000000033]]], [[[117.50500000001152, 4.425000000000034], [117.50500000001152, 4.415000000000034], [117.49500000001152, 4.415000000000034], [117.49500000001152, 4.425000000000034], [117.48500000001151, 4.425000000000034], [117.48500000001151, 4.455000000000033], [117.4750000000115, 4.455000000000033], [117.4750000000115, 4.485000000000032], [117.4650000000115, 4.485000000000032], [117.4650000000115, 4.505000000000032], [117.4750000000115, 4.505000000000032], [117.4750000000115, 4.515000000000032], [117.48500000001151, 4.515000000000032], [117.48500000001151, 4.525000000000031], [117.49500000001152, 4.525000000000031], [117.49500000001152, 4.535000000000031], [117.50500000001152, 4.535000000000031], [117.50500000001152, 4.525000000000031], [117.51500000001153, 4.525000000000031], [117.51500000001153, 4.515000000000032], [117.52500000001153, 4.515000000000032], [117.52500000001153, 4.455000000000033], [117.51500000001153, 4.455000000000033], [117.51500000001153, 4.425000000000034], [117.50500000001152, 4.425000000000034]]], [[[117.4550000000115, 5.2750000000000155], [117.4650000000115, 5.2750000000000155], [117.4650000000115, 5.265000000000016], [117.4750000000115, 5.265000000000016], [117.4750000000115, 5.245000000000016], [117.48500000001151, 5.245000000000016], [117.48500000001151, 5.215000000000017], [117.49500000001152, 5.215000000000017], [117.49500000001152, 5.205000000000017], [117.4750000000115, 5.205000000000017], [117.4750000000115, 5.215000000000017], [117.44500000001149, 5.215000000000017], [117.44500000001149, 5.2250000000000165], [117.41500000001147, 5.2250000000000165], [117.41500000001147, 5.235000000000016], [117.38500000001146, 5.235000000000016], [117.38500000001146, 5.245000000000016], [117.37500000001145, 5.245000000000016], [117.37500000001145, 5.265000000000016], [117.38500000001146, 5.265000000000016], [117.38500000001146, 5.285000000000015], [117.39500000001146, 5.285000000000015], [117.39500000001146, 5.295000000000015], [117.40500000001147, 5.295000000000015], [117.40500000001147, 5.305000000000015], [117.41500000001147, 5.305000000000015], [117.41500000001147, 5.315000000000015], [117.42500000001148, 5.315000000000015], [117.42500000001148, 5.305000000000015], [117.43500000001148, 5.305000000000015], [117.43500000001148, 5.295000000000015], [117.44500000001149, 5.295000000000015], [117.44500000001149, 5.285000000000015], [117.4550000000115, 5.285000000000015], [117.4550000000115, 5.2750000000000155]]], [[[115.72500000001061, 5.265000000000016], [115.73500000001061, 5.265000000000016], [115.73500000001061, 5.245000000000016], [115.72500000001061, 5.245000000000016], [115.72500000001061, 5.235000000000016], [115.7050000000106, 5.235000000000016], [115.7050000000106, 5.2250000000000165], [115.6950000000106, 5.2250000000000165], [115.6950000000106, 5.235000000000016], [115.68500000001059, 5.235000000000016], [115.68500000001059, 5.245000000000016], [115.67500000001058, 5.245000000000016], [115.67500000001058, 5.265000000000016], [115.66500000001058, 5.265000000000016], [115.66500000001058, 5.305000000000015], [115.6950000000106, 5.305000000000015], [115.6950000000106, 5.295000000000015], [115.7050000000106, 5.295000000000015], [115.7050000000106, 5.285000000000015], [115.7150000000106, 5.285000000000015], [115.7150000000106, 5.2750000000000155], [115.72500000001061, 5.2750000000000155], [115.72500000001061, 5.265000000000016]]], [[[117.48500000001151, 5.385000000000013], [117.51500000001153, 5.385000000000013], [117.51500000001153, 5.375000000000013], [117.52500000001153, 5.375000000000013], [117.52500000001153, 5.345000000000014], [117.49500000001152, 5.345000000000014], [117.49500000001152, 5.375000000000013], [117.48500000001151, 5.375000000000013], [117.48500000001151, 5.385000000000013]]], [[[117.97500000001176, 5.565000000000009], [117.97500000001176, 5.575000000000009], [118.01500000001178, 5.575000000000009], [118.01500000001178, 5.565000000000009], [118.02500000001179, 5.565000000000009], [118.02500000001179, 5.54500000000001], [118.03500000001179, 5.54500000000001], [118.03500000001179, 5.53500000000001], [118.0450000000118, 5.53500000000001], [118.0450000000118, 5.52500000000001], [118.11500000001183, 5.52500000000001], [118.11500000001183, 5.53500000000001], [118.12500000001184, 5.53500000000001], [118.12500000001184, 5.52500000000001], [118.13500000001184, 5.52500000000001], [118.13500000001184, 5.51500000000001], [118.14500000001185, 5.51500000000001], [118.14500000001185, 5.405000000000013], [118.11500000001183, 5.405000000000013], [118.11500000001183, 5.395000000000013], [118.09500000001182, 5.395000000000013], [118.09500000001182, 5.385000000000013], [118.08500000001182, 5.385000000000013], [118.08500000001182, 5.375000000000013], [118.0650000000118, 5.375000000000013], [118.0650000000118, 5.3650000000000135], [118.0550000000118, 5.3650000000000135], [118.0550000000118, 5.355000000000014], [118.0450000000118, 5.355000000000014], [118.0450000000118, 5.345000000000014], [118.03500000001179, 5.345000000000014], [118.03500000001179, 5.335000000000014], [118.02500000001179, 5.335000000000014], [118.02500000001179, 5.315000000000015], [118.01500000001178, 5.315000000000015], [118.01500000001178, 5.295000000000015], [117.99500000001177, 5.295000000000015], [117.99500000001177, 5.305000000000015], [117.98500000001177, 5.305000000000015], [117.98500000001177, 5.325000000000014], [117.97500000001176, 5.325000000000014], [117.97500000001176, 5.335000000000014], [117.96500000001176, 5.335000000000014], [117.96500000001176, 5.345000000000014], [117.94500000001175, 5.345000000000014], [117.94500000001175, 5.355000000000014], [117.91500000001173, 5.355000000000014], [117.91500000001173, 5.3650000000000135], [117.87500000001171, 5.3650000000000135], [117.87500000001171, 5.385000000000013], [117.8650000000117, 5.385000000000013], [117.8650000000117, 5.425000000000012], [117.8550000000117, 5.425000000000012], [117.8550000000117, 5.485000000000011], [117.8450000000117, 5.485000000000011], [117.8450000000117, 5.5050000000000106], [117.8550000000117, 5.5050000000000106], [117.8550000000117, 5.52500000000001], [117.8650000000117, 5.52500000000001], [117.8650000000117, 5.54500000000001], [117.87500000001171, 5.54500000000001], [117.87500000001171, 5.5550000000000095], [117.88500000001171, 5.5550000000000095], [117.88500000001171, 5.565000000000009], [117.89500000001172, 5.565000000000009], [117.89500000001172, 5.575000000000009], [117.90500000001173, 5.575000000000009], [117.90500000001173, 5.585000000000009], [117.91500000001173, 5.585000000000009], [117.91500000001173, 5.575000000000009], [117.92500000001174, 5.575000000000009], [117.92500000001174, 5.565000000000009], [117.93500000001174, 5.565000000000009], [117.93500000001174, 5.5550000000000095], [117.95500000001175, 5.5550000000000095], [117.95500000001175, 5.565000000000009], [117.97500000001176, 5.565000000000009]]], [[[116.99500000001126, 5.51500000000001], [116.99500000001126, 5.52500000000001], [117.02500000001127, 5.52500000000001], [117.02500000001127, 5.51500000000001], [117.04500000001129, 5.51500000000001], [117.04500000001129, 5.5050000000000106], [117.03500000001128, 5.5050000000000106], [117.03500000001128, 5.495000000000011], [116.98500000001125, 5.495000000000011], [116.98500000001125, 5.51500000000001], [116.99500000001126, 5.51500000000001]]], [[[116.8750000000112, 5.465000000000011], [116.85500000001119, 5.465000000000011], [116.85500000001119, 5.455000000000012], [116.83500000001118, 5.455000000000012], [116.83500000001118, 5.465000000000011], [116.82500000001117, 5.465000000000011], [116.82500000001117, 5.485000000000011], [116.81500000001117, 5.485000000000011], [116.81500000001117, 5.51500000000001], [116.82500000001117, 5.51500000000001], [116.82500000001117, 5.52500000000001], [116.83500000001118, 5.52500000000001], [116.83500000001118, 5.53500000000001], [116.84500000001118, 5.53500000000001], [116.84500000001118, 5.54500000000001], [116.8650000000112, 5.54500000000001], [116.8650000000112, 5.5550000000000095], [116.8850000000112, 5.5550000000000095], [116.8850000000112, 5.565000000000009], [116.90500000001121, 5.565000000000009], [116.90500000001121, 5.575000000000009], [116.91500000001122, 5.575000000000009], [116.91500000001122, 5.495000000000011], [116.90500000001121, 5.495000000000011], [116.90500000001121, 5.485000000000011], [116.8850000000112, 5.485000000000011], [116.8850000000112, 5.475000000000011], [116.8750000000112, 5.475000000000011], [116.8750000000112, 5.465000000000011]]], [[[117.05500000001129, 5.575000000000009], [117.0650000000113, 5.575000000000009], [117.0650000000113, 5.565000000000009], [117.05500000001129, 5.565000000000009], [117.05500000001129, 5.575000000000009]]], [[[117.35500000001144, 5.865000000000003], [117.36500000001145, 5.865000000000003], [117.36500000001145, 5.855000000000003], [117.37500000001145, 5.855000000000003], [117.37500000001145, 5.845000000000003], [117.38500000001146, 5.845000000000003], [117.38500000001146, 5.825000000000004], [117.39500000001146, 5.825000000000004], [117.39500000001146, 5.795000000000004], [117.40500000001147, 5.795000000000004], [117.40500000001147, 5.755000000000005], [117.41500000001147, 5.755000000000005], [117.41500000001147, 5.745000000000005], [117.40500000001147, 5.745000000000005], [117.40500000001147, 5.715000000000006], [117.39500000001146, 5.715000000000006], [117.39500000001146, 5.6950000000000065], [117.38500000001146, 5.6950000000000065], [117.38500000001146, 5.675000000000007], [117.37500000001145, 5.675000000000007], [117.37500000001145, 5.645000000000008], [117.36500000001145, 5.645000000000008], [117.36500000001145, 5.635000000000008], [117.35500000001144, 5.635000000000008], [117.35500000001144, 5.615000000000008], [117.34500000001144, 5.615000000000008], [117.34500000001144, 5.605000000000008], [117.33500000001143, 5.605000000000008], [117.33500000001143, 5.595000000000009], [117.32500000001143, 5.595000000000009], [117.32500000001143, 5.605000000000008], [117.30500000001142, 5.605000000000008], [117.30500000001142, 5.615000000000008], [117.28500000001141, 5.615000000000008], [117.28500000001141, 5.625000000000008], [117.2650000000114, 5.625000000000008], [117.2650000000114, 5.635000000000008], [117.24500000001139, 5.635000000000008], [117.24500000001139, 5.645000000000008], [117.23500000001138, 5.645000000000008], [117.23500000001138, 5.655000000000007], [117.22500000001138, 5.655000000000007], [117.22500000001138, 5.665000000000007], [117.21500000001137, 5.665000000000007], [117.21500000001137, 5.685000000000007], [117.20500000001137, 5.685000000000007], [117.20500000001137, 5.705000000000006], [117.19500000001136, 5.705000000000006], [117.19500000001136, 5.845000000000003], [117.20500000001137, 5.845000000000003], [117.20500000001137, 5.905000000000002], [117.30500000001142, 5.905000000000002], [117.30500000001142, 5.895000000000002], [117.32500000001143, 5.895000000000002], [117.32500000001143, 5.8850000000000025], [117.34500000001144, 5.8850000000000025], [117.34500000001144, 5.875000000000003], [117.35500000001144, 5.875000000000003], [117.35500000001144, 5.865000000000003]]], [[[119.34500000001246, -4.3449999999997795], [119.34500000001246, -4.354999999999779], [119.35500000001247, -4.354999999999779], [119.35500000001247, -4.374999999999779], [119.36500000001247, -4.374999999999779], [119.36500000001247, -4.384999999999779], [119.37500000001248, -4.384999999999779], [119.37500000001248, -4.434999999999778], [119.38500000001248, -4.434999999999778], [119.38500000001248, -4.504999999999776], [119.39500000001249, -4.504999999999776], [119.39500000001249, -4.524999999999776], [119.40500000001249, -4.524999999999776], [119.40500000001249, -4.544999999999775], [119.4150000000125, -4.544999999999775], [119.4150000000125, -4.554999999999775], [119.4250000000125, -4.554999999999775], [119.4250000000125, -4.574999999999775], [119.43500000001251, -4.574999999999775], [119.43500000001251, -4.604999999999774], [119.44500000001251, -4.604999999999774], [119.44500000001251, -4.6249999999997735], [119.45500000001252, -4.6249999999997735], [119.45500000001252, -4.654999999999773], [119.46500000001252, -4.654999999999773], [119.46500000001252, -4.664999999999773], [119.45500000001252, -4.664999999999773], [119.45500000001252, -4.6749999999997724], [119.40500000001249, -4.6749999999997724], [119.40500000001249, -4.684999999999772], [119.35500000001247, -4.684999999999772], [119.35500000001247, -4.694999999999772], [119.31500000001245, -4.694999999999772], [119.31500000001245, -4.704999999999772], [119.27500000001243, -4.704999999999772], [119.27500000001243, -4.714999999999772], [119.25500000001242, -4.714999999999772], [119.25500000001242, -4.724999999999771], [119.24500000001241, -4.724999999999771], [119.24500000001241, -4.734999999999771], [119.2350000000124, -4.734999999999771], [119.2350000000124, -4.7649999999997705], [119.24500000001241, -4.7649999999997705], [119.24500000001241, -4.77499999999977], [119.25500000001242, -4.77499999999977], [119.25500000001242, -4.78499999999977], [119.26500000001242, -4.78499999999977], [119.26500000001242, -4.79499999999977], [119.27500000001243, -4.79499999999977], [119.27500000001243, -4.80499999999977], [119.28500000001243, -4.80499999999977], [119.28500000001243, -4.834999999999769], [119.29500000001244, -4.834999999999769], [119.29500000001244, -4.864999999999768], [119.30500000001244, -4.864999999999768], [119.30500000001244, -4.924999999999767], [119.29500000001244, -4.924999999999767], [119.29500000001244, -4.934999999999767], [119.28500000001243, -4.934999999999767], [119.28500000001243, -4.944999999999767], [119.26500000001242, -4.944999999999767], [119.26500000001242, -4.9549999999997665], [119.2350000000124, -4.9549999999997665], [119.2350000000124, -4.944999999999767], [119.2250000000124, -4.944999999999767], [119.2250000000124, -4.934999999999767], [119.2150000000124, -4.934999999999767], [119.2150000000124, -4.914999999999767], [119.20500000001239, -4.914999999999767], [119.20500000001239, -4.9049999999997675], [119.19500000001239, -4.9049999999997675], [119.19500000001239, -4.884999999999768], [119.18500000001238, -4.884999999999768], [119.18500000001238, -4.864999999999768], [119.17500000001237, -4.864999999999768], [119.17500000001237, -4.844999999999769], [119.16500000001237, -4.844999999999769], [119.16500000001237, -4.8149999999997695], [119.15500000001236, -4.8149999999997695], [119.15500000001236, -4.78499999999977], [119.14500000001236, -4.78499999999977], [119.14500000001236, -4.454999999999777], [119.15500000001236, -4.454999999999777], [119.15500000001236, -4.414999999999778], [119.16500000001237, -4.414999999999778], [119.16500000001237, -4.384999999999779], [119.17500000001237, -4.384999999999779], [119.17500000001237, -4.364999999999779], [119.18500000001238, -4.364999999999779], [119.18500000001238, -4.33499999999978], [119.19500000001239, -4.33499999999978], [119.19500000001239, -4.32499999999978], [119.20500000001239, -4.32499999999978], [119.20500000001239, -4.30499999999978], [119.26500000001242, -4.30499999999978], [119.26500000001242, -4.31499999999978], [119.29500000001244, -4.31499999999978], [119.29500000001244, -4.32499999999978], [119.31500000001245, -4.32499999999978], [119.31500000001245, -4.33499999999978], [119.33500000001246, -4.33499999999978], [119.33500000001246, -4.3449999999997795], [119.34500000001246, -4.3449999999997795]]], [[[118.80500000001219, -4.184999999999783], [118.80500000001219, -4.194999999999783], [118.81500000001219, -4.194999999999783], [118.81500000001219, -4.214999999999782], [118.8250000000122, -4.214999999999782], [118.8250000000122, -4.234999999999782], [118.8350000000122, -4.234999999999782], [118.8350000000122, -4.274999999999781], [118.8250000000122, -4.274999999999781], [118.8250000000122, -4.30499999999978], [118.81500000001219, -4.30499999999978], [118.81500000001219, -4.33499999999978], [118.80500000001219, -4.33499999999978], [118.80500000001219, -4.364999999999779], [118.79500000001218, -4.364999999999779], [118.79500000001218, -4.394999999999778], [118.78500000001218, -4.394999999999778], [118.78500000001218, -4.424999999999778], [118.77500000001217, -4.424999999999778], [118.77500000001217, -4.464999999999777], [118.76500000001217, -4.464999999999777], [118.76500000001217, -4.4849999999997765], [118.75500000001216, -4.4849999999997765], [118.75500000001216, -4.494999999999776], [118.74500000001215, -4.494999999999776], [118.74500000001215, -4.4849999999997765], [118.73500000001215, -4.4849999999997765], [118.73500000001215, -4.454999999999777], [118.72500000001214, -4.454999999999777], [118.72500000001214, -4.424999999999778], [118.71500000001214, -4.424999999999778], [118.71500000001214, -4.394999999999778], [118.70500000001213, -4.394999999999778], [118.70500000001213, -4.374999999999779], [118.69500000001213, -4.374999999999779], [118.69500000001213, -4.3449999999997795], [118.68500000001212, -4.3449999999997795], [118.68500000001212, -4.31499999999978], [118.67500000001212, -4.31499999999978], [118.67500000001212, -4.2949999999997805], [118.66500000001211, -4.2949999999997805], [118.66500000001211, -4.264999999999781], [118.65500000001211, -4.264999999999781], [118.65500000001211, -4.244999999999782], [118.66500000001211, -4.244999999999782], [118.66500000001211, -4.224999999999782], [118.67500000001212, -4.224999999999782], [118.67500000001212, -4.2049999999997825], [118.68500000001212, -4.2049999999997825], [118.68500000001212, -4.194999999999783], [118.69500000001213, -4.194999999999783], [118.69500000001213, -4.174999999999783], [118.70500000001213, -4.174999999999783], [118.70500000001213, -4.164999999999783], [118.71500000001214, -4.164999999999783], [118.71500000001214, -4.1549999999997835], [118.72500000001214, -4.1549999999997835], [118.72500000001214, -4.144999999999784], [118.73500000001215, -4.144999999999784], [118.73500000001215, -4.134999999999784], [118.76500000001217, -4.134999999999784], [118.76500000001217, -4.144999999999784], [118.77500000001217, -4.144999999999784], [118.77500000001217, -4.1549999999997835], [118.78500000001218, -4.1549999999997835], [118.78500000001218, -4.164999999999783], [118.79500000001218, -4.164999999999783], [118.79500000001218, -4.184999999999783], [118.80500000001219, -4.184999999999783]]], [[[119.48500000001253, -3.9649999999997876], [119.49500000001254, -3.9649999999997876], [119.49500000001254, -3.9749999999997874], [119.50500000001254, -3.9749999999997874], [119.50500000001254, -3.984999999999787], [119.51500000001255, -3.984999999999787], [119.51500000001255, -4.034999999999786], [119.50500000001254, -4.034999999999786], [119.50500000001254, -4.024999999999786], [119.49500000001254, -4.024999999999786], [119.49500000001254, -4.0149999999997865], [119.48500000001253, -4.0149999999997865], [119.48500000001253, -4.004999999999787], [119.46500000001252, -4.004999999999787], [119.46500000001252, -3.994999999999787], [119.45500000001252, -3.994999999999787], [119.45500000001252, -3.984999999999787], [119.43500000001251, -3.984999999999787], [119.43500000001251, -3.9749999999997874], [119.4250000000125, -3.9749999999997874], [119.4250000000125, -3.9649999999997876], [119.4150000000125, -3.9649999999997876], [119.4150000000125, -3.954999999999788], [119.4250000000125, -3.954999999999788], [119.4250000000125, -3.9349999999997882], [119.43500000001251, -3.9349999999997882], [119.43500000001251, -3.9249999999997884], [119.44500000001251, -3.9249999999997884], [119.44500000001251, -3.9349999999997882], [119.45500000001252, -3.9349999999997882], [119.45500000001252, -3.944999999999788], [119.46500000001252, -3.944999999999788], [119.46500000001252, -3.954999999999788], [119.48500000001253, -3.954999999999788], [119.48500000001253, -3.9649999999997876]]], [[[119.20500000001239, -2.734999999999814], [119.2250000000124, -2.734999999999814], [119.2250000000124, -2.724999999999814], [119.24500000001241, -2.724999999999814], [119.24500000001241, -2.734999999999814], [119.25500000001242, -2.734999999999814], [119.25500000001242, -2.7549999999998134], [119.19500000001239, -2.7549999999998134], [119.19500000001239, -2.7449999999998136], [119.20500000001239, -2.7449999999998136], [119.20500000001239, -2.734999999999814]]], [[[119.48500000001253, -2.124999999999827], [119.45500000001252, -2.124999999999827], [119.45500000001252, -2.114999999999827], [119.46500000001252, -2.114999999999827], [119.46500000001252, -2.0949999999998274], [119.47500000001253, -2.0949999999998274], [119.47500000001253, -2.074999999999828], [119.48500000001253, -2.074999999999828], [119.48500000001253, -2.064999999999828], [119.49500000001254, -2.064999999999828], [119.49500000001254, -2.0549999999998283], [119.50500000001254, -2.0549999999998283], [119.50500000001254, -2.074999999999828], [119.51500000001255, -2.074999999999828], [119.51500000001255, -2.124999999999827], [119.50500000001254, -2.124999999999827], [119.50500000001254, -2.1349999999998266], [119.48500000001253, -2.1349999999998266], [119.48500000001253, -2.124999999999827]]], [[[119.35500000001247, -2.0449999999998285], [119.35500000001247, -2.0549999999998283], [119.34500000001246, -2.0549999999998283], [119.34500000001246, -2.0449999999998285], [119.35500000001247, -2.0449999999998285]]], [[[119.53500000001256, -1.3849999999998426], [119.53500000001256, -1.4649999999998409], [119.52500000001255, -1.4649999999998409], [119.52500000001255, -1.4849999999998404], [119.53500000001256, -1.4849999999998404], [119.53500000001256, -1.50499999999984], [119.52500000001255, -1.50499999999984], [119.52500000001255, -1.5149999999998398], [119.51500000001255, -1.5149999999998398], [119.51500000001255, -1.5349999999998394], [119.50500000001254, -1.5349999999998394], [119.50500000001254, -1.554999999999839], [119.47500000001253, -1.554999999999839], [119.47500000001253, -1.5349999999998394], [119.46500000001252, -1.5349999999998394], [119.46500000001252, -1.5249999999998396], [119.45500000001252, -1.5249999999998396], [119.45500000001252, -1.594999999999838], [119.46500000001252, -1.594999999999838], [119.46500000001252, -1.644999999999837], [119.47500000001253, -1.644999999999837], [119.47500000001253, -1.6749999999998364], [119.48500000001253, -1.6749999999998364], [119.48500000001253, -1.7049999999998358], [119.49500000001254, -1.7049999999998358], [119.49500000001254, -1.7249999999998353], [119.50500000001254, -1.7249999999998353], [119.50500000001254, -1.7349999999998351], [119.51500000001255, -1.7349999999998351], [119.51500000001255, -1.7649999999998345], [119.50500000001254, -1.7649999999998345], [119.50500000001254, -1.7949999999998338], [119.49500000001254, -1.7949999999998338], [119.49500000001254, -1.8049999999998336], [119.48500000001253, -1.8049999999998336], [119.48500000001253, -1.8249999999998332], [119.47500000001253, -1.8249999999998332], [119.47500000001253, -1.834999999999833], [119.45500000001252, -1.834999999999833], [119.45500000001252, -1.8449999999998328], [119.43500000001251, -1.8449999999998328], [119.43500000001251, -1.8549999999998326], [119.40500000001249, -1.8549999999998326], [119.40500000001249, -1.8649999999998323], [119.34500000001246, -1.8649999999998323], [119.34500000001246, -1.8749999999998321], [119.30500000001244, -1.8749999999998321], [119.30500000001244, -1.8949999999998317], [119.31500000001245, -1.8949999999998317], [119.31500000001245, -1.9149999999998313], [119.32500000001245, -1.9149999999998313], [119.32500000001245, -1.9549999999998304], [119.33500000001246, -1.9549999999998304], [119.33500000001246, -1.9849999999998298], [119.34500000001246, -1.9849999999998298], [119.34500000001246, -2.0449999999998285], [119.33500000001246, -2.0449999999998285], [119.33500000001246, -2.0349999999998287], [119.31500000001245, -2.0349999999998287], [119.31500000001245, -2.014999999999829], [119.30500000001244, -2.014999999999829], [119.30500000001244, -1.9949999999998296], [119.29500000001244, -1.9949999999998296], [119.29500000001244, -1.8949999999998317], [119.28500000001243, -1.8949999999998317], [119.28500000001243, -1.7949999999998338], [119.27500000001243, -1.7949999999998338], [119.27500000001243, -1.744999999999835], [119.28500000001243, -1.744999999999835], [119.28500000001243, -1.7249999999998353], [119.29500000001244, -1.7249999999998353], [119.29500000001244, -1.7049999999998358], [119.30500000001244, -1.7049999999998358], [119.30500000001244, -1.6749999999998364], [119.31500000001245, -1.6749999999998364], [119.31500000001245, -1.644999999999837], [119.32500000001245, -1.644999999999837], [119.32500000001245, -1.604999999999838], [119.33500000001246, -1.604999999999838], [119.33500000001246, -1.554999999999839], [119.34500000001246, -1.554999999999839], [119.34500000001246, -1.4849999999998404], [119.35500000001247, -1.4849999999998404], [119.35500000001247, -1.4349999999998415], [119.36500000001247, -1.4349999999998415], [119.36500000001247, -1.3949999999998424], [119.37500000001248, -1.3949999999998424], [119.37500000001248, -1.3449999999998434], [119.38500000001248, -1.3449999999998434], [119.38500000001248, -1.314999999999844], [119.39500000001249, -1.314999999999844], [119.39500000001249, -1.2849999999998447], [119.40500000001249, -1.2849999999998447], [119.40500000001249, -1.2549999999998454], [119.4150000000125, -1.2549999999998454], [119.4150000000125, -1.2149999999998462], [119.4250000000125, -1.2149999999998462], [119.4250000000125, -1.1949999999998466], [119.43500000001251, -1.1949999999998466], [119.43500000001251, -1.1649999999998473], [119.44500000001251, -1.1649999999998473], [119.44500000001251, -1.1449999999998477], [119.45500000001252, -1.1449999999998477], [119.45500000001252, -1.1249999999998481], [119.46500000001252, -1.1249999999998481], [119.46500000001252, -1.1049999999998485], [119.47500000001253, -1.1049999999998485], [119.47500000001253, -1.084999999999849], [119.48500000001253, -1.084999999999849], [119.48500000001253, -1.0749999999998492], [119.49500000001254, -1.0749999999998492], [119.49500000001254, -1.0649999999998494], [119.50500000001254, -1.0649999999998494], [119.50500000001254, -1.0549999999998496], [119.53500000001256, -1.0549999999998496], [119.53500000001256, -1.0949999999998488], [119.54500000001256, -1.0949999999998488], [119.54500000001256, -1.224999999999846], [119.55500000001257, -1.224999999999846], [119.55500000001257, -1.274999999999845], [119.54500000001256, -1.274999999999845], [119.54500000001256, -1.3849999999998426], [119.53500000001256, -1.3849999999998426]], [[119.44500000001251, -1.5149999999998398], [119.45500000001252, -1.5149999999998398], [119.45500000001252, -1.50499999999984], [119.44500000001251, -1.50499999999984], [119.44500000001251, -1.5149999999998398]]], [[[121.02500000001332, -1.5149999999998398], [121.01500000001332, -1.5149999999998398], [121.01500000001332, -1.5249999999998396], [121.00500000001331, -1.5249999999998396], [121.00500000001331, -1.5349999999998394], [120.9950000000133, -1.5349999999998394], [120.9950000000133, -1.5249999999998396], [120.9850000000133, -1.5249999999998396], [120.9850000000133, -1.5149999999998398], [120.9750000000133, -1.5149999999998398], [120.9750000000133, -1.50499999999984], [120.96500000001329, -1.50499999999984], [120.96500000001329, -1.4949999999998402], [120.9750000000133, -1.4949999999998402], [120.9750000000133, -1.4849999999998404], [120.9850000000133, -1.4849999999998404], [120.9850000000133, -1.4749999999998407], [121.01500000001332, -1.4749999999998407], [121.01500000001332, -1.4849999999998404], [121.02500000001332, -1.4849999999998404], [121.02500000001332, -1.4949999999998402], [121.03500000001333, -1.4949999999998402], [121.03500000001333, -1.50499999999984], [121.02500000001332, -1.50499999999984], [121.02500000001332, -1.5149999999998398]]], [[[130.31500000001807, -1.2349999999998458], [130.32500000001806, -1.2349999999998458], [130.32500000001806, -1.2549999999998454], [130.31500000001807, -1.2549999999998454], [130.31500000001807, -1.2649999999998451], [130.30500000001808, -1.2649999999998451], [130.30500000001808, -1.2449999999998456], [130.31500000001807, -1.2449999999998456], [130.31500000001807, -1.2349999999998458]]], [[[120.5850000000131, -1.1649999999998473], [120.5950000000131, -1.1649999999998473], [120.5950000000131, -1.174999999999847], [120.6050000000131, -1.174999999999847], [120.6050000000131, -1.1949999999998466], [120.61500000001311, -1.1949999999998466], [120.61500000001311, -1.2049999999998464], [120.62500000001312, -1.2049999999998464], [120.62500000001312, -1.224999999999846], [120.63500000001312, -1.224999999999846], [120.63500000001312, -1.2849999999998447], [120.62500000001312, -1.2849999999998447], [120.62500000001312, -1.274999999999845], [120.61500000001311, -1.274999999999845], [120.61500000001311, -1.3249999999998439], [120.6050000000131, -1.3249999999998439], [120.6050000000131, -1.3349999999998436], [120.56500000001309, -1.3349999999998436], [120.56500000001309, -1.3249999999998439], [120.52500000001307, -1.3249999999998439], [120.52500000001307, -1.314999999999844], [120.48500000001304, -1.314999999999844], [120.48500000001304, -1.3049999999998443], [120.45500000001303, -1.3049999999998443], [120.45500000001303, -1.2949999999998445], [120.42500000001301, -1.2949999999998445], [120.42500000001301, -1.2849999999998447], [120.395000000013, -1.2849999999998447], [120.395000000013, -1.2349999999998458], [120.405000000013, -1.2349999999998458], [120.405000000013, -1.2149999999998462], [120.41500000001301, -1.2149999999998462], [120.41500000001301, -1.2049999999998464], [120.42500000001301, -1.2049999999998464], [120.42500000001301, -1.1849999999998468], [120.43500000001302, -1.1849999999998468], [120.43500000001302, -1.174999999999847], [120.44500000001302, -1.174999999999847], [120.44500000001302, -1.1649999999998473], [120.46500000001303, -1.1649999999998473], [120.46500000001303, -1.1549999999998475], [120.47500000001304, -1.1549999999998475], [120.47500000001304, -1.1449999999998477], [120.53500000001307, -1.1449999999998477], [120.53500000001307, -1.1549999999998475], [120.56500000001309, -1.1549999999998475], [120.56500000001309, -1.1649999999998473], [120.57500000001309, -1.1649999999998473], [120.57500000001309, -1.1549999999998475], [120.5850000000131, -1.1549999999998475], [120.5850000000131, -1.1649999999998473]]], [[[119.70500000001265, -1.0949999999998488], [119.70500000001265, -1.1049999999998485], [119.68500000001264, -1.1049999999998485], [119.68500000001264, -1.1149999999998483], [119.67500000001263, -1.1149999999998483], [119.67500000001263, -1.1249999999998481], [119.66500000001263, -1.1249999999998481], [119.66500000001263, -1.134999999999848], [119.65500000001262, -1.134999999999848], [119.65500000001262, -1.1449999999998477], [119.64500000001262, -1.1449999999998477], [119.64500000001262, -1.1549999999998475], [119.63500000001261, -1.1549999999998475], [119.63500000001261, -1.1649999999998473], [119.6250000000126, -1.1649999999998473], [119.6250000000126, -1.174999999999847], [119.6150000000126, -1.174999999999847], [119.6150000000126, -1.1549999999998475], [119.6050000000126, -1.1549999999998475], [119.6050000000126, -1.1449999999998477], [119.59500000001259, -1.1449999999998477], [119.59500000001259, -1.1249999999998481], [119.58500000001258, -1.1249999999998481], [119.58500000001258, -1.1149999999998483], [119.57500000001258, -1.1149999999998483], [119.57500000001258, -1.0949999999998488], [119.56500000001257, -1.0949999999998488], [119.56500000001257, -1.0749999999998492], [119.55500000001257, -1.0749999999998492], [119.55500000001257, -1.0549999999998496], [119.57500000001258, -1.0549999999998496], [119.57500000001258, -1.0449999999998498], [119.65500000001262, -1.0449999999998498], [119.65500000001262, -1.03499999999985], [119.68500000001264, -1.03499999999985], [119.68500000001264, -1.0249999999998503], [119.71500000001265, -1.0249999999998503], [119.71500000001265, -1.0149999999998505], [119.73500000001266, -1.0149999999998505], [119.73500000001266, -1.0049999999998507], [119.74500000001267, -1.0049999999998507], [119.74500000001267, -1.0149999999998505], [119.75500000001267, -1.0149999999998505], [119.75500000001267, -1.0749999999998492], [119.73500000001266, -1.0749999999998492], [119.73500000001266, -1.084999999999849], [119.72500000001266, -1.084999999999849], [119.72500000001266, -1.0949999999998488], [119.70500000001265, -1.0949999999998488]]], [[[120.14500000001287, -1.0049999999998507], [120.14500000001287, -0.9749999999998513], [120.15500000001288, -0.9749999999998513], [120.15500000001288, -0.9649999999998515], [120.16500000001288, -0.9649999999998515], [120.16500000001288, -0.9549999999998517], [120.17500000001289, -0.9549999999998517], [120.17500000001289, -0.944999999999852], [120.18500000001289, -0.944999999999852], [120.18500000001289, -1.0149999999998505], [120.17500000001289, -1.0149999999998505], [120.17500000001289, -1.0249999999998503], [120.16500000001288, -1.0249999999998503], [120.16500000001288, -1.0149999999998505], [120.15500000001288, -1.0149999999998505], [120.15500000001288, -1.0049999999998507], [120.14500000001287, -1.0049999999998507]]], [[[120.18500000001289, -0.9349999999998522], [120.1950000000129, -0.9349999999998522], [120.1950000000129, -0.944999999999852], [120.18500000001289, -0.944999999999852], [120.18500000001289, -0.9349999999998522]]], [[[131.27500000001857, -0.7249999999998566], [131.28500000001856, -0.7249999999998566], [131.28500000001856, -0.7349999999998564], [131.27500000001857, -0.7349999999998564], [131.27500000001857, -0.7249999999998566]]], [[[131.29500000001858, -0.7149999999998569], [131.29500000001858, -0.7249999999998566], [131.28500000001856, -0.7249999999998566], [131.28500000001856, -0.7149999999998569], [131.29500000001858, -0.7149999999998569]]], [[[131.3050000000186, -0.7149999999998569], [131.29500000001858, -0.7149999999998569], [131.29500000001858, -0.7049999999998571], [131.3050000000186, -0.7049999999998571], [131.3050000000186, -0.7149999999998569]]], [[[131.3050000000186, -0.6949999999998573], [131.31500000001859, -0.6949999999998573], [131.31500000001859, -0.7049999999998571], [131.3050000000186, -0.7049999999998571], [131.3050000000186, -0.6949999999998573]]], [[[131.31500000001859, -0.6849999999998575], [131.32500000001858, -0.6849999999998575], [131.32500000001858, -0.6949999999998573], [131.31500000001859, -0.6949999999998573], [131.31500000001859, -0.6849999999998575]]], [[[131.3650000000186, -0.6449999999998584], [131.37500000001862, -0.6449999999998584], [131.37500000001862, -0.6549999999998581], [131.3650000000186, -0.6549999999998581], [131.3650000000186, -0.6449999999998584]]], [[[120.05500000001283, -0.42499999999986304], [120.06500000001283, -0.42499999999986304], [120.06500000001283, -0.43499999999986283], [120.07500000001284, -0.43499999999986283], [120.07500000001284, -0.4449999999998626], [120.08500000001284, -0.4449999999998626], [120.08500000001284, -0.4549999999998624], [120.09500000001285, -0.4549999999998624], [120.09500000001285, -0.474999999999862], [120.10500000001285, -0.474999999999862], [120.10500000001285, -0.48499999999986176], [120.11500000001286, -0.48499999999986176], [120.11500000001286, -0.5149999999998611], [120.10500000001285, -0.5149999999998611], [120.10500000001285, -0.5249999999998609], [120.09500000001285, -0.5249999999998609], [120.09500000001285, -0.5449999999998605], [120.08500000001284, -0.5449999999998605], [120.08500000001284, -0.5549999999998603], [120.07500000001284, -0.5549999999998603], [120.07500000001284, -0.5649999999998601], [120.06500000001283, -0.5649999999998601], [120.06500000001283, -0.5849999999998596], [120.05500000001283, -0.5849999999998596], [120.05500000001283, -0.5949999999998594], [120.04500000001282, -0.5949999999998594], [120.04500000001282, -0.6049999999998592], [120.03500000001281, -0.6049999999998592], [120.03500000001281, -0.614999999999859], [120.02500000001281, -0.614999999999859], [120.02500000001281, -0.6249999999998588], [120.0150000000128, -0.6249999999998588], [120.0150000000128, -0.6349999999998586], [119.98500000001279, -0.6349999999998586], [119.98500000001279, -0.6249999999998588], [119.97500000001278, -0.6249999999998588], [119.97500000001278, -0.614999999999859], [119.96500000001278, -0.614999999999859], [119.96500000001278, -0.6049999999998592], [119.95500000001277, -0.6049999999998592], [119.95500000001277, -0.5849999999998596], [119.94500000001277, -0.5849999999998596], [119.94500000001277, -0.5749999999998598], [119.93500000001276, -0.5749999999998598], [119.93500000001276, -0.5549999999998603], [119.92500000001276, -0.5549999999998603], [119.92500000001276, -0.5449999999998605], [119.91500000001275, -0.5449999999998605], [119.91500000001275, -0.5249999999998609], [119.90500000001275, -0.5249999999998609], [119.90500000001275, -0.48499999999986176], [119.91500000001275, -0.48499999999986176], [119.91500000001275, -0.4649999999998622], [119.92500000001276, -0.4649999999998622], [119.92500000001276, -0.4549999999998624], [119.93500000001276, -0.4549999999998624], [119.93500000001276, -0.4449999999998626], [119.94500000001277, -0.4449999999998626], [119.94500000001277, -0.42499999999986304], [119.95500000001277, -0.42499999999986304], [119.95500000001277, -0.41499999999986326], [119.97500000001278, -0.41499999999986326], [119.97500000001278, -0.40499999999986347], [119.98500000001279, -0.40499999999986347], [119.98500000001279, -0.41499999999986326], [120.02500000001281, -0.41499999999986326], [120.02500000001281, -0.40499999999986347], [120.03500000001281, -0.40499999999986347], [120.03500000001281, -0.41499999999986326], [120.05500000001283, -0.41499999999986326], [120.05500000001283, -0.42499999999986304]]], [[[131.38500000001864, -0.34499999999986475], [131.38500000001864, -0.35499999999986454], [131.37500000001862, -0.35499999999986454], [131.37500000001862, -0.34499999999986475], [131.38500000001864, -0.34499999999986475]]], [[[119.79500000001269, -0.27499999999986624], [119.79500000001269, -0.2949999999998658], [119.78500000001269, -0.2949999999998658], [119.78500000001269, -0.3049999999998656], [119.77500000001268, -0.3049999999998656], [119.77500000001268, -0.3149999999998654], [119.72500000001266, -0.3149999999998654], [119.72500000001266, -0.3049999999998656], [119.71500000001265, -0.3049999999998656], [119.71500000001265, -0.2949999999998658], [119.69500000001264, -0.2949999999998658], [119.69500000001264, -0.284999999999866], [119.68500000001264, -0.284999999999866], [119.68500000001264, -0.27499999999986624], [119.67500000001263, -0.27499999999986624], [119.67500000001263, -0.26499999999986645], [119.66500000001263, -0.26499999999986645], [119.66500000001263, -0.24499999999986688], [119.67500000001263, -0.24499999999986688], [119.67500000001263, -0.2349999999998671], [119.68500000001264, -0.2349999999998671], [119.68500000001264, -0.2249999999998673], [119.70500000001265, -0.2249999999998673], [119.70500000001265, -0.21499999999986752], [119.72500000001266, -0.21499999999986752], [119.72500000001266, -0.20499999999986773], [119.76500000001268, -0.20499999999986773], [119.76500000001268, -0.21499999999986752], [119.77500000001268, -0.21499999999986752], [119.77500000001268, -0.2249999999998673], [119.79500000001269, -0.2249999999998673], [119.79500000001269, -0.2349999999998671], [119.8050000000127, -0.2349999999998671], [119.8050000000127, -0.27499999999986624], [119.79500000001269, -0.27499999999986624]]], [[[120.24500000001292, -0.17499999999986837], [120.25500000001293, -0.17499999999986837], [120.25500000001293, -0.25499999999986667], [120.24500000001292, -0.25499999999986667], [120.24500000001292, -0.17499999999986837]]], [[[119.78500000001269, 0.09500000000012587], [119.76500000001268, 0.09500000000012587], [119.76500000001268, 0.08500000000012609], [119.75500000001267, 0.08500000000012609], [119.75500000001267, 0.0750000000001263], [119.73500000001266, 0.0750000000001263], [119.73500000001266, 0.06500000000012651], [119.72500000001266, 0.06500000000012651], [119.72500000001266, 0.055000000000126725], [119.71500000001265, 0.055000000000126725], [119.71500000001265, 0.04500000000012694], [119.70500000001265, 0.04500000000012694], [119.70500000001265, 0.03500000000012715], [119.69500000001264, 0.03500000000012715], [119.69500000001264, 0.025000000000127365], [119.68500000001264, 0.025000000000127365], [119.68500000001264, -0.014999999999871783], [119.69500000001264, -0.014999999999871783], [119.69500000001264, -0.02499999999987157], [119.71500000001265, -0.02499999999987157], [119.71500000001265, -0.034999999999871356], [119.73500000001266, -0.034999999999871356], [119.73500000001266, -0.04499999999987114], [119.76500000001268, -0.04499999999987114], [119.76500000001268, -0.05499999999987093], [119.8050000000127, -0.05499999999987093], [119.8050000000127, -0.06499999999987072], [119.75500000001267, -0.06499999999987072], [119.75500000001267, -0.05499999999987093], [119.72500000001266, -0.05499999999987093], [119.72500000001266, -0.04499999999987114], [119.69500000001264, -0.04499999999987114], [119.69500000001264, -0.034999999999871356], [119.67500000001263, -0.034999999999871356], [119.67500000001263, -0.02499999999987157], [119.65500000001262, -0.02499999999987157], [119.65500000001262, -0.014999999999871783], [119.64500000001262, -0.014999999999871783], [119.64500000001262, -0.004999999999871996], [119.63500000001261, -0.004999999999871996], [119.63500000001261, 0.025000000000127365], [119.64500000001262, 0.025000000000127365], [119.64500000001262, 0.03500000000012715], [119.65500000001262, 0.03500000000012715], [119.65500000001262, 0.055000000000126725], [119.66500000001263, 0.055000000000126725], [119.66500000001263, 0.0750000000001263], [119.67500000001263, 0.0750000000001263], [119.67500000001263, 0.08500000000012609], [119.68500000001264, 0.08500000000012609], [119.68500000001264, 0.09500000000012587], [119.69500000001264, 0.09500000000012587], [119.69500000001264, 0.10500000000012566], [119.70500000001265, 0.10500000000012566], [119.70500000001265, 0.11500000000012545], [119.71500000001265, 0.11500000000012545], [119.71500000001265, 0.12500000000012523], [119.72500000001266, 0.12500000000012523], [119.72500000001266, 0.13500000000012502], [119.73500000001266, 0.13500000000012502], [119.73500000001266, 0.1450000000001248], [119.75500000001267, 0.1450000000001248], [119.75500000001267, 0.13500000000012502], [119.76500000001268, 0.13500000000012502], [119.76500000001268, 0.11500000000012545], [119.77500000001268, 0.11500000000012545], [119.77500000001268, 0.10500000000012566], [119.78500000001269, 0.10500000000012566], [119.78500000001269, 0.09500000000012587]]], [[[120.02500000001281, 0.0750000000001263], [120.03500000001281, 0.0750000000001263], [120.03500000001281, 0.055000000000126725], [120.04500000001282, 0.055000000000126725], [120.04500000001282, 0.03500000000012715], [120.05500000001283, 0.03500000000012715], [120.05500000001283, 0.015000000000127578], [120.06500000001283, 0.015000000000127578], [120.06500000001283, -0.004999999999871996], [119.9950000000128, -0.004999999999871996], [119.9950000000128, -0.014999999999871783], [119.96500000001278, -0.014999999999871783], [119.96500000001278, -0.02499999999987157], [119.94500000001277, -0.02499999999987157], [119.94500000001277, -0.014999999999871783], [119.93500000001276, -0.014999999999871783], [119.93500000001276, -0.004999999999871996], [119.92500000001276, -0.004999999999871996], [119.92500000001276, 0.005000000000127791], [119.93500000001276, 0.005000000000127791], [119.93500000001276, 0.025000000000127365], [119.94500000001277, 0.025000000000127365], [119.94500000001277, 0.04500000000012694], [119.95500000001277, 0.04500000000012694], [119.95500000001277, 0.06500000000012651], [119.96500000001278, 0.06500000000012651], [119.96500000001278, 0.08500000000012609], [119.97500000001278, 0.08500000000012609], [119.97500000001278, 0.10500000000012566], [119.98500000001279, 0.10500000000012566], [119.98500000001279, 0.11500000000012545], [119.9950000000128, 0.11500000000012545], [119.9950000000128, 0.10500000000012566], [120.0050000000128, 0.10500000000012566], [120.0050000000128, 0.11500000000012545], [120.0150000000128, 0.11500000000012545], [120.0150000000128, 0.09500000000012587], [120.02500000001281, 0.09500000000012587], [120.02500000001281, 0.0750000000001263]]], [[[121.04500000001333, 0.2250000000001231], [121.03500000001333, 0.2250000000001231], [121.03500000001333, 0.20500000000012353], [121.02500000001332, 0.20500000000012353], [121.02500000001332, 0.19500000000012374], [121.01500000001332, 0.19500000000012374], [121.01500000001332, 0.18500000000012395], [120.9950000000133, 0.18500000000012395], [120.9950000000133, 0.19500000000012374], [120.9850000000133, 0.19500000000012374], [120.9850000000133, 0.21500000000012331], [120.9750000000133, 0.21500000000012331], [120.9750000000133, 0.2350000000001229], [120.96500000001329, 0.2350000000001229], [120.96500000001329, 0.25500000000012246], [120.9750000000133, 0.25500000000012246], [120.9750000000133, 0.26500000000012225], [120.9850000000133, 0.26500000000012225], [120.9850000000133, 0.27500000000012204], [121.02500000001332, 0.27500000000012204], [121.02500000001332, 0.26500000000012225], [121.04500000001333, 0.26500000000012225], [121.04500000001333, 0.25500000000012246], [121.05500000001334, 0.25500000000012246], [121.05500000001334, 0.2350000000001229], [121.04500000001333, 0.2350000000001229], [121.04500000001333, 0.2250000000001231]]], [[[130.51500000001818, 0.26500000000012225], [130.50500000001819, 0.26500000000012225], [130.50500000001819, 0.25500000000012246], [130.49500000001817, 0.25500000000012246], [130.49500000001817, 0.24500000000012268], [130.46500000001816, 0.24500000000012268], [130.46500000001816, 0.2350000000001229], [130.43500000001814, 0.2350000000001229], [130.43500000001814, 0.2250000000001231], [130.41500000001813, 0.2250000000001231], [130.41500000001813, 0.25500000000012246], [130.42500000001814, 0.25500000000012246], [130.42500000001814, 0.27500000000012204], [130.43500000001814, 0.27500000000012204], [130.43500000001814, 0.2850000000001218], [130.44500000001813, 0.2850000000001218], [130.44500000001813, 0.2950000000001216], [130.45500000001815, 0.2950000000001216], [130.45500000001815, 0.3050000000001214], [130.47500000001816, 0.3050000000001214], [130.47500000001816, 0.3150000000001212], [130.48500000001815, 0.3150000000001212], [130.48500000001815, 0.32500000000012097], [130.51500000001818, 0.32500000000012097], [130.51500000001818, 0.3150000000001212], [130.5350000000182, 0.3150000000001212], [130.5350000000182, 0.2850000000001218], [130.52500000001817, 0.2850000000001218], [130.52500000001817, 0.27500000000012204], [130.51500000001818, 0.27500000000012204], [130.51500000001818, 0.26500000000012225]]], [[[120.29500000001295, 0.6150000000001148], [120.23500000001292, 0.6150000000001148], [120.23500000001292, 0.6250000000001146], [120.26500000001293, 0.6250000000001146], [120.26500000001293, 0.6350000000001144], [120.27500000001294, 0.6350000000001144], [120.27500000001294, 0.6450000000001141], [120.28500000001294, 0.6450000000001141], [120.28500000001294, 0.6550000000001139], [120.29500000001295, 0.6550000000001139], [120.29500000001295, 0.6650000000001137], [120.30500000001295, 0.6650000000001137], [120.30500000001295, 0.6750000000001135], [120.31500000001296, 0.6750000000001135], [120.31500000001296, 0.6850000000001133], [120.32500000001296, 0.6850000000001133], [120.32500000001296, 0.6950000000001131], [120.33500000001297, 0.6950000000001131], [120.33500000001297, 0.7050000000001129], [120.35500000001298, 0.7050000000001129], [120.35500000001298, 0.7150000000001127], [120.36500000001298, 0.7150000000001127], [120.36500000001298, 0.7250000000001124], [120.37500000001299, 0.7250000000001124], [120.37500000001299, 0.6450000000001141], [120.36500000001298, 0.6450000000001141], [120.36500000001298, 0.6350000000001144], [120.33500000001297, 0.6350000000001144], [120.33500000001297, 0.6250000000001146], [120.29500000001295, 0.6250000000001146], [120.29500000001295, 0.6150000000001148]]], [[[120.14500000001287, 0.7650000000001116], [120.15500000001288, 0.7650000000001116], [120.15500000001288, 0.7250000000001124], [120.14500000001287, 0.7250000000001124], [120.14500000001287, 0.745000000000112], [120.13500000001287, 0.745000000000112], [120.13500000001287, 0.7550000000001118], [120.14500000001287, 0.7550000000001118], [120.14500000001287, 0.7650000000001116]]], [[[129.09500000001745, 0.7850000000001112], [129.09500000001745, 0.7650000000001116], [129.08500000001743, 0.7650000000001116], [129.08500000001743, 0.7850000000001112], [129.09500000001745, 0.7850000000001112]]], [[[129.07500000001744, 0.7850000000001112], [129.07500000001744, 0.8150000000001105], [129.08500000001743, 0.8150000000001105], [129.08500000001743, 0.7850000000001112], [129.07500000001744, 0.7850000000001112]]], [[[120.35500000001298, 0.795000000000111], [120.33500000001297, 0.795000000000111], [120.33500000001297, 0.8050000000001107], [120.31500000001296, 0.8050000000001107], [120.31500000001296, 0.8150000000001105], [120.28500000001294, 0.8150000000001105], [120.28500000001294, 0.8250000000001103], [120.22500000001291, 0.8250000000001103], [120.22500000001291, 0.8150000000001105], [120.2150000000129, 0.8150000000001105], [120.2150000000129, 0.8050000000001107], [120.1950000000129, 0.8050000000001107], [120.1950000000129, 0.795000000000111], [120.18500000001289, 0.795000000000111], [120.18500000001289, 0.7850000000001112], [120.17500000001289, 0.7850000000001112], [120.17500000001289, 0.7750000000001114], [120.16500000001288, 0.7750000000001114], [120.16500000001288, 0.7650000000001116], [120.15500000001288, 0.7650000000001116], [120.15500000001288, 0.7850000000001112], [120.16500000001288, 0.7850000000001112], [120.16500000001288, 0.795000000000111], [120.17500000001289, 0.795000000000111], [120.17500000001289, 0.8150000000001105], [120.18500000001289, 0.8150000000001105], [120.18500000001289, 0.8250000000001103], [120.1950000000129, 0.8250000000001103], [120.1950000000129, 0.8350000000001101], [120.2150000000129, 0.8350000000001101], [120.2150000000129, 0.8450000000001099], [120.22500000001291, 0.8450000000001099], [120.22500000001291, 0.8550000000001097], [120.24500000001292, 0.8550000000001097], [120.24500000001292, 0.8650000000001095], [120.28500000001294, 0.8650000000001095], [120.28500000001294, 0.8550000000001097], [120.34500000001297, 0.8550000000001097], [120.34500000001297, 0.8450000000001099], [120.37500000001299, 0.8450000000001099], [120.37500000001299, 0.7850000000001112], [120.35500000001298, 0.7850000000001112], [120.35500000001298, 0.795000000000111]]], [[[120.9750000000133, 1.2550000000001011], [120.9850000000133, 1.2550000000001011], [120.9850000000133, 1.2450000000001014], [120.9750000000133, 1.2450000000001014], [120.9750000000133, 1.2550000000001011]]], [[[120.9850000000133, 1.265000000000101], [121.00500000001331, 1.265000000000101], [121.00500000001331, 1.2550000000001011], [120.9850000000133, 1.2550000000001011], [120.9850000000133, 1.265000000000101]]], [[[129.08500000001743, 1.4750000000000965], [129.08500000001743, 1.4650000000000967], [129.09500000001745, 1.4650000000000967], [129.09500000001745, 1.445000000000097], [129.10500000001747, 1.445000000000097], [129.10500000001747, 1.4350000000000973], [129.11500000001746, 1.4350000000000973], [129.11500000001746, 1.4150000000000977], [129.12500000001745, 1.4150000000000977], [129.12500000001745, 1.3950000000000982], [129.13500000001747, 1.3950000000000982], [129.13500000001747, 1.3750000000000986], [129.1450000000175, 1.3750000000000986], [129.1450000000175, 1.3450000000000992], [129.15500000001748, 1.3450000000000992], [129.15500000001748, 1.3150000000000999], [129.16500000001747, 1.3150000000000999], [129.16500000001747, 1.265000000000101], [129.1750000000175, 1.265000000000101], [129.1750000000175, 1.2450000000001014], [129.16500000001747, 1.2450000000001014], [129.16500000001747, 1.2250000000001018], [129.15500000001748, 1.2250000000001018], [129.15500000001748, 1.2050000000001022], [129.1450000000175, 1.2050000000001022], [129.1450000000175, 1.1950000000001024], [129.13500000001747, 1.1950000000001024], [129.13500000001747, 1.1850000000001026], [129.12500000001745, 1.1850000000001026], [129.12500000001745, 1.165000000000103], [129.11500000001746, 1.165000000000103], [129.11500000001746, 1.1550000000001033], [129.10500000001747, 1.1550000000001033], [129.10500000001747, 1.1450000000001035], [129.09500000001745, 1.1450000000001035], [129.09500000001745, 1.1350000000001037], [129.07500000001744, 1.1350000000001037], [129.07500000001744, 1.125000000000104], [129.06500000001745, 1.125000000000104], [129.06500000001745, 1.1150000000001041], [129.05500000001743, 1.1150000000001041], [129.05500000001743, 1.1050000000001043], [129.03500000001742, 1.1050000000001043], [129.03500000001742, 1.0950000000001046], [129.0150000000174, 1.0950000000001046], [129.0150000000174, 1.1550000000001033], [129.0050000000174, 1.1550000000001033], [129.0050000000174, 1.2050000000001022], [128.9950000000174, 1.2050000000001022], [128.9950000000174, 1.2350000000001016], [128.9850000000174, 1.2350000000001016], [128.9850000000174, 1.2450000000001014], [128.9750000000174, 1.2450000000001014], [128.9750000000174, 1.2550000000001011], [128.96500000001737, 1.2550000000001011], [128.96500000001737, 1.265000000000101], [128.95500000001738, 1.265000000000101], [128.95500000001738, 1.2750000000001007], [128.9450000000174, 1.2750000000001007], [128.9450000000174, 1.2850000000001005], [128.93500000001737, 1.2850000000001005], [128.93500000001737, 1.3050000000001], [128.92500000001735, 1.3050000000001], [128.92500000001735, 1.3250000000000997], [128.91500000001736, 1.3250000000000997], [128.91500000001736, 1.3850000000000984], [128.92500000001735, 1.3850000000000984], [128.92500000001735, 1.405000000000098], [128.93500000001737, 1.405000000000098], [128.93500000001737, 1.4250000000000975], [128.9450000000174, 1.4250000000000975], [128.9450000000174, 1.445000000000097], [128.95500000001738, 1.445000000000097], [128.95500000001738, 1.4650000000000967], [128.96500000001737, 1.4650000000000967], [128.96500000001737, 1.4750000000000965], [128.9750000000174, 1.4750000000000965], [128.9750000000174, 1.495000000000096], [128.9850000000174, 1.495000000000096], [128.9850000000174, 1.5050000000000958], [128.9950000000174, 1.5050000000000958], [128.9950000000174, 1.5150000000000956], [129.0150000000174, 1.5150000000000956], [129.0150000000174, 1.5050000000000958], [129.0450000000174, 1.5050000000000958], [129.0450000000174, 1.495000000000096], [129.05500000001743, 1.495000000000096], [129.05500000001743, 1.4850000000000962], [129.07500000001744, 1.4850000000000962], [129.07500000001744, 1.4750000000000965], [129.08500000001743, 1.4750000000000965]]], [[[128.8050000000173, 2.1850000000000813], [128.8050000000173, 2.1750000000000815], [128.82500000001733, 2.1750000000000815], [128.82500000001733, 2.1650000000000817], [128.83500000001732, 2.1650000000000817], [128.83500000001732, 2.155000000000082], [128.8450000000173, 2.155000000000082], [128.8450000000173, 2.1350000000000824], [128.85500000001733, 2.1350000000000824], [128.85500000001733, 2.115000000000083], [128.86500000001735, 2.115000000000083], [128.86500000001735, 2.0950000000000832], [128.85500000001733, 2.0950000000000832], [128.85500000001733, 2.105000000000083], [128.8150000000173, 2.105000000000083], [128.8150000000173, 2.115000000000083], [128.7750000000173, 2.115000000000083], [128.7750000000173, 2.1250000000000826], [128.75500000001728, 2.1250000000000826], [128.75500000001728, 2.1350000000000824], [128.74500000001728, 2.1350000000000824], [128.74500000001728, 2.1850000000000813], [128.73500000001727, 2.1850000000000813], [128.73500000001727, 2.2150000000000807], [128.74500000001728, 2.2150000000000807], [128.74500000001728, 2.2250000000000805], [128.76500000001727, 2.2250000000000805], [128.76500000001727, 2.2150000000000807], [128.7750000000173, 2.2150000000000807], [128.7750000000173, 2.205000000000081], [128.7850000000173, 2.205000000000081], [128.7850000000173, 2.195000000000081], [128.7950000000173, 2.195000000000081], [128.7950000000173, 2.1850000000000813], [128.8050000000173, 2.1850000000000813]]], [[[118.54500000001205, 2.5450000000000736], [118.55500000001206, 2.5450000000000736], [118.55500000001206, 2.535000000000074], [118.56500000001206, 2.535000000000074], [118.56500000001206, 2.525000000000074], [118.57500000001207, 2.525000000000074], [118.57500000001207, 2.5150000000000743], [118.58500000001207, 2.5150000000000743], [118.58500000001207, 2.5050000000000745], [118.59500000001208, 2.5050000000000745], [118.59500000001208, 2.4950000000000747], [118.58500000001207, 2.4950000000000747], [118.58500000001207, 2.475000000000075], [118.57500000001207, 2.475000000000075], [118.57500000001207, 2.4550000000000756], [118.56500000001206, 2.4550000000000756], [118.56500000001206, 2.445000000000076], [118.55500000001206, 2.445000000000076], [118.55500000001206, 2.435000000000076], [118.54500000001205, 2.435000000000076], [118.54500000001205, 2.4150000000000764], [118.53500000001205, 2.4150000000000764], [118.53500000001205, 2.4050000000000766], [118.51500000001204, 2.4050000000000766], [118.51500000001204, 2.395000000000077], [118.50500000001203, 2.395000000000077], [118.50500000001203, 2.385000000000077], [118.47500000001202, 2.385000000000077], [118.47500000001202, 2.395000000000077], [118.435000000012, 2.395000000000077], [118.435000000012, 2.4050000000000766], [118.40500000001198, 2.4050000000000766], [118.40500000001198, 2.4150000000000764], [118.38500000001197, 2.4150000000000764], [118.38500000001197, 2.425000000000076], [118.37500000001197, 2.425000000000076], [118.37500000001197, 2.435000000000076], [118.35500000001196, 2.435000000000076], [118.35500000001196, 2.445000000000076], [118.34500000001195, 2.445000000000076], [118.34500000001195, 2.4550000000000756], [118.33500000001195, 2.4550000000000756], [118.33500000001195, 2.4650000000000754], [118.32500000001194, 2.4650000000000754], [118.32500000001194, 2.475000000000075], [118.31500000001193, 2.475000000000075], [118.31500000001193, 2.4950000000000747], [118.30500000001193, 2.4950000000000747], [118.30500000001193, 2.5050000000000745], [118.31500000001193, 2.5050000000000745], [118.31500000001193, 2.5150000000000743], [118.32500000001194, 2.5150000000000743], [118.32500000001194, 2.525000000000074], [118.34500000001195, 2.525000000000074], [118.34500000001195, 2.535000000000074], [118.36500000001196, 2.535000000000074], [118.36500000001196, 2.5450000000000736], [118.38500000001197, 2.5450000000000736], [118.38500000001197, 2.5550000000000734], [118.40500000001198, 2.5550000000000734], [118.40500000001198, 2.565000000000073], [118.435000000012, 2.565000000000073], [118.435000000012, 2.575000000000073], [118.47500000001202, 2.575000000000073], [118.47500000001202, 2.585000000000073], [118.50500000001203, 2.585000000000073], [118.50500000001203, 2.575000000000073], [118.52500000001204, 2.575000000000073], [118.52500000001204, 2.565000000000073], [118.53500000001205, 2.565000000000073], [118.53500000001205, 2.5550000000000734], [118.54500000001205, 2.5550000000000734], [118.54500000001205, 2.5450000000000736]]], [[[119.06500000001232, 4.11500000000004], [119.07500000001232, 4.11500000000004], [119.07500000001232, 4.10500000000004], [119.08500000001233, 4.10500000000004], [119.08500000001233, 4.095000000000041], [119.10500000001234, 4.095000000000041], [119.10500000001234, 4.085000000000041], [119.11500000001234, 4.085000000000041], [119.11500000001234, 4.075000000000041], [119.12500000001235, 4.075000000000041], [119.12500000001235, 4.065000000000041], [119.13500000001235, 4.065000000000041], [119.13500000001235, 4.045000000000042], [119.14500000001236, 4.045000000000042], [119.14500000001236, 4.035000000000042], [119.15500000001236, 4.035000000000042], [119.15500000001236, 4.025000000000042], [119.16500000001237, 4.025000000000042], [119.16500000001237, 4.0050000000000425], [119.17500000001237, 4.0050000000000425], [119.17500000001237, 3.9950000000000427], [119.16500000001237, 3.9950000000000427], [119.16500000001237, 3.975000000000043], [119.15500000001236, 3.975000000000043], [119.15500000001236, 3.9650000000000434], [119.14500000001236, 3.9650000000000434], [119.14500000001236, 3.945000000000044], [119.13500000001235, 3.945000000000044], [119.13500000001235, 3.935000000000044], [119.12500000001235, 3.935000000000044], [119.12500000001235, 3.9250000000000442], [119.11500000001234, 3.9250000000000442], [119.11500000001234, 3.9150000000000444], [119.10500000001234, 3.9150000000000444], [119.10500000001234, 3.895000000000045], [119.09500000001233, 3.895000000000045], [119.09500000001233, 3.885000000000045], [119.08500000001233, 3.885000000000045], [119.08500000001233, 3.8750000000000453], [119.07500000001232, 3.8750000000000453], [119.07500000001232, 3.8650000000000455], [119.06500000001232, 3.8650000000000455], [119.06500000001232, 3.8550000000000457], [119.05500000001231, 3.8550000000000457], [119.05500000001231, 3.845000000000046], [119.04500000001231, 3.845000000000046], [119.04500000001231, 3.835000000000046], [119.0350000000123, 3.835000000000046], [119.0350000000123, 3.8250000000000464], [119.0250000000123, 3.8250000000000464], [119.0250000000123, 3.8150000000000466], [119.0150000000123, 3.8150000000000466], [119.0150000000123, 3.805000000000047], [119.00500000001229, 3.805000000000047], [119.00500000001229, 3.785000000000047], [118.99500000001228, 3.785000000000047], [118.99500000001228, 3.7750000000000474], [118.98500000001228, 3.7750000000000474], [118.98500000001228, 3.745000000000048], [118.97500000001227, 3.745000000000048], [118.97500000001227, 3.7350000000000483], [118.96500000001227, 3.7350000000000483], [118.96500000001227, 3.7150000000000487], [118.95500000001226, 3.7150000000000487], [118.95500000001226, 3.705000000000049], [118.94500000001226, 3.705000000000049], [118.94500000001226, 3.695000000000049], [118.93500000001225, 3.695000000000049], [118.93500000001225, 3.6750000000000496], [118.92500000001225, 3.6750000000000496], [118.92500000001225, 3.6650000000000498], [118.91500000001224, 3.6650000000000498], [118.91500000001224, 3.65500000000005], [118.90500000001224, 3.65500000000005], [118.90500000001224, 3.64500000000005], [118.89500000001223, 3.64500000000005], [118.89500000001223, 3.6350000000000504], [118.88500000001223, 3.6350000000000504], [118.88500000001223, 3.6250000000000506], [118.87500000001222, 3.6250000000000506], [118.87500000001222, 3.615000000000051], [118.86500000001222, 3.615000000000051], [118.86500000001222, 3.605000000000051], [118.85500000001221, 3.605000000000051], [118.85500000001221, 3.5950000000000513], [118.8450000000122, 3.5950000000000513], [118.8450000000122, 3.5850000000000515], [118.8350000000122, 3.5850000000000515], [118.8350000000122, 3.5950000000000513], [118.8250000000122, 3.5950000000000513], [118.8250000000122, 3.615000000000051], [118.81500000001219, 3.615000000000051], [118.81500000001219, 3.6250000000000506], [118.80500000001219, 3.6250000000000506], [118.80500000001219, 3.64500000000005], [118.79500000001218, 3.64500000000005], [118.79500000001218, 3.65500000000005], [118.78500000001218, 3.65500000000005], [118.78500000001218, 3.6750000000000496], [118.77500000001217, 3.6750000000000496], [118.77500000001217, 3.695000000000049], [118.76500000001217, 3.695000000000049], [118.76500000001217, 3.7150000000000487], [118.75500000001216, 3.7150000000000487], [118.75500000001216, 3.7250000000000485], [118.71500000001214, 3.7250000000000485], [118.71500000001214, 3.7150000000000487], [118.66500000001211, 3.7150000000000487], [118.66500000001211, 3.705000000000049], [118.58500000001207, 3.705000000000049], [118.58500000001207, 3.695000000000049], [118.48500000001202, 3.695000000000049], [118.48500000001202, 3.705000000000049], [118.455000000012, 3.705000000000049], [118.455000000012, 3.7150000000000487], [118.42500000001199, 3.7150000000000487], [118.42500000001199, 3.7250000000000485], [118.40500000001198, 3.7250000000000485], [118.40500000001198, 3.7350000000000483], [118.41500000001199, 3.7350000000000483], [118.41500000001199, 3.745000000000048], [118.42500000001199, 3.745000000000048], [118.42500000001199, 3.7650000000000476], [118.435000000012, 3.7650000000000476], [118.435000000012, 3.7750000000000474], [118.445000000012, 3.7750000000000474], [118.445000000012, 3.785000000000047], [118.455000000012, 3.785000000000047], [118.455000000012, 3.795000000000047], [118.46500000001201, 3.795000000000047], [118.46500000001201, 3.805000000000047], [118.47500000001202, 3.805000000000047], [118.47500000001202, 3.8150000000000466], [118.48500000001202, 3.8150000000000466], [118.48500000001202, 3.8250000000000464], [118.49500000001203, 3.8250000000000464], [118.49500000001203, 3.835000000000046], [118.50500000001203, 3.835000000000046], [118.50500000001203, 3.845000000000046], [118.51500000001204, 3.845000000000046], [118.51500000001204, 3.8550000000000457], [118.53500000001205, 3.8550000000000457], [118.53500000001205, 3.8650000000000455], [118.54500000001205, 3.8650000000000455], [118.54500000001205, 3.8750000000000453], [118.55500000001206, 3.8750000000000453], [118.55500000001206, 3.885000000000045], [118.56500000001206, 3.885000000000045], [118.56500000001206, 3.895000000000045], [118.57500000001207, 3.895000000000045], [118.57500000001207, 3.9050000000000447], [118.58500000001207, 3.9050000000000447], [118.58500000001207, 3.9150000000000444], [118.59500000001208, 3.9150000000000444], [118.59500000001208, 3.9250000000000442], [118.61500000001209, 3.9250000000000442], [118.61500000001209, 3.935000000000044], [118.6250000000121, 3.935000000000044], [118.6250000000121, 3.945000000000044], [118.6350000000121, 3.945000000000044], [118.6350000000121, 3.9550000000000436], [118.6450000000121, 3.9550000000000436], [118.6450000000121, 3.9650000000000434], [118.65500000001211, 3.9650000000000434], [118.65500000001211, 3.975000000000043], [118.66500000001211, 3.975000000000043], [118.66500000001211, 3.985000000000043], [118.67500000001212, 3.985000000000043], [118.67500000001212, 3.9950000000000427], [118.68500000001212, 3.9950000000000427], [118.68500000001212, 4.0050000000000425], [118.69500000001213, 4.0050000000000425], [118.69500000001213, 4.015000000000042], [118.70500000001213, 4.015000000000042], [118.70500000001213, 4.025000000000042], [118.72500000001214, 4.025000000000042], [118.72500000001214, 4.035000000000042], [118.73500000001215, 4.035000000000042], [118.73500000001215, 4.045000000000042], [118.76500000001217, 4.045000000000042], [118.76500000001217, 4.0550000000000415], [118.80500000001219, 4.0550000000000415], [118.80500000001219, 4.065000000000041], [118.8350000000122, 4.065000000000041], [118.8350000000122, 4.075000000000041], [118.86500000001222, 4.075000000000041], [118.86500000001222, 4.085000000000041], [118.88500000001223, 4.085000000000041], [118.88500000001223, 4.095000000000041], [118.90500000001224, 4.095000000000041], [118.90500000001224, 4.10500000000004], [118.92500000001225, 4.10500000000004], [118.92500000001225, 4.11500000000004], [118.94500000001226, 4.11500000000004], [118.94500000001226, 4.12500000000004], [118.96500000001227, 4.12500000000004], [118.96500000001227, 4.13500000000004], [118.97500000001227, 4.13500000000004], [118.97500000001227, 4.1450000000000395], [118.98500000001228, 4.1450000000000395], [118.98500000001228, 4.155000000000039], [119.0150000000123, 4.155000000000039], [119.0150000000123, 4.1450000000000395], [119.0350000000123, 4.1450000000000395], [119.0350000000123, 4.13500000000004], [119.05500000001231, 4.13500000000004], [119.05500000001231, 4.12500000000004], [119.06500000001232, 4.12500000000004], [119.06500000001232, 4.11500000000004]]], [[[118.03500000001179, 4.395000000000034], [117.98500000001177, 4.395000000000034], [117.98500000001177, 4.405000000000034], [117.99500000001177, 4.405000000000034], [117.99500000001177, 4.415000000000034], [118.01500000001178, 4.415000000000034], [118.01500000001178, 4.425000000000034], [118.0550000000118, 4.425000000000034], [118.0550000000118, 4.435000000000033], [118.10500000001183, 4.435000000000033], [118.10500000001183, 4.425000000000034], [118.08500000001182, 4.425000000000034], [118.08500000001182, 4.415000000000034], [118.0650000000118, 4.415000000000034], [118.0650000000118, 4.405000000000034], [118.03500000001179, 4.405000000000034], [118.03500000001179, 4.395000000000034]]], [[[127.36500000001656, 4.505000000000032], [127.36500000001656, 4.495000000000032], [127.37500000001657, 4.495000000000032], [127.37500000001657, 4.4750000000000325], [127.36500000001656, 4.4750000000000325], [127.36500000001656, 4.425000000000034], [127.35500000001656, 4.425000000000034], [127.35500000001656, 4.355000000000035], [127.32500000001654, 4.355000000000035], [127.32500000001654, 4.345000000000035], [127.29500000001653, 4.345000000000035], [127.29500000001653, 4.3350000000000355], [127.26500000001651, 4.3350000000000355], [127.26500000001651, 4.325000000000036], [127.2350000000165, 4.325000000000036], [127.2350000000165, 4.3350000000000355], [127.20500000001648, 4.3350000000000355], [127.20500000001648, 4.345000000000035], [127.19500000001648, 4.345000000000035], [127.19500000001648, 4.355000000000035], [127.17500000001647, 4.355000000000035], [127.17500000001647, 4.365000000000035], [127.16500000001646, 4.365000000000035], [127.16500000001646, 4.385000000000034], [127.15500000001646, 4.385000000000034], [127.15500000001646, 4.415000000000034], [127.16500000001646, 4.415000000000034], [127.16500000001646, 4.425000000000034], [127.17500000001647, 4.425000000000034], [127.17500000001647, 4.435000000000033], [127.18500000001647, 4.435000000000033], [127.18500000001647, 4.445000000000033], [127.19500000001648, 4.445000000000033], [127.19500000001648, 4.455000000000033], [127.20500000001648, 4.455000000000033], [127.20500000001648, 4.465000000000033], [127.21500000001649, 4.465000000000033], [127.21500000001649, 4.4750000000000325], [127.2250000000165, 4.4750000000000325], [127.2250000000165, 4.485000000000032], [127.2350000000165, 4.485000000000032], [127.2350000000165, 4.495000000000032], [127.2450000000165, 4.495000000000032], [127.2450000000165, 4.515000000000032], [127.25500000001651, 4.515000000000032], [127.25500000001651, 4.535000000000031], [127.26500000001651, 4.535000000000031], [127.26500000001651, 4.545000000000031], [127.28500000001652, 4.545000000000031], [127.28500000001652, 4.535000000000031], [127.31500000001654, 4.535000000000031], [127.31500000001654, 4.525000000000031], [127.33500000001655, 4.525000000000031], [127.33500000001655, 4.515000000000032], [127.35500000001656, 4.515000000000032], [127.35500000001656, 4.505000000000032], [127.36500000001656, 4.505000000000032]]], [[[118.12500000001184, 4.445000000000033], [118.12500000001184, 4.435000000000033], [118.10500000001183, 4.435000000000033], [118.10500000001183, 4.445000000000033], [118.12500000001184, 4.445000000000033]]], [[[118.69500000001213, 4.515000000000032], [118.70500000001213, 4.515000000000032], [118.70500000001213, 4.495000000000032], [118.69500000001213, 4.495000000000032], [118.69500000001213, 4.515000000000032]]], [[[118.68500000001212, 4.545000000000031], [118.69500000001213, 4.545000000000031], [118.69500000001213, 4.525000000000031], [118.68500000001212, 4.525000000000031], [118.68500000001212, 4.545000000000031]]], [[[118.59500000001208, 4.59500000000003], [118.60500000001208, 4.59500000000003], [118.60500000001208, 4.57500000000003], [118.61500000001209, 4.57500000000003], [118.61500000001209, 4.555000000000031], [118.6250000000121, 4.555000000000031], [118.6250000000121, 4.535000000000031], [118.6350000000121, 4.535000000000031], [118.6350000000121, 4.505000000000032], [118.6450000000121, 4.505000000000032], [118.6450000000121, 4.495000000000032], [118.6350000000121, 4.495000000000032], [118.6350000000121, 4.485000000000032], [118.6250000000121, 4.485000000000032], [118.6250000000121, 4.4750000000000325], [118.61500000001209, 4.4750000000000325], [118.61500000001209, 4.465000000000033], [118.59500000001208, 4.465000000000033], [118.59500000001208, 4.455000000000033], [118.58500000001207, 4.455000000000033], [118.58500000001207, 4.445000000000033], [118.56500000001206, 4.445000000000033], [118.56500000001206, 4.435000000000033], [118.55500000001206, 4.435000000000033], [118.55500000001206, 4.425000000000034], [118.53500000001205, 4.425000000000034], [118.53500000001205, 4.415000000000034], [118.51500000001204, 4.415000000000034], [118.51500000001204, 4.405000000000034], [118.47500000001202, 4.405000000000034], [118.47500000001202, 4.415000000000034], [118.435000000012, 4.415000000000034], [118.435000000012, 4.425000000000034], [118.40500000001198, 4.425000000000034], [118.40500000001198, 4.435000000000033], [118.37500000001197, 4.435000000000033], [118.37500000001197, 4.445000000000033], [118.35500000001196, 4.445000000000033], [118.35500000001196, 4.465000000000033], [118.49500000001203, 4.465000000000033], [118.49500000001203, 4.4750000000000325], [118.51500000001204, 4.4750000000000325], [118.51500000001204, 4.485000000000032], [118.52500000001204, 4.485000000000032], [118.52500000001204, 4.515000000000032], [118.51500000001204, 4.515000000000032], [118.51500000001204, 4.535000000000031], [118.50500000001203, 4.535000000000031], [118.50500000001203, 4.555000000000031], [118.51500000001204, 4.555000000000031], [118.51500000001204, 4.57500000000003], [118.52500000001204, 4.57500000000003], [118.52500000001204, 4.59500000000003], [118.53500000001205, 4.59500000000003], [118.53500000001205, 4.6150000000000295], [118.54500000001205, 4.6150000000000295], [118.54500000001205, 4.645000000000029], [118.55500000001206, 4.645000000000029], [118.55500000001206, 4.675000000000028], [118.56500000001206, 4.675000000000028], [118.56500000001206, 4.655000000000029], [118.57500000001207, 4.655000000000029], [118.57500000001207, 4.635000000000029], [118.58500000001207, 4.635000000000029], [118.58500000001207, 4.6150000000000295], [118.59500000001208, 4.6150000000000295], [118.59500000001208, 4.59500000000003]]], [[[118.46500000001201, 4.555000000000031], [118.48500000001202, 4.555000000000031], [118.48500000001202, 4.545000000000031], [118.46500000001201, 4.545000000000031], [118.46500000001201, 4.555000000000031]]], [[[118.445000000012, 4.58500000000003], [118.455000000012, 4.58500000000003], [118.455000000012, 4.57500000000003], [118.46500000001201, 4.57500000000003], [118.46500000001201, 4.555000000000031], [118.41500000001199, 4.555000000000031], [118.41500000001199, 4.565000000000031], [118.37500000001197, 4.565000000000031], [118.37500000001197, 4.57500000000003], [118.34500000001195, 4.57500000000003], [118.34500000001195, 4.58500000000003], [118.31500000001193, 4.58500000000003], [118.31500000001193, 4.59500000000003], [118.30500000001193, 4.59500000000003], [118.30500000001193, 4.6150000000000295], [118.31500000001193, 4.6150000000000295], [118.31500000001193, 4.635000000000029], [118.32500000001194, 4.635000000000029], [118.32500000001194, 4.655000000000029], [118.33500000001195, 4.655000000000029], [118.33500000001195, 4.6650000000000285], [118.34500000001195, 4.6650000000000285], [118.34500000001195, 4.675000000000028], [118.35500000001196, 4.675000000000028], [118.35500000001196, 4.685000000000028], [118.36500000001196, 4.685000000000028], [118.36500000001196, 4.695000000000028], [118.37500000001197, 4.695000000000028], [118.37500000001197, 4.705000000000028], [118.39500000001198, 4.705000000000028], [118.39500000001198, 4.715000000000027], [118.41500000001199, 4.715000000000027], [118.41500000001199, 4.695000000000028], [118.42500000001199, 4.695000000000028], [118.42500000001199, 4.635000000000029], [118.435000000012, 4.635000000000029], [118.435000000012, 4.60500000000003], [118.445000000012, 4.60500000000003], [118.445000000012, 4.58500000000003]]], [[[118.17500000001186, 4.685000000000028], [118.18500000001187, 4.685000000000028], [118.18500000001187, 4.675000000000028], [118.17500000001186, 4.675000000000028], [118.17500000001186, 4.685000000000028]]], [[[118.16500000001186, 4.715000000000027], [118.17500000001186, 4.715000000000027], [118.17500000001186, 4.695000000000028], [118.16500000001186, 4.695000000000028], [118.16500000001186, 4.715000000000027]]], [[[118.15500000001185, 4.745000000000027], [118.16500000001186, 4.745000000000027], [118.16500000001186, 4.715000000000027], [118.15500000001185, 4.715000000000027], [118.15500000001185, 4.735000000000027], [118.14500000001185, 4.735000000000027], [118.14500000001185, 4.7550000000000265], [118.15500000001185, 4.7550000000000265], [118.15500000001185, 4.745000000000027]]], [[[118.2450000000119, 4.875000000000024], [118.2450000000119, 4.865000000000024], [118.2350000000119, 4.865000000000024], [118.2350000000119, 4.845000000000025], [118.22500000001189, 4.845000000000025], [118.22500000001189, 4.835000000000025], [118.21500000001188, 4.835000000000025], [118.21500000001188, 4.815000000000025], [118.20500000001188, 4.815000000000025], [118.20500000001188, 4.8050000000000255], [118.19500000001187, 4.8050000000000255], [118.19500000001187, 4.785000000000026], [118.18500000001187, 4.785000000000026], [118.18500000001187, 4.775000000000026], [118.17500000001186, 4.775000000000026], [118.17500000001186, 4.765000000000026], [118.16500000001186, 4.765000000000026], [118.16500000001186, 4.7550000000000265], [118.15500000001185, 4.7550000000000265], [118.15500000001185, 4.785000000000026], [118.16500000001186, 4.785000000000026], [118.16500000001186, 4.845000000000025], [118.17500000001186, 4.845000000000025], [118.17500000001186, 4.875000000000024], [118.18500000001187, 4.875000000000024], [118.18500000001187, 4.8950000000000236], [118.19500000001187, 4.8950000000000236], [118.19500000001187, 4.905000000000023], [118.20500000001188, 4.905000000000023], [118.20500000001188, 4.915000000000023], [118.21500000001188, 4.915000000000023], [118.21500000001188, 4.925000000000023], [118.2350000000119, 4.925000000000023], [118.2350000000119, 4.935000000000023], [118.2450000000119, 4.935000000000023], [118.2450000000119, 4.925000000000023], [118.2550000000119, 4.925000000000023], [118.2550000000119, 4.915000000000023], [118.26500000001191, 4.915000000000023], [118.26500000001191, 4.8950000000000236], [118.2550000000119, 4.8950000000000236], [118.2550000000119, 4.875000000000024], [118.2450000000119, 4.875000000000024]]], [[[118.65500000001211, 5.165000000000018], [118.65500000001211, 5.155000000000018], [118.6450000000121, 5.155000000000018], [118.6450000000121, 5.165000000000018], [118.65500000001211, 5.165000000000018]]], [[[118.8350000000122, 5.315000000000015], [118.8450000000122, 5.315000000000015], [118.8450000000122, 5.305000000000015], [118.86500000001222, 5.305000000000015], [118.86500000001222, 5.295000000000015], [118.87500000001222, 5.295000000000015], [118.87500000001222, 5.285000000000015], [118.89500000001223, 5.285000000000015], [118.89500000001223, 5.2250000000000165], [118.86500000001222, 5.2250000000000165], [118.86500000001222, 5.215000000000017], [118.8350000000122, 5.215000000000017], [118.8350000000122, 5.205000000000017], [118.80500000001219, 5.205000000000017], [118.80500000001219, 5.195000000000017], [118.77500000001217, 5.195000000000017], [118.77500000001217, 5.185000000000017], [118.73500000001215, 5.185000000000017], [118.73500000001215, 5.175000000000018], [118.69500000001213, 5.175000000000018], [118.69500000001213, 5.165000000000018], [118.65500000001211, 5.165000000000018], [118.65500000001211, 5.175000000000018], [118.66500000001211, 5.175000000000018], [118.66500000001211, 5.185000000000017], [118.68500000001212, 5.185000000000017], [118.68500000001212, 5.195000000000017], [118.69500000001213, 5.195000000000017], [118.69500000001213, 5.205000000000017], [118.70500000001213, 5.205000000000017], [118.70500000001213, 5.215000000000017], [118.71500000001214, 5.215000000000017], [118.71500000001214, 5.2250000000000165], [118.73500000001215, 5.2250000000000165], [118.73500000001215, 5.235000000000016], [118.74500000001215, 5.235000000000016], [118.74500000001215, 5.245000000000016], [118.76500000001217, 5.245000000000016], [118.76500000001217, 5.255000000000016], [118.77500000001217, 5.255000000000016], [118.77500000001217, 5.265000000000016], [118.78500000001218, 5.265000000000016], [118.78500000001218, 5.305000000000015], [118.79500000001218, 5.305000000000015], [118.79500000001218, 5.3650000000000135], [118.80500000001219, 5.3650000000000135], [118.80500000001219, 5.355000000000014], [118.81500000001219, 5.355000000000014], [118.81500000001219, 5.345000000000014], [118.8250000000122, 5.345000000000014], [118.8250000000122, 5.325000000000014], [118.8350000000122, 5.325000000000014], [118.8350000000122, 5.315000000000015]]], [[[138.49500000002226, -5.544999999999754], [138.48500000002224, -5.544999999999754], [138.48500000002224, -5.524999999999754], [138.47500000002225, -5.524999999999754], [138.47500000002225, -5.504999999999755], [138.46500000002226, -5.504999999999755], [138.46500000002226, -5.494999999999755], [138.52500000002226, -5.494999999999755], [138.52500000002226, -5.524999999999754], [138.51500000002227, -5.524999999999754], [138.51500000002227, -5.554999999999754], [138.50500000002228, -5.554999999999754], [138.50500000002228, -5.5649999999997535], [138.49500000002226, -5.5649999999997535], [138.49500000002226, -5.544999999999754]]], [[[137.75500000002188, -5.024999999999765], [137.75500000002188, -5.034999999999765], [137.73500000002187, -5.034999999999765], [137.73500000002187, -5.024999999999765], [137.72500000002185, -5.024999999999765], [137.72500000002185, -4.974999999999766], [137.73500000002187, -4.974999999999766], [137.73500000002187, -4.9549999999997665], [137.7450000000219, -4.9549999999997665], [137.7450000000219, -4.944999999999767], [137.76500000002187, -4.944999999999767], [137.76500000002187, -4.964999999999766], [137.7750000000219, -4.964999999999766], [137.7750000000219, -4.984999999999766], [137.7850000000219, -4.984999999999766], [137.7850000000219, -5.004999999999765], [137.7750000000219, -5.004999999999765], [137.7750000000219, -5.024999999999765], [137.75500000002188, -5.024999999999765]]], [[[137.32500000002165, -4.664999999999773], [137.32500000002165, -4.6749999999997724], [137.34500000002168, -4.6749999999997724], [137.34500000002168, -4.684999999999772], [137.35500000002168, -4.684999999999772], [137.35500000002168, -4.694999999999772], [137.36500000002167, -4.694999999999772], [137.36500000002167, -4.704999999999772], [137.3850000000217, -4.704999999999772], [137.3850000000217, -4.714999999999772], [137.3950000000217, -4.714999999999772], [137.3950000000217, -4.724999999999771], [137.4050000000217, -4.724999999999771], [137.4050000000217, -4.734999999999771], [137.4150000000217, -4.734999999999771], [137.4150000000217, -4.744999999999771], [137.42500000002173, -4.744999999999771], [137.42500000002173, -4.77499999999977], [137.4150000000217, -4.77499999999977], [137.4150000000217, -4.80499999999977], [137.4050000000217, -4.80499999999977], [137.4050000000217, -4.824999999999769], [137.3950000000217, -4.824999999999769], [137.3950000000217, -4.834999999999769], [137.3850000000217, -4.834999999999769], [137.3850000000217, -4.844999999999769], [137.37500000002169, -4.844999999999769], [137.37500000002169, -4.854999999999769], [137.35500000002168, -4.854999999999769], [137.35500000002168, -4.864999999999768], [137.33500000002167, -4.864999999999768], [137.33500000002167, -4.874999999999768], [137.28500000002163, -4.874999999999768], [137.28500000002163, -4.864999999999768], [137.27500000002163, -4.864999999999768], [137.27500000002163, -4.844999999999769], [137.26500000002164, -4.844999999999769], [137.26500000002164, -4.834999999999769], [137.25500000002162, -4.834999999999769], [137.25500000002162, -4.824999999999769], [137.1950000000216, -4.824999999999769], [137.1950000000216, -4.834999999999769], [137.17500000002158, -4.834999999999769], [137.17500000002158, -4.824999999999769], [137.1850000000216, -4.824999999999769], [137.1850000000216, -4.8149999999997695], [137.1950000000216, -4.8149999999997695], [137.1950000000216, -4.80499999999977], [137.20500000002158, -4.80499999999977], [137.20500000002158, -4.79499999999977], [137.2150000000216, -4.79499999999977], [137.2150000000216, -4.78499999999977], [137.22500000002162, -4.78499999999977], [137.22500000002162, -4.77499999999977], [137.2350000000216, -4.77499999999977], [137.2350000000216, -4.7649999999997705], [137.2450000000216, -4.7649999999997705], [137.2450000000216, -4.754999999999771], [137.30500000002166, -4.754999999999771], [137.30500000002166, -4.744999999999771], [137.37500000002169, -4.744999999999771], [137.37500000002169, -4.734999999999771], [137.36500000002167, -4.734999999999771], [137.36500000002167, -4.724999999999771], [137.33500000002167, -4.724999999999771], [137.33500000002167, -4.714999999999772], [137.28500000002163, -4.714999999999772], [137.28500000002163, -4.704999999999772], [137.06500000002154, -4.704999999999772], [137.06500000002154, -4.664999999999773], [137.07500000002153, -4.664999999999773], [137.07500000002153, -4.644999999999773], [137.09500000002154, -4.644999999999773], [137.09500000002154, -4.634999999999773], [137.12500000002154, -4.634999999999773], [137.12500000002154, -4.6249999999997735], [137.26500000002164, -4.6249999999997735], [137.26500000002164, -4.634999999999773], [137.28500000002163, -4.634999999999773], [137.28500000002163, -4.644999999999773], [137.29500000002164, -4.644999999999773], [137.29500000002164, -4.654999999999773], [137.31500000002166, -4.654999999999773], [137.31500000002166, -4.664999999999773], [137.32500000002165, -4.664999999999773]]], [[[138.015000000022, -4.744999999999771], [138.02500000002203, -4.744999999999771], [138.02500000002203, -4.754999999999771], [138.015000000022, -4.754999999999771], [138.015000000022, -4.77499999999977], [138.005000000022, -4.77499999999977], [138.005000000022, -4.78499999999977], [137.985000000022, -4.78499999999977], [137.985000000022, -4.77499999999977], [137.975000000022, -4.77499999999977], [137.975000000022, -4.7649999999997705], [137.96500000002197, -4.7649999999997705], [137.96500000002197, -4.744999999999771], [137.95500000002198, -4.744999999999771], [137.95500000002198, -4.724999999999771], [137.945000000022, -4.724999999999771], [137.945000000022, -4.704999999999772], [137.95500000002198, -4.704999999999772], [137.95500000002198, -4.714999999999772], [137.975000000022, -4.714999999999772], [137.975000000022, -4.724999999999771], [137.985000000022, -4.724999999999771], [137.985000000022, -4.734999999999771], [138.015000000022, -4.734999999999771], [138.015000000022, -4.744999999999771]]], [[[136.7850000000214, -4.434999999999778], [136.5950000000213, -4.434999999999778], [136.5950000000213, -4.444999999999777], [136.54500000002128, -4.444999999999777], [136.54500000002128, -4.454999999999777], [136.52500000002124, -4.454999999999777], [136.52500000002124, -4.474999999999777], [136.51500000002125, -4.474999999999777], [136.51500000002125, -4.494999999999776], [136.50500000002125, -4.494999999999776], [136.50500000002125, -4.504999999999776], [136.48500000002122, -4.504999999999776], [136.48500000002122, -4.514999999999776], [136.50500000002125, -4.514999999999776], [136.50500000002125, -4.524999999999776], [136.52500000002124, -4.524999999999776], [136.52500000002124, -4.534999999999775], [136.55500000002127, -4.534999999999775], [136.55500000002127, -4.544999999999775], [136.57500000002128, -4.544999999999775], [136.57500000002128, -4.534999999999775], [136.56500000002126, -4.534999999999775], [136.56500000002126, -4.524999999999776], [136.55500000002127, -4.524999999999776], [136.55500000002127, -4.514999999999776], [136.54500000002128, -4.514999999999776], [136.54500000002128, -4.494999999999776], [136.57500000002128, -4.494999999999776], [136.57500000002128, -4.4849999999997765], [136.62500000002132, -4.4849999999997765], [136.62500000002132, -4.474999999999777], [136.68500000002132, -4.474999999999777], [136.68500000002132, -4.464999999999777], [136.7850000000214, -4.464999999999777], [136.7850000000214, -4.474999999999777], [136.8150000000214, -4.474999999999777], [136.8150000000214, -4.4849999999997765], [136.8450000000214, -4.4849999999997765], [136.8450000000214, -4.494999999999776], [136.87500000002143, -4.494999999999776], [136.87500000002143, -4.504999999999776], [136.91500000002145, -4.504999999999776], [136.91500000002145, -4.514999999999776], [136.95500000002147, -4.514999999999776], [136.95500000002147, -4.524999999999776], [136.9950000000215, -4.524999999999776], [136.9950000000215, -4.534999999999775], [137.0350000000215, -4.534999999999775], [137.0350000000215, -4.554999999999775], [137.02500000002152, -4.554999999999775], [137.02500000002152, -4.574999999999775], [137.0150000000215, -4.574999999999775], [137.0150000000215, -4.584999999999774], [137.00500000002148, -4.584999999999774], [137.00500000002148, -4.594999999999774], [136.9950000000215, -4.594999999999774], [136.9950000000215, -4.604999999999774], [136.9850000000215, -4.604999999999774], [136.9850000000215, -4.614999999999774], [136.97500000002148, -4.614999999999774], [136.97500000002148, -4.6249999999997735], [136.96500000002146, -4.6249999999997735], [136.96500000002146, -4.634999999999773], [136.94500000002148, -4.634999999999773], [136.94500000002148, -4.644999999999773], [136.91500000002145, -4.644999999999773], [136.91500000002145, -4.654999999999773], [136.87500000002143, -4.654999999999773], [136.87500000002143, -4.664999999999773], [136.80500000002138, -4.664999999999773], [136.80500000002138, -4.6749999999997724], [136.72500000002134, -4.6749999999997724], [136.72500000002134, -4.664999999999773], [136.67500000002133, -4.664999999999773], [136.67500000002133, -4.654999999999773], [136.62500000002132, -4.654999999999773], [136.62500000002132, -4.644999999999773], [136.5850000000213, -4.644999999999773], [136.5850000000213, -4.634999999999773], [136.54500000002128, -4.634999999999773], [136.54500000002128, -4.6249999999997735], [136.50500000002125, -4.6249999999997735], [136.50500000002125, -4.614999999999774], [136.46500000002123, -4.614999999999774], [136.46500000002123, -4.604999999999774], [136.4250000000212, -4.604999999999774], [136.4250000000212, -4.594999999999774], [136.39500000002118, -4.594999999999774], [136.39500000002118, -4.584999999999774], [136.36500000002115, -4.584999999999774], [136.36500000002115, -4.574999999999775], [136.34500000002117, -4.574999999999775], [136.34500000002117, -4.564999999999775], [136.32500000002113, -4.564999999999775], [136.32500000002113, -4.554999999999775], [136.31500000002114, -4.554999999999775], [136.31500000002114, -4.544999999999775], [136.29500000002113, -4.544999999999775], [136.29500000002113, -4.534999999999775], [136.2850000000211, -4.534999999999775], [136.2850000000211, -4.524999999999776], [136.27500000002112, -4.524999999999776], [136.27500000002112, -4.514999999999776], [136.26500000002113, -4.514999999999776], [136.26500000002113, -4.494999999999776], [136.2850000000211, -4.494999999999776], [136.2850000000211, -4.4849999999997765], [136.30500000002115, -4.4849999999997765], [136.30500000002115, -4.474999999999777], [136.34500000002117, -4.474999999999777], [136.34500000002117, -4.464999999999777], [136.37500000002117, -4.464999999999777], [136.37500000002117, -4.454999999999777], [136.4150000000212, -4.454999999999777], [136.4150000000212, -4.444999999999777], [136.4350000000212, -4.444999999999777], [136.4350000000212, -4.454999999999777], [136.4450000000212, -4.454999999999777], [136.4450000000212, -4.464999999999777], [136.45500000002122, -4.464999999999777], [136.45500000002122, -4.434999999999778], [136.51500000002125, -4.434999999999778], [136.51500000002125, -4.424999999999778], [136.57500000002128, -4.424999999999778], [136.57500000002128, -4.414999999999778], [136.6450000000213, -4.414999999999778], [136.6450000000213, -4.404999999999778], [136.72500000002134, -4.404999999999778], [136.72500000002134, -4.394999999999778], [136.75500000002137, -4.394999999999778], [136.75500000002137, -4.404999999999778], [136.7850000000214, -4.404999999999778], [136.7850000000214, -4.414999999999778], [136.8150000000214, -4.414999999999778], [136.8150000000214, -4.424999999999778], [136.7850000000214, -4.424999999999778], [136.7850000000214, -4.434999999999778]], [[136.57500000002128, -4.554999999999775], [136.5850000000213, -4.554999999999775], [136.5850000000213, -4.544999999999775], [136.57500000002128, -4.544999999999775], [136.57500000002128, -4.554999999999775]], [[136.45500000002122, -4.474999999999777], [136.46500000002123, -4.474999999999777], [136.46500000002123, -4.464999999999777], [136.45500000002122, -4.464999999999777], [136.45500000002122, -4.474999999999777]]], [[[138.04500000002201, -4.384999999999779], [138.05500000002203, -4.384999999999779], [138.05500000002203, -4.394999999999778], [138.06500000002205, -4.394999999999778], [138.06500000002205, -4.414999999999778], [138.07500000002204, -4.414999999999778], [138.07500000002204, -4.424999999999778], [138.08500000002203, -4.424999999999778], [138.08500000002203, -4.434999999999778], [138.09500000002205, -4.434999999999778], [138.09500000002205, -4.444999999999777], [138.10500000002207, -4.444999999999777], [138.10500000002207, -4.454999999999777], [138.11500000002206, -4.454999999999777], [138.11500000002206, -4.474999999999777], [138.12500000002206, -4.474999999999777], [138.12500000002206, -4.4849999999997765], [138.13500000002207, -4.4849999999997765], [138.13500000002207, -4.514999999999776], [138.12500000002206, -4.514999999999776], [138.12500000002206, -4.534999999999775], [138.11500000002206, -4.534999999999775], [138.11500000002206, -4.554999999999775], [138.10500000002207, -4.554999999999775], [138.10500000002207, -4.574999999999775], [138.09500000002205, -4.574999999999775], [138.09500000002205, -4.594999999999774], [138.08500000002203, -4.594999999999774], [138.08500000002203, -4.614999999999774], [138.07500000002204, -4.614999999999774], [138.07500000002204, -4.634999999999773], [137.945000000022, -4.634999999999773], [137.945000000022, -4.6249999999997735], [137.92500000002195, -4.6249999999997735], [137.92500000002195, -4.604999999999774], [137.91500000002196, -4.604999999999774], [137.91500000002196, -4.544999999999775], [137.90500000002197, -4.544999999999775], [137.90500000002197, -4.4849999999997765], [137.91500000002196, -4.4849999999997765], [137.91500000002196, -4.464999999999777], [137.92500000002195, -4.464999999999777], [137.92500000002195, -4.444999999999777], [137.93500000002197, -4.444999999999777], [137.93500000002197, -4.424999999999778], [137.945000000022, -4.424999999999778], [137.945000000022, -4.404999999999778], [137.95500000002198, -4.404999999999778], [137.95500000002198, -4.394999999999778], [137.96500000002197, -4.394999999999778], [137.96500000002197, -4.374999999999779], [137.975000000022, -4.374999999999779], [137.975000000022, -4.364999999999779], [137.985000000022, -4.364999999999779], [137.985000000022, -4.354999999999779], [137.995000000022, -4.354999999999779], [137.995000000022, -4.3449999999997795], [138.005000000022, -4.3449999999997795], [138.005000000022, -4.354999999999779], [138.015000000022, -4.354999999999779], [138.015000000022, -4.364999999999779], [138.03500000002202, -4.364999999999779], [138.03500000002202, -4.374999999999779], [138.04500000002201, -4.374999999999779], [138.04500000002201, -4.384999999999779]]], [[[135.6450000000208, -4.2949999999997805], [135.6450000000208, -4.30499999999978], [135.66500000002083, -4.30499999999978], [135.66500000002083, -4.31499999999978], [135.6850000000208, -4.31499999999978], [135.6850000000208, -4.32499999999978], [135.70500000002085, -4.32499999999978], [135.70500000002085, -4.33499999999978], [135.71500000002084, -4.33499999999978], [135.71500000002084, -4.3449999999997795], [135.73500000002085, -4.3449999999997795], [135.73500000002085, -4.354999999999779], [135.75500000002086, -4.354999999999779], [135.75500000002086, -4.364999999999779], [135.91500000002094, -4.364999999999779], [135.91500000002094, -4.374999999999779], [135.90500000002095, -4.374999999999779], [135.90500000002095, -4.384999999999779], [135.89500000002093, -4.384999999999779], [135.89500000002093, -4.394999999999778], [135.87500000002092, -4.394999999999778], [135.87500000002092, -4.404999999999778], [135.8450000000209, -4.404999999999778], [135.8450000000209, -4.414999999999778], [135.8150000000209, -4.414999999999778], [135.8150000000209, -4.424999999999778], [135.75500000002086, -4.424999999999778], [135.75500000002086, -4.434999999999778], [135.74500000002087, -4.434999999999778], [135.74500000002087, -4.424999999999778], [135.70500000002085, -4.424999999999778], [135.70500000002085, -4.414999999999778], [135.66500000002083, -4.414999999999778], [135.66500000002083, -4.404999999999778], [135.6450000000208, -4.404999999999778], [135.6450000000208, -4.394999999999778], [135.6250000000208, -4.394999999999778], [135.6250000000208, -4.384999999999779], [135.60500000002077, -4.384999999999779], [135.60500000002077, -4.374999999999779], [135.58500000002078, -4.374999999999779], [135.58500000002078, -4.364999999999779], [135.57500000002076, -4.364999999999779], [135.57500000002076, -4.354999999999779], [135.56500000002075, -4.354999999999779], [135.56500000002075, -4.3449999999997795], [135.55500000002075, -4.3449999999997795], [135.55500000002075, -4.33499999999978], [135.54500000002076, -4.33499999999978], [135.54500000002076, -4.31499999999978], [135.53500000002074, -4.31499999999978], [135.53500000002074, -4.30499999999978], [135.52500000002073, -4.30499999999978], [135.52500000002073, -4.284999999999781], [135.51500000002073, -4.284999999999781], [135.51500000002073, -4.264999999999781], [135.52500000002073, -4.264999999999781], [135.52500000002073, -4.254999999999781], [135.55500000002075, -4.254999999999781], [135.55500000002075, -4.264999999999781], [135.58500000002078, -4.264999999999781], [135.58500000002078, -4.274999999999781], [135.60500000002077, -4.274999999999781], [135.60500000002077, -4.284999999999781], [135.6250000000208, -4.284999999999781], [135.6250000000208, -4.2949999999997805], [135.6450000000208, -4.2949999999997805]]], [[[141.77500000002394, -4.034999999999786], [141.77500000002394, -4.0649999999997855], [141.78500000002396, -4.0649999999997855], [141.78500000002396, -4.074999999999785], [141.79500000002395, -4.074999999999785], [141.79500000002395, -4.094999999999785], [141.80500000002394, -4.094999999999785], [141.80500000002394, -4.114999999999784], [141.81500000002396, -4.114999999999784], [141.81500000002396, -4.124999999999784], [141.82500000002398, -4.124999999999784], [141.82500000002398, -4.144999999999784], [141.83500000002397, -4.144999999999784], [141.83500000002397, -4.1549999999997835], [141.84500000002396, -4.1549999999997835], [141.84500000002396, -4.174999999999783], [141.85500000002398, -4.174999999999783], [141.85500000002398, -4.194999999999783], [141.865000000024, -4.194999999999783], [141.865000000024, -4.2049999999997825], [141.875000000024, -4.2049999999997825], [141.875000000024, -4.224999999999782], [141.88500000002398, -4.224999999999782], [141.88500000002398, -4.234999999999782], [141.895000000024, -4.234999999999782], [141.895000000024, -4.244999999999782], [141.90500000002402, -4.244999999999782], [141.90500000002402, -4.254999999999781], [141.93500000002402, -4.254999999999781], [141.93500000002402, -4.264999999999781], [142.00500000002404, -4.264999999999781], [142.00500000002404, -4.554999999999775], [141.925000000024, -4.554999999999775], [141.925000000024, -4.524999999999776], [141.915000000024, -4.524999999999776], [141.915000000024, -4.534999999999775], [141.90500000002402, -4.534999999999775], [141.90500000002402, -4.544999999999775], [141.88500000002398, -4.544999999999775], [141.88500000002398, -4.554999999999775], [141.84500000002396, -4.554999999999775], [141.84500000002396, -4.544999999999775], [141.81500000002396, -4.544999999999775], [141.81500000002396, -4.534999999999775], [141.80500000002394, -4.534999999999775], [141.80500000002394, -4.404999999999778], [141.79500000002395, -4.404999999999778], [141.79500000002395, -4.364999999999779], [141.78500000002396, -4.364999999999779], [141.78500000002396, -4.3449999999997795], [141.77500000002394, -4.3449999999997795], [141.77500000002394, -4.32499999999978], [141.80500000002394, -4.32499999999978], [141.80500000002394, -4.31499999999978], [141.81500000002396, -4.31499999999978], [141.81500000002396, -4.30499999999978], [141.83500000002397, -4.30499999999978], [141.83500000002397, -4.2949999999997805], [141.84500000002396, -4.2949999999997805], [141.84500000002396, -4.274999999999781], [141.85500000002398, -4.274999999999781], [141.85500000002398, -4.224999999999782], [141.84500000002396, -4.224999999999782], [141.84500000002396, -4.214999999999782], [141.83500000002397, -4.214999999999782], [141.83500000002397, -4.194999999999783], [141.82500000002398, -4.194999999999783], [141.82500000002398, -4.184999999999783], [141.81500000002396, -4.184999999999783], [141.81500000002396, -4.164999999999783], [141.80500000002394, -4.164999999999783], [141.80500000002394, -4.1549999999997835], [141.79500000002395, -4.1549999999997835], [141.79500000002395, -4.144999999999784], [141.78500000002396, -4.144999999999784], [141.78500000002396, -4.124999999999784], [141.77500000002394, -4.124999999999784], [141.77500000002394, -4.114999999999784], [141.76500000002392, -4.114999999999784], [141.76500000002392, -4.104999999999785], [141.75500000002393, -4.104999999999785], [141.75500000002393, -4.094999999999785], [141.7250000000239, -4.094999999999785], [141.7250000000239, -4.104999999999785], [141.68500000002388, -4.104999999999785], [141.68500000002388, -4.084999999999785], [141.6950000000239, -4.084999999999785], [141.6950000000239, -4.0649999999997855], [141.70500000002392, -4.0649999999997855], [141.70500000002392, -4.054999999999786], [141.7150000000239, -4.054999999999786], [141.7150000000239, -4.044999999999786], [141.70500000002392, -4.044999999999786], [141.70500000002392, -4.0149999999997865], [141.7150000000239, -4.0149999999997865], [141.7150000000239, -3.984999999999787], [141.7250000000239, -3.984999999999787], [141.7250000000239, -3.9749999999997874], [141.78500000002396, -3.9749999999997874], [141.78500000002396, -3.984999999999787], [141.79500000002395, -3.984999999999787], [141.79500000002395, -4.004999999999787], [141.80500000002394, -4.004999999999787], [141.80500000002394, -4.024999999999786], [141.79500000002395, -4.024999999999786], [141.79500000002395, -4.034999999999786], [141.77500000002394, -4.034999999999786]]], [[[135.76500000002085, -4.274999999999781], [135.73500000002085, -4.274999999999781], [135.73500000002085, -4.264999999999781], [135.72500000002083, -4.264999999999781], [135.72500000002083, -4.254999999999781], [135.71500000002084, -4.254999999999781], [135.71500000002084, -4.244999999999782], [135.72500000002083, -4.244999999999782], [135.72500000002083, -4.234999999999782], [135.77500000002087, -4.234999999999782], [135.77500000002087, -4.244999999999782], [135.7850000000209, -4.244999999999782], [135.7850000000209, -4.254999999999781], [135.77500000002087, -4.254999999999781], [135.77500000002087, -4.264999999999781], [135.76500000002085, -4.264999999999781], [135.76500000002085, -4.274999999999781]]], [[[141.18500000002365, -3.5549999999997963], [141.20500000002363, -3.5549999999997963], [141.20500000002363, -3.564999999999796], [141.21500000002365, -3.564999999999796], [141.21500000002365, -3.574999999999796], [141.22500000002367, -3.574999999999796], [141.22500000002367, -3.5849999999997957], [141.23500000002366, -3.5849999999997957], [141.23500000002366, -3.5949999999997955], [141.24500000002365, -3.5949999999997955], [141.24500000002365, -3.614999999999795], [141.25500000002367, -3.614999999999795], [141.25500000002367, -3.624999999999795], [141.2650000000237, -3.624999999999795], [141.2650000000237, -3.6349999999997946], [141.27500000002368, -3.6349999999997946], [141.27500000002368, -3.6449999999997944], [141.28500000002367, -3.6449999999997944], [141.28500000002367, -3.654999999999794], [141.2950000000237, -3.654999999999794], [141.2950000000237, -3.6749999999997938], [141.3050000000237, -3.6749999999997938], [141.3050000000237, -3.6849999999997936], [141.3150000000237, -3.6849999999997936], [141.3150000000237, -3.6949999999997933], [141.3250000000237, -3.6949999999997933], [141.3250000000237, -3.704999999999793], [141.3350000000237, -3.704999999999793], [141.3350000000237, -3.714999999999793], [141.35500000002372, -3.714999999999793], [141.35500000002372, -3.7249999999997927], [141.3650000000237, -3.7249999999997927], [141.3650000000237, -3.7349999999997925], [141.37500000002373, -3.7349999999997925], [141.37500000002373, -3.754999999999792], [141.3650000000237, -3.754999999999792], [141.3650000000237, -3.764999999999792], [141.34500000002373, -3.764999999999792], [141.34500000002373, -3.7749999999997916], [141.3250000000237, -3.7749999999997916], [141.3250000000237, -3.7849999999997914], [141.2950000000237, -3.7849999999997914], [141.2950000000237, -3.794999999999791], [141.27500000002368, -3.794999999999791], [141.27500000002368, -3.804999999999791], [141.25500000002367, -3.804999999999791], [141.25500000002367, -3.814999999999791], [141.24500000002365, -3.814999999999791], [141.24500000002365, -3.8249999999997906], [141.23500000002366, -3.8249999999997906], [141.23500000002366, -3.84499999999979], [141.22500000002367, -3.84499999999979], [141.22500000002367, -3.85499999999979], [141.21500000002365, -3.85499999999979], [141.21500000002365, -3.8649999999997897], [141.20500000002363, -3.8649999999997897], [141.20500000002363, -3.8849999999997893], [141.19500000002364, -3.8849999999997893], [141.19500000002364, -3.894999999999789], [141.18500000002365, -3.894999999999789], [141.18500000002365, -3.904999999999789], [141.17500000002363, -3.904999999999789], [141.17500000002363, -3.9149999999997886], [141.1650000000236, -3.9149999999997886], [141.1650000000236, -3.9249999999997884], [141.15500000002362, -3.9249999999997884], [141.15500000002362, -3.9349999999997882], [141.14500000002363, -3.9349999999997882], [141.14500000002363, -3.944999999999788], [141.1350000000236, -3.944999999999788], [141.1350000000236, -3.954999999999788], [141.1250000000236, -3.954999999999788], [141.1250000000236, -3.9649999999997876], [141.1050000000236, -3.9649999999997876], [141.1050000000236, -3.9749999999997874], [141.0950000000236, -3.9749999999997874], [141.0950000000236, -3.984999999999787], [141.07500000002358, -3.984999999999787], [141.07500000002358, -3.994999999999787], [141.0650000000236, -3.994999999999787], [141.0650000000236, -4.0149999999997865], [141.05500000002357, -4.0149999999997865], [141.05500000002357, -4.034999999999786], [141.04500000002355, -4.034999999999786], [141.04500000002355, -4.054999999999786], [141.03500000002356, -4.054999999999786], [141.03500000002356, -4.074999999999785], [141.02500000002357, -4.074999999999785], [141.02500000002357, -4.094999999999785], [141.01500000002355, -4.094999999999785], [141.01500000002355, -4.104999999999785], [141.00500000002353, -4.104999999999785], [141.00500000002353, -4.114999999999784], [140.98500000002355, -4.114999999999784], [140.98500000002355, -4.094999999999785], [140.97500000002353, -4.094999999999785], [140.97500000002353, -4.084999999999785], [140.9650000000235, -4.084999999999785], [140.9650000000235, -4.074999999999785], [140.95500000002352, -4.074999999999785], [140.95500000002352, -4.0649999999997855], [140.94500000002353, -4.0649999999997855], [140.94500000002353, -4.054999999999786], [140.9350000000235, -4.054999999999786], [140.9350000000235, -4.044999999999786], [140.9250000000235, -4.044999999999786], [140.9250000000235, -4.034999999999786], [140.9150000000235, -4.034999999999786], [140.9150000000235, -4.024999999999786], [140.9050000000235, -4.024999999999786], [140.9050000000235, -4.0149999999997865], [140.8950000000235, -4.0149999999997865], [140.8950000000235, -3.994999999999787], [140.86500000002349, -3.994999999999787], [140.86500000002349, -3.984999999999787], [140.84500000002345, -3.984999999999787], [140.84500000002345, -3.9649999999997876], [140.83500000002346, -3.9649999999997876], [140.83500000002346, -3.944999999999788], [140.82500000002346, -3.944999999999788], [140.82500000002346, -3.9349999999997882], [140.81500000002345, -3.9349999999997882], [140.81500000002345, -3.904999999999789], [140.80500000002343, -3.904999999999789], [140.80500000002343, -3.8849999999997893], [140.79500000002344, -3.8849999999997893], [140.79500000002344, -3.85499999999979], [140.78500000002344, -3.85499999999979], [140.78500000002344, -3.8249999999997906], [140.77500000002343, -3.8249999999997906], [140.77500000002343, -3.794999999999791], [140.7650000000234, -3.794999999999791], [140.7650000000234, -3.7249999999997927], [140.77500000002343, -3.7249999999997927], [140.77500000002343, -3.6949999999997933], [140.78500000002344, -3.6949999999997933], [140.78500000002344, -3.6749999999997938], [140.79500000002344, -3.6749999999997938], [140.79500000002344, -3.664999999999794], [140.80500000002343, -3.664999999999794], [140.80500000002343, -3.6449999999997944], [140.81500000002345, -3.6449999999997944], [140.81500000002345, -3.6349999999997946], [140.82500000002346, -3.6349999999997946], [140.82500000002346, -3.624999999999795], [140.83500000002346, -3.624999999999795], [140.83500000002346, -3.614999999999795], [140.84500000002345, -3.614999999999795], [140.84500000002345, -3.6049999999997953], [140.85500000002347, -3.6049999999997953], [140.85500000002347, -3.5949999999997955], [140.86500000002349, -3.5949999999997955], [140.86500000002349, -3.5849999999997957], [140.88500000002347, -3.5849999999997957], [140.88500000002347, -3.574999999999796], [140.9050000000235, -3.574999999999796], [140.9050000000235, -3.564999999999796], [140.9250000000235, -3.564999999999796], [140.9250000000235, -3.5549999999997963], [140.94500000002353, -3.5549999999997963], [140.94500000002353, -3.5449999999997965], [140.97500000002353, -3.5449999999997965], [140.97500000002353, -3.5349999999997967], [141.00500000002353, -3.5349999999997967], [141.00500000002353, -3.524999999999797], [141.01500000002355, -3.524999999999797], [141.01500000002355, -3.514999999999797], [141.02500000002357, -3.514999999999797], [141.02500000002357, -3.524999999999797], [141.1050000000236, -3.524999999999797], [141.1050000000236, -3.5349999999997967], [141.15500000002362, -3.5349999999997967], [141.15500000002362, -3.5449999999997965], [141.18500000002365, -3.5449999999997965], [141.18500000002365, -3.5549999999997963]]], [[[141.97500000002404, -3.514999999999797], [142.00500000002404, -3.514999999999797], [142.00500000002404, -3.5549999999997963], [141.99500000002405, -3.5549999999997963], [141.99500000002405, -3.5449999999997965], [141.98500000002406, -3.5449999999997965], [141.98500000002406, -3.524999999999797], [141.97500000002404, -3.524999999999797], [141.97500000002404, -3.514999999999797]]], [[[140.24500000002314, -3.3249999999998012], [140.25500000002316, -3.3249999999998012], [140.25500000002316, -3.334999999999801], [140.24500000002314, -3.334999999999801], [140.24500000002314, -3.3249999999998012]]], [[[139.28500000002265, -3.4149999999997993], [139.27500000002266, -3.4149999999997993], [139.27500000002266, -3.424999999999799], [139.26500000002267, -3.424999999999799], [139.26500000002267, -3.3949999999997997], [139.25500000002265, -3.3949999999997997], [139.25500000002265, -3.3649999999998004], [139.24500000002263, -3.3649999999998004], [139.24500000002263, -3.3549999999998006], [139.2050000000226, -3.3549999999998006], [139.2050000000226, -3.344999999999801], [139.19500000002262, -3.344999999999801], [139.19500000002262, -3.334999999999801], [139.18500000002263, -3.334999999999801], [139.18500000002263, -3.3049999999998017], [139.1750000000226, -3.3049999999998017], [139.1750000000226, -3.284999999999802], [139.1650000000226, -3.284999999999802], [139.1650000000226, -3.2649999999998025], [139.1550000000226, -3.2649999999998025], [139.1550000000226, -3.244999999999803], [139.1650000000226, -3.244999999999803], [139.1650000000226, -3.234999999999803], [139.1750000000226, -3.234999999999803], [139.1750000000226, -3.2249999999998034], [139.18500000002263, -3.2249999999998034], [139.18500000002263, -3.2149999999998036], [139.2050000000226, -3.2149999999998036], [139.2050000000226, -3.204999999999804], [139.23500000002264, -3.204999999999804], [139.23500000002264, -3.194999999999804], [139.24500000002263, -3.194999999999804], [139.24500000002263, -3.204999999999804], [139.26500000002267, -3.204999999999804], [139.26500000002267, -3.2149999999998036], [139.27500000002266, -3.2149999999998036], [139.27500000002266, -3.234999999999803], [139.28500000002265, -3.234999999999803], [139.28500000002265, -3.4149999999997993]]], [[[141.3250000000237, -3.2149999999998036], [141.34500000002373, -3.2149999999998036], [141.34500000002373, -3.2249999999998034], [141.37500000002373, -3.2249999999998034], [141.37500000002373, -3.234999999999803], [141.40500000002373, -3.234999999999803], [141.40500000002373, -3.244999999999803], [141.43500000002376, -3.244999999999803], [141.43500000002376, -3.2549999999998027], [141.42500000002377, -3.2549999999998027], [141.42500000002377, -3.2649999999998025], [141.41500000002375, -3.2649999999998025], [141.41500000002375, -3.2749999999998023], [141.40500000002373, -3.2749999999998023], [141.40500000002373, -3.284999999999802], [141.39500000002374, -3.284999999999802], [141.39500000002374, -3.294999999999802], [141.37500000002373, -3.294999999999802], [141.37500000002373, -3.3049999999998017], [141.3650000000237, -3.3049999999998017], [141.3650000000237, -3.3549999999998006], [141.3150000000237, -3.3549999999998006], [141.3150000000237, -3.3649999999998004], [141.3050000000237, -3.3649999999998004], [141.3050000000237, -3.3749999999998], [141.2950000000237, -3.3749999999998], [141.2950000000237, -3.3849999999998], [141.28500000002367, -3.3849999999998], [141.28500000002367, -3.3949999999997997], [141.27500000002368, -3.3949999999997997], [141.27500000002368, -3.4049999999997995], [141.2650000000237, -3.4049999999997995], [141.2650000000237, -3.4149999999997993], [141.25500000002367, -3.4149999999997993], [141.25500000002367, -3.424999999999799], [141.21500000002365, -3.424999999999799], [141.21500000002365, -3.434999999999799], [141.15500000002362, -3.434999999999799], [141.15500000002362, -3.4449999999997987], [141.0650000000236, -3.4449999999997987], [141.0650000000236, -3.4549999999997985], [141.01500000002355, -3.4549999999997985], [141.01500000002355, -3.4449999999997987], [141.00500000002353, -3.4449999999997987], [141.00500000002353, -3.434999999999799], [140.99500000002354, -3.434999999999799], [140.99500000002354, -3.424999999999799], [140.98500000002355, -3.424999999999799], [140.98500000002355, -3.4149999999997993], [140.97500000002353, -3.4149999999997993], [140.97500000002353, -3.4049999999997995], [140.9650000000235, -3.4049999999997995], [140.9650000000235, -3.3849999999998], [140.95500000002352, -3.3849999999998], [140.95500000002352, -3.3749999999998], [140.94500000002353, -3.3749999999998], [140.94500000002353, -3.3549999999998006], [140.9350000000235, -3.3549999999998006], [140.9350000000235, -3.334999999999801], [140.9250000000235, -3.334999999999801], [140.9250000000235, -3.3049999999998017], [140.9150000000235, -3.3049999999998017], [140.9150000000235, -3.2749999999998023], [140.9050000000235, -3.2749999999998023], [140.9050000000235, -3.2649999999998025], [140.88500000002347, -3.2649999999998025], [140.88500000002347, -3.2249999999998034], [140.8950000000235, -3.2249999999998034], [140.8950000000235, -3.204999999999804], [140.88500000002347, -3.204999999999804], [140.88500000002347, -3.1749999999998044], [140.87500000002348, -3.1749999999998044], [140.87500000002348, -3.1649999999998046], [140.8950000000235, -3.1649999999998046], [140.8950000000235, -3.154999999999805], [140.94500000002353, -3.154999999999805], [140.94500000002353, -3.144999999999805], [140.97500000002353, -3.144999999999805], [140.97500000002353, -3.1349999999998053], [140.99500000002354, -3.1349999999998053], [140.99500000002354, -3.1249999999998055], [141.25500000002367, -3.1249999999998055], [141.25500000002367, -3.1149999999998057], [141.27500000002368, -3.1149999999998057], [141.27500000002368, -3.104999999999806], [141.28500000002367, -3.104999999999806], [141.28500000002367, -3.094999999999806], [141.2950000000237, -3.094999999999806], [141.2950000000237, -3.104999999999806], [141.3050000000237, -3.104999999999806], [141.3050000000237, -3.1349999999998053], [141.3150000000237, -3.1349999999998053], [141.3150000000237, -3.1749999999998044], [141.3250000000237, -3.1749999999998044], [141.3250000000237, -3.2149999999998036]]], [[[139.52500000002277, -3.154999999999805], [139.5350000000228, -3.154999999999805], [139.5350000000228, -3.1749999999998044], [139.5450000000228, -3.1749999999998044], [139.5450000000228, -3.194999999999804], [139.5550000000228, -3.194999999999804], [139.5550000000228, -3.234999999999803], [139.5650000000228, -3.234999999999803], [139.5650000000228, -3.2549999999998027], [139.5450000000228, -3.2549999999998027], [139.5450000000228, -3.2649999999998025], [139.52500000002277, -3.2649999999998025], [139.52500000002277, -3.2749999999998023], [139.49500000002277, -3.2749999999998023], [139.49500000002277, -3.284999999999802], [139.47500000002276, -3.284999999999802], [139.47500000002276, -3.294999999999802], [139.45500000002275, -3.294999999999802], [139.45500000002275, -3.3049999999998017], [139.44500000002273, -3.3049999999998017], [139.44500000002273, -3.3149999999998014], [139.42500000002275, -3.3149999999998014], [139.42500000002275, -3.3249999999998012], [139.41500000002273, -3.3249999999998012], [139.41500000002273, -3.334999999999801], [139.39500000002272, -3.334999999999801], [139.39500000002272, -3.344999999999801], [139.38500000002273, -3.344999999999801], [139.38500000002273, -3.3549999999998006], [139.3750000000227, -3.3549999999998006], [139.3750000000227, -3.344999999999801], [139.3650000000227, -3.344999999999801], [139.3650000000227, -3.3149999999998014], [139.3550000000227, -3.3149999999998014], [139.3550000000227, -3.284999999999802], [139.3450000000227, -3.284999999999802], [139.3450000000227, -3.2149999999998036], [139.3550000000227, -3.2149999999998036], [139.3550000000227, -3.184999999999804], [139.3650000000227, -3.184999999999804], [139.3650000000227, -3.154999999999805], [139.3750000000227, -3.154999999999805], [139.3750000000227, -3.1149999999998057], [139.45500000002275, -3.1149999999998057], [139.45500000002275, -3.1249999999998055], [139.48500000002275, -3.1249999999998055], [139.48500000002275, -3.1349999999998053], [139.5050000000228, -3.1349999999998053], [139.5050000000228, -3.144999999999805], [139.52500000002277, -3.144999999999805], [139.52500000002277, -3.154999999999805]]], [[[137.30500000002166, -3.004999999999808], [137.30500000002166, -3.0849999999998063], [137.29500000002164, -3.0849999999998063], [137.29500000002164, -3.0749999999998066], [137.27500000002163, -3.0749999999998066], [137.27500000002163, -3.0649999999998068], [137.2450000000216, -3.0649999999998068], [137.2450000000216, -3.054999999999807], [137.1950000000216, -3.054999999999807], [137.1950000000216, -3.044999999999807], [137.1850000000216, -3.044999999999807], [137.1850000000216, -2.9849999999998085], [137.1950000000216, -2.9849999999998085], [137.1950000000216, -2.9749999999998087], [137.20500000002158, -2.9749999999998087], [137.20500000002158, -2.964999999999809], [137.22500000002162, -2.964999999999809], [137.22500000002162, -2.954999999999809], [137.2450000000216, -2.954999999999809], [137.2450000000216, -2.9449999999998093], [137.26500000002164, -2.9449999999998093], [137.26500000002164, -2.954999999999809], [137.27500000002163, -2.954999999999809], [137.27500000002163, -2.964999999999809], [137.28500000002163, -2.964999999999809], [137.28500000002163, -2.9849999999998085], [137.29500000002164, -2.9849999999998085], [137.29500000002164, -3.004999999999808], [137.30500000002166, -3.004999999999808]]], [[[138.24500000002212, -3.0249999999998076], [138.24500000002212, -3.014999999999808], [138.23500000002213, -3.014999999999808], [138.23500000002213, -3.004999999999808], [138.25500000002214, -3.004999999999808], [138.25500000002214, -3.0249999999998076], [138.24500000002212, -3.0249999999998076]]], [[[138.7450000000224, -2.9449999999998093], [138.7550000000224, -2.9449999999998093], [138.7550000000224, -2.954999999999809], [138.76500000002238, -2.954999999999809], [138.76500000002238, -2.964999999999809], [138.73500000002238, -2.964999999999809], [138.73500000002238, -2.954999999999809], [138.7450000000224, -2.954999999999809], [138.7450000000224, -2.9449999999998093]]], [[[135.4550000000207, -2.864999999999811], [135.46500000002072, -2.864999999999811], [135.46500000002072, -2.874999999999811], [135.4750000000207, -2.874999999999811], [135.4750000000207, -2.8849999999998106], [135.4850000000207, -2.8849999999998106], [135.4850000000207, -2.8949999999998104], [135.49500000002072, -2.8949999999998104], [135.49500000002072, -2.90499999999981], [135.52500000002073, -2.90499999999981], [135.52500000002073, -2.954999999999809], [135.51500000002073, -2.954999999999809], [135.51500000002073, -2.9949999999998083], [135.50500000002074, -2.9949999999998083], [135.50500000002074, -3.014999999999808], [135.4850000000207, -3.014999999999808], [135.4850000000207, -3.0249999999998076], [135.4750000000207, -3.0249999999998076], [135.4750000000207, -3.0349999999998074], [135.4550000000207, -3.0349999999998074], [135.4550000000207, -3.044999999999807], [135.4350000000207, -3.044999999999807], [135.4350000000207, -3.054999999999807], [135.41500000002068, -3.054999999999807], [135.41500000002068, -3.0649999999998068], [135.40500000002066, -3.0649999999998068], [135.40500000002066, -3.0749999999998066], [135.38500000002068, -3.0749999999998066], [135.38500000002068, -3.0649999999998068], [135.35500000002065, -3.0649999999998068], [135.35500000002065, -3.054999999999807], [135.33500000002064, -3.054999999999807], [135.33500000002064, -3.044999999999807], [135.31500000002063, -3.044999999999807], [135.31500000002063, -3.0349999999998074], [135.30500000002064, -3.0349999999998074], [135.30500000002064, -3.0249999999998076], [135.2850000000206, -3.0249999999998076], [135.2850000000206, -3.014999999999808], [135.2750000000206, -3.014999999999808], [135.2750000000206, -3.004999999999808], [135.26500000002062, -3.004999999999808], [135.26500000002062, -2.9949999999998083], [135.2550000000206, -2.9949999999998083], [135.2550000000206, -2.9849999999998085], [135.24500000002058, -2.9849999999998085], [135.24500000002058, -2.964999999999809], [135.2350000000206, -2.964999999999809], [135.2350000000206, -2.954999999999809], [135.2250000000206, -2.954999999999809], [135.2250000000206, -2.9349999999998095], [135.21500000002058, -2.9349999999998095], [135.21500000002058, -2.91499999999981], [135.20500000002056, -2.91499999999981], [135.20500000002056, -2.90499999999981], [135.2250000000206, -2.90499999999981], [135.2250000000206, -2.8949999999998104], [135.2550000000206, -2.8949999999998104], [135.2550000000206, -2.8849999999998106], [135.31500000002063, -2.8849999999998106], [135.31500000002063, -2.874999999999811], [135.35500000002065, -2.874999999999811], [135.35500000002065, -2.864999999999811], [135.37500000002066, -2.864999999999811], [135.37500000002066, -2.8549999999998112], [135.39500000002067, -2.8549999999998112], [135.39500000002067, -2.8449999999998115], [135.40500000002066, -2.8449999999998115], [135.40500000002066, -2.8349999999998117], [135.41500000002068, -2.8349999999998117], [135.41500000002068, -2.824999999999812], [135.4250000000207, -2.824999999999812], [135.4250000000207, -2.8349999999998117], [135.4350000000207, -2.8349999999998117], [135.4350000000207, -2.8449999999998115], [135.44500000002068, -2.8449999999998115], [135.44500000002068, -2.8549999999998112], [135.4550000000207, -2.8549999999998112], [135.4550000000207, -2.864999999999811]]], [[[141.05500000002357, -2.91499999999981], [141.0650000000236, -2.91499999999981], [141.0650000000236, -2.9249999999998098], [141.05500000002357, -2.9249999999998098], [141.05500000002357, -2.91499999999981]]], [[[141.05500000002357, -2.8949999999998104], [141.05500000002357, -2.91499999999981], [141.01500000002355, -2.91499999999981], [141.01500000002355, -2.90499999999981], [140.98500000002355, -2.90499999999981], [140.98500000002355, -2.8949999999998104], [140.9650000000235, -2.8949999999998104], [140.9650000000235, -2.8849999999998106], [140.95500000002352, -2.8849999999998106], [140.95500000002352, -2.874999999999811], [140.94500000002353, -2.874999999999811], [140.94500000002353, -2.864999999999811], [140.9250000000235, -2.864999999999811], [140.9250000000235, -2.8549999999998112], [141.00500000002353, -2.8549999999998112], [141.00500000002353, -2.864999999999811], [141.01500000002355, -2.864999999999811], [141.01500000002355, -2.874999999999811], [141.03500000002356, -2.874999999999811], [141.03500000002356, -2.8849999999998106], [141.04500000002355, -2.8849999999998106], [141.04500000002355, -2.8949999999998104], [141.05500000002357, -2.8949999999998104]]], [[[138.7750000000224, -2.6649999999998153], [138.7750000000224, -2.634999999999816], [138.78500000002242, -2.634999999999816], [138.78500000002242, -2.6549999999998155], [138.7950000000224, -2.6549999999998155], [138.7950000000224, -2.6649999999998153], [138.78500000002242, -2.6649999999998153], [138.78500000002242, -2.674999999999815], [138.76500000002238, -2.674999999999815], [138.76500000002238, -2.6649999999998153], [138.7750000000224, -2.6649999999998153]]], [[[140.52500000002328, -2.6149999999998164], [140.5050000000233, -2.6149999999998164], [140.5050000000233, -2.6049999999998166], [140.42500000002326, -2.6049999999998166], [140.42500000002326, -2.594999999999817], [140.3650000000232, -2.594999999999817], [140.3650000000232, -2.584999999999817], [140.32500000002318, -2.584999999999817], [140.32500000002318, -2.574999999999817], [140.3150000000232, -2.574999999999817], [140.3150000000232, -2.5549999999998176], [140.32500000002318, -2.5549999999998176], [140.32500000002318, -2.5249999999998183], [140.3350000000232, -2.5249999999998183], [140.3350000000232, -2.5149999999998185], [140.3650000000232, -2.5149999999998185], [140.3650000000232, -2.5049999999998187], [140.38500000002324, -2.5049999999998187], [140.38500000002324, -2.494999999999819], [140.43500000002325, -2.494999999999819], [140.43500000002325, -2.484999999999819], [140.5150000000233, -2.484999999999819], [140.5150000000233, -2.494999999999819], [140.52500000002328, -2.494999999999819], [140.52500000002328, -2.5649999999998174], [140.5350000000233, -2.5649999999998174], [140.5350000000233, -2.624999999999816], [140.52500000002328, -2.624999999999816], [140.52500000002328, -2.6149999999998164]]], [[[138.07500000002204, -2.4549999999998198], [138.08500000002203, -2.4549999999998198], [138.08500000002203, -2.4649999999998196], [138.09500000002205, -2.4649999999998196], [138.09500000002205, -2.4749999999998193], [138.10500000002207, -2.4749999999998193], [138.10500000002207, -2.494999999999819], [138.11500000002206, -2.494999999999819], [138.11500000002206, -2.5149999999998185], [138.10500000002207, -2.5149999999998185], [138.10500000002207, -2.534999999999818], [138.09500000002205, -2.534999999999818], [138.09500000002205, -2.5549999999998176], [138.08500000002203, -2.5549999999998176], [138.08500000002203, -2.5649999999998174], [138.07500000002204, -2.5649999999998174], [138.07500000002204, -2.574999999999817], [138.06500000002205, -2.574999999999817], [138.06500000002205, -2.594999999999817], [138.05500000002203, -2.594999999999817], [138.05500000002203, -2.6049999999998166], [138.04500000002201, -2.6049999999998166], [138.04500000002201, -2.6149999999998164], [137.985000000022, -2.6149999999998164], [137.985000000022, -2.6049999999998166], [137.975000000022, -2.6049999999998166], [137.975000000022, -2.594999999999817], [137.95500000002198, -2.594999999999817], [137.95500000002198, -2.584999999999817], [137.945000000022, -2.584999999999817], [137.945000000022, -2.574999999999817], [137.93500000002197, -2.574999999999817], [137.93500000002197, -2.5649999999998174], [137.92500000002195, -2.5649999999998174], [137.92500000002195, -2.544999999999818], [137.91500000002196, -2.544999999999818], [137.91500000002196, -2.5249999999998183], [137.90500000002197, -2.5249999999998183], [137.90500000002197, -2.5049999999998187], [137.89500000002195, -2.5049999999998187], [137.89500000002195, -2.494999999999819], [137.90500000002197, -2.494999999999819], [137.90500000002197, -2.484999999999819], [137.91500000002196, -2.484999999999819], [137.91500000002196, -2.4749999999998193], [137.92500000002195, -2.4749999999998193], [137.92500000002195, -2.4649999999998196], [137.93500000002197, -2.4649999999998196], [137.93500000002197, -2.4549999999998198], [137.945000000022, -2.4549999999998198], [137.945000000022, -2.44499999999982], [137.95500000002198, -2.44499999999982], [137.95500000002198, -2.43499999999982], [137.975000000022, -2.43499999999982], [137.975000000022, -2.4249999999998204], [137.995000000022, -2.4249999999998204], [137.995000000022, -2.4149999999998206], [138.02500000002203, -2.4149999999998206], [138.02500000002203, -2.4249999999998204], [138.05500000002203, -2.4249999999998204], [138.05500000002203, -2.43499999999982], [138.06500000002205, -2.43499999999982], [138.06500000002205, -2.44499999999982], [138.07500000002204, -2.44499999999982], [138.07500000002204, -2.4549999999998198]]], [[[138.61500000002232, -2.43499999999982], [138.72500000002236, -2.43499999999982], [138.72500000002236, -2.4249999999998204], [138.8050000000224, -2.4249999999998204], [138.8050000000224, -2.4149999999998206], [138.87500000002245, -2.4149999999998206], [138.87500000002245, -2.404999999999821], [138.90500000002248, -2.404999999999821], [138.90500000002248, -2.4149999999998206], [138.89500000002246, -2.4149999999998206], [138.89500000002246, -2.4549999999998198], [138.88500000002244, -2.4549999999998198], [138.88500000002244, -2.5249999999998183], [138.89500000002246, -2.5249999999998183], [138.89500000002246, -2.5549999999998176], [138.90500000002248, -2.5549999999998176], [138.90500000002248, -2.6149999999998164], [138.91500000002247, -2.6149999999998164], [138.91500000002247, -2.634999999999816], [138.92500000002246, -2.634999999999816], [138.92500000002246, -2.6449999999998157], [138.93500000002248, -2.6449999999998157], [138.93500000002248, -2.6549999999998155], [138.90500000002248, -2.6549999999998155], [138.90500000002248, -2.6649999999998153], [138.83500000002243, -2.6649999999998153], [138.83500000002243, -2.6549999999998155], [138.82500000002244, -2.6549999999998155], [138.82500000002244, -2.6449999999998157], [138.81500000002242, -2.6449999999998157], [138.81500000002242, -2.634999999999816], [138.7950000000224, -2.634999999999816], [138.7950000000224, -2.624999999999816], [138.78500000002242, -2.624999999999816], [138.78500000002242, -2.584999999999817], [138.7950000000224, -2.584999999999817], [138.7950000000224, -2.534999999999818], [138.8050000000224, -2.534999999999818], [138.8050000000224, -2.484999999999819], [138.7950000000224, -2.484999999999819], [138.7950000000224, -2.4749999999998193], [138.78500000002242, -2.4749999999998193], [138.78500000002242, -2.4649999999998196], [138.7750000000224, -2.4649999999998196], [138.7750000000224, -2.4549999999998198], [138.76500000002238, -2.4549999999998198], [138.76500000002238, -2.44499999999982], [138.7450000000224, -2.44499999999982], [138.7450000000224, -2.4549999999998198], [138.73500000002238, -2.4549999999998198], [138.73500000002238, -2.484999999999819], [138.72500000002236, -2.484999999999819], [138.72500000002236, -2.5549999999998176], [138.73500000002238, -2.5549999999998176], [138.73500000002238, -2.594999999999817], [138.7550000000224, -2.594999999999817], [138.7550000000224, -2.6049999999998166], [138.73500000002238, -2.6049999999998166], [138.73500000002238, -2.6549999999998155], [138.7450000000224, -2.6549999999998155], [138.7450000000224, -2.6649999999998153], [138.71500000002237, -2.6649999999998153], [138.71500000002237, -2.6549999999998155], [138.68500000002234, -2.6549999999998155], [138.68500000002234, -2.6449999999998157], [138.66500000002236, -2.6449999999998157], [138.66500000002236, -2.624999999999816], [138.67500000002235, -2.624999999999816], [138.67500000002235, -2.6149999999998164], [138.69500000002236, -2.6149999999998164], [138.69500000002236, -2.6049999999998166], [138.72500000002236, -2.6049999999998166], [138.72500000002236, -2.594999999999817], [138.69500000002236, -2.594999999999817], [138.69500000002236, -2.584999999999817], [138.64500000002232, -2.584999999999817], [138.64500000002232, -2.574999999999817], [138.6050000000223, -2.574999999999817], [138.6050000000223, -2.5649999999998174], [138.56500000002228, -2.5649999999998174], [138.56500000002228, -2.5549999999998176], [138.51500000002227, -2.5549999999998176], [138.51500000002227, -2.544999999999818], [138.49500000002226, -2.544999999999818], [138.49500000002226, -2.534999999999818], [138.48500000002224, -2.534999999999818], [138.48500000002224, -2.5249999999998183], [138.47500000002225, -2.5249999999998183], [138.47500000002225, -2.5149999999998185], [138.46500000002226, -2.5149999999998185], [138.46500000002226, -2.484999999999819], [138.45500000002224, -2.484999999999819], [138.45500000002224, -2.4749999999998193], [138.44500000002222, -2.4749999999998193], [138.44500000002222, -2.4649999999998196], [138.43500000002223, -2.4649999999998196], [138.43500000002223, -2.4549999999998198], [138.42500000002224, -2.4549999999998198], [138.42500000002224, -2.44499999999982], [138.41500000002222, -2.44499999999982], [138.41500000002222, -2.43499999999982], [138.44500000002222, -2.43499999999982], [138.44500000002222, -2.4249999999998204], [138.47500000002225, -2.4249999999998204], [138.47500000002225, -2.4149999999998206], [138.51500000002227, -2.4149999999998206], [138.51500000002227, -2.404999999999821], [138.53500000002228, -2.404999999999821], [138.53500000002228, -2.394999999999821], [138.56500000002228, -2.394999999999821], [138.56500000002228, -2.3849999999998213], [138.5950000000223, -2.3849999999998213], [138.5950000000223, -2.3749999999998215], [138.62500000002234, -2.3749999999998215], [138.62500000002234, -2.3649999999998217], [138.64500000002232, -2.3649999999998217], [138.64500000002232, -2.3749999999998215], [138.63500000002233, -2.3749999999998215], [138.63500000002233, -2.394999999999821], [138.62500000002234, -2.394999999999821], [138.62500000002234, -2.4149999999998206], [138.61500000002232, -2.4149999999998206], [138.61500000002232, -2.43499999999982]], [[138.6050000000223, -2.43499999999982], [138.6050000000223, -2.44499999999982], [138.61500000002232, -2.44499999999982], [138.61500000002232, -2.43499999999982], [138.6050000000223, -2.43499999999982]]], [[[136.20500000002107, -2.254999999999824], [136.20500000002107, -2.264999999999824], [136.16500000002105, -2.264999999999824], [136.16500000002105, -2.2749999999998236], [136.14500000002107, -2.2749999999998236], [136.14500000002107, -2.2849999999998234], [136.12500000002103, -2.2849999999998234], [136.12500000002103, -2.294999999999823], [136.10500000002105, -2.294999999999823], [136.10500000002105, -2.304999999999823], [136.09500000002103, -2.304999999999823], [136.09500000002103, -2.3149999999998228], [136.085000000021, -2.3149999999998228], [136.085000000021, -2.3249999999998225], [136.07500000002102, -2.3249999999998225], [136.07500000002102, -2.344999999999822], [136.06500000002103, -2.344999999999822], [136.06500000002103, -2.3649999999998217], [136.055000000021, -2.3649999999998217], [136.055000000021, -2.394999999999821], [136.045000000021, -2.394999999999821], [136.045000000021, -2.44499999999982], [136.035000000021, -2.44499999999982], [136.035000000021, -2.4549999999998198], [136.025000000021, -2.4549999999998198], [136.025000000021, -2.44499999999982], [136.015000000021, -2.44499999999982], [136.015000000021, -2.4249999999998204], [136.00500000002097, -2.4249999999998204], [136.00500000002097, -2.4149999999998206], [135.99500000002098, -2.4149999999998206], [135.99500000002098, -2.404999999999821], [135.97500000002097, -2.404999999999821], [135.97500000002097, -2.394999999999821], [135.95500000002096, -2.394999999999821], [135.95500000002096, -2.3749999999998215], [135.96500000002095, -2.3749999999998215], [135.96500000002095, -2.304999999999823], [135.97500000002097, -2.304999999999823], [135.97500000002097, -2.2449999999998242], [135.985000000021, -2.2449999999998242], [135.985000000021, -2.2349999999998245], [135.99500000002098, -2.2349999999998245], [135.99500000002098, -2.2249999999998247], [136.00500000002097, -2.2249999999998247], [136.00500000002097, -2.214999999999825], [136.055000000021, -2.214999999999825], [136.055000000021, -2.2249999999998247], [136.2250000000211, -2.2249999999998247], [136.2250000000211, -2.2349999999998245], [136.26500000002113, -2.2349999999998245], [136.26500000002113, -2.2449999999998242], [136.2450000000211, -2.2449999999998242], [136.2450000000211, -2.254999999999824], [136.20500000002107, -2.254999999999824]]], [[[141.78500000002396, -2.2849999999998234], [141.78500000002396, -2.3349999999998223], [141.77500000002394, -2.3349999999998223], [141.77500000002394, -2.3649999999998217], [141.76500000002392, -2.3649999999998217], [141.76500000002392, -2.394999999999821], [141.78500000002396, -2.394999999999821], [141.78500000002396, -2.404999999999821], [141.80500000002394, -2.404999999999821], [141.80500000002394, -2.4149999999998206], [141.81500000002396, -2.4149999999998206], [141.81500000002396, -2.4249999999998204], [141.83500000002397, -2.4249999999998204], [141.83500000002397, -2.43499999999982], [141.85500000002398, -2.43499999999982], [141.85500000002398, -2.44499999999982], [141.865000000024, -2.44499999999982], [141.865000000024, -2.4549999999998198], [141.875000000024, -2.4549999999998198], [141.875000000024, -2.4649999999998196], [141.895000000024, -2.4649999999998196], [141.895000000024, -2.4749999999998193], [141.90500000002402, -2.4749999999998193], [141.90500000002402, -2.484999999999819], [141.915000000024, -2.484999999999819], [141.915000000024, -2.494999999999819], [141.925000000024, -2.494999999999819], [141.925000000024, -2.5049999999998187], [141.93500000002402, -2.5049999999998187], [141.93500000002402, -2.5149999999998185], [141.925000000024, -2.5149999999998185], [141.925000000024, -2.544999999999818], [141.915000000024, -2.544999999999818], [141.915000000024, -2.5649999999998174], [141.90500000002402, -2.5649999999998174], [141.90500000002402, -2.574999999999817], [141.895000000024, -2.574999999999817], [141.895000000024, -2.584999999999817], [141.88500000002398, -2.584999999999817], [141.88500000002398, -2.594999999999817], [141.865000000024, -2.594999999999817], [141.865000000024, -2.6049999999998166], [141.82500000002398, -2.6049999999998166], [141.82500000002398, -2.6149999999998164], [141.76500000002392, -2.6149999999998164], [141.76500000002392, -2.624999999999816], [141.74500000002394, -2.624999999999816], [141.74500000002394, -2.6149999999998164], [141.70500000002392, -2.6149999999998164], [141.70500000002392, -2.6049999999998166], [141.6650000000239, -2.6049999999998166], [141.6650000000239, -2.594999999999817], [141.64500000002386, -2.594999999999817], [141.64500000002386, -2.584999999999817], [141.62500000002387, -2.584999999999817], [141.62500000002387, -2.574999999999817], [141.60500000002384, -2.574999999999817], [141.60500000002384, -2.5649999999998174], [141.58500000002385, -2.5649999999998174], [141.58500000002385, -2.5549999999998176], [141.57500000002383, -2.5549999999998176], [141.57500000002383, -2.544999999999818], [141.56500000002382, -2.544999999999818], [141.56500000002382, -2.534999999999818], [141.55500000002382, -2.534999999999818], [141.55500000002382, -2.5249999999998183], [141.54500000002383, -2.5249999999998183], [141.54500000002383, -2.5149999999998185], [141.5350000000238, -2.5149999999998185], [141.5350000000238, -2.494999999999819], [141.5250000000238, -2.494999999999819], [141.5250000000238, -2.43499999999982], [141.5150000000238, -2.43499999999982], [141.5150000000238, -2.4149999999998206], [141.5050000000238, -2.4149999999998206], [141.5050000000238, -2.394999999999821], [141.4950000000238, -2.394999999999821], [141.4950000000238, -2.3749999999998215], [141.48500000002377, -2.3749999999998215], [141.48500000002377, -2.3349999999998223], [141.47500000002378, -2.3349999999998223], [141.47500000002378, -2.2749999999998236], [141.4650000000238, -2.2749999999998236], [141.4650000000238, -2.254999999999824], [141.47500000002378, -2.254999999999824], [141.47500000002378, -2.2349999999998245], [141.48500000002377, -2.2349999999998245], [141.48500000002377, -2.2249999999998247], [141.5150000000238, -2.2249999999998247], [141.5150000000238, -2.2349999999998245], [141.5250000000238, -2.2349999999998245], [141.5250000000238, -2.2449999999998242], [141.5350000000238, -2.2449999999998242], [141.5350000000238, -2.254999999999824], [141.54500000002383, -2.254999999999824], [141.54500000002383, -2.3149999999998228], [141.55500000002382, -2.3149999999998228], [141.55500000002382, -2.344999999999822], [141.56500000002382, -2.344999999999822], [141.56500000002382, -2.354999999999822], [141.57500000002383, -2.354999999999822], [141.57500000002383, -2.3649999999998217], [141.60500000002384, -2.3649999999998217], [141.60500000002384, -2.3749999999998215], [141.7250000000239, -2.3749999999998215], [141.7250000000239, -2.354999999999822], [141.7150000000239, -2.354999999999822], [141.7150000000239, -2.3249999999998225], [141.70500000002392, -2.3249999999998225], [141.70500000002392, -2.294999999999823], [141.6950000000239, -2.294999999999823], [141.6950000000239, -2.264999999999824], [141.68500000002388, -2.264999999999824], [141.68500000002388, -2.0349999999998287], [141.67500000002389, -2.0349999999998287], [141.67500000002389, -2.024999999999829], [141.68500000002388, -2.024999999999829], [141.68500000002388, -2.014999999999829], [141.6950000000239, -2.014999999999829], [141.6950000000239, -2.0049999999998294], [141.70500000002392, -2.0049999999998294], [141.70500000002392, -1.9949999999998296], [141.7150000000239, -1.9949999999998296], [141.7150000000239, -1.97499999999983], [141.7250000000239, -1.97499999999983], [141.7250000000239, -1.9549999999998304], [141.73500000002392, -1.9549999999998304], [141.73500000002392, -1.9449999999998306], [141.74500000002394, -1.9449999999998306], [141.74500000002394, -1.9349999999998309], [141.75500000002393, -1.9349999999998309], [141.75500000002393, -1.924999999999831], [141.78500000002396, -1.924999999999831], [141.78500000002396, -1.9449999999998306], [141.79500000002395, -1.9449999999998306], [141.79500000002395, -1.9849999999998298], [141.80500000002394, -1.9849999999998298], [141.80500000002394, -2.114999999999827], [141.79500000002395, -2.114999999999827], [141.79500000002395, -2.2849999999998234], [141.78500000002396, -2.2849999999998234]]], [[[139.5650000000228, -2.254999999999824], [139.5750000000228, -2.254999999999824], [139.5750000000228, -2.264999999999824], [139.5650000000228, -2.264999999999824], [139.5650000000228, -2.254999999999824]]], [[[136.06500000002103, -2.1049999999998272], [136.055000000021, -2.1049999999998272], [136.055000000021, -2.1449999999998264], [136.045000000021, -2.1449999999998264], [136.045000000021, -2.164999999999826], [136.035000000021, -2.164999999999826], [136.035000000021, -2.1849999999998255], [136.025000000021, -2.1849999999998255], [136.025000000021, -2.1949999999998253], [136.015000000021, -2.1949999999998253], [136.015000000021, -2.204999999999825], [136.00500000002097, -2.204999999999825], [136.00500000002097, -2.214999999999825], [135.985000000021, -2.214999999999825], [135.985000000021, -2.204999999999825], [135.94500000002097, -2.204999999999825], [135.94500000002097, -2.1949999999998253], [135.8450000000209, -2.1949999999998253], [135.8450000000209, -2.1849999999998255], [135.69500000002083, -2.1849999999998255], [135.69500000002083, -2.1749999999998257], [135.66500000002083, -2.1749999999998257], [135.66500000002083, -2.164999999999826], [135.6850000000208, -2.164999999999826], [135.6850000000208, -2.154999999999826], [135.70500000002085, -2.154999999999826], [135.70500000002085, -2.1449999999998264], [135.71500000002084, -2.1449999999998264], [135.71500000002084, -2.1349999999998266], [135.73500000002085, -2.1349999999998266], [135.73500000002085, -2.124999999999827], [135.75500000002086, -2.124999999999827], [135.75500000002086, -2.114999999999827], [135.77500000002087, -2.114999999999827], [135.77500000002087, -2.1049999999998272], [135.79500000002088, -2.1049999999998272], [135.79500000002088, -2.0949999999998274], [135.8250000000209, -2.0949999999998274], [135.8250000000209, -2.0849999999998277], [135.8450000000209, -2.0849999999998277], [135.8450000000209, -2.074999999999828], [135.86500000002093, -2.074999999999828], [135.86500000002093, -2.064999999999828], [135.89500000002093, -2.064999999999828], [135.89500000002093, -2.0549999999998283], [135.92500000002093, -2.0549999999998283], [135.92500000002093, -2.0449999999998285], [135.95500000002096, -2.0449999999998285], [135.95500000002096, -2.0349999999998287], [135.985000000021, -2.0349999999998287], [135.985000000021, -2.024999999999829], [136.015000000021, -2.024999999999829], [136.015000000021, -2.0349999999998287], [136.025000000021, -2.0349999999998287], [136.025000000021, -2.0449999999998285], [136.045000000021, -2.0449999999998285], [136.045000000021, -2.0549999999998283], [136.06500000002103, -2.0549999999998283], [136.06500000002103, -2.1049999999998272]]], [[[139.3550000000227, -2.064999999999828], [139.42500000002275, -2.064999999999828], [139.42500000002275, -2.074999999999828], [139.43500000002274, -2.074999999999828], [139.43500000002274, -2.0849999999998277], [139.4050000000227, -2.0849999999998277], [139.4050000000227, -2.074999999999828], [139.3550000000227, -2.074999999999828], [139.3550000000227, -2.064999999999828]]], [[[139.1750000000226, -2.0449999999998285], [139.1750000000226, -2.064999999999828], [139.18500000002263, -2.064999999999828], [139.18500000002263, -2.074999999999828], [139.19500000002262, -2.074999999999828], [139.19500000002262, -2.0849999999998277], [139.21500000002263, -2.0849999999998277], [139.21500000002263, -2.0949999999998274], [139.25500000002265, -2.0949999999998274], [139.25500000002265, -2.1049999999998272], [139.27500000002266, -2.1049999999998272], [139.27500000002266, -2.114999999999827], [139.28500000002265, -2.114999999999827], [139.28500000002265, -2.124999999999827], [139.29500000002267, -2.124999999999827], [139.29500000002267, -2.1349999999998266], [139.3050000000227, -2.1349999999998266], [139.3050000000227, -2.1449999999998264], [139.31500000002268, -2.1449999999998264], [139.31500000002268, -2.164999999999826], [139.32500000002267, -2.164999999999826], [139.32500000002267, -2.1849999999998255], [139.3350000000227, -2.1849999999998255], [139.3350000000227, -2.204999999999825], [139.32500000002267, -2.204999999999825], [139.32500000002267, -2.1949999999998253], [139.29500000002267, -2.1949999999998253], [139.29500000002267, -2.1849999999998255], [139.26500000002267, -2.1849999999998255], [139.26500000002267, -2.1749999999998257], [139.23500000002264, -2.1749999999998257], [139.23500000002264, -2.164999999999826], [139.2050000000226, -2.164999999999826], [139.2050000000226, -2.154999999999826], [139.18500000002263, -2.154999999999826], [139.18500000002263, -2.1449999999998264], [139.1550000000226, -2.1449999999998264], [139.1550000000226, -2.1349999999998266], [139.1350000000226, -2.1349999999998266], [139.1350000000226, -2.124999999999827], [139.11500000002258, -2.124999999999827], [139.11500000002258, -2.114999999999827], [139.09500000002257, -2.114999999999827], [139.09500000002257, -2.1049999999998272], [139.07500000002256, -2.1049999999998272], [139.07500000002256, -2.0949999999998274], [139.05500000002255, -2.0949999999998274], [139.05500000002255, -2.0849999999998277], [139.03500000002254, -2.0849999999998277], [139.03500000002254, -2.074999999999828], [139.02500000002254, -2.074999999999828], [139.02500000002254, -2.064999999999828], [139.0050000000225, -2.064999999999828], [139.0050000000225, -2.0549999999998283], [138.99500000002251, -2.0549999999998283], [138.99500000002251, -2.0449999999998285], [138.96500000002248, -2.0449999999998285], [138.96500000002248, -2.0349999999998287], [138.93500000002248, -2.0349999999998287], [138.93500000002248, -2.024999999999829], [138.99500000002251, -2.024999999999829], [138.99500000002251, -2.014999999999829], [139.02500000002254, -2.014999999999829], [139.02500000002254, -2.0049999999998294], [139.05500000002255, -2.0049999999998294], [139.05500000002255, -1.9949999999998296], [139.06500000002256, -1.9949999999998296], [139.06500000002256, -1.97499999999983], [139.07500000002256, -1.97499999999983], [139.07500000002256, -1.9649999999998302], [139.08500000002255, -1.9649999999998302], [139.08500000002255, -1.9549999999998304], [139.09500000002257, -1.9549999999998304], [139.09500000002257, -1.9349999999998309], [139.10500000002259, -1.9349999999998309], [139.10500000002259, -1.924999999999831], [139.11500000002258, -1.924999999999831], [139.11500000002258, -1.9149999999998313], [139.12500000002257, -1.9149999999998313], [139.12500000002257, -1.9049999999998315], [139.1350000000226, -1.9049999999998315], [139.1350000000226, -1.924999999999831], [139.1450000000226, -1.924999999999831], [139.1450000000226, -1.9549999999998304], [139.1550000000226, -1.9549999999998304], [139.1550000000226, -2.0049999999998294], [139.1650000000226, -2.0049999999998294], [139.1650000000226, -2.0449999999998285], [139.1750000000226, -2.0449999999998285]]], [[[138.30500000002218, -1.7349999999998351], [138.30500000002218, -1.744999999999835], [138.31500000002217, -1.744999999999835], [138.31500000002217, -1.7549999999998347], [138.30500000002218, -1.7549999999998347], [138.30500000002218, -1.7649999999998345], [138.29500000002216, -1.7649999999998345], [138.29500000002216, -1.7549999999998347], [138.28500000002214, -1.7549999999998347], [138.28500000002214, -1.7349999999998351], [138.27500000002215, -1.7349999999998351], [138.27500000002215, -1.7249999999998353], [138.26500000002216, -1.7249999999998353], [138.26500000002216, -1.7149999999998355], [138.23500000002213, -1.7149999999998355], [138.23500000002213, -1.7049999999998358], [138.24500000002212, -1.7049999999998358], [138.24500000002212, -1.694999999999836], [138.26500000002216, -1.694999999999836], [138.26500000002216, -1.7049999999998358], [138.27500000002215, -1.7049999999998358], [138.27500000002215, -1.7149999999998355], [138.28500000002214, -1.7149999999998355], [138.28500000002214, -1.7249999999998353], [138.29500000002216, -1.7249999999998353], [138.29500000002216, -1.7349999999998351], [138.30500000002218, -1.7349999999998351]]], [[[140.08500000002306, -1.3549999999998432], [140.1050000000231, -1.3549999999998432], [140.1050000000231, -1.364999999999843], [140.12500000002308, -1.364999999999843], [140.12500000002308, -1.3749999999998428], [140.14500000002312, -1.3749999999998428], [140.14500000002312, -1.3849999999998426], [140.1650000000231, -1.3849999999998426], [140.1650000000231, -1.3949999999998424], [140.18500000002314, -1.3949999999998424], [140.18500000002314, -1.4049999999998422], [140.20500000002312, -1.4049999999998422], [140.20500000002312, -1.4249999999998417], [140.21500000002314, -1.4249999999998417], [140.21500000002314, -1.4449999999998413], [140.22500000002316, -1.4449999999998413], [140.22500000002316, -1.454999999999841], [140.23500000002315, -1.454999999999841], [140.23500000002315, -1.4849999999998404], [140.24500000002314, -1.4849999999998404], [140.24500000002314, -1.5249999999998396], [140.23500000002315, -1.5249999999998396], [140.23500000002315, -1.5449999999998392], [140.22500000002316, -1.5449999999998392], [140.22500000002316, -1.5849999999998383], [140.21500000002314, -1.5849999999998383], [140.21500000002314, -1.6149999999998377], [140.17500000002312, -1.6149999999998377], [140.17500000002312, -1.6249999999998375], [140.1150000000231, -1.6249999999998375], [140.1150000000231, -1.6349999999998373], [140.04500000002304, -1.6349999999998373], [140.04500000002304, -1.644999999999837], [139.98500000002304, -1.644999999999837], [139.98500000002304, -1.6349999999998373], [139.965000000023, -1.6349999999998373], [139.965000000023, -1.6249999999998375], [139.955000000023, -1.6249999999998375], [139.955000000023, -1.6149999999998377], [139.935000000023, -1.6149999999998377], [139.935000000023, -1.604999999999838], [139.91500000002299, -1.604999999999838], [139.91500000002299, -1.594999999999838], [139.905000000023, -1.594999999999838], [139.905000000023, -1.5849999999998383], [139.88500000002296, -1.5849999999998383], [139.88500000002296, -1.5749999999998385], [139.87500000002296, -1.5749999999998385], [139.87500000002296, -1.5649999999998387], [139.86500000002297, -1.5649999999998387], [139.86500000002297, -1.554999999999839], [139.85500000002295, -1.554999999999839], [139.85500000002295, -1.5449999999998392], [139.84500000002294, -1.5449999999998392], [139.84500000002294, -1.5349999999998394], [139.82500000002295, -1.5349999999998394], [139.82500000002295, -1.5249999999998396], [139.81500000002293, -1.5249999999998396], [139.81500000002293, -1.5149999999998398], [139.80500000002291, -1.5149999999998398], [139.80500000002291, -1.4749999999998407], [139.81500000002293, -1.4749999999998407], [139.81500000002293, -1.454999999999841], [139.82500000002295, -1.454999999999841], [139.82500000002295, -1.4349999999998415], [139.83500000002294, -1.4349999999998415], [139.83500000002294, -1.4249999999998417], [139.84500000002294, -1.4249999999998417], [139.84500000002294, -1.4049999999998422], [139.85500000002295, -1.4049999999998422], [139.85500000002295, -1.3949999999998424], [139.86500000002297, -1.3949999999998424], [139.86500000002297, -1.3849999999998426], [139.87500000002296, -1.3849999999998426], [139.87500000002296, -1.3749999999998428], [139.88500000002296, -1.3749999999998428], [139.88500000002296, -1.364999999999843], [139.89500000002297, -1.364999999999843], [139.89500000002297, -1.3549999999998432], [139.91500000002299, -1.3549999999998432], [139.91500000002299, -1.3449999999998434], [139.92500000002298, -1.3449999999998434], [139.92500000002298, -1.3349999999998436], [139.94500000002301, -1.3349999999998436], [139.94500000002301, -1.3249999999998439], [139.965000000023, -1.3249999999998439], [139.965000000023, -1.314999999999844], [140.02500000002306, -1.314999999999844], [140.02500000002306, -1.3249999999998439], [140.04500000002304, -1.3249999999998439], [140.04500000002304, -1.3349999999998436], [140.06500000002308, -1.3349999999998436], [140.06500000002308, -1.3449999999998434], [140.08500000002306, -1.3449999999998434], [140.08500000002306, -1.3549999999998432]]], [[[131.7150000000188, -0.8049999999998549], [131.72500000001878, -0.8049999999998549], [131.72500000001878, -0.8149999999998547], [131.7150000000188, -0.8149999999998547], [131.7150000000188, -0.8049999999998549]]], [[[134.71500000002032, -0.754999999999856], [134.6850000000203, -0.754999999999856], [134.6850000000203, -0.7449999999998562], [134.72500000002032, -0.7449999999998562], [134.72500000002032, -0.7349999999998564], [134.8350000000204, -0.7349999999998564], [134.8350000000204, -0.7449999999998562], [134.95500000002045, -0.7449999999998562], [134.95500000002045, -0.754999999999856], [134.8750000000204, -0.754999999999856], [134.8750000000204, -0.7649999999998558], [134.71500000002032, -0.7649999999998558], [134.71500000002032, -0.754999999999856]]], [[[131.77500000001882, -0.5949999999998594], [131.77500000001882, -0.6049999999998592], [131.78500000001884, -0.6049999999998592], [131.78500000001884, -0.6249999999998588], [131.79500000001883, -0.6249999999998588], [131.79500000001883, -0.6349999999998586], [131.80500000001882, -0.6349999999998586], [131.80500000001882, -0.6549999999998581], [131.81500000001884, -0.6549999999998581], [131.81500000001884, -0.6749999999998577], [131.82500000001886, -0.6749999999998577], [131.82500000001886, -0.6949999999998573], [131.83500000001885, -0.6949999999998573], [131.83500000001885, -0.7149999999998569], [131.84500000001884, -0.7149999999998569], [131.84500000001884, -0.7349999999998564], [131.82500000001886, -0.7349999999998564], [131.82500000001886, -0.7249999999998566], [131.7650000000188, -0.7249999999998566], [131.7650000000188, -0.7149999999998569], [131.74500000001882, -0.7149999999998569], [131.74500000001882, -0.7249999999998566], [131.72500000001878, -0.7249999999998566], [131.72500000001878, -0.7349999999998564], [131.7150000000188, -0.7349999999998564], [131.7150000000188, -0.7449999999998562], [131.7050000000188, -0.7449999999998562], [131.7050000000188, -0.7849999999998554], [131.7150000000188, -0.7849999999998554], [131.7150000000188, -0.8049999999998549], [131.69500000001878, -0.8049999999998549], [131.69500000001878, -0.7949999999998552], [131.68500000001876, -0.7949999999998552], [131.68500000001876, -0.7849999999998554], [131.67500000001877, -0.7849999999998554], [131.67500000001877, -0.7749999999998556], [131.66500000001878, -0.7749999999998556], [131.66500000001878, -0.754999999999856], [131.65500000001876, -0.754999999999856], [131.65500000001876, -0.6649999999998579], [131.66500000001878, -0.6649999999998579], [131.66500000001878, -0.6049999999998592], [131.67500000001877, -0.6049999999998592], [131.67500000001877, -0.5849999999998596], [131.68500000001876, -0.5849999999998596], [131.68500000001876, -0.5649999999998601], [131.69500000001878, -0.5649999999998601], [131.69500000001878, -0.5549999999998603], [131.7150000000188, -0.5549999999998603], [131.7150000000188, -0.5449999999998605], [131.7350000000188, -0.5449999999998605], [131.7350000000188, -0.5549999999998603], [131.74500000001882, -0.5549999999998603], [131.74500000001882, -0.5649999999998601], [131.7550000000188, -0.5649999999998601], [131.7550000000188, -0.5749999999998598], [131.7650000000188, -0.5749999999998598], [131.7650000000188, -0.5949999999998594], [131.77500000001882, -0.5949999999998594]]], [[[131.40500000001862, -0.6249999999998588], [131.40500000001862, -0.6349999999998586], [131.39500000001863, -0.6349999999998586], [131.39500000001863, -0.6249999999998588], [131.40500000001862, -0.6249999999998588]]], [[[131.42500000001866, -0.614999999999859], [131.42500000001866, -0.6249999999998588], [131.40500000001862, -0.6249999999998588], [131.40500000001862, -0.614999999999859], [131.42500000001866, -0.614999999999859]]], [[[131.42500000001866, -0.614999999999859], [131.42500000001866, -0.6049999999998592], [131.44500000001864, -0.6049999999998592], [131.44500000001864, -0.614999999999859], [131.42500000001866, -0.614999999999859]]], [[[131.60500000001872, -0.5449999999998605], [131.57500000001872, -0.5449999999998605], [131.57500000001872, -0.5549999999998603], [131.5550000000187, -0.5549999999998603], [131.5550000000187, -0.5649999999998601], [131.5350000000187, -0.5649999999998601], [131.5350000000187, -0.5749999999998598], [131.5150000000187, -0.5749999999998598], [131.5150000000187, -0.5849999999998596], [131.49500000001868, -0.5849999999998596], [131.49500000001868, -0.5949999999998594], [131.47500000001867, -0.5949999999998594], [131.47500000001867, -0.6049999999998592], [131.44500000001864, -0.6049999999998592], [131.44500000001864, -0.5949999999998594], [131.45500000001866, -0.5949999999998594], [131.45500000001866, -0.5849999999998596], [131.47500000001867, -0.5849999999998596], [131.47500000001867, -0.5749999999998598], [131.49500000001868, -0.5749999999998598], [131.49500000001868, -0.5649999999998601], [131.5050000000187, -0.5649999999998601], [131.5050000000187, -0.5549999999998603], [131.5150000000187, -0.5549999999998603], [131.5150000000187, -0.5449999999998605], [131.5350000000187, -0.5449999999998605], [131.5350000000187, -0.5349999999998607], [131.54500000001872, -0.5349999999998607], [131.54500000001872, -0.5249999999998609], [131.5650000000187, -0.5249999999998609], [131.5650000000187, -0.5149999999998611], [131.58500000001874, -0.5149999999998611], [131.58500000001874, -0.5049999999998613], [131.61500000001874, -0.5049999999998613], [131.61500000001874, -0.49499999999986155], [131.62500000001876, -0.49499999999986155], [131.62500000001876, -0.48499999999986176], [131.64500000001874, -0.48499999999986176], [131.64500000001874, -0.474999999999862], [131.65500000001876, -0.474999999999862], [131.65500000001876, -0.4649999999998622], [131.66500000001878, -0.4649999999998622], [131.66500000001878, -0.4549999999998624], [131.67500000001877, -0.4549999999998624], [131.67500000001877, -0.4449999999998626], [131.69500000001878, -0.4449999999998626], [131.69500000001878, -0.43499999999986283], [131.7150000000188, -0.43499999999986283], [131.7150000000188, -0.5149999999998611], [131.67500000001877, -0.5149999999998611], [131.67500000001877, -0.5249999999998609], [131.63500000001875, -0.5249999999998609], [131.63500000001875, -0.5349999999998607], [131.60500000001872, -0.5349999999998607], [131.60500000001872, -0.5449999999998605]]], [[[131.39500000001863, -0.34499999999986475], [131.38500000001864, -0.34499999999986475], [131.38500000001864, -0.33499999999986496], [131.39500000001863, -0.33499999999986496], [131.39500000001863, -0.34499999999986475]]], [[[131.39500000001863, -0.3149999999998654], [131.40500000001862, -0.3149999999998654], [131.40500000001862, -0.33499999999986496], [131.39500000001863, -0.33499999999986496], [131.39500000001863, -0.3149999999998654]]], [[[131.41500000001864, -0.284999999999866], [131.41500000001864, -0.3049999999998656], [131.40500000001862, -0.3049999999998656], [131.40500000001862, -0.284999999999866], [131.41500000001864, -0.284999999999866]]], [[[131.41500000001864, -0.284999999999866], [131.41500000001864, -0.2349999999998671], [131.42500000001866, -0.2349999999998671], [131.42500000001866, -0.284999999999866], [131.41500000001864, -0.284999999999866]]], [[[131.40500000001862, -0.21499999999986752], [131.41500000001864, -0.21499999999986752], [131.41500000001864, -0.2249999999998673], [131.40500000001862, -0.2249999999998673], [131.40500000001862, -0.21499999999986752]]], [[[139.71500000002288, 5.745000000000005], [139.71500000002288, 5.715000000000006], [139.7050000000229, 5.715000000000006], [139.7050000000229, 5.685000000000007], [139.68500000002285, 5.685000000000007], [139.68500000002285, 5.675000000000007], [139.64500000002283, 5.675000000000007], [139.64500000002283, 5.665000000000007], [139.6050000000228, 5.665000000000007], [139.6050000000228, 5.655000000000007], [139.5750000000228, 5.655000000000007], [139.5750000000228, 5.645000000000008], [139.5450000000228, 5.645000000000008], [139.5450000000228, 5.635000000000008], [139.51500000002278, 5.635000000000008], [139.51500000002278, 5.625000000000008], [139.49500000002277, 5.625000000000008], [139.49500000002277, 5.635000000000008], [139.48500000002275, 5.635000000000008], [139.48500000002275, 5.645000000000008], [139.47500000002276, 5.645000000000008], [139.47500000002276, 5.655000000000007], [139.45500000002275, 5.655000000000007], [139.45500000002275, 5.665000000000007], [139.44500000002273, 5.665000000000007], [139.44500000002273, 5.675000000000007], [139.43500000002274, 5.675000000000007], [139.43500000002274, 5.6950000000000065], [139.42500000002275, 5.6950000000000065], [139.42500000002275, 5.705000000000006], [139.41500000002273, 5.705000000000006], [139.41500000002273, 5.715000000000006], [139.4050000000227, 5.715000000000006], [139.4050000000227, 5.725000000000006], [139.39500000002272, 5.725000000000006], [139.39500000002272, 5.745000000000005], [139.38500000002273, 5.745000000000005], [139.38500000002273, 5.755000000000005], [139.39500000002272, 5.755000000000005], [139.39500000002272, 5.765000000000005], [139.41500000002273, 5.765000000000005], [139.41500000002273, 5.775000000000005], [139.42500000002275, 5.775000000000005], [139.42500000002275, 5.785000000000005], [139.44500000002273, 5.785000000000005], [139.44500000002273, 5.795000000000004], [139.46500000002277, 5.795000000000004], [139.46500000002277, 5.805000000000004], [139.48500000002275, 5.805000000000004], [139.48500000002275, 5.815000000000004], [139.62500000002285, 5.815000000000004], [139.62500000002285, 5.805000000000004], [139.7450000000229, 5.805000000000004], [139.7450000000229, 5.785000000000005], [139.7350000000229, 5.785000000000005], [139.7350000000229, 5.765000000000005], [139.72500000002287, 5.765000000000005], [139.72500000002287, 5.745000000000005], [139.71500000002288, 5.745000000000005]]], [[[141.42500000002377, 5.8350000000000035], [141.42500000002377, 5.845000000000003], [141.40500000002373, 5.845000000000003], [141.40500000002373, 5.855000000000003], [141.38500000002375, 5.855000000000003], [141.38500000002375, 5.865000000000003], [141.3650000000237, 5.865000000000003], [141.3650000000237, 5.875000000000003], [141.34500000002373, 5.875000000000003], [141.34500000002373, 5.8850000000000025], [141.3250000000237, 5.8850000000000025], [141.3250000000237, 5.895000000000002], [141.3150000000237, 5.895000000000002], [141.3150000000237, 5.905000000000002], [141.2950000000237, 5.905000000000002], [141.2950000000237, 5.915000000000002], [141.27500000002368, 5.915000000000002], [141.27500000002368, 5.925000000000002], [141.25500000002367, 5.925000000000002], [141.25500000002367, 5.935000000000001], [141.07500000002358, 5.935000000000001], [141.07500000002358, 5.945000000000001], [140.98500000002355, 5.945000000000001], [140.98500000002355, 5.955000000000001], [140.9650000000235, 5.955000000000001], [140.9650000000235, 5.965000000000001], [140.94500000002353, 5.965000000000001], [140.94500000002353, 5.9750000000000005], [140.9350000000235, 5.9750000000000005], [140.9350000000235, 5.985], [140.9150000000235, 5.985], [140.9150000000235, 5.995], [140.9050000000235, 5.995], [140.9050000000235, 6.005], [141.4650000000238, 6.005], [141.4650000000238, 5.965000000000001], [141.45500000002377, 5.965000000000001], [141.45500000002377, 5.925000000000002], [141.44500000002375, 5.925000000000002], [141.44500000002375, 5.875000000000003], [141.43500000002376, 5.875000000000003], [141.43500000002376, 5.8350000000000035], [141.42500000002377, 5.8350000000000035]]]]}}, {"type": "Feature", "properties": {"date": "2026-10-02", "code": 4, "level": "waspada_cerah", "kategori": "Waspada Dampak Angin Cuaca Cerah", "color": "#87CEFA"}, "geometry": {"type": "MultiPolygon", "coordinates": [[[[120.26500000001293, -10.214999999999655], [120.27500000001294, -10.214999999999655], [120.27500000001294, -10.234999999999655], [120.28500000001294, -10.234999999999655], [120.28500000001294, -10.244999999999653], [120.27500000001294, -10.244999999999653], [120.27500000001294, -10.264999999999656], [120.25500000001293, -10.264999999999656], [120.25500000001293, -10.274999999999654], [120.23500000001292, -10.274999999999654], [120.23500000001292, -10.284999999999652], [120.2050000000129, -10.284999999999652], [120.2050000000129, -10.294999999999654], [120.18500000001289, -10.294999999999654], [120.18500000001289, -10.304999999999655], [120.15500000001288, -10.304999999999655], [120.15500000001288, -10.314999999999653], [120.13500000001287, -10.314999999999653], [120.13500000001287, -10.324999999999651], [120.10500000001285, -10.324999999999651], [120.10500000001285, -10.334999999999653], [120.07500000001284, -10.334999999999653], [120.07500000001284, -10.344999999999654], [120.05500000001283, -10.344999999999654], [120.05500000001283, -10.354999999999652], [120.02500000001281, -10.354999999999652], [120.02500000001281, -10.36499999999965], [119.89500000001274, -10.36499999999965], [119.89500000001274, -10.354999999999652], [119.84500000001272, -10.354999999999652], [119.84500000001272, -10.344999999999654], [119.8150000000127, -10.344999999999654], [119.8150000000127, -10.334999999999653], [119.79500000001269, -10.334999999999653], [119.79500000001269, -10.324999999999651], [119.77500000001268, -10.324999999999651], [119.77500000001268, -10.314999999999653], [119.76500000001268, -10.314999999999653], [119.76500000001268, -10.294999999999654], [119.75500000001267, -10.294999999999654], [119.75500000001267, -10.284999999999652], [119.74500000001267, -10.284999999999652], [119.74500000001267, -10.274999999999654], [119.71500000001265, -10.274999999999654], [119.71500000001265, -10.264999999999656], [119.68500000001264, -10.264999999999656], [119.68500000001264, -10.254999999999654], [119.69500000001264, -10.254999999999654], [119.69500000001264, -10.244999999999653], [119.74500000001267, -10.244999999999653], [119.74500000001267, -10.234999999999655], [119.76500000001268, -10.234999999999655], [119.76500000001268, -10.224999999999657], [119.78500000001269, -10.224999999999657], [119.78500000001269, -10.214999999999655], [119.82500000001271, -10.214999999999655], [119.82500000001271, -10.204999999999654], [119.88500000001274, -10.204999999999654], [119.88500000001274, -10.194999999999656], [120.07500000001284, -10.194999999999656], [120.07500000001284, -10.184999999999658], [120.25500000001293, -10.184999999999658], [120.25500000001293, -10.194999999999656], [120.26500000001293, -10.194999999999656], [120.26500000001293, -10.214999999999655]]], [[[124.14500000001492, -9.894999999999662], [124.14500000001492, -9.90499999999966], [124.15500000001492, -9.90499999999966], [124.15500000001492, -9.914999999999662], [124.16500000001493, -9.914999999999662], [124.16500000001493, -9.94499999999966], [124.17500000001493, -9.94499999999966], [124.17500000001493, -10.01499999999966], [124.16500000001493, -10.01499999999966], [124.16500000001493, -10.024999999999661], [124.14500000001492, -10.024999999999661], [124.14500000001492, -10.034999999999659], [124.13500000001491, -10.034999999999659], [124.13500000001491, -10.044999999999657], [124.12500000001491, -10.044999999999657], [124.12500000001491, -10.054999999999659], [124.1050000000149, -10.054999999999659], [124.1050000000149, -10.06499999999966], [124.08500000001489, -10.06499999999966], [124.08500000001489, -10.074999999999658], [124.06500000001488, -10.074999999999658], [124.06500000001488, -10.084999999999656], [124.04500000001487, -10.084999999999656], [124.04500000001487, -10.094999999999658], [124.01500000001485, -10.094999999999658], [124.01500000001485, -10.10499999999966], [123.99500000001484, -10.10499999999966], [123.99500000001484, -10.094999999999658], [123.98500000001484, -10.094999999999658], [123.98500000001484, -10.084999999999656], [123.97500000001483, -10.084999999999656], [123.97500000001483, -10.074999999999658], [123.96500000001483, -10.074999999999658], [123.96500000001483, -10.054999999999659], [123.95500000001482, -10.054999999999659], [123.95500000001482, -10.044999999999657], [123.94500000001482, -10.044999999999657], [123.94500000001482, -10.024999999999661], [123.93500000001481, -10.024999999999661], [123.93500000001481, -9.97499999999966], [123.94500000001482, -9.97499999999966], [123.94500000001482, -9.95499999999966], [123.95500000001482, -9.95499999999966], [123.95500000001482, -9.934999999999661], [123.96500000001483, -9.934999999999661], [123.96500000001483, -9.914999999999662], [123.97500000001483, -9.914999999999662], [123.97500000001483, -9.90499999999966], [123.98500000001484, -9.90499999999966], [123.98500000001484, -9.88499999999966], [123.99500000001484, -9.88499999999966], [123.99500000001484, -9.874999999999662], [124.09500000001489, -9.874999999999662], [124.09500000001489, -9.88499999999966], [124.12500000001491, -9.88499999999966], [124.12500000001491, -9.894999999999662], [124.14500000001492, -9.894999999999662]]], [[[124.25500000001497, -9.764999999999663], [124.25500000001497, -9.794999999999664], [124.23500000001496, -9.794999999999664], [124.23500000001496, -9.784999999999663], [124.22500000001496, -9.784999999999663], [124.22500000001496, -9.734999999999665], [124.23500000001496, -9.734999999999665], [124.23500000001496, -9.724999999999664], [124.25500000001497, -9.724999999999664], [124.25500000001497, -9.744999999999663], [124.26500000001498, -9.744999999999663], [124.26500000001498, -9.764999999999663], [124.25500000001497, -9.764999999999663]]], [[[125.53500000001563, -7.994999999999702], [125.53500000001563, -8.014999999999702], [125.52500000001562, -8.014999999999702], [125.52500000001562, -8.0249999999997], [125.51500000001562, -8.0249999999997], [125.51500000001562, -8.034999999999702], [125.50500000001561, -8.034999999999702], [125.50500000001561, -8.0449999999997], [125.4850000000156, -8.0449999999997], [125.4850000000156, -8.034999999999702], [125.46500000001559, -8.034999999999702], [125.46500000001559, -8.0249999999997], [125.44500000001558, -8.0249999999997], [125.44500000001558, -8.014999999999702], [125.42500000001557, -8.014999999999702], [125.42500000001557, -8.0049999999997], [125.41500000001557, -8.0049999999997], [125.41500000001557, -7.994999999999702], [125.42500000001557, -7.994999999999702], [125.42500000001557, -7.984999999999702], [125.45500000001559, -7.984999999999702], [125.45500000001559, -7.974999999999702], [125.51500000001562, -7.974999999999702], [125.51500000001562, -7.984999999999702], [125.52500000001562, -7.984999999999702], [125.52500000001562, -7.994999999999702], [125.53500000001563, -7.994999999999702]]], [[[122.26500000001396, -5.524999999999754], [122.26500000001396, -5.5649999999997535], [122.25500000001395, -5.5649999999997535], [122.25500000001395, -5.574999999999753], [122.23500000001394, -5.574999999999753], [122.23500000001394, -5.554999999999754], [122.22500000001394, -5.554999999999754], [122.22500000001394, -5.534999999999754], [122.21500000001393, -5.534999999999754], [122.21500000001393, -5.494999999999755], [122.22500000001394, -5.494999999999755], [122.22500000001394, -5.484999999999755], [122.26500000001396, -5.484999999999755], [122.26500000001396, -5.494999999999755], [122.27500000001396, -5.494999999999755], [122.27500000001396, -5.524999999999754], [122.26500000001396, -5.524999999999754]]], [[[118.76500000001217, -4.924999999999767], [118.76500000001217, -5.014999999999765], [118.77500000001217, -5.014999999999765], [118.77500000001217, -5.034999999999765], [118.78500000001218, -5.034999999999765], [118.78500000001218, -5.044999999999765], [118.79500000001218, -5.044999999999765], [118.79500000001218, -5.054999999999764], [118.80500000001219, -5.054999999999764], [118.80500000001219, -5.064999999999764], [118.81500000001219, -5.064999999999764], [118.81500000001219, -5.074999999999764], [118.8350000000122, -5.074999999999764], [118.8350000000122, -5.084999999999764], [118.86500000001222, -5.084999999999764], [118.86500000001222, -5.0949999999997635], [118.93500000001225, -5.0949999999997635], [118.93500000001225, -5.104999999999763], [119.0150000000123, -5.104999999999763], [119.0150000000123, -5.114999999999763], [119.0350000000123, -5.114999999999763], [119.0350000000123, -5.124999999999763], [119.05500000001231, -5.124999999999763], [119.05500000001231, -5.134999999999763], [119.06500000001232, -5.134999999999763], [119.06500000001232, -5.144999999999762], [119.08500000001233, -5.144999999999762], [119.08500000001233, -5.154999999999762], [119.10500000001234, -5.154999999999762], [119.10500000001234, -5.164999999999762], [119.11500000001234, -5.164999999999762], [119.11500000001234, -5.174999999999762], [119.13500000001235, -5.174999999999762], [119.13500000001235, -5.184999999999762], [119.14500000001236, -5.184999999999762], [119.14500000001236, -5.194999999999761], [119.16500000001237, -5.194999999999761], [119.16500000001237, -5.204999999999761], [119.17500000001237, -5.204999999999761], [119.17500000001237, -5.214999999999761], [119.18500000001238, -5.214999999999761], [119.18500000001238, -5.224999999999761], [119.19500000001239, -5.224999999999761], [119.19500000001239, -5.2349999999997605], [119.2150000000124, -5.2349999999997605], [119.2150000000124, -5.24499999999976], [119.2250000000124, -5.24499999999976], [119.2250000000124, -5.25499999999976], [119.2350000000124, -5.25499999999976], [119.2350000000124, -5.26499999999976], [119.24500000001241, -5.26499999999976], [119.24500000001241, -5.27499999999976], [119.25500000001242, -5.27499999999976], [119.25500000001242, -5.2849999999997594], [119.28500000001243, -5.2849999999997594], [119.28500000001243, -5.294999999999759], [119.30500000001244, -5.294999999999759], [119.30500000001244, -5.304999999999759], [119.33500000001246, -5.304999999999759], [119.33500000001246, -5.314999999999759], [119.38500000001248, -5.314999999999759], [119.38500000001248, -5.324999999999759], [119.44500000001251, -5.324999999999759], [119.44500000001251, -5.334999999999758], [119.63500000001261, -5.334999999999758], [119.63500000001261, -5.324999999999759], [119.77500000001268, -5.324999999999759], [119.77500000001268, -5.334999999999758], [119.8150000000127, -5.334999999999758], [119.8150000000127, -5.344999999999758], [119.86500000001273, -5.344999999999758], [119.86500000001273, -5.354999999999758], [119.93500000001276, -5.354999999999758], [119.93500000001276, -5.364999999999758], [120.0050000000128, -5.364999999999758], [120.0050000000128, -5.3749999999997575], [120.02500000001281, -5.3749999999997575], [120.02500000001281, -5.384999999999757], [120.04500000001282, -5.384999999999757], [120.04500000001282, -5.394999999999757], [120.05500000001283, -5.394999999999757], [120.05500000001283, -5.404999999999757], [120.07500000001284, -5.404999999999757], [120.07500000001284, -5.414999999999757], [120.08500000001284, -5.414999999999757], [120.08500000001284, -5.4249999999997565], [120.09500000001285, -5.4249999999997565], [120.09500000001285, -5.434999999999756], [120.10500000001285, -5.434999999999756], [120.10500000001285, -5.444999999999756], [120.11500000001286, -5.444999999999756], [120.11500000001286, -5.454999999999756], [120.12500000001286, -5.454999999999756], [120.12500000001286, -5.464999999999756], [120.13500000001287, -5.464999999999756], [120.13500000001287, -5.474999999999755], [120.14500000001287, -5.474999999999755], [120.14500000001287, -5.484999999999755], [120.15500000001288, -5.484999999999755], [120.15500000001288, -5.544999999999754], [120.14500000001287, -5.544999999999754], [120.14500000001287, -5.574999999999753], [120.13500000001287, -5.574999999999753], [120.13500000001287, -5.594999999999753], [120.12500000001286, -5.594999999999753], [120.12500000001286, -5.614999999999752], [120.11500000001286, -5.614999999999752], [120.11500000001286, -5.634999999999752], [120.10500000001285, -5.634999999999752], [120.10500000001285, -5.654999999999752], [120.09500000001285, -5.654999999999752], [120.09500000001285, -5.664999999999751], [120.08500000001284, -5.664999999999751], [120.08500000001284, -5.674999999999751], [120.07500000001284, -5.674999999999751], [120.07500000001284, -5.684999999999751], [120.06500000001283, -5.684999999999751], [120.06500000001283, -5.694999999999751], [120.05500000001283, -5.694999999999751], [120.05500000001283, -5.7049999999997505], [120.04500000001282, -5.7049999999997505], [120.04500000001282, -5.71499999999975], [120.03500000001281, -5.71499999999975], [120.03500000001281, -5.72499999999975], [120.02500000001281, -5.72499999999975], [120.02500000001281, -5.73499999999975], [120.0050000000128, -5.73499999999975], [120.0050000000128, -5.74499999999975], [119.94500000001277, -5.74499999999975], [119.94500000001277, -5.754999999999749], [119.86500000001273, -5.754999999999749], [119.86500000001273, -5.764999999999749], [119.8050000000127, -5.764999999999749], [119.8050000000127, -5.774999999999749], [119.76500000001268, -5.774999999999749], [119.76500000001268, -5.784999999999749], [119.73500000001266, -5.784999999999749], [119.73500000001266, -5.794999999999749], [119.71500000001265, -5.794999999999749], [119.71500000001265, -5.804999999999748], [119.69500000001264, -5.804999999999748], [119.69500000001264, -5.814999999999748], [119.66500000001263, -5.814999999999748], [119.66500000001263, -5.824999999999748], [119.63500000001261, -5.824999999999748], [119.63500000001261, -5.834999999999748], [119.6050000000126, -5.834999999999748], [119.6050000000126, -5.8449999999997475], [119.57500000001258, -5.8449999999997475], [119.57500000001258, -5.854999999999747], [119.53500000001256, -5.854999999999747], [119.53500000001256, -5.864999999999747], [119.48500000001253, -5.864999999999747], [119.48500000001253, -5.874999999999747], [119.38500000001248, -5.874999999999747], [119.38500000001248, -5.884999999999747], [119.28500000001243, -5.884999999999747], [119.28500000001243, -5.894999999999746], [119.14500000001236, -5.894999999999746], [119.14500000001236, -5.904999999999746], [119.04500000001231, -5.904999999999746], [119.04500000001231, -5.914999999999746], [118.91500000001224, -5.914999999999746], [118.91500000001224, -5.924999999999746], [118.73500000001215, -5.924999999999746], [118.73500000001215, -5.914999999999746], [118.71500000001214, -5.914999999999746], [118.71500000001214, -5.904999999999746], [118.69500000001213, -5.904999999999746], [118.69500000001213, -5.894999999999746], [118.68500000001212, -5.894999999999746], [118.68500000001212, -5.884999999999747], [118.66500000001211, -5.884999999999747], [118.66500000001211, -5.874999999999747], [118.65500000001211, -5.874999999999747], [118.65500000001211, -5.864999999999747], [118.6450000000121, -5.864999999999747], [118.6450000000121, -5.854999999999747], [118.6350000000121, -5.854999999999747], [118.6350000000121, -5.8449999999997475], [118.6250000000121, -5.8449999999997475], [118.6250000000121, -5.834999999999748], [118.61500000001209, -5.834999999999748], [118.61500000001209, -5.824999999999748], [118.60500000001208, -5.824999999999748], [118.60500000001208, -5.814999999999748], [118.59500000001208, -5.814999999999748], [118.59500000001208, -5.794999999999749], [118.58500000001207, -5.794999999999749], [118.58500000001207, -5.784999999999749], [118.57500000001207, -5.784999999999749], [118.57500000001207, -5.764999999999749], [118.56500000001206, -5.764999999999749], [118.56500000001206, -5.73499999999975], [118.55500000001206, -5.73499999999975], [118.55500000001206, -5.524999999999754], [118.54500000001205, -5.524999999999754], [118.54500000001205, -5.454999999999756], [118.53500000001205, -5.454999999999756], [118.53500000001205, -5.414999999999757], [118.52500000001204, -5.414999999999757], [118.52500000001204, -5.384999999999757], [118.51500000001204, -5.384999999999757], [118.51500000001204, -5.354999999999758], [118.50500000001203, -5.354999999999758], [118.50500000001203, -5.334999999999758], [118.49500000001203, -5.334999999999758], [118.49500000001203, -5.304999999999759], [118.48500000001202, -5.304999999999759], [118.48500000001202, -5.27499999999976], [118.47500000001202, -5.27499999999976], [118.47500000001202, -5.2349999999997605], [118.48500000001202, -5.2349999999997605], [118.48500000001202, -5.224999999999761], [118.49500000001203, -5.224999999999761], [118.49500000001203, -5.214999999999761], [118.50500000001203, -5.214999999999761], [118.50500000001203, -5.204999999999761], [118.51500000001204, -5.204999999999761], [118.51500000001204, -5.194999999999761], [118.53500000001205, -5.194999999999761], [118.53500000001205, -5.184999999999762], [118.54500000001205, -5.184999999999762], [118.54500000001205, -5.174999999999762], [118.56500000001206, -5.174999999999762], [118.56500000001206, -5.164999999999762], [118.57500000001207, -5.164999999999762], [118.57500000001207, -5.154999999999762], [118.58500000001207, -5.154999999999762], [118.58500000001207, -5.144999999999762], [118.59500000001208, -5.144999999999762], [118.59500000001208, -5.134999999999763], [118.60500000001208, -5.134999999999763], [118.60500000001208, -5.124999999999763], [118.61500000001209, -5.124999999999763], [118.61500000001209, -5.114999999999763], [118.6250000000121, -5.114999999999763], [118.6250000000121, -5.104999999999763], [118.6350000000121, -5.104999999999763], [118.6350000000121, -5.0949999999997635], [118.6450000000121, -5.0949999999997635], [118.6450000000121, -5.084999999999764], [118.65500000001211, -5.084999999999764], [118.65500000001211, -5.064999999999764], [118.66500000001211, -5.064999999999764], [118.66500000001211, -5.054999999999764], [118.67500000001212, -5.054999999999764], [118.67500000001212, -5.044999999999765], [118.68500000001212, -5.044999999999765], [118.68500000001212, -5.024999999999765], [118.69500000001213, -5.024999999999765], [118.69500000001213, -5.004999999999765], [118.70500000001213, -5.004999999999765], [118.70500000001213, -4.924999999999767], [118.71500000001214, -4.924999999999767], [118.71500000001214, -4.834999999999769], [118.72500000001214, -4.834999999999769], [118.72500000001214, -4.77499999999977], [118.73500000001215, -4.77499999999977], [118.73500000001215, -4.7649999999997705], [118.74500000001215, -4.7649999999997705], [118.74500000001215, -4.80499999999977], [118.75500000001216, -4.80499999999977], [118.75500000001216, -4.924999999999767], [118.76500000001217, -4.924999999999767]]], [[[121.52500000001358, -5.084999999999764], [121.52500000001358, -5.304999999999759], [121.51500000001357, -5.304999999999759], [121.51500000001357, -5.354999999999758], [121.50500000001357, -5.354999999999758], [121.50500000001357, -5.3749999999997575], [121.47500000001355, -5.3749999999997575], [121.47500000001355, -5.364999999999758], [121.46500000001355, -5.364999999999758], [121.46500000001355, -5.354999999999758], [121.45500000001354, -5.354999999999758], [121.45500000001354, -5.344999999999758], [121.44500000001354, -5.344999999999758], [121.44500000001354, -5.334999999999758], [121.42500000001353, -5.334999999999758], [121.42500000001353, -5.324999999999759], [121.41500000001352, -5.324999999999759], [121.41500000001352, -5.314999999999759], [121.39500000001351, -5.314999999999759], [121.39500000001351, -5.304999999999759], [121.3850000000135, -5.304999999999759], [121.3850000000135, -5.294999999999759], [121.3650000000135, -5.294999999999759], [121.3650000000135, -5.2849999999997594], [121.34500000001348, -5.2849999999997594], [121.34500000001348, -5.27499999999976], [121.32500000001347, -5.27499999999976], [121.32500000001347, -5.26499999999976], [121.30500000001346, -5.26499999999976], [121.30500000001346, -5.25499999999976], [121.28500000001345, -5.25499999999976], [121.28500000001345, -5.214999999999761], [121.29500000001346, -5.214999999999761], [121.29500000001346, -5.184999999999762], [121.30500000001346, -5.184999999999762], [121.30500000001346, -5.164999999999762], [121.31500000001347, -5.164999999999762], [121.31500000001347, -5.154999999999762], [121.32500000001347, -5.154999999999762], [121.32500000001347, -5.134999999999763], [121.33500000001348, -5.134999999999763], [121.33500000001348, -5.124999999999763], [121.34500000001348, -5.124999999999763], [121.34500000001348, -5.104999999999763], [121.35500000001349, -5.104999999999763], [121.35500000001349, -5.0949999999997635], [121.3650000000135, -5.0949999999997635], [121.3650000000135, -5.084999999999764], [121.3750000000135, -5.084999999999764], [121.3750000000135, -5.074999999999764], [121.3850000000135, -5.074999999999764], [121.3850000000135, -5.064999999999764], [121.40500000001352, -5.064999999999764], [121.40500000001352, -5.054999999999764], [121.41500000001352, -5.054999999999764], [121.41500000001352, -5.044999999999765], [121.43500000001353, -5.044999999999765], [121.43500000001353, -5.034999999999765], [121.44500000001354, -5.034999999999765], [121.44500000001354, -5.024999999999765], [121.46500000001355, -5.024999999999765], [121.46500000001355, -5.014999999999765], [121.50500000001357, -5.014999999999765], [121.50500000001357, -5.034999999999765], [121.51500000001357, -5.034999999999765], [121.51500000001357, -5.084999999999764], [121.52500000001358, -5.084999999999764]]], [[[119.79500000001269, -3.794999999999791], [119.8150000000127, -3.794999999999791], [119.8150000000127, -3.804999999999791], [119.84500000001272, -3.804999999999791], [119.84500000001272, -3.814999999999791], [119.86500000001273, -3.814999999999791], [119.86500000001273, -3.8249999999997906], [119.87500000001273, -3.8249999999997906], [119.87500000001273, -3.8349999999997904], [119.89500000001274, -3.8349999999997904], [119.89500000001274, -3.84499999999979], [119.90500000001275, -3.84499999999979], [119.90500000001275, -3.85499999999979], [119.92500000001276, -3.85499999999979], [119.92500000001276, -3.8649999999997897], [119.93500000001276, -3.8649999999997897], [119.93500000001276, -3.8749999999997895], [119.94500000001277, -3.8749999999997895], [119.94500000001277, -3.8849999999997893], [119.95500000001277, -3.8849999999997893], [119.95500000001277, -3.894999999999789], [119.96500000001278, -3.894999999999789], [119.96500000001278, -3.904999999999789], [119.97500000001278, -3.904999999999789], [119.97500000001278, -3.9149999999997886], [119.98500000001279, -3.9149999999997886], [119.98500000001279, -3.9249999999997884], [119.9950000000128, -3.9249999999997884], [119.9950000000128, -3.944999999999788], [120.0050000000128, -3.944999999999788], [120.0050000000128, -3.9649999999997876], [120.0150000000128, -3.9649999999997876], [120.0150000000128, -3.984999999999787], [120.02500000001281, -3.984999999999787], [120.02500000001281, -4.0149999999997865], [120.0150000000128, -4.0149999999997865], [120.0150000000128, -4.034999999999786], [120.0050000000128, -4.034999999999786], [120.0050000000128, -4.044999999999786], [119.9950000000128, -4.044999999999786], [119.9950000000128, -4.0649999999997855], [119.98500000001279, -4.0649999999997855], [119.98500000001279, -4.094999999999785], [119.97500000001278, -4.094999999999785], [119.97500000001278, -4.124999999999784], [119.96500000001278, -4.124999999999784], [119.96500000001278, -4.164999999999783], [119.95500000001277, -4.164999999999783], [119.95500000001277, -4.234999999999782], [119.94500000001277, -4.234999999999782], [119.94500000001277, -4.274999999999781], [119.93500000001276, -4.274999999999781], [119.93500000001276, -4.31499999999978], [119.92500000001276, -4.31499999999978], [119.92500000001276, -4.3449999999997795], [119.91500000001275, -4.3449999999997795], [119.91500000001275, -4.384999999999779], [119.90500000001275, -4.384999999999779], [119.90500000001275, -4.434999999999778], [119.89500000001274, -4.434999999999778], [119.89500000001274, -4.474999999999777], [119.88500000001274, -4.474999999999777], [119.88500000001274, -4.514999999999776], [119.87500000001273, -4.514999999999776], [119.87500000001273, -4.544999999999775], [119.86500000001273, -4.544999999999775], [119.86500000001273, -4.574999999999775], [119.85500000001272, -4.574999999999775], [119.85500000001272, -4.604999999999774], [119.84500000001272, -4.604999999999774], [119.84500000001272, -4.6249999999997735], [119.83500000001271, -4.6249999999997735], [119.83500000001271, -4.654999999999773], [119.82500000001271, -4.654999999999773], [119.82500000001271, -4.6749999999997724], [119.8150000000127, -4.6749999999997724], [119.8150000000127, -4.694999999999772], [119.8050000000127, -4.694999999999772], [119.8050000000127, -4.714999999999772], [119.79500000001269, -4.714999999999772], [119.79500000001269, -4.734999999999771], [119.78500000001269, -4.734999999999771], [119.78500000001269, -4.754999999999771], [119.77500000001268, -4.754999999999771], [119.77500000001268, -4.77499999999977], [119.76500000001268, -4.77499999999977], [119.76500000001268, -4.79499999999977], [119.75500000001267, -4.79499999999977], [119.75500000001267, -4.80499999999977], [119.74500000001267, -4.80499999999977], [119.74500000001267, -4.79499999999977], [119.73500000001266, -4.79499999999977], [119.73500000001266, -4.77499999999977], [119.72500000001266, -4.77499999999977], [119.72500000001266, -4.754999999999771], [119.71500000001265, -4.754999999999771], [119.71500000001265, -4.734999999999771], [119.70500000001265, -4.734999999999771], [119.70500000001265, -4.714999999999772], [119.69500000001264, -4.714999999999772], [119.69500000001264, -4.694999999999772], [119.68500000001264, -4.694999999999772], [119.68500000001264, -4.6749999999997724], [119.67500000001263, -4.6749999999997724], [119.67500000001263, -4.654999999999773], [119.66500000001263, -4.654999999999773], [119.66500000001263, -4.6249999999997735], [119.65500000001262, -4.6249999999997735], [119.65500000001262, -4.604999999999774], [119.64500000001262, -4.604999999999774], [119.64500000001262, -4.574999999999775], [119.63500000001261, -4.574999999999775], [119.63500000001261, -4.534999999999775], [119.6250000000126, -4.534999999999775], [119.6250000000126, -4.424999999999778], [119.63500000001261, -4.424999999999778], [119.63500000001261, -4.33499999999978], [119.64500000001262, -4.33499999999978], [119.64500000001262, -4.194999999999783], [119.65500000001262, -4.194999999999783], [119.65500000001262, -4.0649999999997855], [119.66500000001263, -4.0649999999997855], [119.66500000001263, -3.984999999999787], [119.67500000001263, -3.984999999999787], [119.67500000001263, -3.9349999999997882], [119.68500000001264, -3.9349999999997882], [119.68500000001264, -3.894999999999789], [119.69500000001264, -3.894999999999789], [119.69500000001264, -3.8649999999997897], [119.70500000001265, -3.8649999999997897], [119.70500000001265, -3.8349999999997904], [119.71500000001265, -3.8349999999997904], [119.71500000001265, -3.814999999999791], [119.72500000001266, -3.814999999999791], [119.72500000001266, -3.804999999999791], [119.73500000001266, -3.804999999999791], [119.73500000001266, -3.7849999999997914], [119.74500000001267, -3.7849999999997914], [119.74500000001267, -3.7749999999997916], [119.76500000001268, -3.7749999999997916], [119.76500000001268, -3.7849999999997914], [119.79500000001269, -3.7849999999997914], [119.79500000001269, -3.794999999999791]]], [[[118.86500000001222, -3.7449999999997923], [118.86500000001222, -3.754999999999792], [118.85500000001221, -3.754999999999792], [118.85500000001221, -3.764999999999792], [118.81500000001219, -3.764999999999792], [118.81500000001219, -3.7749999999997916], [118.77500000001217, -3.7749999999997916], [118.77500000001217, -3.7849999999997914], [118.73500000001215, -3.7849999999997914], [118.73500000001215, -3.7749999999997916], [118.69500000001213, -3.7749999999997916], [118.69500000001213, -3.764999999999792], [118.66500000001211, -3.764999999999792], [118.66500000001211, -3.754999999999792], [118.65500000001211, -3.754999999999792], [118.65500000001211, -3.7449999999997923], [118.66500000001211, -3.7449999999997923], [118.66500000001211, -3.7349999999997925], [118.69500000001213, -3.7349999999997925], [118.69500000001213, -3.7249999999997927], [118.78500000001218, -3.7249999999997927], [118.78500000001218, -3.7349999999997925], [118.8350000000122, -3.7349999999997925], [118.8350000000122, -3.7449999999997923], [118.86500000001222, -3.7449999999997923]]], [[[114.54500000001, -3.484999999999798], [114.54500000001, -3.4949999999997976], [114.55500000001001, -3.4949999999997976], [114.55500000001001, -3.5049999999997974], [114.56500000001002, -3.5049999999997974], [114.56500000001002, -3.6049999999997953], [114.57500000001002, -3.6049999999997953], [114.57500000001002, -3.664999999999794], [114.58500000001003, -3.664999999999794], [114.58500000001003, -3.6849999999997936], [114.59500000001003, -3.6849999999997936], [114.59500000001003, -3.704999999999793], [114.61500000001004, -3.704999999999793], [114.61500000001004, -3.714999999999793], [114.63500000001005, -3.714999999999793], [114.63500000001005, -3.7249999999997927], [114.68500000001008, -3.7249999999997927], [114.68500000001008, -3.7349999999997925], [114.74500000001011, -3.7349999999997925], [114.74500000001011, -3.754999999999792], [114.54500000001, -3.754999999999792], [114.54500000001, -3.764999999999792], [114.50500000000999, -3.764999999999792], [114.50500000000999, -3.754999999999792], [114.46500000000997, -3.754999999999792], [114.46500000000997, -3.7449999999997923], [114.44500000000995, -3.7449999999997923], [114.44500000000995, -3.7349999999997925], [114.43500000000995, -3.7349999999997925], [114.43500000000995, -3.7249999999997927], [114.42500000000994, -3.7249999999997927], [114.42500000000994, -3.704999999999793], [114.41500000000994, -3.704999999999793], [114.41500000000994, -3.6849999999997936], [114.40500000000993, -3.6849999999997936], [114.40500000000993, -3.654999999999794], [114.39500000000993, -3.654999999999794], [114.39500000000993, -3.614999999999795], [114.38500000000992, -3.614999999999795], [114.38500000000992, -3.5449999999997965], [114.37500000000992, -3.5449999999997965], [114.37500000000992, -3.5049999999997974], [114.38500000000992, -3.5049999999997974], [114.38500000000992, -3.4949999999997976], [114.40500000000993, -3.4949999999997976], [114.40500000000993, -3.484999999999798], [114.43500000000995, -3.484999999999798], [114.43500000000995, -3.474999999999798], [114.46500000000997, -3.474999999999798], [114.46500000000997, -3.4649999999997982], [114.51500000000999, -3.4649999999997982], [114.51500000000999, -3.474999999999798], [114.53500000001, -3.474999999999798], [114.53500000001, -3.484999999999798], [114.54500000001, -3.484999999999798]]], [[[118.48500000001202, -3.5449999999997965], [118.48500000001202, -3.5349999999997967], [118.47500000001202, -3.5349999999997967], [118.47500000001202, -3.524999999999797], [118.46500000001201, -3.524999999999797], [118.46500000001201, -3.5049999999997974], [118.47500000001202, -3.5049999999997974], [118.47500000001202, -3.4949999999997976], [118.50500000001203, -3.4949999999997976], [118.50500000001203, -3.5349999999997967], [118.49500000001203, -3.5349999999997967], [118.49500000001203, -3.5449999999997965], [118.48500000001202, -3.5449999999997965]]], [[[124.5050000000151, -1.50499999999984], [124.5050000000151, -1.5149999999998398], [124.48500000001509, -1.5149999999998398], [124.48500000001509, -1.50499999999984], [124.47500000001509, -1.50499999999984], [124.47500000001509, -1.4949999999998402], [124.48500000001509, -1.4949999999998402], [124.48500000001509, -1.4749999999998407], [124.5050000000151, -1.4749999999998407], [124.5050000000151, -1.4949999999998402], [124.5150000000151, -1.4949999999998402], [124.5150000000151, -1.50499999999984], [124.5050000000151, -1.50499999999984]]], [[[123.65500000001467, -0.3849999999998639], [123.65500000001467, -0.3949999999998637], [123.67500000001468, -0.3949999999998637], [123.67500000001468, -0.40499999999986347], [123.69500000001469, -0.40499999999986347], [123.69500000001469, -0.41499999999986326], [123.70500000001469, -0.41499999999986326], [123.70500000001469, -0.42499999999986304], [123.7150000000147, -0.42499999999986304], [123.7150000000147, -0.4449999999998626], [123.7250000000147, -0.4449999999998626], [123.7250000000147, -0.4549999999998624], [123.73500000001471, -0.4549999999998624], [123.73500000001471, -0.48499999999986176], [123.74500000001471, -0.48499999999986176], [123.74500000001471, -0.49499999999986155], [123.73500000001471, -0.49499999999986155], [123.73500000001471, -0.5149999999998611], [123.7250000000147, -0.5149999999998611], [123.7250000000147, -0.5249999999998609], [123.7150000000147, -0.5249999999998609], [123.7150000000147, -0.5349999999998607], [123.69500000001469, -0.5349999999998607], [123.69500000001469, -0.5449999999998605], [123.68500000001468, -0.5449999999998605], [123.68500000001468, -0.5549999999998603], [123.67500000001468, -0.5549999999998603], [123.67500000001468, -0.5649999999998601], [123.65500000001467, -0.5649999999998601], [123.65500000001467, -0.5749999999998598], [123.64500000001466, -0.5749999999998598], [123.64500000001466, -0.5849999999998596], [123.63500000001466, -0.5849999999998596], [123.63500000001466, -0.5949999999998594], [123.61500000001465, -0.5949999999998594], [123.61500000001465, -0.6049999999998592], [123.60500000001464, -0.6049999999998592], [123.60500000001464, -0.614999999999859], [123.58500000001463, -0.614999999999859], [123.58500000001463, -0.6249999999998588], [123.57500000001463, -0.6249999999998588], [123.57500000001463, -0.6349999999998586], [123.55500000001462, -0.6349999999998586], [123.55500000001462, -0.6449999999998584], [123.5350000000146, -0.6449999999998584], [123.5350000000146, -0.6549999999998581], [123.5150000000146, -0.6549999999998581], [123.5150000000146, -0.6649999999998579], [123.49500000001458, -0.6649999999998579], [123.49500000001458, -0.6549999999998581], [123.48500000001458, -0.6549999999998581], [123.48500000001458, -0.6449999999998584], [123.47500000001457, -0.6449999999998584], [123.47500000001457, -0.6249999999998588], [123.46500000001457, -0.6249999999998588], [123.46500000001457, -0.6049999999998592], [123.45500000001456, -0.6049999999998592], [123.45500000001456, -0.5849999999998596], [123.44500000001456, -0.5849999999998596], [123.44500000001456, -0.5649999999998601], [123.43500000001455, -0.5649999999998601], [123.43500000001455, -0.5449999999998605], [123.42500000001455, -0.5449999999998605], [123.42500000001455, -0.5149999999998611], [123.41500000001454, -0.5149999999998611], [123.41500000001454, -0.49499999999986155], [123.42500000001455, -0.49499999999986155], [123.42500000001455, -0.474999999999862], [123.43500000001455, -0.474999999999862], [123.43500000001455, -0.4549999999998624], [123.44500000001456, -0.4549999999998624], [123.44500000001456, -0.43499999999986283], [123.45500000001456, -0.43499999999986283], [123.45500000001456, -0.41499999999986326], [123.46500000001457, -0.41499999999986326], [123.46500000001457, -0.40499999999986347], [123.47500000001457, -0.40499999999986347], [123.47500000001457, -0.3849999999998639], [123.48500000001458, -0.3849999999998639], [123.48500000001458, -0.3749999999998641], [123.49500000001458, -0.3749999999998641], [123.49500000001458, -0.3649999999998643], [123.58500000001463, -0.3649999999998643], [123.58500000001463, -0.3749999999998641], [123.62500000001465, -0.3749999999998641], [123.62500000001465, -0.3849999999998639], [123.65500000001467, -0.3849999999998639]]], [[[125.55500000001564, 2.145000000000082], [125.55500000001564, 2.1350000000000824], [125.56500000001564, 2.1350000000000824], [125.56500000001564, 2.1250000000000826], [125.57500000001565, 2.1250000000000826], [125.57500000001565, 2.105000000000083], [125.58500000001565, 2.105000000000083], [125.58500000001565, 2.0950000000000832], [125.59500000001566, 2.0950000000000832], [125.59500000001566, 2.0850000000000835], [125.60500000001566, 2.0850000000000835], [125.60500000001566, 2.065000000000084], [125.61500000001567, 2.065000000000084], [125.61500000001567, 2.0450000000000843], [125.62500000001567, 2.0450000000000843], [125.62500000001567, 2.015000000000085], [125.63500000001568, 2.015000000000085], [125.63500000001568, 1.8650000000000881], [125.62500000001567, 1.8650000000000881], [125.62500000001567, 1.7450000000000907], [125.61500000001567, 1.7450000000000907], [125.61500000001567, 1.7250000000000911], [125.60500000001566, 1.7250000000000911], [125.60500000001566, 1.7050000000000916], [125.59500000001566, 1.7050000000000916], [125.59500000001566, 1.6950000000000918], [125.58500000001565, 1.6950000000000918], [125.58500000001565, 1.685000000000092], [125.57500000001565, 1.685000000000092], [125.57500000001565, 1.6750000000000922], [125.56500000001564, 1.6750000000000922], [125.56500000001564, 1.6550000000000926], [125.55500000001564, 1.6550000000000926], [125.55500000001564, 1.6450000000000928], [125.53500000001563, 1.6450000000000928], [125.53500000001563, 1.635000000000093], [125.52500000001562, 1.635000000000093], [125.52500000001562, 1.6250000000000933], [125.51500000001562, 1.6250000000000933], [125.51500000001562, 1.6150000000000935], [125.49500000001561, 1.6150000000000935], [125.49500000001561, 1.6050000000000937], [125.46500000001559, 1.6050000000000937], [125.46500000001559, 1.595000000000094], [125.43500000001558, 1.595000000000094], [125.43500000001558, 1.5850000000000941], [125.42500000001557, 1.5850000000000941], [125.42500000001557, 1.5750000000000943], [125.41500000001557, 1.5750000000000943], [125.41500000001557, 1.5550000000000948], [125.40500000001556, 1.5550000000000948], [125.40500000001556, 1.5250000000000954], [125.39500000001556, 1.5250000000000954], [125.39500000001556, 1.495000000000096], [125.38500000001555, 1.495000000000096], [125.38500000001555, 1.4750000000000965], [125.37500000001555, 1.4750000000000965], [125.37500000001555, 1.4550000000000969], [125.36500000001554, 1.4550000000000969], [125.36500000001554, 1.445000000000097], [125.35500000001554, 1.445000000000097], [125.35500000001554, 1.4250000000000975], [125.34500000001553, 1.4250000000000975], [125.34500000001553, 1.4150000000000977], [125.33500000001553, 1.4150000000000977], [125.33500000001553, 1.405000000000098], [125.32500000001552, 1.405000000000098], [125.32500000001552, 1.3950000000000982], [125.31500000001552, 1.3950000000000982], [125.31500000001552, 1.3850000000000984], [125.30500000001551, 1.3850000000000984], [125.30500000001551, 1.3750000000000986], [125.2950000000155, 1.3750000000000986], [125.2950000000155, 1.3650000000000988], [125.2850000000155, 1.3650000000000988], [125.2850000000155, 1.355000000000099], [125.2750000000155, 1.355000000000099], [125.2750000000155, 1.3450000000000992], [125.26500000001549, 1.3450000000000992], [125.26500000001549, 1.3350000000000994], [125.23500000001548, 1.3350000000000994], [125.23500000001548, 1.3450000000000992], [125.22500000001547, 1.3450000000000992], [125.22500000001547, 1.3750000000000986], [125.21500000001546, 1.3750000000000986], [125.21500000001546, 1.405000000000098], [125.20500000001546, 1.405000000000098], [125.20500000001546, 1.5350000000000952], [125.21500000001546, 1.5350000000000952], [125.21500000001546, 1.5650000000000945], [125.22500000001547, 1.5650000000000945], [125.22500000001547, 1.5850000000000941], [125.23500000001548, 1.5850000000000941], [125.23500000001548, 1.6150000000000935], [125.24500000001548, 1.6150000000000935], [125.24500000001548, 1.635000000000093], [125.25500000001549, 1.635000000000093], [125.25500000001549, 1.6450000000000928], [125.2850000000155, 1.6450000000000928], [125.2850000000155, 1.6550000000000926], [125.31500000001552, 1.6550000000000926], [125.31500000001552, 1.6650000000000924], [125.32500000001552, 1.6650000000000924], [125.32500000001552, 1.6750000000000922], [125.33500000001553, 1.6750000000000922], [125.33500000001553, 1.685000000000092], [125.34500000001553, 1.685000000000092], [125.34500000001553, 1.7050000000000916], [125.35500000001554, 1.7050000000000916], [125.35500000001554, 1.7450000000000907], [125.36500000001554, 1.7450000000000907], [125.36500000001554, 1.8050000000000894], [125.37500000001555, 1.8050000000000894], [125.37500000001555, 1.8850000000000877], [125.38500000001555, 1.8850000000000877], [125.38500000001555, 1.9750000000000858], [125.39500000001556, 1.9750000000000858], [125.39500000001556, 2.015000000000085], [125.40500000001556, 2.015000000000085], [125.40500000001556, 2.0350000000000845], [125.41500000001557, 2.0350000000000845], [125.41500000001557, 2.0450000000000843], [125.42500000001557, 2.0450000000000843], [125.42500000001557, 2.065000000000084], [125.43500000001558, 2.065000000000084], [125.43500000001558, 2.0850000000000835], [125.44500000001558, 2.0850000000000835], [125.44500000001558, 2.0950000000000832], [125.45500000001559, 2.0950000000000832], [125.45500000001559, 2.115000000000083], [125.46500000001559, 2.115000000000083], [125.46500000001559, 2.1350000000000824], [125.4750000000156, 2.1350000000000824], [125.4750000000156, 2.145000000000082], [125.4850000000156, 2.145000000000082], [125.4850000000156, 2.155000000000082], [125.49500000001561, 2.155000000000082], [125.49500000001561, 2.1650000000000817], [125.52500000001562, 2.1650000000000817], [125.52500000001562, 2.155000000000082], [125.53500000001563, 2.155000000000082], [125.53500000001563, 2.145000000000082], [125.55500000001564, 2.145000000000082]]], [[[125.82500000001578, 5.815000000000004], [125.83500000001578, 5.815000000000004], [125.83500000001578, 5.805000000000004], [125.85500000001579, 5.805000000000004], [125.85500000001579, 5.795000000000004], [125.8650000000158, 5.795000000000004], [125.8650000000158, 5.775000000000005], [125.8750000000158, 5.775000000000005], [125.8750000000158, 5.735000000000006], [125.85500000001579, 5.735000000000006], [125.85500000001579, 5.725000000000006], [125.84500000001579, 5.725000000000006], [125.84500000001579, 5.715000000000006], [125.82500000001578, 5.715000000000006], [125.82500000001578, 5.705000000000006], [125.80500000001577, 5.705000000000006], [125.80500000001577, 5.6950000000000065], [125.78500000001576, 5.6950000000000065], [125.78500000001576, 5.685000000000007], [125.75500000001574, 5.685000000000007], [125.75500000001574, 5.675000000000007], [125.74500000001574, 5.675000000000007], [125.74500000001574, 5.685000000000007], [125.71500000001572, 5.685000000000007], [125.71500000001572, 5.6950000000000065], [125.69500000001571, 5.6950000000000065], [125.69500000001571, 5.705000000000006], [125.6750000000157, 5.705000000000006], [125.6750000000157, 5.715000000000006], [125.64500000001568, 5.715000000000006], [125.64500000001568, 5.725000000000006], [125.63500000001568, 5.725000000000006], [125.63500000001568, 5.735000000000006], [125.61500000001567, 5.735000000000006], [125.61500000001567, 5.745000000000005], [125.60500000001566, 5.745000000000005], [125.60500000001566, 5.765000000000005], [125.62500000001567, 5.765000000000005], [125.62500000001567, 5.775000000000005], [125.63500000001568, 5.775000000000005], [125.63500000001568, 5.785000000000005], [125.65500000001569, 5.785000000000005], [125.65500000001569, 5.795000000000004], [125.6650000000157, 5.795000000000004], [125.6650000000157, 5.805000000000004], [125.6850000000157, 5.805000000000004], [125.6850000000157, 5.815000000000004], [125.70500000001572, 5.815000000000004], [125.70500000001572, 5.825000000000004], [125.72500000001573, 5.825000000000004], [125.72500000001573, 5.8350000000000035], [125.79500000001576, 5.8350000000000035], [125.79500000001576, 5.825000000000004], [125.82500000001578, 5.825000000000004], [125.82500000001578, 5.815000000000004]]], [[[134.2250000000201, -9.754999999999665], [134.2250000000201, -9.734999999999665], [134.23500000002008, -9.734999999999665], [134.23500000002008, -9.724999999999664], [134.2650000000201, -9.724999999999664], [134.2650000000201, -9.734999999999665], [134.2750000000201, -9.734999999999665], [134.2750000000201, -9.754999999999665], [134.2250000000201, -9.754999999999665]]], [[[134.57500000002025, -6.354999999999737], [134.57500000002025, -6.364999999999736], [134.59500000002026, -6.364999999999736], [134.59500000002026, -6.374999999999736], [134.61500000002027, -6.374999999999736], [134.61500000002027, -6.384999999999736], [134.6250000000203, -6.384999999999736], [134.6250000000203, -6.394999999999736], [134.63500000002028, -6.394999999999736], [134.63500000002028, -6.404999999999736], [134.64500000002027, -6.404999999999736], [134.64500000002027, -6.414999999999735], [134.6550000000203, -6.414999999999735], [134.6550000000203, -6.424999999999735], [134.6650000000203, -6.424999999999735], [134.6650000000203, -6.434999999999735], [134.6750000000203, -6.434999999999735], [134.6750000000203, -6.444999999999735], [134.6850000000203, -6.444999999999735], [134.6850000000203, -6.464999999999734], [134.69500000002031, -6.464999999999734], [134.69500000002031, -6.484999999999734], [134.70500000002033, -6.484999999999734], [134.70500000002033, -6.514999999999733], [134.69500000002031, -6.514999999999733], [134.69500000002031, -6.524999999999733], [134.6850000000203, -6.524999999999733], [134.6850000000203, -6.534999999999733], [134.6750000000203, -6.534999999999733], [134.6750000000203, -6.544999999999733], [134.6650000000203, -6.544999999999733], [134.6650000000203, -6.554999999999732], [134.6550000000203, -6.554999999999732], [134.6550000000203, -6.574999999999732], [134.64500000002027, -6.574999999999732], [134.64500000002027, -6.584999999999732], [134.63500000002028, -6.584999999999732], [134.63500000002028, -6.5949999999997315], [134.6250000000203, -6.5949999999997315], [134.6250000000203, -6.604999999999731], [134.61500000002027, -6.604999999999731], [134.61500000002027, -6.614999999999731], [134.60500000002025, -6.614999999999731], [134.60500000002025, -6.624999999999731], [134.59500000002026, -6.624999999999731], [134.59500000002026, -6.634999999999731], [134.58500000002027, -6.634999999999731], [134.58500000002027, -6.6449999999997305], [134.57500000002025, -6.6449999999997305], [134.57500000002025, -6.65499999999973], [134.56500000002023, -6.65499999999973], [134.56500000002023, -6.66499999999973], [134.55500000002024, -6.66499999999973], [134.55500000002024, -6.67499999999973], [134.54500000002025, -6.67499999999973], [134.54500000002025, -6.68499999999973], [134.53500000002023, -6.68499999999973], [134.53500000002023, -6.694999999999729], [134.5250000000202, -6.694999999999729], [134.5250000000202, -6.704999999999729], [134.51500000002022, -6.704999999999729], [134.51500000002022, -6.714999999999729], [134.50500000002023, -6.714999999999729], [134.50500000002023, -6.724999999999729], [134.4850000000202, -6.724999999999729], [134.4850000000202, -6.7349999999997285], [134.4650000000202, -6.7349999999997285], [134.4650000000202, -6.744999999999728], [134.4550000000202, -6.744999999999728], [134.4550000000202, -6.754999999999728], [134.44500000002017, -6.754999999999728], [134.44500000002017, -6.774999999999728], [134.4550000000202, -6.774999999999728], [134.4550000000202, -6.864999999999726], [134.4650000000202, -6.864999999999726], [134.4650000000202, -6.934999999999724], [134.4750000000202, -6.934999999999724], [134.4750000000202, -7.034999999999722], [134.4650000000202, -7.034999999999722], [134.4650000000202, -7.0649999999997215], [134.4550000000202, -7.0649999999997215], [134.4550000000202, -7.094999999999721], [134.44500000002017, -7.094999999999721], [134.44500000002017, -7.11499999999972], [134.43500000002018, -7.11499999999972], [134.43500000002018, -7.13499999999972], [134.4250000000202, -7.13499999999972], [134.4250000000202, -7.15499999999972], [134.41500000002017, -7.15499999999972], [134.41500000002017, -7.174999999999719], [134.40500000002015, -7.174999999999719], [134.40500000002015, -7.184999999999719], [134.39500000002016, -7.184999999999719], [134.39500000002016, -7.2049999999997185], [134.38500000002017, -7.2049999999997185], [134.38500000002017, -7.214999999999718], [134.37500000002015, -7.214999999999718], [134.37500000002015, -7.224999999999718], [134.36500000002013, -7.224999999999718], [134.36500000002013, -7.234999999999718], [134.35500000002014, -7.234999999999718], [134.35500000002014, -7.244999999999718], [134.34500000002015, -7.244999999999718], [134.34500000002015, -7.264999999999717], [134.35500000002014, -7.264999999999717], [134.35500000002014, -7.274999999999717], [134.36500000002013, -7.274999999999717], [134.36500000002013, -7.284999999999717], [134.37500000002015, -7.284999999999717], [134.37500000002015, -7.294999999999717], [134.38500000002017, -7.294999999999717], [134.38500000002017, -7.304999999999716], [134.41500000002017, -7.304999999999716], [134.41500000002017, -7.314999999999716], [134.4850000000202, -7.314999999999716], [134.4850000000202, -7.324999999999716], [134.5250000000202, -7.324999999999716], [134.5250000000202, -7.334999999999716], [134.54500000002025, -7.334999999999716], [134.54500000002025, -7.3449999999997155], [134.56500000002023, -7.3449999999997155], [134.56500000002023, -7.354999999999715], [134.58500000002027, -7.354999999999715], [134.58500000002027, -7.364999999999715], [134.59500000002026, -7.364999999999715], [134.59500000002026, -7.374999999999715], [134.61500000002027, -7.374999999999715], [134.61500000002027, -7.384999999999715], [134.6250000000203, -7.384999999999715], [134.6250000000203, -7.3949999999997145], [134.63500000002028, -7.3949999999997145], [134.63500000002028, -7.404999999999714], [134.64500000002027, -7.404999999999714], [134.64500000002027, -7.414999999999714], [134.6550000000203, -7.414999999999714], [134.6550000000203, -7.424999999999714], [134.6650000000203, -7.424999999999714], [134.6650000000203, -7.434999999999714], [134.6750000000203, -7.434999999999714], [134.6750000000203, -7.444999999999713], [134.6850000000203, -7.444999999999713], [134.6850000000203, -7.464999999999713], [134.69500000002031, -7.464999999999713], [134.69500000002031, -7.4849999999997125], [134.70500000002033, -7.4849999999997125], [134.70500000002033, -7.494999999999712], [134.71500000002032, -7.494999999999712], [134.71500000002032, -7.504999999999712], [134.72500000002032, -7.504999999999712], [134.72500000002032, -7.514999999999712], [134.79500000002037, -7.514999999999712], [134.79500000002037, -7.504999999999712], [134.8250000000204, -7.504999999999712], [134.8250000000204, -7.494999999999712], [134.8350000000204, -7.494999999999712], [134.8350000000204, -7.4849999999997125], [134.8550000000204, -7.4849999999997125], [134.8550000000204, -7.474999999999713], [134.86500000002042, -7.474999999999713], [134.86500000002042, -7.464999999999713], [134.8850000000204, -7.464999999999713], [134.8850000000204, -7.454999999999713], [134.89500000002042, -7.454999999999713], [134.89500000002042, -7.444999999999713], [134.92500000002042, -7.444999999999713], [134.92500000002042, -7.434999999999714], [134.94500000002046, -7.434999999999714], [134.94500000002046, -7.424999999999714], [134.97500000002046, -7.424999999999714], [134.97500000002046, -7.414999999999714], [135.01500000002048, -7.414999999999714], [135.01500000002048, -7.404999999999714], [135.0750000000205, -7.404999999999714], [135.0750000000205, -7.3949999999997145], [135.13500000002054, -7.3949999999997145], [135.13500000002054, -7.384999999999715], [135.20500000002056, -7.384999999999715], [135.20500000002056, -7.374999999999715], [135.2750000000206, -7.374999999999715], [135.2750000000206, -7.384999999999715], [135.31500000002063, -7.384999999999715], [135.31500000002063, -7.3949999999997145], [135.35500000002065, -7.3949999999997145], [135.35500000002065, -7.404999999999714], [135.39500000002067, -7.404999999999714], [135.39500000002067, -7.414999999999714], [135.44500000002068, -7.414999999999714], [135.44500000002068, -7.424999999999714], [135.49500000002072, -7.424999999999714], [135.49500000002072, -7.434999999999714], [135.53500000002074, -7.434999999999714], [135.53500000002074, -7.424999999999714], [135.6550000000208, -7.424999999999714], [135.6550000000208, -7.414999999999714], [135.73500000002085, -7.414999999999714], [135.73500000002085, -7.404999999999714], [135.77500000002087, -7.404999999999714], [135.77500000002087, -7.414999999999714], [135.94500000002097, -7.414999999999714], [135.94500000002097, -7.424999999999714], [136.00500000002097, -7.424999999999714], [136.00500000002097, -7.414999999999714], [136.025000000021, -7.414999999999714], [136.025000000021, -7.404999999999714], [136.045000000021, -7.404999999999714], [136.045000000021, -7.3949999999997145], [136.055000000021, -7.3949999999997145], [136.055000000021, -7.384999999999715], [136.07500000002102, -7.384999999999715], [136.07500000002102, -7.374999999999715], [136.085000000021, -7.374999999999715], [136.085000000021, -7.364999999999715], [136.09500000002103, -7.364999999999715], [136.09500000002103, -7.354999999999715], [136.10500000002105, -7.354999999999715], [136.10500000002105, -7.3449999999997155], [136.11500000002104, -7.3449999999997155], [136.11500000002104, -7.324999999999716], [136.12500000002103, -7.324999999999716], [136.12500000002103, -7.304999999999716], [136.13500000002105, -7.304999999999716], [136.13500000002105, -7.284999999999717], [136.14500000002107, -7.284999999999717], [136.14500000002107, -7.264999999999717], [136.15500000002106, -7.264999999999717], [136.15500000002106, -7.244999999999718], [136.16500000002105, -7.244999999999718], [136.16500000002105, -7.224999999999718], [136.17500000002107, -7.224999999999718], [136.17500000002107, -7.214999999999718], [136.1850000000211, -7.214999999999718], [136.1850000000211, -7.2049999999997185], [136.19500000002108, -7.2049999999997185], [136.19500000002108, -7.184999999999719], [136.20500000002107, -7.184999999999719], [136.20500000002107, -7.174999999999719], [136.2150000000211, -7.174999999999719], [136.2150000000211, -7.164999999999719], [136.2250000000211, -7.164999999999719], [136.2250000000211, -7.15499999999972], [136.2350000000211, -7.15499999999972], [136.2350000000211, -7.14499999999972], [136.2450000000211, -7.14499999999972], [136.2450000000211, -7.13499999999972], [136.30500000002115, -7.13499999999972], [136.30500000002115, -7.14499999999972], [136.39500000002118, -7.14499999999972], [136.39500000002118, -7.15499999999972], [136.46500000002123, -7.15499999999972], [136.46500000002123, -7.164999999999719], [136.50500000002125, -7.164999999999719], [136.50500000002125, -7.15499999999972], [136.52500000002124, -7.15499999999972], [136.52500000002124, -7.14499999999972], [136.54500000002128, -7.14499999999972], [136.54500000002128, -7.13499999999972], [136.56500000002126, -7.13499999999972], [136.56500000002126, -7.12499999999972], [136.5850000000213, -7.12499999999972], [136.5850000000213, -7.11499999999972], [136.60500000002128, -7.11499999999972], [136.60500000002128, -7.104999999999721], [136.62500000002132, -7.104999999999721], [136.62500000002132, -7.094999999999721], [136.6450000000213, -7.094999999999721], [136.6450000000213, -7.084999999999721], [136.67500000002133, -7.084999999999721], [136.67500000002133, -7.074999999999721], [136.70500000002136, -7.074999999999721], [136.70500000002136, -7.0649999999997215], [136.73500000002136, -7.0649999999997215], [136.73500000002136, -7.054999999999722], [136.76500000002136, -7.054999999999722], [136.76500000002136, -7.044999999999722], [136.7850000000214, -7.044999999999722], [136.7850000000214, -7.034999999999722], [136.8150000000214, -7.034999999999722], [136.8150000000214, -7.024999999999722], [136.8350000000214, -7.024999999999722], [136.8350000000214, -7.014999999999723], [136.85500000002142, -7.014999999999723], [136.85500000002142, -7.004999999999723], [136.87500000002143, -7.004999999999723], [136.87500000002143, -6.994999999999723], [136.89500000002144, -6.994999999999723], [136.89500000002144, -6.984999999999723], [136.90500000002146, -6.984999999999723], [136.90500000002146, -6.974999999999723], [136.92500000002144, -6.974999999999723], [136.92500000002144, -6.964999999999724], [136.94500000002148, -6.964999999999724], [136.94500000002148, -6.954999999999724], [136.97500000002148, -6.954999999999724], [136.97500000002148, -6.944999999999724], [137.00500000002148, -6.944999999999724], [137.00500000002148, -6.934999999999724], [137.02500000002152, -6.934999999999724], [137.02500000002152, -6.9249999999997245], [137.0450000000215, -6.9249999999997245], [137.0450000000215, -6.914999999999725], [137.05500000002152, -6.914999999999725], [137.05500000002152, -6.904999999999725], [137.07500000002153, -6.904999999999725], [137.07500000002153, -6.894999999999725], [137.08500000002152, -6.894999999999725], [137.08500000002152, -6.884999999999725], [137.10500000002156, -6.884999999999725], [137.10500000002156, -6.8749999999997256], [137.11500000002155, -6.8749999999997256], [137.11500000002155, -6.864999999999726], [137.12500000002154, -6.864999999999726], [137.12500000002154, -6.854999999999726], [137.13500000002156, -6.854999999999726], [137.13500000002156, -6.844999999999726], [137.15500000002157, -6.844999999999726], [137.15500000002157, -6.834999999999726], [137.16500000002156, -6.834999999999726], [137.16500000002156, -6.824999999999727], [137.17500000002158, -6.824999999999727], [137.17500000002158, -6.814999999999727], [137.1850000000216, -6.814999999999727], [137.1850000000216, -6.804999999999727], [137.1950000000216, -6.804999999999727], [137.1950000000216, -6.794999999999727], [137.20500000002158, -6.794999999999727], [137.20500000002158, -6.774999999999728], [137.2150000000216, -6.774999999999728], [137.2150000000216, -6.764999999999728], [137.22500000002162, -6.764999999999728], [137.22500000002162, -6.754999999999728], [137.2350000000216, -6.754999999999728], [137.2350000000216, -6.744999999999728], [137.2450000000216, -6.744999999999728], [137.2450000000216, -6.7349999999997285], [137.26500000002164, -6.7349999999997285], [137.26500000002164, -6.724999999999729], [137.30500000002166, -6.724999999999729], [137.30500000002166, -6.714999999999729], [137.34500000002168, -6.714999999999729], [137.34500000002168, -6.704999999999729], [137.3850000000217, -6.704999999999729], [137.3850000000217, -6.694999999999729], [137.42500000002173, -6.694999999999729], [137.42500000002173, -6.68499999999973], [137.47500000002174, -6.68499999999973], [137.47500000002174, -6.67499999999973], [137.53500000002177, -6.67499999999973], [137.53500000002177, -6.66499999999973], [137.6450000000218, -6.66499999999973], [137.6450000000218, -6.65499999999973], [137.8050000000219, -6.65499999999973], [137.8050000000219, -6.66499999999973], [137.89500000002195, -6.66499999999973], [137.89500000002195, -6.67499999999973], [137.995000000022, -6.67499999999973], [137.995000000022, -6.68499999999973], [138.015000000022, -6.68499999999973], [138.015000000022, -6.694999999999729], [138.03500000002202, -6.694999999999729], [138.03500000002202, -6.704999999999729], [138.04500000002201, -6.704999999999729], [138.04500000002201, -6.714999999999729], [138.05500000002203, -6.714999999999729], [138.05500000002203, -6.724999999999729], [138.07500000002204, -6.724999999999729], [138.07500000002204, -6.7349999999997285], [138.08500000002203, -6.7349999999997285], [138.08500000002203, -6.744999999999728], [138.09500000002205, -6.744999999999728], [138.09500000002205, -6.764999999999728], [138.10500000002207, -6.764999999999728], [138.10500000002207, -6.774999999999728], [138.11500000002206, -6.774999999999728], [138.11500000002206, -6.7849999999997275], [138.12500000002206, -6.7849999999997275], [138.12500000002206, -6.794999999999727], [138.13500000002207, -6.794999999999727], [138.13500000002207, -6.804999999999727], [138.1450000000221, -6.804999999999727], [138.1450000000221, -6.814999999999727], [138.15500000002208, -6.814999999999727], [138.15500000002208, -6.824999999999727], [138.16500000002208, -6.824999999999727], [138.16500000002208, -6.834999999999726], [138.18500000002211, -6.834999999999726], [138.18500000002211, -6.844999999999726], [138.1950000000221, -6.844999999999726], [138.1950000000221, -6.854999999999726], [138.21500000002212, -6.854999999999726], [138.21500000002212, -6.864999999999726], [138.23500000002213, -6.864999999999726], [138.23500000002213, -6.8749999999997256], [138.25500000002214, -6.8749999999997256], [138.25500000002214, -6.884999999999725], [138.27500000002215, -6.884999999999725], [138.27500000002215, -6.894999999999725], [138.29500000002216, -6.894999999999725], [138.29500000002216, -6.904999999999725], [138.30500000002218, -6.904999999999725], [138.30500000002218, -6.914999999999725], [138.32500000002216, -6.914999999999725], [138.32500000002216, -6.9249999999997245], [138.33500000002218, -6.9249999999997245], [138.33500000002218, -6.934999999999724], [138.3550000000222, -6.934999999999724], [138.3550000000222, -6.944999999999724], [138.36500000002218, -6.944999999999724], [138.36500000002218, -6.954999999999724], [138.3750000000222, -6.954999999999724], [138.3750000000222, -6.964999999999724], [138.3950000000222, -6.964999999999724], [138.3950000000222, -6.974999999999723], [138.4050000000222, -6.974999999999723], [138.4050000000222, -6.984999999999723], [138.41500000002222, -6.984999999999723], [138.41500000002222, -6.994999999999723], [138.42500000002224, -6.994999999999723], [138.42500000002224, -7.004999999999723], [138.43500000002223, -7.004999999999723], [138.43500000002223, -7.014999999999723], [138.44500000002222, -7.014999999999723], [138.44500000002222, -7.024999999999722], [138.45500000002224, -7.024999999999722], [138.45500000002224, -7.034999999999722], [138.46500000002226, -7.034999999999722], [138.46500000002226, -7.044999999999722], [138.47500000002225, -7.044999999999722], [138.47500000002225, -7.054999999999722], [138.48500000002224, -7.054999999999722], [138.48500000002224, -7.0649999999997215], [138.49500000002226, -7.0649999999997215], [138.49500000002226, -7.074999999999721], [138.51500000002227, -7.074999999999721], [138.51500000002227, -7.084999999999721], [138.52500000002226, -7.084999999999721], [138.52500000002226, -7.094999999999721], [138.53500000002228, -7.094999999999721], [138.53500000002228, -7.11499999999972], [138.5450000000223, -7.11499999999972], [138.5450000000223, -7.14499999999972], [138.5550000000223, -7.14499999999972], [138.5550000000223, -7.2049999999997185], [138.56500000002228, -7.2049999999997185], [138.56500000002228, -7.2549999999997175], [138.5550000000223, -7.2549999999997175], [138.5550000000223, -7.274999999999717], [138.5450000000223, -7.274999999999717], [138.5450000000223, -7.294999999999717], [138.53500000002228, -7.294999999999717], [138.53500000002228, -7.304999999999716], [138.52500000002226, -7.304999999999716], [138.52500000002226, -7.314999999999716], [138.51500000002227, -7.314999999999716], [138.51500000002227, -7.324999999999716], [138.50500000002228, -7.324999999999716], [138.50500000002228, -7.334999999999716], [138.48500000002224, -7.334999999999716], [138.48500000002224, -7.3449999999997155], [138.46500000002226, -7.3449999999997155], [138.46500000002226, -7.354999999999715], [138.43500000002223, -7.354999999999715], [138.43500000002223, -7.364999999999715], [138.41500000002222, -7.364999999999715], [138.41500000002222, -7.374999999999715], [138.3950000000222, -7.374999999999715], [138.3950000000222, -7.384999999999715], [138.36500000002218, -7.384999999999715], [138.36500000002218, -7.3949999999997145], [138.3450000000222, -7.3949999999997145], [138.3450000000222, -7.404999999999714], [138.32500000002216, -7.404999999999714], [138.32500000002216, -7.414999999999714], [138.30500000002218, -7.414999999999714], [138.30500000002218, -7.424999999999714], [138.28500000002214, -7.424999999999714], [138.28500000002214, -7.434999999999714], [138.26500000002216, -7.434999999999714], [138.26500000002216, -7.444999999999713], [138.24500000002212, -7.444999999999713], [138.24500000002212, -7.454999999999713], [138.02500000002203, -7.454999999999713], [138.02500000002203, -7.464999999999713], [137.985000000022, -7.464999999999713], [137.985000000022, -7.474999999999713], [137.95500000002198, -7.474999999999713], [137.95500000002198, -7.4849999999997125], [137.93500000002197, -7.4849999999997125], [137.93500000002197, -7.494999999999712], [137.92500000002195, -7.494999999999712], [137.92500000002195, -7.504999999999712], [137.91500000002196, -7.504999999999712], [137.91500000002196, -7.524999999999712], [137.90500000002197, -7.524999999999712], [137.90500000002197, -7.544999999999711], [137.89500000002195, -7.544999999999711], [137.89500000002195, -7.58499999999971], [137.88500000002193, -7.58499999999971], [137.88500000002193, -7.634999999999709], [137.87500000002194, -7.634999999999709], [137.87500000002194, -7.704999999999708], [137.86500000002195, -7.704999999999708], [137.86500000002195, -7.754999999999707], [137.85500000002193, -7.754999999999707], [137.85500000002193, -7.764999999999707], [137.8450000000219, -7.764999999999707], [137.8450000000219, -7.774999999999706], [137.83500000002192, -7.774999999999706], [137.83500000002192, -7.784999999999706], [137.8150000000219, -7.784999999999706], [137.8150000000219, -7.794999999999706], [137.7950000000219, -7.794999999999706], [137.7950000000219, -7.804999999999706], [137.7750000000219, -7.804999999999706], [137.7750000000219, -7.8149999999997055], [137.75500000002188, -7.8149999999997055], [137.75500000002188, -7.824999999999705], [137.73500000002187, -7.824999999999705], [137.73500000002187, -7.834999999999705], [137.71500000002186, -7.834999999999705], [137.71500000002186, -7.844999999999705], [137.69500000002185, -7.844999999999705], [137.69500000002185, -7.854999999999705], [137.68500000002183, -7.854999999999705], [137.68500000002183, -7.8649999999997044], [137.67500000002184, -7.8649999999997044], [137.67500000002184, -7.874999999999704], [137.66500000002185, -7.874999999999704], [137.66500000002185, -7.884999999999704], [137.65500000002183, -7.884999999999704], [137.65500000002183, -7.904999999999704], [137.6450000000218, -7.904999999999704], [137.6450000000218, -7.924999999999703], [137.63500000002182, -7.924999999999703], [137.63500000002182, -7.944999999999703], [137.62500000002183, -7.944999999999703], [137.62500000002183, -7.974999999999702], [137.6150000000218, -7.974999999999702], [137.6150000000218, -8.0049999999997], [137.62500000002183, -8.0049999999997], [137.62500000002183, -8.014999999999702], [137.63500000002182, -8.014999999999702], [137.63500000002182, -8.0249999999997], [137.6450000000218, -8.0249999999997], [137.6450000000218, -8.034999999999702], [137.65500000002183, -8.034999999999702], [137.65500000002183, -8.0449999999997], [137.66500000002185, -8.0449999999997], [137.66500000002185, -8.054999999999701], [137.68500000002183, -8.054999999999701], [137.68500000002183, -8.0649999999997], [137.70500000002187, -8.0649999999997], [137.70500000002187, -8.0749999999997], [137.71500000002186, -8.0749999999997], [137.71500000002186, -8.084999999999699], [137.7450000000219, -8.084999999999699], [137.7450000000219, -8.0949999999997], [137.82500000002193, -8.0949999999997], [137.82500000002193, -8.104999999999698], [137.90500000002197, -8.104999999999698], [137.90500000002197, -8.1149999999997], [137.95500000002198, -8.1149999999997], [137.95500000002198, -8.124999999999698], [137.995000000022, -8.124999999999698], [137.995000000022, -8.1349999999997], [138.02500000002203, -8.1349999999997], [138.02500000002203, -8.144999999999698], [138.04500000002201, -8.144999999999698], [138.04500000002201, -8.1549999999997], [138.06500000002205, -8.1549999999997], [138.06500000002205, -8.164999999999697], [138.08500000002203, -8.164999999999697], [138.08500000002203, -8.174999999999699], [138.10500000002207, -8.174999999999699], [138.10500000002207, -8.184999999999697], [138.11500000002206, -8.184999999999697], [138.11500000002206, -8.194999999999698], [138.13500000002207, -8.194999999999698], [138.13500000002207, -8.204999999999696], [138.1450000000221, -8.204999999999696], [138.1450000000221, -8.214999999999698], [138.15500000002208, -8.214999999999698], [138.15500000002208, -8.224999999999696], [138.16500000002208, -8.224999999999696], [138.16500000002208, -8.234999999999697], [138.1750000000221, -8.234999999999697], [138.1750000000221, -8.244999999999695], [138.1950000000221, -8.244999999999695], [138.1950000000221, -8.254999999999697], [138.2050000000221, -8.254999999999697], [138.2050000000221, -8.264999999999695], [138.23500000002213, -8.264999999999695], [138.23500000002213, -8.274999999999697], [138.28500000002214, -8.274999999999697], [138.28500000002214, -8.264999999999695], [138.32500000002216, -8.264999999999695], [138.32500000002216, -8.254999999999697], [138.3550000000222, -8.254999999999697], [138.3550000000222, -8.244999999999695], [138.3750000000222, -8.244999999999695], [138.3750000000222, -8.234999999999697], [138.38500000002222, -8.234999999999697], [138.38500000002222, -8.224999999999696], [138.3950000000222, -8.224999999999696], [138.3950000000222, -8.214999999999698], [138.4050000000222, -8.214999999999698], [138.4050000000222, -8.194999999999698], [138.41500000002222, -8.194999999999698], [138.41500000002222, -8.174999999999699], [138.42500000002224, -8.174999999999699], [138.42500000002224, -8.1549999999997], [138.43500000002223, -8.1549999999997], [138.43500000002223, -8.1349999999997], [138.44500000002222, -8.1349999999997], [138.44500000002222, -8.104999999999698], [138.45500000002224, -8.104999999999698], [138.45500000002224, -8.0749999999997], [138.46500000002226, -8.0749999999997], [138.46500000002226, -8.034999999999702], [138.47500000002225, -8.034999999999702], [138.47500000002225, -8.0049999999997], [138.48500000002224, -8.0049999999997], [138.48500000002224, -7.994999999999702], [138.49500000002226, -7.994999999999702], [138.49500000002226, -7.984999999999702], [138.58500000002232, -7.984999999999702], [138.58500000002232, -7.994999999999702], [138.64500000002232, -7.994999999999702], [138.64500000002232, -8.0049999999997], [138.67500000002235, -8.0049999999997], [138.67500000002235, -8.014999999999702], [138.69500000002236, -8.014999999999702], [138.69500000002236, -8.0249999999997], [138.71500000002237, -8.0249999999997], [138.71500000002237, -8.034999999999702], [138.73500000002238, -8.034999999999702], [138.73500000002238, -8.0449999999997], [138.7450000000224, -8.0449999999997], [138.7450000000224, -8.034999999999702], [138.7550000000224, -8.034999999999702], [138.7550000000224, -8.0249999999997], [138.76500000002238, -8.0249999999997], [138.76500000002238, -7.994999999999702], [138.7750000000224, -7.994999999999702], [138.7750000000224, -7.964999999999702], [138.78500000002242, -7.964999999999702], [138.78500000002242, -7.934999999999703], [138.7950000000224, -7.934999999999703], [138.7950000000224, -7.904999999999704], [138.8050000000224, -7.904999999999704], [138.8050000000224, -7.874999999999704], [138.81500000002242, -7.874999999999704], [138.81500000002242, -7.844999999999705], [138.82500000002244, -7.844999999999705], [138.82500000002244, -7.804999999999706], [138.83500000002243, -7.804999999999706], [138.83500000002243, -7.774999999999706], [138.84500000002242, -7.774999999999706], [138.84500000002242, -7.754999999999707], [138.85500000002244, -7.754999999999707], [138.85500000002244, -7.734999999999707], [138.86500000002246, -7.734999999999707], [138.86500000002246, -7.724999999999707], [138.88500000002244, -7.724999999999707], [138.88500000002244, -7.714999999999708], [138.89500000002246, -7.714999999999708], [138.89500000002246, -7.704999999999708], [138.91500000002247, -7.704999999999708], [138.91500000002247, -7.694999999999708], [138.92500000002246, -7.694999999999708], [138.92500000002246, -7.684999999999708], [138.9450000000225, -7.684999999999708], [138.9450000000225, -7.6749999999997085], [138.9750000000225, -7.6749999999997085], [138.9750000000225, -7.664999999999709], [139.01500000002252, -7.664999999999709], [139.01500000002252, -7.6749999999997085], [139.03500000002254, -7.6749999999997085], [139.03500000002254, -7.684999999999708], [139.04500000002253, -7.684999999999708], [139.04500000002253, -7.694999999999708], [139.05500000002255, -7.694999999999708], [139.05500000002255, -7.704999999999708], [139.06500000002256, -7.704999999999708], [139.06500000002256, -7.724999999999707], [139.07500000002256, -7.724999999999707], [139.07500000002256, -7.734999999999707], [139.08500000002255, -7.734999999999707], [139.08500000002255, -7.754999999999707], [139.09500000002257, -7.754999999999707], [139.09500000002257, -7.774999999999706], [139.10500000002259, -7.774999999999706], [139.10500000002259, -7.794999999999706], [139.11500000002258, -7.794999999999706], [139.11500000002258, -7.804999999999706], [139.12500000002257, -7.804999999999706], [139.12500000002257, -7.8149999999997055], [139.1350000000226, -7.8149999999997055], [139.1350000000226, -7.834999999999705], [139.1450000000226, -7.834999999999705], [139.1450000000226, -7.844999999999705], [139.1550000000226, -7.844999999999705], [139.1550000000226, -7.854999999999705], [139.1650000000226, -7.854999999999705], [139.1650000000226, -7.8649999999997044], [139.1750000000226, -7.8649999999997044], [139.1750000000226, -7.874999999999704], [139.19500000002262, -7.874999999999704], [139.19500000002262, -7.884999999999704], [139.2050000000226, -7.884999999999704], [139.2050000000226, -7.894999999999704], [139.22500000002265, -7.894999999999704], [139.22500000002265, -7.904999999999704], [139.24500000002263, -7.904999999999704], [139.24500000002263, -7.914999999999703], [139.26500000002267, -7.914999999999703], [139.26500000002267, -7.904999999999704], [139.29500000002267, -7.904999999999704], [139.29500000002267, -7.894999999999704], [139.32500000002267, -7.894999999999704], [139.32500000002267, -7.884999999999704], [139.3450000000227, -7.884999999999704], [139.3450000000227, -7.874999999999704], [139.3650000000227, -7.874999999999704], [139.3650000000227, -7.8649999999997044], [139.38500000002273, -7.8649999999997044], [139.38500000002273, -7.854999999999705], [139.4050000000227, -7.854999999999705], [139.4050000000227, -7.844999999999705], [139.41500000002273, -7.844999999999705], [139.41500000002273, -7.834999999999705], [139.43500000002274, -7.834999999999705], [139.43500000002274, -7.824999999999705], [139.44500000002273, -7.824999999999705], [139.44500000002273, -7.8149999999997055], [139.45500000002275, -7.8149999999997055], [139.45500000002275, -7.804999999999706], [139.46500000002277, -7.804999999999706], [139.46500000002277, -7.794999999999706], [139.47500000002276, -7.794999999999706], [139.47500000002276, -7.784999999999706], [139.48500000002275, -7.784999999999706], [139.48500000002275, -7.764999999999707], [139.49500000002277, -7.764999999999707], [139.49500000002277, -7.754999999999707], [139.5050000000228, -7.754999999999707], [139.5050000000228, -7.744999999999707], [139.51500000002278, -7.744999999999707], [139.51500000002278, -7.724999999999707], [139.52500000002277, -7.724999999999707], [139.52500000002277, -7.714999999999708], [139.5350000000228, -7.714999999999708], [139.5350000000228, -7.704999999999708], [139.5450000000228, -7.704999999999708], [139.5450000000228, -7.694999999999708], [139.5550000000228, -7.694999999999708], [139.5550000000228, -7.684999999999708], [139.5650000000228, -7.684999999999708], [139.5650000000228, -7.6749999999997085], [139.58500000002283, -7.6749999999997085], [139.58500000002283, -7.664999999999709], [139.6050000000228, -7.664999999999709], [139.6050000000228, -7.654999999999709], [139.62500000002285, -7.654999999999709], [139.62500000002285, -7.644999999999709], [139.64500000002283, -7.644999999999709], [139.64500000002283, -7.634999999999709], [139.68500000002285, -7.634999999999709], [139.68500000002285, -7.62499999999971], [139.72500000002287, -7.62499999999971], [139.72500000002287, -7.61499999999971], [139.7550000000229, -7.61499999999971], [139.7550000000229, -7.62499999999971], [139.7750000000229, -7.62499999999971], [139.7750000000229, -7.634999999999709], [139.79500000002292, -7.634999999999709], [139.79500000002292, -7.644999999999709], [139.80500000002291, -7.644999999999709], [139.80500000002291, -7.654999999999709], [139.81500000002293, -7.654999999999709], [139.81500000002293, -7.664999999999709], [139.82500000002295, -7.664999999999709], [139.82500000002295, -7.6749999999997085], [139.83500000002294, -7.6749999999997085], [139.83500000002294, -7.694999999999708], [139.84500000002294, -7.694999999999708], [139.84500000002294, -7.704999999999708], [139.85500000002295, -7.704999999999708], [139.85500000002295, -7.724999999999707], [139.86500000002297, -7.724999999999707], [139.86500000002297, -7.744999999999707], [139.87500000002296, -7.744999999999707], [139.87500000002296, -7.774999999999706], [139.88500000002296, -7.774999999999706], [139.88500000002296, -7.804999999999706], [139.89500000002297, -7.804999999999706], [139.89500000002297, -7.824999999999705], [139.905000000023, -7.824999999999705], [139.905000000023, -7.854999999999705], [139.91500000002299, -7.854999999999705], [139.91500000002299, -7.884999999999704], [139.92500000002298, -7.884999999999704], [139.92500000002298, -7.904999999999704], [139.935000000023, -7.904999999999704], [139.935000000023, -7.924999999999703], [139.94500000002301, -7.924999999999703], [139.94500000002301, -7.9549999999997025], [139.955000000023, -7.9549999999997025], [139.955000000023, -7.974999999999702], [139.965000000023, -7.974999999999702], [139.965000000023, -7.994999999999702], [139.97500000002302, -7.994999999999702], [139.97500000002302, -8.0049999999997], [139.98500000002304, -8.0049999999997], [139.98500000002304, -8.014999999999702], [139.99500000002303, -8.014999999999702], [139.99500000002303, -8.0249999999997], [140.00500000002302, -8.0249999999997], [140.00500000002302, -8.034999999999702], [140.02500000002306, -8.034999999999702], [140.02500000002306, -8.0449999999997], [140.03500000002305, -8.0449999999997], [140.03500000002305, -8.054999999999701], [140.05500000002306, -8.054999999999701], [140.05500000002306, -8.0649999999997], [140.06500000002308, -8.0649999999997], [140.06500000002308, -8.0749999999997], [140.07500000002307, -8.0749999999997], [140.07500000002307, -8.084999999999699], [140.08500000002306, -8.084999999999699], [140.08500000002306, -8.0949999999997], [140.09500000002308, -8.0949999999997], [140.09500000002308, -8.104999999999698], [140.1050000000231, -8.104999999999698], [140.1050000000231, -8.1149999999997], [140.1150000000231, -8.1149999999997], [140.1150000000231, -8.124999999999698], [140.12500000002308, -8.124999999999698], [140.12500000002308, -8.1349999999997], [140.1350000000231, -8.1349999999997], [140.1350000000231, -8.1549999999997], [140.14500000002312, -8.1549999999997], [140.14500000002312, -8.164999999999697], [140.1550000000231, -8.164999999999697], [140.1550000000231, -8.184999999999697], [140.1650000000231, -8.184999999999697], [140.1650000000231, -8.204999999999696], [140.17500000002312, -8.204999999999696], [140.17500000002312, -8.224999999999696], [140.18500000002314, -8.224999999999696], [140.18500000002314, -8.244999999999695], [140.19500000002313, -8.244999999999695], [140.19500000002313, -8.254999999999697], [140.21500000002314, -8.254999999999697], [140.21500000002314, -8.264999999999695], [140.23500000002315, -8.264999999999695], [140.23500000002315, -8.274999999999697], [140.38500000002324, -8.274999999999697], [140.38500000002324, -8.264999999999695], [140.44500000002324, -8.264999999999695], [140.44500000002324, -8.254999999999697], [140.46500000002328, -8.254999999999697], [140.46500000002328, -8.244999999999695], [140.52500000002328, -8.244999999999695], [140.52500000002328, -8.264999999999695], [140.5350000000233, -8.264999999999695], [140.5350000000233, -8.294999999999696], [140.54500000002332, -8.294999999999696], [140.54500000002332, -8.314999999999696], [140.5550000000233, -8.314999999999696], [140.5550000000233, -8.324999999999694], [140.5650000000233, -8.324999999999694], [140.5650000000233, -8.334999999999695], [140.57500000002332, -8.334999999999695], [140.57500000002332, -8.344999999999693], [140.59500000002333, -8.344999999999693], [140.59500000002333, -8.354999999999695], [140.64500000002334, -8.354999999999695], [140.64500000002334, -8.364999999999693], [140.75500000002341, -8.364999999999693], [140.75500000002341, -8.374999999999694], [140.79500000002344, -8.374999999999694], [140.79500000002344, -8.384999999999692], [140.82500000002346, -8.384999999999692], [140.82500000002346, -8.394999999999694], [140.84500000002345, -8.394999999999694], [140.84500000002345, -8.404999999999692], [140.86500000002349, -8.404999999999692], [140.86500000002349, -8.414999999999694], [140.88500000002347, -8.414999999999694], [140.88500000002347, -8.424999999999692], [140.8950000000235, -8.424999999999692], [140.8950000000235, -8.434999999999693], [140.9050000000235, -8.434999999999693], [140.9050000000235, -8.444999999999691], [140.9150000000235, -8.444999999999691], [140.9150000000235, -8.454999999999693], [140.9250000000235, -8.454999999999693], [140.9250000000235, -8.46499999999969], [140.9350000000235, -8.46499999999969], [140.9350000000235, -8.48499999999969], [140.94500000002353, -8.48499999999969], [140.94500000002353, -8.50499999999969], [140.95500000002352, -8.50499999999969], [140.95500000002352, -8.52499999999969], [140.9650000000235, -8.52499999999969], [140.9650000000235, -8.544999999999689], [140.97500000002353, -8.544999999999689], [140.97500000002353, -8.564999999999689], [140.98500000002355, -8.564999999999689], [140.98500000002355, -8.57499999999969], [140.99500000002354, -8.57499999999969], [140.99500000002354, -8.584999999999688], [141.00500000002353, -8.584999999999688], [141.00500000002353, -8.59499999999969], [141.03500000002356, -8.59499999999969], [141.03500000002356, -8.604999999999688], [141.04500000002355, -8.604999999999688], [141.04500000002355, -8.61499999999969], [141.05500000002357, -8.61499999999969], [141.05500000002357, -8.624999999999687], [141.0650000000236, -8.624999999999687], [141.0650000000236, -8.644999999999687], [141.07500000002358, -8.644999999999687], [141.07500000002358, -8.684999999999686], [141.08500000002357, -8.684999999999686], [141.08500000002357, -8.744999999999685], [141.0950000000236, -8.744999999999685], [141.0950000000236, -8.754999999999686], [141.1050000000236, -8.754999999999686], [141.1050000000236, -8.764999999999684], [141.1150000000236, -8.764999999999684], [141.1150000000236, -8.774999999999686], [141.1250000000236, -8.774999999999686], [141.1250000000236, -8.784999999999684], [141.14500000002363, -8.784999999999684], [141.14500000002363, -8.794999999999686], [141.15500000002362, -8.794999999999686], [141.15500000002362, -8.804999999999684], [141.1650000000236, -8.804999999999684], [141.1650000000236, -8.814999999999685], [141.17500000002363, -8.814999999999685], [141.17500000002363, -8.824999999999683], [141.18500000002365, -8.824999999999683], [141.18500000002365, -8.834999999999685], [141.19500000002364, -8.834999999999685], [141.19500000002364, -8.844999999999683], [141.21500000002365, -8.844999999999683], [141.21500000002365, -8.854999999999684], [141.22500000002367, -8.854999999999684], [141.22500000002367, -8.864999999999682], [141.23500000002366, -8.864999999999682], [141.23500000002366, -8.874999999999684], [141.24500000002365, -8.874999999999684], [141.24500000002365, -8.884999999999682], [141.3250000000237, -8.884999999999682], [141.3250000000237, -8.874999999999684], [141.3650000000237, -8.874999999999684], [141.3650000000237, -8.864999999999682], [141.39500000002374, -8.864999999999682], [141.39500000002374, -8.854999999999684], [141.40500000002373, -8.854999999999684], [141.40500000002373, -8.844999999999683], [141.41500000002375, -8.844999999999683], [141.41500000002375, -8.834999999999685], [141.42500000002377, -8.834999999999685], [141.42500000002377, -8.824999999999683], [141.43500000002376, -8.824999999999683], [141.43500000002376, -8.804999999999684], [141.44500000002375, -8.804999999999684], [141.44500000002375, -8.774999999999686], [141.45500000002377, -8.774999999999686], [141.45500000002377, -8.734999999999687], [141.4650000000238, -8.734999999999687], [141.4650000000238, -8.704999999999686], [141.47500000002378, -8.704999999999686], [141.47500000002378, -8.684999999999686], [141.48500000002377, -8.684999999999686], [141.48500000002377, -8.674999999999688], [141.4950000000238, -8.674999999999688], [141.4950000000238, -8.664999999999687], [141.5050000000238, -8.664999999999687], [141.5050000000238, -8.654999999999688], [141.5250000000238, -8.654999999999688], [141.5250000000238, -8.644999999999687], [141.54500000002383, -8.644999999999687], [141.54500000002383, -8.634999999999689], [141.56500000002382, -8.634999999999689], [141.56500000002382, -8.624999999999687], [141.59500000002384, -8.624999999999687], [141.59500000002384, -8.61499999999969], [141.62500000002387, -8.61499999999969], [141.62500000002387, -8.604999999999688], [141.65500000002388, -8.604999999999688], [141.65500000002388, -8.59499999999969], [141.6950000000239, -8.59499999999969], [141.6950000000239, -8.584999999999688], [141.73500000002392, -8.584999999999688], [141.73500000002392, -8.57499999999969], [141.74500000002394, -8.57499999999969], [141.74500000002394, -8.584999999999688], [141.76500000002392, -8.584999999999688], [141.76500000002392, -8.59499999999969], [141.77500000002394, -8.59499999999969], [141.77500000002394, -8.61499999999969], [141.78500000002396, -8.61499999999969], [141.78500000002396, -8.634999999999689], [141.79500000002395, -8.634999999999689], [141.79500000002395, -8.654999999999688], [141.80500000002394, -8.654999999999688], [141.80500000002394, -8.684999999999686], [141.81500000002396, -8.684999999999686], [141.81500000002396, -8.724999999999685], [141.82500000002398, -8.724999999999685], [141.82500000002398, -8.764999999999684], [141.83500000002397, -8.764999999999684], [141.83500000002397, -8.784999999999684], [141.84500000002396, -8.784999999999684], [141.84500000002396, -8.804999999999684], [141.85500000002398, -8.804999999999684], [141.85500000002398, -8.824999999999683], [141.865000000024, -8.824999999999683], [141.865000000024, -8.834999999999685], [141.875000000024, -8.834999999999685], [141.875000000024, -8.844999999999683], [141.88500000002398, -8.844999999999683], [141.88500000002398, -8.854999999999684], [141.895000000024, -8.854999999999684], [141.895000000024, -8.864999999999682], [141.915000000024, -8.864999999999682], [141.915000000024, -8.874999999999684], [141.925000000024, -8.874999999999684], [141.925000000024, -8.884999999999682], [141.94500000002404, -8.884999999999682], [141.94500000002404, -8.894999999999683], [141.96500000002402, -8.894999999999683], [141.96500000002402, -8.904999999999681], [142.00500000002404, -8.904999999999681], [142.00500000002404, -11.004999999999637], [136.07500000002102, -11.004999999999637], [136.07500000002102, -10.98499999999964], [136.06500000002103, -10.98499999999964], [136.06500000002103, -10.974999999999639], [136.055000000021, -10.974999999999639], [136.055000000021, -10.95499999999964], [136.045000000021, -10.95499999999964], [136.045000000021, -10.944999999999641], [136.035000000021, -10.944999999999641], [136.035000000021, -10.924999999999638], [136.025000000021, -10.924999999999638], [136.025000000021, -10.91499999999964], [136.015000000021, -10.91499999999964], [136.015000000021, -10.89499999999964], [135.99500000002098, -10.89499999999964], [135.99500000002098, -10.904999999999642], [135.985000000021, -10.904999999999642], [135.985000000021, -10.91499999999964], [135.97500000002097, -10.91499999999964], [135.97500000002097, -10.93499999999964], [135.96500000002095, -10.93499999999964], [135.96500000002095, -10.95499999999964], [135.95500000002096, -10.95499999999964], [135.95500000002096, -10.974999999999639], [135.94500000002097, -10.974999999999639], [135.94500000002097, -10.994999999999639], [135.93500000002095, -10.994999999999639], [135.93500000002095, -11.004999999999637], [135.4850000000207, -11.004999999999637], [135.4850000000207, -10.994999999999639], [135.49500000002072, -10.994999999999639], [135.49500000002072, -10.974999999999639], [135.50500000002074, -10.974999999999639], [135.50500000002074, -10.944999999999641], [135.51500000002073, -10.944999999999641], [135.51500000002073, -10.91499999999964], [135.52500000002073, -10.91499999999964], [135.52500000002073, -10.864999999999643], [135.53500000002074, -10.864999999999643], [135.53500000002074, -10.804999999999641], [135.54500000002076, -10.804999999999641], [135.54500000002076, -10.744999999999646], [135.53500000002074, -10.744999999999646], [135.53500000002074, -10.734999999999644], [135.52500000002073, -10.734999999999644], [135.52500000002073, -10.724999999999643], [135.51500000002073, -10.724999999999643], [135.51500000002073, -10.714999999999645], [135.50500000002074, -10.714999999999645], [135.50500000002074, -10.704999999999647], [135.4850000000207, -10.704999999999647], [135.4850000000207, -10.694999999999645], [135.46500000002072, -10.694999999999645], [135.46500000002072, -10.684999999999643], [135.44500000002068, -10.684999999999643], [135.44500000002068, -10.674999999999645], [135.4250000000207, -10.674999999999645], [135.4250000000207, -10.664999999999647], [135.40500000002066, -10.664999999999647], [135.40500000002066, -10.654999999999646], [135.38500000002068, -10.654999999999646], [135.38500000002068, -10.644999999999644], [135.36500000002064, -10.644999999999644], [135.36500000002064, -10.634999999999646], [135.35500000002065, -10.634999999999646], [135.35500000002065, -10.624999999999648], [135.33500000002064, -10.624999999999648], [135.33500000002064, -10.614999999999647], [135.32500000002062, -10.614999999999647], [135.32500000002062, -10.604999999999645], [135.30500000002064, -10.604999999999645], [135.30500000002064, -10.594999999999647], [135.29500000002062, -10.594999999999647], [135.29500000002062, -10.58499999999965], [135.2850000000206, -10.58499999999965], [135.2850000000206, -10.574999999999648], [135.2750000000206, -10.574999999999648], [135.2750000000206, -10.564999999999646], [135.2550000000206, -10.564999999999646], [135.2550000000206, -10.554999999999648], [135.24500000002058, -10.554999999999648], [135.24500000002058, -10.54499999999965], [135.2350000000206, -10.54499999999965], [135.2350000000206, -10.524999999999647], [135.2250000000206, -10.524999999999647], [135.2250000000206, -10.514999999999649], [135.21500000002058, -10.514999999999649], [135.21500000002058, -10.50499999999965], [135.20500000002056, -10.50499999999965], [135.20500000002056, -10.484999999999648], [135.19500000002057, -10.484999999999648], [135.19500000002057, -10.47499999999965], [135.18500000002058, -10.47499999999965], [135.18500000002058, -10.45499999999965], [135.17500000002056, -10.45499999999965], [135.17500000002056, -10.444999999999649], [135.16500000002054, -10.444999999999649], [135.16500000002054, -10.43499999999965], [135.15500000002055, -10.43499999999965], [135.15500000002055, -10.414999999999651], [135.14500000002056, -10.414999999999651], [135.14500000002056, -10.40499999999965], [135.13500000002054, -10.40499999999965], [135.13500000002054, -10.384999999999653], [135.12500000002052, -10.384999999999653], [135.12500000002052, -10.374999999999652], [135.11500000002053, -10.374999999999652], [135.11500000002053, -10.36499999999965], [135.10500000002054, -10.36499999999965], [135.10500000002054, -10.344999999999654], [135.09500000002052, -10.344999999999654], [135.09500000002052, -10.334999999999653], [135.0850000000205, -10.334999999999653], [135.0850000000205, -10.324999999999651], [135.0750000000205, -10.324999999999651], [135.0750000000205, -10.304999999999655], [135.06500000002052, -10.304999999999655], [135.06500000002052, -10.294999999999654], [135.0550000000205, -10.294999999999654], [135.0550000000205, -10.284999999999652], [135.04500000002048, -10.284999999999652], [135.04500000002048, -10.274999999999654], [135.0350000000205, -10.274999999999654], [135.0350000000205, -10.254999999999654], [135.0250000000205, -10.254999999999654], [135.0250000000205, -10.244999999999653], [135.01500000002048, -10.244999999999653], [135.01500000002048, -10.224999999999657], [135.00500000002046, -10.224999999999657], [135.00500000002046, -10.204999999999654], [134.99500000002047, -10.204999999999654], [134.99500000002047, -10.184999999999658], [134.98500000002048, -10.184999999999658], [134.98500000002048, -10.164999999999655], [134.97500000002046, -10.164999999999655], [134.97500000002046, -10.144999999999659], [134.96500000002044, -10.144999999999659], [134.96500000002044, -10.114999999999657], [134.95500000002045, -10.114999999999657], [134.95500000002045, -10.084999999999656], [134.94500000002046, -10.084999999999656], [134.94500000002046, -10.044999999999657], [134.93500000002044, -10.044999999999657], [134.93500000002044, -9.784999999999663], [134.94500000002046, -9.784999999999663], [134.94500000002046, -9.614999999999668], [134.95500000002045, -9.614999999999668], [134.95500000002045, -9.504999999999669], [134.96500000002044, -9.504999999999669], [134.96500000002044, -9.484999999999669], [134.97500000002046, -9.484999999999669], [134.97500000002046, -9.46499999999967], [134.98500000002048, -9.46499999999967], [134.98500000002048, -9.454999999999671], [134.99500000002047, -9.454999999999671], [134.99500000002047, -9.44499999999967], [135.0350000000205, -9.44499999999967], [135.0350000000205, -9.454999999999671], [135.0850000000205, -9.454999999999671], [135.0850000000205, -9.46499999999967], [135.15500000002055, -9.46499999999967], [135.15500000002055, -9.474999999999671], [135.24500000002058, -9.474999999999671], [135.24500000002058, -9.484999999999669], [135.26500000002062, -9.484999999999669], [135.26500000002062, -9.49499999999967], [135.2750000000206, -9.49499999999967], [135.2750000000206, -9.504999999999669], [135.2850000000206, -9.504999999999669], [135.2850000000206, -9.51499999999967], [135.29500000002062, -9.51499999999967], [135.29500000002062, -9.53499999999967], [135.30500000002064, -9.53499999999967], [135.30500000002064, -9.55499999999967], [135.31500000002063, -9.55499999999967], [135.31500000002063, -9.564999999999667], [135.32500000002062, -9.564999999999667], [135.32500000002062, -9.584999999999667], [135.33500000002064, -9.584999999999667], [135.33500000002064, -9.594999999999668], [135.34500000002066, -9.594999999999668], [135.34500000002066, -9.604999999999666], [135.35500000002065, -9.604999999999666], [135.35500000002065, -9.614999999999668], [135.36500000002064, -9.614999999999668], [135.36500000002064, -9.624999999999666], [135.37500000002066, -9.624999999999666], [135.37500000002066, -9.634999999999668], [135.39500000002067, -9.634999999999668], [135.39500000002067, -9.644999999999666], [135.40500000002066, -9.644999999999666], [135.40500000002066, -9.654999999999667], [135.41500000002068, -9.654999999999667], [135.41500000002068, -9.664999999999665], [135.4350000000207, -9.664999999999665], [135.4350000000207, -9.674999999999667], [135.4550000000207, -9.674999999999667], [135.4550000000207, -9.684999999999665], [135.4750000000207, -9.684999999999665], [135.4750000000207, -9.694999999999666], [135.49500000002072, -9.694999999999666], [135.49500000002072, -9.684999999999665], [135.50500000002074, -9.684999999999665], [135.50500000002074, -9.674999999999667], [135.51500000002073, -9.674999999999667], [135.51500000002073, -9.644999999999666], [135.52500000002073, -9.644999999999666], [135.52500000002073, -9.624999999999666], [135.53500000002074, -9.624999999999666], [135.53500000002074, -9.604999999999666], [135.54500000002076, -9.604999999999666], [135.54500000002076, -9.574999999999669], [135.55500000002075, -9.574999999999669], [135.55500000002075, -9.564999999999667], [135.56500000002075, -9.564999999999667], [135.56500000002075, -9.544999999999668], [135.57500000002076, -9.544999999999668], [135.57500000002076, -9.524999999999668], [135.58500000002078, -9.524999999999668], [135.58500000002078, -9.504999999999669], [135.59500000002078, -9.504999999999669], [135.59500000002078, -9.394999999999673], [135.58500000002078, -9.394999999999673], [135.58500000002078, -9.254999999999676], [135.57500000002076, -9.254999999999676], [135.57500000002076, -9.234999999999676], [135.56500000002075, -9.234999999999676], [135.56500000002075, -9.224999999999675], [135.55500000002075, -9.224999999999675], [135.55500000002075, -9.214999999999677], [135.54500000002076, -9.214999999999677], [135.54500000002076, -9.204999999999675], [135.53500000002074, -9.204999999999675], [135.53500000002074, -9.184999999999675], [135.52500000002073, -9.184999999999675], [135.52500000002073, -9.174999999999677], [135.51500000002073, -9.174999999999677], [135.51500000002073, -9.164999999999676], [135.50500000002074, -9.164999999999676], [135.50500000002074, -9.154999999999678], [135.4850000000207, -9.154999999999678], [135.4850000000207, -9.144999999999676], [135.4250000000207, -9.144999999999676], [135.4250000000207, -9.134999999999678], [135.35500000002065, -9.134999999999678], [135.35500000002065, -9.124999999999677], [135.2550000000206, -9.124999999999677], [135.2550000000206, -9.114999999999679], [135.21500000002058, -9.114999999999679], [135.21500000002058, -9.104999999999677], [135.19500000002057, -9.104999999999677], [135.19500000002057, -9.09499999999968], [135.17500000002056, -9.09499999999968], [135.17500000002056, -9.084999999999678], [135.15500000002055, -9.084999999999678], [135.15500000002055, -9.07499999999968], [135.14500000002056, -9.07499999999968], [135.14500000002056, -9.064999999999678], [135.13500000002054, -9.064999999999678], [135.13500000002054, -9.05499999999968], [135.12500000002052, -9.05499999999968], [135.12500000002052, -9.044999999999678], [135.11500000002053, -9.044999999999678], [135.11500000002053, -9.024999999999679], [135.10500000002054, -9.024999999999679], [135.10500000002054, -9.01499999999968], [135.09500000002052, -9.01499999999968], [135.09500000002052, -8.994999999999681], [135.0750000000205, -8.994999999999681], [135.0750000000205, -8.98499999999968], [135.06500000002052, -8.98499999999968], [135.06500000002052, -8.974999999999682], [135.04500000002048, -8.974999999999682], [135.04500000002048, -8.96499999999968], [135.0250000000205, -8.96499999999968], [135.0250000000205, -8.954999999999682], [134.94500000002046, -8.954999999999682], [134.94500000002046, -8.94499999999968], [134.75500000002035, -8.94499999999968], [134.75500000002035, -8.934999999999683], [134.72500000002032, -8.934999999999683], [134.72500000002032, -8.924999999999681], [134.70500000002033, -8.924999999999681], [134.70500000002033, -8.914999999999683], [134.6850000000203, -8.914999999999683], [134.6850000000203, -8.904999999999681], [134.6750000000203, -8.904999999999681], [134.6750000000203, -8.894999999999683], [134.6650000000203, -8.894999999999683], [134.6650000000203, -8.884999999999682], [134.6550000000203, -8.884999999999682], [134.6550000000203, -8.874999999999684], [134.64500000002027, -8.874999999999684], [134.64500000002027, -8.864999999999682], [134.63500000002028, -8.864999999999682], [134.63500000002028, -8.844999999999683], [134.6250000000203, -8.844999999999683], [134.6250000000203, -8.824999999999683], [134.61500000002027, -8.824999999999683], [134.61500000002027, -8.794999999999686], [134.60500000002025, -8.794999999999686], [134.60500000002025, -8.764999999999684], [134.59500000002026, -8.764999999999684], [134.59500000002026, -8.734999999999687], [134.58500000002027, -8.734999999999687], [134.58500000002027, -8.704999999999686], [134.57500000002025, -8.704999999999686], [134.57500000002025, -8.684999999999686], [134.56500000002023, -8.684999999999686], [134.56500000002023, -8.664999999999687], [134.55500000002024, -8.664999999999687], [134.55500000002024, -8.634999999999689], [134.54500000002025, -8.634999999999689], [134.54500000002025, -8.61499999999969], [134.53500000002023, -8.61499999999969], [134.53500000002023, -8.59499999999969], [134.5250000000202, -8.59499999999969], [134.5250000000202, -8.57499999999969], [134.51500000002022, -8.57499999999969], [134.51500000002022, -8.55499999999969], [134.50500000002023, -8.55499999999969], [134.50500000002023, -8.534999999999691], [134.4950000000202, -8.534999999999691], [134.4950000000202, -8.52499999999969], [134.4750000000202, -8.52499999999969], [134.4750000000202, -8.514999999999691], [134.4650000000202, -8.514999999999691], [134.4650000000202, -8.50499999999969], [134.4550000000202, -8.50499999999969], [134.4550000000202, -8.494999999999692], [134.44500000002017, -8.494999999999692], [134.44500000002017, -8.48499999999969], [134.43500000002018, -8.48499999999969], [134.43500000002018, -8.46499999999969], [134.4250000000202, -8.46499999999969], [134.4250000000202, -8.434999999999693], [134.41500000002017, -8.434999999999693], [134.41500000002017, -8.394999999999694], [134.40500000002015, -8.394999999999694], [134.40500000002015, -8.334999999999695], [134.39500000002016, -8.334999999999695], [134.39500000002016, -8.244999999999695], [134.38500000002017, -8.244999999999695], [134.38500000002017, -8.194999999999698], [134.37500000002015, -8.194999999999698], [134.37500000002015, -8.1549999999997], [134.36500000002013, -8.1549999999997], [134.36500000002013, -8.1149999999997], [134.35500000002014, -8.1149999999997], [134.35500000002014, -8.084999999999699], [134.34500000002015, -8.084999999999699], [134.34500000002015, -8.054999999999701], [134.33500000002013, -8.054999999999701], [134.33500000002013, -8.0249999999997], [134.3250000000201, -8.0249999999997], [134.3250000000201, -8.0049999999997], [134.31500000002012, -8.0049999999997], [134.31500000002012, -7.974999999999702], [134.30500000002013, -7.974999999999702], [134.30500000002013, -7.9549999999997025], [134.2950000000201, -7.9549999999997025], [134.2950000000201, -7.934999999999703], [134.2850000000201, -7.934999999999703], [134.2850000000201, -7.904999999999704], [134.2750000000201, -7.904999999999704], [134.2750000000201, -7.884999999999704], [134.2650000000201, -7.884999999999704], [134.2650000000201, -7.854999999999705], [134.2550000000201, -7.854999999999705], [134.2550000000201, -7.824999999999705], [134.24500000002007, -7.824999999999705], [134.24500000002007, -7.794999999999706], [134.23500000002008, -7.794999999999706], [134.23500000002008, -7.694999999999708], [134.24500000002007, -7.694999999999708], [134.24500000002007, -7.664999999999709], [134.2550000000201, -7.664999999999709], [134.2550000000201, -7.62499999999971], [134.2650000000201, -7.62499999999971], [134.2650000000201, -7.58499999999971], [134.2750000000201, -7.58499999999971], [134.2750000000201, -7.554999999999711], [134.2850000000201, -7.554999999999711], [134.2850000000201, -7.514999999999712], [134.2950000000201, -7.514999999999712], [134.2950000000201, -7.454999999999713], [134.2850000000201, -7.454999999999713], [134.2850000000201, -7.414999999999714], [134.2750000000201, -7.414999999999714], [134.2750000000201, -7.3949999999997145], [134.2650000000201, -7.3949999999997145], [134.2650000000201, -7.384999999999715], [134.2550000000201, -7.384999999999715], [134.2550000000201, -7.364999999999715], [134.24500000002007, -7.364999999999715], [134.24500000002007, -7.3449999999997155], [134.23500000002008, -7.3449999999997155], [134.23500000002008, -7.284999999999717], [134.2250000000201, -7.284999999999717], [134.2250000000201, -7.234999999999718], [134.21500000002007, -7.234999999999718], [134.21500000002007, -7.224999999999718], [134.20500000002005, -7.224999999999718], [134.20500000002005, -7.2049999999997185], [134.19500000002006, -7.2049999999997185], [134.19500000002006, -7.184999999999719], [134.18500000002007, -7.184999999999719], [134.18500000002007, -7.174999999999719], [134.17500000002005, -7.174999999999719], [134.17500000002005, -7.164999999999719], [134.16500000002003, -7.164999999999719], [134.16500000002003, -7.15499999999972], [134.15500000002004, -7.15499999999972], [134.15500000002004, -7.14499999999972], [134.14500000002005, -7.14499999999972], [134.14500000002005, -7.13499999999972], [134.13500000002003, -7.13499999999972], [134.13500000002003, -7.12499999999972], [134.12500000002, -7.12499999999972], [134.12500000002, -7.11499999999972], [134.10500000002003, -7.11499999999972], [134.10500000002003, -7.104999999999721], [134.09500000002, -7.104999999999721], [134.09500000002, -7.094999999999721], [134.07500000002, -7.094999999999721], [134.07500000002, -7.084999999999721], [134.05500000002, -7.084999999999721], [134.05500000002, -7.074999999999721], [134.03500000001998, -7.074999999999721], [134.03500000001998, -7.0649999999997215], [134.01500000001997, -7.0649999999997215], [134.01500000001997, -7.054999999999722], [133.99500000001996, -7.054999999999722], [133.99500000001996, -7.044999999999722], [133.98500000001997, -7.044999999999722], [133.98500000001997, -7.034999999999722], [133.96500000001993, -7.034999999999722], [133.96500000001993, -7.024999999999722], [133.95500000001994, -7.024999999999722], [133.95500000001994, -7.004999999999723], [133.94500000001995, -7.004999999999723], [133.94500000001995, -6.994999999999723], [133.95500000001994, -6.994999999999723], [133.95500000001994, -6.984999999999723], [133.97500000001995, -6.984999999999723], [133.97500000001995, -6.974999999999723], [133.99500000001996, -6.974999999999723], [133.99500000001996, -6.964999999999724], [134.02500000002, -6.964999999999724], [134.02500000002, -6.954999999999724], [134.05500000002, -6.954999999999724], [134.05500000002, -6.944999999999724], [134.07500000002, -6.944999999999724], [134.07500000002, -6.934999999999724], [134.09500000002, -6.934999999999724], [134.09500000002, -6.9249999999997245], [134.10500000002003, -6.9249999999997245], [134.10500000002003, -6.914999999999725], [134.11500000002002, -6.914999999999725], [134.11500000002002, -6.904999999999725], [134.12500000002, -6.904999999999725], [134.12500000002, -6.894999999999725], [134.13500000002003, -6.894999999999725], [134.13500000002003, -6.884999999999725], [134.14500000002005, -6.884999999999725], [134.14500000002005, -6.8749999999997256], [134.15500000002004, -6.8749999999997256], [134.15500000002004, -6.854999999999726], [134.16500000002003, -6.854999999999726], [134.16500000002003, -6.824999999999727], [134.17500000002005, -6.824999999999727], [134.17500000002005, -6.794999999999727], [134.18500000002007, -6.794999999999727], [134.18500000002007, -6.764999999999728], [134.19500000002006, -6.764999999999728], [134.19500000002006, -6.724999999999729], [134.20500000002005, -6.724999999999729], [134.20500000002005, -6.694999999999729], [134.21500000002007, -6.694999999999729], [134.21500000002007, -6.65499999999973], [134.2250000000201, -6.65499999999973], [134.2250000000201, -6.624999999999731], [134.23500000002008, -6.624999999999731], [134.23500000002008, -6.5949999999997315], [134.24500000002007, -6.5949999999997315], [134.24500000002007, -6.564999999999732], [134.2550000000201, -6.564999999999732], [134.2550000000201, -6.544999999999733], [134.2650000000201, -6.544999999999733], [134.2650000000201, -6.534999999999733], [134.2750000000201, -6.534999999999733], [134.2750000000201, -6.504999999999733], [134.2850000000201, -6.504999999999733], [134.2850000000201, -6.464999999999734], [134.2950000000201, -6.464999999999734], [134.2950000000201, -6.444999999999735], [134.30500000002013, -6.444999999999735], [134.30500000002013, -6.424999999999735], [134.31500000002012, -6.424999999999735], [134.31500000002012, -6.404999999999736], [134.3250000000201, -6.404999999999736], [134.3250000000201, -6.394999999999736], [134.33500000002013, -6.394999999999736], [134.33500000002013, -6.384999999999736], [134.34500000002015, -6.384999999999736], [134.34500000002015, -6.374999999999736], [134.36500000002013, -6.374999999999736], [134.36500000002013, -6.364999999999736], [134.37500000002015, -6.364999999999736], [134.37500000002015, -6.354999999999737], [134.40500000002015, -6.354999999999737], [134.40500000002015, -6.344999999999737], [134.43500000002018, -6.344999999999737], [134.43500000002018, -6.334999999999737], [134.53500000002023, -6.334999999999737], [134.53500000002023, -6.344999999999737], [134.55500000002024, -6.344999999999737], [134.55500000002024, -6.354999999999737], [134.57500000002025, -6.354999999999737]]], [[[141.2950000000237, -8.46499999999969], [141.2950000000237, -8.474999999999692], [141.3050000000237, -8.474999999999692], [141.3050000000237, -8.48499999999969], [141.3250000000237, -8.48499999999969], [141.3250000000237, -8.494999999999692], [141.3350000000237, -8.494999999999692], [141.3350000000237, -8.50499999999969], [141.3250000000237, -8.50499999999969], [141.3250000000237, -8.514999999999691], [141.3150000000237, -8.514999999999691], [141.3150000000237, -8.52499999999969], [141.3050000000237, -8.52499999999969], [141.3050000000237, -8.534999999999691], [141.27500000002368, -8.534999999999691], [141.27500000002368, -8.544999999999689], [141.20500000002363, -8.544999999999689], [141.20500000002363, -8.534999999999691], [141.17500000002363, -8.534999999999691], [141.17500000002363, -8.52499999999969], [141.15500000002362, -8.52499999999969], [141.15500000002362, -8.514999999999691], [141.14500000002363, -8.514999999999691], [141.14500000002363, -8.494999999999692], [141.15500000002362, -8.494999999999692], [141.15500000002362, -8.48499999999969], [141.1650000000236, -8.48499999999969], [141.1650000000236, -8.474999999999692], [141.18500000002365, -8.474999999999692], [141.18500000002365, -8.46499999999969], [141.20500000002363, -8.46499999999969], [141.20500000002363, -8.454999999999693], [141.23500000002366, -8.454999999999693], [141.23500000002366, -8.444999999999691], [141.2650000000237, -8.444999999999691], [141.2650000000237, -8.454999999999693], [141.27500000002368, -8.454999999999693], [141.27500000002368, -8.46499999999969], [141.2950000000237, -8.46499999999969]]], [[[141.05500000002357, -7.994999999999702], [141.05500000002357, -8.0249999999997], [141.04500000002355, -8.0249999999997], [141.04500000002355, -8.034999999999702], [141.03500000002356, -8.034999999999702], [141.03500000002356, -8.0449999999997], [141.02500000002357, -8.0449999999997], [141.02500000002357, -8.054999999999701], [141.01500000002355, -8.054999999999701], [141.01500000002355, -8.0649999999997], [140.99500000002354, -8.0649999999997], [140.99500000002354, -8.0449999999997], [140.98500000002355, -8.0449999999997], [140.98500000002355, -8.014999999999702], [140.97500000002353, -8.014999999999702], [140.97500000002353, -8.0049999999997], [140.98500000002355, -8.0049999999997], [140.98500000002355, -7.984999999999702], [140.99500000002354, -7.984999999999702], [140.99500000002354, -7.974999999999702], [141.02500000002357, -7.974999999999702], [141.02500000002357, -7.984999999999702], [141.04500000002355, -7.984999999999702], [141.04500000002355, -7.994999999999702], [141.05500000002357, -7.994999999999702]]], [[[139.0050000000225, -6.974999999999723], [139.0050000000225, -6.984999999999723], [139.01500000002252, -6.984999999999723], [139.01500000002252, -7.004999999999723], [138.99500000002251, -7.004999999999723], [138.99500000002251, -7.014999999999723], [138.82500000002244, -7.014999999999723], [138.82500000002244, -7.024999999999722], [138.72500000002236, -7.024999999999722], [138.72500000002236, -7.014999999999723], [138.67500000002235, -7.014999999999723], [138.67500000002235, -7.004999999999723], [138.66500000002236, -7.004999999999723], [138.66500000002236, -6.984999999999723], [138.68500000002234, -6.984999999999723], [138.68500000002234, -6.974999999999723], [138.70500000002238, -6.974999999999723], [138.70500000002238, -6.964999999999724], [138.73500000002238, -6.964999999999724], [138.73500000002238, -6.954999999999724], [138.85500000002244, -6.954999999999724], [138.85500000002244, -6.964999999999724], [138.9550000000225, -6.964999999999724], [138.9550000000225, -6.974999999999723], [139.0050000000225, -6.974999999999723]]], [[[133.75500000001983, -6.774999999999728], [133.75500000001983, -6.7849999999997275], [133.73500000001982, -6.7849999999997275], [133.73500000001982, -6.774999999999728], [133.7150000000198, -6.774999999999728], [133.7150000000198, -6.764999999999728], [133.6950000000198, -6.764999999999728], [133.6950000000198, -6.744999999999728], [133.7150000000198, -6.744999999999728], [133.7150000000198, -6.7349999999997285], [133.75500000001983, -6.7349999999997285], [133.75500000001983, -6.744999999999728], [133.76500000001982, -6.744999999999728], [133.76500000001982, -6.774999999999728], [133.75500000001983, -6.774999999999728]]], [[[134.78500000002037, -5.394999999999757], [134.78500000002037, -5.414999999999757], [134.79500000002037, -5.414999999999757], [134.79500000002037, -5.4249999999997565], [134.80500000002036, -5.4249999999997565], [134.80500000002036, -5.434999999999756], [134.81500000002038, -5.434999999999756], [134.81500000002038, -5.444999999999756], [134.8250000000204, -5.444999999999756], [134.8250000000204, -5.464999999999756], [134.8350000000204, -5.464999999999756], [134.8350000000204, -5.474999999999755], [134.84500000002038, -5.474999999999755], [134.84500000002038, -5.484999999999755], [134.8550000000204, -5.484999999999755], [134.8550000000204, -5.504999999999755], [134.86500000002042, -5.504999999999755], [134.86500000002042, -5.544999999999754], [134.8750000000204, -5.544999999999754], [134.8750000000204, -5.604999999999753], [134.8850000000204, -5.604999999999753], [134.8850000000204, -5.674999999999751], [134.89500000002042, -5.674999999999751], [134.89500000002042, -5.754999999999749], [134.8850000000204, -5.754999999999749], [134.8850000000204, -5.764999999999749], [134.8750000000204, -5.764999999999749], [134.8750000000204, -5.774999999999749], [134.86500000002042, -5.774999999999749], [134.86500000002042, -5.784999999999749], [134.84500000002038, -5.784999999999749], [134.84500000002038, -5.794999999999749], [134.8250000000204, -5.794999999999749], [134.8250000000204, -5.804999999999748], [134.80500000002036, -5.804999999999748], [134.80500000002036, -5.814999999999748], [134.77500000002036, -5.814999999999748], [134.77500000002036, -5.824999999999748], [134.72500000002032, -5.824999999999748], [134.72500000002032, -5.814999999999748], [134.6850000000203, -5.814999999999748], [134.6850000000203, -5.804999999999748], [134.6650000000203, -5.804999999999748], [134.6650000000203, -5.794999999999749], [134.64500000002027, -5.794999999999749], [134.64500000002027, -5.784999999999749], [134.63500000002028, -5.784999999999749], [134.63500000002028, -5.774999999999749], [134.61500000002027, -5.774999999999749], [134.61500000002027, -5.754999999999749], [134.60500000002025, -5.754999999999749], [134.60500000002025, -5.74499999999975], [134.61500000002027, -5.74499999999975], [134.61500000002027, -5.72499999999975], [134.6250000000203, -5.72499999999975], [134.6250000000203, -5.71499999999975], [134.63500000002028, -5.71499999999975], [134.63500000002028, -5.694999999999751], [134.64500000002027, -5.694999999999751], [134.64500000002027, -5.684999999999751], [134.6550000000203, -5.684999999999751], [134.6550000000203, -5.664999999999751], [134.6650000000203, -5.664999999999751], [134.6650000000203, -5.644999999999752], [134.6750000000203, -5.644999999999752], [134.6750000000203, -5.614999999999752], [134.6850000000203, -5.614999999999752], [134.6850000000203, -5.594999999999753], [134.69500000002031, -5.594999999999753], [134.69500000002031, -5.554999999999754], [134.70500000002033, -5.554999999999754], [134.70500000002033, -5.524999999999754], [134.71500000002032, -5.524999999999754], [134.71500000002032, -5.464999999999756], [134.72500000002032, -5.464999999999756], [134.72500000002032, -5.414999999999757], [134.73500000002034, -5.414999999999757], [134.73500000002034, -5.384999999999757], [134.74500000002035, -5.384999999999757], [134.74500000002035, -5.3749999999997575], [134.76500000002034, -5.3749999999997575], [134.76500000002034, -5.384999999999757], [134.77500000002036, -5.384999999999757], [134.77500000002036, -5.394999999999757], [134.78500000002037, -5.394999999999757]]], [[[133.5250000000197, -3.334999999999801], [133.5250000000197, -3.3549999999998006], [133.53500000001972, -3.3549999999998006], [133.53500000001972, -3.3649999999998004], [133.54500000001974, -3.3649999999998004], [133.54500000001974, -3.3849999999998], [133.55500000001973, -3.3849999999998], [133.55500000001973, -3.3949999999997997], [133.56500000001972, -3.3949999999997997], [133.56500000001972, -3.4149999999997993], [133.57500000001974, -3.4149999999997993], [133.57500000001974, -3.424999999999799], [133.58500000001976, -3.424999999999799], [133.58500000001976, -3.434999999999799], [133.59500000001975, -3.434999999999799], [133.59500000001975, -3.4449999999997987], [133.60500000001974, -3.4449999999997987], [133.60500000001974, -3.4649999999997982], [133.61500000001976, -3.4649999999997982], [133.61500000001976, -3.474999999999798], [133.62500000001978, -3.474999999999798], [133.62500000001978, -3.484999999999798], [133.63500000001977, -3.484999999999798], [133.63500000001977, -3.514999999999797], [133.62500000001978, -3.514999999999797], [133.62500000001978, -3.524999999999797], [133.61500000001976, -3.524999999999797], [133.61500000001976, -3.5349999999997967], [133.60500000001974, -3.5349999999997967], [133.60500000001974, -3.5449999999997965], [133.59500000001975, -3.5449999999997965], [133.59500000001975, -3.5549999999997963], [133.58500000001976, -3.5549999999997963], [133.58500000001976, -3.564999999999796], [133.57500000001974, -3.564999999999796], [133.57500000001974, -3.574999999999796], [133.56500000001972, -3.574999999999796], [133.56500000001972, -3.5849999999997957], [133.54500000001974, -3.5849999999997957], [133.54500000001974, -3.5949999999997955], [133.5250000000197, -3.5949999999997955], [133.5250000000197, -3.6049999999997953], [133.5150000000197, -3.6049999999997953], [133.5150000000197, -3.614999999999795], [133.45500000001968, -3.614999999999795], [133.45500000001968, -3.6049999999997953], [133.40500000001964, -3.6049999999997953], [133.40500000001964, -3.5949999999997955], [133.37500000001964, -3.5949999999997955], [133.37500000001964, -3.5849999999997957], [133.35500000001963, -3.5849999999997957], [133.35500000001963, -3.574999999999796], [133.33500000001962, -3.574999999999796], [133.33500000001962, -3.564999999999796], [133.3250000000196, -3.564999999999796], [133.3250000000196, -3.5549999999997963], [133.3150000000196, -3.5549999999997963], [133.3150000000196, -3.5449999999997965], [133.30500000001962, -3.5449999999997965], [133.30500000001962, -3.5349999999997967], [133.2950000000196, -3.5349999999997967], [133.2950000000196, -3.514999999999797], [133.28500000001958, -3.514999999999797], [133.28500000001958, -3.4949999999997976], [133.2950000000196, -3.4949999999997976], [133.2950000000196, -3.484999999999798], [133.30500000001962, -3.484999999999798], [133.30500000001962, -3.474999999999798], [133.3150000000196, -3.474999999999798], [133.3150000000196, -3.4649999999997982], [133.3250000000196, -3.4649999999997982], [133.3250000000196, -3.4549999999997985], [133.33500000001962, -3.4549999999997985], [133.33500000001962, -3.4449999999997987], [133.34500000001964, -3.4449999999997987], [133.34500000001964, -3.434999999999799], [133.35500000001963, -3.434999999999799], [133.35500000001963, -3.424999999999799], [133.36500000001962, -3.424999999999799], [133.36500000001962, -3.4149999999997993], [133.37500000001964, -3.4149999999997993], [133.37500000001964, -3.4049999999997995], [133.38500000001966, -3.4049999999997995], [133.38500000001966, -3.3949999999997997], [133.39500000001965, -3.3949999999997997], [133.39500000001965, -3.3849999999998], [133.40500000001964, -3.3849999999998], [133.40500000001964, -3.3749999999998], [133.42500000001968, -3.3749999999998], [133.42500000001968, -3.3649999999998004], [133.43500000001967, -3.3649999999998004], [133.43500000001967, -3.3549999999998006], [133.44500000001966, -3.3549999999998006], [133.44500000001966, -3.344999999999801], [133.45500000001968, -3.344999999999801], [133.45500000001968, -3.334999999999801], [133.4750000000197, -3.334999999999801], [133.4750000000197, -3.3249999999998012], [133.48500000001968, -3.3249999999998012], [133.48500000001968, -3.3149999999998014], [133.50500000001972, -3.3149999999998014], [133.50500000001972, -3.3249999999998012], [133.5150000000197, -3.3249999999998012], [133.5150000000197, -3.334999999999801], [133.5250000000197, -3.334999999999801]]], [[[132.01500000001894, -2.354999999999822], [132.01500000001894, -2.3849999999998213], [132.02500000001896, -2.3849999999998213], [132.02500000001896, -2.4149999999998206], [132.03500000001895, -2.4149999999998206], [132.03500000001895, -2.4549999999998198], [132.04500000001894, -2.4549999999998198], [132.04500000001894, -2.5249999999998183], [132.03500000001895, -2.5249999999998183], [132.03500000001895, -2.544999999999818], [132.02500000001896, -2.544999999999818], [132.02500000001896, -2.5549999999998176], [132.01500000001894, -2.5549999999998176], [132.01500000001894, -2.574999999999817], [132.00500000001892, -2.574999999999817], [132.00500000001892, -2.584999999999817], [131.9650000000189, -2.584999999999817], [131.9650000000189, -2.574999999999817], [131.9550000000189, -2.574999999999817], [131.9550000000189, -2.5649999999998174], [131.9350000000189, -2.5649999999998174], [131.9350000000189, -2.5549999999998176], [131.92500000001888, -2.5549999999998176], [131.92500000001888, -2.544999999999818], [131.9150000000189, -2.544999999999818], [131.9150000000189, -2.534999999999818], [131.9050000000189, -2.534999999999818], [131.9050000000189, -2.5249999999998183], [131.89500000001888, -2.5249999999998183], [131.89500000001888, -2.5149999999998185], [131.88500000001886, -2.5149999999998185], [131.88500000001886, -2.4649999999998196], [131.89500000001888, -2.4649999999998196], [131.89500000001888, -2.43499999999982], [131.9050000000189, -2.43499999999982], [131.9050000000189, -2.4149999999998206], [131.9150000000189, -2.4149999999998206], [131.9150000000189, -2.394999999999821], [131.92500000001888, -2.394999999999821], [131.92500000001888, -2.3849999999998213], [131.9350000000189, -2.3849999999998213], [131.9350000000189, -2.3649999999998217], [131.94500000001892, -2.3649999999998217], [131.94500000001892, -2.354999999999822], [131.9650000000189, -2.354999999999822], [131.9650000000189, -2.344999999999822], [131.97500000001892, -2.344999999999822], [131.97500000001892, -2.3349999999998223], [131.99500000001893, -2.3349999999998223], [131.99500000001893, -2.344999999999822], [132.00500000001892, -2.344999999999822], [132.00500000001892, -2.354999999999822], [132.01500000001894, -2.354999999999822]]], [[[127.75500000001676, 0.2350000000001229], [127.75500000001676, 0.21500000000012331], [127.73500000001675, 0.21500000000012331], [127.73500000001675, 0.2250000000001231], [127.72500000001675, 0.2250000000001231], [127.72500000001675, 0.2350000000001229], [127.71500000001674, 0.2350000000001229], [127.71500000001674, 0.26500000000012225], [127.72500000001675, 0.26500000000012225], [127.72500000001675, 0.27500000000012204], [127.73500000001675, 0.27500000000012204], [127.73500000001675, 0.2850000000001218], [127.75500000001676, 0.2850000000001218], [127.75500000001676, 0.27500000000012204], [127.76500000001677, 0.27500000000012204], [127.76500000001677, 0.2350000000001229], [127.75500000001676, 0.2350000000001229]]], [[[128.00500000001688, 0.9850000000001069], [128.00500000001688, 0.9750000000001071], [127.98500000001688, 0.9750000000001071], [127.98500000001688, 0.9850000000001069], [127.96500000001687, 0.9850000000001069], [127.96500000001687, 1.0050000000001065], [127.95500000001687, 1.0050000000001065], [127.95500000001687, 1.0150000000001063], [127.96500000001687, 1.0150000000001063], [127.96500000001687, 1.0350000000001058], [127.97500000001688, 1.0350000000001058], [127.97500000001688, 1.0550000000001054], [127.98500000001688, 1.0550000000001054], [127.98500000001688, 1.0650000000001052], [128.00500000001688, 1.0650000000001052], [128.00500000001688, 1.0450000000001056], [128.0150000000169, 1.0450000000001056], [128.0150000000169, 0.9850000000001069], [128.00500000001688, 0.9850000000001069]]], [[[128.02500000001692, 2.295000000000079], [128.02500000001692, 2.285000000000079], [128.0350000000169, 2.285000000000079], [128.0350000000169, 2.2650000000000796], [128.0450000000169, 2.2650000000000796], [128.0450000000169, 2.25500000000008], [128.0350000000169, 2.25500000000008], [128.0350000000169, 2.24500000000008], [128.02500000001692, 2.24500000000008], [128.02500000001692, 2.2350000000000803], [128.00500000001688, 2.2350000000000803], [128.00500000001688, 2.2250000000000805], [127.97500000001688, 2.2250000000000805], [127.97500000001688, 2.2350000000000803], [127.91500000001685, 2.2350000000000803], [127.91500000001685, 2.24500000000008], [127.89500000001684, 2.24500000000008], [127.89500000001684, 2.25500000000008], [127.88500000001683, 2.25500000000008], [127.88500000001683, 2.2650000000000796], [127.89500000001684, 2.2650000000000796], [127.89500000001684, 2.2750000000000794], [127.90500000001684, 2.2750000000000794], [127.90500000001684, 2.285000000000079], [127.91500000001685, 2.285000000000079], [127.91500000001685, 2.295000000000079], [127.93500000001686, 2.295000000000079], [127.93500000001686, 2.3050000000000788], [127.95500000001687, 2.3050000000000788], [127.95500000001687, 2.3150000000000786], [127.97500000001688, 2.3150000000000786], [127.97500000001688, 2.3250000000000783], [128.00500000001688, 2.3250000000000783], [128.00500000001688, 2.3150000000000786], [128.0150000000169, 2.3150000000000786], [128.0150000000169, 2.295000000000079], [128.02500000001692, 2.295000000000079]]], [[[141.93500000002402, 5.855000000000003], [141.93500000002402, 5.865000000000003], [141.915000000024, 5.865000000000003], [141.915000000024, 5.875000000000003], [141.895000000024, 5.875000000000003], [141.895000000024, 5.8850000000000025], [141.88500000002398, 5.8850000000000025], [141.88500000002398, 5.895000000000002], [141.875000000024, 5.895000000000002], [141.875000000024, 5.905000000000002], [141.865000000024, 5.905000000000002], [141.865000000024, 5.915000000000002], [141.85500000002398, 5.915000000000002], [141.85500000002398, 5.925000000000002], [141.84500000002396, 5.925000000000002], [141.84500000002396, 5.945000000000001], [141.83500000002397, 5.945000000000001], [141.83500000002397, 5.955000000000001], [141.82500000002398, 5.955000000000001], [141.82500000002398, 5.985], [141.81500000002396, 5.985], [141.81500000002396, 6.005], [142.00500000002404, 6.005], [142.00500000002404, 5.845000000000003], [141.96500000002402, 5.845000000000003], [141.96500000002402, 5.855000000000003], [141.93500000002402, 5.855000000000003]]], [[[126.01500000001587, 5.985], [126.01500000001587, 5.9750000000000005], [126.00500000001587, 5.9750000000000005], [126.00500000001587, 5.965000000000001], [125.99500000001586, 5.965000000000001], [125.99500000001586, 5.9750000000000005], [125.98500000001586, 5.9750000000000005], [125.98500000001586, 6.005], [126.03500000001588, 6.005], [126.03500000001588, 5.995], [126.02500000001588, 5.995], [126.02500000001588, 5.985], [126.01500000001587, 5.985]]]]}}]}