{"type": "FeatureCollection", "features": [{"type": "Feature", "properties": {"date": "2026-10-05", "category_id": 0, "level": "normal", "kategori": "Aman untuk Diving", "color": "#00FF00"}, "geometry": {"type": "MultiPolygon", "coordinates": [[[[96.87535095214844, -11.87557601928711], [96.62532043457031, -11.87557601928711], [96.62532043457031, -11.625568389892578], [96.87535095214844, -11.625568389892578], [96.87535095214844, -11.87557601928711]]], [[[99.37565612792969, -11.87557601928711], [99.12562561035156, -11.87557601928711], [99.12562561035156, -11.375560760498047], [99.37565612792969, -11.375560760498047], [99.37565612792969, -11.87557601928711]]], [[[100.79249572753906, -11.542232513427734], [100.62580871582031, -11.542232513427734], [100.62580871582031, -11.375560760498047], [100.79249572753906, -11.375560760498047], [100.79249572753906, -11.542232513427734]]], [[[99.87571716308594, -11.375560760498047], [99.62568664550781, -11.375560760498047], [99.62568664550781, -11.125553131103516], [99.37565612792969, -11.125553131103516], [99.37565612792969, -10.375530242919922], [99.62568664550781, -10.375530242919922], [99.62568664550781, -10.12552261352539], [99.87571716308594, -10.12552261352539], [99.87571716308594, -10.875545501708984], [100.12574768066406, -10.875545501708984], [100.12574768066406, -11.125553131103516], [99.87571716308594, -11.125553131103516], [99.87571716308594, -11.375560760498047]]], [[[107.37663269042969, -10.625537872314453], [107.12660217285156, -10.625537872314453], [107.12660217285156, -10.375530242919922], [107.37663269042969, -10.375530242919922], [107.37663269042969, -10.625537872314453]]], [[[105.62641906738281, -10.458866119384766], [105.70976257324219, -10.458866119384766], [105.70976257324219, -10.54220199584961], [105.54307556152344, -10.54220199584961], [105.54307556152344, -10.458866119384766], [105.37638854980469, -10.458866119384766], [105.37638854980469, -10.208858489990234], [105.45973205566406, -10.208858489990234], [105.45973205566406, -10.292194366455078], [105.54307556152344, -10.292194366455078], [105.54307556152344, -10.375530242919922], [105.62641906738281, -10.375530242919922], [105.62641906738281, -10.458866119384766]]], [[[99.37565612792969, -10.375530242919922], [99.12562561035156, -10.375530242919922], [99.12562561035156, -10.12552261352539], [99.37565612792969, -10.12552261352539], [99.37565612792969, -10.375530242919922]]], [[[97.12538146972656, -10.12552261352539], [96.87535095214844, -10.12552261352539], [96.87535095214844, -9.87551498413086], [97.12538146972656, -9.87551498413086], [97.12538146972656, -10.12552261352539]]], [[[99.62568664550781, -10.12552261352539], [99.37565612792969, -10.12552261352539], [99.37565612792969, -9.87551498413086], [99.62568664550781, -9.87551498413086], [99.62568664550781, -10.12552261352539]]], [[[99.12562561035156, -9.625507354736328], [99.37565612792969, -9.625507354736328], [99.37565612792969, -9.87551498413086], [99.12562561035156, -9.87551498413086], [99.12562561035156, -9.625507354736328]]], [[[106.62654113769531, -9.625507354736328], [106.37651062011719, -9.625507354736328], [106.37651062011719, -9.375499725341797], [106.62654113769531, -9.375499725341797], [106.62654113769531, -9.625507354736328]]], [[[97.87547302246094, -9.125492095947266], [97.62544250488281, -9.125492095947266], [97.62544250488281, -8.875484466552734], [97.87547302246094, -8.875484466552734], [97.87547302246094, -9.125492095947266]]], [[[107.62666320800781, -8.208797454833984], [107.37663269042969, -8.208797454833984], [107.37663269042969, -8.12546157836914], [107.62666320800781, -8.12546157836914], [107.62666320800781, -8.208797454833984]]], [[[106.87657165527344, -8.12546157836914], [106.79322814941406, -8.12546157836914], [106.79322814941406, -8.042125701904297], [106.87657165527344, -8.042125701904297], [106.87657165527344, -8.12546157836914]]], [[[105.70976257324219, -7.125431060791016], [105.45973205566406, -7.125431060791016], [105.45973205566406, -7.042095184326172], [105.70976257324219, -7.042095184326172], [105.70976257324219, -7.125431060791016]]], [[[105.87644958496094, -7.125431060791016], [105.79310607910156, -7.125431060791016], [105.79310607910156, -6.958759307861328], [105.87644958496094, -6.958759307861328], [105.87644958496094, -7.125431060791016]]], [[[105.12635803222656, -6.125400543212891], [105.29304504394531, -6.125400543212891], [105.29304504394531, -6.292072296142578], [105.20970153808594, -6.292072296142578], [105.20970153808594, -6.208736419677734], [105.12635803222656, -6.208736419677734], [105.12635803222656, -6.125400543212891]]], [[[102.37602233886719, -5.708721160888672], [102.29267883300781, -5.708721160888672], [102.29267883300781, -5.625385284423828], [102.37602233886719, -5.625385284423828], [102.37602233886719, -5.708721160888672]]], [[[102.12599182128906, -5.292041778564453], [102.37602233886719, -5.292041778564453], [102.37602233886719, -5.542049407958984], [102.29267883300781, -5.542049407958984], [102.29267883300781, -5.458713531494141], [102.12599182128906, -5.458713531494141], [102.12599182128906, -5.292041778564453]]], [[[101.29255676269531, -4.208675384521484], [101.37590026855469, -4.208675384521484], [101.37590026855469, -4.375347137451172], [101.20921325683594, -4.375347137451172], [101.20921325683594, -4.292011260986328], [101.29255676269531, -4.292011260986328], [101.29255676269531, -4.208675384521484]]], [[[102.29267883300781, -4.125339508056641], [102.12599182128906, -4.125339508056641], [102.12599182128906, -4.042003631591797], [102.29267883300781, -4.042003631591797], [102.29267883300781, -4.125339508056641]]], [[[94.70841979980469, 5.624958038330078], [94.62507629394531, 5.624958038330078], [94.62507629394531, 5.708293914794922], [94.70841979980469, 5.708293914794922], [94.70841979980469, 5.624958038330078]]], [[[115.46095275878906, -11.125553131103516], [115.54429626464844, -11.125553131103516], [115.54429626464844, -11.042217254638672], [115.96101379394531, -11.042217254638672], [115.96101379394531, -10.958881378173828], [116.04435729980469, -10.958881378173828], [116.04435729980469, -10.875545501708984], [116.12770080566406, -10.875545501708984], [116.12770080566406, -11.125553131103516], [115.62763977050781, -11.125553131103516], [115.62763977050781, -11.20888900756836], [115.46095275878906, -11.20888900756836], [115.46095275878906, -11.125553131103516]]], [[[113.46070861816406, -10.54220199584961], [113.37736511230469, -10.54220199584961], [113.37736511230469, -10.625537872314453], [113.29402160644531, -10.625537872314453], [113.29402160644531, -10.54220199584961], [113.12733459472656, -10.54220199584961], [113.12733459472656, -10.458866119384766], [113.04399108886719, -10.458866119384766], [113.04399108886719, -10.292194366455078], [112.96064758300781, -10.292194366455078], [112.96064758300781, -10.208858489990234], [113.46070861816406, -10.208858489990234], [113.46070861816406, -10.292194366455078], [113.54405212402344, -10.292194366455078], [113.54405212402344, -10.375530242919922], [113.46070861816406, -10.375530242919922], [113.46070861816406, -10.54220199584961]]], [[[117.04447937011719, -10.208858489990234], [116.79444885253906, -10.208858489990234], [116.79444885253906, -10.292194366455078], [116.54441833496094, -10.292194366455078], [116.54441833496094, -10.375530242919922], [116.46107482910156, -10.375530242919922], [116.46107482910156, -10.458866119384766], [116.37773132324219, -10.458866119384766], [116.37773132324219, -10.54220199584961], [116.29438781738281, -10.54220199584961], [116.29438781738281, -10.625537872314453], [116.21104431152344, -10.625537872314453], [116.21104431152344, -10.375530242919922], [116.29438781738281, -10.375530242919922], [116.29438781738281, -10.208858489990234], [116.37773132324219, -10.208858489990234], [116.37773132324219, -10.12552261352539], [116.46107482910156, -10.12552261352539], [116.46107482910156, -10.042186737060547], [116.54441833496094, -10.042186737060547], [116.54441833496094, -9.958850860595703], [116.71110534667969, -9.958850860595703], [116.71110534667969, -9.87551498413086], [116.87779235839844, -9.87551498413086], [116.87779235839844, -9.792179107666016], [117.12782287597656, -9.792179107666016], [117.12782287597656, -9.708843231201172], [117.37785339355469, -9.708843231201172], [117.37785339355469, -9.87551498413086], [117.12782287597656, -9.87551498413086], [117.12782287597656, -10.12552261352539], [117.04447937011719, -10.12552261352539], [117.04447937011719, -10.208858489990234]]], [[[114.62751770019531, -10.12552261352539], [114.54417419433594, -10.12552261352539], [114.54417419433594, -9.87551498413086], [114.46083068847656, -9.87551498413086], [114.46083068847656, -9.792179107666016], [114.62751770019531, -9.792179107666016], [114.62751770019531, -9.87551498413086], [114.79420471191406, -9.87551498413086], [114.79420471191406, -10.458866119384766], [114.62751770019531, -10.458866119384766], [114.62751770019531, -10.12552261352539]]], [[[122.29512023925781, -10.042186737060547], [122.12843322753906, -10.042186737060547], [122.12843322753906, -9.958850860595703], [122.29512023925781, -9.958850860595703], [122.29512023925781, -10.042186737060547]]], [[[118.87803649902344, -9.792179107666016], [118.79469299316406, -9.792179107666016], [118.79469299316406, -9.708843231201172], [118.87803649902344, -9.708843231201172], [118.87803649902344, -9.792179107666016]]], [[[116.21104431152344, -9.87551498413086], [116.12770080566406, -9.87551498413086], [116.12770080566406, -9.708843231201172], [116.21104431152344, -9.708843231201172], [116.21104431152344, -9.625507354736328], [116.29438781738281, -9.625507354736328], [116.29438781738281, -9.542171478271484], [116.37773132324219, -9.542171478271484], [116.37773132324219, -9.708843231201172], [116.29438781738281, -9.708843231201172], [116.29438781738281, -9.792179107666016], [116.21104431152344, -9.792179107666016], [116.21104431152344, -9.87551498413086]]], [[[109.46022033691406, -9.375499725341797], [109.62690734863281, -9.375499725341797], [109.62690734863281, -9.625507354736328], [109.37687683105469, -9.625507354736328], [109.37687683105469, -9.542171478271484], [109.46022033691406, -9.542171478271484], [109.46022033691406, -9.375499725341797]]], [[[116.71110534667969, -9.542171478271484], [116.62776184082031, -9.542171478271484], [116.62776184082031, -9.375499725341797], [116.79444885253906, -9.375499725341797], [116.79444885253906, -9.292163848876953], [116.96113586425781, -9.292163848876953], [116.96113586425781, -9.375499725341797], [116.87779235839844, -9.375499725341797], [116.87779235839844, -9.45883560180664], [116.71110534667969, -9.45883560180664], [116.71110534667969, -9.542171478271484]]], [[[117.12782287597656, -9.375499725341797], [117.04447937011719, -9.375499725341797], [117.04447937011719, -9.292163848876953], [117.12782287597656, -9.292163848876953], [117.12782287597656, -9.375499725341797]]], [[[113.87742614746094, -8.958820343017578], [114.12745666503906, -8.958820343017578], [114.12745666503906, -9.042156219482422], [113.96076965332031, -9.042156219482422], [113.96076965332031, -9.125492095947266], [113.87742614746094, -9.125492095947266], [113.87742614746094, -8.958820343017578]]], [[[110.12696838378906, -9.125492095947266], [109.87693786621094, -9.125492095947266], [109.87693786621094, -8.875484466552734], [110.12696838378906, -8.875484466552734], [110.12696838378906, -9.125492095947266]]], [[[123.87864685058594, -8.958820343017578], [123.79530334472656, -8.958820343017578], [123.79530334472656, -8.875484466552734], [123.87864685058594, -8.875484466552734], [123.87864685058594, -8.958820343017578]]], [[[124.04533386230469, -8.958820343017578], [123.96199035644531, -8.958820343017578], [123.96199035644531, -8.875484466552734], [124.04533386230469, -8.875484466552734], [124.04533386230469, -8.958820343017578]]], [[[110.96040344238281, -8.79214859008789], [110.87705993652344, -8.79214859008789], [110.87705993652344, -8.708812713623047], [110.96040344238281, -8.708812713623047], [110.96040344238281, -8.79214859008789]]], [[[113.37736511230469, -8.54214096069336], [113.29402160644531, -8.54214096069336], [113.29402160644531, -8.458805084228516], [113.37736511230469, -8.458805084228516], [113.37736511230469, -8.54214096069336]]], [[[109.62690734863281, -8.292133331298828], [109.71025085449219, -8.292133331298828], [109.71025085449219, -8.208797454833984], [109.96028137207031, -8.208797454833984], [109.96028137207031, -8.292133331298828], [110.12696838378906, -8.292133331298828], [110.12696838378906, -8.375469207763672], [109.62690734863281, -8.375469207763672], [109.62690734863281, -8.292133331298828]]], [[[108.37675476074219, -8.208797454833984], [107.87669372558594, -8.208797454833984], [107.87669372558594, -8.12546157836914], [108.37675476074219, -8.12546157836914], [108.37675476074219, -8.208797454833984]]], [[[118.37797546386719, -3.2086448669433594], [118.29463195800781, -3.2086448669433594], [118.29463195800781, -3.041973114013672], [118.37797546386719, -3.041973114013672], [118.37797546386719, -3.2086448669433594]]], [[[117.87791442871094, -2.5419578552246094], [117.79457092285156, -2.5419578552246094], [117.79457092285156, -2.4586219787597656], [117.87791442871094, -2.4586219787597656], [117.87791442871094, -2.5419578552246094]]], [[[143.0476531982422, -12.042247772216797], [93.95832824707031, -12.042247772216797], [93.95832824707031, 7.041667938232422], [143.0476531982422, 7.041667938232422], [143.0476531982422, -12.042247772216797]], [[94.37504577636719, 3.958240509033203], [94.37504577636719, 3.8749046325683594], [94.70841979980469, 3.8749046325683594], [94.70841979980469, 3.7915687561035156], [94.79176330566406, 3.7915687561035156], [94.79176330566406, 3.374889373779297], [94.70841979980469, 3.374889373779297], [94.70841979980469, 3.291553497314453], [94.79176330566406, 3.291553497314453], [94.79176330566406, 3.1248817443847656], [94.87510681152344, 3.1248817443847656], [94.87510681152344, 3.041545867919922], [94.95845031738281, 3.041545867919922], [94.95845031738281, 3.2082176208496094], [95.04179382324219, 3.2082176208496094], [95.04179382324219, 3.291553497314453], [95.20848083496094, 3.291553497314453], [95.20848083496094, 3.374889373779297], [95.29182434082031, 3.374889373779297], [95.29182434082031, 3.4582252502441406], [95.37516784667969, 3.4582252502441406], [95.37516784667969, 3.624897003173828], [95.12513732910156, 3.624897003173828], [95.12513732910156, 4.124912261962891], [94.87510681152344, 4.124912261962891], [94.87510681152344, 4.624927520751953], [94.62507629394531, 4.624927520751953], [94.62507629394531, 5.124942779541016], [94.45838928222656, 5.124942779541016], [94.45838928222656, 5.291614532470703], [94.54173278808594, 5.291614532470703], [94.54173278808594, 5.374950408935547], [94.62507629394531, 5.374950408935547], [94.62507629394531, 5.458286285400391], [94.70841979980469, 5.458286285400391], [94.70841979980469, 5.124942779541016], [94.79176330566406, 5.124942779541016], [94.79176330566406, 5.041606903076172], [95.12513732910156, 5.041606903076172], [95.12513732910156, 5.624958038330078], [94.95845031738281, 5.624958038330078], [94.95845031738281, 5.708293914794922], [94.70841979980469, 5.708293914794922], [94.70841979980469, 5.791629791259766], [95.12513732910156, 5.791629791259766], [95.12513732910156, 5.874965667724609], [95.37516784667969, 5.874965667724609], [95.37516784667969, 5.958301544189453], [95.29182434082031, 5.958301544189453], [95.29182434082031, 6.041637420654297], [94.62507629394531, 6.041637420654297], [94.62507629394531, 6.208309173583984], [94.37504577636719, 6.208309173583984], [94.37504577636719, 6.124973297119141], [94.20835876464844, 6.124973297119141], [94.20835876464844, 6.291645050048828], [94.29170227050781, 6.291645050048828], [94.29170227050781, 6.458316802978516], [94.37504577636719, 6.458316802978516], [94.37504577636719, 6.541652679443359], [94.45838928222656, 6.541652679443359], [94.45838928222656, 6.708324432373047], [94.54173278808594, 6.708324432373047], [94.54173278808594, 6.791660308837891], [94.62507629394531, 6.791660308837891], [94.62507629394531, 6.874996185302734], [94.37504577636719, 6.874996185302734], [94.37504577636719, 6.958332061767578], [94.12501525878906, 6.958332061767578], [94.12501525878906, 6.874996185302734], [94.04167175292969, 6.874996185302734], [94.04167175292969, 4.041576385498047], [94.12501525878906, 4.041576385498047], [94.12501525878906, 3.958240509033203], [94.37504577636719, 3.958240509033203]], [[117.37785339355469, 6.874996185302734], [117.37785339355469, 6.958332061767578], [117.29450988769531, 6.958332061767578], [117.29450988769531, 6.874996185302734], [117.37785339355469, 6.874996185302734]], [[118.29463195800781, 6.874996185302734], [118.29463195800781, 6.958332061767578], [118.12794494628906, 6.958332061767578], [118.12794494628906, 6.874996185302734], [118.29463195800781, 6.874996185302734]], [[118.87803649902344, 6.874996185302734], [118.87803649902344, 6.958332061767578], [118.79469299316406, 6.958332061767578], [118.79469299316406, 6.874996185302734], [118.87803649902344, 6.874996185302734]], [[126.12892150878906, 6.291645050048828], [126.12892150878906, 6.124973297119141], [126.04557800292969, 6.124973297119141], [126.04557800292969, 6.041637420654297], [125.96223449707031, 6.041637420654297], [125.96223449707031, 5.874965667724609], [125.87889099121094, 5.874965667724609], [125.87889099121094, 5.791629791259766], [125.79554748535156, 5.791629791259766], [125.79554748535156, 5.708293914794922], [125.71220397949219, 5.708293914794922], [125.71220397949219, 5.541622161865234], [125.62886047363281, 5.541622161865234], [125.62886047363281, 5.374950408935547], [125.46217346191406, 5.374950408935547], [125.46217346191406, 5.208278656005859], [125.37882995605469, 5.208278656005859], [125.37882995605469, 5.124942779541016], [125.21214294433594, 5.124942779541016], [125.21214294433594, 5.041606903076172], [125.04545593261719, 5.041606903076172], [125.04545593261719, 4.958271026611328], [124.71208190917969, 4.958271026611328], [124.71208190917969, 4.874935150146484], [124.37870788574219, 4.874935150146484], [124.37870788574219, 4.958271026611328], [124.04533386230469, 4.958271026611328], [124.04533386230469, 4.874935150146484], [123.54527282714844, 4.874935150146484], [123.54527282714844, 4.958271026611328], [123.62861633300781, 4.958271026611328], [123.62861633300781, 5.041606903076172], [123.87864685058594, 5.041606903076172], [123.87864685058594, 5.124942779541016], [123.96199035644531, 5.124942779541016], [123.96199035644531, 5.208278656005859], [124.04533386230469, 5.208278656005859], [124.04533386230469, 5.374950408935547], [124.12867736816406, 5.374950408935547], [124.12867736816406, 5.541622161865234], [124.04533386230469, 5.541622161865234], [124.04533386230469, 5.458286285400391], [123.96199035644531, 5.458286285400391], [123.96199035644531, 5.541622161865234], [123.87864685058594, 5.541622161865234], [123.87864685058594, 5.374950408935547], [123.79530334472656, 5.374950408935547], [123.79530334472656, 5.541622161865234], [123.71195983886719, 5.541622161865234], [123.71195983886719, 5.624958038330078], [123.87864685058594, 5.624958038330078], [123.87864685058594, 5.708293914794922], [123.79530334472656, 5.708293914794922], [123.79530334472656, 5.791629791259766], [123.71195983886719, 5.791629791259766], [123.71195983886719, 5.874965667724609], [123.62861633300781, 5.874965667724609], [123.62861633300781, 5.958301544189453], [123.54527282714844, 5.958301544189453], [123.54527282714844, 6.041637420654297], [123.46192932128906, 6.041637420654297], [123.46192932128906, 6.124973297119141], [123.29524230957031, 6.124973297119141], [123.29524230957031, 6.208309173583984], [123.21189880371094, 6.208309173583984], [123.21189880371094, 6.291645050048828], [123.12855529785156, 6.291645050048828], [123.12855529785156, 6.374980926513672], [122.87852478027344, 6.374980926513672], [122.87852478027344, 6.458316802978516], [122.79518127441406, 6.458316802978516], [122.79518127441406, 6.374980926513672], [122.46180725097656, 6.374980926513672], [122.46180725097656, 6.291645050048828], [122.37846374511719, 6.291645050048828], [122.37846374511719, 6.208309173583984], [122.29512023925781, 6.208309173583984], [122.29512023925781, 6.124973297119141], [122.37846374511719, 6.124973297119141], [122.37846374511719, 5.874965667724609], [122.54515075683594, 5.874965667724609], [122.54515075683594, 5.958301544189453], [122.62849426269531, 5.958301544189453], [122.62849426269531, 6.041637420654297], [122.87852478027344, 6.041637420654297], [122.87852478027344, 5.958301544189453], [123.04521179199219, 5.958301544189453], [123.04521179199219, 5.874965667724609], [123.12855529785156, 5.874965667724609], [123.12855529785156, 5.791629791259766], [123.21189880371094, 5.791629791259766], [123.21189880371094, 5.708293914794922], [123.29524230957031, 5.708293914794922], [123.29524230957031, 5.624958038330078], [123.37858581542969, 5.624958038330078], [123.37858581542969, 5.291614532470703], [123.29524230957031, 5.291614532470703], [123.29524230957031, 5.208278656005859], [123.12855529785156, 5.208278656005859], [123.12855529785156, 5.124942779541016], [122.87852478027344, 5.124942779541016], [122.87852478027344, 4.791599273681641], [122.62849426269531, 4.791599273681641], [122.62849426269531, 4.874935150146484], [122.37846374511719, 4.874935150146484], [122.37846374511719, 4.958271026611328], [122.29512023925781, 4.958271026611328], [122.29512023925781, 5.041606903076172], [122.21177673339844, 5.041606903076172], [122.21177673339844, 4.874935150146484], [122.04508972167969, 4.874935150146484], [122.04508972167969, 4.708263397216797], [122.12843322753906, 4.708263397216797], [122.12843322753906, 4.624927520751953], [122.21177673339844, 4.624927520751953], [122.21177673339844, 4.458255767822266], [122.29512023925781, 4.458255767822266], [122.29512023925781, 4.374919891357422], [122.71183776855469, 4.374919891357422], [122.71183776855469, 4.291584014892578], [122.87852478027344, 4.291584014892578], [122.87852478027344, 4.124912261962891], [123.12855529785156, 4.124912261962891], [123.12855529785156, 4.208248138427734], [123.29524230957031, 4.208248138427734], [123.29524230957031, 4.291584014892578], [123.54527282714844, 4.291584014892578], [123.54527282714844, 4.374919891357422], [124.37870788574219, 4.374919891357422], [124.37870788574219, 4.458255767822266], [124.62873840332031, 4.458255767822266], [124.62873840332031, 4.541591644287109], [124.87876892089844, 4.541591644287109], [124.87876892089844, 4.624927520751953], [125.04545593261719, 4.624927520751953], [125.04545593261719, 4.708263397216797], [125.21214294433594, 4.708263397216797], [125.21214294433594, 4.791599273681641], [125.29548645019531, 4.791599273681641], [125.29548645019531, 4.874935150146484], [125.37882995605469, 4.874935150146484], [125.37882995605469, 4.958271026611328], [125.46217346191406, 4.958271026611328], [125.46217346191406, 4.791599273681641], [125.54551696777344, 4.791599273681641], [125.54551696777344, 4.708263397216797], [125.46217346191406, 4.708263397216797], [125.46217346191406, 4.624927520751953], [125.71220397949219, 4.624927520751953], [125.71220397949219, 4.541591644287109], [125.62886047363281, 4.541591644287109], [125.62886047363281, 4.458255767822266], [125.71220397949219, 4.458255767822266], [125.71220397949219, 4.374919891357422], [125.62886047363281, 4.374919891357422], [125.62886047363281, 4.208248138427734], [125.71220397949219, 4.208248138427734], [125.71220397949219, 3.7915687561035156], [125.62886047363281, 3.7915687561035156], [125.62886047363281, 3.708232879638672], [125.79554748535156, 3.708232879638672], [125.79554748535156, 3.624897003173828], [125.71220397949219, 3.624897003173828], [125.71220397949219, 3.5415611267089844], [125.79554748535156, 3.5415611267089844], [125.79554748535156, 3.4582252502441406], [125.71220397949219, 3.4582252502441406], [125.71220397949219, 3.374889373779297], [125.79554748535156, 3.374889373779297], [125.79554748535156, 3.2082176208496094], [125.87889099121094, 3.2082176208496094], [125.87889099121094, 2.958209991455078], [125.96223449707031, 2.958209991455078], [125.96223449707031, 2.8748741149902344], [126.04557800292969, 2.8748741149902344], [126.04557800292969, 2.7915382385253906], [126.21226501464844, 2.7915382385253906], [126.21226501464844, 2.624866485595703], [125.62886047363281, 2.624866485595703], [125.62886047363281, 2.5415306091308594], [125.54551696777344, 2.5415306091308594], [125.54551696777344, 2.624866485595703], [125.46217346191406, 2.624866485595703], [125.46217346191406, 2.5415306091308594], [125.37882995605469, 2.5415306091308594], [125.37882995605469, 2.4581947326660156], [125.29548645019531, 2.4581947326660156], [125.29548645019531, 2.374858856201172], [125.12879943847656, 2.374858856201172], [125.12879943847656, 2.1248512268066406], [124.96211242675781, 2.1248512268066406], [124.96211242675781, 2.041515350341797], [124.87876892089844, 2.041515350341797], [124.87876892089844, 1.9581794738769531], [124.96211242675781, 1.9581794738769531], [124.96211242675781, 1.8748435974121094], [125.04545593261719, 1.8748435974121094], [125.04545593261719, 1.9581794738769531], [125.12879943847656, 1.9581794738769531], [125.12879943847656, 1.8748435974121094], [125.21214294433594, 1.8748435974121094], [125.21214294433594, 1.6248359680175781], [125.46217346191406, 1.6248359680175781], [125.46217346191406, 1.3748283386230469], [125.37882995605469, 1.3748283386230469], [125.37882995605469, 1.2914924621582031], [125.29548645019531, 1.2914924621582031], [125.29548645019531, 1.2081565856933594], [125.21214294433594, 1.2081565856933594], [125.21214294433594, 1.1248207092285156], [125.12879943847656, 1.1248207092285156], [125.12879943847656, 1.0414848327636719], [124.87876892089844, 1.0414848327636719], [124.87876892089844, 0.9581489562988281], [124.96211242675781, 0.9581489562988281], [124.96211242675781, 0.8748130798339844], [124.71208190917969, 0.8748130798339844], [124.71208190917969, 0.7914772033691406], [124.62873840332031, 0.7914772033691406], [124.62873840332031, 0.6248054504394531], [124.54539489746094, 0.6248054504394531], [124.54539489746094, 0.4581336975097656], [124.37870788574219, 0.4581336975097656], [124.37870788574219, 0.3747978210449219], [124.29536437988281, 0.3747978210449219], [124.29536437988281, 0.2914619445800781], [124.87876892089844, 0.2914619445800781], [124.87876892089844, 0.3747978210449219], [125.04545593261719, 0.3747978210449219], [125.04545593261719, 0.4581336975097656], [125.12879943847656, 0.4581336975097656], [125.12879943847656, 0.3747978210449219], [125.37882995605469, 0.3747978210449219], [125.37882995605469, 0.5414695739746094], [125.46217346191406, 0.5414695739746094], [125.46217346191406, 0.6248054504394531], [125.62886047363281, 0.6248054504394531], [125.62886047363281, 0.7914772033691406], [125.71220397949219, 0.7914772033691406], [125.71220397949219, 0.8748130798339844], [126.04557800292969, 0.8748130798339844], [126.04557800292969, 0.9581489562988281], [126.12892150878906, 0.9581489562988281], [126.12892150878906, 1.2081565856933594], [126.21226501464844, 1.2081565856933594], [126.21226501464844, 1.2914924621582031], [126.29560852050781, 1.2914924621582031], [126.29560852050781, 1.3748283386230469], [126.37895202636719, 1.3748283386230469], [126.37895202636719, 1.4581642150878906], [126.54563903808594, 1.4581642150878906], [126.54563903808594, 1.5415000915527344], [126.62898254394531, 1.5415000915527344], [126.62898254394531, 1.4581642150878906], [126.71232604980469, 1.4581642150878906], [126.71232604980469, 1.3748283386230469], [126.46229553222656, 1.3748283386230469], [126.46229553222656, 1.2914924621582031], [126.37895202636719, 1.2914924621582031], [126.37895202636719, 1.2081565856933594], [126.54563903808594, 1.2081565856933594], [126.54563903808594, 1.1248207092285156], [126.71232604980469, 1.1248207092285156], [126.71232604980469, 1.2081565856933594], [126.87901306152344, 1.2081565856933594], [126.87901306152344, 1.4581642150878906], [126.96235656738281, 1.4581642150878906], [126.96235656738281, 1.6248359680175781], [127.12904357910156, 1.6248359680175781], [127.12904357910156, 1.7081718444824219], [127.21238708496094, 1.7081718444824219], [127.21238708496094, 1.8748435974121094], [127.29573059082031, 1.8748435974121094], [127.29573059082031, 1.9581794738769531], [127.37907409667969, 1.9581794738769531], [127.37907409667969, 2.2081871032714844], [127.71244812011719, 2.2081871032714844], [127.71244812011719, 2.291522979736328], [127.79579162597656, 2.291522979736328], [127.79579162597656, 2.1248512268066406], [127.87913513183594, 2.1248512268066406], [127.87913513183594, 2.374858856201172], [128.2958526611328, 2.374858856201172], [128.2958526611328, 2.4581947326660156], [128.3791961669922, 2.4581947326660156], [128.3791961669922, 2.624866485595703], [128.46253967285156, 2.624866485595703], [128.46253967285156, 2.708202362060547], [128.6292266845703, 2.708202362060547], [128.6292266845703, 2.8748741149902344], [128.79591369628906, 2.8748741149902344], [128.79591369628906, 2.7915382385253906], [128.7125701904297, 2.7915382385253906], [128.7125701904297, 1.6248359680175781], [128.87925720214844, 1.6248359680175781], [128.87925720214844, 1.7081718444824219], [128.9626007080078, 1.7081718444824219], [128.9626007080078, 1.8748435974121094], [129.12928771972656, 1.8748435974121094], [129.12928771972656, 1.3748283386230469], [128.87925720214844, 1.3748283386230469], [128.87925720214844, 1.1248207092285156], [128.9626007080078, 1.1248207092285156], [128.9626007080078, 1.2081565856933594], [129.12928771972656, 1.2081565856933594], [129.12928771972656, 1.1248207092285156], [130.12940979003906, 1.1248207092285156], [130.12940979003906, 0.9581489562988281], [130.2960968017578, 0.9581489562988281], [130.2960968017578, 1.0414848327636719], [130.6294708251953, 1.0414848327636719], [130.6294708251953, 1.3748283386230469], [130.3794403076172, 1.3748283386230469], [130.3794403076172, 1.6248359680175781], [130.12940979003906, 1.6248359680175781], [130.12940979003906, 1.8748435974121094], [130.2960968017578, 1.8748435974121094], [130.2960968017578, 1.7915077209472656], [130.54612731933594, 1.7915077209472656], [130.54612731933594, 1.8748435974121094], [130.6294708251953, 1.8748435974121094], [130.6294708251953, 1.9581794738769531], [130.7128143310547, 1.9581794738769531], [130.7128143310547, 2.041515350341797], [130.87950134277344, 2.041515350341797], [130.87950134277344, 1.8748435974121094], [131.0461883544922, 1.8748435974121094], [131.0461883544922, 1.7915077209472656], [131.12953186035156, 1.7915077209472656], [131.12953186035156, 1.3748283386230469], [131.3795623779297, 1.3748283386230469], [131.3795623779297, 0.12479019165039062], [131.2962188720703, 0.12479019165039062], [131.2962188720703, -0.041881561279296875], [131.3795623779297, -0.041881561279296875], [131.3795623779297, -0.20855331420898438], [131.54624938964844, -0.20855331420898438], [131.54624938964844, 0.12479019165039062], [132.12965393066406, 0.12479019165039062], [132.12965393066406, 0.041454315185546875], [132.21299743652344, 0.041454315185546875], [132.21299743652344, -0.12521743774414062], [132.3796844482422, -0.12521743774414062], [132.3796844482422, -0.20855331420898438], [132.7130584716797, -0.20855331420898438], [132.7130584716797, -0.2918891906738281], [132.9630889892578, -0.2918891906738281], [132.9630889892578, -0.20855331420898438], [133.0464324951172, -0.20855331420898438], [133.0464324951172, -0.041881561279296875], [132.9630889892578, -0.041881561279296875], [132.9630889892578, 0.041454315185546875], [132.87974548339844, 0.041454315185546875], [132.87974548339844, 0.2914619445800781], [132.46302795410156, 0.2914619445800781], [132.46302795410156, 0.3747978210449219], [132.21299743652344, 0.3747978210449219], [132.21299743652344, 0.2914619445800781], [132.12965393066406, 0.2914619445800781], [132.12965393066406, 0.6248054504394531], [132.3796844482422, 0.6248054504394531], [132.3796844482422, 1.2081565856933594], [132.46302795410156, 1.2081565856933594], [132.46302795410156, 1.3748283386230469], [132.54637145996094, 1.3748283386230469], [132.54637145996094, 1.5415000915527344], [132.6297149658203, 1.5415000915527344], [132.6297149658203, 1.6248359680175781], [132.7130584716797, 1.6248359680175781], [132.7130584716797, 1.7081718444824219], [132.54637145996094, 1.7081718444824219], [132.54637145996094, 1.7915077209472656], [132.46302795410156, 1.7915077209472656], [132.46302795410156, 1.8748435974121094], [132.12965393066406, 1.8748435974121094], [132.12965393066406, 2.374858856201172], [131.87962341308594, 2.374858856201172], [131.87962341308594, 2.1248512268066406], [131.7129364013672, 2.1248512268066406], [131.7129364013672, 2.291522979736328], [131.54624938964844, 2.291522979736328], [131.54624938964844, 2.374858856201172], [131.12953186035156, 2.374858856201172], [131.12953186035156, 2.624866485595703], [131.2962188720703, 2.624866485595703], [131.2962188720703, 2.7915382385253906], [131.12953186035156, 2.7915382385253906], [131.12953186035156, 2.8748741149902344], [130.87950134277344, 2.8748741149902344], [130.87950134277344, 2.958209991455078], [130.7128143310547, 2.958209991455078], [130.7128143310547, 3.041545867919922], [130.6294708251953, 3.041545867919922], [130.6294708251953, 3.4582252502441406], [130.54612731933594, 3.4582252502441406], [130.54612731933594, 3.708232879638672], [130.6294708251953, 3.708232879638672], [130.6294708251953, 3.7915687561035156], [131.0461883544922, 3.7915687561035156], [131.0461883544922, 3.708232879638672], [131.12953186035156, 3.708232879638672], [131.12953186035156, 3.624897003173828], [131.21287536621094, 3.624897003173828], [131.21287536621094, 3.5415611267089844], [131.2962188720703, 3.5415611267089844], [131.2962188720703, 3.374889373779297], [131.3795623779297, 3.374889373779297], [131.3795623779297, 3.291553497314453], [131.46290588378906, 3.291553497314453], [131.46290588378906, 3.2082176208496094], [131.54624938964844, 3.2082176208496094], [131.54624938964844, 3.1248817443847656], [131.87962341308594, 3.1248817443847656], [131.87962341308594, 3.374889373779297], [132.0463104248047, 3.374889373779297], [132.0463104248047, 3.2082176208496094], [132.12965393066406, 3.2082176208496094], [132.12965393066406, 3.1248817443847656], [132.21299743652344, 3.1248817443847656], [132.21299743652344, 3.041545867919922], [132.2963409423828, 3.041545867919922], [132.2963409423828, 2.958209991455078], [132.46302795410156, 2.958209991455078], [132.46302795410156, 2.8748741149902344], [132.7130584716797, 2.8748741149902344], [132.7130584716797, 2.7915382385253906], [133.3798065185547, 2.7915382385253906], [133.3798065185547, 2.624866485595703], [133.6298370361328, 2.624866485595703], [133.6298370361328, 2.7915382385253906], [134.0465545654297, 2.7915382385253906], [134.0465545654297, 2.8748741149902344], [134.3799285888672, 2.8748741149902344], [134.3799285888672, 2.708202362060547], [134.2965850830078, 2.708202362060547], [134.2965850830078, 2.624866485595703], [134.21324157714844, 2.624866485595703], [134.21324157714844, 2.4581947326660156], [134.3799285888672, 2.4581947326660156], [134.3799285888672, 2.374858856201172], [134.54661560058594, 2.374858856201172], [134.54661560058594, 2.291522979736328], [134.7133026123047, 2.291522979736328], [134.7133026123047, 2.2081871032714844], [134.87998962402344, 2.2081871032714844], [134.87998962402344, 2.1248512268066406], [135.3800506591797, 2.1248512268066406], [135.3800506591797, 2.041515350341797], [135.54673767089844, 2.041515350341797], [135.54673767089844, 1.9581794738769531], [135.6300811767578, 1.9581794738769531], [135.6300811767578, 1.7915077209472656], [136.13014221191406, 1.7915077209472656], [136.13014221191406, 1.7081718444824219], [136.46351623535156, 1.7081718444824219], [136.46351623535156, 1.6248359680175781], [136.79689025878906, 1.6248359680175781], [136.79689025878906, 1.5415000915527344], [137.21360778808594, 1.5415000915527344], [137.21360778808594, 1.6248359680175781], [137.54698181152344, 1.6248359680175781], [137.54698181152344, 1.7081718444824219], [138.0470428466797, 1.7081718444824219], [138.0470428466797, 1.6248359680175781], [138.2970733642578, 1.6248359680175781], [138.2970733642578, 1.5415000915527344], [138.46376037597656, 1.5415000915527344], [138.46376037597656, 1.4581642150878906], [138.7137908935547, 1.4581642150878906], [138.7137908935547, 1.3748283386230469], [139.3805389404297, 1.3748283386230469], [139.3805389404297, 1.4581642150878906], [139.6305694580078, 1.4581642150878906], [139.6305694580078, 1.5415000915527344], [139.9639434814453, 1.5415000915527344], [139.9639434814453, 1.6248359680175781], [140.9640655517578, 1.6248359680175781], [140.9640655517578, 1.7081718444824219], [141.3807830810547, 1.7081718444824219], [141.3807830810547, 1.6248359680175781], [141.88084411621094, 1.6248359680175781], [141.88084411621094, 1.3748283386230469], [142.13087463378906, 1.3748283386230469], [142.13087463378906, 1.1248207092285156], [142.3809051513672, 1.1248207092285156], [142.3809051513672, 0.7914772033691406], [142.88096618652344, 0.7914772033691406], [142.88096618652344, 0.8748130798339844], [142.9643096923828, 0.8748130798339844], [142.9643096923828, 3.5415611267089844], [142.46424865722656, 3.5415611267089844], [142.46424865722656, 3.4582252502441406], [142.21421813964844, 3.4582252502441406], [142.21421813964844, 3.374889373779297], [141.7141571044922, 3.374889373779297], [141.7141571044922, 3.4582252502441406], [141.0474090576172, 3.4582252502441406], [141.0474090576172, 3.5415611267089844], [140.9640655517578, 3.5415611267089844], [140.9640655517578, 3.4582252502441406], [140.7140350341797, 3.4582252502441406], [140.7140350341797, 3.291553497314453], [140.79737854003906, 3.291553497314453], [140.79737854003906, 3.041545867919922], [140.13063049316406, 3.041545867919922], [140.13063049316406, 3.1248817443847656], [140.3806610107422, 3.1248817443847656], [140.3806610107422, 3.374889373779297], [140.6306915283203, 3.374889373779297], [140.6306915283203, 3.624897003173828], [140.88072204589844, 3.624897003173828], [140.88072204589844, 3.8749046325683594], [140.7140350341797, 3.8749046325683594], [140.7140350341797, 3.958240509033203], [140.54734802246094, 3.958240509033203], [140.54734802246094, 4.041576385498047], [140.3806610107422, 4.041576385498047], [140.3806610107422, 4.124912261962891], [140.2973175048828, 4.124912261962891], [140.2973175048828, 4.208248138427734], [140.46400451660156, 4.208248138427734], [140.46400451660156, 4.291584014892578], [139.88059997558594, 4.291584014892578], [139.88059997558594, 4.374919891357422], [139.7139129638672, 4.374919891357422], [139.7139129638672, 4.458255767822266], [139.54722595214844, 4.458255767822266], [139.54722595214844, 4.541591644287109], [139.46388244628906, 4.541591644287109], [139.46388244628906, 4.624927520751953], [139.2971954345703, 4.624927520751953], [139.2971954345703, 4.708263397216797], [139.13050842285156, 4.708263397216797], [139.13050842285156, 4.791599273681641], [138.88047790527344, 4.791599273681641], [138.88047790527344, 5.041606903076172], [138.79713439941406, 5.041606903076172], [138.79713439941406, 5.208278656005859], [138.7137908935547, 5.208278656005859], [138.7137908935547, 5.291614532470703], [138.54710388183594, 5.291614532470703], [138.54710388183594, 5.458286285400391], [138.46376037597656, 5.458286285400391], [138.46376037597656, 6.124973297119141], [138.2970733642578, 6.124973297119141], [138.2970733642578, 5.791629791259766], [138.21372985839844, 5.791629791259766], [138.21372985839844, 5.708293914794922], [138.2970733642578, 5.708293914794922], [138.2970733642578, 5.291614532470703], [138.3804168701172, 5.291614532470703], [138.3804168701172, 5.041606903076172], [138.46376037597656, 5.041606903076172], [138.46376037597656, 4.958271026611328], [138.54710388183594, 4.958271026611328], [138.54710388183594, 4.874935150146484], [138.7137908935547, 4.874935150146484], [138.7137908935547, 4.708263397216797], [138.6304473876953, 4.708263397216797], [138.6304473876953, 4.624927520751953], [138.46376037597656, 4.624927520751953], [138.46376037597656, 4.541591644287109], [138.3804168701172, 4.541591644287109], [138.3804168701172, 4.458255767822266], [138.2970733642578, 4.458255767822266], [138.2970733642578, 4.374919891357422], [138.13038635253906, 4.374919891357422], [138.13038635253906, 4.291584014892578], [137.2969512939453, 4.291584014892578], [137.2969512939453, 4.374919891357422], [137.0469207763672, 4.374919891357422], [137.0469207763672, 4.458255767822266], [136.7135467529297, 4.458255767822266], [136.7135467529297, 4.541591644287109], [136.3801727294922, 4.541591644287109], [136.3801727294922, 4.624927520751953], [135.88011169433594, 4.624927520751953], [135.88011169433594, 4.708263397216797], [135.54673767089844, 4.708263397216797], [135.54673767089844, 4.791599273681641], [135.13002014160156, 4.791599273681641], [135.13002014160156, 4.624927520751953], [135.3800506591797, 4.624927520751953], [135.3800506591797, 4.541591644287109], [135.0466766357422, 4.541591644287109], [135.0466766357422, 4.624927520751953], [134.6299591064453, 4.624927520751953], [134.6299591064453, 4.708263397216797], [134.3799285888672, 4.708263397216797], [134.3799285888672, 4.958271026611328], [133.79652404785156, 4.958271026611328], [133.79652404785156, 5.041606903076172], [133.6298370361328, 5.041606903076172], [133.6298370361328, 5.124942779541016], [133.54649353027344, 5.124942779541016], [133.54649353027344, 5.208278656005859], [133.46315002441406, 5.208278656005859], [133.46315002441406, 5.291614532470703], [133.3798065185547, 5.291614532470703], [133.3798065185547, 5.624958038330078], [133.6298370361328, 5.624958038330078], [133.6298370361328, 5.374950408935547], [133.87986755371094, 5.374950408935547], [133.87986755371094, 5.624958038330078], [134.6299591064453, 5.624958038330078], [134.6299591064453, 5.874965667724609], [134.87998962402344, 5.874965667724609], [134.87998962402344, 6.124973297119141], [135.3800506591797, 6.124973297119141], [135.3800506591797, 6.291645050048828], [135.6300811767578, 6.291645050048828], [135.6300811767578, 5.374950408935547], [135.88011169433594, 5.374950408935547], [135.88011169433594, 5.124942779541016], [136.13014221191406, 5.124942779541016], [136.13014221191406, 5.374950408935547], [136.3801727294922, 5.374950408935547], [136.3801727294922, 6.374980926513672], [137.3802947998047, 6.374980926513672], [137.3802947998047, 6.458316802978516], [137.46363830566406, 6.458316802978516], [137.46363830566406, 6.124973297119141], [137.79701232910156, 6.124973297119141], [137.79701232910156, 6.208309173583984], [137.88035583496094, 6.208309173583984], [137.88035583496094, 6.291645050048828], [137.9636993408203, 6.291645050048828], [137.9636993408203, 6.374980926513672], [138.0470428466797, 6.374980926513672], [138.0470428466797, 6.458316802978516], [138.13038635253906, 6.458316802978516], [138.13038635253906, 6.374980926513672], [138.6304473876953, 6.374980926513672], [138.6304473876953, 6.958332061767578], [129.3793182373047, 6.958332061767578], [129.3793182373047, 6.791660308837891], [129.2959747314453, 6.791660308837891], [129.2959747314453, 6.708324432373047], [129.12928771972656, 6.708324432373047], [129.12928771972656, 6.624988555908203], [129.0459442138672, 6.624988555908203], [129.0459442138672, 6.541652679443359], [128.87925720214844, 6.541652679443359], [128.87925720214844, 6.374980926513672], [128.6292266845703, 6.374980926513672], [128.6292266845703, 6.624988555908203], [128.87925720214844, 6.624988555908203], [128.87925720214844, 6.958332061767578], [128.12916564941406, 6.958332061767578], [128.12916564941406, 6.874996185302734], [128.0458221435547, 6.874996185302734], [128.0458221435547, 6.958332061767578], [126.37895202636719, 6.958332061767578], [126.37895202636719, 6.624988555908203], [126.29560852050781, 6.624988555908203], [126.29560852050781, 6.458316802978516], [126.21226501464844, 6.458316802978516], [126.21226501464844, 6.291645050048828], [126.12892150878906, 6.291645050048828]], [[125.21214294433594, 1.2914924621582031], [125.12879943847656, 1.2914924621582031], [125.12879943847656, 1.2081565856933594], [125.21214294433594, 1.2081565856933594], [125.21214294433594, 1.2914924621582031]], [[141.13075256347656, 1.6248359680175781], [141.13075256347656, 1.3748283386230469], [141.3807830810547, 1.3748283386230469], [141.3807830810547, 1.6248359680175781], [141.13075256347656, 1.6248359680175781]], [[134.6299591064453, 5.374950408935547], [134.87998962402344, 5.374950408935547], [134.87998962402344, 5.624958038330078], [134.6299591064453, 5.624958038330078], [134.6299591064453, 5.374950408935547]], [[118.46131896972656, 6.708324432373047], [118.46131896972656, 6.874996185302734], [118.37797546386719, 6.874996185302734], [118.37797546386719, 6.708324432373047], [118.46131896972656, 6.708324432373047]], [[122.46180725097656, 6.791660308837891], [122.46180725097656, 6.874996185302734], [122.12843322753906, 6.874996185302734], [122.12843322753906, 6.708324432373047], [122.62849426269531, 6.708324432373047], [122.62849426269531, 6.624988555908203], [122.96186828613281, 6.624988555908203], [122.96186828613281, 6.791660308837891], [122.46180725097656, 6.791660308837891]], [[121.71171569824219, 6.541652679443359], [121.71171569824219, 6.458316802978516], [121.62837219238281, 6.458316802978516], [121.62837219238281, 6.374980926513672], [121.87840270996094, 6.374980926513672], [121.87840270996094, 6.541652679443359], [121.71171569824219, 6.541652679443359]], [[121.87840270996094, 6.291645050048828], [121.79505920410156, 6.291645050048828], [121.79505920410156, 6.208309173583984], [121.96174621582031, 6.208309173583984], [121.96174621582031, 6.374980926513672], [121.87840270996094, 6.374980926513672], [121.87840270996094, 6.291645050048828]], [[122.12843322753906, 5.874965667724609], [122.12843322753906, 6.041637420654297], [121.96174621582031, 6.041637420654297], [121.96174621582031, 5.874965667724609], [122.12843322753906, 5.874965667724609]], [[135.3800506591797, 5.374950408935547], [135.3800506591797, 5.624958038330078], [135.13002014160156, 5.624958038330078], [135.13002014160156, 5.374950408935547], [135.3800506591797, 5.374950408935547]], [[136.88023376464844, 5.374950408935547], [136.88023376464844, 5.624958038330078], [136.6302032470703, 5.624958038330078], [136.6302032470703, 5.374950408935547], [136.88023376464844, 5.374950408935547]], [[121.04496765136719, 5.458286285400391], [121.04496765136719, 5.541622161865234], [120.96162414550781, 5.541622161865234], [120.96162414550781, 5.458286285400391], [121.04496765136719, 5.458286285400391]], [[97.29206848144531, 5.374950408935547], [97.29206848144531, 5.458286285400391], [97.20872497558594, 5.458286285400391], [97.20872497558594, 5.374950408935547], [97.29206848144531, 5.374950408935547]], [[119.37809753417969, 5.374950408935547], [119.37809753417969, 5.458286285400391], [119.29475402832031, 5.458286285400391], [119.29475402832031, 5.374950408935547], [119.37809753417969, 5.374950408935547]], [[119.37809753417969, 5.124942779541016], [119.29475402832031, 5.124942779541016], [119.29475402832031, 5.041606903076172], [119.21141052246094, 5.041606903076172], [119.21141052246094, 4.958271026611328], [119.12806701660156, 4.958271026611328], [119.12806701660156, 4.874935150146484], [119.04472351074219, 4.874935150146484], [119.04472351074219, 4.624927520751953], [118.96138000488281, 4.624927520751953], [118.96138000488281, 4.541591644287109], [118.87803649902344, 4.541591644287109], [118.87803649902344, 4.374919891357422], [118.96138000488281, 4.374919891357422], [118.96138000488281, 4.291584014892578], [118.87803649902344, 4.291584014892578], [118.87803649902344, 3.7915687561035156], [118.79469299316406, 3.7915687561035156], [118.79469299316406, 3.624897003173828], [118.71134948730469, 3.624897003173828], [118.71134948730469, 3.4582252502441406], [118.62800598144531, 3.4582252502441406], [118.62800598144531, 3.1248817443847656], [118.71134948730469, 3.1248817443847656], [118.71134948730469, 2.624866485595703], [118.79469299316406, 2.624866485595703], [118.79469299316406, 2.4581947326660156], [118.87803649902344, 2.4581947326660156], [118.87803649902344, 2.374858856201172], [118.96138000488281, 2.374858856201172], [118.96138000488281, 2.2081871032714844], [118.87803649902344, 2.2081871032714844], [118.87803649902344, 2.041515350341797], [118.96138000488281, 2.041515350341797], [118.96138000488281, 1.8748435974121094], [119.04472351074219, 1.8748435974121094], [119.04472351074219, 1.6248359680175781], [119.12806701660156, 1.6248359680175781], [119.12806701660156, 1.4581642150878906], [119.04472351074219, 1.4581642150878906], [119.04472351074219, 1.5415000915527344], [118.96138000488281, 1.5415000915527344], [118.96138000488281, 1.6248359680175781], [118.71134948730469, 1.6248359680175781], [118.71134948730469, 1.5415000915527344], [118.79469299316406, 1.5415000915527344], [118.79469299316406, 1.4581642150878906], [118.87803649902344, 1.4581642150878906], [118.87803649902344, 1.3748283386230469], [118.96138000488281, 1.3748283386230469], [118.96138000488281, 1.2081565856933594], [119.04472351074219, 1.2081565856933594], [119.04472351074219, 0.9581489562988281], [119.12806701660156, 0.9581489562988281], [119.12806701660156, 0.8748130798339844], [119.04472351074219, 0.8748130798339844], [119.04472351074219, 0.5414695739746094], [118.96138000488281, 0.5414695739746094], [118.96138000488281, 0.3747978210449219], [118.87803649902344, 0.3747978210449219], [118.87803649902344, 0.2914619445800781], [118.79469299316406, 0.2914619445800781], [118.79469299316406, 0.12479019165039062], [118.71134948730469, 0.12479019165039062], [118.71134948730469, 0.041454315185546875], [118.62800598144531, 0.041454315185546875], [118.62800598144531, -0.041881561279296875], [118.54466247558594, -0.041881561279296875], [118.54466247558594, -0.12521743774414062], [118.46131896972656, -0.12521743774414062], [118.46131896972656, -0.20855331420898438], [118.37797546386719, -0.20855331420898438], [118.37797546386719, -0.2918891906738281], [118.29463195800781, -0.2918891906738281], [118.29463195800781, -0.3752250671386719], [118.21128845214844, -0.3752250671386719], [118.21128845214844, -0.5418968200683594], [118.12794494628906, -0.5418968200683594], [118.12794494628906, -0.7085685729980469], [118.04460144042969, -0.7085685729980469], [118.04460144042969, -0.9585762023925781], [117.96125793457031, -0.9585762023925781], [117.96125793457031, -1.1252479553222656], [117.87791442871094, -1.1252479553222656], [117.87791442871094, -1.2085838317871094], [117.79457092285156, -1.2085838317871094], [117.79457092285156, -1.3752555847167969], [117.71122741699219, -1.3752555847167969], [117.71122741699219, -1.4585914611816406], [117.62788391113281, -1.4585914611816406], [117.62788391113281, -1.2919197082519531], [117.54454040527344, -1.2919197082519531], [117.54454040527344, -1.3752555847167969], [117.46119689941406, -1.3752555847167969], [117.46119689941406, -1.5419273376464844], [117.37785339355469, -1.5419273376464844], [117.37785339355469, -2.375286102294922], [117.54454040527344, -2.375286102294922], [117.54454040527344, -2.291950225830078], [117.71122741699219, -2.291950225830078], [117.71122741699219, -2.375286102294922], [117.62788391113281, -2.375286102294922], [117.62788391113281, -2.5419578552246094], [117.79457092285156, -2.5419578552246094], [117.79457092285156, -2.625293731689453], [117.87791442871094, -2.625293731689453], [117.87791442871094, -2.958637237548828], [117.96125793457031, -2.958637237548828], [117.96125793457031, -2.7919654846191406], [118.04460144042969, -2.7919654846191406], [118.04460144042969, -3.375316619873047], [118.12794494628906, -3.375316619873047], [118.12794494628906, -3.625324249267578], [118.21128845214844, -3.625324249267578], [118.21128845214844, -4.042003631591797], [118.29463195800781, -4.042003631591797], [118.29463195800781, -4.625354766845703], [118.12794494628906, -4.625354766845703], [118.12794494628906, -4.375347137451172], [117.96125793457031, -4.375347137451172], [117.96125793457031, -4.542018890380859], [117.87791442871094, -4.542018890380859], [117.87791442871094, -4.625354766845703], [117.37785339355469, -4.625354766845703], [117.37785339355469, -4.708690643310547], [117.12782287597656, -4.708690643310547], [117.12782287597656, -4.625354766845703], [117.04447937011719, -4.625354766845703], [117.04447937011719, -4.542018890380859], [116.79444885253906, -4.542018890380859], [116.79444885253906, -4.625354766845703], [116.71110534667969, -4.625354766845703], [116.71110534667969, -4.708690643310547], [116.62776184082031, -4.708690643310547], [116.62776184082031, -4.792026519775391], [116.54441833496094, -4.792026519775391], [116.54441833496094, -4.875362396240234], [116.62776184082031, -4.875362396240234], [116.62776184082031, -5.042034149169922], [116.71110534667969, -5.042034149169922], [116.71110534667969, -4.958698272705078], [116.87779235839844, -4.958698272705078], [116.87779235839844, -4.875362396240234], [117.12782287597656, -4.875362396240234], [117.12782287597656, -5.042034149169922], [117.04447937011719, -5.042034149169922], [117.04447937011719, -5.125370025634766], [117.21116638183594, -5.125370025634766], [117.21116638183594, -5.208705902099609], [117.12782287597656, -5.208705902099609], [117.12782287597656, -5.292041778564453], [117.04447937011719, -5.292041778564453], [117.04447937011719, -5.375377655029297], [116.87779235839844, -5.375377655029297], [116.87779235839844, -5.625385284423828], [117.12782287597656, -5.625385284423828], [117.12782287597656, -5.708721160888672], [117.21116638183594, -5.708721160888672], [117.21116638183594, -5.542049407958984], [117.29450988769531, -5.542049407958984], [117.29450988769531, -5.458713531494141], [117.37785339355469, -5.458713531494141], [117.37785339355469, -5.375377655029297], [117.21116638183594, -5.375377655029297], [117.21116638183594, -5.292041778564453], [117.29450988769531, -5.292041778564453], [117.29450988769531, -5.208705902099609], [117.37785339355469, -5.208705902099609], [117.37785339355469, -5.292041778564453], [117.46119689941406, -5.292041778564453], [117.46119689941406, -5.208705902099609], [117.62788391113281, -5.208705902099609], [117.62788391113281, -5.125370025634766], [117.79457092285156, -5.125370025634766], [117.79457092285156, -5.042034149169922], [117.96125793457031, -5.042034149169922], [117.96125793457031, -5.375377655029297], [117.87791442871094, -5.375377655029297], [117.87791442871094, -5.625385284423828], [117.79457092285156, -5.625385284423828], [117.79457092285156, -5.708721160888672], [117.71122741699219, -5.708721160888672], [117.71122741699219, -5.792057037353516], [117.62788391113281, -5.792057037353516], [117.62788391113281, -5.875392913818359], [117.71122741699219, -5.875392913818359], [117.71122741699219, -6.042064666748047], [117.62788391113281, -6.042064666748047], [117.62788391113281, -6.125400543212891], [117.54454040527344, -6.125400543212891], [117.54454040527344, -6.292072296142578], [117.46119689941406, -6.292072296142578], [117.46119689941406, -6.458744049072266], [117.37785339355469, -6.458744049072266], [117.37785339355469, -6.708751678466797], [117.29450988769531, -6.708751678466797], [117.29450988769531, -6.958759307861328], [117.37785339355469, -6.958759307861328], [117.37785339355469, -6.875423431396484], [117.46119689941406, -6.875423431396484], [117.46119689941406, -6.792087554931641], [117.54454040527344, -6.792087554931641], [117.54454040527344, -6.708751678466797], [117.62788391113281, -6.708751678466797], [117.62788391113281, -6.625415802001953], [117.71122741699219, -6.625415802001953], [117.71122741699219, -6.542079925537109], [117.79457092285156, -6.542079925537109], [117.79457092285156, -6.458744049072266], [117.87791442871094, -6.458744049072266], [117.87791442871094, -6.292072296142578], [117.96125793457031, -6.292072296142578], [117.96125793457031, -6.208736419677734], [118.04460144042969, -6.208736419677734], [118.04460144042969, -6.042064666748047], [118.12794494628906, -6.042064666748047], [118.12794494628906, -5.875392913818359], [118.21128845214844, -5.875392913818359], [118.21128845214844, -6.375408172607422], [118.12794494628906, -6.375408172607422], [118.12794494628906, -6.542079925537109], [118.21128845214844, -6.542079925537109], [118.21128845214844, -6.458744049072266], [118.29463195800781, -6.458744049072266], [118.29463195800781, -6.125400543212891], [118.37797546386719, -6.125400543212891], [118.37797546386719, -5.458713531494141], [118.54466247558594, -5.458713531494141], [118.54466247558594, -5.375377655029297], [118.46131896972656, -5.375377655029297], [118.46131896972656, -5.208705902099609], [118.54466247558594, -5.208705902099609], [118.54466247558594, -5.042034149169922], [118.62800598144531, -5.042034149169922], [118.62800598144531, -4.958698272705078], [118.71134948730469, -4.958698272705078], [118.71134948730469, -4.792026519775391], [118.79469299316406, -4.792026519775391], [118.79469299316406, -4.375347137451172], [118.87803649902344, -4.375347137451172], [118.87803649902344, -3.958667755126953], [118.79469299316406, -3.958667755126953], [118.79469299316406, -3.625324249267578], [118.87803649902344, -3.625324249267578], [118.87803649902344, -3.4586524963378906], [118.79469299316406, -3.4586524963378906], [118.79469299316406, -2.958637237548828], [118.87803649902344, -2.958637237548828], [118.87803649902344, -2.8753013610839844], [118.62800598144531, -2.8753013610839844], [118.62800598144531, -2.625293731689453], [118.71134948730469, -2.625293731689453], [118.71134948730469, -2.4586219787597656], [118.62800598144531, -2.4586219787597656], [118.62800598144531, -2.2086143493652344], [118.54466247558594, -2.2086143493652344], [118.54466247558594, -1.9586067199707031], [118.62800598144531, -1.9586067199707031], [118.62800598144531, -1.7085990905761719], [118.71134948730469, -1.7085990905761719], [118.71134948730469, -1.5419273376464844], [118.79469299316406, -1.5419273376464844], [118.79469299316406, -1.3752555847167969], [118.87803649902344, -1.3752555847167969], [118.87803649902344, -1.2919197082519531], [118.96138000488281, -1.2919197082519531], [118.96138000488281, -1.1252479553222656], [119.04472351074219, -1.1252479553222656], [119.04472351074219, -1.0419120788574219], [119.12806701660156, -1.0419120788574219], [119.12806701660156, -0.8752403259277344], [119.21141052246094, -0.8752403259277344], [119.21141052246094, -0.6252326965332031], [119.29475402832031, -0.6252326965332031], [119.29475402832031, -0.4585609436035156], [119.37809753417969, -0.4585609436035156], [119.37809753417969, -0.3752250671386719], [119.46144104003906, -0.3752250671386719], [119.46144104003906, -0.20855331420898438], [119.54478454589844, -0.20855331420898438], [119.54478454589844, -0.12521743774414062], [119.62812805175781, -0.12521743774414062], [119.62812805175781, 0.3747978210449219], [119.71147155761719, 0.3747978210449219], [119.71147155761719, 0.4581336975097656], [119.79481506347656, 0.4581336975097656], [119.79481506347656, 0.7914772033691406], [119.87815856933594, 0.7914772033691406], [119.87815856933594, 1.1248207092285156], [120.12818908691406, 1.1248207092285156], [120.12818908691406, 1.3748283386230469], [119.96150207519531, 1.3748283386230469], [119.96150207519531, 1.5415000915527344], [119.87815856933594, 1.5415000915527344], [119.87815856933594, 2.374858856201172], [119.79481506347656, 2.374858856201172], [119.79481506347656, 2.4581947326660156], [119.71147155761719, 2.4581947326660156], [119.71147155761719, 2.624866485595703], [119.62812805175781, 2.624866485595703], [119.62812805175781, 2.8748741149902344], [119.54478454589844, 2.8748741149902344], [119.54478454589844, 3.1248817443847656], [119.71147155761719, 3.1248817443847656], [119.71147155761719, 3.2082176208496094], [119.79481506347656, 3.2082176208496094], [119.79481506347656, 3.291553497314453], [119.87815856933594, 3.291553497314453], [119.87815856933594, 3.374889373779297], [119.96150207519531, 3.374889373779297], [119.96150207519531, 3.5415611267089844], [120.04484558105469, 3.5415611267089844], [120.04484558105469, 3.708232879638672], [120.12818908691406, 3.708232879638672], [120.12818908691406, 3.8749046325683594], [120.21153259277344, 3.8749046325683594], [120.21153259277344, 3.958240509033203], [120.29487609863281, 3.958240509033203], [120.29487609863281, 4.041576385498047], [120.37821960449219, 4.041576385498047], [120.37821960449219, 4.124912261962891], [120.12818908691406, 4.124912261962891], [120.12818908691406, 4.208248138427734], [120.29487609863281, 4.208248138427734], [120.29487609863281, 4.291584014892578], [120.37821960449219, 4.291584014892578], [120.37821960449219, 4.374919891357422], [120.54490661621094, 4.374919891357422], [120.54490661621094, 4.458255767822266], [120.62825012207031, 4.458255767822266], [120.62825012207031, 4.541591644287109], [120.71159362792969, 4.541591644287109], [120.71159362792969, 4.624927520751953], [120.79493713378906, 4.624927520751953], [120.79493713378906, 4.708263397216797], [120.87828063964844, 4.708263397216797], [120.87828063964844, 4.791599273681641], [120.96162414550781, 4.791599273681641], [120.96162414550781, 5.124942779541016], [120.79493713378906, 5.124942779541016], [120.79493713378906, 5.374950408935547], [120.71159362792969, 5.374950408935547], [120.71159362792969, 5.208278656005859], [120.62825012207031, 5.208278656005859], [120.62825012207031, 4.958271026611328], [120.54490661621094, 4.958271026611328], [120.54490661621094, 4.791599273681641], [120.37821960449219, 4.791599273681641], [120.37821960449219, 4.708263397216797], [120.29487609863281, 4.708263397216797], [120.29487609863281, 4.624927520751953], [120.21153259277344, 4.624927520751953], [120.21153259277344, 4.541591644287109], [120.12818908691406, 4.541591644287109], [120.12818908691406, 4.458255767822266], [120.04484558105469, 4.458255767822266], [120.04484558105469, 4.374919891357422], [119.96150207519531, 4.374919891357422], [119.96150207519531, 4.291584014892578], [119.87815856933594, 4.291584014892578], [119.87815856933594, 4.208248138427734], [119.79481506347656, 4.208248138427734], [119.79481506347656, 4.124912261962891], [119.71147155761719, 4.124912261962891], [119.71147155761719, 4.458255767822266], [119.79481506347656, 4.458255767822266], [119.79481506347656, 4.874935150146484], [119.71147155761719, 4.874935150146484], [119.71147155761719, 5.041606903076172], [119.62812805175781, 5.041606903076172], [119.62812805175781, 4.958271026611328], [119.54478454589844, 4.958271026611328], [119.54478454589844, 4.624927520751953], [119.37809753417969, 4.624927520751953], [119.37809753417969, 4.458255767822266], [119.46144104003906, 4.458255767822266], [119.46144104003906, 4.374919891357422], [119.37809753417969, 4.374919891357422], [119.37809753417969, 4.124912261962891], [119.29475402832031, 4.124912261962891], [119.29475402832031, 3.958240509033203], [119.21141052246094, 3.958240509033203], [119.21141052246094, 3.7915687561035156], [119.12806701660156, 3.7915687561035156], [119.12806701660156, 3.708232879638672], [119.04472351074219, 3.708232879638672], [119.04472351074219, 3.4582252502441406], [118.96138000488281, 3.4582252502441406], [118.96138000488281, 3.374889373779297], [118.87803649902344, 3.374889373779297], [118.87803649902344, 3.624897003173828], [118.96138000488281, 3.624897003173828], [118.96138000488281, 3.8749046325683594], [119.04472351074219, 3.8749046325683594], [119.04472351074219, 4.374919891357422], [119.12806701660156, 4.374919891357422], [119.12806701660156, 4.624927520751953], [119.21141052246094, 4.624927520751953], [119.21141052246094, 4.708263397216797], [119.37809753417969, 4.708263397216797], [119.37809753417969, 5.041606903076172], [119.46144104003906, 5.041606903076172], [119.46144104003906, 5.374950408935547], [119.37809753417969, 5.374950408935547], [119.37809753417969, 5.124942779541016]], [[119.21141052246094, 5.124942779541016], [119.12806701660156, 5.124942779541016], [119.12806701660156, 5.041606903076172], [119.21141052246094, 5.041606903076172], [119.21141052246094, 5.124942779541016]], [[97.62544250488281, 5.291614532470703], [97.62544250488281, 5.374950408935547], [97.45875549316406, 5.374950408935547], [97.45875549316406, 5.291614532470703], [97.62544250488281, 5.291614532470703]], [[121.37834167480469, 5.124942779541016], [121.37834167480469, 5.291614532470703], [121.12831115722656, 5.291614532470703], [121.12831115722656, 5.124942779541016], [121.37834167480469, 5.124942779541016]], [[119.96150207519531, 4.958271026611328], [119.96150207519531, 5.041606903076172], [119.79481506347656, 5.041606903076172], [119.79481506347656, 4.958271026611328], [119.96150207519531, 4.958271026611328]], [[95.37516784667969, 4.624927520751953], [95.37516784667969, 4.374919891357422], [95.62519836425781, 4.374919891357422], [95.62519836425781, 4.458255767822266], [95.54185485839844, 4.458255767822266], [95.54185485839844, 4.624927520751953], [95.37516784667969, 4.624927520751953]], [[117.79457092285156, 4.291584014892578], [117.79457092285156, 4.374919891357422], [117.62788391113281, 4.374919891357422], [117.62788391113281, 4.291584014892578], [117.71122741699219, 4.291584014892578], [117.71122741699219, 4.208248138427734], [117.87791442871094, 4.208248138427734], [117.87791442871094, 4.291584014892578], [117.79457092285156, 4.291584014892578]], [[118.79469299316406, 4.291584014892578], [118.79469299316406, 4.374919891357422], [118.71134948730469, 4.374919891357422], [118.71134948730469, 4.291584014892578], [118.79469299316406, 4.291584014892578]], [[117.87791442871094, 4.124912261962891], [117.87791442871094, 3.8749046325683594], [117.96125793457031, 3.8749046325683594], [117.96125793457031, 4.041576385498047], [118.04460144042969, 4.041576385498047], [118.04460144042969, 4.124912261962891], [117.87791442871094, 4.124912261962891]], [[122.04508972167969, 3.291553497314453], [122.04508972167969, 3.2082176208496094], [121.87840270996094, 3.2082176208496094], [121.87840270996094, 3.1248817443847656], [122.12843322753906, 3.1248817443847656], [122.12843322753906, 3.291553497314453], [122.04508972167969, 3.291553497314453]], [[117.62788391113281, 3.1248817443847656], [117.62788391113281, 2.958209991455078], [117.71122741699219, 2.958209991455078], [117.71122741699219, 2.8748741149902344], [117.87791442871094, 2.8748741149902344], [117.87791442871094, 3.1248817443847656], [117.62788391113281, 3.1248817443847656]], [[111.71049499511719, 2.8748741149902344], [111.71049499511719, 2.958209991455078], [111.62715148925781, 2.958209991455078], [111.62715148925781, 2.8748741149902344], [111.71049499511719, 2.8748741149902344]], [[95.37516784667969, 2.5415306091308594], [95.37516784667969, 2.624866485595703], [95.45851135253906, 2.624866485595703], [95.45851135253906, 2.7915382385253906], [95.29182434082031, 2.7915382385253906], [95.29182434082031, 2.8748741149902344], [95.04179382324219, 2.8748741149902344], [95.04179382324219, 2.708202362060547], [95.12513732910156, 2.708202362060547], [95.12513732910156, 2.624866485595703], [95.29182434082031, 2.624866485595703], [95.29182434082031, 2.5415306091308594], [95.37516784667969, 2.5415306091308594]], [[123.37858581542969, 2.2081871032714844], [123.37858581542969, 2.624866485595703], [123.12855529785156, 2.624866485595703], [123.12855529785156, 2.8748741149902344], [122.62849426269531, 2.8748741149902344], [122.62849426269531, 2.374858856201172], [122.37846374511719, 2.374858856201172], [122.37846374511719, 2.1248512268066406], [123.29524230957031, 2.1248512268066406], [123.29524230957031, 2.2081871032714844], [123.37858581542969, 2.2081871032714844]], [[94.20835876464844, 2.4581947326660156], [94.20835876464844, 2.291522979736328], [94.12501525878906, 2.291522979736328], [94.12501525878906, 2.2081871032714844], [94.04167175292969, 2.2081871032714844], [94.04167175292969, 0.6248054504394531], [94.12501525878906, 0.6248054504394531], [94.12501525878906, 1.1248207092285156], [94.20835876464844, 1.1248207092285156], [94.20835876464844, 1.3748283386230469], [94.29170227050781, 1.3748283386230469], [94.29170227050781, 1.4581642150878906], [94.37504577636719, 1.4581642150878906], [94.37504577636719, 1.5415000915527344], [94.45838928222656, 1.5415000915527344], [94.45838928222656, 1.6248359680175781], [94.54173278808594, 1.6248359680175781], [94.54173278808594, 1.7915077209472656], [94.45838928222656, 1.7915077209472656], [94.45838928222656, 1.8748435974121094], [94.29170227050781, 1.8748435974121094], [94.29170227050781, 2.2081871032714844], [94.45838928222656, 2.2081871032714844], [94.45838928222656, 2.291522979736328], [94.62507629394531, 2.291522979736328], [94.62507629394531, 2.4581947326660156], [94.70841979980469, 2.4581947326660156], [94.70841979980469, 2.5415306091308594], [94.62507629394531, 2.5415306091308594], [94.62507629394531, 2.7915382385253906], [94.45838928222656, 2.7915382385253906], [94.45838928222656, 2.624866485595703], [94.37504577636719, 2.624866485595703], [94.37504577636719, 2.5415306091308594], [94.29170227050781, 2.5415306091308594], [94.29170227050781, 2.4581947326660156], [94.20835876464844, 2.4581947326660156]], [[101.29255676269531, 2.708202362060547], [101.29255676269531, 2.7915382385253906], [101.12586975097656, 2.7915382385253906], [101.12586975097656, 2.708202362060547], [101.20921325683594, 2.708202362060547], [101.20921325683594, 2.624866485595703], [101.37590026855469, 2.624866485595703], [101.37590026855469, 2.708202362060547], [101.29255676269531, 2.708202362060547]], [[101.37590026855469, 2.5415306091308594], [101.54258728027344, 2.5415306091308594], [101.54258728027344, 2.4581947326660156], [101.62593078613281, 2.4581947326660156], [101.62593078613281, 2.624866485595703], [101.37590026855469, 2.624866485595703], [101.37590026855469, 2.5415306091308594]], [[121.29499816894531, 2.374858856201172], [121.29499816894531, 2.291522979736328], [121.21165466308594, 2.291522979736328], [121.21165466308594, 2.2081871032714844], [121.12831115722656, 2.2081871032714844], [121.12831115722656, 2.1248512268066406], [121.04496765136719, 2.1248512268066406], [121.04496765136719, 1.9581794738769531], [120.96162414550781, 1.9581794738769531], [120.96162414550781, 1.8748435974121094], [120.87828063964844, 1.8748435974121094], [120.87828063964844, 1.7081718444824219], [120.79493713378906, 1.7081718444824219], [120.79493713378906, 1.6248359680175781], [120.71159362792969, 1.6248359680175781], [120.71159362792969, 1.5415000915527344], [120.62825012207031, 1.5415000915527344], [120.62825012207031, 1.3748283386230469], [120.87828063964844, 1.3748283386230469], [120.87828063964844, 1.4581642150878906], [120.96162414550781, 1.4581642150878906], [120.96162414550781, 1.5415000915527344], [121.12831115722656, 1.5415000915527344], [121.12831115722656, 1.6248359680175781], [121.29499816894531, 1.6248359680175781], [121.29499816894531, 1.7081718444824219], [121.37834167480469, 1.7081718444824219], [121.37834167480469, 1.7915077209472656], [121.46168518066406, 1.7915077209472656], [121.46168518066406, 1.8748435974121094], [121.54502868652344, 1.8748435974121094], [121.54502868652344, 1.9581794738769531], [121.62837219238281, 1.9581794738769531], [121.62837219238281, 2.041515350341797], [121.71171569824219, 2.041515350341797], [121.71171569824219, 2.1248512268066406], [121.79505920410156, 2.1248512268066406], [121.79505920410156, 2.2081871032714844], [121.87840270996094, 2.2081871032714844], [121.87840270996094, 2.291522979736328], [121.96174621582031, 2.291522979736328], [121.96174621582031, 2.5415306091308594], [121.87840270996094, 2.5415306091308594], [121.87840270996094, 2.624866485595703], [121.62837219238281, 2.624866485595703], [121.62837219238281, 2.5415306091308594], [121.46168518066406, 2.5415306091308594], [121.46168518066406, 2.4581947326660156], [121.37834167480469, 2.4581947326660156], [121.37834167480469, 2.374858856201172], [121.29499816894531, 2.374858856201172]], [[118.29463195800781, 2.2081871032714844], [118.29463195800781, 2.291522979736328], [118.21128845214844, 2.291522979736328], [118.21128845214844, 2.2081871032714844], [118.29463195800781, 2.2081871032714844]], [[128.12916564941406, 2.1248512268066406], [128.12916564941406, 2.291522979736328], [128.0458221435547, 2.291522979736328], [128.0458221435547, 2.1248512268066406], [128.12916564941406, 2.1248512268066406]], [[95.79188537597656, 2.041515350341797], [95.79188537597656, 2.2081871032714844], [95.70854187011719, 2.2081871032714844], [95.70854187011719, 2.041515350341797], [95.79188537597656, 2.041515350341797]], [[100.62580871582031, 2.1248512268066406], [100.62580871582031, 2.2081871032714844], [100.54246520996094, 2.2081871032714844], [100.54246520996094, 2.1248512268066406], [100.62580871582031, 2.1248512268066406]], [[118.37797546386719, 2.041515350341797], [118.37797546386719, 2.1248512268066406], [118.29463195800781, 2.1248512268066406], [118.29463195800781, 2.041515350341797], [118.37797546386719, 2.041515350341797]], [[118.79469299316406, 2.041515350341797], [118.79469299316406, 2.1248512268066406], [118.71134948730469, 2.1248512268066406], [118.71134948730469, 2.041515350341797], [118.79469299316406, 2.041515350341797]], [[102.29267883300781, 1.9581794738769531], [102.29267883300781, 2.041515350341797], [102.20933532714844, 2.041515350341797], [102.20933532714844, 1.9581794738769531], [102.29267883300781, 1.9581794738769531]], [[102.29267883300781, 1.8748435974121094], [102.37602233886719, 1.8748435974121094], [102.37602233886719, 1.9581794738769531], [102.29267883300781, 1.9581794738769531], [102.29267883300781, 1.8748435974121094]], [[96.54197692871094, 1.3748283386230469], [96.54197692871094, 1.2914924621582031], [96.70866394042969, 1.2914924621582031], [96.70866394042969, 1.3748283386230469], [96.79200744628906, 1.3748283386230469], [96.79200744628906, 1.1248207092285156], [96.70866394042969, 1.1248207092285156], [96.70866394042969, 0.9581489562988281], [96.62532043457031, 0.9581489562988281], [96.62532043457031, 0.8748130798339844], [96.54197692871094, 0.8748130798339844], [96.54197692871094, 0.7081413269042969], [96.45863342285156, 0.7081413269042969], [96.45863342285156, 0.6248054504394531], [96.37528991699219, 0.6248054504394531], [96.37528991699219, 0.5414695739746094], [96.20860290527344, 0.5414695739746094], [96.20860290527344, 0.4581336975097656], [96.04191589355469, 0.4581336975097656], [96.04191589355469, 0.3747978210449219], [95.95857238769531, 0.3747978210449219], [95.95857238769531, 0.20812606811523438], [95.87522888183594, 0.20812606811523438], [95.87522888183594, 0.041454315185546875], [95.95857238769531, 0.041454315185546875], [95.95857238769531, -0.12521743774414062], [96.04191589355469, -0.12521743774414062], [96.04191589355469, -0.4585609436035156], [96.12525939941406, -0.4585609436035156], [96.12525939941406, -0.6252326965332031], [96.20860290527344, -0.6252326965332031], [96.20860290527344, -0.8752403259277344], [96.04191589355469, -0.8752403259277344], [96.04191589355469, -0.9585762023925781], [95.95857238769531, -0.9585762023925781], [95.95857238769531, -1.1252479553222656], [96.04191589355469, -1.1252479553222656], [96.04191589355469, -1.0419120788574219], [96.37528991699219, -1.0419120788574219], [96.37528991699219, -0.9585762023925781], [96.62532043457031, -0.9585762023925781], [96.62532043457031, -0.8752403259277344], [96.79200744628906, -0.8752403259277344], [96.79200744628906, -0.7919044494628906], [96.87535095214844, -0.7919044494628906], [96.87535095214844, -0.7085685729980469], [96.95869445800781, -0.7085685729980469], [96.95869445800781, -0.6252326965332031], [97.20872497558594, -0.6252326965332031], [97.20872497558594, -0.5418968200683594], [97.37541198730469, -0.5418968200683594], [97.37541198730469, -0.4585609436035156], [97.45875549316406, -0.4585609436035156], [97.45875549316406, -0.3752250671386719], [97.37541198730469, -0.3752250671386719], [97.37541198730469, -0.2918891906738281], [97.04203796386719, -0.2918891906738281], [97.04203796386719, -0.20855331420898438], [96.87535095214844, -0.20855331420898438], [96.87535095214844, -0.12521743774414062], [96.70866394042969, -0.12521743774414062], [96.70866394042969, 0.041454315185546875], [96.62532043457031, 0.041454315185546875], [96.62532043457031, 0.2914619445800781], [96.79200744628906, 0.2914619445800781], [96.79200744628906, 0.20812606811523438], [97.12538146972656, 0.20812606811523438], [97.12538146972656, 0.2914619445800781], [97.20872497558594, 0.2914619445800781], [97.20872497558594, 0.3747978210449219], [97.12538146972656, 0.3747978210449219], [97.12538146972656, 0.4581336975097656], [97.20872497558594, 0.4581336975097656], [97.20872497558594, 0.6248054504394531], [97.29206848144531, 0.6248054504394531], [97.29206848144531, 0.7914772033691406], [97.20872497558594, 0.7914772033691406], [97.20872497558594, 0.8748130798339844], [97.12538146972656, 0.8748130798339844], [97.12538146972656, 1.2081565856933594], [97.04203796386719, 1.2081565856933594], [97.04203796386719, 1.3748283386230469], [96.87535095214844, 1.3748283386230469], [96.87535095214844, 1.8748435974121094], [96.79200744628906, 1.8748435974121094], [96.79200744628906, 1.7081718444824219], [96.70866394042969, 1.7081718444824219], [96.70866394042969, 1.5415000915527344], [96.62532043457031, 1.5415000915527344], [96.62532043457031, 1.3748283386230469], [96.54197692871094, 1.3748283386230469]], [[94.62507629394531, 1.4581642150878906], [94.62507629394531, 1.2914924621582031], [94.54173278808594, 1.2914924621582031], [94.54173278808594, 1.2081565856933594], [94.62507629394531, 1.2081565856933594], [94.62507629394531, 1.1248207092285156], [94.70841979980469, 1.1248207092285156], [94.70841979980469, 1.0414848327636719], [94.87510681152344, 1.0414848327636719], [94.87510681152344, 0.9581489562988281], [95.04179382324219, 0.9581489562988281], [95.04179382324219, 0.8748130798339844], [95.37516784667969, 0.8748130798339844], [95.37516784667969, 0.9581489562988281], [95.62519836425781, 0.9581489562988281], [95.62519836425781, 1.0414848327636719], [95.87522888183594, 1.0414848327636719], [95.87522888183594, 1.2081565856933594], [95.70854187011719, 1.2081565856933594], [95.70854187011719, 1.2914924621582031], [95.62519836425781, 1.2914924621582031], [95.62519836425781, 1.3748283386230469], [95.54185485839844, 1.3748283386230469], [95.54185485839844, 1.4581642150878906], [95.45851135253906, 1.4581642150878906], [95.45851135253906, 1.6248359680175781], [95.37516784667969, 1.6248359680175781], [95.37516784667969, 1.7081718444824219], [95.04179382324219, 1.7081718444824219], [95.04179382324219, 1.6248359680175781], [94.87510681152344, 1.6248359680175781], [94.87510681152344, 1.5415000915527344], [94.79176330566406, 1.5415000915527344], [94.79176330566406, 1.4581642150878906], [94.62507629394531, 1.4581642150878906]], [[102.79273986816406, 1.6248359680175781], [102.79273986816406, 1.5415000915527344], [102.87608337402344, 1.5415000915527344], [102.87608337402344, 1.4581642150878906], [103.04277038574219, 1.4581642150878906], [103.04277038574219, 1.6248359680175781], [102.79273986816406, 1.6248359680175781]], [[118.62800598144531, 1.5415000915527344], [118.62800598144531, 1.6248359680175781], [118.54466247558594, 1.6248359680175781], [118.54466247558594, 1.5415000915527344], [118.62800598144531, 1.5415000915527344]], [[103.45948791503906, 1.0414848327636719], [103.45948791503906, 1.1248207092285156], [103.54283142089844, 1.1248207092285156], [103.54283142089844, 1.0414848327636719], [103.62617492675781, 1.0414848327636719], [103.62617492675781, 1.2081565856933594], [103.54283142089844, 1.2081565856933594], [103.54283142089844, 1.2914924621582031], [103.20945739746094, 1.2914924621582031], [103.20945739746094, 1.2081565856933594], [103.29280090332031, 1.2081565856933594], [103.29280090332031, 1.1248207092285156], [103.37614440917969, 1.1248207092285156], [103.37614440917969, 1.0414848327636719], [103.45948791503906, 1.0414848327636719]], [[103.79286193847656, 1.2081565856933594], [103.79286193847656, 1.2914924621582031], [103.70951843261719, 1.2914924621582031], [103.70951843261719, 1.2081565856933594], [103.79286193847656, 1.2081565856933594]], [[128.12916564941406, 1.2081565856933594], [128.12916564941406, 1.2914924621582031], [127.96247863769531, 1.2914924621582031], [127.96247863769531, 1.2081565856933594], [127.87913513183594, 1.2081565856933594], [127.87913513183594, 1.1248207092285156], [128.0458221435547, 1.1248207092285156], [128.0458221435547, 1.2081565856933594], [128.12916564941406, 1.2081565856933594]], [[127.79579162597656, 1.1248207092285156], [127.79579162597656, 1.0414848327636719], [127.71244812011719, 1.0414848327636719], [127.71244812011719, 0.9581489562988281], [127.87913513183594, 0.9581489562988281], [127.87913513183594, 1.1248207092285156], [127.79579162597656, 1.1248207092285156]], [[133.12977600097656, 0.8748130798339844], [133.12977600097656, 0.7914772033691406], [133.21311950683594, 0.7914772033691406], [133.21311950683594, 0.7081413269042969], [133.2964630126953, 0.7081413269042969], [133.2964630126953, 0.5414695739746094], [133.46315002441406, 0.5414695739746094], [133.46315002441406, 0.4581336975097656], [134.3799285888672, 0.4581336975097656], [134.3799285888672, 0.3747978210449219], [134.46327209472656, 0.3747978210449219], [134.46327209472656, 0.2914619445800781], [134.54661560058594, 0.2914619445800781], [134.54661560058594, 0.20812606811523438], [134.7133026123047, 0.20812606811523438], [134.7133026123047, 0.12479019165039062], [134.79664611816406, 0.12479019165039062], [134.79664611816406, 0.041454315185546875], [134.87998962402344, 0.041454315185546875], [134.87998962402344, -0.041881561279296875], [134.9633331298828, -0.041881561279296875], [134.9633331298828, -0.12521743774414062], [134.7133026123047, -0.12521743774414062], [134.7133026123047, -0.20855331420898438], [135.0466766357422, -0.20855331420898438], [135.0466766357422, -0.12521743774414062], [135.13002014160156, -0.12521743774414062], [135.13002014160156, -0.20855331420898438], [135.21336364746094, -0.20855331420898438], [135.21336364746094, -0.3752250671386719], [135.3800506591797, -0.3752250671386719], [135.3800506591797, -0.4585609436035156], [135.6300811767578, -0.4585609436035156], [135.6300811767578, -0.5418968200683594], [135.79676818847656, -0.5418968200683594], [135.79676818847656, -0.6252326965332031], [135.88011169433594, -0.6252326965332031], [135.88011169433594, -0.7919044494628906], [135.9634552001953, -0.7919044494628906], [135.9634552001953, -0.8752403259277344], [136.13014221191406, -0.8752403259277344], [136.13014221191406, -0.7919044494628906], [136.21348571777344, -0.7919044494628906], [136.21348571777344, -0.8752403259277344], [136.46351623535156, -0.8752403259277344], [136.46351623535156, -0.7919044494628906], [136.54685974121094, -0.7919044494628906], [136.54685974121094, -0.7085685729980469], [136.46351623535156, -0.7085685729980469], [136.46351623535156, -0.4585609436035156], [136.3801727294922, -0.4585609436035156], [136.3801727294922, -0.3752250671386719], [136.2968292236328, -0.3752250671386719], [136.2968292236328, -0.20855331420898438], [136.21348571777344, -0.20855331420898438], [136.21348571777344, -0.12521743774414062], [136.13014221191406, -0.12521743774414062], [136.13014221191406, -0.041881561279296875], [135.9634552001953, -0.041881561279296875], [135.9634552001953, 0.041454315185546875], [135.79676818847656, 0.041454315185546875], [135.79676818847656, 0.12479019165039062], [135.6300811767578, 0.12479019165039062], [135.6300811767578, 0.20812606811523438], [135.46339416503906, 0.20812606811523438], [135.46339416503906, 0.2914619445800781], [135.3800506591797, 0.2914619445800781], [135.3800506591797, 0.3747978210449219], [135.13002014160156, 0.3747978210449219], [135.13002014160156, 0.4581336975097656], [135.0466766357422, 0.4581336975097656], [135.0466766357422, 0.5414695739746094], [134.9633331298828, 0.5414695739746094], [134.9633331298828, 0.6248054504394531], [134.7133026123047, 0.6248054504394531], [134.7133026123047, 0.7081413269042969], [134.54661560058594, 0.7081413269042969], [134.54661560058594, 0.7914772033691406], [134.3799285888672, 0.7914772033691406], [134.3799285888672, 0.9581489562988281], [134.46327209472656, 0.9581489562988281], [134.46327209472656, 1.0414848327636719], [134.0465545654297, 1.0414848327636719], [134.0465545654297, 1.1248207092285156], [133.46315002441406, 1.1248207092285156], [133.46315002441406, 1.0414848327636719], [133.2964630126953, 1.0414848327636719], [133.2964630126953, 0.9581489562988281], [133.21311950683594, 0.9581489562988281], [133.21311950683594, 0.8748130798339844], [133.12977600097656, 0.8748130798339844]], [[130.21275329589844, 0.5414695739746094], [130.21275329589844, 0.7081413269042969], [130.12940979003906, 0.7081413269042969], [130.12940979003906, 0.7914772033691406], [130.0460662841797, 0.7914772033691406], [130.0460662841797, 0.8748130798339844], [129.87937927246094, 0.8748130798339844], [129.87937927246094, 0.6248054504394531], [130.12940979003906, 0.6248054504394531], [130.12940979003906, 0.3747978210449219], [130.2960968017578, 0.3747978210449219], [130.2960968017578, 0.5414695739746094], [130.21275329589844, 0.5414695739746094]], [[103.45948791503906, 0.5414695739746094], [103.45948791503906, 0.6248054504394531], [103.37614440917969, 0.6248054504394531], [103.37614440917969, 0.5414695739746094], [103.45948791503906, 0.5414695739746094]], [[122.21177673339844, 0.2914619445800781], [122.21177673339844, 0.3747978210449219], [121.96174621582031, 0.3747978210449219], [121.96174621582031, 0.2914619445800781], [122.21177673339844, 0.2914619445800781]], [[123.21189880371094, 0.20812606811523438], [123.21189880371094, 0.2914619445800781], [122.87852478027344, 0.2914619445800781], [122.87852478027344, 0.20812606811523438], [123.21189880371094, 0.20812606811523438]], [[117.79457092285156, -0.7085685729980469], [117.79457092285156, 0.20812606811523438], [117.71122741699219, 0.20812606811523438], [117.71122741699219, -0.7085685729980469], [117.79457092285156, -0.7085685729980469]], [[117.62788391113281, -0.7085685729980469], [117.62788391113281, -0.7919044494628906], [117.71122741699219, -0.7919044494628906], [117.71122741699219, -0.7085685729980469], [117.62788391113281, -0.7085685729980469]], [[123.71195983886719, -0.12521743774414062], [123.71195983886719, -0.20855331420898438], [123.62861633300781, -0.20855331420898438], [123.62861633300781, -0.12521743774414062], [123.37858581542969, -0.12521743774414062], [123.37858581542969, -0.4585609436035156], [123.12855529785156, -0.4585609436035156], [123.12855529785156, -0.5418968200683594], [123.37858581542969, -0.5418968200683594], [123.37858581542969, -0.6252326965332031], [123.62861633300781, -0.6252326965332031], [123.62861633300781, -1.3752555847167969], [123.71195983886719, -1.3752555847167969], [123.71195983886719, -1.7085990905761719], [123.62861633300781, -1.7085990905761719], [123.62861633300781, -1.7919349670410156], [123.79530334472656, -1.7919349670410156], [123.79530334472656, -1.6252632141113281], [124.12867736816406, -1.6252632141113281], [124.12867736816406, -1.5419273376464844], [124.21202087402344, -1.5419273376464844], [124.21202087402344, -1.8752708435058594], [124.29536437988281, -1.8752708435058594], [124.29536437988281, -1.7919349670410156], [124.37870788574219, -1.7919349670410156], [124.37870788574219, -1.7085990905761719], [124.29536437988281, -1.7085990905761719], [124.29536437988281, -1.0419120788574219], [124.37870788574219, -1.0419120788574219], [124.37870788574219, -0.7085685729980469], [124.46205139160156, -0.7085685729980469], [124.46205139160156, -0.6252326965332031], [124.37870788574219, -0.6252326965332031], [124.37870788574219, -0.12521743774414062], [124.46205139160156, -0.12521743774414062], [124.46205139160156, 0.041454315185546875], [124.62873840332031, 0.041454315185546875], [124.62873840332031, 0.12479019165039062], [124.29536437988281, 0.12479019165039062], [124.29536437988281, 0.041454315185546875], [123.96199035644531, 0.041454315185546875], [123.96199035644531, -0.041881561279296875], [123.79530334472656, -0.041881561279296875], [123.79530334472656, -0.12521743774414062], [123.71195983886719, -0.12521743774414062]], [[117.62788391113281, -0.3752250671386719], [117.62788391113281, -0.2918891906738281], [117.46119689941406, -0.2918891906738281], [117.46119689941406, -0.3752250671386719], [117.62788391113281, -0.3752250671386719]], [[128.7125701904297, -0.2918891906738281], [128.7125701904297, -0.6252326965332031], [128.6292266845703, -0.6252326965332031], [128.6292266845703, -0.8752403259277344], [128.79591369628906, -0.8752403259277344], [128.79591369628906, -0.2918891906738281], [128.7125701904297, -0.2918891906738281]], [[130.2960968017578, -0.4585609436035156], [130.2960968017578, -0.3752250671386719], [130.21275329589844, -0.3752250671386719], [130.21275329589844, -0.4585609436035156], [130.2960968017578, -0.4585609436035156]], [[109.12684631347656, -0.7919044494628906], [109.12684631347656, -0.6252326965332031], [109.04350280761719, -0.6252326965332031], [109.04350280761719, -0.7919044494628906], [109.12684631347656, -0.7919044494628906]], [[130.54612731933594, -0.7085685729980469], [130.54612731933594, -0.6252326965332031], [130.46278381347656, -0.6252326965332031], [130.46278381347656, -0.7085685729980469], [129.9627227783203, -0.7085685729980469], [129.9627227783203, -0.7919044494628906], [130.6294708251953, -0.7919044494628906], [130.6294708251953, -0.7085685729980469], [130.54612731933594, -0.7085685729980469]], [[104.37626647949219, -0.9585762023925781], [104.37626647949219, -1.1252479553222656], [104.54295349121094, -1.1252479553222656], [104.54295349121094, -1.0419120788574219], [104.45960998535156, -1.0419120788574219], [104.45960998535156, -0.9585762023925781], [104.37626647949219, -0.9585762023925781]], [[117.21116638183594, -1.0419120788574219], [117.21116638183594, -0.9585762023925781], [117.12782287597656, -0.9585762023925781], [117.12782287597656, -1.0419120788574219], [117.21116638183594, -1.0419120788574219]], [[138.54710388183594, -1.3752555847167969], [138.54710388183594, -1.2919197082519531], [138.3804168701172, -1.2919197082519531], [138.3804168701172, -1.3752555847167969], [138.2970733642578, -1.3752555847167969], [138.2970733642578, -1.4585914611816406], [138.46376037597656, -1.4585914611816406], [138.46376037597656, -1.5419273376464844], [138.6304473876953, -1.5419273376464844], [138.6304473876953, -1.6252632141113281], [138.88047790527344, -1.6252632141113281], [138.88047790527344, -1.1252479553222656], [139.0471649169922, -1.1252479553222656], [139.0471649169922, -1.0419120788574219], [138.79713439941406, -1.0419120788574219], [138.79713439941406, -0.9585762023925781], [138.6304473876953, -0.9585762023925781], [138.6304473876953, -1.2085838317871094], [138.7137908935547, -1.2085838317871094], [138.7137908935547, -1.4585914611816406], [138.6304473876953, -1.4585914611816406], [138.6304473876953, -1.3752555847167969], [138.54710388183594, -1.3752555847167969]], [[130.3794403076172, -1.2919197082519531], [130.3794403076172, -1.0419120788574219], [130.12940979003906, -1.0419120788574219], [130.12940979003906, -1.2919197082519531], [130.3794403076172, -1.2919197082519531]], [[130.3794403076172, -1.5419273376464844], [130.46278381347656, -1.5419273376464844], [130.46278381347656, -1.7085990905761719], [130.54612731933594, -1.7085990905761719], [130.54612731933594, -1.4585914611816406], [130.46278381347656, -1.4585914611816406], [130.46278381347656, -1.2919197082519531], [130.3794403076172, -1.2919197082519531], [130.3794403076172, -1.5419273376464844]], [[130.21275329589844, -1.5419273376464844], [130.21275329589844, -1.4585914611816406], [130.12940979003906, -1.4585914611816406], [130.12940979003906, -1.6252632141113281], [130.3794403076172, -1.6252632141113281], [130.3794403076172, -1.5419273376464844], [130.21275329589844, -1.5419273376464844]], [[130.6294708251953, -1.1252479553222656], [130.6294708251953, -1.0419120788574219], [130.54612731933594, -1.0419120788574219], [130.54612731933594, -1.1252479553222656], [130.6294708251953, -1.1252479553222656]], [[137.13026428222656, -1.1252479553222656], [137.13026428222656, -1.2085838317871094], [136.7135467529297, -1.2085838317871094], [136.7135467529297, -1.3752555847167969], [136.6302032470703, -1.3752555847167969], [136.6302032470703, -1.5419273376464844], [136.79689025878906, -1.5419273376464844], [136.79689025878906, -1.4585914611816406], [136.88023376464844, -1.4585914611816406], [136.88023376464844, -1.3752555847167969], [137.0469207763672, -1.3752555847167969], [137.0469207763672, -1.2919197082519531], [137.6303253173828, -1.2919197082519531], [137.6303253173828, -1.3752555847167969], [137.9636993408203, -1.3752555847167969], [137.9636993408203, -1.4585914611816406], [138.13038635253906, -1.4585914611816406], [138.13038635253906, -1.2919197082519531], [138.0470428466797, -1.2919197082519531], [138.0470428466797, -1.2085838317871094], [137.9636993408203, -1.2085838317871094], [137.9636993408203, -1.1252479553222656], [137.88035583496094, -1.1252479553222656], [137.88035583496094, -1.0419120788574219], [137.7136688232422, -1.0419120788574219], [137.7136688232422, -1.1252479553222656], [137.54698181152344, -1.1252479553222656], [137.54698181152344, -1.2085838317871094], [137.46363830566406, -1.2085838317871094], [137.46363830566406, -1.1252479553222656], [137.13026428222656, -1.1252479553222656]], [[128.3791961669922, -1.7919349670410156], [128.3791961669922, -2.1252784729003906], [128.2958526611328, -2.1252784729003906], [128.2958526611328, -2.375286102294922], [128.21250915527344, -2.375286102294922], [128.21250915527344, -2.4586219787597656], [128.12916564941406, -2.4586219787597656], [128.12916564941406, -2.5419578552246094], [127.96247863769531, -2.5419578552246094], [127.96247863769531, -2.625293731689453], [127.87913513183594, -2.625293731689453], [127.87913513183594, -2.4586219787597656], [126.87901306152344, -2.4586219787597656], [126.87901306152344, -2.958637237548828], [126.79566955566406, -2.958637237548828], [126.79566955566406, -2.8753013610839844], [126.71232604980469, -2.8753013610839844], [126.71232604980469, -2.7919654846191406], [126.21226501464844, -2.7919654846191406], [126.21226501464844, -2.8753013610839844], [126.37895202636719, -2.8753013610839844], [126.37895202636719, -2.958637237548828], [126.71232604980469, -2.958637237548828], [126.71232604980469, -3.041973114013672], [126.87901306152344, -3.041973114013672], [126.87901306152344, -3.1253089904785156], [127.12904357910156, -3.1253089904785156], [127.12904357910156, -3.2086448669433594], [127.21238708496094, -3.2086448669433594], [127.21238708496094, -3.291980743408203], [127.12904357910156, -3.291980743408203], [127.12904357910156, -3.375316619873047], [127.37907409667969, -3.375316619873047], [127.37907409667969, -3.2086448669433594], [127.46241760253906, -3.2086448669433594], [127.46241760253906, -3.1253089904785156], [127.54576110839844, -3.1253089904785156], [127.54576110839844, -3.041973114013672], [127.79579162597656, -3.041973114013672], [127.79579162597656, -2.958637237548828], [127.87913513183594, -2.958637237548828], [127.87913513183594, -2.8753013610839844], [128.12916564941406, -2.8753013610839844], [128.12916564941406, -2.625293731689453], [128.2958526611328, -2.625293731689453], [128.2958526611328, -2.5419578552246094], [128.3791961669922, -2.5419578552246094], [128.3791961669922, -2.375286102294922], [128.54588317871094, -2.375286102294922], [128.54588317871094, -2.291950225830078], [128.6292266845703, -2.291950225830078], [128.6292266845703, -2.2086143493652344], [128.79591369628906, -2.2086143493652344], [128.79591369628906, -1.8752708435058594], [128.7125701904297, -1.8752708435058594], [128.7125701904297, -1.5419273376464844], [128.79591369628906, -1.5419273376464844], [128.79591369628906, -1.1252479553222656], [128.6292266845703, -1.1252479553222656], [128.6292266845703, -1.2085838317871094], [128.54588317871094, -1.2085838317871094], [128.54588317871094, -1.2919197082519531], [128.46253967285156, -1.2919197082519531], [128.46253967285156, -1.7919349670410156], [128.3791961669922, -1.7919349670410156]], [[117.04447937011719, -1.3752555847167969], [117.04447937011719, -1.2919197082519531], [116.96113586425781, -1.2919197082519531], [116.96113586425781, -1.3752555847167969], [117.04447937011719, -1.3752555847167969]], [[109.87693786621094, -1.6252632141113281], [109.87693786621094, -1.3752555847167969], [109.62690734863281, -1.3752555847167969], [109.62690734863281, -1.4585914611816406], [109.71025085449219, -1.4585914611816406], [109.71025085449219, -1.5419273376464844], [109.79359436035156, -1.5419273376464844], [109.79359436035156, -1.6252632141113281], [109.87693786621094, -1.6252632141113281]], [[116.79444885253906, -1.4585914611816406], [116.79444885253906, -1.3752555847167969], [116.62776184082031, -1.3752555847167969], [116.62776184082031, -1.4585914611816406], [116.79444885253906, -1.4585914611816406]], [[116.79444885253906, -1.5419273376464844], [116.87779235839844, -1.5419273376464844], [116.87779235839844, -1.4585914611816406], [116.79444885253906, -1.4585914611816406], [116.79444885253906, -1.5419273376464844]], [[130.6294708251953, -1.3752555847167969], [130.6294708251953, -1.5419273376464844], [130.7128143310547, -1.5419273376464844], [130.7128143310547, -1.6252632141113281], [130.87950134277344, -1.6252632141113281], [130.87950134277344, -1.3752555847167969], [130.6294708251953, -1.3752555847167969]], [[109.29353332519531, -1.5419273376464844], [109.29353332519531, -1.4585914611816406], [109.21018981933594, -1.4585914611816406], [109.21018981933594, -1.5419273376464844], [109.29353332519531, -1.5419273376464844]], [[131.79627990722656, -1.7919349670410156], [131.79627990722656, -1.8752708435058594], [131.87962341308594, -1.8752708435058594], [131.87962341308594, -1.6252632141113281], [131.6295928955078, -1.6252632141113281], [131.6295928955078, -1.5419273376464844], [131.54624938964844, -1.5419273376464844], [131.54624938964844, -1.6252632141113281], [131.46290588378906, -1.6252632141113281], [131.46290588378906, -1.7085990905761719], [131.7129364013672, -1.7085990905761719], [131.7129364013672, -1.7919349670410156], [131.79627990722656, -1.7919349670410156]], [[131.87962341308594, -1.9586067199707031], [131.9629669189453, -1.9586067199707031], [131.9629669189453, -1.8752708435058594], [131.87962341308594, -1.8752708435058594], [131.87962341308594, -1.9586067199707031]], [[131.9629669189453, -2.1252784729003906], [131.79627990722656, -2.1252784729003906], [131.79627990722656, -2.2086143493652344], [131.87962341308594, -2.2086143493652344], [131.87962341308594, -2.375286102294922], [132.0463104248047, -2.375286102294922], [132.0463104248047, -2.625293731689453], [132.12965393066406, -2.625293731689453], [132.12965393066406, -2.1252784729003906], [132.0463104248047, -2.1252784729003906], [132.0463104248047, -1.9586067199707031], [131.9629669189453, -1.9586067199707031], [131.9629669189453, -2.1252784729003906]], [[104.62629699707031, -1.6252632141113281], [104.62629699707031, -1.8752708435058594], [104.79298400878906, -1.8752708435058594], [104.79298400878906, -1.7085990905761719], [104.70964050292969, -1.7085990905761719], [104.70964050292969, -1.6252632141113281], [104.62629699707031, -1.6252632141113281]], [[116.54441833496094, -2.1252784729003906], [116.54441833496094, -1.7085990905761719], [116.62776184082031, -1.7085990905761719], [116.62776184082031, -1.6252632141113281], [116.46107482910156, -1.6252632141113281], [116.46107482910156, -1.7085990905761719], [116.37773132324219, -1.7085990905761719], [116.37773132324219, -1.7919349670410156], [116.46107482910156, -1.7919349670410156], [116.46107482910156, -2.1252784729003906], [116.54441833496094, -2.1252784729003906]], [[109.87693786621094, -1.8752708435058594], [109.87693786621094, -1.7085990905761719], [109.79359436035156, -1.7085990905761719], [109.79359436035156, -1.8752708435058594], [109.87693786621094, -1.8752708435058594]], [[109.87693786621094, -2.041942596435547], [110.04362487792969, -2.041942596435547], [110.04362487792969, -2.5419578552246094], [110.12696838378906, -2.5419578552246094], [110.12696838378906, -1.9586067199707031], [110.04362487792969, -1.9586067199707031], [110.04362487792969, -1.8752708435058594], [109.87693786621094, -1.8752708435058594], [109.87693786621094, -2.041942596435547]], [[95.37516784667969, -3.291980743408203], [95.37516784667969, -3.2086448669433594], [96.62532043457031, -3.2086448669433594], [96.62532043457031, -3.291980743408203], [96.79200744628906, -3.291980743408203], [96.79200744628906, -3.5419883728027344], [96.87535095214844, -3.5419883728027344], [96.87535095214844, -3.625324249267578], [97.04203796386719, -3.625324249267578], [97.04203796386719, -3.708660125732422], [97.12538146972656, -3.708660125732422], [97.12538146972656, -3.7919960021972656], [97.29206848144531, -3.7919960021972656], [97.29206848144531, -3.8753318786621094], [97.45875549316406, -3.8753318786621094], [97.45875549316406, -3.958667755126953], [97.70878601074219, -3.958667755126953], [97.70878601074219, -4.042003631591797], [98.29219055175781, -4.042003631591797], [98.29219055175781, -4.125339508056641], [98.62556457519531, -4.125339508056641], [98.62556457519531, -4.208675384521484], [98.87559509277344, -4.208675384521484], [98.87559509277344, -4.292011260986328], [99.04228210449219, -4.292011260986328], [99.04228210449219, -4.375347137451172], [99.12562561035156, -4.375347137451172], [99.12562561035156, -4.625354766845703], [98.87559509277344, -4.625354766845703], [98.87559509277344, -5.125370025634766], [99.12562561035156, -5.125370025634766], [99.12562561035156, -5.625385284423828], [99.37565612792969, -5.625385284423828], [99.37565612792969, -6.125400543212891], [99.29231262207031, -6.125400543212891], [99.29231262207031, -6.042064666748047], [99.04228210449219, -6.042064666748047], [99.04228210449219, -5.958728790283203], [98.70890808105469, -5.958728790283203], [98.70890808105469, -5.875392913818359], [98.37553405761719, -5.875392913818359], [98.37553405761719, -5.625385284423828], [98.45887756347656, -5.625385284423828], [98.45887756347656, -5.375377655029297], [98.37553405761719, -5.375377655029297], [98.37553405761719, -5.292041778564453], [97.79212951660156, -5.292041778564453], [97.79212951660156, -5.208705902099609], [97.62544250488281, -5.208705902099609], [97.62544250488281, -5.125370025634766], [97.54209899902344, -5.125370025634766], [97.54209899902344, -5.042034149169922], [97.37541198730469, -5.042034149169922], [97.37541198730469, -4.958698272705078], [97.29206848144531, -4.958698272705078], [97.29206848144531, -4.875362396240234], [97.12538146972656, -4.875362396240234], [97.12538146972656, -4.792026519775391], [96.54197692871094, -4.792026519775391], [96.54197692871094, -4.708690643310547], [96.45863342285156, -4.708690643310547], [96.45863342285156, -4.792026519775391], [96.20860290527344, -4.792026519775391], [96.20860290527344, -4.875362396240234], [95.79188537597656, -4.875362396240234], [95.79188537597656, -4.958698272705078], [95.54185485839844, -4.958698272705078], [95.54185485839844, -4.875362396240234], [95.20848083496094, -4.875362396240234], [95.20848083496094, -4.958698272705078], [95.04179382324219, -4.958698272705078], [95.04179382324219, -5.042034149169922], [94.87510681152344, -5.042034149169922], [94.87510681152344, -5.208705902099609], [94.95845031738281, -5.208705902099609], [94.95845031738281, -5.125370025634766], [95.20848083496094, -5.125370025634766], [95.20848083496094, -5.042034149169922], [95.54185485839844, -5.042034149169922], [95.54185485839844, -5.125370025634766], [95.45851135253906, -5.125370025634766], [95.45851135253906, -5.208705902099609], [95.37516784667969, -5.208705902099609], [95.37516784667969, -5.292041778564453], [95.20848083496094, -5.292041778564453], [95.20848083496094, -5.375377655029297], [95.12513732910156, -5.375377655029297], [95.12513732910156, -5.458713531494141], [94.95845031738281, -5.458713531494141], [94.95845031738281, -5.542049407958984], [94.87510681152344, -5.542049407958984], [94.87510681152344, -5.625385284423828], [94.62507629394531, -5.625385284423828], [94.62507629394531, -5.708721160888672], [94.54173278808594, -5.708721160888672], [94.54173278808594, -5.625385284423828], [94.45838928222656, -5.625385284423828], [94.45838928222656, -5.542049407958984], [94.37504577636719, -5.542049407958984], [94.37504577636719, -5.458713531494141], [94.20835876464844, -5.458713531494141], [94.20835876464844, -5.292041778564453], [94.29170227050781, -5.292041778564453], [94.29170227050781, -4.875362396240234], [94.20835876464844, -4.875362396240234], [94.20835876464844, -4.792026519775391], [94.12501525878906, -4.792026519775391], [94.12501525878906, -4.708690643310547], [94.04167175292969, -4.708690643310547], [94.04167175292969, -7.542110443115234], [94.12501525878906, -7.542110443115234], [94.12501525878906, -7.625446319580078], [94.29170227050781, -7.625446319580078], [94.29170227050781, -7.708782196044922], [94.45838928222656, -7.708782196044922], [94.45838928222656, -7.792118072509766], [94.70841979980469, -7.792118072509766], [94.70841979980469, -7.875453948974609], [95.12513732910156, -7.875453948974609], [95.12513732910156, -7.792118072509766], [95.54185485839844, -7.792118072509766], [95.54185485839844, -7.708782196044922], [96.04191589355469, -7.708782196044922], [96.04191589355469, -7.625446319580078], [96.20860290527344, -7.625446319580078], [96.20860290527344, -7.708782196044922], [96.79200744628906, -7.708782196044922], [96.79200744628906, -7.625446319580078], [97.37541198730469, -7.625446319580078], [97.37541198730469, -7.708782196044922], [97.45875549316406, -7.708782196044922], [97.45875549316406, -7.625446319580078], [97.54209899902344, -7.625446319580078], [97.54209899902344, -7.708782196044922], [98.12550354003906, -7.708782196044922], [98.12550354003906, -7.792118072509766], [98.29219055175781, -7.792118072509766], [98.29219055175781, -7.875453948974609], [98.62556457519531, -7.875453948974609], [98.62556457519531, -7.958789825439453], [98.87559509277344, -7.958789825439453], [98.87559509277344, -7.875453948974609], [98.95893859863281, -7.875453948974609], [98.95893859863281, -7.708782196044922], [99.12562561035156, -7.708782196044922], [99.12562561035156, -8.208797454833984], [99.04228210449219, -8.208797454833984], [99.04228210449219, -8.375469207763672], [99.12562561035156, -8.375469207763672], [99.12562561035156, -8.625476837158203], [98.87559509277344, -8.625476837158203], [98.87559509277344, -8.12546157836914], [98.12550354003906, -8.12546157836914], [98.12550354003906, -8.375469207763672], [97.62544250488281, -8.375469207763672], [97.62544250488281, -8.625476837158203], [97.37541198730469, -8.625476837158203], [97.37541198730469, -9.125492095947266], [97.12538146972656, -9.125492095947266], [97.12538146972656, -9.625507354736328], [96.87535095214844, -9.625507354736328], [96.87535095214844, -9.87551498413086], [96.62532043457031, -9.87551498413086], [96.62532043457031, -9.625507354736328], [96.37528991699219, -9.625507354736328], [96.37528991699219, -9.87551498413086], [95.87522888183594, -9.87551498413086], [95.87522888183594, -10.12552261352539], [95.37516784667969, -10.12552261352539], [95.37516784667969, -9.87551498413086], [94.87510681152344, -9.87551498413086], [94.87510681152344, -10.12552261352539], [95.12513732910156, -10.12552261352539], [95.12513732910156, -10.375530242919922], [95.37516784667969, -10.375530242919922], [95.37516784667969, -10.625537872314453], [94.87510681152344, -10.625537872314453], [94.87510681152344, -10.375530242919922], [94.12501525878906, -10.375530242919922], [94.12501525878906, -10.292194366455078], [94.37504577636719, -10.292194366455078], [94.37504577636719, -10.208858489990234], [94.45838928222656, -10.208858489990234], [94.45838928222656, -10.12552261352539], [94.62507629394531, -10.12552261352539], [94.62507629394531, -9.87551498413086], [94.54173278808594, -9.87551498413086], [94.54173278808594, -9.792179107666016], [94.45838928222656, -9.792179107666016], [94.45838928222656, -9.708843231201172], [94.37504577636719, -9.708843231201172], [94.37504577636719, -9.625507354736328], [94.20835876464844, -9.625507354736328], [94.20835876464844, -9.542171478271484], [94.04167175292969, -9.542171478271484], [94.04167175292969, -11.958911895751953], [98.12550354003906, -11.958911895751953], [98.12550354003906, -11.375560760498047], [98.37553405761719, -11.375560760498047], [98.37553405761719, -11.958911895751953], [98.62556457519531, -11.958911895751953], [98.62556457519531, -11.87557601928711], [98.87559509277344, -11.87557601928711], [98.87559509277344, -11.958911895751953], [99.62568664550781, -11.958911895751953], [99.62568664550781, -11.87557601928711], [100.12574768066406, -11.87557601928711], [100.12574768066406, -11.625568389892578], [100.37577819824219, -11.625568389892578], [100.37577819824219, -11.87557601928711], [100.45912170410156, -11.87557601928711], [100.45912170410156, -11.958911895751953], [106.95991516113281, -11.958911895751953], [106.95991516113281, -11.87557601928711], [107.12660217285156, -11.87557601928711], [107.12660217285156, -11.375560760498047], [107.37663269042969, -11.375560760498047], [107.37663269042969, -10.625537872314453], [107.62666320800781, -10.625537872314453], [107.62666320800781, -10.12552261352539], [107.37663269042969, -10.12552261352539], [107.37663269042969, -9.125492095947266], [108.21006774902344, -9.125492095947266], [108.21006774902344, -9.042156219482422], [108.37675476074219, -9.042156219482422], [108.37675476074219, -8.875484466552734], [108.46009826660156, -8.875484466552734], [108.46009826660156, -8.79214859008789], [108.54344177246094, -8.79214859008789], [108.54344177246094, -8.708812713623047], [108.62678527832031, -8.708812713623047], [108.62678527832031, -8.625476837158203], [108.79347229003906, -8.625476837158203], [108.79347229003906, -8.54214096069336], [109.04350280761719, -8.54214096069336], [109.04350280761719, -8.458805084228516], [109.29353332519531, -8.458805084228516], [109.29353332519531, -8.375469207763672], [109.37687683105469, -8.375469207763672], [109.37687683105469, -8.625476837158203], [109.62690734863281, -8.625476837158203], [109.62690734863281, -8.875484466552734], [109.12684631347656, -8.875484466552734], [109.12684631347656, -9.125492095947266], [109.37687683105469, -9.125492095947266], [109.37687683105469, -9.292163848876953], [109.29353332519531, -9.292163848876953], [109.29353332519531, -9.45883560180664], [109.21018981933594, -9.45883560180664], [109.21018981933594, -9.542171478271484], [109.12684631347656, -9.542171478271484], [109.12684631347656, -9.375499725341797], [108.87681579589844, -9.375499725341797], [108.87681579589844, -9.87551498413086], [109.21018981933594, -9.87551498413086], [109.21018981933594, -9.958850860595703], [109.12684631347656, -9.958850860595703], [109.12684631347656, -10.042186737060547], [109.04350280761719, -10.042186737060547], [109.04350280761719, -10.12552261352539], [108.96015930175781, -10.12552261352539], [108.96015930175781, -10.208858489990234], [108.87681579589844, -10.208858489990234], [108.87681579589844, -10.292194366455078], [108.79347229003906, -10.292194366455078], [108.79347229003906, -10.375530242919922], [108.71012878417969, -10.375530242919922], [108.71012878417969, -10.458866119384766], [108.37675476074219, -10.458866119384766], [108.37675476074219, -10.375530242919922], [108.12672424316406, -10.375530242919922], [108.12672424316406, -10.708873748779297], [108.04338073730469, -10.708873748779297], [108.04338073730469, -10.875545501708984], [107.96003723144531, -10.875545501708984], [107.96003723144531, -10.958881378173828], [107.87669372558594, -10.958881378173828], [107.87669372558594, -11.042217254638672], [107.79335021972656, -11.042217254638672], [107.79335021972656, -11.20888900756836], [107.71000671386719, -11.20888900756836], [107.71000671386719, -11.292224884033203], [107.62666320800781, -11.292224884033203], [107.62666320800781, -11.375560760498047], [107.54331970214844, -11.375560760498047], [107.54331970214844, -11.542232513427734], [107.45997619628906, -11.542232513427734], [107.45997619628906, -11.792240142822266], [107.37663269042969, -11.792240142822266], [107.37663269042969, -11.958911895751953], [111.87718200683594, -11.958911895751953], [111.87718200683594, -11.708904266357422], [111.96052551269531, -11.708904266357422], [111.96052551269531, -11.542232513427734], [111.87718200683594, -11.542232513427734], [111.87718200683594, -11.375560760498047], [111.79383850097656, -11.375560760498047], [111.79383850097656, -11.292224884033203], [111.71049499511719, -11.292224884033203], [111.71049499511719, -11.20888900756836], [111.62715148925781, -11.20888900756836], [111.62715148925781, -11.125553131103516], [111.46046447753906, -11.125553131103516], [111.46046447753906, -11.042217254638672], [111.37712097167969, -11.042217254638672], [111.37712097167969, -10.958881378173828], [111.29377746582031, -10.958881378173828], [111.29377746582031, -10.875545501708984], [111.21043395996094, -10.875545501708984], [111.21043395996094, -10.79220962524414], [111.29377746582031, -10.79220962524414], [111.29377746582031, -10.708873748779297], [111.37712097167969, -10.708873748779297], [111.37712097167969, -10.625537872314453], [111.87718200683594, -10.625537872314453], [111.87718200683594, -10.375530242919922], [111.79383850097656, -10.375530242919922], [111.79383850097656, -10.292194366455078], [111.71049499511719, -10.292194366455078], [111.71049499511719, -10.12552261352539], [112.04386901855469, -10.12552261352539], [112.04386901855469, -10.208858489990234], [112.12721252441406, -10.208858489990234], [112.12721252441406, -10.292194366455078], [112.29389953613281, -10.292194366455078], [112.29389953613281, -10.375530242919922], [112.46058654785156, -10.375530242919922], [112.46058654785156, -10.458866119384766], [112.71061706542969, -10.458866119384766], [112.71061706542969, -10.54220199584961], [112.79396057128906, -10.54220199584961], [112.79396057128906, -10.625537872314453], [112.96064758300781, -10.625537872314453], [112.96064758300781, -10.79220962524414], [113.04399108886719, -10.79220962524414], [113.04399108886719, -10.875545501708984], [113.12733459472656, -10.875545501708984], [113.12733459472656, -11.042217254638672], [113.21067810058594, -11.042217254638672], [113.21067810058594, -11.125553131103516], [113.29402160644531, -11.125553131103516], [113.29402160644531, -11.20888900756836], [113.37736511230469, -11.20888900756836], [113.37736511230469, -11.375560760498047], [113.46070861816406, -11.375560760498047], [113.46070861816406, -11.45889663696289], [113.54405212402344, -11.45889663696289], [113.54405212402344, -11.542232513427734], [113.62739562988281, -11.542232513427734], [113.62739562988281, -11.625568389892578], [113.71073913574219, -11.625568389892578], [113.71073913574219, -11.708904266357422], [113.79408264160156, -11.708904266357422], [113.79408264160156, -11.792240142822266], [113.87742614746094, -11.792240142822266], [113.87742614746094, -11.87557601928711], [114.12745666503906, -11.87557601928711], [114.12745666503906, -11.958911895751953], [115.12757873535156, -11.958911895751953], [115.12757873535156, -11.708904266357422], [115.21092224121094, -11.708904266357422], [115.21092224121094, -11.792240142822266], [115.37760925292969, -11.792240142822266], [115.37760925292969, -11.87557601928711], [115.62763977050781, -11.87557601928711], [115.62763977050781, -11.958911895751953], [117.96125793457031, -11.958911895751953], [117.96125793457031, -11.87557601928711], [118.04460144042969, -11.87557601928711], [118.04460144042969, -11.958911895751953], [118.12794494628906, -11.958911895751953], [118.12794494628906, -11.87557601928711], [118.37797546386719, -11.87557601928711], [118.37797546386719, -11.375560760498047], [118.62800598144531, -11.375560760498047], [118.62800598144531, -11.125553131103516], [118.87803649902344, -11.125553131103516], [118.87803649902344, -11.042217254638672], [119.29475402832031, -11.042217254638672], [119.29475402832031, -10.958881378173828], [119.96150207519531, -10.958881378173828], [119.96150207519531, -10.875545501708984], [120.12818908691406, -10.875545501708984], [120.12818908691406, -10.79220962524414], [120.37821960449219, -10.79220962524414], [120.37821960449219, -10.708873748779297], [120.54490661621094, -10.708873748779297], [120.54490661621094, -10.625537872314453], [120.62825012207031, -10.625537872314453], [120.62825012207031, -10.54220199584961], [120.71159362792969, -10.54220199584961], [120.71159362792969, -10.458866119384766], [120.79493713378906, -10.458866119384766], [120.79493713378906, -10.375530242919922], [120.87828063964844, -10.375530242919922], [120.87828063964844, -10.292194366455078], [120.96162414550781, -10.292194366455078], [120.96162414550781, -10.12552261352539], [120.79493713378906, -10.12552261352539], [120.79493713378906, -10.208858489990234], [120.62825012207031, -10.208858489990234], [120.62825012207031, -10.375530242919922], [120.12818908691406, -10.375530242919922], [120.12818908691406, -10.12552261352539], [119.87815856933594, -10.12552261352539], [119.87815856933594, -9.958850860595703], [119.79481506347656, -9.958850860595703], [119.79481506347656, -9.87551498413086], [119.62812805175781, -9.87551498413086], [119.62812805175781, -9.958850860595703], [119.71147155761719, -9.958850860595703], [119.71147155761719, -10.042186737060547], [119.79481506347656, -10.042186737060547], [119.79481506347656, -10.208858489990234], [119.96150207519531, -10.208858489990234], [119.96150207519531, -10.292194366455078], [119.87815856933594, -10.292194366455078], [119.87815856933594, -10.458866119384766], [120.29487609863281, -10.458866119384766], [120.29487609863281, -10.54220199584961], [120.04484558105469, -10.54220199584961], [120.04484558105469, -10.625537872314453], [119.96150207519531, -10.625537872314453], [119.96150207519531, -10.708873748779297], [119.87815856933594, -10.708873748779297], [119.87815856933594, -10.625537872314453], [119.79481506347656, -10.625537872314453], [119.79481506347656, -10.54220199584961], [119.37809753417969, -10.54220199584961], [119.37809753417969, -10.375530242919922], [119.21141052246094, -10.375530242919922], [119.21141052246094, -10.292194366455078], [119.04472351074219, -10.292194366455078], [119.04472351074219, -10.208858489990234], [118.79469299316406, -10.208858489990234], [118.79469299316406, -10.12552261352539], [118.21128845214844, -10.12552261352539], [118.21128845214844, -10.042186737060547], [118.12794494628906, -10.042186737060547], [118.12794494628906, -9.87551498413086], [117.87791442871094, -9.87551498413086], [117.87791442871094, -9.708843231201172], [118.12794494628906, -9.708843231201172], [118.12794494628906, -9.625507354736328], [118.29463195800781, -9.625507354736328], [118.29463195800781, -9.708843231201172], [118.37797546386719, -9.708843231201172], [118.37797546386719, -9.792179107666016], [118.54466247558594, -9.792179107666016], [118.54466247558594, -9.87551498413086], [118.71134948730469, -9.87551498413086], [118.71134948730469, -9.958850860595703], [119.29475402832031, -9.958850860595703], [119.29475402832031, -10.042186737060547], [119.37809753417969, -10.042186737060547], [119.37809753417969, -9.87551498413086], [119.12806701660156, -9.87551498413086], [119.12806701660156, -9.708843231201172], [119.04472351074219, -9.708843231201172], [119.04472351074219, -9.625507354736328], [118.87803649902344, -9.625507354736328], [118.87803649902344, -9.375499725341797], [119.21141052246094, -9.375499725341797], [119.21141052246094, -9.292163848876953], [119.37809753417969, -9.292163848876953], [119.37809753417969, -9.20882797241211], [119.62812805175781, -9.20882797241211], [119.62812805175781, -9.292163848876953], [119.96150207519531, -9.292163848876953], [119.96150207519531, -9.375499725341797], [120.21153259277344, -9.375499725341797], [120.21153259277344, -9.45883560180664], [120.29487609863281, -9.45883560180664], [120.29487609863281, -9.542171478271484], [120.37821960449219, -9.542171478271484], [120.37821960449219, -9.625507354736328], [120.62825012207031, -9.625507354736328], [120.62825012207031, -9.375499725341797], [120.54490661621094, -9.375499725341797], [120.54490661621094, -9.292163848876953], [120.37821960449219, -9.292163848876953], [120.37821960449219, -9.20882797241211], [120.21153259277344, -9.20882797241211], [120.21153259277344, -9.125492095947266], [120.04484558105469, -9.125492095947266], [120.04484558105469, -9.042156219482422], [119.79481506347656, -9.042156219482422], [119.79481506347656, -8.958820343017578], [119.62812805175781, -8.958820343017578], [119.62812805175781, -8.875484466552734], [119.46144104003906, -8.875484466552734], [119.46144104003906, -8.958820343017578], [119.37809753417969, -8.958820343017578], [119.37809753417969, -9.042156219482422], [119.21141052246094, -9.042156219482422], [119.21141052246094, -8.958820343017578], [119.12806701660156, -8.958820343017578], [119.12806701660156, -8.875484466552734], [117.96125793457031, -8.875484466552734], [117.96125793457031, -8.958820343017578], [117.87791442871094, -8.958820343017578], [117.87791442871094, -9.042156219482422], [118.29463195800781, -9.042156219482422], [118.29463195800781, -9.125492095947266], [118.04460144042969, -9.125492095947266], [118.04460144042969, -9.20882797241211], [117.71122741699219, -9.20882797241211], [117.71122741699219, -9.292163848876953], [117.12782287597656, -9.292163848876953], [117.12782287597656, -9.20882797241211], [117.54454040527344, -9.20882797241211], [117.54454040527344, -9.125492095947266], [116.62776184082031, -9.125492095947266], [116.62776184082031, -8.875484466552734], [116.54441833496094, -8.875484466552734], [116.54441833496094, -8.958820343017578], [116.46107482910156, -8.958820343017578], [116.46107482910156, -8.875484466552734], [116.37773132324219, -8.875484466552734], [116.37773132324219, -8.958820343017578], [116.21104431152344, -8.958820343017578], [116.21104431152344, -9.042156219482422], [116.29438781738281, -9.042156219482422], [116.29438781738281, -9.125492095947266], [116.37773132324219, -9.125492095947266], [116.37773132324219, -9.292163848876953], [116.29438781738281, -9.292163848876953], [116.29438781738281, -9.375499725341797], [116.21104431152344, -9.375499725341797], [116.21104431152344, -9.45883560180664], [116.12770080566406, -9.45883560180664], [116.12770080566406, -9.542171478271484], [116.04435729980469, -9.542171478271484], [116.04435729980469, -9.625507354736328], [115.96101379394531, -9.625507354736328], [115.96101379394531, -9.87551498413086], [115.87767028808594, -9.87551498413086], [115.87767028808594, -10.042186737060547], [115.79432678222656, -10.042186737060547], [115.79432678222656, -10.208858489990234], [115.71098327636719, -10.208858489990234], [115.71098327636719, -9.958850860595703], [115.79432678222656, -9.958850860595703], [115.79432678222656, -9.625507354736328], [115.87767028808594, -9.625507354736328], [115.87767028808594, -8.875484466552734], [115.79432678222656, -8.875484466552734], [115.79432678222656, -8.79214859008789], [115.87767028808594, -8.79214859008789], [115.87767028808594, -8.625476837158203], [115.96101379394531, -8.625476837158203], [115.96101379394531, -8.458805084228516], [116.04435729980469, -8.458805084228516], [116.04435729980469, -8.375469207763672], [115.87767028808594, -8.375469207763672], [115.87767028808594, -8.12546157836914], [115.79432678222656, -8.12546157836914], [115.79432678222656, -8.208797454833984], [115.71098327636719, -8.208797454833984], [115.71098327636719, -8.12546157836914], [115.62763977050781, -8.12546157836914], [115.62763977050781, -8.375469207763672], [115.71098327636719, -8.375469207763672], [115.71098327636719, -8.458805084228516], [115.62763977050781, -8.458805084228516], [115.62763977050781, -8.875484466552734], [115.54429626464844, -8.875484466552734], [115.54429626464844, -9.125492095947266], [115.46095275878906, -9.125492095947266], [115.46095275878906, -8.958820343017578], [115.37760925292969, -8.958820343017578], [115.37760925292969, -8.875484466552734], [115.12757873535156, -8.875484466552734], [115.12757873535156, -8.708812713623047], [115.04423522949219, -8.708812713623047], [115.04423522949219, -8.54214096069336], [114.87754821777344, -8.54214096069336], [114.87754821777344, -8.458805084228516], [114.46083068847656, -8.458805084228516], [114.46083068847656, -8.375469207763672], [114.37748718261719, -8.375469207763672], [114.37748718261719, -8.54214096069336], [114.46083068847656, -8.54214096069336], [114.46083068847656, -8.625476837158203], [114.54417419433594, -8.625476837158203], [114.54417419433594, -8.54214096069336], [114.62751770019531, -8.54214096069336], [114.62751770019531, -8.875484466552734], [114.37748718261719, -8.875484466552734], [114.37748718261719, -8.625476837158203], [113.62739562988281, -8.625476837158203], [113.62739562988281, -8.458805084228516], [113.46070861816406, -8.458805084228516], [113.46070861816406, -8.375469207763672], [112.79396057128906, -8.375469207763672], [112.79396057128906, -8.458805084228516], [112.46058654785156, -8.458805084228516], [112.46058654785156, -8.375469207763672], [112.04386901855469, -8.375469207763672], [112.04386901855469, -8.458805084228516], [111.79383850097656, -8.458805084228516], [111.79383850097656, -8.375469207763672], [111.12709045410156, -8.375469207763672], [111.12709045410156, -8.292133331298828], [110.96040344238281, -8.292133331298828], [110.96040344238281, -8.208797454833984], [110.62702941894531, -8.208797454833984], [110.62702941894531, -8.12546157836914], [110.12696838378906, -8.12546157836914], [110.12696838378906, -7.958789825439453], [110.04362487792969, -7.958789825439453], [110.04362487792969, -7.875453948974609], [109.37687683105469, -7.875453948974609], [109.37687683105469, -7.708782196044922], [109.04350280761719, -7.708782196044922], [109.04350280761719, -7.792118072509766], [108.79347229003906, -7.792118072509766], [108.79347229003906, -7.708782196044922], [108.62678527832031, -7.708782196044922], [108.62678527832031, -7.875453948974609], [108.12672424316406, -7.875453948974609], [108.12672424316406, -7.792118072509766], [107.87669372558594, -7.792118072509766], [107.87669372558594, -7.708782196044922], [107.62666320800781, -7.708782196044922], [107.62666320800781, -7.625446319580078], [107.37663269042969, -7.625446319580078], [107.37663269042969, -7.542110443115234], [107.20994567871094, -7.542110443115234], [107.20994567871094, -7.458774566650391], [106.54319763183594, -7.458774566650391], [106.54319763183594, -7.375438690185547], [106.37651062011719, -7.375438690185547], [106.37651062011719, -7.042095184326172], [106.29316711425781, -7.042095184326172], [106.29316711425781, -6.958759307861328], [106.12648010253906, -6.958759307861328], [106.12648010253906, -6.875423431396484], [105.12635803222656, -6.875423431396484], [105.12635803222656, -6.542079925537109], [105.20970153808594, -6.542079925537109], [105.20970153808594, -6.458744049072266], [105.37638854980469, -6.458744049072266], [105.37638854980469, -6.375408172607422], [105.54307556152344, -6.375408172607422], [105.54307556152344, -6.208736419677734], [105.62641906738281, -6.208736419677734], [105.62641906738281, -6.125400543212891], [105.45973205566406, -6.125400543212891], [105.45973205566406, -6.208736419677734], [105.37638854980469, -6.208736419677734], [105.37638854980469, -6.042064666748047], [105.20970153808594, -6.042064666748047], [105.20970153808594, -5.958728790283203], [105.37638854980469, -5.958728790283203], [105.37638854980469, -5.875392913818359], [104.70964050292969, -5.875392913818359], [104.70964050292969, -5.958728790283203], [104.62629699707031, -5.958728790283203], [104.62629699707031, -5.875392913818359], [104.37626647949219, -5.875392913818359], [104.37626647949219, -5.625385284423828], [104.12623596191406, -5.625385284423828], [104.12623596191406, -5.375377655029297], [103.87620544433594, -5.375377655029297], [103.87620544433594, -5.125370025634766], [103.62617492675781, -5.125370025634766], [103.62617492675781, -4.958698272705078], [103.54283142089844, -4.958698272705078], [103.54283142089844, -4.875362396240234], [103.12611389160156, -4.875362396240234], [103.12611389160156, -4.542018890380859], [102.87608337402344, -4.542018890380859], [102.87608337402344, -4.375347137451172], [102.62605285644531, -4.375347137451172], [102.62605285644531, -4.208675384521484], [102.54270935058594, -4.208675384521484], [102.54270935058594, -4.125339508056641], [102.37602233886719, -4.125339508056641], [102.37602233886719, -4.042003631591797], [102.29267883300781, -4.042003631591797], [102.29267883300781, -3.708660125732422], [102.20933532714844, -3.708660125732422], [102.20933532714844, -3.625324249267578], [101.87596130371094, -3.625324249267578], [101.87596130371094, -3.375316619873047], [101.62593078613281, -3.375316619873047], [101.62593078613281, -3.2086448669433594], [101.54258728027344, -3.2086448669433594], [101.54258728027344, -3.1253089904785156], [101.37590026855469, -3.1253089904785156], [101.37590026855469, -2.8753013610839844], [101.12586975097656, -2.8753013610839844], [101.12586975097656, -2.5419578552246094], [101.04252624511719, -2.5419578552246094], [101.04252624511719, -2.4586219787597656], [100.95918273925781, -2.4586219787597656], [100.95918273925781, -2.5419578552246094], [100.87583923339844, -2.5419578552246094], [100.87583923339844, -2.625293731689453], [100.70915222167969, -2.625293731689453], [100.70915222167969, -2.708629608154297], [100.79249572753906, -2.708629608154297], [100.79249572753906, -2.8753013610839844], [100.70915222167969, -2.8753013610839844], [100.70915222167969, -3.041973114013672], [100.62580871582031, -3.041973114013672], [100.62580871582031, -3.1253089904785156], [100.70915222167969, -3.1253089904785156], [100.70915222167969, -3.2086448669433594], [100.79249572753906, -3.2086448669433594], [100.79249572753906, -3.291980743408203], [100.87583923339844, -3.291980743408203], [100.87583923339844, -3.4586524963378906], [100.95918273925781, -3.4586524963378906], [100.95918273925781, -3.625324249267578], [101.04252624511719, -3.625324249267578], [101.04252624511719, -3.708660125732422], [100.95918273925781, -3.708660125732422], [100.95918273925781, -3.7919960021972656], [100.79249572753906, -3.7919960021972656], [100.79249572753906, -3.625324249267578], [100.45912170410156, -3.625324249267578], [100.45912170410156, -3.5419883728027344], [100.29243469238281, -3.5419883728027344], [100.29243469238281, -3.4586524963378906], [100.12574768066406, -3.4586524963378906], [100.12574768066406, -3.375316619873047], [100.04240417480469, -3.375316619873047], [100.04240417480469, -3.291980743408203], [99.54234313964844, -3.291980743408203], [99.54234313964844, -3.375316619873047], [99.45899963378906, -3.375316619873047], [99.45899963378906, -3.4586524963378906], [98.95893859863281, -3.4586524963378906], [98.95893859863281, -3.291980743408203], [98.87559509277344, -3.291980743408203], [98.87559509277344, -3.2086448669433594], [98.79225158691406, -3.2086448669433594], [98.79225158691406, -3.1253089904785156], [98.62556457519531, -3.1253089904785156], [98.62556457519531, -3.041973114013672], [98.20884704589844, -3.041973114013672], [98.20884704589844, -2.958637237548828], [98.04216003417969, -2.958637237548828], [98.04216003417969, -2.8753013610839844], [97.95881652832031, -2.8753013610839844], [97.95881652832031, -2.7919654846191406], [97.87547302246094, -2.7919654846191406], [97.87547302246094, -2.708629608154297], [97.79212951660156, -2.708629608154297], [97.79212951660156, -2.625293731689453], [97.62544250488281, -2.625293731689453], [97.62544250488281, -2.5419578552246094], [97.20872497558594, -2.5419578552246094], [97.20872497558594, -2.4586219787597656], [97.04203796386719, -2.4586219787597656], [97.04203796386719, -2.375286102294922], [96.87535095214844, -2.375286102294922], [96.87535095214844, -2.5419578552246094], [96.79200744628906, -2.5419578552246094], [96.79200744628906, -2.4586219787597656], [96.62532043457031, -2.4586219787597656], [96.62532043457031, -2.375286102294922], [96.54197692871094, -2.375286102294922], [96.54197692871094, -2.291950225830078], [96.45863342285156, -2.291950225830078], [96.45863342285156, -2.2086143493652344], [96.29194641113281, -2.2086143493652344], [96.29194641113281, -2.1252784729003906], [96.20860290527344, -2.1252784729003906], [96.20860290527344, -2.041942596435547], [96.04191589355469, -2.041942596435547], [96.04191589355469, -1.9586067199707031], [95.37516784667969, -1.9586067199707031], [95.37516784667969, -1.8752708435058594], [95.20848083496094, -1.8752708435058594], [95.20848083496094, -1.9586067199707031], [94.87510681152344, -1.9586067199707031], [94.87510681152344, -1.8752708435058594], [94.04167175292969, -1.8752708435058594], [94.04167175292969, -3.1253089904785156], [94.12501525878906, -3.1253089904785156], [94.12501525878906, -3.2086448669433594], [94.70841979980469, -3.2086448669433594], [94.70841979980469, -3.291980743408203], [95.37516784667969, -3.291980743408203]], [[107.87669372558594, -10.12552261352539], [107.87669372558594, -9.87551498413086], [107.62666320800781, -9.87551498413086], [107.62666320800781, -10.12552261352539], [107.87669372558594, -10.12552261352539]], [[100.95918273925781, -2.375286102294922], [100.79249572753906, -2.375286102294922], [100.79249572753906, -2.4586219787597656], [100.95918273925781, -2.4586219787597656], [100.95918273925781, -2.375286102294922]], [[129.79603576660156, -1.9586067199707031], [129.79603576660156, -1.8752708435058594], [129.54600524902344, -1.8752708435058594], [129.54600524902344, -1.9586067199707031], [129.6293487548828, -1.9586067199707031], [129.6293487548828, -2.041942596435547], [129.87937927246094, -2.041942596435547], [129.87937927246094, -1.9586067199707031], [129.79603576660156, -1.9586067199707031]], [[131.0461883544922, -2.041942596435547], [131.0461883544922, -1.9586067199707031], [130.87950134277344, -1.9586067199707031], [130.87950134277344, -2.041942596435547], [130.9628448486328, -2.041942596435547], [130.9628448486328, -2.1252784729003906], [131.12953186035156, -2.1252784729003906], [131.12953186035156, -2.041942596435547], [131.0461883544922, -2.041942596435547]], [[131.12953186035156, -2.291950225830078], [131.21287536621094, -2.291950225830078], [131.21287536621094, -2.375286102294922], [131.2962188720703, -2.375286102294922], [131.2962188720703, -2.291950225830078], [131.3795623779297, -2.291950225830078], [131.3795623779297, -2.2086143493652344], [131.21287536621094, -2.2086143493652344], [131.21287536621094, -2.1252784729003906], [131.12953186035156, -2.1252784729003906], [131.12953186035156, -2.291950225830078]], [[131.3795623779297, -2.5419578552246094], [131.46290588378906, -2.5419578552246094], [131.46290588378906, -2.291950225830078], [131.3795623779297, -2.291950225830078], [131.3795623779297, -2.5419578552246094]], [[131.46290588378906, -2.625293731689453], [131.6295928955078, -2.625293731689453], [131.6295928955078, -2.7919654846191406], [131.7129364013672, -2.7919654846191406], [131.7129364013672, -2.8753013610839844], [131.79627990722656, -2.8753013610839844], [131.79627990722656, -2.958637237548828], [131.9629669189453, -2.958637237548828], [131.9629669189453, -2.7919654846191406], [131.87962341308594, -2.7919654846191406], [131.87962341308594, -2.5419578552246094], [131.79627990722656, -2.5419578552246094], [131.79627990722656, -2.291950225830078], [131.7129364013672, -2.291950225830078], [131.7129364013672, -2.2086143493652344], [131.54624938964844, -2.2086143493652344], [131.54624938964844, -2.5419578552246094], [131.46290588378906, -2.5419578552246094], [131.46290588378906, -2.625293731689453]], [[131.9629669189453, -3.041973114013672], [132.0463104248047, -3.041973114013672], [132.0463104248047, -2.958637237548828], [131.9629669189453, -2.958637237548828], [131.9629669189453, -3.041973114013672]], [[104.95967102050781, -2.1252784729003906], [104.95967102050781, -2.041942596435547], [104.87632751464844, -2.041942596435547], [104.87632751464844, -2.1252784729003906], [104.95967102050781, -2.1252784729003906]], [[123.96199035644531, -2.1252784729003906], [123.96199035644531, -2.041942596435547], [123.87864685058594, -2.041942596435547], [123.87864685058594, -2.1252784729003906], [123.96199035644531, -2.1252784729003906]], [[100.87583923339844, -2.291950225830078], [100.87583923339844, -2.1252784729003906], [100.79249572753906, -2.1252784729003906], [100.79249572753906, -2.291950225830078], [100.87583923339844, -2.291950225830078]], [[105.87644958496094, -2.4586219787597656], [105.87644958496094, -2.375286102294922], [105.79310607910156, -2.375286102294922], [105.79310607910156, -2.4586219787597656], [105.87644958496094, -2.4586219787597656]], [[133.12977600097656, -2.5419578552246094], [133.12977600097656, -2.375286102294922], [133.0464324951172, -2.375286102294922], [133.0464324951172, -2.5419578552246094], [133.12977600097656, -2.5419578552246094]], [[132.87974548339844, -2.5419578552246094], [132.87974548339844, -2.625293731689453], [133.0464324951172, -2.625293731689453], [133.0464324951172, -2.5419578552246094], [132.87974548339844, -2.5419578552246094]], [[132.7130584716797, -2.625293731689453], [132.7130584716797, -2.708629608154297], [132.6297149658203, -2.708629608154297], [132.6297149658203, -2.7919654846191406], [132.87974548339844, -2.7919654846191406], [132.87974548339844, -2.625293731689453], [132.7130584716797, -2.625293731689453]], [[117.54454040527344, -2.5419578552246094], [117.54454040527344, -2.4586219787597656], [117.46119689941406, -2.4586219787597656], [117.46119689941406, -2.5419578552246094], [117.54454040527344, -2.5419578552246094]], [[130.6294708251953, -3.041973114013672], [130.6294708251953, -3.1253089904785156], [130.9628448486328, -3.1253089904785156], [130.9628448486328, -3.2086448669433594], [131.12953186035156, -3.2086448669433594], [131.12953186035156, -3.291980743408203], [131.2962188720703, -3.291980743408203], [131.2962188720703, -3.375316619873047], [131.46290588378906, -3.375316619873047], [131.46290588378906, -3.4586524963378906], [131.6295928955078, -3.4586524963378906], [131.6295928955078, -3.708660125732422], [131.7129364013672, -3.708660125732422], [131.7129364013672, -3.7919960021972656], [131.79627990722656, -3.7919960021972656], [131.79627990722656, -3.8753318786621094], [132.0463104248047, -3.8753318786621094], [132.0463104248047, -4.125339508056641], [131.87962341308594, -4.125339508056641], [131.87962341308594, -4.375347137451172], [132.0463104248047, -4.375347137451172], [132.0463104248047, -4.792026519775391], [132.2963409423828, -4.792026519775391], [132.2963409423828, -4.458683013916016], [132.21299743652344, -4.458683013916016], [132.21299743652344, -4.375347137451172], [132.3796844482422, -4.375347137451172], [132.3796844482422, -3.8753318786621094], [132.54637145996094, -3.8753318786621094], [132.54637145996094, -3.7919960021972656], [132.46302795410156, -3.7919960021972656], [132.46302795410156, -3.708660125732422], [132.3796844482422, -3.708660125732422], [132.3796844482422, -3.625324249267578], [132.2963409423828, -3.625324249267578], [132.2963409423828, -3.5419883728027344], [132.21299743652344, -3.5419883728027344], [132.21299743652344, -3.4586524963378906], [132.12965393066406, -3.4586524963378906], [132.12965393066406, -3.375316619873047], [132.0463104248047, -3.375316619873047], [132.0463104248047, -3.291980743408203], [131.9629669189453, -3.291980743408203], [131.9629669189453, -3.2086448669433594], [131.79627990722656, -3.2086448669433594], [131.79627990722656, -3.1253089904785156], [131.7129364013672, -3.1253089904785156], [131.7129364013672, -3.041973114013672], [131.6295928955078, -3.041973114013672], [131.6295928955078, -2.958637237548828], [131.54624938964844, -2.958637237548828], [131.54624938964844, -3.1253089904785156], [131.46290588378906, -3.1253089904785156], [131.46290588378906, -3.041973114013672], [131.2962188720703, -3.041973114013672], [131.2962188720703, -2.958637237548828], [130.9628448486328, -2.958637237548828], [130.9628448486328, -2.8753013610839844], [130.7128143310547, -2.8753013610839844], [130.7128143310547, -2.7919654846191406], [130.6294708251953, -2.7919654846191406], [130.6294708251953, -2.625293731689453], [130.3794403076172, -2.625293731689453], [130.3794403076172, -2.708629608154297], [130.12940979003906, -2.708629608154297], [130.12940979003906, -2.625293731689453], [129.9627227783203, -2.625293731689453], [129.9627227783203, -2.5419578552246094], [129.7126922607422, -2.5419578552246094], [129.7126922607422, -2.4586219787597656], [129.6293487548828, -2.4586219787597656], [129.6293487548828, -2.7919654846191406], [129.87937927246094, -2.7919654846191406], [129.87937927246094, -2.8753013610839844], [130.3794403076172, -2.8753013610839844], [130.3794403076172, -3.041973114013672], [130.6294708251953, -3.041973114013672]], [[116.46107482910156, -2.708629608154297], [116.46107482910156, -2.625293731689453], [116.37773132324219, -2.625293731689453], [116.37773132324219, -2.708629608154297], [116.46107482910156, -2.708629608154297]], [[141.88084411621094, -2.708629608154297], [141.88084411621094, -2.625293731689453], [141.79750061035156, -2.625293731689453], [141.79750061035156, -2.708629608154297], [141.88084411621094, -2.708629608154297]], [[110.12696838378906, -2.7919654846191406], [110.12696838378906, -2.708629608154297], [110.04362487792969, -2.708629608154297], [110.04362487792969, -2.7919654846191406], [110.12696838378906, -2.7919654846191406]], [[125.29548645019531, -3.041973114013672], [125.29548645019531, -3.1253089904785156], [125.12879943847656, -3.1253089904785156], [125.12879943847656, -3.375316619873047], [125.37882995605469, -3.375316619873047], [125.37882995605469, -3.5419883728027344], [125.29548645019531, -3.5419883728027344], [125.29548645019531, -3.625324249267578], [125.21214294433594, -3.625324249267578], [125.21214294433594, -3.708660125732422], [125.12879943847656, -3.708660125732422], [125.12879943847656, -3.4586524963378906], [124.96211242675781, -3.4586524963378906], [124.96211242675781, -3.375316619873047], [124.87876892089844, -3.375316619873047], [124.87876892089844, -3.4586524963378906], [124.79542541503906, -3.4586524963378906], [124.79542541503906, -3.625324249267578], [124.62873840332031, -3.625324249267578], [124.62873840332031, -4.042003631591797], [124.71208190917969, -4.042003631591797], [124.71208190917969, -3.8753318786621094], [124.87876892089844, -3.8753318786621094], [124.87876892089844, -4.042003631591797], [124.79542541503906, -4.042003631591797], [124.79542541503906, -4.125339508056641], [124.71208190917969, -4.125339508056641], [124.71208190917969, -4.208675384521484], [124.62873840332031, -4.208675384521484], [124.62873840332031, -4.458683013916016], [124.87876892089844, -4.458683013916016], [124.87876892089844, -4.375347137451172], [124.96211242675781, -4.375347137451172], [124.96211242675781, -4.542018890380859], [125.04545593261719, -4.542018890380859], [125.04545593261719, -4.292011260986328], [125.12879943847656, -4.292011260986328], [125.12879943847656, -4.458683013916016], [125.37882995605469, -4.458683013916016], [125.37882995605469, -4.375347137451172], [125.54551696777344, -4.375347137451172], [125.54551696777344, -4.292011260986328], [125.62886047363281, -4.292011260986328], [125.62886047363281, -4.208675384521484], [125.71220397949219, -4.208675384521484], [125.71220397949219, -4.125339508056641], [125.87889099121094, -4.125339508056641], [125.87889099121094, -4.042003631591797], [126.04557800292969, -4.042003631591797], [126.04557800292969, -3.958667755126953], [126.21226501464844, -3.958667755126953], [126.21226501464844, -3.7919960021972656], [125.87889099121094, -3.7919960021972656], [125.87889099121094, -3.708660125732422], [125.79554748535156, -3.708660125732422], [125.79554748535156, -3.5419883728027344], [125.87889099121094, -3.5419883728027344], [125.87889099121094, -3.291980743408203], [125.96223449707031, -3.291980743408203], [125.96223449707031, -3.2086448669433594], [126.04557800292969, -3.2086448669433594], [126.04557800292969, -3.041973114013672], [126.12892150878906, -3.041973114013672], [126.12892150878906, -2.8753013610839844], [125.96223449707031, -2.8753013610839844], [125.96223449707031, -2.958637237548828], [125.87889099121094, -2.958637237548828], [125.87889099121094, -2.7919654846191406], [125.79554748535156, -2.7919654846191406], [125.79554748535156, -2.8753013610839844], [125.62886047363281, -2.8753013610839844], [125.62886047363281, -2.958637237548828], [125.46217346191406, -2.958637237548828], [125.46217346191406, -3.041973114013672], [125.29548645019531, -3.041973114013672]], [[109.62690734863281, -2.958637237548828], [109.62690734863281, -2.8753013610839844], [109.54356384277344, -2.8753013610839844], [109.54356384277344, -2.958637237548828], [109.62690734863281, -2.958637237548828]], [[110.62702941894531, -3.041973114013672], [110.62702941894531, -2.8753013610839844], [110.37699890136719, -2.8753013610839844], [110.37699890136719, -3.041973114013672], [110.46034240722656, -3.041973114013672], [110.46034240722656, -2.958637237548828], [110.54368591308594, -2.958637237548828], [110.54368591308594, -3.041973114013672], [110.62702941894531, -3.041973114013672]], [[110.29365539550781, -3.041973114013672], [110.29365539550781, -2.958637237548828], [110.21031188964844, -2.958637237548828], [110.21031188964844, -3.041973114013672], [110.29365539550781, -3.041973114013672]], [[109.79359436035156, -3.1253089904785156], [109.79359436035156, -3.291980743408203], [109.87693786621094, -3.291980743408203], [109.87693786621094, -3.4586524963378906], [109.96028137207031, -3.4586524963378906], [109.96028137207031, -3.5419883728027344], [110.12696838378906, -3.5419883728027344], [110.12696838378906, -3.625324249267578], [111.12709045410156, -3.625324249267578], [111.12709045410156, -3.5419883728027344], [111.37712097167969, -3.5419883728027344], [111.37712097167969, -3.291980743408203], [111.54380798339844, -3.291980743408203], [111.54380798339844, -3.375316619873047], [111.62715148925781, -3.375316619873047], [111.62715148925781, -3.1253089904785156], [111.37712097167969, -3.1253089904785156], [111.37712097167969, -2.958637237548828], [111.21043395996094, -2.958637237548828], [111.21043395996094, -3.041973114013672], [111.12709045410156, -3.041973114013672], [111.12709045410156, -3.375316619873047], [110.12696838378906, -3.375316619873047], [110.12696838378906, -3.1253089904785156], [109.79359436035156, -3.1253089904785156]], [[111.62715148925781, -3.708660125732422], [111.87718200683594, -3.708660125732422], [111.87718200683594, -3.7919960021972656], [112.21055603027344, -3.7919960021972656], [112.21055603027344, -3.708660125732422], [112.79396057128906, -3.708660125732422], [112.79396057128906, -3.625324249267578], [112.21055603027344, -3.625324249267578], [112.21055603027344, -3.5419883728027344], [112.79396057128906, -3.5419883728027344], [112.79396057128906, -3.4586524963378906], [113.37736511230469, -3.4586524963378906], [113.37736511230469, -3.5419883728027344], [113.54405212402344, -3.5419883728027344], [113.54405212402344, -3.625324249267578], [113.29402160644531, -3.625324249267578], [113.29402160644531, -3.708660125732422], [113.37736511230469, -3.708660125732422], [113.37736511230469, -3.7919960021972656], [113.54405212402344, -3.7919960021972656], [113.54405212402344, -3.8753318786621094], [113.87742614746094, -3.8753318786621094], [113.87742614746094, -3.958667755126953], [114.04411315917969, -3.958667755126953], [114.04411315917969, -3.8753318786621094], [114.37748718261719, -3.8753318786621094], [114.37748718261719, -3.708660125732422], [114.54417419433594, -3.708660125732422], [114.54417419433594, -3.958667755126953], [114.62751770019531, -3.958667755126953], [114.62751770019531, -3.625324249267578], [114.37748718261719, -3.625324249267578], [114.37748718261719, -3.4586524963378906], [114.29414367675781, -3.4586524963378906], [114.29414367675781, -3.375316619873047], [113.87742614746094, -3.375316619873047], [113.87742614746094, -3.625324249267578], [113.62739562988281, -3.625324249267578], [113.62739562988281, -3.2086448669433594], [113.37736511230469, -3.2086448669433594], [113.37736511230469, -3.291980743408203], [113.29402160644531, -3.291980743408203], [113.29402160644531, -3.2086448669433594], [113.21067810058594, -3.2086448669433594], [113.21067810058594, -3.1253089904785156], [112.96064758300781, -3.1253089904785156], [112.96064758300781, -3.2086448669433594], [112.87730407714844, -3.2086448669433594], [112.87730407714844, -3.375316619873047], [112.62727355957031, -3.375316619873047], [112.62727355957031, -3.4586524963378906], [112.46058654785156, -3.4586524963378906], [112.46058654785156, -3.375316619873047], [112.12721252441406, -3.375316619873047], [112.12721252441406, -3.625324249267578], [111.87718200683594, -3.625324249267578], [111.87718200683594, -3.5419883728027344], [111.79383850097656, -3.5419883728027344], [111.79383850097656, -3.4586524963378906], [111.87718200683594, -3.4586524963378906], [111.87718200683594, -3.375316619873047], [111.62715148925781, -3.375316619873047], [111.62715148925781, -3.708660125732422]], [[109.29353332519531, -4.042003631591797], [109.29353332519531, -4.125339508056641], [109.12684631347656, -4.125339508056641], [109.12684631347656, -4.375347137451172], [109.37687683105469, -4.375347137451172], [109.37687683105469, -4.625354766845703], [109.46022033691406, -4.625354766845703], [109.46022033691406, -4.458683013916016], [109.54356384277344, -4.458683013916016], [109.54356384277344, -3.8753318786621094], [109.62690734863281, -3.8753318786621094], [109.62690734863281, -3.1253089904785156], [109.54356384277344, -3.1253089904785156], [109.54356384277344, -3.375316619873047], [109.46022033691406, -3.375316619873047], [109.46022033691406, -3.4586524963378906], [109.37687683105469, -3.4586524963378906], [109.37687683105469, -4.042003631591797], [109.29353332519531, -4.042003631591797]], [[127.21238708496094, -3.7919960021972656], [127.21238708496094, -4.042003631591797], [127.29573059082031, -4.042003631591797], [127.29573059082031, -4.292011260986328], [127.37907409667969, -4.292011260986328], [127.37907409667969, -4.458683013916016], [127.46241760253906, -4.458683013916016], [127.46241760253906, -4.542018890380859], [127.54576110839844, -4.542018890380859], [127.54576110839844, -4.708690643310547], [127.62910461425781, -4.708690643310547], [127.62910461425781, -4.625354766845703], [127.71244812011719, -4.625354766845703], [127.71244812011719, -4.542018890380859], [127.87913513183594, -4.542018890380859], [127.87913513183594, -4.458683013916016], [127.96247863769531, -4.458683013916016], [127.96247863769531, -4.292011260986328], [127.87913513183594, -4.292011260986328], [127.87913513183594, -4.208675384521484], [127.79579162597656, -4.208675384521484], [127.79579162597656, -4.042003631591797], [127.71244812011719, -4.042003631591797], [127.71244812011719, -3.8753318786621094], [127.62910461425781, -3.8753318786621094], [127.62910461425781, -3.7919960021972656], [127.54576110839844, -3.7919960021972656], [127.54576110839844, -3.625324249267578], [127.46241760253906, -3.625324249267578], [127.46241760253906, -3.5419883728027344], [127.37907409667969, -3.5419883728027344], [127.37907409667969, -3.625324249267578], [127.29573059082031, -3.625324249267578], [127.29573059082031, -3.708660125732422], [127.12904357910156, -3.708660125732422], [127.12904357910156, -3.7919960021972656], [127.21238708496094, -3.7919960021972656]], [[115.87767028808594, -3.708660125732422], [115.87767028808594, -3.625324249267578], [115.79432678222656, -3.625324249267578], [115.79432678222656, -3.708660125732422], [115.87767028808594, -3.708660125732422]], [[116.46107482910156, -3.708660125732422], [116.46107482910156, -3.625324249267578], [116.37773132324219, -3.625324249267578], [116.37773132324219, -3.708660125732422], [116.46107482910156, -3.708660125732422]], [[132.79640197753906, -4.125339508056641], [132.79640197753906, -3.958667755126953], [132.7130584716797, -3.958667755126953], [132.7130584716797, -4.125339508056641], [132.79640197753906, -4.125339508056641]], [[114.62751770019531, -4.208675384521484], [114.62751770019531, -4.125339508056641], [114.54417419433594, -4.125339508056641], [114.54417419433594, -4.208675384521484], [114.62751770019531, -4.208675384521484]], [[108.37675476074219, -4.792026519775391], [108.37675476074219, -4.625354766845703], [108.29341125488281, -4.625354766845703], [108.29341125488281, -4.792026519775391], [108.37675476074219, -4.792026519775391]], [[119.54478454589844, -4.958698272705078], [119.54478454589844, -4.708690643310547], [119.46144104003906, -4.708690643310547], [119.46144104003906, -4.958698272705078], [119.54478454589844, -4.958698272705078]], [[119.46144104003906, -5.125370025634766], [119.46144104003906, -5.042034149169922], [119.37809753417969, -5.042034149169922], [119.37809753417969, -5.125370025634766], [119.46144104003906, -5.125370025634766]], [[118.87803649902344, -5.625385284423828], [118.87803649902344, -5.792057037353516], [119.04472351074219, -5.792057037353516], [119.04472351074219, -5.875392913818359], [119.96150207519531, -5.875392913818359], [119.96150207519531, -5.792057037353516], [120.12818908691406, -5.792057037353516], [120.12818908691406, -5.625385284423828], [119.87815856933594, -5.625385284423828], [119.87815856933594, -5.708721160888672], [119.62812805175781, -5.708721160888672], [119.62812805175781, -5.625385284423828], [119.37809753417969, -5.625385284423828], [119.37809753417969, -5.375377655029297], [119.29475402832031, -5.375377655029297], [119.29475402832031, -5.458713531494141], [119.12806701660156, -5.458713531494141], [119.12806701660156, -5.542049407958984], [118.96138000488281, -5.542049407958984], [118.96138000488281, -5.625385284423828], [118.87803649902344, -5.625385284423828]], [[106.12648010253906, -5.625385284423828], [106.12648010253906, -5.542049407958984], [106.04313659667969, -5.542049407958984], [106.04313659667969, -5.625385284423828], [106.12648010253906, -5.625385284423828]], [[132.54637145996094, -6.042064666748047], [132.54637145996094, -5.958728790283203], [132.46302795410156, -5.958728790283203], [132.46302795410156, -5.625385284423828], [132.2963409423828, -5.625385284423828], [132.2963409423828, -5.708721160888672], [132.21299743652344, -5.708721160888672], [132.21299743652344, -5.792057037353516], [132.2963409423828, -5.792057037353516], [132.2963409423828, -6.042064666748047], [132.54637145996094, -6.042064666748047]], [[106.12648010253906, -5.792057037353516], [106.12648010253906, -5.708721160888672], [105.95979309082031, -5.708721160888672], [105.95979309082031, -5.792057037353516], [105.87644958496094, -5.792057037353516], [105.87644958496094, -5.875392913818359], [106.04313659667969, -5.875392913818359], [106.04313659667969, -5.792057037353516], [106.12648010253906, -5.792057037353516]], [[105.79310607910156, -5.875392913818359], [105.79310607910156, -5.958728790283203], [105.87644958496094, -5.958728790283203], [105.87644958496094, -5.875392913818359], [105.79310607910156, -5.875392913818359]], [[132.6297149658203, -5.792057037353516], [132.6297149658203, -5.708721160888672], [132.54637145996094, -5.708721160888672], [132.54637145996094, -5.792057037353516], [132.6297149658203, -5.792057037353516]], [[132.87974548339844, -6.125400543212891], [132.87974548339844, -5.875392913818359], [132.79640197753906, -5.875392913818359], [132.79640197753906, -6.125400543212891], [132.87974548339844, -6.125400543212891]], [[128.2958526611328, -6.208736419677734], [128.2958526611328, -6.292072296142578], [128.46253967285156, -6.292072296142578], [128.46253967285156, -6.208736419677734], [129.12928771972656, -6.208736419677734], [129.12928771972656, -6.292072296142578], [129.2959747314453, -6.292072296142578], [129.2959747314453, -6.208736419677734], [129.21263122558594, -6.208736419677734], [129.21263122558594, -6.125400543212891], [129.12928771972656, -6.125400543212891], [129.12928771972656, -6.042064666748047], [128.9626007080078, -6.042064666748047], [128.9626007080078, -5.958728790283203], [128.7125701904297, -5.958728790283203], [128.7125701904297, -6.042064666748047], [128.46253967285156, -6.042064666748047], [128.46253967285156, -6.125400543212891], [128.3791961669922, -6.125400543212891], [128.3791961669922, -6.208736419677734], [128.2958526611328, -6.208736419677734]], [[107.45997619628906, -6.125400543212891], [107.45997619628906, -6.042064666748047], [107.37663269042969, -6.042064666748047], [107.37663269042969, -6.125400543212891], [107.45997619628906, -6.125400543212891]], [[118.79469299316406, -6.125400543212891], [118.79469299316406, -6.042064666748047], [118.71134948730469, -6.042064666748047], [118.71134948730469, -6.125400543212891], [118.79469299316406, -6.125400543212891]], [[118.62800598144531, -6.125400543212891], [118.62800598144531, -6.292072296142578], [118.71134948730469, -6.292072296142578], [118.71134948730469, -6.125400543212891], [118.62800598144531, -6.125400543212891]], [[128.0458221435547, -6.125400543212891], [128.0458221435547, -6.042064666748047], [127.87913513183594, -6.042064666748047], [127.87913513183594, -6.125400543212891], [128.0458221435547, -6.125400543212891]], [[129.6293487548828, -6.375408172607422], [129.6293487548828, -6.458744049072266], [129.46266174316406, -6.458744049072266], [129.46266174316406, -6.542079925537109], [129.9627227783203, -6.542079925537109], [129.9627227783203, -6.458744049072266], [130.21275329589844, -6.458744049072266], [130.21275329589844, -6.375408172607422], [130.54612731933594, -6.375408172607422], [130.54612731933594, -6.292072296142578], [130.6294708251953, -6.292072296142578], [130.6294708251953, -6.125400543212891], [130.12940979003906, -6.125400543212891], [130.12940979003906, -6.208736419677734], [130.0460662841797, -6.208736419677734], [130.0460662841797, -6.292072296142578], [129.87937927246094, -6.292072296142578], [129.87937927246094, -6.375408172607422], [129.6293487548828, -6.375408172607422]], [[108.12672424316406, -6.375408172607422], [108.12672424316406, -6.292072296142578], [108.04338073730469, -6.292072296142578], [108.04338073730469, -6.375408172607422], [108.12672424316406, -6.375408172607422]], [[137.6303253173828, -6.792087554931641], [137.6303253173828, -6.875423431396484], [137.54698181152344, -6.875423431396484], [137.54698181152344, -6.792087554931641], [137.46363830566406, -6.792087554931641], [137.46363830566406, -6.708751678466797], [137.3802947998047, -6.708751678466797], [137.3802947998047, -6.792087554931641], [137.2969512939453, -6.792087554931641], [137.2969512939453, -6.875423431396484], [137.3802947998047, -6.875423431396484], [137.3802947998047, -7.042095184326172], [137.46363830566406, -7.042095184326172], [137.46363830566406, -7.125431060791016], [137.3802947998047, -7.125431060791016], [137.3802947998047, -7.208766937255859], [137.21360778808594, -7.208766937255859], [137.21360778808594, -7.292102813720703], [137.13026428222656, -7.292102813720703], [137.13026428222656, -7.375438690185547], [136.88023376464844, -7.375438690185547], [136.88023376464844, -7.458774566650391], [137.2969512939453, -7.458774566650391], [137.2969512939453, -7.375438690185547], [137.3802947998047, -7.375438690185547], [137.3802947998047, -7.292102813720703], [137.54698181152344, -7.292102813720703], [137.54698181152344, -7.208766937255859], [137.6303253173828, -7.208766937255859], [137.6303253173828, -7.125431060791016], [137.7136688232422, -7.125431060791016], [137.7136688232422, -7.208766937255859], [137.79701232910156, -7.208766937255859], [137.79701232910156, -7.292102813720703], [138.0470428466797, -7.292102813720703], [138.0470428466797, -7.208766937255859], [138.2970733642578, -7.208766937255859], [138.2970733642578, -7.125431060791016], [138.3804168701172, -7.125431060791016], [138.3804168701172, -6.375408172607422], [137.6303253173828, -6.375408172607422], [137.6303253173828, -6.625415802001953], [137.54698181152344, -6.625415802001953], [137.54698181152344, -6.708751678466797], [137.7136688232422, -6.708751678466797], [137.7136688232422, -6.792087554931641], [137.6303253173828, -6.792087554931641]], [[118.37797546386719, -6.708751678466797], [118.37797546386719, -6.625415802001953], [118.29463195800781, -6.625415802001953], [118.29463195800781, -6.708751678466797], [118.37797546386719, -6.708751678466797]], [[108.87681579589844, -6.792087554931641], [108.87681579589844, -6.708751678466797], [108.79347229003906, -6.708751678466797], [108.79347229003906, -6.792087554931641], [108.87681579589844, -6.792087554931641]], [[108.87681579589844, -6.875423431396484], [109.04350280761719, -6.875423431396484], [109.04350280761719, -6.792087554931641], [108.87681579589844, -6.792087554931641], [108.87681579589844, -6.875423431396484]], [[108.71012878417969, -6.792087554931641], [108.71012878417969, -6.875423431396484], [108.79347229003906, -6.875423431396484], [108.79347229003906, -6.792087554931641], [108.71012878417969, -6.792087554931641]], [[112.62727355957031, -6.875423431396484], [112.62727355957031, -6.792087554931641], [112.46058654785156, -6.792087554931641], [112.46058654785156, -6.875423431396484], [112.62727355957031, -6.875423431396484]], [[133.3798065185547, -7.042095184326172], [133.3798065185547, -6.958759307861328], [133.46315002441406, -6.958759307861328], [133.46315002441406, -6.875423431396484], [133.2964630126953, -6.875423431396484], [133.2964630126953, -6.958759307861328], [133.12977600097656, -6.958759307861328], [133.12977600097656, -7.125431060791016], [133.21311950683594, -7.125431060791016], [133.21311950683594, -7.042095184326172], [133.3798065185547, -7.042095184326172]], [[134.12989807128906, -6.958759307861328], [134.12989807128906, -6.875423431396484], [133.9632110595703, -6.875423431396484], [133.9632110595703, -7.042095184326172], [134.3799285888672, -7.042095184326172], [134.3799285888672, -6.875423431396484], [134.2965850830078, -6.875423431396484], [134.2965850830078, -6.958759307861328], [134.12989807128906, -6.958759307861328]], [[134.6299591064453, -7.375438690185547], [134.6299591064453, -7.125431060791016], [134.3799285888672, -7.125431060791016], [134.3799285888672, -7.375438690185547], [134.6299591064453, -7.375438690185547]], [[113.29402160644531, -7.292102813720703], [113.29402160644531, -7.208766937255859], [112.96064758300781, -7.208766937255859], [112.96064758300781, -7.292102813720703], [113.29402160644531, -7.292102813720703]], [[116.62776184082031, -7.542110443115234], [116.62776184082031, -7.708782196044922], [116.96113586425781, -7.708782196044922], [116.96113586425781, -7.625446319580078], [117.04447937011719, -7.625446319580078], [117.04447937011719, -7.542110443115234], [117.12782287597656, -7.542110443115234], [117.12782287597656, -7.292102813720703], [116.87779235839844, -7.292102813720703], [116.87779235839844, -7.375438690185547], [116.79444885253906, -7.375438690185547], [116.79444885253906, -7.458774566650391], [116.71110534667969, -7.458774566650391], [116.71110534667969, -7.542110443115234], [116.62776184082031, -7.542110443115234]], [[118.04460144042969, -7.458774566650391], [118.04460144042969, -7.375438690185547], [117.96125793457031, -7.375438690185547], [117.96125793457031, -7.458774566650391], [118.04460144042969, -7.458774566650391]], [[112.96064758300781, -7.625446319580078], [112.96064758300781, -7.458774566650391], [112.87730407714844, -7.458774566650391], [112.87730407714844, -7.625446319580078], [112.96064758300781, -7.625446319580078]], [[133.79652404785156, -7.625446319580078], [133.79652404785156, -7.542110443115234], [134.0465545654297, -7.542110443115234], [134.0465545654297, -7.458774566650391], [133.12977600097656, -7.458774566650391], [133.12977600097656, -7.625446319580078], [133.2964630126953, -7.625446319580078], [133.2964630126953, -7.708782196044922], [133.6298370361328, -7.708782196044922], [133.6298370361328, -7.625446319580078], [133.79652404785156, -7.625446319580078]], [[136.7135467529297, -7.542110443115234], [136.7135467529297, -7.458774566650391], [136.6302032470703, -7.458774566650391], [136.6302032470703, -7.542110443115234], [136.7135467529297, -7.542110443115234]], [[132.9630889892578, -7.708782196044922], [132.9630889892578, -7.625446319580078], [132.87974548339844, -7.625446319580078], [132.87974548339844, -7.708782196044922], [132.9630889892578, -7.708782196044922]], [[135.6300811767578, -8.375469207763672], [135.6300811767578, -8.625476837158203], [135.88011169433594, -8.625476837158203], [135.88011169433594, -8.708812713623047], [136.21348571777344, -8.708812713623047], [136.21348571777344, -8.79214859008789], [136.79689025878906, -8.79214859008789], [136.79689025878906, -8.875484466552734], [137.13026428222656, -8.875484466552734], [137.13026428222656, -8.79214859008789], [137.7136688232422, -8.79214859008789], [137.7136688232422, -8.708812713623047], [137.9636993408203, -8.708812713623047], [137.9636993408203, -8.625476837158203], [138.13038635253906, -8.625476837158203], [138.13038635253906, -8.458805084228516], [137.7136688232422, -8.458805084228516], [137.7136688232422, -8.375469207763672], [137.3802947998047, -8.375469207763672], [137.3802947998047, -7.875453948974609], [137.13026428222656, -7.875453948974609], [137.13026428222656, -7.625446319580078], [136.6302032470703, -7.625446319580078], [136.6302032470703, -7.875453948974609], [136.3801727294922, -7.875453948974609], [136.3801727294922, -8.12546157836914], [135.88011169433594, -8.12546157836914], [135.88011169433594, -8.375469207763672], [135.6300811767578, -8.375469207763672]], [[136.21348571777344, -7.875453948974609], [136.21348571777344, -7.792118072509766], [135.88011169433594, -7.792118072509766], [135.88011169433594, -7.875453948974609], [136.21348571777344, -7.875453948974609]], [[135.0466766357422, -8.12546157836914], [135.0466766357422, -8.208797454833984], [135.46339416503906, -8.208797454833984], [135.46339416503906, -8.12546157836914], [135.2967071533203, -8.12546157836914], [135.2967071533203, -8.042125701904297], [135.6300811767578, -8.042125701904297], [135.6300811767578, -7.958789825439453], [135.7134246826172, -7.958789825439453], [135.7134246826172, -7.875453948974609], [135.3800506591797, -7.875453948974609], [135.3800506591797, -7.958789825439453], [135.21336364746094, -7.958789825439453], [135.21336364746094, -8.042125701904297], [135.13002014160156, -8.042125701904297], [135.13002014160156, -8.12546157836914], [135.0466766357422, -8.12546157836914]], [[114.54417419433594, -8.12546157836914], [114.54417419433594, -8.042125701904297], [114.37748718261719, -8.042125701904297], [114.37748718261719, -8.12546157836914], [114.54417419433594, -8.12546157836914]], [[125.12879943847656, -8.375469207763672], [125.12879943847656, -8.54214096069336], [124.96211242675781, -8.54214096069336], [124.96211242675781, -8.625476837158203], [124.71208190917969, -8.625476837158203], [124.71208190917969, -8.708812713623047], [124.62873840332031, -8.708812713623047], [124.62873840332031, -8.79214859008789], [124.37870788574219, -8.79214859008789], [124.37870788574219, -8.875484466552734], [124.04533386230469, -8.875484466552734], [124.04533386230469, -8.79214859008789], [124.12867736816406, -8.79214859008789], [124.12867736816406, -8.708812713623047], [124.21202087402344, -8.708812713623047], [124.21202087402344, -8.625476837158203], [123.96199035644531, -8.625476837158203], [123.96199035644531, -8.708812713623047], [123.87864685058594, -8.708812713623047], [123.87864685058594, -8.458805084228516], [123.79530334472656, -8.458805084228516], [123.79530334472656, -8.375469207763672], [123.71195983886719, -8.375469207763672], [123.71195983886719, -8.458805084228516], [123.62861633300781, -8.458805084228516], [123.62861633300781, -8.54214096069336], [123.71195983886719, -8.54214096069336], [123.71195983886719, -8.625476837158203], [123.54527282714844, -8.625476837158203], [123.54527282714844, -8.708812713623047], [123.62861633300781, -8.708812713623047], [123.62861633300781, -8.958820343017578], [123.54527282714844, -8.958820343017578], [123.54527282714844, -9.042156219482422], [123.37858581542969, -9.042156219482422], [123.37858581542969, -9.125492095947266], [123.21189880371094, -9.125492095947266], [123.21189880371094, -9.20882797241211], [123.04521179199219, -9.20882797241211], [123.04521179199219, -9.375499725341797], [122.71183776855469, -9.375499725341797], [122.71183776855469, -9.45883560180664], [122.29512023925781, -9.45883560180664], [122.29512023925781, -9.542171478271484], [122.04508972167969, -9.542171478271484], [122.04508972167969, -9.625507354736328], [121.87840270996094, -9.625507354736328], [121.87840270996094, -9.708843231201172], [121.37834167480469, -9.708843231201172], [121.37834167480469, -9.87551498413086], [121.12831115722656, -9.87551498413086], [121.12831115722656, -10.12552261352539], [121.04496765136719, -10.12552261352539], [121.04496765136719, -10.208858489990234], [121.87840270996094, -10.208858489990234], [121.87840270996094, -10.12552261352539], [122.29512023925781, -10.12552261352539], [122.29512023925781, -10.042186737060547], [122.37846374511719, -10.042186737060547], [122.37846374511719, -10.292194366455078], [122.46180725097656, -10.292194366455078], [122.46180725097656, -10.208858489990234], [122.54515075683594, -10.208858489990234], [122.54515075683594, -10.12552261352539], [122.79518127441406, -10.12552261352539], [122.79518127441406, -10.042186737060547], [122.87852478027344, -10.042186737060547], [122.87852478027344, -9.958850860595703], [123.04521179199219, -9.958850860595703], [123.04521179199219, -9.87551498413086], [123.37858581542969, -9.87551498413086], [123.37858581542969, -9.708843231201172], [123.46192932128906, -9.708843231201172], [123.46192932128906, -9.625507354736328], [123.54527282714844, -9.625507354736328], [123.54527282714844, -9.542171478271484], [123.62861633300781, -9.542171478271484], [123.62861633300781, -9.45883560180664], [123.79530334472656, -9.45883560180664], [123.79530334472656, -9.375499725341797], [124.12867736816406, -9.375499725341797], [124.12867736816406, -9.125492095947266], [124.54539489746094, -9.125492095947266], [124.54539489746094, -9.042156219482422], [124.62873840332031, -9.042156219482422], [124.62873840332031, -8.958820343017578], [124.71208190917969, -8.958820343017578], [124.71208190917969, -8.875484466552734], [124.96211242675781, -8.875484466552734], [124.96211242675781, -8.79214859008789], [125.04545593261719, -8.79214859008789], [125.04545593261719, -8.875484466552734], [125.12879943847656, -8.875484466552734], [125.12879943847656, -8.625476837158203], [125.37882995605469, -8.625476837158203], [125.37882995605469, -8.12546157836914], [125.21214294433594, -8.12546157836914], [125.21214294433594, -8.042125701904297], [125.04545593261719, -8.042125701904297], [125.04545593261719, -8.12546157836914], [125.12879943847656, -8.12546157836914], [125.12879943847656, -8.292133331298828], [125.21214294433594, -8.292133331298828], [125.21214294433594, -8.375469207763672], [125.12879943847656, -8.375469207763672]], [[121.12831115722656, -9.625507354736328], [120.87828063964844, -9.625507354736328], [120.87828063964844, -9.87551498413086], [121.12831115722656, -9.87551498413086], [121.12831115722656, -9.625507354736328]], [[125.71220397949219, -8.208797454833984], [125.71220397949219, -8.042125701904297], [125.62886047363281, -8.042125701904297], [125.62886047363281, -8.208797454833984], [125.71220397949219, -8.208797454833984]], [[124.04533386230469, -8.375469207763672], [124.04533386230469, -8.292133331298828], [123.87864685058594, -8.292133331298828], [123.87864685058594, -8.375469207763672], [124.04533386230469, -8.375469207763672]], [[127.46241760253906, -8.375469207763672], [127.46241760253906, -8.292133331298828], [127.37907409667969, -8.292133331298828], [127.37907409667969, -8.375469207763672], [127.46241760253906, -8.375469207763672]], [[127.46241760253906, -8.458805084228516], [127.54576110839844, -8.458805084228516], [127.54576110839844, -8.375469207763672], [127.46241760253906, -8.375469207763672], [127.46241760253906, -8.458805084228516]], [[130.3794403076172, -8.54214096069336], [130.3794403076172, -8.79214859008789], [130.46278381347656, -8.79214859008789], [130.46278381347656, -8.708812713623047], [130.6294708251953, -8.708812713623047], [130.6294708251953, -8.625476837158203], [130.79615783691406, -8.625476837158203], [130.79615783691406, -8.54214096069336], [130.9628448486328, -8.54214096069336], [130.9628448486328, -8.292133331298828], [130.87950134277344, -8.292133331298828], [130.87950134277344, -8.375469207763672], [130.79615783691406, -8.375469207763672], [130.79615783691406, -8.458805084228516], [130.46278381347656, -8.458805084228516], [130.46278381347656, -8.54214096069336], [130.3794403076172, -8.54214096069336]], [[140.2973175048828, -8.708812713623047], [140.2973175048828, -8.79214859008789], [140.21397399902344, -8.79214859008789], [140.21397399902344, -8.875484466552734], [140.2973175048828, -8.875484466552734], [140.2973175048828, -9.042156219482422], [140.46400451660156, -9.042156219482422], [140.46400451660156, -9.125492095947266], [140.54734802246094, -9.125492095947266], [140.54734802246094, -9.20882797241211], [140.6306915283203, -9.20882797241211], [140.6306915283203, -8.79214859008789], [140.54734802246094, -8.79214859008789], [140.54734802246094, -8.625476837158203], [140.3806610107422, -8.625476837158203], [140.3806610107422, -8.458805084228516], [140.2973175048828, -8.458805084228516], [140.2973175048828, -8.375469207763672], [139.9639434814453, -8.375469207763672], [139.9639434814453, -8.458805084228516], [140.0472869873047, -8.458805084228516], [140.0472869873047, -8.54214096069336], [140.21397399902344, -8.54214096069336], [140.21397399902344, -8.708812713623047], [140.2973175048828, -8.708812713623047]], [[119.21141052246094, -8.54214096069336], [119.21141052246094, -8.79214859008789], [119.29475402832031, -8.79214859008789], [119.29475402832031, -8.625476837158203], [119.37809753417969, -8.625476837158203], [119.37809753417969, -8.54214096069336], [119.21141052246094, -8.54214096069336]], [[95.37516784667969, -8.875484466552734], [95.37516784667969, -8.625476837158203], [95.12513732910156, -8.625476837158203], [95.12513732910156, -8.875484466552734], [95.37516784667969, -8.875484466552734]], [[132.3796844482422, -9.708843231201172], [132.3796844482422, -9.125492095947266], [132.2963409423828, -9.125492095947266], [132.2963409423828, -8.875484466552734], [132.21299743652344, -8.875484466552734], [132.21299743652344, -8.708812713623047], [132.12965393066406, -8.708812713623047], [132.12965393066406, -8.625476837158203], [132.0463104248047, -8.625476837158203], [132.0463104248047, -9.375499725341797], [132.12965393066406, -9.375499725341797], [132.12965393066406, -9.625507354736328], [132.21299743652344, -9.625507354736328], [132.21299743652344, -9.708843231201172], [132.3796844482422, -9.708843231201172]], [[138.46376037597656, -8.708812713623047], [138.46376037597656, -8.625476837158203], [138.3804168701172, -8.625476837158203], [138.3804168701172, -8.708812713623047], [138.46376037597656, -8.708812713623047]], [[121.12831115722656, -9.125492095947266], [121.12831115722656, -8.958820343017578], [120.87828063964844, -8.958820343017578], [120.87828063964844, -8.875484466552734], [120.62825012207031, -8.875484466552734], [120.62825012207031, -8.958820343017578], [120.79493713378906, -8.958820343017578], [120.79493713378906, -9.042156219482422], [120.87828063964844, -9.042156219482422], [120.87828063964844, -9.125492095947266], [121.12831115722656, -9.125492095947266]], [[127.46241760253906, -8.958820343017578], [127.46241760253906, -8.875484466552734], [127.37907409667969, -8.875484466552734], [127.37907409667969, -8.958820343017578], [127.46241760253906, -8.958820343017578]], [[137.21360778808594, -9.125492095947266], [137.21360778808594, -9.042156219482422], [136.9635772705078, -9.042156219482422], [136.9635772705078, -9.125492095947266], [136.88023376464844, -9.125492095947266], [136.88023376464844, -9.20882797241211], [137.0469207763672, -9.20882797241211], [137.0469207763672, -9.125492095947266], [137.21360778808594, -9.125492095947266]], [[137.46363830566406, -9.042156219482422], [137.46363830566406, -9.125492095947266], [137.3802947998047, -9.125492095947266], [137.3802947998047, -9.20882797241211], [137.88035583496094, -9.20882797241211], [137.88035583496094, -9.042156219482422], [137.46363830566406, -9.042156219482422]], [[141.79750061035156, -9.625507354736328], [141.79750061035156, -9.708843231201172], [142.0475311279297, -9.708843231201172], [142.0475311279297, -9.87551498413086], [142.21421813964844, -9.87551498413086], [142.21421813964844, -9.792179107666016], [142.2975616455078, -9.792179107666016], [142.2975616455078, -9.708843231201172], [142.21421813964844, -9.708843231201172], [142.21421813964844, -9.625507354736328], [142.3809051513672, -9.625507354736328], [142.3809051513672, -9.792179107666016], [142.46424865722656, -9.792179107666016], [142.46424865722656, -9.708843231201172], [142.54759216308594, -9.708843231201172], [142.54759216308594, -9.625507354736328], [142.6309356689453, -9.625507354736328], [142.6309356689453, -9.375499725341797], [142.13087463378906, -9.375499725341797], [142.13087463378906, -9.20882797241211], [141.79750061035156, -9.20882797241211], [141.79750061035156, -9.292163848876953], [141.7141571044922, -9.292163848876953], [141.7141571044922, -9.542171478271484], [141.6308135986328, -9.542171478271484], [141.6308135986328, -9.625507354736328], [141.79750061035156, -9.625507354736328]], [[142.21421813964844, -9.958850860595703], [142.3809051513672, -9.958850860595703], [142.3809051513672, -9.87551498413086], [142.21421813964844, -9.87551498413086], [142.21421813964844, -9.958850860595703]], [[142.13087463378906, -9.958850860595703], [142.13087463378906, -10.042186737060547], [142.21421813964844, -10.042186737060547], [142.21421813964844, -9.958850860595703], [142.13087463378906, -9.958850860595703]], [[142.9643096923828, -9.292163848876953], [142.9643096923828, -9.20882797241211], [142.88096618652344, -9.20882797241211], [142.88096618652344, -9.292163848876953], [142.9643096923828, -9.292163848876953]], [[140.7140350341797, -9.375499725341797], [140.7140350341797, -9.45883560180664], [140.79737854003906, -9.45883560180664], [140.79737854003906, -9.542171478271484], [140.88072204589844, -9.542171478271484], [140.88072204589844, -9.375499725341797], [140.7140350341797, -9.375499725341797]], [[141.13075256347656, -9.375499725341797], [141.13075256347656, -9.542171478271484], [141.21409606933594, -9.542171478271484], [141.21409606933594, -9.45883560180664], [141.3807830810547, -9.45883560180664], [141.3807830810547, -9.375499725341797], [141.13075256347656, -9.375499725341797]], [[124.37870788574219, -10.208858489990234], [124.37870788574219, -10.292194366455078], [124.29536437988281, -10.292194366455078], [124.29536437988281, -10.375530242919922], [124.21202087402344, -10.375530242919922], [124.21202087402344, -10.458866119384766], [124.12867736816406, -10.458866119384766], [124.12867736816406, -10.625537872314453], [123.71195983886719, -10.625537872314453], [123.71195983886719, -10.708873748779297], [123.62861633300781, -10.708873748779297], [123.62861633300781, -10.875545501708984], [123.21189880371094, -10.875545501708984], [123.21189880371094, -10.958881378173828], [123.12855529785156, -10.958881378173828], [123.12855529785156, -10.875545501708984], [122.96186828613281, -10.875545501708984], [122.96186828613281, -10.958881378173828], [123.04521179199219, -10.958881378173828], [123.04521179199219, -11.042217254638672], [122.96186828613281, -11.042217254638672], [122.96186828613281, -11.125553131103516], [122.79518127441406, -11.125553131103516], [122.79518127441406, -11.20888900756836], [122.62849426269531, -11.20888900756836], [122.62849426269531, -11.292224884033203], [122.54515075683594, -11.292224884033203], [122.54515075683594, -11.375560760498047], [122.37846374511719, -11.375560760498047], [122.37846374511719, -11.45889663696289], [122.29512023925781, -11.45889663696289], [122.29512023925781, -11.542232513427734], [122.21177673339844, -11.542232513427734], [122.21177673339844, -11.625568389892578], [122.04508972167969, -11.625568389892578], [122.04508972167969, -11.708904266357422], [121.79505920410156, -11.708904266357422], [121.79505920410156, -11.625568389892578], [121.87840270996094, -11.625568389892578], [121.87840270996094, -11.45889663696289], [121.71171569824219, -11.45889663696289], [121.71171569824219, -11.375560760498047], [121.37834167480469, -11.375560760498047], [121.37834167480469, -11.45889663696289], [121.04496765136719, -11.45889663696289], [121.04496765136719, -11.542232513427734], [120.79493713378906, -11.542232513427734], [120.79493713378906, -11.708904266357422], [121.12831115722656, -11.708904266357422], [121.12831115722656, -11.87557601928711], [121.46168518066406, -11.87557601928711], [121.46168518066406, -11.958911895751953], [122.37846374511719, -11.958911895751953], [122.37846374511719, -11.87557601928711], [122.54515075683594, -11.87557601928711], [122.54515075683594, -11.792240142822266], [122.62849426269531, -11.792240142822266], [122.62849426269531, -11.708904266357422], [122.79518127441406, -11.708904266357422], [122.79518127441406, -11.625568389892578], [122.96186828613281, -11.625568389892578], [122.96186828613281, -11.542232513427734], [123.04521179199219, -11.542232513427734], [123.04521179199219, -11.45889663696289], [123.21189880371094, -11.45889663696289], [123.21189880371094, -11.375560760498047], [123.37858581542969, -11.375560760498047], [123.37858581542969, -11.292224884033203], [123.46192932128906, -11.292224884033203], [123.46192932128906, -11.20888900756836], [123.62861633300781, -11.20888900756836], [123.62861633300781, -11.125553131103516], [123.79530334472656, -11.125553131103516], [123.79530334472656, -11.042217254638672], [123.87864685058594, -11.042217254638672], [123.87864685058594, -10.958881378173828], [124.04533386230469, -10.958881378173828], [124.04533386230469, -10.875545501708984], [124.21202087402344, -10.875545501708984], [124.21202087402344, -10.79220962524414], [124.37870788574219, -10.79220962524414], [124.37870788574219, -10.708873748779297], [124.54539489746094, -10.708873748779297], [124.54539489746094, -10.625537872314453], [124.62873840332031, -10.625537872314453], [124.62873840332031, -10.54220199584961], [124.71208190917969, -10.54220199584961], [124.71208190917969, -10.458866119384766], [124.87876892089844, -10.458866119384766], [124.87876892089844, -10.375530242919922], [124.96211242675781, -10.375530242919922], [124.96211242675781, -10.292194366455078], [125.04545593261719, -10.292194366455078], [125.04545593261719, -10.208858489990234], [125.12879943847656, -10.208858489990234], [125.12879943847656, -10.12552261352539], [125.21214294433594, -10.12552261352539], [125.21214294433594, -10.042186737060547], [125.29548645019531, -10.042186737060547], [125.29548645019531, -9.958850860595703], [125.46217346191406, -9.958850860595703], [125.46217346191406, -9.87551498413086], [124.96211242675781, -9.87551498413086], [124.96211242675781, -9.958850860595703], [124.87876892089844, -9.958850860595703], [124.87876892089844, -10.12552261352539], [124.62873840332031, -10.12552261352539], [124.62873840332031, -10.208858489990234], [124.37870788574219, -10.208858489990234]], [[130.79615783691406, -10.208858489990234], [130.79615783691406, -10.12552261352539], [130.46278381347656, -10.12552261352539], [130.46278381347656, -10.208858489990234], [130.3794403076172, -10.208858489990234], [130.3794403076172, -10.292194366455078], [130.6294708251953, -10.292194366455078], [130.6294708251953, -10.208858489990234], [130.79615783691406, -10.208858489990234]], [[122.37846374511719, -10.625537872314453], [122.37846374511719, -10.54220199584961], [122.54515075683594, -10.54220199584961], [122.54515075683594, -10.458866119384766], [122.37846374511719, -10.458866119384766], [122.37846374511719, -10.375530242919922], [122.12843322753906, -10.375530242919922], [122.12843322753906, -10.625537872314453], [122.21177673339844, -10.625537872314453], [122.21177673339844, -10.708873748779297], [122.29512023925781, -10.708873748779297], [122.29512023925781, -10.625537872314453], [122.37846374511719, -10.625537872314453]], [[142.21421813964844, -10.54220199584961], [142.21421813964844, -10.375530242919922], [142.13087463378906, -10.375530242919922], [142.13087463378906, -10.54220199584961], [142.21421813964844, -10.54220199584961]], [[138.46376037597656, -10.875545501708984], [138.46376037597656, -10.79220962524414], [138.3804168701172, -10.79220962524414], [138.3804168701172, -10.875545501708984], [138.46376037597656, -10.875545501708984]], [[137.13026428222656, -11.20888900756836], [137.13026428222656, -11.125553131103516], [137.0469207763672, -11.125553131103516], [137.0469207763672, -10.958881378173828], [136.9635772705078, -10.958881378173828], [136.9635772705078, -10.875545501708984], [136.79689025878906, -10.875545501708984], [136.79689025878906, -10.958881378173828], [136.88023376464844, -10.958881378173828], [136.88023376464844, -11.042217254638672], [136.9635772705078, -11.042217254638672], [136.9635772705078, -11.20888900756836], [137.13026428222656, -11.20888900756836]]], [[[119.96150207519531, 4.041576385498047], [120.04484558105469, 4.041576385498047], [120.04484558105469, 4.124912261962891], [120.12818908691406, 4.124912261962891], [120.12818908691406, 3.8749046325683594], [119.87815856933594, 3.8749046325683594], [119.87815856933594, 3.958240509033203], [119.96150207519531, 3.958240509033203], [119.96150207519531, 4.041576385498047]]], [[[132.3796844482422, -5.792057037353516], [132.2963409423828, -5.792057037353516], [132.2963409423828, -5.708721160888672], [132.3796844482422, -5.708721160888672], [132.3796844482422, -5.792057037353516]]], [[[125.04545593261719, -3.7919960021972656], [124.96211242675781, -3.7919960021972656], [124.96211242675781, -3.708660125732422], [125.04545593261719, -3.708660125732422], [125.04545593261719, -3.7919960021972656]]], [[[125.37882995605469, -3.7919960021972656], [125.46217346191406, -3.7919960021972656], [125.46217346191406, -3.708660125732422], [125.54551696777344, -3.708660125732422], [125.54551696777344, -3.625324249267578], [125.62886047363281, -3.625324249267578], [125.62886047363281, -3.7919960021972656], [125.54551696777344, -3.7919960021972656], [125.54551696777344, -3.8753318786621094], [125.37882995605469, -3.8753318786621094], [125.37882995605469, -3.7919960021972656]]], [[[142.3809051513672, 1.3748283386230469], [142.13087463378906, 1.3748283386230469], [142.13087463378906, 1.4581642150878906], [142.3809051513672, 1.4581642150878906], [142.3809051513672, 1.3748283386230469]]], [[[130.12940979003906, 1.3748283386230469], [129.87937927246094, 1.3748283386230469], [129.87937927246094, 1.6248359680175781], [130.12940979003906, 1.6248359680175781], [130.12940979003906, 1.3748283386230469]]], [[[129.6293487548828, 1.6248359680175781], [129.3793182373047, 1.6248359680175781], [129.3793182373047, 1.8748435974121094], [129.12928771972656, 1.8748435974121094], [129.12928771972656, 2.1248512268066406], [129.7126922607422, 2.1248512268066406], [129.7126922607422, 2.041515350341797], [129.87937927246094, 2.041515350341797], [129.87937927246094, 1.8748435974121094], [129.6293487548828, 1.8748435974121094], [129.6293487548828, 1.6248359680175781]]], [[[128.87925720214844, 1.8748435974121094], [128.79591369628906, 1.8748435974121094], [128.79591369628906, 2.1248512268066406], [128.87925720214844, 2.1248512268066406], [128.87925720214844, 1.8748435974121094]]], [[[125.87889099121094, 2.1248512268066406], [125.79554748535156, 2.1248512268066406], [125.79554748535156, 2.041515350341797], [125.71220397949219, 2.041515350341797], [125.71220397949219, 1.9581794738769531], [125.62886047363281, 1.9581794738769531], [125.62886047363281, 1.8748435974121094], [125.54551696777344, 1.8748435974121094], [125.54551696777344, 1.9581794738769531], [125.46217346191406, 1.9581794738769531], [125.46217346191406, 2.041515350341797], [125.29548645019531, 2.041515350341797], [125.29548645019531, 2.1248512268066406], [125.37882995605469, 2.1248512268066406], [125.37882995605469, 2.2081871032714844], [125.46217346191406, 2.2081871032714844], [125.46217346191406, 2.1248512268066406], [125.54551696777344, 2.1248512268066406], [125.54551696777344, 2.2081871032714844], [125.87889099121094, 2.2081871032714844], [125.87889099121094, 2.1248512268066406]]], [[[129.12928771972656, 2.1248512268066406], [129.0459442138672, 2.1248512268066406], [129.0459442138672, 2.2081871032714844], [129.12928771972656, 2.2081871032714844], [129.12928771972656, 2.1248512268066406]]], [[[125.46217346191406, 2.291522979736328], [125.29548645019531, 2.291522979736328], [125.29548645019531, 2.374858856201172], [125.46217346191406, 2.374858856201172], [125.46217346191406, 2.291522979736328]]], [[[130.3794403076172, 2.624866485595703], [130.6294708251953, 2.624866485595703], [130.6294708251953, 2.8748741149902344], [130.87950134277344, 2.8748741149902344], [130.87950134277344, 2.4581947326660156], [130.6294708251953, 2.4581947326660156], [130.6294708251953, 2.5415306091308594], [130.3794403076172, 2.5415306091308594], [130.3794403076172, 2.624866485595703]]], [[[129.87937927246094, 3.374889373779297], [130.12940979003906, 3.374889373779297], [130.12940979003906, 3.1248817443847656], [129.9627227783203, 3.1248817443847656], [129.9627227783203, 3.2082176208496094], [129.87937927246094, 3.2082176208496094], [129.87937927246094, 3.374889373779297]]], [[[126.96235656738281, 4.374919891357422], [127.04570007324219, 4.374919891357422], [127.04570007324219, 4.291584014892578], [127.12904357910156, 4.291584014892578], [127.12904357910156, 4.124912261962891], [127.29573059082031, 4.124912261962891], [127.29573059082031, 4.041576385498047], [127.71244812011719, 4.041576385498047], [127.71244812011719, 4.124912261962891], [127.87913513183594, 4.124912261962891], [127.87913513183594, 3.958240509033203], [127.79579162597656, 3.958240509033203], [127.79579162597656, 3.7915687561035156], [127.71244812011719, 3.7915687561035156], [127.71244812011719, 3.708232879638672], [127.62910461425781, 3.708232879638672], [127.62910461425781, 3.624897003173828], [127.46241760253906, 3.624897003173828], [127.46241760253906, 3.5415611267089844], [126.87901306152344, 3.5415611267089844], [126.87901306152344, 3.624897003173828], [126.79566955566406, 3.624897003173828], [126.79566955566406, 3.7915687561035156], [126.62898254394531, 3.7915687561035156], [126.62898254394531, 4.624927520751953], [126.79566955566406, 4.624927520751953], [126.79566955566406, 4.541591644287109], [126.87901306152344, 4.541591644287109], [126.87901306152344, 4.458255767822266], [126.96235656738281, 4.458255767822266], [126.96235656738281, 4.374919891357422]]], [[[136.6302032470703, 4.291584014892578], [136.54685974121094, 4.291584014892578], [136.54685974121094, 4.374919891357422], [136.6302032470703, 4.374919891357422], [136.6302032470703, 4.291584014892578]]], [[[135.6300811767578, 4.624927520751953], [135.88011169433594, 4.624927520751953], [135.88011169433594, 4.374919891357422], [135.79676818847656, 4.374919891357422], [135.79676818847656, 4.458255767822266], [135.6300811767578, 4.458255767822266], [135.6300811767578, 4.624927520751953]]], [[[127.54576110839844, 4.458255767822266], [127.71244812011719, 4.458255767822266], [127.71244812011719, 4.374919891357422], [127.37907409667969, 4.374919891357422], [127.37907409667969, 4.458255767822266], [127.29573059082031, 4.458255767822266], [127.29573059082031, 4.541591644287109], [127.21238708496094, 4.541591644287109], [127.21238708496094, 4.624927520751953], [127.12904357910156, 4.624927520751953], [127.12904357910156, 4.708263397216797], [127.29573059082031, 4.708263397216797], [127.29573059082031, 4.624927520751953], [127.37907409667969, 4.624927520751953], [127.37907409667969, 4.541591644287109], [127.54576110839844, 4.541591644287109], [127.54576110839844, 4.458255767822266]]], [[[127.12904357910156, 4.708263397216797], [127.04570007324219, 4.708263397216797], [127.04570007324219, 4.791599273681641], [127.12904357910156, 4.791599273681641], [127.12904357910156, 4.708263397216797]]], [[[127.96247863769531, 5.124942779541016], [127.87913513183594, 5.124942779541016], [127.87913513183594, 5.041606903076172], [127.79579162597656, 5.041606903076172], [127.79579162597656, 4.958271026611328], [127.62910461425781, 4.958271026611328], [127.62910461425781, 5.041606903076172], [127.54576110839844, 5.041606903076172], [127.54576110839844, 5.124942779541016], [127.62910461425781, 5.124942779541016], [127.62910461425781, 5.624958038330078], [127.87913513183594, 5.624958038330078], [127.87913513183594, 5.374950408935547], [128.0458221435547, 5.374950408935547], [128.0458221435547, 5.291614532470703], [127.96247863769531, 5.291614532470703], [127.96247863769531, 5.124942779541016]]], [[[132.9630889892578, 5.624958038330078], [133.12977600097656, 5.624958038330078], [133.12977600097656, 5.458286285400391], [133.0464324951172, 5.458286285400391], [133.0464324951172, 5.541622161865234], [132.9630889892578, 5.541622161865234], [132.9630889892578, 5.624958038330078]]], [[[134.12989807128906, 5.874965667724609], [134.12989807128906, 6.124973297119141], [134.6299591064453, 6.124973297119141], [134.6299591064453, 5.874965667724609], [134.12989807128906, 5.874965667724609]]], [[[133.12977600097656, 5.874965667724609], [133.12977600097656, 6.374980926513672], [132.87974548339844, 6.374980926513672], [132.87974548339844, 5.624958038330078], [132.79640197753906, 5.624958038330078], [132.79640197753906, 5.708293914794922], [132.7130584716797, 5.708293914794922], [132.7130584716797, 5.791629791259766], [132.6297149658203, 5.791629791259766], [132.6297149658203, 5.874965667724609], [132.54637145996094, 5.874965667724609], [132.54637145996094, 5.958301544189453], [132.46302795410156, 5.958301544189453], [132.46302795410156, 6.291645050048828], [132.3796844482422, 6.291645050048828], [132.3796844482422, 6.458316802978516], [132.2963409423828, 6.458316802978516], [132.2963409423828, 6.624988555908203], [132.3796844482422, 6.624988555908203], [132.3796844482422, 6.874996185302734], [133.6298370361328, 6.874996185302734], [133.6298370361328, 6.374980926513672], [134.12989807128906, 6.374980926513672], [134.12989807128906, 6.124973297119141], [133.6298370361328, 6.124973297119141], [133.6298370361328, 5.874965667724609], [133.12977600097656, 5.874965667724609]]]]}}, {"type": "Feature", "properties": {"date": "2026-10-05", "category_id": 1, "level": "waspada", "kategori": "Waspada Aktivitas Diving", "color": "#FFFF00"}, "geometry": {"type": "MultiPolygon", "coordinates": [[[[99.37565612792969, -10.375530242919922], [99.37565612792969, -10.12552261352539], [99.62568664550781, -10.12552261352539], [99.62568664550781, -10.375530242919922], [99.37565612792969, -10.375530242919922]]], [[[107.62666320800781, -9.87551498413086], [107.87669372558594, -9.87551498413086], [107.87669372558594, -10.12552261352539], [107.62666320800781, -10.12552261352539], [107.62666320800781, -9.87551498413086]]], [[[95.12513732910156, -8.625476837158203], [95.37516784667969, -8.625476837158203], [95.37516784667969, -8.875484466552734], [95.12513732910156, -8.875484466552734], [95.12513732910156, -8.625476837158203]]], [[[97.62544250488281, -8.375469207763672], [98.12550354003906, -8.375469207763672], [98.12550354003906, -8.12546157836914], [98.87559509277344, -8.12546157836914], [98.87559509277344, -8.625476837158203], [99.12562561035156, -8.625476837158203], [99.12562561035156, -8.375469207763672], [99.04228210449219, -8.375469207763672], [99.04228210449219, -8.208797454833984], [99.12562561035156, -8.208797454833984], [99.12562561035156, -7.708782196044922], [98.95893859863281, -7.708782196044922], [98.95893859863281, -7.875453948974609], [98.87559509277344, -7.875453948974609], [98.87559509277344, -7.958789825439453], [98.62556457519531, -7.958789825439453], [98.62556457519531, -7.875453948974609], [98.29219055175781, -7.875453948974609], [98.29219055175781, -7.792118072509766], [98.12550354003906, -7.792118072509766], [98.12550354003906, -7.708782196044922], [97.54209899902344, -7.708782196044922], [97.54209899902344, -7.625446319580078], [97.45875549316406, -7.625446319580078], [97.45875549316406, -7.708782196044922], [97.37541198730469, -7.708782196044922], [97.37541198730469, -7.625446319580078], [96.79200744628906, -7.625446319580078], [96.79200744628906, -7.708782196044922], [96.20860290527344, -7.708782196044922], [96.20860290527344, -7.625446319580078], [96.04191589355469, -7.625446319580078], [96.04191589355469, -7.708782196044922], [95.54185485839844, -7.708782196044922], [95.54185485839844, -7.792118072509766], [95.12513732910156, -7.792118072509766], [95.12513732910156, -7.875453948974609], [94.70841979980469, -7.875453948974609], [94.70841979980469, -7.792118072509766], [94.45838928222656, -7.792118072509766], [94.45838928222656, -7.708782196044922], [94.29170227050781, -7.708782196044922], [94.29170227050781, -7.625446319580078], [94.12501525878906, -7.625446319580078], [94.12501525878906, -7.542110443115234], [94.04167175292969, -7.542110443115234], [94.04167175292969, -4.708690643310547], [94.12501525878906, -4.708690643310547], [94.12501525878906, -4.792026519775391], [94.20835876464844, -4.792026519775391], [94.20835876464844, -4.875362396240234], [94.29170227050781, -4.875362396240234], [94.29170227050781, -5.292041778564453], [94.20835876464844, -5.292041778564453], [94.20835876464844, -5.458713531494141], [94.37504577636719, -5.458713531494141], [94.37504577636719, -5.542049407958984], [94.45838928222656, -5.542049407958984], [94.45838928222656, -5.625385284423828], [94.54173278808594, -5.625385284423828], [94.54173278808594, -5.708721160888672], [94.62507629394531, -5.708721160888672], [94.62507629394531, -5.625385284423828], [94.87510681152344, -5.625385284423828], [94.87510681152344, -5.542049407958984], [94.95845031738281, -5.542049407958984], [94.95845031738281, -5.458713531494141], [95.12513732910156, -5.458713531494141], [95.12513732910156, -5.375377655029297], [95.20848083496094, -5.375377655029297], [95.20848083496094, -5.292041778564453], [95.37516784667969, -5.292041778564453], [95.37516784667969, -5.208705902099609], [95.45851135253906, -5.208705902099609], [95.45851135253906, -5.125370025634766], [95.54185485839844, -5.125370025634766], [95.54185485839844, -5.042034149169922], [95.20848083496094, -5.042034149169922], [95.20848083496094, -5.125370025634766], [94.95845031738281, -5.125370025634766], [94.95845031738281, -5.208705902099609], [94.87510681152344, -5.208705902099609], [94.87510681152344, -5.042034149169922], [95.04179382324219, -5.042034149169922], [95.04179382324219, -4.958698272705078], [95.20848083496094, -4.958698272705078], [95.20848083496094, -4.875362396240234], [95.54185485839844, -4.875362396240234], [95.54185485839844, -4.958698272705078], [95.79188537597656, -4.958698272705078], [95.79188537597656, -4.875362396240234], [96.20860290527344, -4.875362396240234], [96.20860290527344, -4.792026519775391], [96.45863342285156, -4.792026519775391], [96.45863342285156, -4.708690643310547], [96.54197692871094, -4.708690643310547], [96.54197692871094, -4.792026519775391], [97.12538146972656, -4.792026519775391], [97.12538146972656, -4.875362396240234], [97.29206848144531, -4.875362396240234], [97.29206848144531, -4.958698272705078], [97.37541198730469, -4.958698272705078], [97.37541198730469, -5.042034149169922], [97.54209899902344, -5.042034149169922], [97.54209899902344, -5.125370025634766], [97.62544250488281, -5.125370025634766], [97.62544250488281, -5.208705902099609], [97.79212951660156, -5.208705902099609], [97.79212951660156, -5.292041778564453], [98.37553405761719, -5.292041778564453], [98.37553405761719, -5.375377655029297], [98.45887756347656, -5.375377655029297], [98.45887756347656, -5.625385284423828], [98.37553405761719, -5.625385284423828], [98.37553405761719, -5.875392913818359], [98.70890808105469, -5.875392913818359], [98.70890808105469, -5.958728790283203], [99.04228210449219, -5.958728790283203], [99.04228210449219, -6.042064666748047], [99.29231262207031, -6.042064666748047], [99.29231262207031, -6.125400543212891], [99.37565612792969, -6.125400543212891], [99.37565612792969, -5.625385284423828], [99.12562561035156, -5.625385284423828], [99.12562561035156, -5.125370025634766], [98.87559509277344, -5.125370025634766], [98.87559509277344, -4.625354766845703], [99.12562561035156, -4.625354766845703], [99.12562561035156, -4.375347137451172], [99.04228210449219, -4.375347137451172], [99.04228210449219, -4.292011260986328], [98.87559509277344, -4.292011260986328], [98.87559509277344, -4.208675384521484], [98.62556457519531, -4.208675384521484], [98.62556457519531, -4.125339508056641], [98.29219055175781, -4.125339508056641], [98.29219055175781, -4.042003631591797], [97.70878601074219, -4.042003631591797], [97.70878601074219, -3.958667755126953], [97.45875549316406, -3.958667755126953], [97.45875549316406, -3.8753318786621094], [97.29206848144531, -3.8753318786621094], [97.29206848144531, -3.7919960021972656], [97.12538146972656, -3.7919960021972656], [97.12538146972656, -3.708660125732422], [97.04203796386719, -3.708660125732422], [97.04203796386719, -3.625324249267578], [96.87535095214844, -3.625324249267578], [96.87535095214844, -3.5419883728027344], [96.79200744628906, -3.5419883728027344], [96.79200744628906, -3.291980743408203], [96.62532043457031, -3.291980743408203], [96.62532043457031, -3.2086448669433594], [95.37516784667969, -3.2086448669433594], [95.37516784667969, -3.291980743408203], [94.70841979980469, -3.291980743408203], [94.70841979980469, -3.2086448669433594], [94.12501525878906, -3.2086448669433594], [94.12501525878906, -3.1253089904785156], [94.04167175292969, -3.1253089904785156], [94.04167175292969, -1.8752708435058594], [94.87510681152344, -1.8752708435058594], [94.87510681152344, -1.9586067199707031], [95.20848083496094, -1.9586067199707031], [95.20848083496094, -1.8752708435058594], [95.37516784667969, -1.8752708435058594], [95.37516784667969, -1.9586067199707031], [96.04191589355469, -1.9586067199707031], [96.04191589355469, -2.041942596435547], [96.20860290527344, -2.041942596435547], [96.20860290527344, -2.1252784729003906], [96.29194641113281, -2.1252784729003906], [96.29194641113281, -2.2086143493652344], [96.45863342285156, -2.2086143493652344], [96.45863342285156, -2.291950225830078], [96.54197692871094, -2.291950225830078], [96.54197692871094, -2.375286102294922], [96.62532043457031, -2.375286102294922], [96.62532043457031, -2.4586219787597656], [96.79200744628906, -2.4586219787597656], [96.79200744628906, -2.5419578552246094], [96.87535095214844, -2.5419578552246094], [96.87535095214844, -2.375286102294922], [97.04203796386719, -2.375286102294922], [97.04203796386719, -2.4586219787597656], [97.20872497558594, -2.4586219787597656], [97.20872497558594, -2.5419578552246094], [97.62544250488281, -2.5419578552246094], [97.62544250488281, -2.625293731689453], [97.79212951660156, -2.625293731689453], [97.79212951660156, -2.708629608154297], [97.87547302246094, -2.708629608154297], [97.87547302246094, -2.7919654846191406], [97.95881652832031, -2.7919654846191406], [97.95881652832031, -2.8753013610839844], [98.04216003417969, -2.8753013610839844], [98.04216003417969, -2.958637237548828], [98.20884704589844, -2.958637237548828], [98.20884704589844, -3.041973114013672], [98.62556457519531, -3.041973114013672], [98.62556457519531, -3.1253089904785156], [98.79225158691406, -3.1253089904785156], [98.79225158691406, -3.2086448669433594], [98.87559509277344, -3.2086448669433594], [98.87559509277344, -3.291980743408203], [98.95893859863281, -3.291980743408203], [98.95893859863281, -3.4586524963378906], [99.45899963378906, -3.4586524963378906], [99.45899963378906, -3.375316619873047], [99.54234313964844, -3.375316619873047], [99.54234313964844, -3.291980743408203], [100.04240417480469, -3.291980743408203], [100.04240417480469, -3.375316619873047], [100.12574768066406, -3.375316619873047], [100.12574768066406, -3.4586524963378906], [100.29243469238281, -3.4586524963378906], [100.29243469238281, -3.5419883728027344], [100.45912170410156, -3.5419883728027344], [100.45912170410156, -3.625324249267578], [100.79249572753906, -3.625324249267578], [100.79249572753906, -3.7919960021972656], [100.95918273925781, -3.7919960021972656], [100.95918273925781, -3.708660125732422], [101.04252624511719, -3.708660125732422], [101.04252624511719, -3.625324249267578], [100.95918273925781, -3.625324249267578], [100.95918273925781, -3.4586524963378906], [100.87583923339844, -3.4586524963378906], [100.87583923339844, -3.291980743408203], [100.79249572753906, -3.291980743408203], [100.79249572753906, -3.2086448669433594], [100.70915222167969, -3.2086448669433594], [100.70915222167969, -3.1253089904785156], [100.62580871582031, -3.1253089904785156], [100.62580871582031, -3.041973114013672], [100.70915222167969, -3.041973114013672], [100.70915222167969, -2.8753013610839844], [100.79249572753906, -2.8753013610839844], [100.79249572753906, -2.708629608154297], [100.70915222167969, -2.708629608154297], [100.70915222167969, -2.625293731689453], [100.87583923339844, -2.625293731689453], [100.87583923339844, -2.5419578552246094], [100.95918273925781, -2.5419578552246094], [100.95918273925781, -2.4586219787597656], [101.04252624511719, -2.4586219787597656], [101.04252624511719, -2.5419578552246094], [101.12586975097656, -2.5419578552246094], [101.12586975097656, -2.8753013610839844], [101.37590026855469, -2.8753013610839844], [101.37590026855469, -3.1253089904785156], [101.54258728027344, -3.1253089904785156], [101.54258728027344, -3.2086448669433594], [101.62593078613281, -3.2086448669433594], [101.62593078613281, -3.375316619873047], [101.87596130371094, -3.375316619873047], [101.87596130371094, -3.625324249267578], [102.20933532714844, -3.625324249267578], [102.20933532714844, -3.708660125732422], [102.29267883300781, -3.708660125732422], [102.29267883300781, -4.042003631591797], [102.37602233886719, -4.042003631591797], [102.37602233886719, -4.125339508056641], [102.54270935058594, -4.125339508056641], [102.54270935058594, -4.208675384521484], [102.62605285644531, -4.208675384521484], [102.62605285644531, -4.375347137451172], [102.87608337402344, -4.375347137451172], [102.87608337402344, -4.542018890380859], [103.12611389160156, -4.542018890380859], [103.12611389160156, -4.875362396240234], [103.54283142089844, -4.875362396240234], [103.54283142089844, -4.958698272705078], [103.62617492675781, -4.958698272705078], [103.62617492675781, -5.125370025634766], [103.87620544433594, -5.125370025634766], [103.87620544433594, -5.375377655029297], [104.12623596191406, -5.375377655029297], [104.12623596191406, -5.625385284423828], [104.37626647949219, -5.625385284423828], [104.37626647949219, -5.875392913818359], [104.62629699707031, -5.875392913818359], [104.62629699707031, -5.958728790283203], [104.70964050292969, -5.958728790283203], [104.70964050292969, -5.875392913818359], [105.37638854980469, -5.875392913818359], [105.37638854980469, -5.958728790283203], [105.20970153808594, -5.958728790283203], [105.20970153808594, -6.042064666748047], [105.37638854980469, -6.042064666748047], [105.37638854980469, -6.208736419677734], [105.45973205566406, -6.208736419677734], [105.45973205566406, -6.125400543212891], [105.62641906738281, -6.125400543212891], [105.62641906738281, -6.208736419677734], [105.54307556152344, -6.208736419677734], [105.54307556152344, -6.375408172607422], [105.37638854980469, -6.375408172607422], [105.37638854980469, -6.458744049072266], [105.20970153808594, -6.458744049072266], [105.20970153808594, -6.542079925537109], [105.12635803222656, -6.542079925537109], [105.12635803222656, -6.875423431396484], [106.12648010253906, -6.875423431396484], [106.12648010253906, -6.958759307861328], [106.29316711425781, -6.958759307861328], [106.29316711425781, -7.042095184326172], [106.37651062011719, -7.042095184326172], [106.37651062011719, -7.375438690185547], [106.54319763183594, -7.375438690185547], [106.54319763183594, -7.458774566650391], [107.20994567871094, -7.458774566650391], [107.20994567871094, -7.542110443115234], [107.37663269042969, -7.542110443115234], [107.37663269042969, -7.625446319580078], [107.62666320800781, -7.625446319580078], [107.62666320800781, -7.708782196044922], [107.87669372558594, -7.708782196044922], [107.87669372558594, -7.792118072509766], [108.12672424316406, -7.792118072509766], [108.12672424316406, -7.875453948974609], [108.62678527832031, -7.875453948974609], [108.62678527832031, -7.708782196044922], [108.79347229003906, -7.708782196044922], [108.79347229003906, -7.792118072509766], [109.04350280761719, -7.792118072509766], [109.04350280761719, -7.708782196044922], [109.37687683105469, -7.708782196044922], [109.37687683105469, -7.875453948974609], [110.04362487792969, -7.875453948974609], [110.04362487792969, -7.958789825439453], [110.12696838378906, -7.958789825439453], [110.12696838378906, -8.12546157836914], [110.62702941894531, -8.12546157836914], [110.62702941894531, -8.208797454833984], [110.96040344238281, -8.208797454833984], [110.96040344238281, -8.292133331298828], [111.12709045410156, -8.292133331298828], [111.12709045410156, -8.375469207763672], [111.79383850097656, -8.375469207763672], [111.79383850097656, -8.458805084228516], [112.04386901855469, -8.458805084228516], [112.04386901855469, -8.375469207763672], [112.46058654785156, -8.375469207763672], [112.46058654785156, -8.458805084228516], [112.79396057128906, -8.458805084228516], [112.79396057128906, -8.375469207763672], [113.46070861816406, -8.375469207763672], [113.46070861816406, -8.458805084228516], [113.62739562988281, -8.458805084228516], [113.62739562988281, -8.625476837158203], [114.37748718261719, -8.625476837158203], [114.37748718261719, -8.875484466552734], [114.62751770019531, -8.875484466552734], [114.62751770019531, -8.54214096069336], [114.54417419433594, -8.54214096069336], [114.54417419433594, -8.625476837158203], [114.46083068847656, -8.625476837158203], [114.46083068847656, -8.54214096069336], [114.37748718261719, -8.54214096069336], [114.37748718261719, -8.375469207763672], [114.46083068847656, -8.375469207763672], [114.46083068847656, -8.458805084228516], [114.87754821777344, -8.458805084228516], [114.87754821777344, -8.54214096069336], [115.04423522949219, -8.54214096069336], [115.04423522949219, -8.708812713623047], [115.12757873535156, -8.708812713623047], [115.12757873535156, -8.875484466552734], [115.37760925292969, -8.875484466552734], [115.37760925292969, -8.958820343017578], [115.46095275878906, -8.958820343017578], [115.46095275878906, -9.125492095947266], [115.54429626464844, -9.125492095947266], [115.54429626464844, -9.625507354736328], [115.46095275878906, -9.625507354736328], [115.46095275878906, -10.292194366455078], [115.37760925292969, -10.292194366455078], [115.37760925292969, -10.375530242919922], [115.29426574707031, -10.375530242919922], [115.29426574707031, -10.458866119384766], [115.12757873535156, -10.458866119384766], [115.12757873535156, -10.54220199584961], [115.04423522949219, -10.54220199584961], [115.04423522949219, -10.625537872314453], [114.96089172363281, -10.625537872314453], [114.96089172363281, -10.79220962524414], [114.87754821777344, -10.79220962524414], [114.87754821777344, -11.125553131103516], [115.04423522949219, -11.125553131103516], [115.04423522949219, -11.20888900756836], [115.21092224121094, -11.20888900756836], [115.21092224121094, -11.125553131103516], [115.29426574707031, -11.125553131103516], [115.29426574707031, -11.042217254638672], [115.37760925292969, -11.042217254638672], [115.37760925292969, -10.958881378173828], [115.46095275878906, -10.958881378173828], [115.46095275878906, -10.875545501708984], [115.54429626464844, -10.875545501708984], [115.54429626464844, -10.79220962524414], [115.46095275878906, -10.79220962524414], [115.46095275878906, -10.625537872314453], [115.54429626464844, -10.625537872314453], [115.54429626464844, -10.54220199584961], [115.62763977050781, -10.54220199584961], [115.62763977050781, -10.375530242919922], [115.71098327636719, -10.375530242919922], [115.71098327636719, -10.208858489990234], [115.79432678222656, -10.208858489990234], [115.79432678222656, -10.042186737060547], [115.87767028808594, -10.042186737060547], [115.87767028808594, -9.87551498413086], [115.96101379394531, -9.87551498413086], [115.96101379394531, -9.625507354736328], [116.04435729980469, -9.625507354736328], [116.04435729980469, -9.542171478271484], [116.12770080566406, -9.542171478271484], [116.12770080566406, -9.45883560180664], [116.21104431152344, -9.45883560180664], [116.21104431152344, -9.375499725341797], [116.29438781738281, -9.375499725341797], [116.29438781738281, -9.292163848876953], [116.37773132324219, -9.292163848876953], [116.37773132324219, -9.125492095947266], [116.29438781738281, -9.125492095947266], [116.29438781738281, -9.042156219482422], [116.21104431152344, -9.042156219482422], [116.21104431152344, -8.958820343017578], [116.37773132324219, -8.958820343017578], [116.37773132324219, -8.875484466552734], [116.46107482910156, -8.875484466552734], [116.46107482910156, -8.958820343017578], [116.54441833496094, -8.958820343017578], [116.54441833496094, -8.875484466552734], [116.62776184082031, -8.875484466552734], [116.62776184082031, -9.125492095947266], [117.54454040527344, -9.125492095947266], [117.54454040527344, -9.20882797241211], [117.12782287597656, -9.20882797241211], [117.12782287597656, -9.292163848876953], [117.71122741699219, -9.292163848876953], [117.71122741699219, -9.20882797241211], [118.04460144042969, -9.20882797241211], [118.04460144042969, -9.125492095947266], [118.29463195800781, -9.125492095947266], [118.29463195800781, -9.042156219482422], [117.87791442871094, -9.042156219482422], [117.87791442871094, -8.958820343017578], [117.96125793457031, -8.958820343017578], [117.96125793457031, -8.875484466552734], [119.12806701660156, -8.875484466552734], [119.12806701660156, -8.958820343017578], [119.21141052246094, -8.958820343017578], [119.21141052246094, -9.042156219482422], [119.37809753417969, -9.042156219482422], [119.37809753417969, -8.958820343017578], [119.46144104003906, -8.958820343017578], [119.46144104003906, -8.875484466552734], [119.62812805175781, -8.875484466552734], [119.62812805175781, -8.958820343017578], [119.79481506347656, -8.958820343017578], [119.79481506347656, -9.042156219482422], [120.04484558105469, -9.042156219482422], [120.04484558105469, -9.125492095947266], [120.21153259277344, -9.125492095947266], [120.21153259277344, -9.20882797241211], [120.37821960449219, -9.20882797241211], [120.37821960449219, -9.292163848876953], [120.54490661621094, -9.292163848876953], [120.54490661621094, -9.375499725341797], [120.62825012207031, -9.375499725341797], [120.62825012207031, -9.625507354736328], [120.37821960449219, -9.625507354736328], [120.37821960449219, -9.542171478271484], [120.29487609863281, -9.542171478271484], [120.29487609863281, -9.45883560180664], [120.21153259277344, -9.45883560180664], [120.21153259277344, -9.375499725341797], [119.96150207519531, -9.375499725341797], [119.96150207519531, -9.292163848876953], [119.62812805175781, -9.292163848876953], [119.62812805175781, -9.20882797241211], [119.37809753417969, -9.20882797241211], [119.37809753417969, -9.292163848876953], [119.21141052246094, -9.292163848876953], [119.21141052246094, -9.375499725341797], [118.87803649902344, -9.375499725341797], [118.87803649902344, -9.625507354736328], [119.04472351074219, -9.625507354736328], [119.04472351074219, -9.708843231201172], [119.12806701660156, -9.708843231201172], [119.12806701660156, -9.87551498413086], [119.37809753417969, -9.87551498413086], [119.37809753417969, -10.042186737060547], [119.29475402832031, -10.042186737060547], [119.29475402832031, -9.958850860595703], [118.71134948730469, -9.958850860595703], [118.71134948730469, -9.87551498413086], [118.54466247558594, -9.87551498413086], [118.54466247558594, -9.792179107666016], [118.37797546386719, -9.792179107666016], [118.37797546386719, -9.708843231201172], [118.29463195800781, -9.708843231201172], [118.29463195800781, -9.625507354736328], [118.12794494628906, -9.625507354736328], [118.12794494628906, -9.708843231201172], [117.87791442871094, -9.708843231201172], [117.87791442871094, -9.87551498413086], [118.12794494628906, -9.87551498413086], [118.12794494628906, -10.042186737060547], [118.21128845214844, -10.042186737060547], [118.21128845214844, -10.12552261352539], [118.79469299316406, -10.12552261352539], [118.79469299316406, -10.208858489990234], [119.04472351074219, -10.208858489990234], [119.04472351074219, -10.292194366455078], [119.21141052246094, -10.292194366455078], [119.21141052246094, -10.375530242919922], [119.37809753417969, -10.375530242919922], [119.37809753417969, -10.54220199584961], [119.79481506347656, -10.54220199584961], [119.79481506347656, -10.625537872314453], [119.87815856933594, -10.625537872314453], [119.87815856933594, -10.708873748779297], [119.96150207519531, -10.708873748779297], [119.96150207519531, -10.625537872314453], [120.04484558105469, -10.625537872314453], [120.04484558105469, -10.54220199584961], [120.29487609863281, -10.54220199584961], [120.29487609863281, -10.458866119384766], [119.87815856933594, -10.458866119384766], [119.87815856933594, -10.292194366455078], [119.96150207519531, -10.292194366455078], [119.96150207519531, -10.208858489990234], [119.79481506347656, -10.208858489990234], [119.79481506347656, -10.042186737060547], [119.71147155761719, -10.042186737060547], [119.71147155761719, -9.958850860595703], [119.62812805175781, -9.958850860595703], [119.62812805175781, -9.87551498413086], [119.79481506347656, -9.87551498413086], [119.79481506347656, -9.958850860595703], [119.87815856933594, -9.958850860595703], [119.87815856933594, -10.12552261352539], [120.12818908691406, -10.12552261352539], [120.12818908691406, -10.375530242919922], [120.62825012207031, -10.375530242919922], [120.62825012207031, -10.208858489990234], [120.79493713378906, -10.208858489990234], [120.79493713378906, -10.12552261352539], [120.96162414550781, -10.12552261352539], [120.96162414550781, -10.292194366455078], [120.87828063964844, -10.292194366455078], [120.87828063964844, -10.375530242919922], [120.79493713378906, -10.375530242919922], [120.79493713378906, -10.458866119384766], [120.71159362792969, -10.458866119384766], [120.71159362792969, -10.54220199584961], [120.62825012207031, -10.54220199584961], [120.62825012207031, -10.625537872314453], [120.54490661621094, -10.625537872314453], [120.54490661621094, -10.708873748779297], [120.37821960449219, -10.708873748779297], [120.37821960449219, -10.79220962524414], [120.12818908691406, -10.79220962524414], [120.12818908691406, -10.875545501708984], [119.96150207519531, -10.875545501708984], [119.96150207519531, -10.958881378173828], [119.29475402832031, -10.958881378173828], [119.29475402832031, -11.042217254638672], [118.87803649902344, -11.042217254638672], [118.87803649902344, -11.125553131103516], [118.62800598144531, -11.125553131103516], [118.62800598144531, -11.375560760498047], [118.37797546386719, -11.375560760498047], [118.37797546386719, -11.87557601928711], [118.12794494628906, -11.87557601928711], [118.12794494628906, -11.958911895751953], [118.04460144042969, -11.958911895751953], [118.04460144042969, -11.87557601928711], [117.96125793457031, -11.87557601928711], [117.96125793457031, -11.958911895751953], [115.62763977050781, -11.958911895751953], [115.62763977050781, -11.87557601928711], [115.37760925292969, -11.87557601928711], [115.37760925292969, -11.792240142822266], [115.21092224121094, -11.792240142822266], [115.21092224121094, -11.708904266357422], [115.12757873535156, -11.708904266357422], [115.12757873535156, -11.958911895751953], [114.12745666503906, -11.958911895751953], [114.12745666503906, -11.87557601928711], [113.87742614746094, -11.87557601928711], [113.87742614746094, -11.792240142822266], [113.79408264160156, -11.792240142822266], [113.79408264160156, -11.708904266357422], [113.71073913574219, -11.708904266357422], [113.71073913574219, -11.625568389892578], [113.62739562988281, -11.625568389892578], [113.62739562988281, -11.542232513427734], [113.54405212402344, -11.542232513427734], [113.54405212402344, -11.45889663696289], [113.46070861816406, -11.45889663696289], [113.46070861816406, -11.375560760498047], [113.37736511230469, -11.375560760498047], [113.37736511230469, -11.20888900756836], [113.29402160644531, -11.20888900756836], [113.29402160644531, -11.125553131103516], [113.21067810058594, -11.125553131103516], [113.21067810058594, -11.042217254638672], [113.12733459472656, -11.042217254638672], [113.12733459472656, -10.875545501708984], [113.04399108886719, -10.875545501708984], [113.04399108886719, -10.79220962524414], [112.96064758300781, -10.79220962524414], [112.96064758300781, -10.625537872314453], [112.79396057128906, -10.625537872314453], [112.79396057128906, -10.54220199584961], [112.71061706542969, -10.54220199584961], [112.71061706542969, -10.458866119384766], [112.46058654785156, -10.458866119384766], [112.46058654785156, -10.375530242919922], [112.29389953613281, -10.375530242919922], [112.29389953613281, -10.292194366455078], [112.12721252441406, -10.292194366455078], [112.12721252441406, -10.208858489990234], [112.04386901855469, -10.208858489990234], [112.04386901855469, -10.12552261352539], [111.71049499511719, -10.12552261352539], [111.71049499511719, -10.292194366455078], [111.79383850097656, -10.292194366455078], [111.79383850097656, -10.375530242919922], [111.87718200683594, -10.375530242919922], [111.87718200683594, -10.625537872314453], [111.37712097167969, -10.625537872314453], [111.37712097167969, -10.708873748779297], [111.29377746582031, -10.708873748779297], [111.29377746582031, -10.79220962524414], [111.21043395996094, -10.79220962524414], [111.21043395996094, -10.875545501708984], [111.29377746582031, -10.875545501708984], [111.29377746582031, -10.958881378173828], [111.37712097167969, -10.958881378173828], [111.37712097167969, -11.042217254638672], [111.46046447753906, -11.042217254638672], [111.46046447753906, -11.125553131103516], [111.62715148925781, -11.125553131103516], [111.62715148925781, -11.20888900756836], [111.71049499511719, -11.20888900756836], [111.71049499511719, -11.292224884033203], [111.79383850097656, -11.292224884033203], [111.79383850097656, -11.375560760498047], [111.87718200683594, -11.375560760498047], [111.87718200683594, -11.542232513427734], [111.96052551269531, -11.542232513427734], [111.96052551269531, -11.708904266357422], [111.87718200683594, -11.708904266357422], [111.87718200683594, -11.958911895751953], [109.54356384277344, -11.958911895751953], [109.54356384277344, -11.87557601928711], [109.62690734863281, -11.87557601928711], [109.62690734863281, -11.792240142822266], [109.71025085449219, -11.792240142822266], [109.71025085449219, -11.708904266357422], [109.79359436035156, -11.708904266357422], [109.79359436035156, -11.625568389892578], [109.87693786621094, -11.625568389892578], [109.87693786621094, -11.542232513427734], [109.96028137207031, -11.542232513427734], [109.96028137207031, -11.292224884033203], [109.37687683105469, -11.292224884033203], [109.37687683105469, -11.20888900756836], [109.46022033691406, -11.20888900756836], [109.46022033691406, -11.125553131103516], [109.54356384277344, -11.125553131103516], [109.54356384277344, -11.042217254638672], [109.62690734863281, -11.042217254638672], [109.62690734863281, -10.958881378173828], [109.71025085449219, -10.958881378173828], [109.71025085449219, -10.875545501708984], [109.79359436035156, -10.875545501708984], [109.79359436035156, -10.625537872314453], [109.87693786621094, -10.625537872314453], [109.87693786621094, -10.458866119384766], [109.96028137207031, -10.458866119384766], [109.96028137207031, -10.375530242919922], [110.04362487792969, -10.375530242919922], [110.04362487792969, -10.292194366455078], [110.12696838378906, -10.292194366455078], [110.12696838378906, -10.208858489990234], [110.29365539550781, -10.208858489990234], [110.29365539550781, -10.12552261352539], [110.37699890136719, -10.12552261352539], [110.37699890136719, -10.042186737060547], [110.46034240722656, -10.042186737060547], [110.46034240722656, -9.958850860595703], [110.62702941894531, -9.958850860595703], [110.62702941894531, -9.87551498413086], [110.71037292480469, -9.87551498413086], [110.71037292480469, -9.792179107666016], [110.87705993652344, -9.792179107666016], [110.87705993652344, -9.625507354736328], [111.12709045410156, -9.625507354736328], [111.12709045410156, -9.20882797241211], [111.29377746582031, -9.20882797241211], [111.29377746582031, -9.125492095947266], [111.37712097167969, -9.125492095947266], [111.37712097167969, -9.042156219482422], [111.46046447753906, -9.042156219482422], [111.46046447753906, -8.958820343017578], [111.37712097167969, -8.958820343017578], [111.37712097167969, -8.875484466552734], [111.87718200683594, -8.875484466552734], [111.87718200683594, -8.958820343017578], [111.79383850097656, -8.958820343017578], [111.79383850097656, -9.042156219482422], [112.21055603027344, -9.042156219482422], [112.21055603027344, -8.958820343017578], [112.37724304199219, -8.958820343017578], [112.37724304199219, -8.875484466552734], [112.46058654785156, -8.875484466552734], [112.46058654785156, -8.79214859008789], [112.54393005371094, -8.79214859008789], [112.54393005371094, -8.625476837158203], [111.79383850097656, -8.625476837158203], [111.79383850097656, -8.708812713623047], [111.54380798339844, -8.708812713623047], [111.54380798339844, -8.79214859008789], [111.29377746582031, -8.79214859008789], [111.29377746582031, -8.875484466552734], [111.12709045410156, -8.875484466552734], [111.12709045410156, -8.958820343017578], [110.96040344238281, -8.958820343017578], [110.96040344238281, -9.042156219482422], [110.71037292480469, -9.042156219482422], [110.71037292480469, -9.125492095947266], [110.54368591308594, -9.125492095947266], [110.54368591308594, -9.20882797241211], [110.37699890136719, -9.20882797241211], [110.37699890136719, -9.292163848876953], [110.21031188964844, -9.292163848876953], [110.21031188964844, -9.375499725341797], [110.04362487792969, -9.375499725341797], [110.04362487792969, -9.45883560180664], [109.96028137207031, -9.45883560180664], [109.96028137207031, -9.542171478271484], [109.79359436035156, -9.542171478271484], [109.79359436035156, -9.625507354736328], [109.71025085449219, -9.625507354736328], [109.71025085449219, -9.708843231201172], [109.62690734863281, -9.708843231201172], [109.62690734863281, -9.792179107666016], [109.54356384277344, -9.792179107666016], [109.54356384277344, -9.87551498413086], [109.46022033691406, -9.87551498413086], [109.46022033691406, -9.958850860595703], [109.37687683105469, -9.958850860595703], [109.37687683105469, -10.042186737060547], [109.21018981933594, -10.042186737060547], [109.21018981933594, -10.12552261352539], [109.12684631347656, -10.12552261352539], [109.12684631347656, -10.208858489990234], [109.04350280761719, -10.208858489990234], [109.04350280761719, -10.292194366455078], [108.96015930175781, -10.292194366455078], [108.96015930175781, -10.375530242919922], [108.87681579589844, -10.375530242919922], [108.87681579589844, -10.458866119384766], [108.79347229003906, -10.458866119384766], [108.79347229003906, -10.54220199584961], [108.71012878417969, -10.54220199584961], [108.71012878417969, -10.708873748779297], [108.62678527832031, -10.708873748779297], [108.62678527832031, -10.79220962524414], [108.54344177246094, -10.79220962524414], [108.54344177246094, -10.958881378173828], [108.46009826660156, -10.958881378173828], [108.46009826660156, -11.125553131103516], [108.37675476074219, -11.125553131103516], [108.37675476074219, -11.292224884033203], [108.29341125488281, -11.292224884033203], [108.29341125488281, -11.375560760498047], [108.21006774902344, -11.375560760498047], [108.21006774902344, -11.542232513427734], [108.12672424316406, -11.542232513427734], [108.12672424316406, -11.708904266357422], [108.04338073730469, -11.708904266357422], [108.04338073730469, -11.792240142822266], [107.96003723144531, -11.792240142822266], [107.96003723144531, -11.958911895751953], [107.37663269042969, -11.958911895751953], [107.37663269042969, -11.792240142822266], [107.45997619628906, -11.792240142822266], [107.45997619628906, -11.542232513427734], [107.54331970214844, -11.542232513427734], [107.54331970214844, -11.375560760498047], [107.62666320800781, -11.375560760498047], [107.62666320800781, -11.292224884033203], [107.71000671386719, -11.292224884033203], [107.71000671386719, -11.20888900756836], [107.79335021972656, -11.20888900756836], [107.79335021972656, -11.042217254638672], [107.87669372558594, -11.042217254638672], [107.87669372558594, -10.958881378173828], [107.96003723144531, -10.958881378173828], [107.96003723144531, -10.875545501708984], [108.04338073730469, -10.875545501708984], [108.04338073730469, -10.708873748779297], [108.12672424316406, -10.708873748779297], [108.12672424316406, -10.375530242919922], [108.37675476074219, -10.375530242919922], [108.37675476074219, -10.458866119384766], [108.71012878417969, -10.458866119384766], [108.71012878417969, -10.375530242919922], [108.79347229003906, -10.375530242919922], [108.79347229003906, -10.292194366455078], [108.87681579589844, -10.292194366455078], [108.87681579589844, -10.208858489990234], [108.96015930175781, -10.208858489990234], [108.96015930175781, -10.12552261352539], [109.04350280761719, -10.12552261352539], [109.04350280761719, -10.042186737060547], [109.12684631347656, -10.042186737060547], [109.12684631347656, -9.958850860595703], [109.21018981933594, -9.958850860595703], [109.21018981933594, -9.87551498413086], [108.87681579589844, -9.87551498413086], [108.87681579589844, -9.375499725341797], [109.12684631347656, -9.375499725341797], [109.12684631347656, -9.542171478271484], [109.21018981933594, -9.542171478271484], [109.21018981933594, -9.45883560180664], [109.29353332519531, -9.45883560180664], [109.29353332519531, -9.292163848876953], [109.37687683105469, -9.292163848876953], [109.37687683105469, -9.125492095947266], [109.12684631347656, -9.125492095947266], [109.12684631347656, -8.875484466552734], [109.62690734863281, -8.875484466552734], [109.62690734863281, -8.625476837158203], [109.37687683105469, -8.625476837158203], [109.37687683105469, -8.375469207763672], [109.29353332519531, -8.375469207763672], [109.29353332519531, -8.458805084228516], [109.04350280761719, -8.458805084228516], [109.04350280761719, -8.54214096069336], [108.79347229003906, -8.54214096069336], [108.79347229003906, -8.625476837158203], [108.62678527832031, -8.625476837158203], [108.62678527832031, -8.708812713623047], [108.54344177246094, -8.708812713623047], [108.54344177246094, -8.79214859008789], [108.46009826660156, -8.79214859008789], [108.46009826660156, -8.875484466552734], [108.37675476074219, -8.875484466552734], [108.37675476074219, -9.042156219482422], [108.21006774902344, -9.042156219482422], [108.21006774902344, -9.125492095947266], [107.37663269042969, -9.125492095947266], [107.37663269042969, -10.12552261352539], [107.62666320800781, -10.12552261352539], [107.62666320800781, -10.625537872314453], [107.37663269042969, -10.625537872314453], [107.37663269042969, -11.375560760498047], [107.12660217285156, -11.375560760498047], [107.12660217285156, -11.87557601928711], [106.95991516113281, -11.87557601928711], [106.95991516113281, -11.958911895751953], [100.45912170410156, -11.958911895751953], [100.45912170410156, -11.87557601928711], [100.37577819824219, -11.87557601928711], [100.37577819824219, -11.625568389892578], [100.12574768066406, -11.625568389892578], [100.12574768066406, -11.87557601928711], [99.62568664550781, -11.87557601928711], [99.62568664550781, -11.958911895751953], [98.87559509277344, -11.958911895751953], [98.87559509277344, -11.87557601928711], [98.62556457519531, -11.87557601928711], [98.62556457519531, -11.958911895751953], [98.37553405761719, -11.958911895751953], [98.37553405761719, -11.375560760498047], [98.12550354003906, -11.375560760498047], [98.12550354003906, -11.958911895751953], [94.04167175292969, -11.958911895751953], [94.04167175292969, -9.542171478271484], [94.20835876464844, -9.542171478271484], [94.20835876464844, -9.625507354736328], [94.37504577636719, -9.625507354736328], [94.37504577636719, -9.708843231201172], [94.45838928222656, -9.708843231201172], [94.45838928222656, -9.792179107666016], [94.54173278808594, -9.792179107666016], [94.54173278808594, -9.87551498413086], [94.62507629394531, -9.87551498413086], [94.62507629394531, -10.12552261352539], [94.45838928222656, -10.12552261352539], [94.45838928222656, -10.208858489990234], [94.37504577636719, -10.208858489990234], [94.37504577636719, -10.292194366455078], [94.12501525878906, -10.292194366455078], [94.12501525878906, -10.375530242919922], [94.87510681152344, -10.375530242919922], [94.87510681152344, -10.625537872314453], [95.37516784667969, -10.625537872314453], [95.37516784667969, -10.375530242919922], [95.12513732910156, -10.375530242919922], [95.12513732910156, -10.12552261352539], [94.87510681152344, -10.12552261352539], [94.87510681152344, -9.87551498413086], [95.37516784667969, -9.87551498413086], [95.37516784667969, -10.12552261352539], [95.87522888183594, -10.12552261352539], [95.87522888183594, -9.87551498413086], [96.37528991699219, -9.87551498413086], [96.37528991699219, -9.625507354736328], [96.62532043457031, -9.625507354736328], [96.62532043457031, -9.87551498413086], [96.87535095214844, -9.87551498413086], [96.87535095214844, -9.625507354736328], [97.12538146972656, -9.625507354736328], [97.12538146972656, -9.125492095947266], [97.37541198730469, -9.125492095947266], [97.37541198730469, -8.625476837158203], [97.62544250488281, -8.625476837158203], [97.62544250488281, -8.375469207763672]], [[102.12599182128906, -4.042003631591797], [102.12599182128906, -4.125339508056641], [102.29267883300781, -4.125339508056641], [102.29267883300781, -4.042003631591797], [102.12599182128906, -4.042003631591797]], [[105.12635803222656, -6.375408172607422], [104.95967102050781, -6.375408172607422], [104.95967102050781, -6.542079925537109], [105.12635803222656, -6.542079925537109], [105.12635803222656, -6.375408172607422]], [[117.04447937011719, -9.292163848876953], [117.04447937011719, -9.375499725341797], [117.12782287597656, -9.375499725341797], [117.12782287597656, -9.292163848876953], [117.04447937011719, -9.292163848876953]], [[118.87803649902344, -9.292163848876953], [118.79469299316406, -9.292163848876953], [118.79469299316406, -9.375499725341797], [118.87803649902344, -9.375499725341797], [118.87803649902344, -9.292163848876953]], [[107.37663269042969, -10.375530242919922], [107.12660217285156, -10.375530242919922], [107.12660217285156, -10.625537872314453], [107.37663269042969, -10.625537872314453], [107.37663269042969, -10.375530242919922]], [[96.87535095214844, -10.12552261352539], [97.12538146972656, -10.12552261352539], [97.12538146972656, -9.87551498413086], [96.87535095214844, -9.87551498413086], [96.87535095214844, -10.12552261352539]], [[101.29255676269531, -4.292011260986328], [101.20921325683594, -4.292011260986328], [101.20921325683594, -4.375347137451172], [101.37590026855469, -4.375347137451172], [101.37590026855469, -4.208675384521484], [101.29255676269531, -4.208675384521484], [101.29255676269531, -4.292011260986328]], [[102.12599182128906, -5.458713531494141], [102.29267883300781, -5.458713531494141], [102.29267883300781, -5.542049407958984], [102.37602233886719, -5.542049407958984], [102.37602233886719, -5.292041778564453], [102.12599182128906, -5.292041778564453], [102.12599182128906, -5.458713531494141]], [[102.37602233886719, -5.625385284423828], [102.29267883300781, -5.625385284423828], [102.29267883300781, -5.708721160888672], [102.37602233886719, -5.708721160888672], [102.37602233886719, -5.625385284423828]], [[104.20957946777344, -6.042064666748047], [104.12623596191406, -6.042064666748047], [104.12623596191406, -6.208736419677734], [104.20957946777344, -6.208736419677734], [104.20957946777344, -6.042064666748047]], [[105.12635803222656, -6.208736419677734], [105.20970153808594, -6.208736419677734], [105.20970153808594, -6.292072296142578], [105.29304504394531, -6.292072296142578], [105.29304504394531, -6.125400543212891], [105.12635803222656, -6.125400543212891], [105.12635803222656, -6.208736419677734]], [[104.04289245605469, -6.625415802001953], [103.95954895019531, -6.625415802001953], [103.95954895019531, -6.708751678466797], [103.87620544433594, -6.708751678466797], [103.87620544433594, -6.792087554931641], [103.79286193847656, -6.792087554931641], [103.79286193847656, -6.875423431396484], [103.87620544433594, -6.875423431396484], [103.87620544433594, -6.958759307861328], [103.95954895019531, -6.958759307861328], [103.95954895019531, -6.792087554931641], [104.04289245605469, -6.792087554931641], [104.04289245605469, -6.875423431396484], [104.29292297363281, -6.875423431396484], [104.29292297363281, -6.958759307861328], [104.37626647949219, -6.958759307861328], [104.37626647949219, -6.875423431396484], [104.62629699707031, -6.875423431396484], [104.62629699707031, -6.792087554931641], [104.87632751464844, -6.792087554931641], [104.87632751464844, -6.292072296142578], [104.79298400878906, -6.292072296142578], [104.79298400878906, -6.375408172607422], [104.70964050292969, -6.375408172607422], [104.70964050292969, -6.458744049072266], [104.62629699707031, -6.458744049072266], [104.62629699707031, -6.292072296142578], [104.45960998535156, -6.292072296142578], [104.45960998535156, -6.375408172607422], [104.20957946777344, -6.375408172607422], [104.20957946777344, -6.458744049072266], [104.12623596191406, -6.458744049072266], [104.12623596191406, -6.542079925537109], [104.04289245605469, -6.542079925537109], [104.04289245605469, -6.625415802001953]], [[103.79286193847656, -6.708751678466797], [103.62617492675781, -6.708751678466797], [103.62617492675781, -6.792087554931641], [103.79286193847656, -6.792087554931641], [103.79286193847656, -6.708751678466797]], [[103.62617492675781, -6.875423431396484], [103.62617492675781, -6.958759307861328], [103.79286193847656, -6.958759307861328], [103.79286193847656, -6.875423431396484], [103.62617492675781, -6.875423431396484]], [[103.95954895019531, -7.042095184326172], [104.04289245605469, -7.042095184326172], [104.04289245605469, -6.958759307861328], [103.95954895019531, -6.958759307861328], [103.95954895019531, -7.042095184326172]], [[104.04289245605469, -6.458744049072266], [103.95954895019531, -6.458744049072266], [103.95954895019531, -6.542079925537109], [104.04289245605469, -6.542079925537109], [104.04289245605469, -6.458744049072266]], [[105.87644958496094, -6.958759307861328], [105.79310607910156, -6.958759307861328], [105.79310607910156, -7.125431060791016], [105.87644958496094, -7.125431060791016], [105.87644958496094, -6.958759307861328]], [[105.70976257324219, -7.042095184326172], [105.45973205566406, -7.042095184326172], [105.45973205566406, -7.125431060791016], [105.70976257324219, -7.125431060791016], [105.70976257324219, -7.042095184326172]], [[103.95954895019531, -7.125431060791016], [103.87620544433594, -7.125431060791016], [103.87620544433594, -7.375438690185547], [103.95954895019531, -7.375438690185547], [103.95954895019531, -7.125431060791016]], [[106.87657165527344, -8.042125701904297], [106.79322814941406, -8.042125701904297], [106.79322814941406, -8.12546157836914], [106.87657165527344, -8.12546157836914], [106.87657165527344, -8.042125701904297]], [[107.62666320800781, -8.12546157836914], [107.37663269042969, -8.12546157836914], [107.37663269042969, -8.208797454833984], [107.62666320800781, -8.208797454833984], [107.62666320800781, -8.12546157836914]], [[108.37675476074219, -8.12546157836914], [107.87669372558594, -8.12546157836914], [107.87669372558594, -8.208797454833984], [108.37675476074219, -8.208797454833984], [108.37675476074219, -8.12546157836914]], [[109.96028137207031, -8.208797454833984], [109.71025085449219, -8.208797454833984], [109.71025085449219, -8.292133331298828], [109.62690734863281, -8.292133331298828], [109.62690734863281, -8.375469207763672], [110.12696838378906, -8.375469207763672], [110.12696838378906, -8.292133331298828], [109.96028137207031, -8.292133331298828], [109.96028137207031, -8.208797454833984]], [[113.37736511230469, -8.458805084228516], [113.29402160644531, -8.458805084228516], [113.29402160644531, -8.54214096069336], [113.37736511230469, -8.54214096069336], [113.37736511230469, -8.458805084228516]], [[112.62727355957031, -8.708812713623047], [112.87730407714844, -8.708812713623047], [112.87730407714844, -8.79214859008789], [112.96064758300781, -8.79214859008789], [112.96064758300781, -8.625476837158203], [112.62727355957031, -8.625476837158203], [112.62727355957031, -8.708812713623047]], [[110.96040344238281, -8.708812713623047], [110.87705993652344, -8.708812713623047], [110.87705993652344, -8.79214859008789], [110.96040344238281, -8.79214859008789], [110.96040344238281, -8.708812713623047]], [[97.87547302246094, -8.875484466552734], [97.62544250488281, -8.875484466552734], [97.62544250488281, -9.125492095947266], [97.87547302246094, -9.125492095947266], [97.87547302246094, -8.875484466552734]], [[110.12696838378906, -8.875484466552734], [109.87693786621094, -8.875484466552734], [109.87693786621094, -9.125492095947266], [110.12696838378906, -9.125492095947266], [110.12696838378906, -8.875484466552734]], [[113.87742614746094, -9.125492095947266], [113.96076965332031, -9.125492095947266], [113.96076965332031, -9.042156219482422], [114.12745666503906, -9.042156219482422], [114.12745666503906, -8.958820343017578], [113.87742614746094, -8.958820343017578], [113.87742614746094, -9.125492095947266]], [[116.87779235839844, -9.375499725341797], [116.96113586425781, -9.375499725341797], [116.96113586425781, -9.292163848876953], [116.79444885253906, -9.292163848876953], [116.79444885253906, -9.375499725341797], [116.62776184082031, -9.375499725341797], [116.62776184082031, -9.542171478271484], [116.71110534667969, -9.542171478271484], [116.71110534667969, -9.45883560180664], [116.87779235839844, -9.45883560180664], [116.87779235839844, -9.375499725341797]], [[106.62654113769531, -9.375499725341797], [106.37651062011719, -9.375499725341797], [106.37651062011719, -9.625507354736328], [106.62654113769531, -9.625507354736328], [106.62654113769531, -9.375499725341797]], [[109.46022033691406, -9.542171478271484], [109.37687683105469, -9.542171478271484], [109.37687683105469, -9.625507354736328], [109.62690734863281, -9.625507354736328], [109.62690734863281, -9.375499725341797], [109.46022033691406, -9.375499725341797], [109.46022033691406, -9.542171478271484]], [[113.79408264160156, -9.542171478271484], [113.71073913574219, -9.542171478271484], [113.71073913574219, -9.45883560180664], [113.37736511230469, -9.45883560180664], [113.37736511230469, -9.625507354736328], [113.54405212402344, -9.625507354736328], [113.54405212402344, -9.542171478271484], [113.62739562988281, -9.542171478271484], [113.62739562988281, -9.625507354736328], [113.79408264160156, -9.625507354736328], [113.79408264160156, -9.542171478271484]], [[116.21104431152344, -9.792179107666016], [116.29438781738281, -9.792179107666016], [116.29438781738281, -9.708843231201172], [116.37773132324219, -9.708843231201172], [116.37773132324219, -9.542171478271484], [116.29438781738281, -9.542171478271484], [116.29438781738281, -9.625507354736328], [116.21104431152344, -9.625507354736328], [116.21104431152344, -9.708843231201172], [116.12770080566406, -9.708843231201172], [116.12770080566406, -9.87551498413086], [116.21104431152344, -9.87551498413086], [116.21104431152344, -9.792179107666016]], [[99.37565612792969, -9.625507354736328], [99.12562561035156, -9.625507354736328], [99.12562561035156, -9.87551498413086], [99.37565612792969, -9.87551498413086], [99.37565612792969, -9.625507354736328]], [[99.37565612792969, -10.12552261352539], [99.12562561035156, -10.12552261352539], [99.12562561035156, -10.375530242919922], [99.37565612792969, -10.375530242919922], [99.37565612792969, -11.125553131103516], [99.62568664550781, -11.125553131103516], [99.62568664550781, -11.375560760498047], [99.87571716308594, -11.375560760498047], [99.87571716308594, -11.125553131103516], [100.12574768066406, -11.125553131103516], [100.12574768066406, -10.875545501708984], [99.87571716308594, -10.875545501708984], [99.87571716308594, -10.12552261352539], [99.62568664550781, -10.12552261352539], [99.62568664550781, -9.87551498413086], [99.37565612792969, -9.87551498413086], [99.37565612792969, -10.12552261352539]], [[114.04411315917969, -9.625507354736328], [113.87742614746094, -9.625507354736328], [113.87742614746094, -9.792179107666016], [114.04411315917969, -9.792179107666016], [114.04411315917969, -9.625507354736328]], [[116.54441833496094, -10.042186737060547], [116.46107482910156, -10.042186737060547], [116.46107482910156, -10.12552261352539], [116.37773132324219, -10.12552261352539], [116.37773132324219, -10.208858489990234], [116.29438781738281, -10.208858489990234], [116.29438781738281, -10.375530242919922], [116.21104431152344, -10.375530242919922], [116.21104431152344, -10.625537872314453], [116.29438781738281, -10.625537872314453], [116.29438781738281, -10.54220199584961], [116.37773132324219, -10.54220199584961], [116.37773132324219, -10.458866119384766], [116.46107482910156, -10.458866119384766], [116.46107482910156, -10.375530242919922], [116.54441833496094, -10.375530242919922], [116.54441833496094, -10.292194366455078], [116.79444885253906, -10.292194366455078], [116.79444885253906, -10.208858489990234], [117.04447937011719, -10.208858489990234], [117.04447937011719, -10.12552261352539], [117.12782287597656, -10.12552261352539], [117.12782287597656, -9.87551498413086], [117.37785339355469, -9.87551498413086], [117.37785339355469, -9.708843231201172], [117.12782287597656, -9.708843231201172], [117.12782287597656, -9.792179107666016], [116.87779235839844, -9.792179107666016], [116.87779235839844, -9.87551498413086], [116.71110534667969, -9.87551498413086], [116.71110534667969, -9.958850860595703], [116.54441833496094, -9.958850860595703], [116.54441833496094, -10.042186737060547]], [[118.87803649902344, -9.708843231201172], [118.79469299316406, -9.708843231201172], [118.79469299316406, -9.792179107666016], [118.87803649902344, -9.792179107666016], [118.87803649902344, -9.708843231201172]], [[114.79420471191406, -9.87551498413086], [114.62751770019531, -9.87551498413086], [114.62751770019531, -9.792179107666016], [114.46083068847656, -9.792179107666016], [114.46083068847656, -9.87551498413086], [114.54417419433594, -9.87551498413086], [114.54417419433594, -10.12552261352539], [114.62751770019531, -10.12552261352539], [114.62751770019531, -10.458866119384766], [114.79420471191406, -10.458866119384766], [114.79420471191406, -9.87551498413086]], [[105.62641906738281, -10.375530242919922], [105.54307556152344, -10.375530242919922], [105.54307556152344, -10.292194366455078], [105.45973205566406, -10.292194366455078], [105.45973205566406, -10.208858489990234], [105.37638854980469, -10.208858489990234], [105.37638854980469, -10.458866119384766], [105.54307556152344, -10.458866119384766], [105.54307556152344, -10.54220199584961], [105.70976257324219, -10.54220199584961], [105.70976257324219, -10.458866119384766], [105.62641906738281, -10.458866119384766], [105.62641906738281, -10.375530242919922]], [[113.29402160644531, -10.625537872314453], [113.37736511230469, -10.625537872314453], [113.37736511230469, -10.54220199584961], [113.46070861816406, -10.54220199584961], [113.46070861816406, -10.375530242919922], [113.54405212402344, -10.375530242919922], [113.54405212402344, -10.292194366455078], [113.46070861816406, -10.292194366455078], [113.46070861816406, -10.208858489990234], [112.96064758300781, -10.208858489990234], [112.96064758300781, -10.292194366455078], [113.04399108886719, -10.292194366455078], [113.04399108886719, -10.458866119384766], [113.12733459472656, -10.458866119384766], [113.12733459472656, -10.54220199584961], [113.29402160644531, -10.54220199584961], [113.29402160644531, -10.625537872314453]], [[117.37785339355469, -10.708873748779297], [117.62788391113281, -10.708873748779297], [117.62788391113281, -10.625537872314453], [117.71122741699219, -10.625537872314453], [117.71122741699219, -10.54220199584961], [117.87791442871094, -10.54220199584961], [117.87791442871094, -10.458866119384766], [117.71122741699219, -10.458866119384766], [117.71122741699219, -10.375530242919922], [117.37785339355469, -10.375530242919922], [117.37785339355469, -10.458866119384766], [117.21116638183594, -10.458866119384766], [117.21116638183594, -10.54220199584961], [117.12782287597656, -10.54220199584961], [117.12782287597656, -10.625537872314453], [117.37785339355469, -10.625537872314453], [117.37785339355469, -10.708873748779297]], [[114.62751770019531, -10.958881378173828], [114.54417419433594, -10.958881378173828], [114.54417419433594, -10.79220962524414], [114.46083068847656, -10.79220962524414], [114.46083068847656, -10.708873748779297], [114.37748718261719, -10.708873748779297], [114.37748718261719, -11.042217254638672], [114.46083068847656, -11.042217254638672], [114.46083068847656, -11.125553131103516], [114.54417419433594, -11.125553131103516], [114.54417419433594, -11.20888900756836], [114.62751770019531, -11.20888900756836], [114.62751770019531, -10.958881378173828]], [[115.46095275878906, -11.20888900756836], [115.62763977050781, -11.20888900756836], [115.62763977050781, -11.125553131103516], [116.12770080566406, -11.125553131103516], [116.12770080566406, -10.875545501708984], [116.04435729980469, -10.875545501708984], [116.04435729980469, -10.958881378173828], [115.96101379394531, -10.958881378173828], [115.96101379394531, -11.042217254638672], [115.54429626464844, -11.042217254638672], [115.54429626464844, -11.125553131103516], [115.46095275878906, -11.125553131103516], [115.46095275878906, -11.20888900756836]], [[99.37565612792969, -11.375560760498047], [99.12562561035156, -11.375560760498047], [99.12562561035156, -11.87557601928711], [99.37565612792969, -11.87557601928711], [99.37565612792969, -11.375560760498047]], [[100.79249572753906, -11.375560760498047], [100.62580871582031, -11.375560760498047], [100.62580871582031, -11.542232513427734], [100.79249572753906, -11.542232513427734], [100.79249572753906, -11.375560760498047]], [[96.87535095214844, -11.625568389892578], [96.62532043457031, -11.625568389892578], [96.62532043457031, -11.87557601928711], [96.87535095214844, -11.87557601928711], [96.87535095214844, -11.625568389892578]]], [[[108.71012878417969, -6.792087554931641], [108.79347229003906, -6.792087554931641], [108.79347229003906, -6.875423431396484], [108.71012878417969, -6.875423431396484], [108.71012878417969, -6.792087554931641]]], [[[108.87681579589844, -6.792087554931641], [109.04350280761719, -6.792087554931641], [109.04350280761719, -6.875423431396484], [108.87681579589844, -6.875423431396484], [108.87681579589844, -6.792087554931641]]], [[[108.79347229003906, -6.792087554931641], [108.79347229003906, -6.708751678466797], [108.87681579589844, -6.708751678466797], [108.87681579589844, -6.792087554931641], [108.79347229003906, -6.792087554931641]]], [[[108.04338073730469, -6.292072296142578], [108.12672424316406, -6.292072296142578], [108.12672424316406, -6.375408172607422], [108.04338073730469, -6.375408172607422], [108.04338073730469, -6.292072296142578]]], [[[107.37663269042969, -6.042064666748047], [107.45997619628906, -6.042064666748047], [107.45997619628906, -6.125400543212891], [107.37663269042969, -6.125400543212891], [107.37663269042969, -6.042064666748047]]], [[[105.79310607910156, -5.875392913818359], [105.87644958496094, -5.875392913818359], [105.87644958496094, -5.958728790283203], [105.79310607910156, -5.958728790283203], [105.79310607910156, -5.875392913818359]]], [[[105.95979309082031, -5.708721160888672], [106.12648010253906, -5.708721160888672], [106.12648010253906, -5.792057037353516], [106.04313659667969, -5.792057037353516], [106.04313659667969, -5.875392913818359], [105.87644958496094, -5.875392913818359], [105.87644958496094, -5.792057037353516], [105.95979309082031, -5.792057037353516], [105.95979309082031, -5.708721160888672]]], [[[106.04313659667969, -5.542049407958984], [106.12648010253906, -5.542049407958984], [106.12648010253906, -5.625385284423828], [106.04313659667969, -5.625385284423828], [106.04313659667969, -5.542049407958984]]], [[[108.29341125488281, -4.792026519775391], [108.29341125488281, -4.625354766845703], [108.37675476074219, -4.625354766845703], [108.37675476074219, -4.792026519775391], [108.29341125488281, -4.792026519775391]]], [[[109.37687683105469, -4.375347137451172], [109.12684631347656, -4.375347137451172], [109.12684631347656, -4.125339508056641], [109.29353332519531, -4.125339508056641], [109.29353332519531, -4.042003631591797], [109.37687683105469, -4.042003631591797], [109.37687683105469, -3.4586524963378906], [109.46022033691406, -3.4586524963378906], [109.46022033691406, -3.375316619873047], [109.54356384277344, -3.375316619873047], [109.54356384277344, -3.1253089904785156], [109.62690734863281, -3.1253089904785156], [109.62690734863281, -3.8753318786621094], [109.54356384277344, -3.8753318786621094], [109.54356384277344, -4.458683013916016], [109.46022033691406, -4.458683013916016], [109.46022033691406, -4.625354766845703], [109.37687683105469, -4.625354766845703], [109.37687683105469, -4.375347137451172]]], [[[109.54356384277344, -2.8753013610839844], [109.62690734863281, -2.8753013610839844], [109.62690734863281, -2.958637237548828], [109.54356384277344, -2.958637237548828], [109.54356384277344, -2.8753013610839844]]], [[[100.79249572753906, -2.4586219787597656], [100.79249572753906, -2.375286102294922], [100.95918273925781, -2.375286102294922], [100.95918273925781, -2.4586219787597656], [100.79249572753906, -2.4586219787597656]]], [[[105.79310607910156, -2.375286102294922], [105.87644958496094, -2.375286102294922], [105.87644958496094, -2.4586219787597656], [105.79310607910156, -2.4586219787597656], [105.79310607910156, -2.375286102294922]]], [[[100.79249572753906, -2.1252784729003906], [100.87583923339844, -2.1252784729003906], [100.87583923339844, -2.291950225830078], [100.79249572753906, -2.291950225830078], [100.79249572753906, -2.1252784729003906]]], [[[104.87632751464844, -2.1252784729003906], [104.87632751464844, -2.041942596435547], [104.95967102050781, -2.041942596435547], [104.95967102050781, -2.1252784729003906], [104.87632751464844, -2.1252784729003906]]], [[[104.70964050292969, -1.7085990905761719], [104.79298400878906, -1.7085990905761719], [104.79298400878906, -1.8752708435058594], [104.62629699707031, -1.8752708435058594], [104.62629699707031, -1.6252632141113281], [104.70964050292969, -1.6252632141113281], [104.70964050292969, -1.7085990905761719]]], [[[109.21018981933594, -1.4585914611816406], [109.29353332519531, -1.4585914611816406], [109.29353332519531, -1.5419273376464844], [109.21018981933594, -1.5419273376464844], [109.21018981933594, -1.4585914611816406]]], [[[104.45960998535156, -1.0419120788574219], [104.54295349121094, -1.0419120788574219], [104.54295349121094, -1.1252479553222656], [104.37626647949219, -1.1252479553222656], [104.37626647949219, -0.9585762023925781], [104.45960998535156, -0.9585762023925781], [104.45960998535156, -1.0419120788574219]]], [[[109.04350280761719, -0.6252326965332031], [109.12684631347656, -0.6252326965332031], [109.12684631347656, -0.7919044494628906], [109.04350280761719, -0.7919044494628906], [109.04350280761719, -0.6252326965332031]]], [[[97.20872497558594, 0.7914772033691406], [97.29206848144531, 0.7914772033691406], [97.29206848144531, 0.6248054504394531], [97.20872497558594, 0.6248054504394531], [97.20872497558594, 0.4581336975097656], [97.12538146972656, 0.4581336975097656], [97.12538146972656, 0.3747978210449219], [97.20872497558594, 0.3747978210449219], [97.20872497558594, 0.2914619445800781], [97.12538146972656, 0.2914619445800781], [97.12538146972656, 0.20812606811523438], [96.79200744628906, 0.20812606811523438], [96.79200744628906, 0.2914619445800781], [96.62532043457031, 0.2914619445800781], [96.62532043457031, 0.041454315185546875], [96.70866394042969, 0.041454315185546875], [96.70866394042969, -0.12521743774414062], [96.87535095214844, -0.12521743774414062], [96.87535095214844, -0.20855331420898438], [97.04203796386719, -0.20855331420898438], [97.04203796386719, -0.2918891906738281], [97.37541198730469, -0.2918891906738281], [97.37541198730469, -0.3752250671386719], [97.45875549316406, -0.3752250671386719], [97.45875549316406, -0.4585609436035156], [97.37541198730469, -0.4585609436035156], [97.37541198730469, -0.5418968200683594], [97.20872497558594, -0.5418968200683594], [97.20872497558594, -0.6252326965332031], [96.95869445800781, -0.6252326965332031], [96.95869445800781, -0.7085685729980469], [96.87535095214844, -0.7085685729980469], [96.87535095214844, -0.7919044494628906], [96.79200744628906, -0.7919044494628906], [96.79200744628906, -0.8752403259277344], [96.62532043457031, -0.8752403259277344], [96.62532043457031, -0.9585762023925781], [96.37528991699219, -0.9585762023925781], [96.37528991699219, -1.0419120788574219], [96.04191589355469, -1.0419120788574219], [96.04191589355469, -1.1252479553222656], [95.95857238769531, -1.1252479553222656], [95.95857238769531, -0.9585762023925781], [96.04191589355469, -0.9585762023925781], [96.04191589355469, -0.8752403259277344], [96.20860290527344, -0.8752403259277344], [96.20860290527344, -0.6252326965332031], [96.12525939941406, -0.6252326965332031], [96.12525939941406, -0.4585609436035156], [96.04191589355469, -0.4585609436035156], [96.04191589355469, -0.12521743774414062], [95.95857238769531, -0.12521743774414062], [95.95857238769531, 0.041454315185546875], [95.87522888183594, 0.041454315185546875], [95.87522888183594, 0.20812606811523438], [95.95857238769531, 0.20812606811523438], [95.95857238769531, 0.3747978210449219], [96.04191589355469, 0.3747978210449219], [96.04191589355469, 0.4581336975097656], [96.20860290527344, 0.4581336975097656], [96.20860290527344, 0.5414695739746094], [96.37528991699219, 0.5414695739746094], [96.37528991699219, 0.6248054504394531], [96.45863342285156, 0.6248054504394531], [96.45863342285156, 0.7081413269042969], [96.54197692871094, 0.7081413269042969], [96.54197692871094, 0.8748130798339844], [96.62532043457031, 0.8748130798339844], [96.62532043457031, 0.9581489562988281], [96.70866394042969, 0.9581489562988281], [96.70866394042969, 1.1248207092285156], [96.79200744628906, 1.1248207092285156], [96.79200744628906, 1.3748283386230469], [96.70866394042969, 1.3748283386230469], [96.70866394042969, 1.2914924621582031], [96.54197692871094, 1.2914924621582031], [96.54197692871094, 1.3748283386230469], [96.62532043457031, 1.3748283386230469], [96.62532043457031, 1.5415000915527344], [96.70866394042969, 1.5415000915527344], [96.70866394042969, 1.7081718444824219], [96.79200744628906, 1.7081718444824219], [96.79200744628906, 1.8748435974121094], [96.87535095214844, 1.8748435974121094], [96.87535095214844, 1.3748283386230469], [97.04203796386719, 1.3748283386230469], [97.04203796386719, 1.2081565856933594], [97.12538146972656, 1.2081565856933594], [97.12538146972656, 0.8748130798339844], [97.20872497558594, 0.8748130798339844], [97.20872497558594, 0.7914772033691406]]], [[[103.37614440917969, 0.6248054504394531], [103.45948791503906, 0.6248054504394531], [103.45948791503906, 0.5414695739746094], [103.37614440917969, 0.5414695739746094], [103.37614440917969, 0.6248054504394531]]], [[[103.45948791503906, 1.1248207092285156], [103.45948791503906, 1.0414848327636719], [103.37614440917969, 1.0414848327636719], [103.37614440917969, 1.1248207092285156], [103.29280090332031, 1.1248207092285156], [103.29280090332031, 1.2081565856933594], [103.20945739746094, 1.2081565856933594], [103.20945739746094, 1.2914924621582031], [103.54283142089844, 1.2914924621582031], [103.54283142089844, 1.2081565856933594], [103.62617492675781, 1.2081565856933594], [103.62617492675781, 1.0414848327636719], [103.54283142089844, 1.0414848327636719], [103.54283142089844, 1.1248207092285156], [103.45948791503906, 1.1248207092285156]]], [[[103.70951843261719, 1.2914924621582031], [103.79286193847656, 1.2914924621582031], [103.79286193847656, 1.2081565856933594], [103.70951843261719, 1.2081565856933594], [103.70951843261719, 1.2914924621582031]]], [[[95.62519836425781, 1.2914924621582031], [95.70854187011719, 1.2914924621582031], [95.70854187011719, 1.2081565856933594], [95.87522888183594, 1.2081565856933594], [95.87522888183594, 1.0414848327636719], [95.62519836425781, 1.0414848327636719], [95.62519836425781, 0.9581489562988281], [95.37516784667969, 0.9581489562988281], [95.37516784667969, 0.8748130798339844], [95.04179382324219, 0.8748130798339844], [95.04179382324219, 0.9581489562988281], [94.87510681152344, 0.9581489562988281], [94.87510681152344, 1.0414848327636719], [94.70841979980469, 1.0414848327636719], [94.70841979980469, 1.1248207092285156], [94.62507629394531, 1.1248207092285156], [94.62507629394531, 1.2081565856933594], [94.54173278808594, 1.2081565856933594], [94.54173278808594, 1.2914924621582031], [94.62507629394531, 1.2914924621582031], [94.62507629394531, 1.4581642150878906], [94.79176330566406, 1.4581642150878906], [94.79176330566406, 1.5415000915527344], [94.87510681152344, 1.5415000915527344], [94.87510681152344, 1.6248359680175781], [95.04179382324219, 1.6248359680175781], [95.04179382324219, 1.7081718444824219], [95.37516784667969, 1.7081718444824219], [95.37516784667969, 1.6248359680175781], [95.45851135253906, 1.6248359680175781], [95.45851135253906, 1.4581642150878906], [95.54185485839844, 1.4581642150878906], [95.54185485839844, 1.3748283386230469], [95.62519836425781, 1.3748283386230469], [95.62519836425781, 1.2914924621582031]]], [[[103.04277038574219, 1.6248359680175781], [103.04277038574219, 1.4581642150878906], [102.87608337402344, 1.4581642150878906], [102.87608337402344, 1.5415000915527344], [102.79273986816406, 1.5415000915527344], [102.79273986816406, 1.6248359680175781], [103.04277038574219, 1.6248359680175781]]], [[[94.45838928222656, 2.2081871032714844], [94.29170227050781, 2.2081871032714844], [94.29170227050781, 1.8748435974121094], [94.45838928222656, 1.8748435974121094], [94.45838928222656, 1.7915077209472656], [94.54173278808594, 1.7915077209472656], [94.54173278808594, 1.6248359680175781], [94.45838928222656, 1.6248359680175781], [94.45838928222656, 1.5415000915527344], [94.37504577636719, 1.5415000915527344], [94.37504577636719, 1.4581642150878906], [94.29170227050781, 1.4581642150878906], [94.29170227050781, 1.3748283386230469], [94.20835876464844, 1.3748283386230469], [94.20835876464844, 1.1248207092285156], [94.12501525878906, 1.1248207092285156], [94.12501525878906, 0.6248054504394531], [94.04167175292969, 0.6248054504394531], [94.04167175292969, 2.2081871032714844], [94.12501525878906, 2.2081871032714844], [94.12501525878906, 2.291522979736328], [94.20835876464844, 2.291522979736328], [94.20835876464844, 2.4581947326660156], [94.29170227050781, 2.4581947326660156], [94.29170227050781, 2.5415306091308594], [94.37504577636719, 2.5415306091308594], [94.37504577636719, 2.624866485595703], [94.45838928222656, 2.624866485595703], [94.45838928222656, 2.7915382385253906], [94.62507629394531, 2.7915382385253906], [94.62507629394531, 2.5415306091308594], [94.70841979980469, 2.5415306091308594], [94.70841979980469, 2.4581947326660156], [94.62507629394531, 2.4581947326660156], [94.62507629394531, 2.291522979736328], [94.45838928222656, 2.291522979736328], [94.45838928222656, 2.2081871032714844]]], [[[102.29267883300781, 1.9581794738769531], [102.37602233886719, 1.9581794738769531], [102.37602233886719, 1.8748435974121094], [102.29267883300781, 1.8748435974121094], [102.29267883300781, 1.9581794738769531]]], [[[102.20933532714844, 1.9581794738769531], [102.20933532714844, 2.041515350341797], [102.29267883300781, 2.041515350341797], [102.29267883300781, 1.9581794738769531], [102.20933532714844, 1.9581794738769531]]], [[[95.70854187011719, 2.2081871032714844], [95.79188537597656, 2.2081871032714844], [95.79188537597656, 2.041515350341797], [95.70854187011719, 2.041515350341797], [95.70854187011719, 2.2081871032714844]]], [[[100.54246520996094, 2.2081871032714844], [100.62580871582031, 2.2081871032714844], [100.62580871582031, 2.1248512268066406], [100.54246520996094, 2.1248512268066406], [100.54246520996094, 2.2081871032714844]]], [[[101.62593078613281, 2.624866485595703], [101.62593078613281, 2.4581947326660156], [101.54258728027344, 2.4581947326660156], [101.54258728027344, 2.5415306091308594], [101.37590026855469, 2.5415306091308594], [101.37590026855469, 2.624866485595703], [101.62593078613281, 2.624866485595703]]], [[[101.12586975097656, 2.7915382385253906], [101.29255676269531, 2.7915382385253906], [101.29255676269531, 2.708202362060547], [101.37590026855469, 2.708202362060547], [101.37590026855469, 2.624866485595703], [101.20921325683594, 2.624866485595703], [101.20921325683594, 2.708202362060547], [101.12586975097656, 2.708202362060547], [101.12586975097656, 2.7915382385253906]]], [[[95.29182434082031, 2.624866485595703], [95.12513732910156, 2.624866485595703], [95.12513732910156, 2.708202362060547], [95.04179382324219, 2.708202362060547], [95.04179382324219, 2.8748741149902344], [95.29182434082031, 2.8748741149902344], [95.29182434082031, 2.7915382385253906], [95.45851135253906, 2.7915382385253906], [95.45851135253906, 2.624866485595703], [95.37516784667969, 2.624866485595703], [95.37516784667969, 2.5415306091308594], [95.29182434082031, 2.5415306091308594], [95.29182434082031, 2.624866485595703]]], [[[95.54185485839844, 4.624927520751953], [95.54185485839844, 4.458255767822266], [95.62519836425781, 4.458255767822266], [95.62519836425781, 4.374919891357422], [95.37516784667969, 4.374919891357422], [95.37516784667969, 4.624927520751953], [95.54185485839844, 4.624927520751953]]], [[[94.45838928222656, 6.541652679443359], [94.37504577636719, 6.541652679443359], [94.37504577636719, 6.458316802978516], [94.29170227050781, 6.458316802978516], [94.29170227050781, 6.291645050048828], [94.20835876464844, 6.291645050048828], [94.20835876464844, 6.124973297119141], [94.37504577636719, 6.124973297119141], [94.37504577636719, 6.208309173583984], [94.62507629394531, 6.208309173583984], [94.62507629394531, 6.041637420654297], [95.29182434082031, 6.041637420654297], [95.29182434082031, 5.958301544189453], [95.37516784667969, 5.958301544189453], [95.37516784667969, 5.874965667724609], [95.12513732910156, 5.874965667724609], [95.12513732910156, 5.791629791259766], [94.70841979980469, 5.791629791259766], [94.70841979980469, 5.708293914794922], [94.95845031738281, 5.708293914794922], [94.95845031738281, 5.624958038330078], [95.12513732910156, 5.624958038330078], [95.12513732910156, 5.041606903076172], [94.79176330566406, 5.041606903076172], [94.79176330566406, 5.124942779541016], [94.70841979980469, 5.124942779541016], [94.70841979980469, 5.458286285400391], [94.62507629394531, 5.458286285400391], [94.62507629394531, 5.374950408935547], [94.54173278808594, 5.374950408935547], [94.54173278808594, 5.291614532470703], [94.45838928222656, 5.291614532470703], [94.45838928222656, 5.124942779541016], [94.62507629394531, 5.124942779541016], [94.62507629394531, 4.624927520751953], [94.87510681152344, 4.624927520751953], [94.87510681152344, 4.124912261962891], [95.12513732910156, 4.124912261962891], [95.12513732910156, 3.624897003173828], [95.37516784667969, 3.624897003173828], [95.37516784667969, 3.4582252502441406], [95.29182434082031, 3.4582252502441406], [95.29182434082031, 3.374889373779297], [95.20848083496094, 3.374889373779297], [95.20848083496094, 3.291553497314453], [95.04179382324219, 3.291553497314453], [95.04179382324219, 3.2082176208496094], [94.95845031738281, 3.2082176208496094], [94.95845031738281, 3.041545867919922], [94.87510681152344, 3.041545867919922], [94.87510681152344, 3.1248817443847656], [94.79176330566406, 3.1248817443847656], [94.79176330566406, 3.291553497314453], [94.70841979980469, 3.291553497314453], [94.70841979980469, 3.374889373779297], [94.79176330566406, 3.374889373779297], [94.79176330566406, 3.7915687561035156], [94.70841979980469, 3.7915687561035156], [94.70841979980469, 3.8749046325683594], [94.37504577636719, 3.8749046325683594], [94.37504577636719, 3.958240509033203], [94.12501525878906, 3.958240509033203], [94.12501525878906, 4.041576385498047], [94.04167175292969, 4.041576385498047], [94.04167175292969, 6.874996185302734], [94.12501525878906, 6.874996185302734], [94.12501525878906, 6.958332061767578], [94.37504577636719, 6.958332061767578], [94.37504577636719, 6.874996185302734], [94.62507629394531, 6.874996185302734], [94.62507629394531, 6.791660308837891], [94.54173278808594, 6.791660308837891], [94.54173278808594, 6.708324432373047], [94.45838928222656, 6.708324432373047], [94.45838928222656, 6.541652679443359]], [[94.62507629394531, 5.708293914794922], [94.62507629394531, 5.624958038330078], [94.70841979980469, 5.624958038330078], [94.70841979980469, 5.708293914794922], [94.62507629394531, 5.708293914794922]]], [[[97.45875549316406, 5.374950408935547], [97.62544250488281, 5.374950408935547], [97.62544250488281, 5.291614532470703], [97.45875549316406, 5.291614532470703], [97.45875549316406, 5.374950408935547]]], [[[97.20872497558594, 5.374950408935547], [97.20872497558594, 5.458286285400391], [97.29206848144531, 5.458286285400391], [97.29206848144531, 5.374950408935547], [97.20872497558594, 5.374950408935547]]], [[[115.79432678222656, -8.875484466552734], [115.87767028808594, -8.875484466552734], [115.87767028808594, -9.625507354736328], [115.79432678222656, -9.625507354736328], [115.79432678222656, -9.958850860595703], [115.71098327636719, -9.958850860595703], [115.71098327636719, -9.292163848876953], [115.79432678222656, -9.292163848876953], [115.79432678222656, -8.875484466552734]]], [[[115.54429626464844, -8.875484466552734], [115.62763977050781, -8.875484466552734], [115.62763977050781, -9.125492095947266], [115.54429626464844, -9.125492095947266], [115.54429626464844, -8.875484466552734]]], [[[116.04435729980469, -8.375469207763672], [116.04435729980469, -8.458805084228516], [115.96101379394531, -8.458805084228516], [115.96101379394531, -8.625476837158203], [115.87767028808594, -8.625476837158203], [115.87767028808594, -8.708812713623047], [115.79432678222656, -8.708812713623047], [115.79432678222656, -8.375469207763672], [115.62763977050781, -8.375469207763672], [115.62763977050781, -8.12546157836914], [115.71098327636719, -8.12546157836914], [115.71098327636719, -8.208797454833984], [115.79432678222656, -8.208797454833984], [115.79432678222656, -8.12546157836914], [115.87767028808594, -8.12546157836914], [115.87767028808594, -8.375469207763672], [116.04435729980469, -8.375469207763672]]], [[[114.37748718261719, -8.042125701904297], [114.54417419433594, -8.042125701904297], [114.54417419433594, -8.12546157836914], [114.37748718261719, -8.12546157836914], [114.37748718261719, -8.042125701904297]]], [[[112.87730407714844, -7.458774566650391], [112.96064758300781, -7.458774566650391], [112.96064758300781, -7.625446319580078], [112.87730407714844, -7.625446319580078], [112.87730407714844, -7.458774566650391]]], [[[116.62776184082031, -7.542110443115234], [116.71110534667969, -7.542110443115234], [116.71110534667969, -7.458774566650391], [116.79444885253906, -7.458774566650391], [116.79444885253906, -7.375438690185547], [116.87779235839844, -7.375438690185547], [116.87779235839844, -7.292102813720703], [117.12782287597656, -7.292102813720703], [117.12782287597656, -7.542110443115234], [117.04447937011719, -7.542110443115234], [117.04447937011719, -7.625446319580078], [116.96113586425781, -7.625446319580078], [116.96113586425781, -7.708782196044922], [116.62776184082031, -7.708782196044922], [116.62776184082031, -7.542110443115234]]], [[[117.96125793457031, -7.375438690185547], [118.04460144042969, -7.375438690185547], [118.04460144042969, -7.458774566650391], [117.96125793457031, -7.458774566650391], [117.96125793457031, -7.375438690185547]]], [[[112.96064758300781, -7.208766937255859], [113.29402160644531, -7.208766937255859], [113.29402160644531, -7.292102813720703], [112.96064758300781, -7.292102813720703], [112.96064758300781, -7.208766937255859]]], [[[112.46058654785156, -6.792087554931641], [112.62727355957031, -6.792087554931641], [112.62727355957031, -6.875423431396484], [112.46058654785156, -6.875423431396484], [112.46058654785156, -6.792087554931641]]], [[[118.29463195800781, -6.708751678466797], [118.29463195800781, -6.625415802001953], [118.37797546386719, -6.625415802001953], [118.37797546386719, -6.708751678466797], [118.29463195800781, -6.708751678466797]]], [[[114.54417419433594, -4.125339508056641], [114.62751770019531, -4.125339508056641], [114.62751770019531, -4.208675384521484], [114.54417419433594, -4.208675384521484], [114.54417419433594, -4.125339508056641]]], [[[115.79432678222656, -3.625324249267578], [115.87767028808594, -3.625324249267578], [115.87767028808594, -3.708660125732422], [115.79432678222656, -3.708660125732422], [115.79432678222656, -3.625324249267578]]], [[[116.37773132324219, -3.708660125732422], [116.37773132324219, -3.625324249267578], [116.46107482910156, -3.625324249267578], [116.46107482910156, -3.708660125732422], [116.37773132324219, -3.708660125732422]]], [[[113.62739562988281, -3.625324249267578], [113.87742614746094, -3.625324249267578], [113.87742614746094, -3.375316619873047], [114.29414367675781, -3.375316619873047], [114.29414367675781, -3.4586524963378906], [114.37748718261719, -3.4586524963378906], [114.37748718261719, -3.625324249267578], [114.62751770019531, -3.625324249267578], [114.62751770019531, -3.958667755126953], [114.54417419433594, -3.958667755126953], [114.54417419433594, -3.708660125732422], [114.37748718261719, -3.708660125732422], [114.37748718261719, -3.8753318786621094], [114.04411315917969, -3.8753318786621094], [114.04411315917969, -3.958667755126953], [113.87742614746094, -3.958667755126953], [113.87742614746094, -3.8753318786621094], [113.54405212402344, -3.8753318786621094], [113.54405212402344, -3.7919960021972656], [113.37736511230469, -3.7919960021972656], [113.37736511230469, -3.708660125732422], [113.29402160644531, -3.708660125732422], [113.29402160644531, -3.625324249267578], [113.54405212402344, -3.625324249267578], [113.54405212402344, -3.5419883728027344], [113.37736511230469, -3.5419883728027344], [113.37736511230469, -3.4586524963378906], [112.79396057128906, -3.4586524963378906], [112.79396057128906, -3.5419883728027344], [112.21055603027344, -3.5419883728027344], [112.21055603027344, -3.625324249267578], [112.79396057128906, -3.625324249267578], [112.79396057128906, -3.708660125732422], [112.21055603027344, -3.708660125732422], [112.21055603027344, -3.7919960021972656], [111.87718200683594, -3.7919960021972656], [111.87718200683594, -3.708660125732422], [111.62715148925781, -3.708660125732422], [111.62715148925781, -3.375316619873047], [111.87718200683594, -3.375316619873047], [111.87718200683594, -3.4586524963378906], [111.79383850097656, -3.4586524963378906], [111.79383850097656, -3.5419883728027344], [111.87718200683594, -3.5419883728027344], [111.87718200683594, -3.625324249267578], [112.12721252441406, -3.625324249267578], [112.12721252441406, -3.375316619873047], [112.46058654785156, -3.375316619873047], [112.46058654785156, -3.4586524963378906], [112.62727355957031, -3.4586524963378906], [112.62727355957031, -3.375316619873047], [112.87730407714844, -3.375316619873047], [112.87730407714844, -3.2086448669433594], [112.96064758300781, -3.2086448669433594], [112.96064758300781, -3.1253089904785156], [113.21067810058594, -3.1253089904785156], [113.21067810058594, -3.2086448669433594], [113.29402160644531, -3.2086448669433594], [113.29402160644531, -3.291980743408203], [113.37736511230469, -3.291980743408203], [113.37736511230469, -3.2086448669433594], [113.62739562988281, -3.2086448669433594], [113.62739562988281, -3.625324249267578]]], [[[111.37712097167969, -3.5419883728027344], [111.12709045410156, -3.5419883728027344], [111.12709045410156, -3.625324249267578], [110.12696838378906, -3.625324249267578], [110.12696838378906, -3.5419883728027344], [109.96028137207031, -3.5419883728027344], [109.96028137207031, -3.4586524963378906], [109.87693786621094, -3.4586524963378906], [109.87693786621094, -3.291980743408203], [109.79359436035156, -3.291980743408203], [109.79359436035156, -3.1253089904785156], [110.12696838378906, -3.1253089904785156], [110.12696838378906, -3.375316619873047], [111.12709045410156, -3.375316619873047], [111.12709045410156, -3.041973114013672], [111.21043395996094, -3.041973114013672], [111.21043395996094, -2.958637237548828], [111.37712097167969, -2.958637237548828], [111.37712097167969, -3.1253089904785156], [111.62715148925781, -3.1253089904785156], [111.62715148925781, -3.375316619873047], [111.54380798339844, -3.375316619873047], [111.54380798339844, -3.291980743408203], [111.37712097167969, -3.291980743408203], [111.37712097167969, -3.5419883728027344]]], [[[110.21031188964844, -3.041973114013672], [110.21031188964844, -2.958637237548828], [110.29365539550781, -2.958637237548828], [110.29365539550781, -3.041973114013672], [110.21031188964844, -3.041973114013672]]], [[[110.37699890136719, -2.8753013610839844], [110.62702941894531, -2.8753013610839844], [110.62702941894531, -3.041973114013672], [110.54368591308594, -3.041973114013672], [110.54368591308594, -2.958637237548828], [110.46034240722656, -2.958637237548828], [110.46034240722656, -3.041973114013672], [110.37699890136719, -3.041973114013672], [110.37699890136719, -2.8753013610839844]]], [[[110.04362487792969, -2.708629608154297], [110.12696838378906, -2.708629608154297], [110.12696838378906, -2.7919654846191406], [110.04362487792969, -2.7919654846191406], [110.04362487792969, -2.708629608154297]]], [[[116.37773132324219, -2.708629608154297], [116.37773132324219, -2.625293731689453], [116.46107482910156, -2.625293731689453], [116.46107482910156, -2.708629608154297], [116.37773132324219, -2.708629608154297]]], [[[117.46119689941406, -2.4586219787597656], [117.54454040527344, -2.4586219787597656], [117.54454040527344, -2.5419578552246094], [117.46119689941406, -2.5419578552246094], [117.46119689941406, -2.4586219787597656]]], [[[109.87693786621094, -1.8752708435058594], [110.04362487792969, -1.8752708435058594], [110.04362487792969, -1.9586067199707031], [110.12696838378906, -1.9586067199707031], [110.12696838378906, -2.5419578552246094], [110.04362487792969, -2.5419578552246094], [110.04362487792969, -2.041942596435547], [109.87693786621094, -2.041942596435547], [109.87693786621094, -1.8752708435058594]]], [[[116.37773132324219, -1.7919349670410156], [116.37773132324219, -1.7085990905761719], [116.46107482910156, -1.7085990905761719], [116.46107482910156, -1.6252632141113281], [116.62776184082031, -1.6252632141113281], [116.62776184082031, -1.7085990905761719], [116.54441833496094, -1.7085990905761719], [116.54441833496094, -2.1252784729003906], [116.46107482910156, -2.1252784729003906], [116.46107482910156, -1.7919349670410156], [116.37773132324219, -1.7919349670410156]]], [[[109.79359436035156, -1.7085990905761719], [109.87693786621094, -1.7085990905761719], [109.87693786621094, -1.8752708435058594], [109.79359436035156, -1.8752708435058594], [109.79359436035156, -1.7085990905761719]]], [[[116.79444885253906, -1.4585914611816406], [116.87779235839844, -1.4585914611816406], [116.87779235839844, -1.5419273376464844], [116.79444885253906, -1.5419273376464844], [116.79444885253906, -1.4585914611816406]]], [[[109.62690734863281, -1.4585914611816406], [109.62690734863281, -1.3752555847167969], [109.87693786621094, -1.3752555847167969], [109.87693786621094, -1.6252632141113281], [109.79359436035156, -1.6252632141113281], [109.79359436035156, -1.5419273376464844], [109.71025085449219, -1.5419273376464844], [109.71025085449219, -1.4585914611816406], [109.62690734863281, -1.4585914611816406]]], [[[116.62776184082031, -1.3752555847167969], [116.79444885253906, -1.3752555847167969], [116.79444885253906, -1.4585914611816406], [116.62776184082031, -1.4585914611816406], [116.62776184082031, -1.3752555847167969]]], [[[116.96113586425781, -1.2919197082519531], [117.04447937011719, -1.2919197082519531], [117.04447937011719, -1.3752555847167969], [116.96113586425781, -1.3752555847167969], [116.96113586425781, -1.2919197082519531]]], [[[117.12782287597656, -1.0419120788574219], [117.12782287597656, -0.9585762023925781], [117.21116638183594, -0.9585762023925781], [117.21116638183594, -1.0419120788574219], [117.12782287597656, -1.0419120788574219]]], [[[117.62788391113281, -0.7085685729980469], [117.71122741699219, -0.7085685729980469], [117.71122741699219, -0.7919044494628906], [117.62788391113281, -0.7919044494628906], [117.62788391113281, -0.7085685729980469]]], [[[117.46119689941406, -0.2918891906738281], [117.62788391113281, -0.2918891906738281], [117.62788391113281, -0.3752250671386719], [117.46119689941406, -0.3752250671386719], [117.46119689941406, -0.2918891906738281]]], [[[117.71122741699219, 0.20812606811523438], [117.79457092285156, 0.20812606811523438], [117.79457092285156, -0.7085685729980469], [117.71122741699219, -0.7085685729980469], [117.71122741699219, 0.20812606811523438]]], [[[118.54466247558594, 1.6248359680175781], [118.62800598144531, 1.6248359680175781], [118.62800598144531, 1.5415000915527344], [118.54466247558594, 1.5415000915527344], [118.54466247558594, 1.6248359680175781]]], [[[118.29463195800781, 2.1248512268066406], [118.37797546386719, 2.1248512268066406], [118.37797546386719, 2.041515350341797], [118.29463195800781, 2.041515350341797], [118.29463195800781, 2.1248512268066406]]], [[[118.21128845214844, 2.291522979736328], [118.29463195800781, 2.291522979736328], [118.29463195800781, 2.2081871032714844], [118.21128845214844, 2.2081871032714844], [118.21128845214844, 2.291522979736328]]], [[[111.62715148925781, 2.8748741149902344], [111.62715148925781, 2.958209991455078], [111.71049499511719, 2.958209991455078], [111.71049499511719, 2.8748741149902344], [111.62715148925781, 2.8748741149902344]]], [[[117.87791442871094, 2.8748741149902344], [117.71122741699219, 2.8748741149902344], [117.71122741699219, 2.958209991455078], [117.62788391113281, 2.958209991455078], [117.62788391113281, 3.1248817443847656], [117.87791442871094, 3.1248817443847656], [117.87791442871094, 2.8748741149902344]]], [[[118.04460144042969, 4.041576385498047], [117.96125793457031, 4.041576385498047], [117.96125793457031, 3.8749046325683594], [117.87791442871094, 3.8749046325683594], [117.87791442871094, 4.124912261962891], [118.04460144042969, 4.124912261962891], [118.04460144042969, 4.041576385498047]]], [[[117.62788391113281, 4.291584014892578], [117.62788391113281, 4.374919891357422], [117.79457092285156, 4.374919891357422], [117.79457092285156, 4.291584014892578], [117.87791442871094, 4.291584014892578], [117.87791442871094, 4.208248138427734], [117.71122741699219, 4.208248138427734], [117.71122741699219, 4.291584014892578], [117.62788391113281, 4.291584014892578]]], [[[118.37797546386719, 6.874996185302734], [118.46131896972656, 6.874996185302734], [118.46131896972656, 6.708324432373047], [118.37797546386719, 6.708324432373047], [118.37797546386719, 6.874996185302734]]], [[[117.29450988769531, 6.958332061767578], [117.37785339355469, 6.958332061767578], [117.37785339355469, 6.874996185302734], [117.29450988769531, 6.874996185302734], [117.29450988769531, 6.958332061767578]]], [[[118.12794494628906, 6.874996185302734], [118.12794494628906, 6.958332061767578], [118.29463195800781, 6.958332061767578], [118.29463195800781, 6.874996185302734], [118.12794494628906, 6.874996185302734]]], [[[125.12879943847656, -10.208858489990234], [125.04545593261719, -10.208858489990234], [125.04545593261719, -10.292194366455078], [124.96211242675781, -10.292194366455078], [124.96211242675781, -10.375530242919922], [124.87876892089844, -10.375530242919922], [124.87876892089844, -10.458866119384766], [124.71208190917969, -10.458866119384766], [124.71208190917969, -10.54220199584961], [124.62873840332031, -10.54220199584961], [124.62873840332031, -10.625537872314453], [124.54539489746094, -10.625537872314453], [124.54539489746094, -10.708873748779297], [124.37870788574219, -10.708873748779297], [124.37870788574219, -10.79220962524414], [124.21202087402344, -10.79220962524414], [124.21202087402344, -10.875545501708984], [124.04533386230469, -10.875545501708984], [124.04533386230469, -10.958881378173828], [123.87864685058594, -10.958881378173828], [123.87864685058594, -11.042217254638672], [123.79530334472656, -11.042217254638672], [123.79530334472656, -11.125553131103516], [123.62861633300781, -11.125553131103516], [123.62861633300781, -11.20888900756836], [123.46192932128906, -11.20888900756836], [123.46192932128906, -11.292224884033203], [123.37858581542969, -11.292224884033203], [123.37858581542969, -11.375560760498047], [123.21189880371094, -11.375560760498047], [123.21189880371094, -11.45889663696289], [123.04521179199219, -11.45889663696289], [123.04521179199219, -11.542232513427734], [122.96186828613281, -11.542232513427734], [122.96186828613281, -11.625568389892578], [122.79518127441406, -11.625568389892578], [122.79518127441406, -11.708904266357422], [122.62849426269531, -11.708904266357422], [122.62849426269531, -11.792240142822266], [122.54515075683594, -11.792240142822266], [122.54515075683594, -11.87557601928711], [122.37846374511719, -11.87557601928711], [122.37846374511719, -11.958911895751953], [121.46168518066406, -11.958911895751953], [121.46168518066406, -11.87557601928711], [121.12831115722656, -11.87557601928711], [121.12831115722656, -11.708904266357422], [120.79493713378906, -11.708904266357422], [120.79493713378906, -11.542232513427734], [121.04496765136719, -11.542232513427734], [121.04496765136719, -11.45889663696289], [121.37834167480469, -11.45889663696289], [121.37834167480469, -11.375560760498047], [121.71171569824219, -11.375560760498047], [121.71171569824219, -11.45889663696289], [121.87840270996094, -11.45889663696289], [121.87840270996094, -11.625568389892578], [121.79505920410156, -11.625568389892578], [121.79505920410156, -11.708904266357422], [122.04508972167969, -11.708904266357422], [122.04508972167969, -11.625568389892578], [122.21177673339844, -11.625568389892578], [122.21177673339844, -11.542232513427734], [122.29512023925781, -11.542232513427734], [122.29512023925781, -11.45889663696289], [122.37846374511719, -11.45889663696289], [122.37846374511719, -11.375560760498047], [122.54515075683594, -11.375560760498047], [122.54515075683594, -11.292224884033203], [122.62849426269531, -11.292224884033203], [122.62849426269531, -11.20888900756836], [122.79518127441406, -11.20888900756836], [122.79518127441406, -11.125553131103516], [122.96186828613281, -11.125553131103516], [122.96186828613281, -11.042217254638672], [123.04521179199219, -11.042217254638672], [123.04521179199219, -10.958881378173828], [122.96186828613281, -10.958881378173828], [122.96186828613281, -10.875545501708984], [123.12855529785156, -10.875545501708984], [123.12855529785156, -10.958881378173828], [123.21189880371094, -10.958881378173828], [123.21189880371094, -10.875545501708984], [123.62861633300781, -10.875545501708984], [123.62861633300781, -10.708873748779297], [123.71195983886719, -10.708873748779297], [123.71195983886719, -10.625537872314453], [124.12867736816406, -10.625537872314453], [124.12867736816406, -10.458866119384766], [124.21202087402344, -10.458866119384766], [124.21202087402344, -10.375530242919922], [124.29536437988281, -10.375530242919922], [124.29536437988281, -10.292194366455078], [124.37870788574219, -10.292194366455078], [124.37870788574219, -10.208858489990234], [124.62873840332031, -10.208858489990234], [124.62873840332031, -10.12552261352539], [124.87876892089844, -10.12552261352539], [124.87876892089844, -9.958850860595703], [124.96211242675781, -9.958850860595703], [124.96211242675781, -9.87551498413086], [125.46217346191406, -9.87551498413086], [125.46217346191406, -9.958850860595703], [125.29548645019531, -9.958850860595703], [125.29548645019531, -10.042186737060547], [125.21214294433594, -10.042186737060547], [125.21214294433594, -10.12552261352539], [125.12879943847656, -10.12552261352539], [125.12879943847656, -10.208858489990234]]], [[[122.29512023925781, -10.708873748779297], [122.21177673339844, -10.708873748779297], [122.21177673339844, -10.625537872314453], [122.12843322753906, -10.625537872314453], [122.12843322753906, -10.375530242919922], [122.37846374511719, -10.375530242919922], [122.37846374511719, -10.458866119384766], [122.54515075683594, -10.458866119384766], [122.54515075683594, -10.54220199584961], [122.37846374511719, -10.54220199584961], [122.37846374511719, -10.625537872314453], [122.29512023925781, -10.625537872314453], [122.29512023925781, -10.708873748779297]]], [[[121.12831115722656, -9.87551498413086], [120.87828063964844, -9.87551498413086], [120.87828063964844, -9.625507354736328], [121.12831115722656, -9.625507354736328], [121.12831115722656, -9.87551498413086]]], [[[125.04545593261719, -8.79214859008789], [124.96211242675781, -8.79214859008789], [124.96211242675781, -8.875484466552734], [124.71208190917969, -8.875484466552734], [124.71208190917969, -8.958820343017578], [124.62873840332031, -8.958820343017578], [124.62873840332031, -9.042156219482422], [124.54539489746094, -9.042156219482422], [124.54539489746094, -9.125492095947266], [124.12867736816406, -9.125492095947266], [124.12867736816406, -9.375499725341797], [123.79530334472656, -9.375499725341797], [123.79530334472656, -9.45883560180664], [123.62861633300781, -9.45883560180664], [123.62861633300781, -9.542171478271484], [123.54527282714844, -9.542171478271484], [123.54527282714844, -9.625507354736328], [123.46192932128906, -9.625507354736328], [123.46192932128906, -9.708843231201172], [123.37858581542969, -9.708843231201172], [123.37858581542969, -9.87551498413086], [123.04521179199219, -9.87551498413086], [123.04521179199219, -9.958850860595703], [122.87852478027344, -9.958850860595703], [122.87852478027344, -10.042186737060547], [122.79518127441406, -10.042186737060547], [122.79518127441406, -10.12552261352539], [122.54515075683594, -10.12552261352539], [122.54515075683594, -10.208858489990234], [122.46180725097656, -10.208858489990234], [122.46180725097656, -10.292194366455078], [122.37846374511719, -10.292194366455078], [122.37846374511719, -10.042186737060547], [122.29512023925781, -10.042186737060547], [122.29512023925781, -10.12552261352539], [121.87840270996094, -10.12552261352539], [121.87840270996094, -10.208858489990234], [121.04496765136719, -10.208858489990234], [121.04496765136719, -10.12552261352539], [121.12831115722656, -10.12552261352539], [121.12831115722656, -9.87551498413086], [121.37834167480469, -9.87551498413086], [121.37834167480469, -9.708843231201172], [121.87840270996094, -9.708843231201172], [121.87840270996094, -9.625507354736328], [122.04508972167969, -9.625507354736328], [122.04508972167969, -9.542171478271484], [122.29512023925781, -9.542171478271484], [122.29512023925781, -9.45883560180664], [122.71183776855469, -9.45883560180664], [122.71183776855469, -9.375499725341797], [123.04521179199219, -9.375499725341797], [123.04521179199219, -9.20882797241211], [123.21189880371094, -9.20882797241211], [123.21189880371094, -9.125492095947266], [123.37858581542969, -9.125492095947266], [123.37858581542969, -9.042156219482422], [123.54527282714844, -9.042156219482422], [123.54527282714844, -8.958820343017578], [123.62861633300781, -8.958820343017578], [123.62861633300781, -8.708812713623047], [123.54527282714844, -8.708812713623047], [123.54527282714844, -8.625476837158203], [123.71195983886719, -8.625476837158203], [123.71195983886719, -8.54214096069336], [123.62861633300781, -8.54214096069336], [123.62861633300781, -8.458805084228516], [123.71195983886719, -8.458805084228516], [123.71195983886719, -8.375469207763672], [123.79530334472656, -8.375469207763672], [123.79530334472656, -8.458805084228516], [123.87864685058594, -8.458805084228516], [123.87864685058594, -8.708812713623047], [123.96199035644531, -8.708812713623047], [123.96199035644531, -8.625476837158203], [124.21202087402344, -8.625476837158203], [124.21202087402344, -8.708812713623047], [124.12867736816406, -8.708812713623047], [124.12867736816406, -8.79214859008789], [124.04533386230469, -8.79214859008789], [124.04533386230469, -8.875484466552734], [124.37870788574219, -8.875484466552734], [124.37870788574219, -8.79214859008789], [124.62873840332031, -8.79214859008789], [124.62873840332031, -8.708812713623047], [124.71208190917969, -8.708812713623047], [124.71208190917969, -8.625476837158203], [124.96211242675781, -8.625476837158203], [124.96211242675781, -8.54214096069336], [125.12879943847656, -8.54214096069336], [125.12879943847656, -8.375469207763672], [125.21214294433594, -8.375469207763672], [125.21214294433594, -8.292133331298828], [125.12879943847656, -8.292133331298828], [125.12879943847656, -8.12546157836914], [125.04545593261719, -8.12546157836914], [125.04545593261719, -8.042125701904297], [125.21214294433594, -8.042125701904297], [125.21214294433594, -8.12546157836914], [125.37882995605469, -8.12546157836914], [125.37882995605469, -8.625476837158203], [125.12879943847656, -8.625476837158203], [125.12879943847656, -8.875484466552734], [125.04545593261719, -8.875484466552734], [125.04545593261719, -8.79214859008789]], [[124.12867736816406, -9.042156219482422], [124.04533386230469, -9.042156219482422], [124.04533386230469, -9.125492095947266], [124.12867736816406, -9.125492095947266], [124.12867736816406, -9.042156219482422]], [[122.29512023925781, -9.958850860595703], [122.12843322753906, -9.958850860595703], [122.12843322753906, -10.042186737060547], [122.29512023925781, -10.042186737060547], [122.29512023925781, -9.958850860595703]], [[123.71195983886719, -9.042156219482422], [123.79530334472656, -9.042156219482422], [123.79530334472656, -8.958820343017578], [123.87864685058594, -8.958820343017578], [123.87864685058594, -8.875484466552734], [123.79530334472656, -8.875484466552734], [123.79530334472656, -8.625476837158203], [123.71195983886719, -8.625476837158203], [123.71195983886719, -9.042156219482422]], [[123.96199035644531, -8.875484466552734], [123.96199035644531, -8.958820343017578], [124.04533386230469, -8.958820343017578], [124.04533386230469, -8.875484466552734], [123.96199035644531, -8.875484466552734]]], [[[120.79493713378906, -8.958820343017578], [120.62825012207031, -8.958820343017578], [120.62825012207031, -8.875484466552734], [120.87828063964844, -8.875484466552734], [120.87828063964844, -8.958820343017578], [121.12831115722656, -8.958820343017578], [121.12831115722656, -9.125492095947266], [120.87828063964844, -9.125492095947266], [120.87828063964844, -9.042156219482422], [120.79493713378906, -9.042156219482422], [120.79493713378906, -8.958820343017578]]], [[[119.37809753417969, -8.625476837158203], [119.29475402832031, -8.625476837158203], [119.29475402832031, -8.79214859008789], [119.21141052246094, -8.79214859008789], [119.21141052246094, -8.54214096069336], [119.37809753417969, -8.54214096069336], [119.37809753417969, -8.625476837158203]]], [[[123.87864685058594, -8.375469207763672], [123.87864685058594, -8.292133331298828], [124.04533386230469, -8.292133331298828], [124.04533386230469, -8.375469207763672], [123.87864685058594, -8.375469207763672]]], [[[125.62886047363281, -8.042125701904297], [125.71220397949219, -8.042125701904297], [125.71220397949219, -8.208797454833984], [125.62886047363281, -8.208797454833984], [125.62886047363281, -8.042125701904297]]], [[[118.62800598144531, -6.125400543212891], [118.71134948730469, -6.125400543212891], [118.71134948730469, -6.292072296142578], [118.62800598144531, -6.292072296142578], [118.62800598144531, -6.125400543212891]]], [[[118.71134948730469, -6.125400543212891], [118.71134948730469, -6.042064666748047], [118.79469299316406, -6.042064666748047], [118.79469299316406, -6.125400543212891], [118.71134948730469, -6.125400543212891]]], [[[120.12818908691406, -5.792057037353516], [119.96150207519531, -5.792057037353516], [119.96150207519531, -5.875392913818359], [119.04472351074219, -5.875392913818359], [119.04472351074219, -5.792057037353516], [118.87803649902344, -5.792057037353516], [118.87803649902344, -5.625385284423828], [118.96138000488281, -5.625385284423828], [118.96138000488281, -5.542049407958984], [119.12806701660156, -5.542049407958984], [119.12806701660156, -5.458713531494141], [119.29475402832031, -5.458713531494141], [119.29475402832031, -5.375377655029297], [119.37809753417969, -5.375377655029297], [119.37809753417969, -5.625385284423828], [119.62812805175781, -5.625385284423828], [119.62812805175781, -5.708721160888672], [119.87815856933594, -5.708721160888672], [119.87815856933594, -5.625385284423828], [120.12818908691406, -5.625385284423828], [120.12818908691406, -5.792057037353516]]], [[[119.37809753417969, -5.042034149169922], [119.46144104003906, -5.042034149169922], [119.46144104003906, -5.125370025634766], [119.37809753417969, -5.125370025634766], [119.37809753417969, -5.042034149169922]]], [[[119.46144104003906, -4.958698272705078], [119.46144104003906, -4.708690643310547], [119.54478454589844, -4.708690643310547], [119.54478454589844, -4.958698272705078], [119.46144104003906, -4.958698272705078]]], [[[126.04557800292969, -3.2086448669433594], [125.96223449707031, -3.2086448669433594], [125.96223449707031, -3.291980743408203], [125.87889099121094, -3.291980743408203], [125.87889099121094, -3.5419883728027344], [125.79554748535156, -3.5419883728027344], [125.79554748535156, -3.708660125732422], [125.87889099121094, -3.708660125732422], [125.87889099121094, -3.7919960021972656], [126.21226501464844, -3.7919960021972656], [126.21226501464844, -3.958667755126953], [126.04557800292969, -3.958667755126953], [126.04557800292969, -4.042003631591797], [125.87889099121094, -4.042003631591797], [125.87889099121094, -4.125339508056641], [125.71220397949219, -4.125339508056641], [125.71220397949219, -4.208675384521484], [125.62886047363281, -4.208675384521484], [125.62886047363281, -4.292011260986328], [125.54551696777344, -4.292011260986328], [125.54551696777344, -4.375347137451172], [125.37882995605469, -4.375347137451172], [125.37882995605469, -4.458683013916016], [125.12879943847656, -4.458683013916016], [125.12879943847656, -4.292011260986328], [125.04545593261719, -4.292011260986328], [125.04545593261719, -4.542018890380859], [124.96211242675781, -4.542018890380859], [124.96211242675781, -4.375347137451172], [124.87876892089844, -4.375347137451172], [124.87876892089844, -4.458683013916016], [124.62873840332031, -4.458683013916016], [124.62873840332031, -4.208675384521484], [124.71208190917969, -4.208675384521484], [124.71208190917969, -4.125339508056641], [124.79542541503906, -4.125339508056641], [124.79542541503906, -4.042003631591797], [124.87876892089844, -4.042003631591797], [124.87876892089844, -3.8753318786621094], [124.71208190917969, -3.8753318786621094], [124.71208190917969, -4.042003631591797], [124.62873840332031, -4.042003631591797], [124.62873840332031, -3.625324249267578], [124.79542541503906, -3.625324249267578], [124.79542541503906, -3.4586524963378906], [124.87876892089844, -3.4586524963378906], [124.87876892089844, -3.375316619873047], [124.96211242675781, -3.375316619873047], [124.96211242675781, -3.4586524963378906], [125.12879943847656, -3.4586524963378906], [125.12879943847656, -3.708660125732422], [125.21214294433594, -3.708660125732422], [125.21214294433594, -3.625324249267578], [125.29548645019531, -3.625324249267578], [125.29548645019531, -3.5419883728027344], [125.37882995605469, -3.5419883728027344], [125.37882995605469, -3.375316619873047], [125.12879943847656, -3.375316619873047], [125.12879943847656, -3.1253089904785156], [125.29548645019531, -3.1253089904785156], [125.29548645019531, -3.041973114013672], [125.46217346191406, -3.041973114013672], [125.46217346191406, -2.958637237548828], [125.62886047363281, -2.958637237548828], [125.62886047363281, -2.8753013610839844], [125.79554748535156, -2.8753013610839844], [125.79554748535156, -2.7919654846191406], [125.87889099121094, -2.7919654846191406], [125.87889099121094, -2.958637237548828], [125.96223449707031, -2.958637237548828], [125.96223449707031, -2.8753013610839844], [126.12892150878906, -2.8753013610839844], [126.12892150878906, -3.041973114013672], [126.04557800292969, -3.041973114013672], [126.04557800292969, -3.2086448669433594]], [[125.62886047363281, -3.7919960021972656], [125.62886047363281, -3.625324249267578], [125.54551696777344, -3.625324249267578], [125.54551696777344, -3.708660125732422], [125.46217346191406, -3.708660125732422], [125.46217346191406, -3.7919960021972656], [125.37882995605469, -3.7919960021972656], [125.37882995605469, -3.8753318786621094], [125.54551696777344, -3.8753318786621094], [125.54551696777344, -3.7919960021972656], [125.62886047363281, -3.7919960021972656]], [[124.96211242675781, -3.708660125732422], [124.96211242675781, -3.7919960021972656], [125.04545593261719, -3.7919960021972656], [125.04545593261719, -3.708660125732422], [124.96211242675781, -3.708660125732422]]], [[[123.87864685058594, -2.041942596435547], [123.96199035644531, -2.041942596435547], [123.96199035644531, -2.1252784729003906], [123.87864685058594, -2.1252784729003906], [123.87864685058594, -2.041942596435547]]], [[[124.46205139160156, -0.7085685729980469], [124.37870788574219, -0.7085685729980469], [124.37870788574219, -1.0419120788574219], [124.29536437988281, -1.0419120788574219], [124.29536437988281, -1.7085990905761719], [124.37870788574219, -1.7085990905761719], [124.37870788574219, -1.7919349670410156], [124.29536437988281, -1.7919349670410156], [124.29536437988281, -1.8752708435058594], [124.21202087402344, -1.8752708435058594], [124.21202087402344, -1.5419273376464844], [124.12867736816406, -1.5419273376464844], [124.12867736816406, -1.6252632141113281], [123.79530334472656, -1.6252632141113281], [123.79530334472656, -1.7919349670410156], [123.62861633300781, -1.7919349670410156], [123.62861633300781, -1.7085990905761719], [123.71195983886719, -1.7085990905761719], [123.71195983886719, -1.3752555847167969], [123.62861633300781, -1.3752555847167969], [123.62861633300781, -0.6252326965332031], [123.37858581542969, -0.6252326965332031], [123.37858581542969, -0.5418968200683594], [123.12855529785156, -0.5418968200683594], [123.12855529785156, -0.4585609436035156], [123.37858581542969, -0.4585609436035156], [123.37858581542969, -0.12521743774414062], [123.62861633300781, -0.12521743774414062], [123.62861633300781, -0.20855331420898438], [123.71195983886719, -0.20855331420898438], [123.71195983886719, -0.12521743774414062], [123.79530334472656, -0.12521743774414062], [123.79530334472656, -0.041881561279296875], [123.96199035644531, -0.041881561279296875], [123.96199035644531, 0.041454315185546875], [124.29536437988281, 0.041454315185546875], [124.29536437988281, 0.12479019165039062], [124.62873840332031, 0.12479019165039062], [124.62873840332031, 0.041454315185546875], [124.46205139160156, 0.041454315185546875], [124.46205139160156, -0.12521743774414062], [124.37870788574219, -0.12521743774414062], [124.37870788574219, -0.6252326965332031], [124.46205139160156, -0.6252326965332031], [124.46205139160156, -0.7085685729980469]]], [[[119.12806701660156, 4.374919891357422], [119.04472351074219, 4.374919891357422], [119.04472351074219, 3.8749046325683594], [118.96138000488281, 3.8749046325683594], [118.96138000488281, 3.624897003173828], [118.87803649902344, 3.624897003173828], [118.87803649902344, 3.374889373779297], [118.96138000488281, 3.374889373779297], [118.96138000488281, 3.4582252502441406], [119.04472351074219, 3.4582252502441406], [119.04472351074219, 3.708232879638672], [119.12806701660156, 3.708232879638672], [119.12806701660156, 3.7915687561035156], [119.21141052246094, 3.7915687561035156], [119.21141052246094, 3.958240509033203], [119.29475402832031, 3.958240509033203], [119.29475402832031, 4.124912261962891], [119.37809753417969, 4.124912261962891], [119.37809753417969, 4.374919891357422], [119.46144104003906, 4.374919891357422], [119.46144104003906, 4.458255767822266], [119.37809753417969, 4.458255767822266], [119.37809753417969, 4.624927520751953], [119.54478454589844, 4.624927520751953], [119.54478454589844, 4.958271026611328], [119.62812805175781, 4.958271026611328], [119.62812805175781, 5.041606903076172], [119.71147155761719, 5.041606903076172], [119.71147155761719, 4.874935150146484], [119.79481506347656, 4.874935150146484], [119.79481506347656, 4.458255767822266], [119.71147155761719, 4.458255767822266], [119.71147155761719, 4.124912261962891], [119.79481506347656, 4.124912261962891], [119.79481506347656, 4.208248138427734], [119.87815856933594, 4.208248138427734], [119.87815856933594, 4.291584014892578], [119.96150207519531, 4.291584014892578], [119.96150207519531, 4.374919891357422], [120.04484558105469, 4.374919891357422], [120.04484558105469, 4.458255767822266], [120.12818908691406, 4.458255767822266], [120.12818908691406, 4.541591644287109], [120.21153259277344, 4.541591644287109], [120.21153259277344, 4.624927520751953], [120.29487609863281, 4.624927520751953], [120.29487609863281, 4.708263397216797], [120.37821960449219, 4.708263397216797], [120.37821960449219, 4.791599273681641], [120.54490661621094, 4.791599273681641], [120.54490661621094, 4.958271026611328], [120.62825012207031, 4.958271026611328], [120.62825012207031, 5.208278656005859], [120.71159362792969, 5.208278656005859], [120.71159362792969, 5.374950408935547], [120.79493713378906, 5.374950408935547], [120.79493713378906, 5.124942779541016], [120.96162414550781, 5.124942779541016], [120.96162414550781, 4.791599273681641], [120.87828063964844, 4.791599273681641], [120.87828063964844, 4.708263397216797], [120.79493713378906, 4.708263397216797], [120.79493713378906, 4.624927520751953], [120.71159362792969, 4.624927520751953], [120.71159362792969, 4.541591644287109], [120.62825012207031, 4.541591644287109], [120.62825012207031, 4.458255767822266], [120.54490661621094, 4.458255767822266], [120.54490661621094, 4.374919891357422], [120.37821960449219, 4.374919891357422], [120.37821960449219, 4.291584014892578], [120.29487609863281, 4.291584014892578], [120.29487609863281, 4.208248138427734], [120.12818908691406, 4.208248138427734], [120.12818908691406, 4.124912261962891], [120.04484558105469, 4.124912261962891], [120.04484558105469, 4.041576385498047], [119.96150207519531, 4.041576385498047], [119.96150207519531, 3.958240509033203], [119.87815856933594, 3.958240509033203], [119.87815856933594, 3.8749046325683594], [120.12818908691406, 3.8749046325683594], [120.12818908691406, 3.708232879638672], [120.04484558105469, 3.708232879638672], [120.04484558105469, 3.5415611267089844], [119.96150207519531, 3.5415611267089844], [119.96150207519531, 3.374889373779297], [119.87815856933594, 3.374889373779297], [119.87815856933594, 3.291553497314453], [119.79481506347656, 3.291553497314453], [119.79481506347656, 3.2082176208496094], [119.71147155761719, 3.2082176208496094], [119.71147155761719, 3.1248817443847656], [119.54478454589844, 3.1248817443847656], [119.54478454589844, 2.8748741149902344], [119.62812805175781, 2.8748741149902344], [119.62812805175781, 2.624866485595703], [119.71147155761719, 2.624866485595703], [119.71147155761719, 2.4581947326660156], [119.79481506347656, 2.4581947326660156], [119.79481506347656, 2.374858856201172], [119.87815856933594, 2.374858856201172], [119.87815856933594, 1.5415000915527344], [119.96150207519531, 1.5415000915527344], [119.96150207519531, 1.3748283386230469], [120.12818908691406, 1.3748283386230469], [120.12818908691406, 1.1248207092285156], [119.87815856933594, 1.1248207092285156], [119.87815856933594, 0.7914772033691406], [119.79481506347656, 0.7914772033691406], [119.79481506347656, 0.4581336975097656], [119.71147155761719, 0.4581336975097656], [119.71147155761719, 0.3747978210449219], [119.62812805175781, 0.3747978210449219], [119.62812805175781, -0.12521743774414062], [119.54478454589844, -0.12521743774414062], [119.54478454589844, -0.20855331420898438], [119.46144104003906, -0.20855331420898438], [119.46144104003906, -0.3752250671386719], [119.37809753417969, -0.3752250671386719], [119.37809753417969, -0.4585609436035156], [119.29475402832031, -0.4585609436035156], [119.29475402832031, -0.6252326965332031], [119.21141052246094, -0.6252326965332031], [119.21141052246094, -0.8752403259277344], [119.12806701660156, -0.8752403259277344], [119.12806701660156, -1.0419120788574219], [119.04472351074219, -1.0419120788574219], [119.04472351074219, -1.1252479553222656], [118.96138000488281, -1.1252479553222656], [118.96138000488281, -1.2919197082519531], [118.87803649902344, -1.2919197082519531], [118.87803649902344, -1.3752555847167969], [118.79469299316406, -1.3752555847167969], [118.79469299316406, -1.5419273376464844], [118.71134948730469, -1.5419273376464844], [118.71134948730469, -1.7085990905761719], [118.62800598144531, -1.7085990905761719], [118.62800598144531, -1.9586067199707031], [118.54466247558594, -1.9586067199707031], [118.54466247558594, -2.2086143493652344], [118.62800598144531, -2.2086143493652344], [118.62800598144531, -2.4586219787597656], [118.71134948730469, -2.4586219787597656], [118.71134948730469, -2.625293731689453], [118.62800598144531, -2.625293731689453], [118.62800598144531, -2.8753013610839844], [118.87803649902344, -2.8753013610839844], [118.87803649902344, -2.958637237548828], [118.79469299316406, -2.958637237548828], [118.79469299316406, -3.4586524963378906], [118.87803649902344, -3.4586524963378906], [118.87803649902344, -3.625324249267578], [118.79469299316406, -3.625324249267578], [118.79469299316406, -3.958667755126953], [118.87803649902344, -3.958667755126953], [118.87803649902344, -4.375347137451172], [118.79469299316406, -4.375347137451172], [118.79469299316406, -4.792026519775391], [118.71134948730469, -4.792026519775391], [118.71134948730469, -4.958698272705078], [118.62800598144531, -4.958698272705078], [118.62800598144531, -5.042034149169922], [118.54466247558594, -5.042034149169922], [118.54466247558594, -5.208705902099609], [118.46131896972656, -5.208705902099609], [118.46131896972656, -5.375377655029297], [118.54466247558594, -5.375377655029297], [118.54466247558594, -5.458713531494141], [118.37797546386719, -5.458713531494141], [118.37797546386719, -6.125400543212891], [118.29463195800781, -6.125400543212891], [118.29463195800781, -6.458744049072266], [118.21128845214844, -6.458744049072266], [118.21128845214844, -6.542079925537109], [118.12794494628906, -6.542079925537109], [118.12794494628906, -6.375408172607422], [118.21128845214844, -6.375408172607422], [118.21128845214844, -5.875392913818359], [118.12794494628906, -5.875392913818359], [118.12794494628906, -6.042064666748047], [118.04460144042969, -6.042064666748047], [118.04460144042969, -6.208736419677734], [117.96125793457031, -6.208736419677734], [117.96125793457031, -6.292072296142578], [117.87791442871094, -6.292072296142578], [117.87791442871094, -6.458744049072266], [117.79457092285156, -6.458744049072266], [117.79457092285156, -6.542079925537109], [117.71122741699219, -6.542079925537109], [117.71122741699219, -6.625415802001953], [117.62788391113281, -6.625415802001953], [117.62788391113281, -6.708751678466797], [117.54454040527344, -6.708751678466797], [117.54454040527344, -6.792087554931641], [117.46119689941406, -6.792087554931641], [117.46119689941406, -6.875423431396484], [117.37785339355469, -6.875423431396484], [117.37785339355469, -6.958759307861328], [117.29450988769531, -6.958759307861328], [117.29450988769531, -6.708751678466797], [117.37785339355469, -6.708751678466797], [117.37785339355469, -6.458744049072266], [117.46119689941406, -6.458744049072266], [117.46119689941406, -6.292072296142578], [117.54454040527344, -6.292072296142578], [117.54454040527344, -6.125400543212891], [117.62788391113281, -6.125400543212891], [117.62788391113281, -6.042064666748047], [117.71122741699219, -6.042064666748047], [117.71122741699219, -5.875392913818359], [117.62788391113281, -5.875392913818359], [117.62788391113281, -5.792057037353516], [117.71122741699219, -5.792057037353516], [117.71122741699219, -5.708721160888672], [117.79457092285156, -5.708721160888672], [117.79457092285156, -5.625385284423828], [117.87791442871094, -5.625385284423828], [117.87791442871094, -5.375377655029297], [117.96125793457031, -5.375377655029297], [117.96125793457031, -5.042034149169922], [117.79457092285156, -5.042034149169922], [117.79457092285156, -5.125370025634766], [117.62788391113281, -5.125370025634766], [117.62788391113281, -5.208705902099609], [117.46119689941406, -5.208705902099609], [117.46119689941406, -5.292041778564453], [117.37785339355469, -5.292041778564453], [117.37785339355469, -5.208705902099609], [117.29450988769531, -5.208705902099609], [117.29450988769531, -5.292041778564453], [117.21116638183594, -5.292041778564453], [117.21116638183594, -5.375377655029297], [117.37785339355469, -5.375377655029297], [117.37785339355469, -5.458713531494141], [117.29450988769531, -5.458713531494141], [117.29450988769531, -5.542049407958984], [117.21116638183594, -5.542049407958984], [117.21116638183594, -5.708721160888672], [117.12782287597656, -5.708721160888672], [117.12782287597656, -5.625385284423828], [116.87779235839844, -5.625385284423828], [116.87779235839844, -5.375377655029297], [117.04447937011719, -5.375377655029297], [117.04447937011719, -5.292041778564453], [117.12782287597656, -5.292041778564453], [117.12782287597656, -5.208705902099609], [117.21116638183594, -5.208705902099609], [117.21116638183594, -5.125370025634766], [117.04447937011719, -5.125370025634766], [117.04447937011719, -5.042034149169922], [117.12782287597656, -5.042034149169922], [117.12782287597656, -4.875362396240234], [116.87779235839844, -4.875362396240234], [116.87779235839844, -4.958698272705078], [116.71110534667969, -4.958698272705078], [116.71110534667969, -5.042034149169922], [116.62776184082031, -5.042034149169922], [116.62776184082031, -4.875362396240234], [116.54441833496094, -4.875362396240234], [116.54441833496094, -4.792026519775391], [116.62776184082031, -4.792026519775391], [116.62776184082031, -4.708690643310547], [116.71110534667969, -4.708690643310547], [116.71110534667969, -4.625354766845703], [116.79444885253906, -4.625354766845703], [116.79444885253906, -4.542018890380859], [117.04447937011719, -4.542018890380859], [117.04447937011719, -4.625354766845703], [117.12782287597656, -4.625354766845703], [117.12782287597656, -4.708690643310547], [117.37785339355469, -4.708690643310547], [117.37785339355469, -4.625354766845703], [117.87791442871094, -4.625354766845703], [117.87791442871094, -4.542018890380859], [117.96125793457031, -4.542018890380859], [117.96125793457031, -4.375347137451172], [118.12794494628906, -4.375347137451172], [118.12794494628906, -4.625354766845703], [118.29463195800781, -4.625354766845703], [118.29463195800781, -4.042003631591797], [118.21128845214844, -4.042003631591797], [118.21128845214844, -3.625324249267578], [118.12794494628906, -3.625324249267578], [118.12794494628906, -3.375316619873047], [118.04460144042969, -3.375316619873047], [118.04460144042969, -2.7919654846191406], [117.96125793457031, -2.7919654846191406], [117.96125793457031, -2.958637237548828], [117.87791442871094, -2.958637237548828], [117.87791442871094, -2.625293731689453], [117.79457092285156, -2.625293731689453], [117.79457092285156, -2.5419578552246094], [117.62788391113281, -2.5419578552246094], [117.62788391113281, -2.375286102294922], [117.71122741699219, -2.375286102294922], [117.71122741699219, -2.291950225830078], [117.54454040527344, -2.291950225830078], [117.54454040527344, -2.375286102294922], [117.37785339355469, -2.375286102294922], [117.37785339355469, -1.5419273376464844], [117.46119689941406, -1.5419273376464844], [117.46119689941406, -1.3752555847167969], [117.54454040527344, -1.3752555847167969], [117.54454040527344, -1.2919197082519531], [117.62788391113281, -1.2919197082519531], [117.62788391113281, -1.4585914611816406], [117.71122741699219, -1.4585914611816406], [117.71122741699219, -1.3752555847167969], [117.79457092285156, -1.3752555847167969], [117.79457092285156, -1.2085838317871094], [117.87791442871094, -1.2085838317871094], [117.87791442871094, -1.1252479553222656], [117.96125793457031, -1.1252479553222656], [117.96125793457031, -0.9585762023925781], [118.04460144042969, -0.9585762023925781], [118.04460144042969, -0.7085685729980469], [118.12794494628906, -0.7085685729980469], [118.12794494628906, -0.5418968200683594], [118.21128845214844, -0.5418968200683594], [118.21128845214844, -0.3752250671386719], [118.29463195800781, -0.3752250671386719], [118.29463195800781, -0.2918891906738281], [118.37797546386719, -0.2918891906738281], [118.37797546386719, -0.20855331420898438], [118.46131896972656, -0.20855331420898438], [118.46131896972656, -0.12521743774414062], [118.54466247558594, -0.12521743774414062], [118.54466247558594, -0.041881561279296875], [118.62800598144531, -0.041881561279296875], [118.62800598144531, 0.041454315185546875], [118.71134948730469, 0.041454315185546875], [118.71134948730469, 0.12479019165039062], [118.79469299316406, 0.12479019165039062], [118.79469299316406, 0.2914619445800781], [118.87803649902344, 0.2914619445800781], [118.87803649902344, 0.3747978210449219], [118.96138000488281, 0.3747978210449219], [118.96138000488281, 0.5414695739746094], [119.04472351074219, 0.5414695739746094], [119.04472351074219, 0.8748130798339844], [119.12806701660156, 0.8748130798339844], [119.12806701660156, 0.9581489562988281], [119.04472351074219, 0.9581489562988281], [119.04472351074219, 1.2081565856933594], [118.96138000488281, 1.2081565856933594], [118.96138000488281, 1.3748283386230469], [118.87803649902344, 1.3748283386230469], [118.87803649902344, 1.4581642150878906], [118.79469299316406, 1.4581642150878906], [118.79469299316406, 1.5415000915527344], [118.71134948730469, 1.5415000915527344], [118.71134948730469, 1.6248359680175781], [118.96138000488281, 1.6248359680175781], [118.96138000488281, 1.5415000915527344], [119.04472351074219, 1.5415000915527344], [119.04472351074219, 1.4581642150878906], [119.12806701660156, 1.4581642150878906], [119.12806701660156, 1.6248359680175781], [119.04472351074219, 1.6248359680175781], [119.04472351074219, 1.8748435974121094], [118.96138000488281, 1.8748435974121094], [118.96138000488281, 2.041515350341797], [118.87803649902344, 2.041515350341797], [118.87803649902344, 2.2081871032714844], [118.96138000488281, 2.2081871032714844], [118.96138000488281, 2.374858856201172], [118.87803649902344, 2.374858856201172], [118.87803649902344, 2.4581947326660156], [118.79469299316406, 2.4581947326660156], [118.79469299316406, 2.624866485595703], [118.71134948730469, 2.624866485595703], [118.71134948730469, 3.1248817443847656], [118.62800598144531, 3.1248817443847656], [118.62800598144531, 3.4582252502441406], [118.71134948730469, 3.4582252502441406], [118.71134948730469, 3.624897003173828], [118.79469299316406, 3.624897003173828], [118.79469299316406, 3.7915687561035156], [118.87803649902344, 3.7915687561035156], [118.87803649902344, 4.291584014892578], [118.96138000488281, 4.291584014892578], [118.96138000488281, 4.374919891357422], [118.87803649902344, 4.374919891357422], [118.87803649902344, 4.541591644287109], [118.96138000488281, 4.541591644287109], [118.96138000488281, 4.624927520751953], [119.04472351074219, 4.624927520751953], [119.04472351074219, 4.874935150146484], [119.12806701660156, 4.874935150146484], [119.12806701660156, 4.958271026611328], [119.21141052246094, 4.958271026611328], [119.21141052246094, 5.041606903076172], [119.29475402832031, 5.041606903076172], [119.29475402832031, 5.124942779541016], [119.37809753417969, 5.124942779541016], [119.37809753417969, 5.374950408935547], [119.46144104003906, 5.374950408935547], [119.46144104003906, 5.041606903076172], [119.37809753417969, 5.041606903076172], [119.37809753417969, 4.708263397216797], [119.21141052246094, 4.708263397216797], [119.21141052246094, 4.624927520751953], [119.12806701660156, 4.624927520751953], [119.12806701660156, 4.374919891357422]], [[117.87791442871094, -2.5419578552246094], [117.87791442871094, -2.4586219787597656], [117.79457092285156, -2.4586219787597656], [117.79457092285156, -2.5419578552246094], [117.87791442871094, -2.5419578552246094]], [[118.12794494628906, -1.9586067199707031], [118.12794494628906, -2.1252784729003906], [118.29463195800781, -2.1252784729003906], [118.29463195800781, -1.7919349670410156], [118.37797546386719, -1.7919349670410156], [118.37797546386719, -1.1252479553222656], [118.29463195800781, -1.1252479553222656], [118.29463195800781, -1.4585914611816406], [118.21128845214844, -1.4585914611816406], [118.21128845214844, -1.5419273376464844], [118.12794494628906, -1.5419273376464844], [118.12794494628906, -1.6252632141113281], [118.04460144042969, -1.6252632141113281], [118.04460144042969, -1.9586067199707031], [118.12794494628906, -1.9586067199707031]], [[118.46131896972656, -3.041973114013672], [118.46131896972656, -3.1253089904785156], [118.54466247558594, -3.1253089904785156], [118.54466247558594, -2.8753013610839844], [118.46131896972656, -2.8753013610839844], [118.46131896972656, -2.708629608154297], [118.37797546386719, -2.708629608154297], [118.37797546386719, -2.5419578552246094], [118.21128845214844, -2.5419578552246094], [118.21128845214844, -2.625293731689453], [118.12794494628906, -2.625293731689453], [118.12794494628906, -2.7919654846191406], [118.29463195800781, -2.7919654846191406], [118.29463195800781, -2.8753013610839844], [118.37797546386719, -2.8753013610839844], [118.37797546386719, -3.041973114013672], [118.46131896972656, -3.041973114013672]], [[118.29463195800781, -3.041973114013672], [118.29463195800781, -3.2086448669433594], [118.37797546386719, -3.2086448669433594], [118.37797546386719, -3.041973114013672], [118.29463195800781, -3.041973114013672]], [[118.54466247558594, -3.5419883728027344], [118.54466247558594, -3.8753318786621094], [118.62800598144531, -3.8753318786621094], [118.62800598144531, -3.5419883728027344], [118.54466247558594, -3.5419883728027344]]], [[[122.87852478027344, 0.2914619445800781], [123.21189880371094, 0.2914619445800781], [123.21189880371094, 0.20812606811523438], [122.87852478027344, 0.20812606811523438], [122.87852478027344, 0.2914619445800781]]], [[[121.96174621582031, 0.3747978210449219], [122.21177673339844, 0.3747978210449219], [122.21177673339844, 0.2914619445800781], [121.96174621582031, 0.2914619445800781], [121.96174621582031, 0.3747978210449219]]], [[[125.12879943847656, 1.2081565856933594], [125.12879943847656, 1.2914924621582031], [125.21214294433594, 1.2914924621582031], [125.21214294433594, 1.2081565856933594], [125.12879943847656, 1.2081565856933594]]], [[[121.79505920410156, 2.1248512268066406], [121.71171569824219, 2.1248512268066406], [121.71171569824219, 2.041515350341797], [121.62837219238281, 2.041515350341797], [121.62837219238281, 1.9581794738769531], [121.54502868652344, 1.9581794738769531], [121.54502868652344, 1.8748435974121094], [121.46168518066406, 1.8748435974121094], [121.46168518066406, 1.7915077209472656], [121.37834167480469, 1.7915077209472656], [121.37834167480469, 1.7081718444824219], [121.29499816894531, 1.7081718444824219], [121.29499816894531, 1.6248359680175781], [121.12831115722656, 1.6248359680175781], [121.12831115722656, 1.5415000915527344], [120.96162414550781, 1.5415000915527344], [120.96162414550781, 1.4581642150878906], [120.87828063964844, 1.4581642150878906], [120.87828063964844, 1.3748283386230469], [120.62825012207031, 1.3748283386230469], [120.62825012207031, 1.5415000915527344], [120.71159362792969, 1.5415000915527344], [120.71159362792969, 1.6248359680175781], [120.79493713378906, 1.6248359680175781], [120.79493713378906, 1.7081718444824219], [120.87828063964844, 1.7081718444824219], [120.87828063964844, 1.8748435974121094], [120.96162414550781, 1.8748435974121094], [120.96162414550781, 1.9581794738769531], [121.04496765136719, 1.9581794738769531], [121.04496765136719, 2.1248512268066406], [121.12831115722656, 2.1248512268066406], [121.12831115722656, 2.2081871032714844], [121.21165466308594, 2.2081871032714844], [121.21165466308594, 2.291522979736328], [121.29499816894531, 2.291522979736328], [121.29499816894531, 2.374858856201172], [121.37834167480469, 2.374858856201172], [121.37834167480469, 2.4581947326660156], [121.46168518066406, 2.4581947326660156], [121.46168518066406, 2.5415306091308594], [121.62837219238281, 2.5415306091308594], [121.62837219238281, 2.624866485595703], [121.87840270996094, 2.624866485595703], [121.87840270996094, 2.5415306091308594], [121.96174621582031, 2.5415306091308594], [121.96174621582031, 2.291522979736328], [121.87840270996094, 2.291522979736328], [121.87840270996094, 2.2081871032714844], [121.79505920410156, 2.2081871032714844], [121.79505920410156, 2.1248512268066406]]], [[[118.71134948730469, 2.1248512268066406], [118.79469299316406, 2.1248512268066406], [118.79469299316406, 2.041515350341797], [118.71134948730469, 2.041515350341797], [118.71134948730469, 2.1248512268066406]]], [[[122.37846374511719, 2.1248512268066406], [122.37846374511719, 2.374858856201172], [122.62849426269531, 2.374858856201172], [122.62849426269531, 2.8748741149902344], [123.12855529785156, 2.8748741149902344], [123.12855529785156, 2.624866485595703], [123.37858581542969, 2.624866485595703], [123.37858581542969, 2.2081871032714844], [123.29524230957031, 2.2081871032714844], [123.29524230957031, 2.1248512268066406], [122.37846374511719, 2.1248512268066406]]], [[[122.12843322753906, 3.1248817443847656], [121.87840270996094, 3.1248817443847656], [121.87840270996094, 3.2082176208496094], [122.04508972167969, 3.2082176208496094], [122.04508972167969, 3.291553497314453], [122.12843322753906, 3.291553497314453], [122.12843322753906, 3.1248817443847656]]], [[[120.12818908691406, 4.124912261962891], [120.37821960449219, 4.124912261962891], [120.37821960449219, 4.041576385498047], [120.29487609863281, 4.041576385498047], [120.29487609863281, 3.958240509033203], [120.21153259277344, 3.958240509033203], [120.21153259277344, 3.8749046325683594], [120.12818908691406, 3.8749046325683594], [120.12818908691406, 4.124912261962891]]], [[[125.62886047363281, 4.208248138427734], [125.62886047363281, 4.374919891357422], [125.71220397949219, 4.374919891357422], [125.71220397949219, 4.208248138427734], [125.62886047363281, 4.208248138427734]]], [[[118.71134948730469, 4.374919891357422], [118.79469299316406, 4.374919891357422], [118.79469299316406, 4.291584014892578], [118.71134948730469, 4.291584014892578], [118.71134948730469, 4.374919891357422]]], [[[125.62886047363281, 4.541591644287109], [125.71220397949219, 4.541591644287109], [125.71220397949219, 4.458255767822266], [125.62886047363281, 4.458255767822266], [125.62886047363281, 4.541591644287109]]], [[[119.79481506347656, 4.958271026611328], [119.79481506347656, 5.041606903076172], [119.96150207519531, 5.041606903076172], [119.96150207519531, 4.958271026611328], [119.79481506347656, 4.958271026611328]]], [[[119.12806701660156, 5.124942779541016], [119.21141052246094, 5.124942779541016], [119.21141052246094, 5.041606903076172], [119.12806701660156, 5.041606903076172], [119.12806701660156, 5.124942779541016]]], [[[121.12831115722656, 5.291614532470703], [121.37834167480469, 5.291614532470703], [121.37834167480469, 5.124942779541016], [121.12831115722656, 5.124942779541016], [121.12831115722656, 5.291614532470703]]], [[[123.29524230957031, 6.208309173583984], [123.29524230957031, 6.124973297119141], [123.46192932128906, 6.124973297119141], [123.46192932128906, 6.041637420654297], [123.54527282714844, 6.041637420654297], [123.54527282714844, 5.958301544189453], [123.62861633300781, 5.958301544189453], [123.62861633300781, 5.874965667724609], [123.71195983886719, 5.874965667724609], [123.71195983886719, 5.791629791259766], [123.79530334472656, 5.791629791259766], [123.79530334472656, 5.708293914794922], [123.87864685058594, 5.708293914794922], [123.87864685058594, 5.624958038330078], [123.71195983886719, 5.624958038330078], [123.71195983886719, 5.541622161865234], [123.79530334472656, 5.541622161865234], [123.79530334472656, 5.374950408935547], [123.87864685058594, 5.374950408935547], [123.87864685058594, 5.541622161865234], [123.96199035644531, 5.541622161865234], [123.96199035644531, 5.458286285400391], [124.04533386230469, 5.458286285400391], [124.04533386230469, 5.541622161865234], [124.12867736816406, 5.541622161865234], [124.12867736816406, 5.374950408935547], [124.04533386230469, 5.374950408935547], [124.04533386230469, 5.208278656005859], [123.96199035644531, 5.208278656005859], [123.96199035644531, 5.124942779541016], [123.87864685058594, 5.124942779541016], [123.87864685058594, 5.041606903076172], [123.62861633300781, 5.041606903076172], [123.62861633300781, 4.958271026611328], [123.54527282714844, 4.958271026611328], [123.54527282714844, 4.874935150146484], [124.04533386230469, 4.874935150146484], [124.04533386230469, 4.958271026611328], [124.37870788574219, 4.958271026611328], [124.37870788574219, 4.874935150146484], [124.71208190917969, 4.874935150146484], [124.71208190917969, 4.958271026611328], [125.04545593261719, 4.958271026611328], [125.04545593261719, 5.041606903076172], [125.21214294433594, 5.041606903076172], [125.21214294433594, 5.124942779541016], [125.37882995605469, 5.124942779541016], [125.37882995605469, 5.208278656005859], [125.46217346191406, 5.208278656005859], [125.46217346191406, 5.374950408935547], [125.62886047363281, 5.374950408935547], [125.62886047363281, 5.541622161865234], [125.71220397949219, 5.541622161865234], [125.71220397949219, 5.708293914794922], [125.79554748535156, 5.708293914794922], [125.79554748535156, 5.791629791259766], [125.87889099121094, 5.791629791259766], [125.87889099121094, 5.874965667724609], [125.96223449707031, 5.874965667724609], [125.96223449707031, 5.708293914794922], [125.87889099121094, 5.708293914794922], [125.87889099121094, 5.458286285400391], [125.79554748535156, 5.458286285400391], [125.79554748535156, 5.374950408935547], [125.71220397949219, 5.374950408935547], [125.71220397949219, 5.291614532470703], [125.62886047363281, 5.291614532470703], [125.62886047363281, 5.124942779541016], [125.71220397949219, 5.124942779541016], [125.71220397949219, 5.041606903076172], [125.79554748535156, 5.041606903076172], [125.79554748535156, 4.874935150146484], [125.62886047363281, 4.874935150146484], [125.62886047363281, 4.624927520751953], [125.46217346191406, 4.624927520751953], [125.46217346191406, 4.708263397216797], [125.54551696777344, 4.708263397216797], [125.54551696777344, 4.791599273681641], [125.46217346191406, 4.791599273681641], [125.46217346191406, 4.958271026611328], [125.37882995605469, 4.958271026611328], [125.37882995605469, 4.874935150146484], [125.29548645019531, 4.874935150146484], [125.29548645019531, 4.791599273681641], [125.21214294433594, 4.791599273681641], [125.21214294433594, 4.708263397216797], [125.04545593261719, 4.708263397216797], [125.04545593261719, 4.624927520751953], [124.87876892089844, 4.624927520751953], [124.87876892089844, 4.541591644287109], [124.62873840332031, 4.541591644287109], [124.62873840332031, 4.458255767822266], [124.37870788574219, 4.458255767822266], [124.37870788574219, 4.374919891357422], [123.54527282714844, 4.374919891357422], [123.54527282714844, 4.291584014892578], [123.29524230957031, 4.291584014892578], [123.29524230957031, 4.208248138427734], [123.12855529785156, 4.208248138427734], [123.12855529785156, 4.124912261962891], [122.87852478027344, 4.124912261962891], [122.87852478027344, 4.291584014892578], [122.71183776855469, 4.291584014892578], [122.71183776855469, 4.374919891357422], [122.29512023925781, 4.374919891357422], [122.29512023925781, 4.458255767822266], [122.21177673339844, 4.458255767822266], [122.21177673339844, 4.624927520751953], [122.12843322753906, 4.624927520751953], [122.12843322753906, 4.708263397216797], [122.04508972167969, 4.708263397216797], [122.04508972167969, 4.874935150146484], [122.21177673339844, 4.874935150146484], [122.21177673339844, 5.041606903076172], [122.29512023925781, 5.041606903076172], [122.29512023925781, 4.958271026611328], [122.37846374511719, 4.958271026611328], [122.37846374511719, 4.874935150146484], [122.62849426269531, 4.874935150146484], [122.62849426269531, 4.791599273681641], [122.87852478027344, 4.791599273681641], [122.87852478027344, 5.124942779541016], [123.12855529785156, 5.124942779541016], [123.12855529785156, 5.208278656005859], [123.29524230957031, 5.208278656005859], [123.29524230957031, 5.291614532470703], [123.37858581542969, 5.291614532470703], [123.37858581542969, 5.624958038330078], [123.29524230957031, 5.624958038330078], [123.29524230957031, 5.708293914794922], [123.21189880371094, 5.708293914794922], [123.21189880371094, 5.791629791259766], [123.12855529785156, 5.791629791259766], [123.12855529785156, 5.874965667724609], [123.04521179199219, 5.874965667724609], [123.04521179199219, 5.958301544189453], [122.87852478027344, 5.958301544189453], [122.87852478027344, 6.041637420654297], [122.62849426269531, 6.041637420654297], [122.62849426269531, 5.958301544189453], [122.54515075683594, 5.958301544189453], [122.54515075683594, 5.874965667724609], [122.37846374511719, 5.874965667724609], [122.37846374511719, 6.124973297119141], [122.29512023925781, 6.124973297119141], [122.29512023925781, 6.208309173583984], [122.37846374511719, 6.208309173583984], [122.37846374511719, 6.291645050048828], [122.46180725097656, 6.291645050048828], [122.46180725097656, 6.374980926513672], [122.79518127441406, 6.374980926513672], [122.79518127441406, 6.458316802978516], [122.87852478027344, 6.458316802978516], [122.87852478027344, 6.374980926513672], [123.12855529785156, 6.374980926513672], [123.12855529785156, 6.291645050048828], [123.21189880371094, 6.291645050048828], [123.21189880371094, 6.208309173583984], [123.29524230957031, 6.208309173583984]]], [[[119.29475402832031, 5.458286285400391], [119.37809753417969, 5.458286285400391], [119.37809753417969, 5.374950408935547], [119.29475402832031, 5.374950408935547], [119.29475402832031, 5.458286285400391]]], [[[120.96162414550781, 5.541622161865234], [121.04496765136719, 5.541622161865234], [121.04496765136719, 5.458286285400391], [120.96162414550781, 5.458286285400391], [120.96162414550781, 5.541622161865234]]], [[[121.96174621582031, 5.874965667724609], [121.96174621582031, 6.041637420654297], [122.12843322753906, 6.041637420654297], [122.12843322753906, 5.874965667724609], [121.96174621582031, 5.874965667724609]]], [[[126.04557800292969, 6.041637420654297], [126.04557800292969, 5.874965667724609], [125.96223449707031, 5.874965667724609], [125.96223449707031, 6.041637420654297], [126.04557800292969, 6.041637420654297]]], [[[126.04557800292969, 6.041637420654297], [126.04557800292969, 6.124973297119141], [126.12892150878906, 6.124973297119141], [126.12892150878906, 6.041637420654297], [126.04557800292969, 6.041637420654297]]], [[[121.96174621582031, 6.374980926513672], [121.96174621582031, 6.208309173583984], [121.79505920410156, 6.208309173583984], [121.79505920410156, 6.291645050048828], [121.87840270996094, 6.291645050048828], [121.87840270996094, 6.374980926513672], [121.96174621582031, 6.374980926513672]]], [[[121.87840270996094, 6.374980926513672], [121.62837219238281, 6.374980926513672], [121.62837219238281, 6.458316802978516], [121.71171569824219, 6.458316802978516], [121.71171569824219, 6.541652679443359], [121.87840270996094, 6.541652679443359], [121.87840270996094, 6.374980926513672]]], [[[122.12843322753906, 6.874996185302734], [122.46180725097656, 6.874996185302734], [122.46180725097656, 6.791660308837891], [122.96186828613281, 6.791660308837891], [122.96186828613281, 6.624988555908203], [122.62849426269531, 6.624988555908203], [122.62849426269531, 6.708324432373047], [122.12843322753906, 6.708324432373047], [122.12843322753906, 6.874996185302734]]], [[[118.79469299316406, 6.958332061767578], [118.87803649902344, 6.958332061767578], [118.87803649902344, 6.874996185302734], [118.79469299316406, 6.874996185302734], [118.79469299316406, 6.958332061767578]]], [[[130.46278381347656, -10.12552261352539], [130.79615783691406, -10.12552261352539], [130.79615783691406, -10.208858489990234], [130.6294708251953, -10.208858489990234], [130.6294708251953, -10.292194366455078], [130.3794403076172, -10.292194366455078], [130.3794403076172, -10.208858489990234], [130.46278381347656, -10.208858489990234], [130.46278381347656, -10.12552261352539]]], [[[132.3796844482422, -9.708843231201172], [132.21299743652344, -9.708843231201172], [132.21299743652344, -9.625507354736328], [132.12965393066406, -9.625507354736328], [132.12965393066406, -9.375499725341797], [132.0463104248047, -9.375499725341797], [132.0463104248047, -8.625476837158203], [132.12965393066406, -8.625476837158203], [132.12965393066406, -8.708812713623047], [132.21299743652344, -8.708812713623047], [132.21299743652344, -8.875484466552734], [132.2963409423828, -8.875484466552734], [132.2963409423828, -9.125492095947266], [132.3796844482422, -9.125492095947266], [132.3796844482422, -9.708843231201172]]], [[[127.37907409667969, -8.875484466552734], [127.46241760253906, -8.875484466552734], [127.46241760253906, -8.958820343017578], [127.37907409667969, -8.958820343017578], [127.37907409667969, -8.875484466552734]]], [[[130.46278381347656, -8.708812713623047], [130.46278381347656, -8.79214859008789], [130.3794403076172, -8.79214859008789], [130.3794403076172, -8.54214096069336], [130.46278381347656, -8.54214096069336], [130.46278381347656, -8.458805084228516], [130.79615783691406, -8.458805084228516], [130.79615783691406, -8.375469207763672], [130.87950134277344, -8.375469207763672], [130.87950134277344, -8.292133331298828], [130.9628448486328, -8.292133331298828], [130.9628448486328, -8.54214096069336], [130.79615783691406, -8.54214096069336], [130.79615783691406, -8.625476837158203], [130.6294708251953, -8.625476837158203], [130.6294708251953, -8.708812713623047], [130.46278381347656, -8.708812713623047]]], [[[127.46241760253906, -8.375469207763672], [127.54576110839844, -8.375469207763672], [127.54576110839844, -8.458805084228516], [127.46241760253906, -8.458805084228516], [127.46241760253906, -8.375469207763672]]], [[[127.46241760253906, -8.375469207763672], [127.37907409667969, -8.375469207763672], [127.37907409667969, -8.292133331298828], [127.46241760253906, -8.292133331298828], [127.46241760253906, -8.375469207763672]]], [[[129.9627227783203, -6.458744049072266], [129.9627227783203, -6.542079925537109], [129.46266174316406, -6.542079925537109], [129.46266174316406, -6.458744049072266], [129.6293487548828, -6.458744049072266], [129.6293487548828, -6.375408172607422], [129.87937927246094, -6.375408172607422], [129.87937927246094, -6.292072296142578], [130.0460662841797, -6.292072296142578], [130.0460662841797, -6.208736419677734], [130.12940979003906, -6.208736419677734], [130.12940979003906, -6.125400543212891], [130.6294708251953, -6.125400543212891], [130.6294708251953, -6.292072296142578], [130.54612731933594, -6.292072296142578], [130.54612731933594, -6.375408172607422], [130.21275329589844, -6.375408172607422], [130.21275329589844, -6.458744049072266], [129.9627227783203, -6.458744049072266]]], [[[129.2959747314453, -6.292072296142578], [129.12928771972656, -6.292072296142578], [129.12928771972656, -6.208736419677734], [128.46253967285156, -6.208736419677734], [128.46253967285156, -6.292072296142578], [128.2958526611328, -6.292072296142578], [128.2958526611328, -6.208736419677734], [128.3791961669922, -6.208736419677734], [128.3791961669922, -6.125400543212891], [128.46253967285156, -6.125400543212891], [128.46253967285156, -6.042064666748047], [128.7125701904297, -6.042064666748047], [128.7125701904297, -5.958728790283203], [128.9626007080078, -5.958728790283203], [128.9626007080078, -6.042064666748047], [129.12928771972656, -6.042064666748047], [129.12928771972656, -6.125400543212891], [129.21263122558594, -6.125400543212891], [129.21263122558594, -6.208736419677734], [129.2959747314453, -6.208736419677734], [129.2959747314453, -6.292072296142578]]], [[[127.87913513183594, -6.042064666748047], [128.0458221435547, -6.042064666748047], [128.0458221435547, -6.125400543212891], [127.87913513183594, -6.125400543212891], [127.87913513183594, -6.042064666748047]]], [[[132.3796844482422, -5.792057037353516], [132.3796844482422, -5.708721160888672], [132.2963409423828, -5.708721160888672], [132.2963409423828, -5.625385284423828], [132.46302795410156, -5.625385284423828], [132.46302795410156, -5.958728790283203], [132.54637145996094, -5.958728790283203], [132.54637145996094, -6.042064666748047], [132.2963409423828, -6.042064666748047], [132.2963409423828, -5.792057037353516], [132.3796844482422, -5.792057037353516]]], [[[132.54637145996094, -5.708721160888672], [132.6297149658203, -5.708721160888672], [132.6297149658203, -5.792057037353516], [132.54637145996094, -5.792057037353516], [132.54637145996094, -5.708721160888672]]], [[[132.21299743652344, -5.708721160888672], [132.2963409423828, -5.708721160888672], [132.2963409423828, -5.792057037353516], [132.21299743652344, -5.792057037353516], [132.21299743652344, -5.708721160888672]]], [[[127.71244812011719, -3.8753318786621094], [127.71244812011719, -4.042003631591797], [127.79579162597656, -4.042003631591797], [127.79579162597656, -4.208675384521484], [127.87913513183594, -4.208675384521484], [127.87913513183594, -4.292011260986328], [127.96247863769531, -4.292011260986328], [127.96247863769531, -4.458683013916016], [127.87913513183594, -4.458683013916016], [127.87913513183594, -4.542018890380859], [127.71244812011719, -4.542018890380859], [127.71244812011719, -4.625354766845703], [127.62910461425781, -4.625354766845703], [127.62910461425781, -4.708690643310547], [127.54576110839844, -4.708690643310547], [127.54576110839844, -4.542018890380859], [127.46241760253906, -4.542018890380859], [127.46241760253906, -4.458683013916016], [127.37907409667969, -4.458683013916016], [127.37907409667969, -4.292011260986328], [127.29573059082031, -4.292011260986328], [127.29573059082031, -4.042003631591797], [127.21238708496094, -4.042003631591797], [127.21238708496094, -3.7919960021972656], [127.12904357910156, -3.7919960021972656], [127.12904357910156, -3.708660125732422], [127.29573059082031, -3.708660125732422], [127.29573059082031, -3.625324249267578], [127.37907409667969, -3.625324249267578], [127.37907409667969, -3.5419883728027344], [127.46241760253906, -3.5419883728027344], [127.46241760253906, -3.625324249267578], [127.54576110839844, -3.625324249267578], [127.54576110839844, -3.7919960021972656], [127.62910461425781, -3.7919960021972656], [127.62910461425781, -3.8753318786621094], [127.71244812011719, -3.8753318786621094]]], [[[130.3794403076172, -2.625293731689453], [130.6294708251953, -2.625293731689453], [130.6294708251953, -2.7919654846191406], [130.7128143310547, -2.7919654846191406], [130.7128143310547, -2.8753013610839844], [130.9628448486328, -2.8753013610839844], [130.9628448486328, -2.958637237548828], [131.2962188720703, -2.958637237548828], [131.2962188720703, -3.041973114013672], [131.46290588378906, -3.041973114013672], [131.46290588378906, -3.1253089904785156], [131.54624938964844, -3.1253089904785156], [131.54624938964844, -2.958637237548828], [131.6295928955078, -2.958637237548828], [131.6295928955078, -3.041973114013672], [131.7129364013672, -3.041973114013672], [131.7129364013672, -3.1253089904785156], [131.79627990722656, -3.1253089904785156], [131.79627990722656, -3.2086448669433594], [131.9629669189453, -3.2086448669433594], [131.9629669189453, -3.291980743408203], [132.0463104248047, -3.291980743408203], [132.0463104248047, -3.375316619873047], [132.12965393066406, -3.375316619873047], [132.12965393066406, -3.4586524963378906], [132.21299743652344, -3.4586524963378906], [132.21299743652344, -3.5419883728027344], [132.2963409423828, -3.5419883728027344], [132.2963409423828, -3.625324249267578], [132.3796844482422, -3.625324249267578], [132.3796844482422, -3.708660125732422], [132.46302795410156, -3.708660125732422], [132.46302795410156, -3.7919960021972656], [132.54637145996094, -3.7919960021972656], [132.54637145996094, -3.8753318786621094], [132.3796844482422, -3.8753318786621094], [132.3796844482422, -4.375347137451172], [132.21299743652344, -4.375347137451172], [132.21299743652344, -4.458683013916016], [132.2963409423828, -4.458683013916016], [132.2963409423828, -4.792026519775391], [132.0463104248047, -4.792026519775391], [132.0463104248047, -4.375347137451172], [131.87962341308594, -4.375347137451172], [131.87962341308594, -4.125339508056641], [132.0463104248047, -4.125339508056641], [132.0463104248047, -3.8753318786621094], [131.79627990722656, -3.8753318786621094], [131.79627990722656, -3.7919960021972656], [131.7129364013672, -3.7919960021972656], [131.7129364013672, -3.708660125732422], [131.6295928955078, -3.708660125732422], [131.6295928955078, -3.4586524963378906], [131.46290588378906, -3.4586524963378906], [131.46290588378906, -3.375316619873047], [131.2962188720703, -3.375316619873047], [131.2962188720703, -3.291980743408203], [131.12953186035156, -3.291980743408203], [131.12953186035156, -3.2086448669433594], [130.9628448486328, -3.2086448669433594], [130.9628448486328, -3.1253089904785156], [130.6294708251953, -3.1253089904785156], [130.6294708251953, -3.041973114013672], [130.3794403076172, -3.041973114013672], [130.3794403076172, -2.8753013610839844], [129.87937927246094, -2.8753013610839844], [129.87937927246094, -2.7919654846191406], [129.6293487548828, -2.7919654846191406], [129.6293487548828, -2.4586219787597656], [129.7126922607422, -2.4586219787597656], [129.7126922607422, -2.5419578552246094], [129.9627227783203, -2.5419578552246094], [129.9627227783203, -2.625293731689453], [130.12940979003906, -2.625293731689453], [130.12940979003906, -2.708629608154297], [130.3794403076172, -2.708629608154297], [130.3794403076172, -2.625293731689453]]], [[[131.9629669189453, -2.958637237548828], [132.0463104248047, -2.958637237548828], [132.0463104248047, -3.041973114013672], [131.9629669189453, -3.041973114013672], [131.9629669189453, -2.958637237548828]]], [[[131.9629669189453, -2.7919654846191406], [131.9629669189453, -2.958637237548828], [131.79627990722656, -2.958637237548828], [131.79627990722656, -2.8753013610839844], [131.7129364013672, -2.8753013610839844], [131.7129364013672, -2.7919654846191406], [131.6295928955078, -2.7919654846191406], [131.6295928955078, -2.625293731689453], [131.46290588378906, -2.625293731689453], [131.46290588378906, -2.5419578552246094], [131.54624938964844, -2.5419578552246094], [131.54624938964844, -2.2086143493652344], [131.7129364013672, -2.2086143493652344], [131.7129364013672, -2.291950225830078], [131.79627990722656, -2.291950225830078], [131.79627990722656, -2.5419578552246094], [131.87962341308594, -2.5419578552246094], [131.87962341308594, -2.7919654846191406], [131.9629669189453, -2.7919654846191406]]], [[[131.3795623779297, -2.291950225830078], [131.46290588378906, -2.291950225830078], [131.46290588378906, -2.5419578552246094], [131.3795623779297, -2.5419578552246094], [131.3795623779297, -2.291950225830078]]], [[[131.87962341308594, -2.2086143493652344], [131.79627990722656, -2.2086143493652344], [131.79627990722656, -2.1252784729003906], [131.9629669189453, -2.1252784729003906], [131.9629669189453, -1.9586067199707031], [132.0463104248047, -1.9586067199707031], [132.0463104248047, -2.1252784729003906], [132.12965393066406, -2.1252784729003906], [132.12965393066406, -2.625293731689453], [132.0463104248047, -2.625293731689453], [132.0463104248047, -2.375286102294922], [131.87962341308594, -2.375286102294922], [131.87962341308594, -2.2086143493652344]]], [[[131.21287536621094, -2.375286102294922], [131.21287536621094, -2.291950225830078], [131.12953186035156, -2.291950225830078], [131.12953186035156, -2.1252784729003906], [131.21287536621094, -2.1252784729003906], [131.21287536621094, -2.2086143493652344], [131.3795623779297, -2.2086143493652344], [131.3795623779297, -2.291950225830078], [131.2962188720703, -2.291950225830078], [131.2962188720703, -2.375286102294922], [131.21287536621094, -2.375286102294922]]], [[[128.6292266845703, -2.291950225830078], [128.54588317871094, -2.291950225830078], [128.54588317871094, -2.375286102294922], [128.3791961669922, -2.375286102294922], [128.3791961669922, -2.5419578552246094], [128.2958526611328, -2.5419578552246094], [128.2958526611328, -2.625293731689453], [128.12916564941406, -2.625293731689453], [128.12916564941406, -2.8753013610839844], [127.87913513183594, -2.8753013610839844], [127.87913513183594, -2.958637237548828], [127.79579162597656, -2.958637237548828], [127.79579162597656, -3.041973114013672], [127.54576110839844, -3.041973114013672], [127.54576110839844, -3.1253089904785156], [127.46241760253906, -3.1253089904785156], [127.46241760253906, -3.2086448669433594], [127.37907409667969, -3.2086448669433594], [127.37907409667969, -3.375316619873047], [127.12904357910156, -3.375316619873047], [127.12904357910156, -3.291980743408203], [127.21238708496094, -3.291980743408203], [127.21238708496094, -3.2086448669433594], [127.12904357910156, -3.2086448669433594], [127.12904357910156, -3.1253089904785156], [126.87901306152344, -3.1253089904785156], [126.87901306152344, -3.041973114013672], [126.71232604980469, -3.041973114013672], [126.71232604980469, -2.958637237548828], [126.37895202636719, -2.958637237548828], [126.37895202636719, -2.8753013610839844], [126.21226501464844, -2.8753013610839844], [126.21226501464844, -2.7919654846191406], [126.71232604980469, -2.7919654846191406], [126.71232604980469, -2.8753013610839844], [126.79566955566406, -2.8753013610839844], [126.79566955566406, -2.958637237548828], [126.87901306152344, -2.958637237548828], [126.87901306152344, -2.4586219787597656], [127.87913513183594, -2.4586219787597656], [127.87913513183594, -2.625293731689453], [127.96247863769531, -2.625293731689453], [127.96247863769531, -2.5419578552246094], [128.12916564941406, -2.5419578552246094], [128.12916564941406, -2.4586219787597656], [128.21250915527344, -2.4586219787597656], [128.21250915527344, -2.375286102294922], [128.2958526611328, -2.375286102294922], [128.2958526611328, -2.1252784729003906], [128.3791961669922, -2.1252784729003906], [128.3791961669922, -1.7919349670410156], [128.46253967285156, -1.7919349670410156], [128.46253967285156, -1.2919197082519531], [128.54588317871094, -1.2919197082519531], [128.54588317871094, -1.2085838317871094], [128.6292266845703, -1.2085838317871094], [128.6292266845703, -1.1252479553222656], [128.79591369628906, -1.1252479553222656], [128.79591369628906, -1.5419273376464844], [128.7125701904297, -1.5419273376464844], [128.7125701904297, -1.8752708435058594], [128.79591369628906, -1.8752708435058594], [128.79591369628906, -2.2086143493652344], [128.6292266845703, -2.2086143493652344], [128.6292266845703, -2.291950225830078]]], [[[130.87950134277344, -1.9586067199707031], [131.0461883544922, -1.9586067199707031], [131.0461883544922, -2.041942596435547], [131.12953186035156, -2.041942596435547], [131.12953186035156, -2.1252784729003906], [130.9628448486328, -2.1252784729003906], [130.9628448486328, -2.041942596435547], [130.87950134277344, -2.041942596435547], [130.87950134277344, -1.9586067199707031]]], [[[129.54600524902344, -1.9586067199707031], [129.54600524902344, -1.8752708435058594], [129.79603576660156, -1.8752708435058594], [129.79603576660156, -1.9586067199707031], [129.87937927246094, -1.9586067199707031], [129.87937927246094, -2.041942596435547], [129.6293487548828, -2.041942596435547], [129.6293487548828, -1.9586067199707031], [129.54600524902344, -1.9586067199707031]]], [[[131.87962341308594, -1.8752708435058594], [131.9629669189453, -1.8752708435058594], [131.9629669189453, -1.9586067199707031], [131.87962341308594, -1.9586067199707031], [131.87962341308594, -1.8752708435058594]]], [[[131.7129364013672, -1.7085990905761719], [131.46290588378906, -1.7085990905761719], [131.46290588378906, -1.6252632141113281], [131.54624938964844, -1.6252632141113281], [131.54624938964844, -1.5419273376464844], [131.6295928955078, -1.5419273376464844], [131.6295928955078, -1.6252632141113281], [131.87962341308594, -1.6252632141113281], [131.87962341308594, -1.8752708435058594], [131.79627990722656, -1.8752708435058594], [131.79627990722656, -1.7919349670410156], [131.7129364013672, -1.7919349670410156], [131.7129364013672, -1.7085990905761719]]], [[[130.21275329589844, -1.5419273376464844], [130.3794403076172, -1.5419273376464844], [130.3794403076172, -1.6252632141113281], [130.12940979003906, -1.6252632141113281], [130.12940979003906, -1.4585914611816406], [130.21275329589844, -1.4585914611816406], [130.21275329589844, -1.5419273376464844]]], [[[130.87950134277344, -1.6252632141113281], [130.7128143310547, -1.6252632141113281], [130.7128143310547, -1.5419273376464844], [130.6294708251953, -1.5419273376464844], [130.6294708251953, -1.3752555847167969], [130.87950134277344, -1.3752555847167969], [130.87950134277344, -1.6252632141113281]]], [[[130.3794403076172, -1.2919197082519531], [130.46278381347656, -1.2919197082519531], [130.46278381347656, -1.4585914611816406], [130.54612731933594, -1.4585914611816406], [130.54612731933594, -1.7085990905761719], [130.46278381347656, -1.7085990905761719], [130.46278381347656, -1.5419273376464844], [130.3794403076172, -1.5419273376464844], [130.3794403076172, -1.2919197082519531]]], [[[130.3794403076172, -1.2919197082519531], [130.12940979003906, -1.2919197082519531], [130.12940979003906, -1.0419120788574219], [130.3794403076172, -1.0419120788574219], [130.3794403076172, -1.2919197082519531]]], [[[130.54612731933594, -1.1252479553222656], [130.54612731933594, -1.0419120788574219], [130.6294708251953, -1.0419120788574219], [130.6294708251953, -1.1252479553222656], [130.54612731933594, -1.1252479553222656]]], [[[130.46278381347656, -0.6252326965332031], [130.54612731933594, -0.6252326965332031], [130.54612731933594, -0.7085685729980469], [130.6294708251953, -0.7085685729980469], [130.6294708251953, -0.7919044494628906], [129.9627227783203, -0.7919044494628906], [129.9627227783203, -0.7085685729980469], [130.46278381347656, -0.7085685729980469], [130.46278381347656, -0.6252326965332031]]], [[[128.79591369628906, -0.8752403259277344], [128.6292266845703, -0.8752403259277344], [128.6292266845703, -0.6252326965332031], [128.7125701904297, -0.6252326965332031], [128.7125701904297, -0.2918891906738281], [128.79591369628906, -0.2918891906738281], [128.79591369628906, -0.8752403259277344]]], [[[130.21275329589844, -0.4585609436035156], [130.21275329589844, -0.3752250671386719], [130.2960968017578, -0.3752250671386719], [130.2960968017578, -0.4585609436035156], [130.21275329589844, -0.4585609436035156]]], [[[130.2960968017578, 0.3747978210449219], [130.12940979003906, 0.3747978210449219], [130.12940979003906, 0.6248054504394531], [129.87937927246094, 0.6248054504394531], [129.87937927246094, 0.8748130798339844], [130.0460662841797, 0.8748130798339844], [130.0460662841797, 0.7914772033691406], [130.12940979003906, 0.7914772033691406], [130.12940979003906, 0.7081413269042969], [130.21275329589844, 0.7081413269042969], [130.21275329589844, 0.5414695739746094], [130.2960968017578, 0.5414695739746094], [130.2960968017578, 0.3747978210449219]]], [[[127.87913513183594, 0.9581489562988281], [127.71244812011719, 0.9581489562988281], [127.71244812011719, 1.0414848327636719], [127.79579162597656, 1.0414848327636719], [127.79579162597656, 1.1248207092285156], [127.87913513183594, 1.1248207092285156], [127.87913513183594, 0.9581489562988281]]], [[[127.96247863769531, 1.2081565856933594], [127.96247863769531, 1.2914924621582031], [128.12916564941406, 1.2914924621582031], [128.12916564941406, 1.2081565856933594], [128.0458221435547, 1.2081565856933594], [128.0458221435547, 1.1248207092285156], [127.87913513183594, 1.1248207092285156], [127.87913513183594, 1.2081565856933594], [127.96247863769531, 1.2081565856933594]]], [[[128.0458221435547, 2.291522979736328], [128.12916564941406, 2.291522979736328], [128.12916564941406, 2.1248512268066406], [128.0458221435547, 2.1248512268066406], [128.0458221435547, 2.291522979736328]]], [[[129.2959747314453, 5.124942779541016], [129.3793182373047, 5.124942779541016], [129.3793182373047, 4.874935150146484], [129.2959747314453, 4.874935150146484], [129.2959747314453, 5.124942779541016]]], [[[126.12892150878906, 6.124973297119141], [126.12892150878906, 6.291645050048828], [126.21226501464844, 6.291645050048828], [126.21226501464844, 6.124973297119141], [126.12892150878906, 6.124973297119141]]], [[[126.29560852050781, 6.458316802978516], [126.29560852050781, 6.374980926513672], [126.21226501464844, 6.374980926513672], [126.21226501464844, 6.458316802978516], [126.29560852050781, 6.458316802978516]]], [[[126.29560852050781, 6.458316802978516], [126.29560852050781, 6.624988555908203], [126.37895202636719, 6.624988555908203], [126.37895202636719, 6.458316802978516], [126.29560852050781, 6.458316802978516]]], [[[126.37895202636719, 6.791660308837891], [126.37895202636719, 6.958332061767578], [126.46229553222656, 6.958332061767578], [126.46229553222656, 6.791660308837891], [126.37895202636719, 6.791660308837891]]], [[[136.9635772705078, -11.042217254638672], [136.88023376464844, -11.042217254638672], [136.88023376464844, -10.958881378173828], [136.79689025878906, -10.958881378173828], [136.79689025878906, -10.875545501708984], [136.9635772705078, -10.875545501708984], [136.9635772705078, -10.958881378173828], [137.0469207763672, -10.958881378173828], [137.0469207763672, -11.125553131103516], [137.13026428222656, -11.125553131103516], [137.13026428222656, -11.20888900756836], [136.9635772705078, -11.20888900756836], [136.9635772705078, -11.042217254638672]]], [[[138.3804168701172, -10.79220962524414], [138.46376037597656, -10.79220962524414], [138.46376037597656, -10.875545501708984], [138.3804168701172, -10.875545501708984], [138.3804168701172, -10.79220962524414]]], [[[142.13087463378906, -10.54220199584961], [142.13087463378906, -10.375530242919922], [142.21421813964844, -10.375530242919922], [142.21421813964844, -10.54220199584961], [142.13087463378906, -10.54220199584961]]], [[[142.21421813964844, -9.958850860595703], [142.21421813964844, -10.042186737060547], [142.13087463378906, -10.042186737060547], [142.13087463378906, -9.958850860595703], [142.21421813964844, -9.958850860595703]]], [[[142.21421813964844, -9.958850860595703], [142.21421813964844, -9.87551498413086], [142.3809051513672, -9.87551498413086], [142.3809051513672, -9.958850860595703], [142.21421813964844, -9.958850860595703]]], [[[142.46424865722656, -9.708843231201172], [142.46424865722656, -9.792179107666016], [142.3809051513672, -9.792179107666016], [142.3809051513672, -9.625507354736328], [142.21421813964844, -9.625507354736328], [142.21421813964844, -9.708843231201172], [142.2975616455078, -9.708843231201172], [142.2975616455078, -9.792179107666016], [142.21421813964844, -9.792179107666016], [142.21421813964844, -9.87551498413086], [142.0475311279297, -9.87551498413086], [142.0475311279297, -9.708843231201172], [141.79750061035156, -9.708843231201172], [141.79750061035156, -9.625507354736328], [141.6308135986328, -9.625507354736328], [141.6308135986328, -9.542171478271484], [141.7141571044922, -9.542171478271484], [141.7141571044922, -9.292163848876953], [141.79750061035156, -9.292163848876953], [141.79750061035156, -9.20882797241211], [142.13087463378906, -9.20882797241211], [142.13087463378906, -9.375499725341797], [142.6309356689453, -9.375499725341797], [142.6309356689453, -9.625507354736328], [142.54759216308594, -9.625507354736328], [142.54759216308594, -9.708843231201172], [142.46424865722656, -9.708843231201172]]], [[[141.3807830810547, -9.45883560180664], [141.21409606933594, -9.45883560180664], [141.21409606933594, -9.542171478271484], [141.13075256347656, -9.542171478271484], [141.13075256347656, -9.375499725341797], [141.3807830810547, -9.375499725341797], [141.3807830810547, -9.45883560180664]]], [[[140.88072204589844, -9.542171478271484], [140.79737854003906, -9.542171478271484], [140.79737854003906, -9.45883560180664], [140.7140350341797, -9.45883560180664], [140.7140350341797, -9.375499725341797], [140.88072204589844, -9.375499725341797], [140.88072204589844, -9.542171478271484]]], [[[142.88096618652344, -9.20882797241211], [142.9643096923828, -9.20882797241211], [142.9643096923828, -9.292163848876953], [142.88096618652344, -9.292163848876953], [142.88096618652344, -9.20882797241211]]], [[[137.88035583496094, -9.20882797241211], [137.3802947998047, -9.20882797241211], [137.3802947998047, -9.125492095947266], [137.46363830566406, -9.125492095947266], [137.46363830566406, -9.042156219482422], [137.88035583496094, -9.042156219482422], [137.88035583496094, -9.20882797241211]]], [[[136.9635772705078, -9.042156219482422], [137.21360778808594, -9.042156219482422], [137.21360778808594, -9.125492095947266], [137.0469207763672, -9.125492095947266], [137.0469207763672, -9.20882797241211], [136.88023376464844, -9.20882797241211], [136.88023376464844, -9.125492095947266], [136.9635772705078, -9.125492095947266], [136.9635772705078, -9.042156219482422]]], [[[140.6306915283203, -9.20882797241211], [140.54734802246094, -9.20882797241211], [140.54734802246094, -9.125492095947266], [140.46400451660156, -9.125492095947266], [140.46400451660156, -9.042156219482422], [140.2973175048828, -9.042156219482422], [140.2973175048828, -8.875484466552734], [140.21397399902344, -8.875484466552734], [140.21397399902344, -8.79214859008789], [140.2973175048828, -8.79214859008789], [140.2973175048828, -8.708812713623047], [140.21397399902344, -8.708812713623047], [140.21397399902344, -8.54214096069336], [140.0472869873047, -8.54214096069336], [140.0472869873047, -8.458805084228516], [139.9639434814453, -8.458805084228516], [139.9639434814453, -8.375469207763672], [140.2973175048828, -8.375469207763672], [140.2973175048828, -8.458805084228516], [140.3806610107422, -8.458805084228516], [140.3806610107422, -8.625476837158203], [140.54734802246094, -8.625476837158203], [140.54734802246094, -8.79214859008789], [140.6306915283203, -8.79214859008789], [140.6306915283203, -9.20882797241211]]], [[[138.3804168701172, -8.708812713623047], [138.3804168701172, -8.625476837158203], [138.46376037597656, -8.625476837158203], [138.46376037597656, -8.708812713623047], [138.3804168701172, -8.708812713623047]]], [[[138.13038635253906, -8.625476837158203], [137.9636993408203, -8.625476837158203], [137.9636993408203, -8.708812713623047], [137.7136688232422, -8.708812713623047], [137.7136688232422, -8.79214859008789], [137.13026428222656, -8.79214859008789], [137.13026428222656, -8.875484466552734], [136.79689025878906, -8.875484466552734], [136.79689025878906, -8.79214859008789], [136.21348571777344, -8.79214859008789], [136.21348571777344, -8.708812713623047], [135.88011169433594, -8.708812713623047], [135.88011169433594, -8.625476837158203], [135.6300811767578, -8.625476837158203], [135.6300811767578, -8.375469207763672], [135.88011169433594, -8.375469207763672], [135.88011169433594, -8.12546157836914], [136.3801727294922, -8.12546157836914], [136.3801727294922, -7.875453948974609], [136.6302032470703, -7.875453948974609], [136.6302032470703, -7.625446319580078], [137.13026428222656, -7.625446319580078], [137.13026428222656, -7.875453948974609], [137.3802947998047, -7.875453948974609], [137.3802947998047, -8.375469207763672], [137.7136688232422, -8.375469207763672], [137.7136688232422, -8.458805084228516], [138.13038635253906, -8.458805084228516], [138.13038635253906, -8.625476837158203]]], [[[135.46339416503906, -8.208797454833984], [135.0466766357422, -8.208797454833984], [135.0466766357422, -8.12546157836914], [135.13002014160156, -8.12546157836914], [135.13002014160156, -8.042125701904297], [135.21336364746094, -8.042125701904297], [135.21336364746094, -7.958789825439453], [135.3800506591797, -7.958789825439453], [135.3800506591797, -7.875453948974609], [135.7134246826172, -7.875453948974609], [135.7134246826172, -7.958789825439453], [135.6300811767578, -7.958789825439453], [135.6300811767578, -8.042125701904297], [135.2967071533203, -8.042125701904297], [135.2967071533203, -8.12546157836914], [135.46339416503906, -8.12546157836914], [135.46339416503906, -8.208797454833984]]], [[[135.88011169433594, -7.875453948974609], [135.88011169433594, -7.792118072509766], [136.21348571777344, -7.792118072509766], [136.21348571777344, -7.875453948974609], [135.88011169433594, -7.875453948974609]]], [[[132.87974548339844, -7.625446319580078], [132.9630889892578, -7.625446319580078], [132.9630889892578, -7.708782196044922], [132.87974548339844, -7.708782196044922], [132.87974548339844, -7.625446319580078]]], [[[133.2964630126953, -7.625446319580078], [133.12977600097656, -7.625446319580078], [133.12977600097656, -7.458774566650391], [134.0465545654297, -7.458774566650391], [134.0465545654297, -7.542110443115234], [133.79652404785156, -7.542110443115234], [133.79652404785156, -7.625446319580078], [133.6298370361328, -7.625446319580078], [133.6298370361328, -7.708782196044922], [133.2964630126953, -7.708782196044922], [133.2964630126953, -7.625446319580078]]], [[[136.6302032470703, -7.542110443115234], [136.6302032470703, -7.458774566650391], [136.7135467529297, -7.458774566650391], [136.7135467529297, -7.542110443115234], [136.6302032470703, -7.542110443115234]]], [[[134.3799285888672, -7.125431060791016], [134.6299591064453, -7.125431060791016], [134.6299591064453, -7.375438690185547], [134.3799285888672, -7.375438690185547], [134.3799285888672, -7.125431060791016]]], [[[133.12977600097656, -6.958759307861328], [133.2964630126953, -6.958759307861328], [133.2964630126953, -6.875423431396484], [133.46315002441406, -6.875423431396484], [133.46315002441406, -6.958759307861328], [133.3798065185547, -6.958759307861328], [133.3798065185547, -7.042095184326172], [133.21311950683594, -7.042095184326172], [133.21311950683594, -7.125431060791016], [133.12977600097656, -7.125431060791016], [133.12977600097656, -6.958759307861328]]], [[[133.9632110595703, -6.875423431396484], [134.12989807128906, -6.875423431396484], [134.12989807128906, -6.958759307861328], [134.2965850830078, -6.958759307861328], [134.2965850830078, -6.875423431396484], [134.3799285888672, -6.875423431396484], [134.3799285888672, -7.042095184326172], [133.9632110595703, -7.042095184326172], [133.9632110595703, -6.875423431396484]]], [[[137.79701232910156, -7.208766937255859], [137.7136688232422, -7.208766937255859], [137.7136688232422, -7.125431060791016], [137.6303253173828, -7.125431060791016], [137.6303253173828, -7.208766937255859], [137.54698181152344, -7.208766937255859], [137.54698181152344, -7.292102813720703], [137.3802947998047, -7.292102813720703], [137.3802947998047, -7.375438690185547], [137.2969512939453, -7.375438690185547], [137.2969512939453, -7.458774566650391], [136.88023376464844, -7.458774566650391], [136.88023376464844, -7.375438690185547], [137.13026428222656, -7.375438690185547], [137.13026428222656, -7.292102813720703], [137.21360778808594, -7.292102813720703], [137.21360778808594, -7.208766937255859], [137.3802947998047, -7.208766937255859], [137.3802947998047, -7.125431060791016], [137.46363830566406, -7.125431060791016], [137.46363830566406, -7.042095184326172], [137.3802947998047, -7.042095184326172], [137.3802947998047, -6.875423431396484], [137.2969512939453, -6.875423431396484], [137.2969512939453, -6.792087554931641], [137.3802947998047, -6.792087554931641], [137.3802947998047, -6.708751678466797], [137.46363830566406, -6.708751678466797], [137.46363830566406, -6.792087554931641], [137.54698181152344, -6.792087554931641], [137.54698181152344, -6.875423431396484], [137.6303253173828, -6.875423431396484], [137.6303253173828, -6.792087554931641], [137.7136688232422, -6.792087554931641], [137.7136688232422, -6.708751678466797], [137.54698181152344, -6.708751678466797], [137.54698181152344, -6.625415802001953], [137.6303253173828, -6.625415802001953], [137.6303253173828, -6.375408172607422], [138.3804168701172, -6.375408172607422], [138.3804168701172, -7.125431060791016], [138.2970733642578, -7.125431060791016], [138.2970733642578, -7.208766937255859], [138.0470428466797, -7.208766937255859], [138.0470428466797, -7.292102813720703], [137.79701232910156, -7.292102813720703], [137.79701232910156, -7.208766937255859]]], [[[132.79640197753906, -5.875392913818359], [132.87974548339844, -5.875392913818359], [132.87974548339844, -6.125400543212891], [132.79640197753906, -6.125400543212891], [132.79640197753906, -5.875392913818359]]], [[[132.7130584716797, -3.958667755126953], [132.79640197753906, -3.958667755126953], [132.79640197753906, -4.125339508056641], [132.7130584716797, -4.125339508056641], [132.7130584716797, -3.958667755126953]]], [[[132.87974548339844, -2.625293731689453], [132.87974548339844, -2.7919654846191406], [132.6297149658203, -2.7919654846191406], [132.6297149658203, -2.708629608154297], [132.7130584716797, -2.708629608154297], [132.7130584716797, -2.625293731689453], [132.87974548339844, -2.625293731689453]]], [[[141.79750061035156, -2.625293731689453], [141.88084411621094, -2.625293731689453], [141.88084411621094, -2.708629608154297], [141.79750061035156, -2.708629608154297], [141.79750061035156, -2.625293731689453]]], [[[132.87974548339844, -2.5419578552246094], [133.0464324951172, -2.5419578552246094], [133.0464324951172, -2.625293731689453], [132.87974548339844, -2.625293731689453], [132.87974548339844, -2.5419578552246094]]], [[[133.0464324951172, -2.5419578552246094], [133.0464324951172, -2.375286102294922], [133.12977600097656, -2.375286102294922], [133.12977600097656, -2.5419578552246094], [133.0464324951172, -2.5419578552246094]]], [[[138.13038635253906, -1.4585914611816406], [137.9636993408203, -1.4585914611816406], [137.9636993408203, -1.3752555847167969], [137.6303253173828, -1.3752555847167969], [137.6303253173828, -1.2919197082519531], [137.0469207763672, -1.2919197082519531], [137.0469207763672, -1.3752555847167969], [136.88023376464844, -1.3752555847167969], [136.88023376464844, -1.4585914611816406], [136.79689025878906, -1.4585914611816406], [136.79689025878906, -1.5419273376464844], [136.6302032470703, -1.5419273376464844], [136.6302032470703, -1.3752555847167969], [136.7135467529297, -1.3752555847167969], [136.7135467529297, -1.2085838317871094], [137.13026428222656, -1.2085838317871094], [137.13026428222656, -1.1252479553222656], [137.46363830566406, -1.1252479553222656], [137.46363830566406, -1.2085838317871094], [137.54698181152344, -1.2085838317871094], [137.54698181152344, -1.1252479553222656], [137.7136688232422, -1.1252479553222656], [137.7136688232422, -1.0419120788574219], [137.88035583496094, -1.0419120788574219], [137.88035583496094, -1.1252479553222656], [137.9636993408203, -1.1252479553222656], [137.9636993408203, -1.2085838317871094], [138.0470428466797, -1.2085838317871094], [138.0470428466797, -1.2919197082519531], [138.13038635253906, -1.2919197082519531], [138.13038635253906, -1.4585914611816406]]], [[[138.6304473876953, -1.5419273376464844], [138.46376037597656, -1.5419273376464844], [138.46376037597656, -1.4585914611816406], [138.2970733642578, -1.4585914611816406], [138.2970733642578, -1.3752555847167969], [138.3804168701172, -1.3752555847167969], [138.3804168701172, -1.2919197082519531], [138.54710388183594, -1.2919197082519531], [138.54710388183594, -1.3752555847167969], [138.6304473876953, -1.3752555847167969], [138.6304473876953, -1.4585914611816406], [138.7137908935547, -1.4585914611816406], [138.7137908935547, -1.2085838317871094], [138.6304473876953, -1.2085838317871094], [138.6304473876953, -0.9585762023925781], [138.79713439941406, -0.9585762023925781], [138.79713439941406, -1.0419120788574219], [139.0471649169922, -1.0419120788574219], [139.0471649169922, -1.1252479553222656], [138.88047790527344, -1.1252479553222656], [138.88047790527344, -1.6252632141113281], [138.6304473876953, -1.6252632141113281], [138.6304473876953, -1.5419273376464844]]], [[[134.54661560058594, 0.7914772033691406], [134.54661560058594, 0.7081413269042969], [134.7133026123047, 0.7081413269042969], [134.7133026123047, 0.6248054504394531], [134.9633331298828, 0.6248054504394531], [134.9633331298828, 0.5414695739746094], [135.0466766357422, 0.5414695739746094], [135.0466766357422, 0.4581336975097656], [135.13002014160156, 0.4581336975097656], [135.13002014160156, 0.3747978210449219], [135.3800506591797, 0.3747978210449219], [135.3800506591797, 0.2914619445800781], [135.46339416503906, 0.2914619445800781], [135.46339416503906, 0.20812606811523438], [135.6300811767578, 0.20812606811523438], [135.6300811767578, 0.12479019165039062], [135.79676818847656, 0.12479019165039062], [135.79676818847656, 0.041454315185546875], [135.9634552001953, 0.041454315185546875], [135.9634552001953, -0.041881561279296875], [136.13014221191406, -0.041881561279296875], [136.13014221191406, -0.12521743774414062], [136.21348571777344, -0.12521743774414062], [136.21348571777344, -0.20855331420898438], [136.2968292236328, -0.20855331420898438], [136.2968292236328, -0.3752250671386719], [136.3801727294922, -0.3752250671386719], [136.3801727294922, -0.4585609436035156], [136.46351623535156, -0.4585609436035156], [136.46351623535156, -0.7085685729980469], [136.54685974121094, -0.7085685729980469], [136.54685974121094, -0.7919044494628906], [136.46351623535156, -0.7919044494628906], [136.46351623535156, -0.8752403259277344], [136.21348571777344, -0.8752403259277344], [136.21348571777344, -0.7919044494628906], [136.13014221191406, -0.7919044494628906], [136.13014221191406, -0.8752403259277344], [135.9634552001953, -0.8752403259277344], [135.9634552001953, -0.7919044494628906], [135.88011169433594, -0.7919044494628906], [135.88011169433594, -0.6252326965332031], [135.79676818847656, -0.6252326965332031], [135.79676818847656, -0.5418968200683594], [135.6300811767578, -0.5418968200683594], [135.6300811767578, -0.4585609436035156], [135.3800506591797, -0.4585609436035156], [135.3800506591797, -0.3752250671386719], [135.21336364746094, -0.3752250671386719], [135.21336364746094, -0.20855331420898438], [135.13002014160156, -0.20855331420898438], [135.13002014160156, -0.12521743774414062], [135.0466766357422, -0.12521743774414062], [135.0466766357422, -0.20855331420898438], [134.7133026123047, -0.20855331420898438], [134.7133026123047, -0.12521743774414062], [134.9633331298828, -0.12521743774414062], [134.9633331298828, -0.041881561279296875], [134.87998962402344, -0.041881561279296875], [134.87998962402344, 0.041454315185546875], [134.79664611816406, 0.041454315185546875], [134.79664611816406, 0.12479019165039062], [134.7133026123047, 0.12479019165039062], [134.7133026123047, 0.20812606811523438], [134.54661560058594, 0.20812606811523438], [134.54661560058594, 0.2914619445800781], [134.46327209472656, 0.2914619445800781], [134.46327209472656, 0.3747978210449219], [134.3799285888672, 0.3747978210449219], [134.3799285888672, 0.4581336975097656], [133.46315002441406, 0.4581336975097656], [133.46315002441406, 0.5414695739746094], [133.2964630126953, 0.5414695739746094], [133.2964630126953, 0.7081413269042969], [133.21311950683594, 0.7081413269042969], [133.21311950683594, 0.7914772033691406], [133.12977600097656, 0.7914772033691406], [133.12977600097656, 0.8748130798339844], [133.21311950683594, 0.8748130798339844], [133.21311950683594, 0.9581489562988281], [133.2964630126953, 0.9581489562988281], [133.2964630126953, 1.0414848327636719], [133.46315002441406, 1.0414848327636719], [133.46315002441406, 1.1248207092285156], [134.0465545654297, 1.1248207092285156], [134.0465545654297, 1.0414848327636719], [134.46327209472656, 1.0414848327636719], [134.46327209472656, 0.9581489562988281], [134.3799285888672, 0.9581489562988281], [134.3799285888672, 0.7914772033691406], [134.54661560058594, 0.7914772033691406]]], [[[141.3807830810547, 1.6248359680175781], [141.3807830810547, 1.3748283386230469], [141.13075256347656, 1.3748283386230469], [141.13075256347656, 1.6248359680175781], [141.3807830810547, 1.6248359680175781]]], [[[128.6292266845703, 6.374980926513672], [128.87925720214844, 6.374980926513672], [128.87925720214844, 6.541652679443359], [129.0459442138672, 6.541652679443359], [129.0459442138672, 6.624988555908203], [129.12928771972656, 6.624988555908203], [129.12928771972656, 6.708324432373047], [129.2959747314453, 6.708324432373047], [129.2959747314453, 6.791660308837891], [129.3793182373047, 6.791660308837891], [129.3793182373047, 6.958332061767578], [138.6304473876953, 6.958332061767578], [138.6304473876953, 6.374980926513672], [138.13038635253906, 6.374980926513672], [138.13038635253906, 6.458316802978516], [138.0470428466797, 6.458316802978516], [138.0470428466797, 6.374980926513672], [137.9636993408203, 6.374980926513672], [137.9636993408203, 6.291645050048828], [137.88035583496094, 6.291645050048828], [137.88035583496094, 6.208309173583984], [137.79701232910156, 6.208309173583984], [137.79701232910156, 6.124973297119141], [137.46363830566406, 6.124973297119141], [137.46363830566406, 6.458316802978516], [137.3802947998047, 6.458316802978516], [137.3802947998047, 6.374980926513672], [136.3801727294922, 6.374980926513672], [136.3801727294922, 5.374950408935547], [136.13014221191406, 5.374950408935547], [136.13014221191406, 5.124942779541016], [135.88011169433594, 5.124942779541016], [135.88011169433594, 5.374950408935547], [135.6300811767578, 5.374950408935547], [135.6300811767578, 6.291645050048828], [135.3800506591797, 6.291645050048828], [135.3800506591797, 6.124973297119141], [134.87998962402344, 6.124973297119141], [134.87998962402344, 5.874965667724609], [134.6299591064453, 5.874965667724609], [134.6299591064453, 5.624958038330078], [133.87986755371094, 5.624958038330078], [133.87986755371094, 5.374950408935547], [133.6298370361328, 5.374950408935547], [133.6298370361328, 5.624958038330078], [133.3798065185547, 5.624958038330078], [133.3798065185547, 5.291614532470703], [133.46315002441406, 5.291614532470703], [133.46315002441406, 5.208278656005859], [133.54649353027344, 5.208278656005859], [133.54649353027344, 5.124942779541016], [133.6298370361328, 5.124942779541016], [133.6298370361328, 5.041606903076172], [133.79652404785156, 5.041606903076172], [133.79652404785156, 4.958271026611328], [134.3799285888672, 4.958271026611328], [134.3799285888672, 4.708263397216797], [134.6299591064453, 4.708263397216797], [134.6299591064453, 4.624927520751953], [135.0466766357422, 4.624927520751953], [135.0466766357422, 4.541591644287109], [135.3800506591797, 4.541591644287109], [135.3800506591797, 4.624927520751953], [135.13002014160156, 4.624927520751953], [135.13002014160156, 4.791599273681641], [135.54673767089844, 4.791599273681641], [135.54673767089844, 4.708263397216797], [135.88011169433594, 4.708263397216797], [135.88011169433594, 4.624927520751953], [136.3801727294922, 4.624927520751953], [136.3801727294922, 4.541591644287109], [136.7135467529297, 4.541591644287109], [136.7135467529297, 4.458255767822266], [137.0469207763672, 4.458255767822266], [137.0469207763672, 4.374919891357422], [137.2969512939453, 4.374919891357422], [137.2969512939453, 4.291584014892578], [138.13038635253906, 4.291584014892578], [138.13038635253906, 4.374919891357422], [138.2970733642578, 4.374919891357422], [138.2970733642578, 4.458255767822266], [138.3804168701172, 4.458255767822266], [138.3804168701172, 4.541591644287109], [138.46376037597656, 4.541591644287109], [138.46376037597656, 4.624927520751953], [138.6304473876953, 4.624927520751953], [138.6304473876953, 4.708263397216797], [138.7137908935547, 4.708263397216797], [138.7137908935547, 4.874935150146484], [138.54710388183594, 4.874935150146484], [138.54710388183594, 4.958271026611328], [138.46376037597656, 4.958271026611328], [138.46376037597656, 5.041606903076172], [138.3804168701172, 5.041606903076172], [138.3804168701172, 5.291614532470703], [138.2970733642578, 5.291614532470703], [138.2970733642578, 5.708293914794922], [138.21372985839844, 5.708293914794922], [138.21372985839844, 5.791629791259766], [138.2970733642578, 5.791629791259766], [138.2970733642578, 6.124973297119141], [138.46376037597656, 6.124973297119141], [138.46376037597656, 5.458286285400391], [138.54710388183594, 5.458286285400391], [138.54710388183594, 5.291614532470703], [138.7137908935547, 5.291614532470703], [138.7137908935547, 5.208278656005859], [138.79713439941406, 5.208278656005859], [138.79713439941406, 5.041606903076172], [138.88047790527344, 5.041606903076172], [138.88047790527344, 4.791599273681641], [139.13050842285156, 4.791599273681641], [139.13050842285156, 4.708263397216797], [139.2971954345703, 4.708263397216797], [139.2971954345703, 4.624927520751953], [139.46388244628906, 4.624927520751953], [139.46388244628906, 4.541591644287109], [139.54722595214844, 4.541591644287109], [139.54722595214844, 4.458255767822266], [139.7139129638672, 4.458255767822266], [139.7139129638672, 4.374919891357422], [139.88059997558594, 4.374919891357422], [139.88059997558594, 4.291584014892578], [140.46400451660156, 4.291584014892578], [140.46400451660156, 4.208248138427734], [140.2973175048828, 4.208248138427734], [140.2973175048828, 4.124912261962891], [140.3806610107422, 4.124912261962891], [140.3806610107422, 4.041576385498047], [140.54734802246094, 4.041576385498047], [140.54734802246094, 3.958240509033203], [140.7140350341797, 3.958240509033203], [140.7140350341797, 3.8749046325683594], [140.88072204589844, 3.8749046325683594], [140.88072204589844, 3.624897003173828], [140.6306915283203, 3.624897003173828], [140.6306915283203, 3.374889373779297], [140.3806610107422, 3.374889373779297], [140.3806610107422, 3.1248817443847656], [140.13063049316406, 3.1248817443847656], [140.13063049316406, 3.041545867919922], [140.79737854003906, 3.041545867919922], [140.79737854003906, 3.291553497314453], [140.7140350341797, 3.291553497314453], [140.7140350341797, 3.4582252502441406], [140.9640655517578, 3.4582252502441406], [140.9640655517578, 3.5415611267089844], [141.0474090576172, 3.5415611267089844], [141.0474090576172, 3.4582252502441406], [141.7141571044922, 3.4582252502441406], [141.7141571044922, 3.374889373779297], [142.21421813964844, 3.374889373779297], [142.21421813964844, 3.4582252502441406], [142.46424865722656, 3.4582252502441406], [142.46424865722656, 3.5415611267089844], [142.9643096923828, 3.5415611267089844], [142.9643096923828, 0.8748130798339844], [142.88096618652344, 0.8748130798339844], [142.88096618652344, 0.7914772033691406], [142.3809051513672, 0.7914772033691406], [142.3809051513672, 1.1248207092285156], [142.13087463378906, 1.1248207092285156], [142.13087463378906, 1.3748283386230469], [141.88084411621094, 1.3748283386230469], [141.88084411621094, 1.6248359680175781], [141.3807830810547, 1.6248359680175781], [141.3807830810547, 1.7081718444824219], [140.9640655517578, 1.7081718444824219], [140.9640655517578, 1.6248359680175781], [139.9639434814453, 1.6248359680175781], [139.9639434814453, 1.5415000915527344], [139.6305694580078, 1.5415000915527344], [139.6305694580078, 1.4581642150878906], [139.3805389404297, 1.4581642150878906], [139.3805389404297, 1.3748283386230469], [138.7137908935547, 1.3748283386230469], [138.7137908935547, 1.4581642150878906], [138.46376037597656, 1.4581642150878906], [138.46376037597656, 1.5415000915527344], [138.2970733642578, 1.5415000915527344], [138.2970733642578, 1.6248359680175781], [138.0470428466797, 1.6248359680175781], [138.0470428466797, 1.7081718444824219], [137.54698181152344, 1.7081718444824219], [137.54698181152344, 1.6248359680175781], [137.21360778808594, 1.6248359680175781], [137.21360778808594, 1.5415000915527344], [136.79689025878906, 1.5415000915527344], [136.79689025878906, 1.6248359680175781], [136.46351623535156, 1.6248359680175781], [136.46351623535156, 1.7081718444824219], [136.13014221191406, 1.7081718444824219], [136.13014221191406, 1.7915077209472656], [135.6300811767578, 1.7915077209472656], [135.6300811767578, 1.9581794738769531], [135.54673767089844, 1.9581794738769531], [135.54673767089844, 2.041515350341797], [135.3800506591797, 2.041515350341797], [135.3800506591797, 2.1248512268066406], [134.87998962402344, 2.1248512268066406], [134.87998962402344, 2.2081871032714844], [134.7133026123047, 2.2081871032714844], [134.7133026123047, 2.291522979736328], [134.54661560058594, 2.291522979736328], [134.54661560058594, 2.374858856201172], [134.3799285888672, 2.374858856201172], [134.3799285888672, 2.4581947326660156], [134.21324157714844, 2.4581947326660156], [134.21324157714844, 2.624866485595703], [134.2965850830078, 2.624866485595703], [134.2965850830078, 2.708202362060547], [134.3799285888672, 2.708202362060547], [134.3799285888672, 2.8748741149902344], [134.0465545654297, 2.8748741149902344], [134.0465545654297, 2.7915382385253906], [133.6298370361328, 2.7915382385253906], [133.6298370361328, 2.624866485595703], [133.3798065185547, 2.624866485595703], [133.3798065185547, 2.7915382385253906], [132.7130584716797, 2.7915382385253906], [132.7130584716797, 2.8748741149902344], [132.46302795410156, 2.8748741149902344], [132.46302795410156, 2.958209991455078], [132.2963409423828, 2.958209991455078], [132.2963409423828, 3.041545867919922], [132.21299743652344, 3.041545867919922], [132.21299743652344, 3.1248817443847656], [132.12965393066406, 3.1248817443847656], [132.12965393066406, 3.2082176208496094], [132.0463104248047, 3.2082176208496094], [132.0463104248047, 3.374889373779297], [131.87962341308594, 3.374889373779297], [131.87962341308594, 3.1248817443847656], [131.54624938964844, 3.1248817443847656], [131.54624938964844, 3.2082176208496094], [131.46290588378906, 3.2082176208496094], [131.46290588378906, 3.291553497314453], [131.3795623779297, 3.291553497314453], [131.3795623779297, 3.374889373779297], [131.2962188720703, 3.374889373779297], [131.2962188720703, 3.5415611267089844], [131.21287536621094, 3.5415611267089844], [131.21287536621094, 3.624897003173828], [131.12953186035156, 3.624897003173828], [131.12953186035156, 3.708232879638672], [131.0461883544922, 3.708232879638672], [131.0461883544922, 3.7915687561035156], [130.6294708251953, 3.7915687561035156], [130.6294708251953, 3.708232879638672], [130.54612731933594, 3.708232879638672], [130.54612731933594, 3.4582252502441406], [130.6294708251953, 3.4582252502441406], [130.6294708251953, 3.041545867919922], [130.7128143310547, 3.041545867919922], [130.7128143310547, 2.958209991455078], [130.87950134277344, 2.958209991455078], [130.87950134277344, 2.8748741149902344], [131.12953186035156, 2.8748741149902344], [131.12953186035156, 2.7915382385253906], [131.2962188720703, 2.7915382385253906], [131.2962188720703, 2.624866485595703], [131.12953186035156, 2.624866485595703], [131.12953186035156, 2.374858856201172], [131.54624938964844, 2.374858856201172], [131.54624938964844, 2.291522979736328], [131.7129364013672, 2.291522979736328], [131.7129364013672, 2.1248512268066406], [131.87962341308594, 2.1248512268066406], [131.87962341308594, 2.374858856201172], [132.12965393066406, 2.374858856201172], [132.12965393066406, 1.8748435974121094], [132.46302795410156, 1.8748435974121094], [132.46302795410156, 1.7915077209472656], [132.54637145996094, 1.7915077209472656], [132.54637145996094, 1.7081718444824219], [132.7130584716797, 1.7081718444824219], [132.7130584716797, 1.6248359680175781], [132.6297149658203, 1.6248359680175781], [132.6297149658203, 1.5415000915527344], [132.54637145996094, 1.5415000915527344], [132.54637145996094, 1.3748283386230469], [132.46302795410156, 1.3748283386230469], [132.46302795410156, 1.2081565856933594], [132.3796844482422, 1.2081565856933594], [132.3796844482422, 0.6248054504394531], [132.12965393066406, 0.6248054504394531], [132.12965393066406, 0.2914619445800781], [132.21299743652344, 0.2914619445800781], [132.21299743652344, 0.3747978210449219], [132.46302795410156, 0.3747978210449219], [132.46302795410156, 0.2914619445800781], [132.87974548339844, 0.2914619445800781], [132.87974548339844, 0.041454315185546875], [132.9630889892578, 0.041454315185546875], [132.9630889892578, -0.041881561279296875], [133.0464324951172, -0.041881561279296875], [133.0464324951172, -0.20855331420898438], [132.9630889892578, -0.20855331420898438], [132.9630889892578, -0.2918891906738281], [132.7130584716797, -0.2918891906738281], [132.7130584716797, -0.20855331420898438], [132.3796844482422, -0.20855331420898438], [132.3796844482422, -0.12521743774414062], [132.21299743652344, -0.12521743774414062], [132.21299743652344, 0.041454315185546875], [132.12965393066406, 0.041454315185546875], [132.12965393066406, 0.12479019165039062], [131.54624938964844, 0.12479019165039062], [131.54624938964844, -0.20855331420898438], [131.3795623779297, -0.20855331420898438], [131.3795623779297, -0.041881561279296875], [131.2962188720703, -0.041881561279296875], [131.2962188720703, 0.12479019165039062], [131.3795623779297, 0.12479019165039062], [131.3795623779297, 1.3748283386230469], [131.12953186035156, 1.3748283386230469], [131.12953186035156, 1.7915077209472656], [131.0461883544922, 1.7915077209472656], [131.0461883544922, 1.8748435974121094], [130.87950134277344, 1.8748435974121094], [130.87950134277344, 2.041515350341797], [130.7128143310547, 2.041515350341797], [130.7128143310547, 1.9581794738769531], [130.6294708251953, 1.9581794738769531], [130.6294708251953, 1.8748435974121094], [130.54612731933594, 1.8748435974121094], [130.54612731933594, 1.7915077209472656], [130.2960968017578, 1.7915077209472656], [130.2960968017578, 1.8748435974121094], [130.12940979003906, 1.8748435974121094], [130.12940979003906, 1.6248359680175781], [130.3794403076172, 1.6248359680175781], [130.3794403076172, 1.3748283386230469], [130.6294708251953, 1.3748283386230469], [130.6294708251953, 1.0414848327636719], [130.2960968017578, 1.0414848327636719], [130.2960968017578, 0.9581489562988281], [130.12940979003906, 0.9581489562988281], [130.12940979003906, 1.1248207092285156], [129.12928771972656, 1.1248207092285156], [129.12928771972656, 1.2081565856933594], [128.9626007080078, 1.2081565856933594], [128.9626007080078, 1.1248207092285156], [128.87925720214844, 1.1248207092285156], [128.87925720214844, 1.3748283386230469], [129.12928771972656, 1.3748283386230469], [129.12928771972656, 1.8748435974121094], [128.9626007080078, 1.8748435974121094], [128.9626007080078, 1.7081718444824219], [128.87925720214844, 1.7081718444824219], [128.87925720214844, 1.6248359680175781], [128.7125701904297, 1.6248359680175781], [128.7125701904297, 2.7915382385253906], [128.79591369628906, 2.7915382385253906], [128.79591369628906, 2.8748741149902344], [128.6292266845703, 2.8748741149902344], [128.6292266845703, 2.708202362060547], [128.46253967285156, 2.708202362060547], [128.46253967285156, 2.624866485595703], [128.3791961669922, 2.624866485595703], [128.3791961669922, 2.4581947326660156], [128.2958526611328, 2.4581947326660156], [128.2958526611328, 2.374858856201172], [127.87913513183594, 2.374858856201172], [127.87913513183594, 2.1248512268066406], [127.79579162597656, 2.1248512268066406], [127.79579162597656, 2.291522979736328], [127.71244812011719, 2.291522979736328], [127.71244812011719, 2.2081871032714844], [127.37907409667969, 2.2081871032714844], [127.37907409667969, 1.9581794738769531], [127.29573059082031, 1.9581794738769531], [127.29573059082031, 1.8748435974121094], [127.21238708496094, 1.8748435974121094], [127.21238708496094, 1.7081718444824219], [127.12904357910156, 1.7081718444824219], [127.12904357910156, 1.6248359680175781], [126.96235656738281, 1.6248359680175781], [126.96235656738281, 1.4581642150878906], [126.87901306152344, 1.4581642150878906], [126.87901306152344, 1.2081565856933594], [126.71232604980469, 1.2081565856933594], [126.71232604980469, 1.1248207092285156], [126.54563903808594, 1.1248207092285156], [126.54563903808594, 1.2081565856933594], [126.37895202636719, 1.2081565856933594], [126.37895202636719, 1.2914924621582031], [126.46229553222656, 1.2914924621582031], [126.46229553222656, 1.3748283386230469], [126.71232604980469, 1.3748283386230469], [126.71232604980469, 1.4581642150878906], [126.62898254394531, 1.4581642150878906], [126.62898254394531, 1.5415000915527344], [126.54563903808594, 1.5415000915527344], [126.54563903808594, 1.4581642150878906], [126.37895202636719, 1.4581642150878906], [126.37895202636719, 1.3748283386230469], [126.29560852050781, 1.3748283386230469], [126.29560852050781, 1.2914924621582031], [126.21226501464844, 1.2914924621582031], [126.21226501464844, 1.2081565856933594], [126.12892150878906, 1.2081565856933594], [126.12892150878906, 0.9581489562988281], [126.04557800292969, 0.9581489562988281], [126.04557800292969, 0.8748130798339844], [125.71220397949219, 0.8748130798339844], [125.71220397949219, 0.7914772033691406], [125.62886047363281, 0.7914772033691406], [125.62886047363281, 0.6248054504394531], [125.46217346191406, 0.6248054504394531], [125.46217346191406, 0.5414695739746094], [125.37882995605469, 0.5414695739746094], [125.37882995605469, 0.3747978210449219], [125.12879943847656, 0.3747978210449219], [125.12879943847656, 0.4581336975097656], [125.04545593261719, 0.4581336975097656], [125.04545593261719, 0.3747978210449219], [124.87876892089844, 0.3747978210449219], [124.87876892089844, 0.2914619445800781], [124.29536437988281, 0.2914619445800781], [124.29536437988281, 0.3747978210449219], [124.37870788574219, 0.3747978210449219], [124.37870788574219, 0.4581336975097656], [124.54539489746094, 0.4581336975097656], [124.54539489746094, 0.6248054504394531], [124.62873840332031, 0.6248054504394531], [124.62873840332031, 0.7914772033691406], [124.71208190917969, 0.7914772033691406], [124.71208190917969, 0.8748130798339844], [124.96211242675781, 0.8748130798339844], [124.96211242675781, 0.9581489562988281], [124.87876892089844, 0.9581489562988281], [124.87876892089844, 1.0414848327636719], [125.12879943847656, 1.0414848327636719], [125.12879943847656, 1.1248207092285156], [125.21214294433594, 1.1248207092285156], [125.21214294433594, 1.2081565856933594], [125.29548645019531, 1.2081565856933594], [125.29548645019531, 1.2914924621582031], [125.37882995605469, 1.2914924621582031], [125.37882995605469, 1.3748283386230469], [125.46217346191406, 1.3748283386230469], [125.46217346191406, 1.6248359680175781], [125.21214294433594, 1.6248359680175781], [125.21214294433594, 1.8748435974121094], [125.12879943847656, 1.8748435974121094], [125.12879943847656, 1.9581794738769531], [125.04545593261719, 1.9581794738769531], [125.04545593261719, 1.8748435974121094], [124.96211242675781, 1.8748435974121094], [124.96211242675781, 1.9581794738769531], [124.87876892089844, 1.9581794738769531], [124.87876892089844, 2.041515350341797], [124.96211242675781, 2.041515350341797], [124.96211242675781, 2.1248512268066406], [125.12879943847656, 2.1248512268066406], [125.12879943847656, 2.374858856201172], [125.29548645019531, 2.374858856201172], [125.29548645019531, 2.4581947326660156], [125.37882995605469, 2.4581947326660156], [125.37882995605469, 2.5415306091308594], [125.46217346191406, 2.5415306091308594], [125.46217346191406, 2.624866485595703], [125.54551696777344, 2.624866485595703], [125.54551696777344, 2.5415306091308594], [125.62886047363281, 2.5415306091308594], [125.62886047363281, 2.624866485595703], [126.21226501464844, 2.624866485595703], [126.21226501464844, 2.7915382385253906], [126.04557800292969, 2.7915382385253906], [126.04557800292969, 2.8748741149902344], [125.96223449707031, 2.8748741149902344], [125.96223449707031, 2.958209991455078], [125.87889099121094, 2.958209991455078], [125.87889099121094, 3.2082176208496094], [125.79554748535156, 3.2082176208496094], [125.79554748535156, 3.374889373779297], [125.71220397949219, 3.374889373779297], [125.71220397949219, 3.4582252502441406], [125.79554748535156, 3.4582252502441406], [125.79554748535156, 3.5415611267089844], [125.71220397949219, 3.5415611267089844], [125.71220397949219, 3.624897003173828], [125.79554748535156, 3.624897003173828], [125.79554748535156, 3.708232879638672], [125.62886047363281, 3.708232879638672], [125.62886047363281, 3.7915687561035156], [125.71220397949219, 3.7915687561035156], [125.71220397949219, 4.208248138427734], [125.79554748535156, 4.208248138427734], [125.79554748535156, 4.124912261962891], [125.87889099121094, 4.124912261962891], [125.87889099121094, 3.291553497314453], [125.96223449707031, 3.291553497314453], [125.96223449707031, 3.2082176208496094], [126.04557800292969, 3.2082176208496094], [126.04557800292969, 3.041545867919922], [126.21226501464844, 3.041545867919922], [126.21226501464844, 2.958209991455078], [126.37895202636719, 2.958209991455078], [126.37895202636719, 2.8748741149902344], [126.46229553222656, 2.8748741149902344], [126.46229553222656, 2.7915382385253906], [126.62898254394531, 2.7915382385253906], [126.62898254394531, 2.708202362060547], [127.04570007324219, 2.708202362060547], [127.04570007324219, 2.624866485595703], [127.71244812011719, 2.624866485595703], [127.71244812011719, 2.708202362060547], [127.96247863769531, 2.708202362060547], [127.96247863769531, 2.7915382385253906], [128.2958526611328, 2.7915382385253906], [128.2958526611328, 2.8748741149902344], [128.46253967285156, 2.8748741149902344], [128.46253967285156, 3.041545867919922], [128.54588317871094, 3.041545867919922], [128.54588317871094, 3.2082176208496094], [128.6292266845703, 3.2082176208496094], [128.6292266845703, 3.5415611267089844], [128.7125701904297, 3.5415611267089844], [128.7125701904297, 3.708232879638672], [128.79591369628906, 3.708232879638672], [128.79591369628906, 3.374889373779297], [128.9626007080078, 3.374889373779297], [128.9626007080078, 3.8749046325683594], [129.0459442138672, 3.8749046325683594], [129.0459442138672, 3.958240509033203], [129.12928771972656, 3.958240509033203], [129.12928771972656, 4.124912261962891], [129.3793182373047, 4.124912261962891], [129.3793182373047, 4.291584014892578], [129.46266174316406, 4.291584014892578], [129.46266174316406, 4.374919891357422], [129.6293487548828, 4.374919891357422], [129.6293487548828, 4.624927520751953], [130.12940979003906, 4.624927520751953], [130.12940979003906, 4.874935150146484], [130.3794403076172, 4.874935150146484], [130.3794403076172, 4.708263397216797], [130.46278381347656, 4.708263397216797], [130.46278381347656, 4.624927520751953], [130.87950134277344, 4.624927520751953], [130.87950134277344, 4.874935150146484], [130.9628448486328, 4.874935150146484], [130.9628448486328, 4.791599273681641], [131.12953186035156, 4.791599273681641], [131.12953186035156, 4.624927520751953], [131.46290588378906, 4.624927520751953], [131.46290588378906, 4.541591644287109], [131.54624938964844, 4.541591644287109], [131.54624938964844, 4.458255767822266], [131.6295928955078, 4.458255767822266], [131.6295928955078, 4.374919891357422], [131.7129364013672, 4.374919891357422], [131.7129364013672, 4.291584014892578], [131.79627990722656, 4.291584014892578], [131.79627990722656, 4.208248138427734], [131.9629669189453, 4.208248138427734], [131.9629669189453, 4.124912261962891], [132.21299743652344, 4.124912261962891], [132.21299743652344, 4.041576385498047], [132.54637145996094, 4.041576385498047], [132.54637145996094, 3.958240509033203], [132.87974548339844, 3.958240509033203], [132.87974548339844, 3.8749046325683594], [133.3798065185547, 3.8749046325683594], [133.3798065185547, 3.7915687561035156], [133.7131805419922, 3.7915687561035156], [133.7131805419922, 3.8749046325683594], [133.9632110595703, 3.8749046325683594], [133.9632110595703, 3.958240509033203], [134.12989807128906, 3.958240509033203], [134.12989807128906, 4.124912261962891], [134.0465545654297, 4.124912261962891], [134.0465545654297, 4.208248138427734], [133.6298370361328, 4.208248138427734], [133.6298370361328, 4.291584014892578], [133.46315002441406, 4.291584014892578], [133.46315002441406, 4.374919891357422], [133.2964630126953, 4.374919891357422], [133.2964630126953, 4.458255767822266], [133.0464324951172, 4.458255767822266], [133.0464324951172, 4.541591644287109], [132.79640197753906, 4.541591644287109], [132.79640197753906, 4.624927520751953], [132.7130584716797, 4.624927520751953], [132.7130584716797, 4.708263397216797], [132.54637145996094, 4.708263397216797], [132.54637145996094, 4.791599273681641], [132.2963409423828, 4.791599273681641], [132.2963409423828, 4.874935150146484], [132.21299743652344, 4.874935150146484], [132.21299743652344, 5.124942779541016], [132.6297149658203, 5.124942779541016], [132.6297149658203, 5.208278656005859], [132.46302795410156, 5.208278656005859], [132.46302795410156, 5.291614532470703], [132.2963409423828, 5.291614532470703], [132.2963409423828, 5.374950408935547], [132.21299743652344, 5.374950408935547], [132.21299743652344, 5.458286285400391], [132.12965393066406, 5.458286285400391], [132.12965393066406, 5.541622161865234], [131.9629669189453, 5.541622161865234], [131.9629669189453, 5.624958038330078], [131.87962341308594, 5.624958038330078], [131.87962341308594, 5.708293914794922], [131.79627990722656, 5.708293914794922], [131.79627990722656, 5.791629791259766], [131.7129364013672, 5.791629791259766], [131.7129364013672, 5.874965667724609], [131.6295928955078, 5.874965667724609], [131.6295928955078, 5.958301544189453], [131.46290588378906, 5.958301544189453], [131.46290588378906, 6.041637420654297], [131.2962188720703, 6.041637420654297], [131.2962188720703, 6.124973297119141], [131.0461883544922, 6.124973297119141], [131.0461883544922, 6.208309173583984], [130.79615783691406, 6.208309173583984], [130.79615783691406, 6.291645050048828], [130.6294708251953, 6.291645050048828], [130.6294708251953, 6.374980926513672], [130.12940979003906, 6.374980926513672], [130.12940979003906, 6.458316802978516], [129.9627227783203, 6.458316802978516], [129.9627227783203, 6.374980926513672], [129.54600524902344, 6.374980926513672], [129.54600524902344, 6.291645050048828], [129.46266174316406, 6.291645050048828], [129.46266174316406, 6.208309173583984], [129.3793182373047, 6.208309173583984], [129.3793182373047, 6.124973297119141], [129.2959747314453, 6.124973297119141], [129.2959747314453, 6.041637420654297], [129.12928771972656, 6.041637420654297], [129.12928771972656, 5.958301544189453], [129.0459442138672, 5.958301544189453], [129.0459442138672, 5.874965667724609], [128.87925720214844, 5.874965667724609], [128.87925720214844, 5.791629791259766], [128.79591369628906, 5.791629791259766], [128.79591369628906, 5.708293914794922], [128.7125701904297, 5.708293914794922], [128.7125701904297, 5.624958038330078], [128.6292266845703, 5.624958038330078], [128.6292266845703, 5.541622161865234], [128.54588317871094, 5.541622161865234], [128.54588317871094, 5.291614532470703], [128.46253967285156, 5.291614532470703], [128.46253967285156, 5.124942779541016], [128.3791961669922, 5.124942779541016], [128.3791961669922, 4.874935150146484], [128.2958526611328, 4.874935150146484], [128.2958526611328, 4.708263397216797], [128.21250915527344, 4.708263397216797], [128.21250915527344, 4.291584014892578], [128.12916564941406, 4.291584014892578], [128.12916564941406, 3.8749046325683594], [127.96247863769531, 3.8749046325683594], [127.96247863769531, 3.624897003173828], [128.12916564941406, 3.624897003173828], [128.12916564941406, 3.708232879638672], [128.21250915527344, 3.708232879638672], [128.21250915527344, 3.291553497314453], [128.12916564941406, 3.291553497314453], [128.12916564941406, 3.2082176208496094], [127.54576110839844, 3.2082176208496094], [127.54576110839844, 3.1248817443847656], [127.29573059082031, 3.1248817443847656], [127.29573059082031, 3.041545867919922], [127.12904357910156, 3.041545867919922], [127.12904357910156, 2.958209991455078], [126.79566955566406, 2.958209991455078], [126.79566955566406, 3.041545867919922], [126.46229553222656, 3.041545867919922], [126.46229553222656, 3.2082176208496094], [126.37895202636719, 3.2082176208496094], [126.37895202636719, 3.4582252502441406], [126.29560852050781, 3.4582252502441406], [126.29560852050781, 4.124912261962891], [126.21226501464844, 4.124912261962891], [126.21226501464844, 4.291584014892578], [126.12892150878906, 4.291584014892578], [126.12892150878906, 4.458255767822266], [126.21226501464844, 4.458255767822266], [126.21226501464844, 4.791599273681641], [126.12892150878906, 4.791599273681641], [126.12892150878906, 4.874935150146484], [126.04557800292969, 4.874935150146484], [126.04557800292969, 5.041606903076172], [126.12892150878906, 5.041606903076172], [126.12892150878906, 5.124942779541016], [126.29560852050781, 5.124942779541016], [126.29560852050781, 5.291614532470703], [126.46229553222656, 5.291614532470703], [126.46229553222656, 5.374950408935547], [126.54563903808594, 5.374950408935547], [126.54563903808594, 5.458286285400391], [126.62898254394531, 5.458286285400391], [126.62898254394531, 5.624958038330078], [126.87901306152344, 5.624958038330078], [126.87901306152344, 5.541622161865234], [126.96235656738281, 5.541622161865234], [126.96235656738281, 5.624958038330078], [127.04570007324219, 5.624958038330078], [127.04570007324219, 5.791629791259766], [127.12904357910156, 5.791629791259766], [127.12904357910156, 5.958301544189453], [127.21238708496094, 5.958301544189453], [127.21238708496094, 6.124973297119141], [127.29573059082031, 6.124973297119141], [127.29573059082031, 6.374980926513672], [127.37907409667969, 6.374980926513672], [127.37907409667969, 6.958332061767578], [128.0458221435547, 6.958332061767578], [128.0458221435547, 6.874996185302734], [128.12916564941406, 6.874996185302734], [128.12916564941406, 6.958332061767578], [128.87925720214844, 6.958332061767578], [128.87925720214844, 6.624988555908203], [128.6292266845703, 6.624988555908203], [128.6292266845703, 6.374980926513672]], [[134.6299591064453, 6.124973297119141], [134.12989807128906, 6.124973297119141], [134.12989807128906, 5.874965667724609], [134.6299591064453, 5.874965667724609], [134.6299591064453, 6.124973297119141]], [[134.12989807128906, 6.374980926513672], [133.6298370361328, 6.374980926513672], [133.6298370361328, 6.874996185302734], [132.3796844482422, 6.874996185302734], [132.3796844482422, 6.624988555908203], [132.2963409423828, 6.624988555908203], [132.2963409423828, 6.458316802978516], [132.3796844482422, 6.458316802978516], [132.3796844482422, 6.291645050048828], [132.46302795410156, 6.291645050048828], [132.46302795410156, 5.958301544189453], [132.54637145996094, 5.958301544189453], [132.54637145996094, 5.874965667724609], [132.6297149658203, 5.874965667724609], [132.6297149658203, 5.791629791259766], [132.7130584716797, 5.791629791259766], [132.7130584716797, 5.708293914794922], [132.79640197753906, 5.708293914794922], [132.79640197753906, 5.624958038330078], [132.87974548339844, 5.624958038330078], [132.87974548339844, 6.374980926513672], [133.12977600097656, 6.374980926513672], [133.12977600097656, 5.874965667724609], [133.6298370361328, 5.874965667724609], [133.6298370361328, 6.124973297119141], [134.12989807128906, 6.124973297119141], [134.12989807128906, 6.374980926513672]], [[135.6300811767578, 4.624927520751953], [135.6300811767578, 4.458255767822266], [135.79676818847656, 4.458255767822266], [135.79676818847656, 4.374919891357422], [135.88011169433594, 4.374919891357422], [135.88011169433594, 4.624927520751953], [135.6300811767578, 4.624927520751953]], [[142.3809051513672, 1.3748283386230469], [142.3809051513672, 1.4581642150878906], [142.13087463378906, 1.4581642150878906], [142.13087463378906, 1.3748283386230469], [142.3809051513672, 1.3748283386230469]], [[130.6294708251953, 2.8748741149902344], [130.6294708251953, 2.624866485595703], [130.3794403076172, 2.624866485595703], [130.3794403076172, 2.5415306091308594], [130.6294708251953, 2.5415306091308594], [130.6294708251953, 2.4581947326660156], [130.87950134277344, 2.4581947326660156], [130.87950134277344, 2.8748741149902344], [130.6294708251953, 2.8748741149902344]], [[129.87937927246094, 1.6248359680175781], [129.87937927246094, 1.3748283386230469], [130.12940979003906, 1.3748283386230469], [130.12940979003906, 1.6248359680175781], [129.87937927246094, 1.6248359680175781]], [[129.3793182373047, 1.8748435974121094], [129.3793182373047, 1.6248359680175781], [129.6293487548828, 1.6248359680175781], [129.6293487548828, 1.8748435974121094], [129.87937927246094, 1.8748435974121094], [129.87937927246094, 2.041515350341797], [129.7126922607422, 2.041515350341797], [129.7126922607422, 2.1248512268066406], [129.12928771972656, 2.1248512268066406], [129.12928771972656, 1.8748435974121094], [129.3793182373047, 1.8748435974121094]], [[129.12928771972656, 2.2081871032714844], [129.0459442138672, 2.2081871032714844], [129.0459442138672, 2.1248512268066406], [129.12928771972656, 2.1248512268066406], [129.12928771972656, 2.2081871032714844]], [[125.29548645019531, 2.291522979736328], [125.46217346191406, 2.291522979736328], [125.46217346191406, 2.374858856201172], [125.29548645019531, 2.374858856201172], [125.29548645019531, 2.291522979736328]], [[132.6297149658203, 4.874935150146484], [132.9630889892578, 4.874935150146484], [132.9630889892578, 4.958271026611328], [132.87974548339844, 4.958271026611328], [132.87974548339844, 5.041606903076172], [132.7130584716797, 5.041606903076172], [132.7130584716797, 5.124942779541016], [132.6297149658203, 5.124942779541016], [132.6297149658203, 4.874935150146484]], [[130.87950134277344, 6.374980926513672], [130.87950134277344, 6.541652679443359], [130.79615783691406, 6.541652679443359], [130.79615783691406, 6.624988555908203], [130.6294708251953, 6.624988555908203], [130.6294708251953, 6.374980926513672], [130.87950134277344, 6.374980926513672]], [[127.87913513183594, 5.041606903076172], [127.87913513183594, 5.124942779541016], [127.96247863769531, 5.124942779541016], [127.96247863769531, 5.291614532470703], [128.0458221435547, 5.291614532470703], [128.0458221435547, 5.374950408935547], [127.87913513183594, 5.374950408935547], [127.87913513183594, 5.624958038330078], [127.62910461425781, 5.624958038330078], [127.62910461425781, 5.124942779541016], [127.54576110839844, 5.124942779541016], [127.54576110839844, 5.041606903076172], [127.62910461425781, 5.041606903076172], [127.62910461425781, 4.958271026611328], [127.79579162597656, 4.958271026611328], [127.79579162597656, 5.041606903076172], [127.87913513183594, 5.041606903076172]], [[133.0464324951172, 5.541622161865234], [133.0464324951172, 5.458286285400391], [133.12977600097656, 5.458286285400391], [133.12977600097656, 5.624958038330078], [132.9630889892578, 5.624958038330078], [132.9630889892578, 5.541622161865234], [133.0464324951172, 5.541622161865234]], [[127.04570007324219, 4.791599273681641], [127.04570007324219, 4.708263397216797], [127.12904357910156, 4.708263397216797], [127.12904357910156, 4.791599273681641], [127.04570007324219, 4.791599273681641]], [[127.12904357910156, 4.624927520751953], [127.21238708496094, 4.624927520751953], [127.21238708496094, 4.541591644287109], [127.29573059082031, 4.541591644287109], [127.29573059082031, 4.458255767822266], [127.37907409667969, 4.458255767822266], [127.37907409667969, 4.374919891357422], [127.71244812011719, 4.374919891357422], [127.71244812011719, 4.458255767822266], [127.54576110839844, 4.458255767822266], [127.54576110839844, 4.541591644287109], [127.37907409667969, 4.541591644287109], [127.37907409667969, 4.624927520751953], [127.29573059082031, 4.624927520751953], [127.29573059082031, 4.708263397216797], [127.12904357910156, 4.708263397216797], [127.12904357910156, 4.624927520751953]], [[127.62910461425781, 3.624897003173828], [127.62910461425781, 3.708232879638672], [127.71244812011719, 3.708232879638672], [127.71244812011719, 3.7915687561035156], [127.79579162597656, 3.7915687561035156], [127.79579162597656, 3.958240509033203], [127.87913513183594, 3.958240509033203], [127.87913513183594, 4.124912261962891], [127.71244812011719, 4.124912261962891], [127.71244812011719, 4.041576385498047], [127.29573059082031, 4.041576385498047], [127.29573059082031, 4.124912261962891], [127.12904357910156, 4.124912261962891], [127.12904357910156, 4.291584014892578], [127.04570007324219, 4.291584014892578], [127.04570007324219, 4.374919891357422], [126.96235656738281, 4.374919891357422], [126.96235656738281, 4.458255767822266], [126.87901306152344, 4.458255767822266], [126.87901306152344, 4.541591644287109], [126.79566955566406, 4.541591644287109], [126.79566955566406, 4.624927520751953], [126.62898254394531, 4.624927520751953], [126.62898254394531, 3.7915687561035156], [126.79566955566406, 3.7915687561035156], [126.79566955566406, 3.624897003173828], [126.87901306152344, 3.624897003173828], [126.87901306152344, 3.5415611267089844], [127.46241760253906, 3.5415611267089844], [127.46241760253906, 3.624897003173828], [127.62910461425781, 3.624897003173828]], [[136.54685974121094, 4.374919891357422], [136.54685974121094, 4.291584014892578], [136.6302032470703, 4.291584014892578], [136.6302032470703, 4.374919891357422], [136.54685974121094, 4.374919891357422]], [[126.79566955566406, 3.374889373779297], [126.79566955566406, 3.4582252502441406], [126.71232604980469, 3.4582252502441406], [126.71232604980469, 3.624897003173828], [126.62898254394531, 3.624897003173828], [126.62898254394531, 3.374889373779297], [126.79566955566406, 3.374889373779297]], [[129.9627227783203, 3.2082176208496094], [129.9627227783203, 3.1248817443847656], [130.12940979003906, 3.1248817443847656], [130.12940979003906, 3.374889373779297], [129.87937927246094, 3.374889373779297], [129.87937927246094, 3.2082176208496094], [129.9627227783203, 3.2082176208496094]], [[125.62886047363281, 1.8748435974121094], [125.62886047363281, 1.9581794738769531], [125.71220397949219, 1.9581794738769531], [125.71220397949219, 2.041515350341797], [125.79554748535156, 2.041515350341797], [125.79554748535156, 2.1248512268066406], [125.87889099121094, 2.1248512268066406], [125.87889099121094, 2.2081871032714844], [125.54551696777344, 2.2081871032714844], [125.54551696777344, 2.1248512268066406], [125.46217346191406, 2.1248512268066406], [125.46217346191406, 2.2081871032714844], [125.37882995605469, 2.2081871032714844], [125.37882995605469, 2.1248512268066406], [125.29548645019531, 2.1248512268066406], [125.29548645019531, 2.041515350341797], [125.46217346191406, 2.041515350341797], [125.46217346191406, 1.9581794738769531], [125.54551696777344, 1.9581794738769531], [125.54551696777344, 1.8748435974121094], [125.62886047363281, 1.8748435974121094]], [[128.79591369628906, 2.1248512268066406], [128.79591369628906, 1.8748435974121094], [128.87925720214844, 1.8748435974121094], [128.87925720214844, 2.1248512268066406], [128.79591369628906, 2.1248512268066406]], [[125.29548645019531, 0.7081413269042969], [125.29548645019531, 0.7914772033691406], [125.37882995605469, 0.7914772033691406], [125.37882995605469, 0.9581489562988281], [125.46217346191406, 0.9581489562988281], [125.46217346191406, 1.0414848327636719], [125.54551696777344, 1.0414848327636719], [125.54551696777344, 1.1248207092285156], [125.37882995605469, 1.1248207092285156], [125.37882995605469, 1.0414848327636719], [125.29548645019531, 1.0414848327636719], [125.29548645019531, 0.9581489562988281], [125.21214294433594, 0.9581489562988281], [125.21214294433594, 0.8748130798339844], [125.12879943847656, 0.8748130798339844], [125.12879943847656, 0.7081413269042969], [125.29548645019531, 0.7081413269042969]]], [[[133.3798065185547, 4.124912261962891], [133.6298370361328, 4.124912261962891], [133.6298370361328, 3.8749046325683594], [133.3798065185547, 3.8749046325683594], [133.3798065185547, 4.124912261962891]]], [[[136.6302032470703, 5.624958038330078], [136.88023376464844, 5.624958038330078], [136.88023376464844, 5.374950408935547], [136.6302032470703, 5.374950408935547], [136.6302032470703, 5.624958038330078]]], [[[135.13002014160156, 5.624958038330078], [135.3800506591797, 5.624958038330078], [135.3800506591797, 5.374950408935547], [135.13002014160156, 5.374950408935547], [135.13002014160156, 5.624958038330078]]], [[[134.6299591064453, 5.624958038330078], [134.87998962402344, 5.624958038330078], [134.87998962402344, 5.374950408935547], [134.6299591064453, 5.374950408935547], [134.6299591064453, 5.624958038330078]]]]}}, {"type": "Feature", "properties": {"date": "2026-10-05", "category_id": 2, "level": "siaga", "kategori": "Siaga Aktivitas Diving", "color": "#FFA500"}, "geometry": {"type": "MultiPolygon", "coordinates": [[[[114.54417419433594, -10.958881378173828], [114.62751770019531, -10.958881378173828], [114.62751770019531, -11.20888900756836], [114.54417419433594, -11.20888900756836], [114.54417419433594, -11.125553131103516], [114.46083068847656, -11.125553131103516], [114.46083068847656, -11.042217254638672], [114.37748718261719, -11.042217254638672], [114.37748718261719, -10.708873748779297], [114.46083068847656, -10.708873748779297], [114.46083068847656, -10.79220962524414], [114.54417419433594, -10.79220962524414], [114.54417419433594, -10.958881378173828]]], [[[112.37724304199219, -8.875484466552734], [112.37724304199219, -8.958820343017578], [112.21055603027344, -8.958820343017578], [112.21055603027344, -9.042156219482422], [111.79383850097656, -9.042156219482422], [111.79383850097656, -8.958820343017578], [111.87718200683594, -8.958820343017578], [111.87718200683594, -8.875484466552734], [111.37712097167969, -8.875484466552734], [111.37712097167969, -8.958820343017578], [111.46046447753906, -8.958820343017578], [111.46046447753906, -9.042156219482422], [111.37712097167969, -9.042156219482422], [111.37712097167969, -9.125492095947266], [111.29377746582031, -9.125492095947266], [111.29377746582031, -9.20882797241211], [111.12709045410156, -9.20882797241211], [111.12709045410156, -9.625507354736328], [110.87705993652344, -9.625507354736328], [110.87705993652344, -9.792179107666016], [110.71037292480469, -9.792179107666016], [110.71037292480469, -9.87551498413086], [110.62702941894531, -9.87551498413086], [110.62702941894531, -9.958850860595703], [110.46034240722656, -9.958850860595703], [110.46034240722656, -10.042186737060547], [110.37699890136719, -10.042186737060547], [110.37699890136719, -10.12552261352539], [110.29365539550781, -10.12552261352539], [110.29365539550781, -10.208858489990234], [110.12696838378906, -10.208858489990234], [110.12696838378906, -10.292194366455078], [110.04362487792969, -10.292194366455078], [110.04362487792969, -10.375530242919922], [109.96028137207031, -10.375530242919922], [109.96028137207031, -10.458866119384766], [109.87693786621094, -10.458866119384766], [109.87693786621094, -10.625537872314453], [109.79359436035156, -10.625537872314453], [109.79359436035156, -10.875545501708984], [109.71025085449219, -10.875545501708984], [109.71025085449219, -10.958881378173828], [109.62690734863281, -10.958881378173828], [109.62690734863281, -11.042217254638672], [109.54356384277344, -11.042217254638672], [109.54356384277344, -11.125553131103516], [109.46022033691406, -11.125553131103516], [109.46022033691406, -11.20888900756836], [109.37687683105469, -11.20888900756836], [109.37687683105469, -11.292224884033203], [109.96028137207031, -11.292224884033203], [109.96028137207031, -11.542232513427734], [109.87693786621094, -11.542232513427734], [109.87693786621094, -11.625568389892578], [109.79359436035156, -11.625568389892578], [109.79359436035156, -11.708904266357422], [109.71025085449219, -11.708904266357422], [109.71025085449219, -11.792240142822266], [109.62690734863281, -11.792240142822266], [109.62690734863281, -11.87557601928711], [109.54356384277344, -11.87557601928711], [109.54356384277344, -11.958911895751953], [107.96003723144531, -11.958911895751953], [107.96003723144531, -11.792240142822266], [108.04338073730469, -11.792240142822266], [108.04338073730469, -11.708904266357422], [108.12672424316406, -11.708904266357422], [108.12672424316406, -11.542232513427734], [108.21006774902344, -11.542232513427734], [108.21006774902344, -11.375560760498047], [108.29341125488281, -11.375560760498047], [108.29341125488281, -11.292224884033203], [108.37675476074219, -11.292224884033203], [108.37675476074219, -11.125553131103516], [108.46009826660156, -11.125553131103516], [108.46009826660156, -10.958881378173828], [108.54344177246094, -10.958881378173828], [108.54344177246094, -10.79220962524414], [108.62678527832031, -10.79220962524414], [108.62678527832031, -10.708873748779297], [108.71012878417969, -10.708873748779297], [108.71012878417969, -10.54220199584961], [108.79347229003906, -10.54220199584961], [108.79347229003906, -10.458866119384766], [108.87681579589844, -10.458866119384766], [108.87681579589844, -10.375530242919922], [108.96015930175781, -10.375530242919922], [108.96015930175781, -10.292194366455078], [109.04350280761719, -10.292194366455078], [109.04350280761719, -10.208858489990234], [109.12684631347656, -10.208858489990234], [109.12684631347656, -10.12552261352539], [109.21018981933594, -10.12552261352539], [109.21018981933594, -10.042186737060547], [109.37687683105469, -10.042186737060547], [109.37687683105469, -9.958850860595703], [109.46022033691406, -9.958850860595703], [109.46022033691406, -9.87551498413086], [109.54356384277344, -9.87551498413086], [109.54356384277344, -9.792179107666016], [109.62690734863281, -9.792179107666016], [109.62690734863281, -9.708843231201172], [109.71025085449219, -9.708843231201172], [109.71025085449219, -9.625507354736328], [109.79359436035156, -9.625507354736328], [109.79359436035156, -9.542171478271484], [109.96028137207031, -9.542171478271484], [109.96028137207031, -9.45883560180664], [110.04362487792969, -9.45883560180664], [110.04362487792969, -9.375499725341797], [110.21031188964844, -9.375499725341797], [110.21031188964844, -9.292163848876953], [110.37699890136719, -9.292163848876953], [110.37699890136719, -9.20882797241211], [110.54368591308594, -9.20882797241211], [110.54368591308594, -9.125492095947266], [110.71037292480469, -9.125492095947266], [110.71037292480469, -9.042156219482422], [110.96040344238281, -9.042156219482422], [110.96040344238281, -8.958820343017578], [111.12709045410156, -8.958820343017578], [111.12709045410156, -8.875484466552734], [111.29377746582031, -8.875484466552734], [111.29377746582031, -8.79214859008789], [111.54380798339844, -8.79214859008789], [111.54380798339844, -8.708812713623047], [111.79383850097656, -8.708812713623047], [111.79383850097656, -8.625476837158203], [112.54393005371094, -8.625476837158203], [112.54393005371094, -8.79214859008789], [112.46058654785156, -8.79214859008789], [112.46058654785156, -8.875484466552734], [112.37724304199219, -8.875484466552734]]], [[[114.04411315917969, -9.625507354736328], [114.04411315917969, -9.792179107666016], [113.87742614746094, -9.792179107666016], [113.87742614746094, -9.625507354736328], [114.04411315917969, -9.625507354736328]]], [[[113.79408264160156, -9.625507354736328], [113.62739562988281, -9.625507354736328], [113.62739562988281, -9.542171478271484], [113.54405212402344, -9.542171478271484], [113.54405212402344, -9.625507354736328], [113.37736511230469, -9.625507354736328], [113.37736511230469, -9.45883560180664], [113.71073913574219, -9.45883560180664], [113.71073913574219, -9.542171478271484], [113.79408264160156, -9.542171478271484], [113.79408264160156, -9.625507354736328]]], [[[112.62727355957031, -8.708812713623047], [112.62727355957031, -8.625476837158203], [112.96064758300781, -8.625476837158203], [112.96064758300781, -8.79214859008789], [112.87730407714844, -8.79214859008789], [112.87730407714844, -8.708812713623047], [112.62727355957031, -8.708812713623047]]], [[[103.95954895019531, -7.125431060791016], [103.95954895019531, -7.375438690185547], [103.87620544433594, -7.375438690185547], [103.87620544433594, -7.125431060791016], [103.95954895019531, -7.125431060791016]]], [[[103.95954895019531, -6.958759307861328], [104.04289245605469, -6.958759307861328], [104.04289245605469, -7.042095184326172], [103.95954895019531, -7.042095184326172], [103.95954895019531, -6.958759307861328]]], [[[103.79286193847656, -6.875423431396484], [103.79286193847656, -6.958759307861328], [103.62617492675781, -6.958759307861328], [103.62617492675781, -6.875423431396484], [103.79286193847656, -6.875423431396484]]], [[[103.79286193847656, -6.708751678466797], [103.79286193847656, -6.792087554931641], [103.62617492675781, -6.792087554931641], [103.62617492675781, -6.708751678466797], [103.79286193847656, -6.708751678466797]]], [[[104.79298400878906, -6.375408172607422], [104.79298400878906, -6.292072296142578], [104.87632751464844, -6.292072296142578], [104.87632751464844, -6.792087554931641], [104.62629699707031, -6.792087554931641], [104.62629699707031, -6.875423431396484], [104.37626647949219, -6.875423431396484], [104.37626647949219, -6.958759307861328], [104.29292297363281, -6.958759307861328], [104.29292297363281, -6.875423431396484], [104.04289245605469, -6.875423431396484], [104.04289245605469, -6.792087554931641], [103.95954895019531, -6.792087554931641], [103.95954895019531, -6.958759307861328], [103.87620544433594, -6.958759307861328], [103.87620544433594, -6.875423431396484], [103.79286193847656, -6.875423431396484], [103.79286193847656, -6.792087554931641], [103.87620544433594, -6.792087554931641], [103.87620544433594, -6.708751678466797], [103.95954895019531, -6.708751678466797], [103.95954895019531, -6.625415802001953], [104.04289245605469, -6.625415802001953], [104.04289245605469, -6.542079925537109], [104.12623596191406, -6.542079925537109], [104.12623596191406, -6.458744049072266], [104.20957946777344, -6.458744049072266], [104.20957946777344, -6.375408172607422], [104.45960998535156, -6.375408172607422], [104.45960998535156, -6.292072296142578], [104.62629699707031, -6.292072296142578], [104.62629699707031, -6.458744049072266], [104.70964050292969, -6.458744049072266], [104.70964050292969, -6.375408172607422], [104.79298400878906, -6.375408172607422]]], [[[103.95954895019531, -6.542079925537109], [103.95954895019531, -6.458744049072266], [104.04289245605469, -6.458744049072266], [104.04289245605469, -6.542079925537109], [103.95954895019531, -6.542079925537109]]], [[[105.12635803222656, -6.375408172607422], [105.12635803222656, -6.542079925537109], [104.95967102050781, -6.542079925537109], [104.95967102050781, -6.375408172607422], [105.12635803222656, -6.375408172607422]]], [[[104.20957946777344, -6.042064666748047], [104.20957946777344, -6.208736419677734], [104.12623596191406, -6.208736419677734], [104.12623596191406, -6.042064666748047], [104.20957946777344, -6.042064666748047]]], [[[117.87791442871094, -10.54220199584961], [117.71122741699219, -10.54220199584961], [117.71122741699219, -10.625537872314453], [117.62788391113281, -10.625537872314453], [117.62788391113281, -10.708873748779297], [117.37785339355469, -10.708873748779297], [117.37785339355469, -10.625537872314453], [117.12782287597656, -10.625537872314453], [117.12782287597656, -10.54220199584961], [117.21116638183594, -10.54220199584961], [117.21116638183594, -10.458866119384766], [117.37785339355469, -10.458866119384766], [117.37785339355469, -10.375530242919922], [117.71122741699219, -10.375530242919922], [117.71122741699219, -10.458866119384766], [117.87791442871094, -10.458866119384766], [117.87791442871094, -10.54220199584961]]], [[[115.79432678222656, -8.79214859008789], [115.79432678222656, -9.292163848876953], [115.71098327636719, -9.292163848876953], [115.71098327636719, -10.375530242919922], [115.62763977050781, -10.375530242919922], [115.62763977050781, -10.54220199584961], [115.54429626464844, -10.54220199584961], [115.54429626464844, -10.625537872314453], [115.46095275878906, -10.625537872314453], [115.46095275878906, -10.79220962524414], [115.54429626464844, -10.79220962524414], [115.54429626464844, -10.875545501708984], [115.46095275878906, -10.875545501708984], [115.46095275878906, -10.958881378173828], [115.37760925292969, -10.958881378173828], [115.37760925292969, -11.042217254638672], [115.29426574707031, -11.042217254638672], [115.29426574707031, -11.125553131103516], [115.21092224121094, -11.125553131103516], [115.21092224121094, -11.20888900756836], [115.04423522949219, -11.20888900756836], [115.04423522949219, -11.125553131103516], [114.87754821777344, -11.125553131103516], [114.87754821777344, -10.79220962524414], [114.96089172363281, -10.79220962524414], [114.96089172363281, -10.625537872314453], [115.04423522949219, -10.625537872314453], [115.04423522949219, -10.54220199584961], [115.12757873535156, -10.54220199584961], [115.12757873535156, -10.458866119384766], [115.29426574707031, -10.458866119384766], [115.29426574707031, -10.375530242919922], [115.37760925292969, -10.375530242919922], [115.37760925292969, -10.292194366455078], [115.46095275878906, -10.292194366455078], [115.46095275878906, -9.625507354736328], [115.54429626464844, -9.625507354736328], [115.54429626464844, -9.125492095947266], [115.62763977050781, -9.125492095947266], [115.62763977050781, -8.458805084228516], [115.71098327636719, -8.458805084228516], [115.71098327636719, -8.375469207763672], [115.79432678222656, -8.375469207763672], [115.79432678222656, -8.708812713623047], [115.87767028808594, -8.708812713623047], [115.87767028808594, -8.79214859008789], [115.79432678222656, -8.79214859008789]]], [[[118.87803649902344, -9.292163848876953], [118.87803649902344, -9.375499725341797], [118.79469299316406, -9.375499725341797], [118.79469299316406, -9.292163848876953], [118.87803649902344, -9.292163848876953]]], [[[124.04533386230469, -9.042156219482422], [124.12867736816406, -9.042156219482422], [124.12867736816406, -9.125492095947266], [124.04533386230469, -9.125492095947266], [124.04533386230469, -9.042156219482422]]], [[[123.79530334472656, -8.625476837158203], [123.79530334472656, -9.042156219482422], [123.71195983886719, -9.042156219482422], [123.71195983886719, -8.625476837158203], [123.79530334472656, -8.625476837158203]]], [[[118.62800598144531, -3.5419883728027344], [118.62800598144531, -3.8753318786621094], [118.54466247558594, -3.8753318786621094], [118.54466247558594, -3.5419883728027344], [118.62800598144531, -3.5419883728027344]]], [[[118.46131896972656, -2.8753013610839844], [118.54466247558594, -2.8753013610839844], [118.54466247558594, -3.1253089904785156], [118.46131896972656, -3.1253089904785156], [118.46131896972656, -3.041973114013672], [118.37797546386719, -3.041973114013672], [118.37797546386719, -2.8753013610839844], [118.29463195800781, -2.8753013610839844], [118.29463195800781, -2.7919654846191406], [118.12794494628906, -2.7919654846191406], [118.12794494628906, -2.625293731689453], [118.21128845214844, -2.625293731689453], [118.21128845214844, -2.5419578552246094], [118.37797546386719, -2.5419578552246094], [118.37797546386719, -2.708629608154297], [118.46131896972656, -2.708629608154297], [118.46131896972656, -2.8753013610839844]]], [[[118.12794494628906, -2.1252784729003906], [118.12794494628906, -1.9586067199707031], [118.04460144042969, -1.9586067199707031], [118.04460144042969, -1.6252632141113281], [118.12794494628906, -1.6252632141113281], [118.12794494628906, -1.5419273376464844], [118.21128845214844, -1.5419273376464844], [118.21128845214844, -1.4585914611816406], [118.29463195800781, -1.4585914611816406], [118.29463195800781, -1.1252479553222656], [118.37797546386719, -1.1252479553222656], [118.37797546386719, -1.7919349670410156], [118.29463195800781, -1.7919349670410156], [118.29463195800781, -2.1252784729003906], [118.12794494628906, -2.1252784729003906]]], [[[125.37882995605469, 0.9581489562988281], [125.37882995605469, 0.7914772033691406], [125.29548645019531, 0.7914772033691406], [125.29548645019531, 0.7081413269042969], [125.12879943847656, 0.7081413269042969], [125.12879943847656, 0.8748130798339844], [125.21214294433594, 0.8748130798339844], [125.21214294433594, 0.9581489562988281], [125.29548645019531, 0.9581489562988281], [125.29548645019531, 1.0414848327636719], [125.37882995605469, 1.0414848327636719], [125.37882995605469, 1.1248207092285156], [125.54551696777344, 1.1248207092285156], [125.54551696777344, 1.0414848327636719], [125.46217346191406, 1.0414848327636719], [125.46217346191406, 0.9581489562988281], [125.37882995605469, 0.9581489562988281]]], [[[126.62898254394531, 3.374889373779297], [126.62898254394531, 3.624897003173828], [126.71232604980469, 3.624897003173828], [126.71232604980469, 3.4582252502441406], [126.79566955566406, 3.4582252502441406], [126.79566955566406, 3.374889373779297], [126.62898254394531, 3.374889373779297]]], [[[127.21238708496094, 6.124973297119141], [127.21238708496094, 5.958301544189453], [127.12904357910156, 5.958301544189453], [127.12904357910156, 5.791629791259766], [127.04570007324219, 5.791629791259766], [127.04570007324219, 5.624958038330078], [126.96235656738281, 5.624958038330078], [126.96235656738281, 5.541622161865234], [126.87901306152344, 5.541622161865234], [126.87901306152344, 5.624958038330078], [126.62898254394531, 5.624958038330078], [126.62898254394531, 5.458286285400391], [126.54563903808594, 5.458286285400391], [126.54563903808594, 5.374950408935547], [126.46229553222656, 5.374950408935547], [126.46229553222656, 5.291614532470703], [126.29560852050781, 5.291614532470703], [126.29560852050781, 5.124942779541016], [126.12892150878906, 5.124942779541016], [126.12892150878906, 5.041606903076172], [126.04557800292969, 5.041606903076172], [126.04557800292969, 4.874935150146484], [126.12892150878906, 4.874935150146484], [126.12892150878906, 4.791599273681641], [126.21226501464844, 4.791599273681641], [126.21226501464844, 4.458255767822266], [126.12892150878906, 4.458255767822266], [126.12892150878906, 4.291584014892578], [126.21226501464844, 4.291584014892578], [126.21226501464844, 4.124912261962891], [126.29560852050781, 4.124912261962891], [126.29560852050781, 3.4582252502441406], [126.37895202636719, 3.4582252502441406], [126.37895202636719, 3.2082176208496094], [126.46229553222656, 3.2082176208496094], [126.46229553222656, 3.041545867919922], [126.79566955566406, 3.041545867919922], [126.79566955566406, 2.958209991455078], [127.12904357910156, 2.958209991455078], [127.12904357910156, 3.041545867919922], [127.29573059082031, 3.041545867919922], [127.29573059082031, 3.1248817443847656], [127.54576110839844, 3.1248817443847656], [127.54576110839844, 3.2082176208496094], [128.12916564941406, 3.2082176208496094], [128.12916564941406, 3.291553497314453], [128.21250915527344, 3.291553497314453], [128.21250915527344, 3.708232879638672], [128.12916564941406, 3.708232879638672], [128.12916564941406, 3.624897003173828], [127.96247863769531, 3.624897003173828], [127.96247863769531, 3.8749046325683594], [128.12916564941406, 3.8749046325683594], [128.12916564941406, 4.291584014892578], [128.21250915527344, 4.291584014892578], [128.21250915527344, 4.708263397216797], [128.2958526611328, 4.708263397216797], [128.2958526611328, 4.874935150146484], [128.3791961669922, 4.874935150146484], [128.3791961669922, 5.124942779541016], [128.46253967285156, 5.124942779541016], [128.46253967285156, 5.291614532470703], [128.54588317871094, 5.291614532470703], [128.54588317871094, 5.541622161865234], [128.6292266845703, 5.541622161865234], [128.6292266845703, 5.624958038330078], [128.7125701904297, 5.624958038330078], [128.7125701904297, 5.708293914794922], [128.79591369628906, 5.708293914794922], [128.79591369628906, 5.791629791259766], [128.87925720214844, 5.791629791259766], [128.87925720214844, 5.874965667724609], [129.0459442138672, 5.874965667724609], [129.0459442138672, 5.958301544189453], [129.12928771972656, 5.958301544189453], [129.12928771972656, 6.041637420654297], [129.2959747314453, 6.041637420654297], [129.2959747314453, 6.124973297119141], [129.3793182373047, 6.124973297119141], [129.3793182373047, 6.208309173583984], [129.46266174316406, 6.208309173583984], [129.46266174316406, 6.291645050048828], [129.54600524902344, 6.291645050048828], [129.54600524902344, 6.374980926513672], [129.9627227783203, 6.374980926513672], [129.9627227783203, 6.458316802978516], [130.12940979003906, 6.458316802978516], [130.12940979003906, 6.374980926513672], [130.6294708251953, 6.374980926513672], [130.6294708251953, 6.291645050048828], [130.79615783691406, 6.291645050048828], [130.79615783691406, 6.208309173583984], [131.0461883544922, 6.208309173583984], [131.0461883544922, 6.124973297119141], [131.2962188720703, 6.124973297119141], [131.2962188720703, 6.041637420654297], [131.46290588378906, 6.041637420654297], [131.46290588378906, 5.958301544189453], [131.6295928955078, 5.958301544189453], [131.6295928955078, 5.874965667724609], [131.7129364013672, 5.874965667724609], [131.7129364013672, 5.791629791259766], [131.79627990722656, 5.791629791259766], [131.79627990722656, 5.708293914794922], [131.87962341308594, 5.708293914794922], [131.87962341308594, 5.624958038330078], [131.9629669189453, 5.624958038330078], [131.9629669189453, 5.541622161865234], [132.12965393066406, 5.541622161865234], [132.12965393066406, 5.458286285400391], [132.21299743652344, 5.458286285400391], [132.21299743652344, 5.374950408935547], [132.2963409423828, 5.374950408935547], [132.2963409423828, 5.291614532470703], [132.46302795410156, 5.291614532470703], [132.46302795410156, 5.208278656005859], [132.6297149658203, 5.208278656005859], [132.6297149658203, 5.124942779541016], [132.21299743652344, 5.124942779541016], [132.21299743652344, 4.874935150146484], [132.2963409423828, 4.874935150146484], [132.2963409423828, 4.791599273681641], [132.54637145996094, 4.791599273681641], [132.54637145996094, 4.708263397216797], [132.7130584716797, 4.708263397216797], [132.7130584716797, 4.624927520751953], [132.79640197753906, 4.624927520751953], [132.79640197753906, 4.541591644287109], [133.0464324951172, 4.541591644287109], [133.0464324951172, 4.458255767822266], [133.2964630126953, 4.458255767822266], [133.2964630126953, 4.374919891357422], [133.46315002441406, 4.374919891357422], [133.46315002441406, 4.291584014892578], [133.6298370361328, 4.291584014892578], [133.6298370361328, 4.208248138427734], [134.0465545654297, 4.208248138427734], [134.0465545654297, 4.124912261962891], [134.12989807128906, 4.124912261962891], [134.12989807128906, 3.958240509033203], [133.9632110595703, 3.958240509033203], [133.9632110595703, 3.8749046325683594], [133.7131805419922, 3.8749046325683594], [133.7131805419922, 3.7915687561035156], [133.3798065185547, 3.7915687561035156], [133.3798065185547, 3.8749046325683594], [132.87974548339844, 3.8749046325683594], [132.87974548339844, 3.958240509033203], [132.54637145996094, 3.958240509033203], [132.54637145996094, 4.041576385498047], [132.21299743652344, 4.041576385498047], [132.21299743652344, 4.124912261962891], [131.9629669189453, 4.124912261962891], [131.9629669189453, 4.208248138427734], [131.79627990722656, 4.208248138427734], [131.79627990722656, 4.291584014892578], [131.7129364013672, 4.291584014892578], [131.7129364013672, 4.374919891357422], [131.6295928955078, 4.374919891357422], [131.6295928955078, 4.458255767822266], [131.54624938964844, 4.458255767822266], [131.54624938964844, 4.541591644287109], [131.46290588378906, 4.541591644287109], [131.46290588378906, 4.624927520751953], [131.12953186035156, 4.624927520751953], [131.12953186035156, 4.791599273681641], [130.9628448486328, 4.791599273681641], [130.9628448486328, 4.874935150146484], [130.87950134277344, 4.874935150146484], [130.87950134277344, 4.624927520751953], [130.46278381347656, 4.624927520751953], [130.46278381347656, 4.708263397216797], [130.3794403076172, 4.708263397216797], [130.3794403076172, 4.874935150146484], [130.12940979003906, 4.874935150146484], [130.12940979003906, 4.624927520751953], [129.6293487548828, 4.624927520751953], [129.6293487548828, 4.374919891357422], [129.46266174316406, 4.374919891357422], [129.46266174316406, 4.291584014892578], [129.3793182373047, 4.291584014892578], [129.3793182373047, 4.124912261962891], [129.12928771972656, 4.124912261962891], [129.12928771972656, 3.958240509033203], [129.0459442138672, 3.958240509033203], [129.0459442138672, 3.8749046325683594], [128.9626007080078, 3.8749046325683594], [128.9626007080078, 3.374889373779297], [128.79591369628906, 3.374889373779297], [128.79591369628906, 3.708232879638672], [128.7125701904297, 3.708232879638672], [128.7125701904297, 3.5415611267089844], [128.6292266845703, 3.5415611267089844], [128.6292266845703, 3.2082176208496094], [128.54588317871094, 3.2082176208496094], [128.54588317871094, 3.041545867919922], [128.46253967285156, 3.041545867919922], [128.46253967285156, 2.8748741149902344], [128.2958526611328, 2.8748741149902344], [128.2958526611328, 2.7915382385253906], [127.96247863769531, 2.7915382385253906], [127.96247863769531, 2.708202362060547], [127.71244812011719, 2.708202362060547], [127.71244812011719, 2.624866485595703], [127.04570007324219, 2.624866485595703], [127.04570007324219, 2.708202362060547], [126.62898254394531, 2.708202362060547], [126.62898254394531, 2.7915382385253906], [126.46229553222656, 2.7915382385253906], [126.46229553222656, 2.8748741149902344], [126.37895202636719, 2.8748741149902344], [126.37895202636719, 2.958209991455078], [126.21226501464844, 2.958209991455078], [126.21226501464844, 3.041545867919922], [126.04557800292969, 3.041545867919922], [126.04557800292969, 3.2082176208496094], [125.96223449707031, 3.2082176208496094], [125.96223449707031, 3.291553497314453], [125.87889099121094, 3.291553497314453], [125.87889099121094, 4.124912261962891], [125.79554748535156, 4.124912261962891], [125.79554748535156, 4.208248138427734], [125.71220397949219, 4.208248138427734], [125.71220397949219, 4.624927520751953], [125.62886047363281, 4.624927520751953], [125.62886047363281, 4.874935150146484], [125.79554748535156, 4.874935150146484], [125.79554748535156, 5.041606903076172], [125.71220397949219, 5.041606903076172], [125.71220397949219, 5.124942779541016], [125.62886047363281, 5.124942779541016], [125.62886047363281, 5.291614532470703], [125.71220397949219, 5.291614532470703], [125.71220397949219, 5.374950408935547], [125.79554748535156, 5.374950408935547], [125.79554748535156, 5.458286285400391], [125.87889099121094, 5.458286285400391], [125.87889099121094, 5.708293914794922], [125.96223449707031, 5.708293914794922], [125.96223449707031, 5.874965667724609], [126.04557800292969, 5.874965667724609], [126.04557800292969, 6.041637420654297], [126.12892150878906, 6.041637420654297], [126.12892150878906, 6.124973297119141], [126.21226501464844, 6.124973297119141], [126.21226501464844, 6.374980926513672], [126.29560852050781, 6.374980926513672], [126.29560852050781, 6.458316802978516], [126.37895202636719, 6.458316802978516], [126.37895202636719, 6.791660308837891], [126.46229553222656, 6.791660308837891], [126.46229553222656, 6.958332061767578], [127.37907409667969, 6.958332061767578], [127.37907409667969, 6.374980926513672], [127.29573059082031, 6.374980926513672], [127.29573059082031, 6.124973297119141], [127.21238708496094, 6.124973297119141]], [[133.6298370361328, 3.8749046325683594], [133.6298370361328, 4.124912261962891], [133.3798065185547, 4.124912261962891], [133.3798065185547, 3.8749046325683594], [133.6298370361328, 3.8749046325683594]], [[129.2959747314453, 4.874935150146484], [129.3793182373047, 4.874935150146484], [129.3793182373047, 5.124942779541016], [129.2959747314453, 5.124942779541016], [129.2959747314453, 4.874935150146484]]], [[[132.9630889892578, 4.958271026611328], [132.9630889892578, 4.874935150146484], [132.6297149658203, 4.874935150146484], [132.6297149658203, 5.124942779541016], [132.7130584716797, 5.124942779541016], [132.7130584716797, 5.041606903076172], [132.87974548339844, 5.041606903076172], [132.87974548339844, 4.958271026611328], [132.9630889892578, 4.958271026611328]]], [[[130.6294708251953, 6.374980926513672], [130.6294708251953, 6.624988555908203], [130.79615783691406, 6.624988555908203], [130.79615783691406, 6.541652679443359], [130.87950134277344, 6.541652679443359], [130.87950134277344, 6.374980926513672], [130.6294708251953, 6.374980926513672]]]]}}]}