{"type": "FeatureCollection", "features": [{"type": "Feature", "properties": {"date": "2026-09-09", "category_id": 0, "level": "normal", "kategori": "Risiko Rendah", "color": "#00FF00"}, "geometry": {"type": "MultiPolygon", "coordinates": [[[[106.29316711425781, -6.958759307861328], [106.54319763183594, -6.958759307861328], [106.54319763183594, -7.125431060791016], [106.37651062011719, -7.125431060791016], [106.37651062011719, -7.042095184326172], [106.29316711425781, -7.042095184326172], [106.29316711425781, -6.958759307861328]]], [[[106.20982360839844, -6.958759307861328], [106.12648010253906, -6.958759307861328], [106.12648010253906, -6.875423431396484], [106.20982360839844, -6.875423431396484], [106.20982360839844, -6.958759307861328]]], [[[105.29304504394531, -6.792087554931641], [105.20970153808594, -6.792087554931641], [105.20970153808594, -6.708751678466797], [105.29304504394531, -6.708751678466797], [105.29304504394531, -6.792087554931641]]], [[[106.79322814941406, -6.292072296142578], [106.70988464355469, -6.292072296142578], [106.70988464355469, -6.208736419677734], [106.79322814941406, -6.208736419677734], [106.79322814941406, -6.292072296142578]]], [[[105.62641906738281, -5.875392913818359], [105.70976257324219, -5.875392913818359], [105.70976257324219, -6.042064666748047], [105.79310607910156, -6.042064666748047], [105.79310607910156, -6.125400543212891], [105.87644958496094, -6.125400543212891], [105.87644958496094, -6.208736419677734], [105.79310607910156, -6.208736419677734], [105.79310607910156, -6.542079925537109], [105.70976257324219, -6.542079925537109], [105.70976257324219, -6.458744049072266], [105.62641906738281, -6.458744049072266], [105.62641906738281, -6.625415802001953], [105.54307556152344, -6.625415802001953], [105.54307556152344, -6.792087554931641], [105.37638854980469, -6.792087554931641], [105.37638854980469, -6.625415802001953], [105.29304504394531, -6.625415802001953], [105.29304504394531, -6.375408172607422], [105.37638854980469, -6.375408172607422], [105.37638854980469, -6.292072296142578], [105.45973205566406, -6.292072296142578], [105.45973205566406, -6.208736419677734], [105.54307556152344, -6.208736419677734], [105.54307556152344, -6.042064666748047], [105.45973205566406, -6.042064666748047], [105.45973205566406, -5.875392913818359], [105.29304504394531, -5.875392913818359], [105.29304504394531, -5.792057037353516], [105.20970153808594, -5.792057037353516], [105.20970153808594, -5.875392913818359], [105.12635803222656, -5.875392913818359], [105.12635803222656, -5.708721160888672], [105.20970153808594, -5.708721160888672], [105.20970153808594, -5.542049407958984], [105.37638854980469, -5.542049407958984], [105.37638854980469, -5.625385284423828], [105.45973205566406, -5.625385284423828], [105.45973205566406, -5.708721160888672], [105.62641906738281, -5.708721160888672], [105.62641906738281, -5.875392913818359]]], [[[106.62654113769531, -6.208736419677734], [106.54319763183594, -6.208736419677734], [106.54319763183594, -6.125400543212891], [106.62654113769531, -6.125400543212891], [106.62654113769531, -6.208736419677734]]], [[[110.87705993652344, -5.458713531494141], [110.96040344238281, -5.458713531494141], [110.96040344238281, -5.625385284423828], [111.04374694824219, -5.625385284423828], [111.04374694824219, -6.042064666748047], [110.96040344238281, -6.042064666748047], [110.96040344238281, -6.125400543212891], [111.04374694824219, -6.125400543212891], [111.04374694824219, -6.375408172607422], [110.79371643066406, -6.375408172607422], [110.79371643066406, -6.458744049072266], [110.71037292480469, -6.458744049072266], [110.71037292480469, -6.542079925537109], [110.62702941894531, -6.542079925537109], [110.62702941894531, -6.708751678466797], [110.54368591308594, -6.708751678466797], [110.54368591308594, -6.958759307861328], [110.37699890136719, -6.958759307861328], [110.37699890136719, -6.875423431396484], [110.29365539550781, -6.875423431396484], [110.29365539550781, -6.792087554931641], [110.21031188964844, -6.792087554931641], [110.21031188964844, -6.292072296142578], [110.04362487792969, -6.292072296142578], [110.04362487792969, -6.208736419677734], [109.87693786621094, -6.208736419677734], [109.87693786621094, -6.125400543212891], [109.79359436035156, -6.125400543212891], [109.79359436035156, -5.958728790283203], [109.71025085449219, -5.958728790283203], [109.71025085449219, -5.542049407958984], [109.79359436035156, -5.542049407958984], [109.79359436035156, -5.375377655029297], [109.87693786621094, -5.375377655029297], [109.87693786621094, -5.292041778564453], [110.04362487792969, -5.292041778564453], [110.04362487792969, -5.208705902099609], [110.46034240722656, -5.208705902099609], [110.46034240722656, -5.292041778564453], [110.79371643066406, -5.292041778564453], [110.79371643066406, -5.375377655029297], [110.87705993652344, -5.375377655029297], [110.87705993652344, -5.458713531494141]], [[110.29365539550781, -5.792057037353516], [110.29365539550781, -5.708721160888672], [110.21031188964844, -5.708721160888672], [110.21031188964844, -5.792057037353516], [110.29365539550781, -5.792057037353516]]], [[[108.87681579589844, -6.042064666748047], [108.79347229003906, -6.042064666748047], [108.79347229003906, -6.208736419677734], [108.71012878417969, -6.208736419677734], [108.71012878417969, -6.292072296142578], [108.04338073730469, -6.292072296142578], [108.04338073730469, -6.208736419677734], [107.96003723144531, -6.208736419677734], [107.96003723144531, -6.125400543212891], [107.87669372558594, -6.125400543212891], [107.87669372558594, -5.708721160888672], [107.96003723144531, -5.708721160888672], [107.96003723144531, -5.542049407958984], [108.04338073730469, -5.542049407958984], [108.04338073730469, -5.458713531494141], [108.12672424316406, -5.458713531494141], [108.12672424316406, -5.375377655029297], [108.71012878417969, -5.375377655029297], [108.71012878417969, -5.458713531494141], [108.79347229003906, -5.458713531494141], [108.79347229003906, -5.542049407958984], [108.87681579589844, -5.542049407958984], [108.87681579589844, -6.042064666748047]]], [[[104.95967102050781, -5.792057037353516], [104.62629699707031, -5.792057037353516], [104.62629699707031, -5.625385284423828], [104.54295349121094, -5.625385284423828], [104.54295349121094, -5.542049407958984], [104.79298400878906, -5.542049407958984], [104.79298400878906, -5.625385284423828], [104.87632751464844, -5.625385284423828], [104.87632751464844, -5.708721160888672], [104.95967102050781, -5.708721160888672], [104.95967102050781, -5.792057037353516]]], [[[107.29328918457031, -5.625385284423828], [107.20994567871094, -5.625385284423828], [107.20994567871094, -5.958728790283203], [107.04325866699219, -5.958728790283203], [107.04325866699219, -6.042064666748047], [106.87657165527344, -6.042064666748047], [106.87657165527344, -6.125400543212891], [106.79322814941406, -6.125400543212891], [106.79322814941406, -6.042064666748047], [106.37651062011719, -6.042064666748047], [106.37651062011719, -5.958728790283203], [106.20982360839844, -5.958728790283203], [106.20982360839844, -6.042064666748047], [106.12648010253906, -6.042064666748047], [106.12648010253906, -5.875392913818359], [106.04313659667969, -5.875392913818359], [106.04313659667969, -5.958728790283203], [105.95979309082031, -5.958728790283203], [105.95979309082031, -5.875392913818359], [105.87644958496094, -5.875392913818359], [105.87644958496094, -5.792057037353516], [105.79310607910156, -5.792057037353516], [105.79310607910156, -5.458713531494141], [105.95979309082031, -5.458713531494141], [105.95979309082031, -5.125370025634766], [106.04313659667969, -5.125370025634766], [106.04313659667969, -4.958698272705078], [106.12648010253906, -4.958698272705078], [106.12648010253906, -4.875362396240234], [107.12660217285156, -4.875362396240234], [107.12660217285156, -4.958698272705078], [107.20994567871094, -4.958698272705078], [107.20994567871094, -5.042034149169922], [107.29328918457031, -5.042034149169922], [107.29328918457031, -5.625385284423828]]], [[[102.20933532714844, -4.958698272705078], [102.37602233886719, -4.958698272705078], [102.37602233886719, -5.125370025634766], [102.29267883300781, -5.125370025634766], [102.29267883300781, -5.292041778564453], [102.20933532714844, -5.292041778564453], [102.20933532714844, -4.958698272705078]]], [[[105.70976257324219, -1.6252632141113281], [105.79310607910156, -1.6252632141113281], [105.79310607910156, -1.7919349670410156], [105.62641906738281, -1.7919349670410156], [105.62641906738281, -1.7085990905761719], [105.70976257324219, -1.7085990905761719], [105.70976257324219, -1.6252632141113281]]], [[[104.95967102050781, 1.3748283386230469], [105.12635803222656, 1.3748283386230469], [105.12635803222656, 1.2914924621582031], [105.20970153808594, 1.2914924621582031], [105.20970153808594, 0.5414695739746094], [105.12635803222656, 0.5414695739746094], [105.12635803222656, 0.4581336975097656], [104.95967102050781, 0.4581336975097656], [104.95967102050781, 0.2914619445800781], [105.12635803222656, 0.2914619445800781], [105.12635803222656, 0.20812606811523438], [105.20970153808594, 0.20812606811523438], [105.20970153808594, 0.12479019165039062], [105.29304504394531, 0.12479019165039062], [105.29304504394531, -0.041881561279296875], [105.37638854980469, -0.041881561279296875], [105.37638854980469, -0.5418968200683594], [106.04313659667969, -0.5418968200683594], [106.04313659667969, -0.6252326965332031], [106.12648010253906, -0.6252326965332031], [106.12648010253906, -1.2085838317871094], [106.29316711425781, -1.2085838317871094], [106.29316711425781, -1.2919197082519531], [106.37651062011719, -1.2919197082519531], [106.37651062011719, -1.3752555847167969], [106.45985412597656, -1.3752555847167969], [106.45985412597656, -1.4585914611816406], [106.54319763183594, -1.4585914611816406], [106.54319763183594, -1.6252632141113281], [106.62654113769531, -1.6252632141113281], [106.62654113769531, -1.7919349670410156], [106.70988464355469, -1.7919349670410156], [106.70988464355469, -2.041942596435547], [106.79322814941406, -2.041942596435547], [106.79322814941406, -2.1252784729003906], [107.04325866699219, -2.1252784729003906], [107.04325866699219, -2.2086143493652344], [107.20994567871094, -2.2086143493652344], [107.20994567871094, -2.291950225830078], [107.29328918457031, -2.291950225830078], [107.29328918457031, -2.2086143493652344], [107.37663269042969, -2.2086143493652344], [107.37663269042969, -2.1252784729003906], [107.45997619628906, -2.1252784729003906], [107.45997619628906, -2.041942596435547], [108.21006774902344, -2.041942596435547], [108.21006774902344, -1.9586067199707031], [108.12672424316406, -1.9586067199707031], [108.12672424316406, -1.8752708435058594], [108.04338073730469, -1.8752708435058594], [108.04338073730469, -1.2085838317871094], [108.12672424316406, -1.2085838317871094], [108.12672424316406, -1.1252479553222656], [108.21006774902344, -1.1252479553222656], [108.21006774902344, -1.0419120788574219], [108.54344177246094, -1.0419120788574219], [108.54344177246094, -0.8752403259277344], [108.62678527832031, -0.8752403259277344], [108.62678527832031, -0.7919044494628906], [108.79347229003906, -0.7919044494628906], [108.79347229003906, -0.7085685729980469], [109.12684631347656, -0.7085685729980469], [109.12684631347656, -1.0419120788574219], [109.04350280761719, -1.0419120788574219], [109.04350280761719, -1.2919197082519531], [109.12684631347656, -1.2919197082519531], [109.12684631347656, -1.3752555847167969], [109.29353332519531, -1.3752555847167969], [109.29353332519531, -1.4585914611816406], [109.37687683105469, -1.4585914611816406], [109.37687683105469, -1.5419273376464844], [109.79359436035156, -1.5419273376464844], [109.79359436035156, -2.041942596435547], [109.71025085449219, -2.041942596435547], [109.71025085449219, -2.1252784729003906], [109.62690734863281, -2.1252784729003906], [109.62690734863281, -2.2086143493652344], [109.12684631347656, -2.2086143493652344], [109.12684631347656, -2.708629608154297], [109.04350280761719, -2.708629608154297], [109.04350280761719, -2.7919654846191406], [108.96015930175781, -2.7919654846191406], [108.96015930175781, -2.8753013610839844], [108.87681579589844, -2.8753013610839844], [108.87681579589844, -2.958637237548828], [108.79347229003906, -2.958637237548828], [108.79347229003906, -3.4586524963378906], [108.71012878417969, -3.4586524963378906], [108.71012878417969, -3.5419883728027344], [108.62678527832031, -3.5419883728027344], [108.62678527832031, -3.625324249267578], [107.45997619628906, -3.625324249267578], [107.45997619628906, -3.5419883728027344], [107.20994567871094, -3.5419883728027344], [107.20994567871094, -3.4586524963378906], [107.12660217285156, -3.4586524963378906], [107.12660217285156, -3.375316619873047], [107.04325866699219, -3.375316619873047], [107.04325866699219, -3.4586524963378906], [106.79322814941406, -3.4586524963378906], [106.79322814941406, -3.5419883728027344], [106.20982360839844, -3.5419883728027344], [106.20982360839844, -3.4586524963378906], [106.12648010253906, -3.4586524963378906], [106.12648010253906, -2.958637237548828], [106.20982360839844, -2.958637237548828], [106.20982360839844, -2.8753013610839844], [106.29316711425781, -2.8753013610839844], [106.29316711425781, -2.958637237548828], [106.45985412597656, -2.958637237548828], [106.45985412597656, -3.1253089904785156], [106.54319763183594, -3.1253089904785156], [106.54319763183594, -3.041973114013672], [106.62654113769531, -3.041973114013672], [106.62654113769531, -3.1253089904785156], [106.70988464355469, -3.1253089904785156], [106.70988464355469, -2.958637237548828], [106.62654113769531, -2.958637237548828], [106.62654113769531, -2.708629608154297], [106.70988464355469, -2.708629608154297], [106.70988464355469, -2.625293731689453], [106.87657165527344, -2.625293731689453], [106.87657165527344, -2.5419578552246094], [106.45985412597656, -2.5419578552246094], [106.45985412597656, -2.4586219787597656], [106.29316711425781, -2.4586219787597656], [106.29316711425781, -2.375286102294922], [106.20982360839844, -2.375286102294922], [106.20982360839844, -2.1252784729003906], [106.12648010253906, -2.1252784729003906], [106.12648010253906, -1.9586067199707031], [106.20982360839844, -1.9586067199707031], [106.20982360839844, -1.8752708435058594], [106.12648010253906, -1.8752708435058594], [106.12648010253906, -1.7919349670410156], [106.04313659667969, -1.7919349670410156], [106.04313659667969, -1.5419273376464844], [105.70976257324219, -1.5419273376464844], [105.70976257324219, -1.6252632141113281], [105.62641906738281, -1.6252632141113281], [105.62641906738281, -1.5419273376464844], [105.45973205566406, -1.5419273376464844], [105.45973205566406, -1.6252632141113281], [105.37638854980469, -1.6252632141113281], [105.37638854980469, -1.8752708435058594], [105.20970153808594, -1.8752708435058594], [105.20970153808594, -1.9586067199707031], [105.12635803222656, -1.9586067199707031], [105.12635803222656, -2.041942596435547], [105.29304504394531, -2.041942596435547], [105.29304504394531, -2.2086143493652344], [105.12635803222656, -2.2086143493652344], [105.12635803222656, -2.291950225830078], [104.79298400878906, -2.291950225830078], [104.79298400878906, -2.2086143493652344], [104.87632751464844, -2.2086143493652344], [104.87632751464844, -2.041942596435547], [104.79298400878906, -2.041942596435547], [104.79298400878906, -1.9586067199707031], [104.62629699707031, -1.9586067199707031], [104.62629699707031, -1.7919349670410156], [104.70964050292969, -1.7919349670410156], [104.70964050292969, -1.7085990905761719], [104.79298400878906, -1.7085990905761719], [104.79298400878906, -1.6252632141113281], [104.87632751464844, -1.6252632141113281], [104.87632751464844, -1.4585914611816406], [104.79298400878906, -1.4585914611816406], [104.79298400878906, -1.0419120788574219], [104.70964050292969, -1.0419120788574219], [104.70964050292969, -1.1252479553222656], [104.37626647949219, -1.1252479553222656], [104.37626647949219, -1.0419120788574219], [104.04289245605469, -1.0419120788574219], [104.04289245605469, -0.9585762023925781], [103.87620544433594, -0.9585762023925781], [103.87620544433594, -0.8752403259277344], [103.79286193847656, -0.8752403259277344], [103.79286193847656, -0.7919044494628906], [103.70951843261719, -0.7919044494628906], [103.70951843261719, -0.3752250671386719], [103.79286193847656, -0.3752250671386719], [103.79286193847656, -0.2918891906738281], [103.70951843261719, -0.2918891906738281], [103.70951843261719, -0.12521743774414062], [103.79286193847656, -0.12521743774414062], [103.79286193847656, -0.041881561279296875], [103.87620544433594, -0.041881561279296875], [103.87620544433594, 0.041454315185546875], [103.95954895019531, 0.041454315185546875], [103.95954895019531, 0.12479019165039062], [103.87620544433594, 0.12479019165039062], [103.87620544433594, 0.20812606811523438], [103.70951843261719, 0.20812606811523438], [103.70951843261719, 0.2914619445800781], [103.62617492675781, 0.2914619445800781], [103.62617492675781, 0.4581336975097656], [103.45948791503906, 0.4581336975097656], [103.45948791503906, 0.5414695739746094], [103.37614440917969, 0.5414695739746094], [103.37614440917969, 0.6248054504394531], [103.54283142089844, 0.6248054504394531], [103.54283142089844, 0.9581489562988281], [103.45948791503906, 0.9581489562988281], [103.45948791503906, 0.8748130798339844], [103.37614440917969, 0.8748130798339844], [103.37614440917969, 0.7081413269042969], [103.29280090332031, 0.7081413269042969], [103.29280090332031, 0.7914772033691406], [103.20945739746094, 0.7914772033691406], [103.20945739746094, 1.3748283386230469], [103.29280090332031, 1.3748283386230469], [103.29280090332031, 1.5415000915527344], [104.29292297363281, 1.5415000915527344], [104.29292297363281, 1.6248359680175781], [104.79298400878906, 1.6248359680175781], [104.79298400878906, 1.5415000915527344], [104.87632751464844, 1.5415000915527344], [104.87632751464844, 1.4581642150878906], [104.95967102050781, 1.4581642150878906], [104.95967102050781, 1.3748283386230469]], [[103.45948791503906, 1.0414848327636719], [103.37614440917969, 1.0414848327636719], [103.37614440917969, 0.9581489562988281], [103.45948791503906, 0.9581489562988281], [103.45948791503906, 1.0414848327636719]], [[103.37614440917969, 1.1248207092285156], [103.29280090332031, 1.1248207092285156], [103.29280090332031, 1.0414848327636719], [103.37614440917969, 1.0414848327636719], [103.37614440917969, 1.1248207092285156]], [[104.12623596191406, 0.9581489562988281], [104.12623596191406, 0.7914772033691406], [104.20957946777344, 0.7914772033691406], [104.20957946777344, 1.0414848327636719], [104.12623596191406, 1.0414848327636719], [104.12623596191406, 1.2081565856933594], [104.04289245605469, 1.2081565856933594], [104.04289245605469, 1.1248207092285156], [103.95954895019531, 1.1248207092285156], [103.95954895019531, 1.0414848327636719], [104.04289245605469, 1.0414848327636719], [104.04289245605469, 0.9581489562988281], [104.12623596191406, 0.9581489562988281]], [[104.20957946777344, 0.6248054504394531], [104.29292297363281, 0.6248054504394531], [104.29292297363281, 0.7914772033691406], [104.20957946777344, 0.7914772033691406], [104.20957946777344, 0.6248054504394531]], [[104.45960998535156, 1.0414848327636719], [104.45960998535156, 0.8748130798339844], [104.54295349121094, 0.8748130798339844], [104.54295349121094, 0.7914772033691406], [104.70964050292969, 0.7914772033691406], [104.70964050292969, 0.9581489562988281], [104.87632751464844, 0.9581489562988281], [104.87632751464844, 1.0414848327636719], [104.62629699707031, 1.0414848327636719], [104.62629699707031, 1.1248207092285156], [104.54295349121094, 1.1248207092285156], [104.54295349121094, 1.2081565856933594], [104.29292297363281, 1.2081565856933594], [104.29292297363281, 1.1248207092285156], [104.20957946777344, 1.1248207092285156], [104.20957946777344, 1.0414848327636719], [104.45960998535156, 1.0414848327636719]], [[103.87620544433594, 1.0414848327636719], [103.87620544433594, 0.9581489562988281], [103.95954895019531, 0.9581489562988281], [103.95954895019531, 1.0414848327636719], [103.87620544433594, 1.0414848327636719]], [[103.79286193847656, 0.7914772033691406], [103.79286193847656, 0.8748130798339844], [103.70951843261719, 0.8748130798339844], [103.70951843261719, 0.7914772033691406], [103.79286193847656, 0.7914772033691406]], [[104.45960998535156, 0.041454315185546875], [104.45960998535156, 0.20812606811523438], [104.37626647949219, 0.20812606811523438], [104.37626647949219, 0.041454315185546875], [104.45960998535156, 0.041454315185546875]], [[104.62629699707031, 0.12479019165039062], [104.62629699707031, 0.20812606811523438], [104.54295349121094, 0.20812606811523438], [104.54295349121094, 0.12479019165039062], [104.62629699707031, 0.12479019165039062]], [[104.79298400878906, 0.041454315185546875], [104.79298400878906, 0.12479019165039062], [104.70964050292969, 0.12479019165039062], [104.70964050292969, 0.041454315185546875], [104.79298400878906, 0.041454315185546875]], [[104.62629699707031, -0.12521743774414062], [104.62629699707031, 0.041454315185546875], [104.54295349121094, 0.041454315185546875], [104.54295349121094, -0.12521743774414062], [104.45960998535156, -0.12521743774414062], [104.45960998535156, -0.20855331420898438], [104.70964050292969, -0.20855331420898438], [104.70964050292969, -0.12521743774414062], [104.62629699707031, -0.12521743774414062]], [[104.70964050292969, -0.2918891906738281], [104.87632751464844, -0.2918891906738281], [104.87632751464844, -0.3752250671386719], [104.95967102050781, -0.3752250671386719], [104.95967102050781, -0.20855331420898438], [104.87632751464844, -0.20855331420898438], [104.87632751464844, -0.12521743774414062], [104.79298400878906, -0.12521743774414062], [104.79298400878906, -0.20855331420898438], [104.70964050292969, -0.20855331420898438], [104.70964050292969, -0.2918891906738281]], [[104.37626647949219, -0.3752250671386719], [104.37626647949219, -0.4585609436035156], [104.29292297363281, -0.4585609436035156], [104.29292297363281, -0.6252326965332031], [104.54295349121094, -0.6252326965332031], [104.54295349121094, -0.3752250671386719], [104.37626647949219, -0.3752250671386719]], [[104.95967102050781, -0.7919044494628906], [104.95967102050781, -0.7085685729980469], [104.87632751464844, -0.7085685729980469], [104.87632751464844, -0.7919044494628906], [104.95967102050781, -0.7919044494628906]], [[104.79298400878906, -0.7919044494628906], [104.79298400878906, -0.8752403259277344], [104.87632751464844, -0.8752403259277344], [104.87632751464844, -0.7919044494628906], [104.79298400878906, -0.7919044494628906]], [[108.79347229003906, -1.5419273376464844], [108.79347229003906, -1.7085990905761719], [108.87681579589844, -1.7085990905761719], [108.87681579589844, -1.6252632141113281], [108.96015930175781, -1.6252632141113281], [108.96015930175781, -1.5419273376464844], [108.79347229003906, -1.5419273376464844]], [[108.54344177246094, -2.1252784729003906], [108.54344177246094, -2.041942596435547], [108.37675476074219, -2.041942596435547], [108.37675476074219, -2.1252784729003906], [108.54344177246094, -2.1252784729003906]], [[107.12660217285156, -2.4586219787597656], [107.12660217285156, -2.375286102294922], [107.04325866699219, -2.375286102294922], [107.04325866699219, -2.4586219787597656], [107.12660217285156, -2.4586219787597656]], [[107.62666320800781, -3.1253089904785156], [107.62666320800781, -3.2086448669433594], [107.79335021972656, -3.2086448669433594], [107.79335021972656, -3.041973114013672], [107.87669372558594, -3.041973114013672], [107.87669372558594, -3.1253089904785156], [107.96003723144531, -3.1253089904785156], [107.96003723144531, -3.291980743408203], [108.04338073730469, -3.291980743408203], [108.04338073730469, -3.2086448669433594], [108.12672424316406, -3.2086448669433594], [108.12672424316406, -3.1253089904785156], [108.21006774902344, -3.1253089904785156], [108.21006774902344, -2.958637237548828], [108.29341125488281, -2.958637237548828], [108.29341125488281, -2.708629608154297], [108.12672424316406, -2.708629608154297], [108.12672424316406, -2.625293731689453], [108.04338073730469, -2.625293731689453], [108.04338073730469, -2.5419578552246094], [107.62666320800781, -2.5419578552246094], [107.62666320800781, -2.958637237548828], [107.45997619628906, -2.958637237548828], [107.45997619628906, -3.041973114013672], [107.54331970214844, -3.041973114013672], [107.54331970214844, -3.1253089904785156], [107.62666320800781, -3.1253089904785156]], [[107.45997619628906, -2.7919654846191406], [107.37663269042969, -2.7919654846191406], [107.37663269042969, -2.958637237548828], [107.45997619628906, -2.958637237548828], [107.45997619628906, -2.7919654846191406]], [[106.87657165527344, -3.041973114013672], [106.87657165527344, -2.8753013610839844], [106.79322814941406, -2.8753013610839844], [106.79322814941406, -3.041973114013672], [106.87657165527344, -3.041973114013672]]], [[[107.37663269042969, 0.3747978210449219], [107.71000671386719, 0.3747978210449219], [107.71000671386719, -0.041881561279296875], [107.62666320800781, -0.041881561279296875], [107.62666320800781, -0.12521743774414062], [107.37663269042969, -0.12521743774414062], [107.37663269042969, 0.3747978210449219]]], [[[96.95869445800781, 3.5415611267089844], [97.04203796386719, 3.5415611267089844], [97.04203796386719, 3.374889373779297], [97.12538146972656, 3.374889373779297], [97.12538146972656, 3.291553497314453], [97.20872497558594, 3.291553497314453], [97.20872497558594, 3.2082176208496094], [97.29206848144531, 3.2082176208496094], [97.29206848144531, 3.041545867919922], [97.37541198730469, 3.041545867919922], [97.37541198730469, 2.958209991455078], [97.45875549316406, 2.958209991455078], [97.45875549316406, 2.8748741149902344], [97.62544250488281, 2.8748741149902344], [97.62544250488281, 2.374858856201172], [97.70878601074219, 2.374858856201172], [97.70878601074219, 2.291522979736328], [97.95881652832031, 2.291522979736328], [97.95881652832031, 2.2081871032714844], [98.12550354003906, 2.2081871032714844], [98.12550354003906, 2.1248512268066406], [98.20884704589844, 2.1248512268066406], [98.20884704589844, 2.041515350341797], [98.45887756347656, 2.041515350341797], [98.45887756347656, 1.9581794738769531], [98.54222106933594, 1.9581794738769531], [98.54222106933594, 1.8748435974121094], [98.62556457519531, 1.8748435974121094], [98.62556457519531, 1.7915077209472656], [98.79225158691406, 1.7915077209472656], [98.79225158691406, 1.3748283386230469], [98.87559509277344, 1.3748283386230469], [98.87559509277344, 1.1248207092285156], [98.95893859863281, 1.1248207092285156], [98.95893859863281, 0.7914772033691406], [99.04228210449219, 0.7914772033691406], [99.04228210449219, 0.6248054504394531], [99.12562561035156, 0.6248054504394531], [99.12562561035156, 0.20812606811523438], [99.37565612792969, 0.20812606811523438], [99.37565612792969, -0.12521743774414062], [99.62568664550781, -0.12521743774414062], [99.62568664550781, -0.041881561279296875], [99.79237365722656, -0.041881561279296875], [99.79237365722656, -0.2918891906738281], [99.87571716308594, -0.2918891906738281], [99.87571716308594, -0.3752250671386719], [99.95906066894531, -0.3752250671386719], [99.95906066894531, -0.5418968200683594], [100.04240417480469, -0.5418968200683594], [100.04240417480469, -0.6252326965332031], [100.12574768066406, -0.6252326965332031], [100.12574768066406, -0.7085685729980469], [100.20909118652344, -0.7085685729980469], [100.20909118652344, -0.7919044494628906], [100.29243469238281, -0.7919044494628906], [100.29243469238281, -1.0419120788574219], [100.37577819824219, -1.0419120788574219], [100.37577819824219, -1.2919197082519531], [100.54246520996094, -1.2919197082519531], [100.54246520996094, -1.4585914611816406], [100.62580871582031, -1.4585914611816406], [100.62580871582031, -1.5419273376464844], [100.54246520996094, -1.5419273376464844], [100.54246520996094, -1.6252632141113281], [100.12574768066406, -1.6252632141113281], [100.12574768066406, -1.7085990905761719], [100.04240417480469, -1.7085990905761719], [100.04240417480469, -1.8752708435058594], [100.12574768066406, -1.8752708435058594], [100.12574768066406, -2.041942596435547], [100.20909118652344, -2.041942596435547], [100.20909118652344, -2.1252784729003906], [100.29243469238281, -2.1252784729003906], [100.29243469238281, -2.2086143493652344], [100.37577819824219, -2.2086143493652344], [100.37577819824219, -2.291950225830078], [100.54246520996094, -2.291950225830078], [100.54246520996094, -2.1252784729003906], [100.62580871582031, -2.1252784729003906], [100.62580871582031, -2.041942596435547], [100.79249572753906, -2.041942596435547], [100.79249572753906, -2.375286102294922], [100.54246520996094, -2.375286102294922], [100.54246520996094, -2.5419578552246094], [100.45912170410156, -2.5419578552246094], [100.45912170410156, -2.708629608154297], [100.37577819824219, -2.708629608154297], [100.37577819824219, -2.8753013610839844], [100.29243469238281, -2.8753013610839844], [100.29243469238281, -2.7919654846191406], [100.20909118652344, -2.7919654846191406], [100.20909118652344, -2.625293731689453], [100.04240417480469, -2.625293731689453], [100.04240417480469, -2.5419578552246094], [99.95906066894531, -2.5419578552246094], [99.95906066894531, -2.291950225830078], [99.79237365722656, -2.291950225830078], [99.79237365722656, -2.2086143493652344], [99.70903015136719, -2.2086143493652344], [99.70903015136719, -2.041942596435547], [99.62568664550781, -2.041942596435547], [99.62568664550781, -1.8752708435058594], [99.70903015136719, -1.8752708435058594], [99.70903015136719, -1.7919349670410156], [99.79237365722656, -1.7919349670410156], [99.79237365722656, -1.7085990905761719], [99.87571716308594, -1.7085990905761719], [99.87571716308594, -1.6252632141113281], [99.79237365722656, -1.6252632141113281], [99.79237365722656, -1.4585914611816406], [99.70903015136719, -1.4585914611816406], [99.70903015136719, -1.3752555847167969], [99.54234313964844, -1.3752555847167969], [99.54234313964844, -1.4585914611816406], [99.45899963378906, -1.4585914611816406], [99.45899963378906, -1.6252632141113281], [99.37565612792969, -1.6252632141113281], [99.37565612792969, -1.7085990905761719], [99.29231262207031, -1.7085990905761719], [99.29231262207031, -1.6252632141113281], [99.20896911621094, -1.6252632141113281], [99.20896911621094, -1.4585914611816406], [99.12562561035156, -1.4585914611816406], [99.12562561035156, -1.2919197082519531], [99.04228210449219, -1.2919197082519531], [99.04228210449219, -1.1252479553222656], [98.95893859863281, -1.1252479553222656], [98.95893859863281, -0.9585762023925781], [98.70890808105469, -0.9585762023925781], [98.70890808105469, -0.8752403259277344], [98.62556457519531, -0.8752403259277344], [98.62556457519531, -0.6252326965332031], [98.45887756347656, -0.6252326965332031], [98.45887756347656, -0.4585609436035156], [98.54222106933594, -0.4585609436035156], [98.54222106933594, -0.3752250671386719], [98.45887756347656, -0.3752250671386719], [98.45887756347656, -0.2918891906738281], [98.54222106933594, -0.2918891906738281], [98.54222106933594, -0.20855331420898438], [98.45887756347656, -0.20855331420898438], [98.45887756347656, -0.041881561279296875], [98.29219055175781, -0.041881561279296875], [98.29219055175781, -0.12521743774414062], [98.20884704589844, -0.12521743774414062], [98.20884704589844, 0.20812606811523438], [98.29219055175781, 0.20812606811523438], [98.29219055175781, 0.5414695739746094], [98.37553405761719, 0.5414695739746094], [98.37553405761719, 0.6248054504394531], [98.45887756347656, 0.6248054504394531], [98.45887756347656, 1.1248207092285156], [98.37553405761719, 1.1248207092285156], [98.37553405761719, 0.9581489562988281], [98.29219055175781, 0.9581489562988281], [98.29219055175781, 0.8748130798339844], [98.20884704589844, 0.8748130798339844], [98.20884704589844, 0.5414695739746094], [97.95881652832031, 0.5414695739746094], [97.95881652832031, 0.4581336975097656], [97.87547302246094, 0.4581336975097656], [97.87547302246094, 0.8748130798339844], [97.95881652832031, 0.8748130798339844], [97.95881652832031, 1.0414848327636719], [97.87547302246094, 1.0414848327636719], [97.87547302246094, 1.1248207092285156], [97.79212951660156, 1.1248207092285156], [97.79212951660156, 1.2081565856933594], [97.62544250488281, 1.2081565856933594], [97.62544250488281, 1.3748283386230469], [97.54209899902344, 1.3748283386230469], [97.54209899902344, 1.4581642150878906], [97.45875549316406, 1.4581642150878906], [97.45875549316406, 1.5415000915527344], [97.37541198730469, 1.5415000915527344], [97.37541198730469, 1.4581642150878906], [97.29206848144531, 1.4581642150878906], [97.29206848144531, 1.3748283386230469], [97.12538146972656, 1.3748283386230469], [97.12538146972656, 1.6248359680175781], [97.04203796386719, 1.6248359680175781], [97.04203796386719, 1.7915077209472656], [97.12538146972656, 1.7915077209472656], [97.12538146972656, 2.1248512268066406], [97.29206848144531, 2.1248512268066406], [97.29206848144531, 2.2081871032714844], [97.20872497558594, 2.2081871032714844], [97.20872497558594, 2.374858856201172], [97.12538146972656, 2.374858856201172], [97.12538146972656, 2.4581947326660156], [97.04203796386719, 2.4581947326660156], [97.04203796386719, 2.708202362060547], [97.20872497558594, 2.708202362060547], [97.20872497558594, 2.958209991455078], [96.87535095214844, 2.958209991455078], [96.87535095214844, 3.041545867919922], [96.79200744628906, 3.041545867919922], [96.79200744628906, 3.1248817443847656], [96.70866394042969, 3.1248817443847656], [96.70866394042969, 3.291553497314453], [96.54197692871094, 3.291553497314453], [96.54197692871094, 3.374889373779297], [96.45863342285156, 3.374889373779297], [96.45863342285156, 3.7915687561035156], [96.54197692871094, 3.7915687561035156], [96.54197692871094, 3.708232879638672], [96.87535095214844, 3.708232879638672], [96.87535095214844, 3.624897003173828], [96.95869445800781, 3.624897003173828], [96.95869445800781, 3.5415611267089844]], [[97.29206848144531, 2.041515350341797], [97.37541198730469, 2.041515350341797], [97.37541198730469, 2.1248512268066406], [97.29206848144531, 2.1248512268066406], [97.29206848144531, 2.041515350341797]], [[97.70878601074219, 1.7915077209472656], [97.70878601074219, 1.9581794738769531], [97.62544250488281, 1.9581794738769531], [97.62544250488281, 1.7915077209472656], [97.70878601074219, 1.7915077209472656]], [[98.70890808105469, 0.12479019165039062], [98.70890808105469, 0.20812606811523438], [98.54222106933594, 0.20812606811523438], [98.54222106933594, 0.12479019165039062], [98.62556457519531, 0.12479019165039062], [98.62556457519531, 0.041454315185546875], [98.87559509277344, 0.041454315185546875], [98.87559509277344, 0.12479019165039062], [98.70890808105469, 0.12479019165039062]], [[99.37565612792969, -0.7919044494628906], [99.37565612792969, -0.6252326965332031], [99.29231262207031, -0.6252326965332031], [99.29231262207031, -0.7919044494628906], [99.37565612792969, -0.7919044494628906]]], [[[107.79335021972656, 1.6248359680175781], [107.87669372558594, 1.6248359680175781], [107.87669372558594, 1.5415000915527344], [107.96003723144531, 1.5415000915527344], [107.96003723144531, 1.4581642150878906], [108.04338073730469, 1.4581642150878906], [108.04338073730469, 1.2914924621582031], [107.79335021972656, 1.2914924621582031], [107.79335021972656, 1.2081565856933594], [107.71000671386719, 1.2081565856933594], [107.71000671386719, 1.1248207092285156], [107.62666320800781, 1.1248207092285156], [107.62666320800781, 1.0414848327636719], [107.54331970214844, 1.0414848327636719], [107.54331970214844, 0.9581489562988281], [107.62666320800781, 0.9581489562988281], [107.62666320800781, 0.8748130798339844], [107.37663269042969, 0.8748130798339844], [107.37663269042969, 0.9581489562988281], [107.20994567871094, 0.9581489562988281], [107.20994567871094, 0.8748130798339844], [107.12660217285156, 0.8748130798339844], [107.12660217285156, 0.4581336975097656], [107.04325866699219, 0.4581336975097656], [107.04325866699219, -0.12521743774414062], [106.62654113769531, -0.12521743774414062], [106.62654113769531, -0.041881561279296875], [106.54319763183594, -0.041881561279296875], [106.54319763183594, 0.041454315185546875], [106.45985412597656, 0.041454315185546875], [106.45985412597656, 0.12479019165039062], [106.37651062011719, 0.12479019165039062], [106.37651062011719, 0.5414695739746094], [106.29316711425781, 0.5414695739746094], [106.29316711425781, 0.7081413269042969], [106.20982360839844, 0.7081413269042969], [106.20982360839844, 0.7914772033691406], [106.12648010253906, 0.7914772033691406], [106.12648010253906, 0.8748130798339844], [106.04313659667969, 0.8748130798339844], [106.04313659667969, 1.3748283386230469], [106.12648010253906, 1.3748283386230469], [106.12648010253906, 1.4581642150878906], [106.20982360839844, 1.4581642150878906], [106.20982360839844, 1.5415000915527344], [106.29316711425781, 1.5415000915527344], [106.29316711425781, 1.7081718444824219], [106.37651062011719, 1.7081718444824219], [106.37651062011719, 1.7915077209472656], [106.45985412597656, 1.7915077209472656], [106.45985412597656, 1.8748435974121094], [107.04325866699219, 1.8748435974121094], [107.04325866699219, 1.7915077209472656], [107.20994567871094, 1.7915077209472656], [107.20994567871094, 1.7081718444824219], [107.79335021972656, 1.7081718444824219], [107.79335021972656, 1.6248359680175781]]], [[[97.29206848144531, 1.1248207092285156], [97.12538146972656, 1.1248207092285156], [97.12538146972656, 1.2081565856933594], [97.29206848144531, 1.2081565856933594], [97.29206848144531, 1.1248207092285156]]], [[[109.29353332519531, 3.041545867919922], [109.37687683105469, 3.041545867919922], [109.37687683105469, 2.958209991455078], [109.46022033691406, 2.958209991455078], [109.46022033691406, 2.8748741149902344], [109.54356384277344, 2.8748741149902344], [109.54356384277344, 2.291522979736328], [109.46022033691406, 2.291522979736328], [109.46022033691406, 1.9581794738769531], [109.29353332519531, 1.9581794738769531], [109.29353332519531, 1.8748435974121094], [109.37687683105469, 1.8748435974121094], [109.37687683105469, 1.7915077209472656], [108.71012878417969, 1.7915077209472656], [108.71012878417969, 1.8748435974121094], [108.62678527832031, 1.8748435974121094], [108.62678527832031, 1.9581794738769531], [108.54344177246094, 1.9581794738769531], [108.54344177246094, 2.041515350341797], [108.46009826660156, 2.041515350341797], [108.46009826660156, 2.1248512268066406], [108.37675476074219, 2.1248512268066406], [108.37675476074219, 2.291522979736328], [108.29341125488281, 2.291522979736328], [108.29341125488281, 2.374858856201172], [108.21006774902344, 2.374858856201172], [108.21006774902344, 2.5415306091308594], [108.12672424316406, 2.5415306091308594], [108.12672424316406, 2.7915382385253906], [108.29341125488281, 2.7915382385253906], [108.29341125488281, 2.958209991455078], [108.37675476074219, 2.958209991455078], [108.37675476074219, 3.1248817443847656], [108.62678527832031, 3.1248817443847656], [108.62678527832031, 3.374889373779297], [108.71012878417969, 3.374889373779297], [108.71012878417969, 3.4582252502441406], [108.79347229003906, 3.4582252502441406], [108.79347229003906, 3.5415611267089844], [109.12684631347656, 3.5415611267089844], [109.12684631347656, 3.4582252502441406], [109.21018981933594, 3.4582252502441406], [109.21018981933594, 3.374889373779297], [109.29353332519531, 3.374889373779297], [109.29353332519531, 3.041545867919922]], [[108.87681579589844, 2.8748741149902344], [108.87681579589844, 2.958209991455078], [108.71012878417969, 2.958209991455078], [108.71012878417969, 2.8748741149902344], [108.87681579589844, 2.8748741149902344]], [[108.96015930175781, 2.708202362060547], [108.96015930175781, 2.7915382385253906], [108.87681579589844, 2.7915382385253906], [108.87681579589844, 2.708202362060547], [108.96015930175781, 2.708202362060547]], [[109.12684631347656, 2.4581947326660156], [109.12684631347656, 2.5415306091308594], [109.04350280761719, 2.5415306091308594], [109.04350280761719, 2.4581947326660156], [109.12684631347656, 2.4581947326660156]]], [[[96.29194641113281, 3.2082176208496094], [96.62532043457031, 3.2082176208496094], [96.62532043457031, 3.1248817443847656], [96.70866394042969, 3.1248817443847656], [96.70866394042969, 2.624866485595703], [96.62532043457031, 2.624866485595703], [96.62532043457031, 2.4581947326660156], [96.54197692871094, 2.4581947326660156], [96.54197692871094, 2.374858856201172], [96.45863342285156, 2.374858856201172], [96.45863342285156, 2.4581947326660156], [96.37528991699219, 2.4581947326660156], [96.37528991699219, 2.5415306091308594], [96.29194641113281, 2.5415306091308594], [96.29194641113281, 2.624866485595703], [96.12525939941406, 2.624866485595703], [96.12525939941406, 2.708202362060547], [96.04191589355469, 2.708202362060547], [96.04191589355469, 2.7915382385253906], [95.95857238769531, 2.7915382385253906], [95.95857238769531, 2.8748741149902344], [95.79188537597656, 2.8748741149902344], [95.79188537597656, 2.7915382385253906], [95.70854187011719, 2.7915382385253906], [95.70854187011719, 2.958209991455078], [95.62519836425781, 2.958209991455078], [95.62519836425781, 3.1248817443847656], [95.54185485839844, 3.1248817443847656], [95.54185485839844, 3.4582252502441406], [95.87522888183594, 3.4582252502441406], [95.87522888183594, 3.374889373779297], [96.20860290527344, 3.374889373779297], [96.20860290527344, 3.291553497314453], [96.29194641113281, 3.291553497314453], [96.29194641113281, 3.2082176208496094]]], [[[107.62666320800781, 3.1248817443847656], [107.71000671386719, 3.1248817443847656], [107.71000671386719, 2.958209991455078], [107.79335021972656, 2.958209991455078], [107.79335021972656, 2.624866485595703], [107.45997619628906, 2.624866485595703], [107.45997619628906, 2.708202362060547], [107.37663269042969, 2.708202362060547], [107.37663269042969, 2.8748741149902344], [107.29328918457031, 2.8748741149902344], [107.29328918457031, 2.958209991455078], [107.12660217285156, 2.958209991455078], [107.12660217285156, 3.041545867919922], [107.04325866699219, 3.041545867919922], [107.04325866699219, 3.374889373779297], [107.37663269042969, 3.374889373779297], [107.37663269042969, 3.291553497314453], [107.45997619628906, 3.291553497314453], [107.45997619628906, 3.2082176208496094], [107.62666320800781, 3.2082176208496094], [107.62666320800781, 3.1248817443847656]]], [[[106.79322814941406, 3.7915687561035156], [106.87657165527344, 3.7915687561035156], [106.87657165527344, 3.708232879638672], [106.95991516113281, 3.708232879638672], [106.95991516113281, 2.7915382385253906], [106.87657165527344, 2.7915382385253906], [106.87657165527344, 2.624866485595703], [106.79322814941406, 2.624866485595703], [106.79322814941406, 2.4581947326660156], [106.70988464355469, 2.4581947326660156], [106.70988464355469, 2.374858856201172], [106.62654113769531, 2.374858856201172], [106.62654113769531, 2.291522979736328], [106.54319763183594, 2.291522979736328], [106.54319763183594, 2.2081871032714844], [106.37651062011719, 2.2081871032714844], [106.37651062011719, 2.291522979736328], [106.29316711425781, 2.291522979736328], [106.29316711425781, 2.374858856201172], [106.20982360839844, 2.374858856201172], [106.20982360839844, 2.4581947326660156], [106.04313659667969, 2.4581947326660156], [106.04313659667969, 2.5415306091308594], [105.87644958496094, 2.5415306091308594], [105.87644958496094, 2.374858856201172], [105.70976257324219, 2.374858856201172], [105.70976257324219, 2.291522979736328], [105.62641906738281, 2.291522979736328], [105.62641906738281, 2.2081871032714844], [105.54307556152344, 2.2081871032714844], [105.54307556152344, 2.1248512268066406], [105.45973205566406, 2.1248512268066406], [105.45973205566406, 2.041515350341797], [105.37638854980469, 2.041515350341797], [105.37638854980469, 2.1248512268066406], [105.29304504394531, 2.1248512268066406], [105.29304504394531, 2.2081871032714844], [105.37638854980469, 2.2081871032714844], [105.37638854980469, 2.291522979736328], [105.45973205566406, 2.291522979736328], [105.45973205566406, 2.4581947326660156], [105.20970153808594, 2.4581947326660156], [105.20970153808594, 2.708202362060547], [105.12635803222656, 2.708202362060547], [105.12635803222656, 2.7915382385253906], [105.04301452636719, 2.7915382385253906], [105.04301452636719, 3.5415611267089844], [105.12635803222656, 3.5415611267089844], [105.12635803222656, 3.624897003173828], [105.29304504394531, 3.624897003173828], [105.29304504394531, 3.708232879638672], [105.70976257324219, 3.708232879638672], [105.70976257324219, 3.8749046325683594], [105.79310607910156, 3.8749046325683594], [105.79310607910156, 3.958240509033203], [105.87644958496094, 3.958240509033203], [105.87644958496094, 4.041576385498047], [106.54319763183594, 4.041576385498047], [106.54319763183594, 3.958240509033203], [106.70988464355469, 3.958240509033203], [106.70988464355469, 3.8749046325683594], [106.79322814941406, 3.8749046325683594], [106.79322814941406, 3.7915687561035156]], [[106.29316711425781, 3.1248817443847656], [106.29316711425781, 3.374889373779297], [106.20982360839844, 3.374889373779297], [106.20982360839844, 3.1248817443847656], [106.29316711425781, 3.1248817443847656]], [[106.29316711425781, 3.041545867919922], [106.37651062011719, 3.041545867919922], [106.37651062011719, 3.1248817443847656], [106.29316711425781, 3.1248817443847656], [106.29316711425781, 3.041545867919922]], [[105.79310607910156, 2.7915382385253906], [105.79310607910156, 2.958209991455078], [105.70976257324219, 2.958209991455078], [105.70976257324219, 2.7915382385253906], [105.79310607910156, 2.7915382385253906]]], [[[108.46009826660156, 4.624927520751953], [108.54344177246094, 4.624927520751953], [108.54344177246094, 4.541591644287109], [108.62678527832031, 4.541591644287109], [108.62678527832031, 4.374919891357422], [108.71012878417969, 4.374919891357422], [108.71012878417969, 4.291584014892578], [108.79347229003906, 4.291584014892578], [108.79347229003906, 4.208248138427734], [108.87681579589844, 4.208248138427734], [108.87681579589844, 3.708232879638672], [108.79347229003906, 3.708232879638672], [108.79347229003906, 3.624897003173828], [108.71012878417969, 3.624897003173828], [108.71012878417969, 3.5415611267089844], [108.21006774902344, 3.5415611267089844], [108.21006774902344, 3.4582252502441406], [108.04338073730469, 3.4582252502441406], [108.04338073730469, 3.374889373779297], [107.71000671386719, 3.374889373779297], [107.71000671386719, 3.4582252502441406], [107.45997619628906, 3.4582252502441406], [107.45997619628906, 3.5415611267089844], [107.29328918457031, 3.5415611267089844], [107.29328918457031, 3.624897003173828], [107.12660217285156, 3.624897003173828], [107.12660217285156, 3.7915687561035156], [107.20994567871094, 3.7915687561035156], [107.20994567871094, 3.8749046325683594], [107.29328918457031, 3.8749046325683594], [107.29328918457031, 3.958240509033203], [107.37663269042969, 3.958240509033203], [107.37663269042969, 4.041576385498047], [107.45997619628906, 4.041576385498047], [107.45997619628906, 4.208248138427734], [107.37663269042969, 4.208248138427734], [107.37663269042969, 4.291584014892578], [107.29328918457031, 4.291584014892578], [107.29328918457031, 5.124942779541016], [107.37663269042969, 5.124942779541016], [107.37663269042969, 5.208278656005859], [107.45997619628906, 5.208278656005859], [107.45997619628906, 5.291614532470703], [107.62666320800781, 5.291614532470703], [107.62666320800781, 5.374950408935547], [108.04338073730469, 5.374950408935547], [108.04338073730469, 4.958271026611328], [108.29341125488281, 4.958271026611328], [108.29341125488281, 5.041606903076172], [108.46009826660156, 5.041606903076172], [108.46009826660156, 4.624927520751953]], [[108.12672424316406, 3.8749046325683594], [108.12672424316406, 3.624897003173828], [108.29341125488281, 3.624897003173828], [108.29341125488281, 3.708232879638672], [108.21006774902344, 3.708232879638672], [108.21006774902344, 3.7915687561035156], [108.37675476074219, 3.7915687561035156], [108.37675476074219, 4.041576385498047], [108.29341125488281, 4.041576385498047], [108.29341125488281, 4.124912261962891], [108.04338073730469, 4.124912261962891], [108.04338073730469, 4.041576385498047], [107.96003723144531, 4.041576385498047], [107.96003723144531, 3.958240509033203], [108.04338073730469, 3.958240509033203], [108.04338073730469, 3.8749046325683594], [108.12672424316406, 3.8749046325683594]]], [[[95.70854187011719, 4.458255767822266], [95.79188537597656, 4.458255767822266], [95.79188537597656, 4.374919891357422], [95.87522888183594, 4.374919891357422], [95.87522888183594, 4.291584014892578], [95.79188537597656, 4.291584014892578], [95.79188537597656, 4.208248138427734], [95.20848083496094, 4.208248138427734], [95.20848083496094, 4.374919891357422], [95.29182434082031, 4.374919891357422], [95.29182434082031, 4.458255767822266], [95.37516784667969, 4.458255767822266], [95.37516784667969, 4.541591644287109], [95.45851135253906, 4.541591644287109], [95.45851135253906, 4.708263397216797], [95.54185485839844, 4.708263397216797], [95.54185485839844, 4.624927520751953], [95.62519836425781, 4.624927520751953], [95.62519836425781, 4.541591644287109], [95.70854187011719, 4.541591644287109], [95.70854187011719, 4.458255767822266]]], [[[123.21189880371094, -10.625537872314453], [123.12855529785156, -10.625537872314453], [123.12855529785156, -10.708873748779297], [122.87852478027344, -10.708873748779297], [122.87852478027344, -10.79220962524414], [122.79518127441406, -10.79220962524414], [122.79518127441406, -10.875545501708984], [122.71183776855469, -10.875545501708984], [122.71183776855469, -10.79220962524414], [122.62849426269531, -10.79220962524414], [122.62849426269531, -10.708873748779297], [122.71183776855469, -10.708873748779297], [122.71183776855469, -10.625537872314453], [122.87852478027344, -10.625537872314453], [122.87852478027344, -10.54220199584961], [122.96186828613281, -10.54220199584961], [122.96186828613281, -10.458866119384766], [123.12855529785156, -10.458866119384766], [123.12855529785156, -10.375530242919922], [123.37858581542969, -10.375530242919922], [123.37858581542969, -10.458866119384766], [123.29524230957031, -10.458866119384766], [123.29524230957031, -10.54220199584961], [123.21189880371094, -10.54220199584961], [123.21189880371094, -10.625537872314453]]], [[[123.46192932128906, -10.458866119384766], [123.62861633300781, -10.458866119384766], [123.62861633300781, -10.625537872314453], [123.37858581542969, -10.625537872314453], [123.37858581542969, -10.54220199584961], [123.46192932128906, -10.54220199584961], [123.46192932128906, -10.458866119384766]]], [[[123.46192932128906, -9.708843231201172], [123.62861633300781, -9.708843231201172], [123.62861633300781, -9.625507354736328], [123.71195983886719, -9.625507354736328], [123.71195983886719, -9.87551498413086], [123.54527282714844, -9.87551498413086], [123.54527282714844, -10.12552261352539], [123.46192932128906, -10.12552261352539], [123.46192932128906, -9.708843231201172]]], [[[122.46180725097656, -8.958820343017578], [122.37846374511719, -8.958820343017578], [122.37846374511719, -9.042156219482422], [122.29512023925781, -9.042156219482422], [122.29512023925781, -9.125492095947266], [122.21177673339844, -9.125492095947266], [122.21177673339844, -9.20882797241211], [122.04508972167969, -9.20882797241211], [122.04508972167969, -9.125492095947266], [121.71171569824219, -9.125492095947266], [121.71171569824219, -9.20882797241211], [121.62837219238281, -9.20882797241211], [121.62837219238281, -9.292163848876953], [121.54502868652344, -9.292163848876953], [121.54502868652344, -9.375499725341797], [121.04496765136719, -9.375499725341797], [121.04496765136719, -9.45883560180664], [121.29499816894531, -9.45883560180664], [121.29499816894531, -9.542171478271484], [121.37834167480469, -9.542171478271484], [121.37834167480469, -9.625507354736328], [121.54502868652344, -9.625507354736328], [121.54502868652344, -9.792179107666016], [121.46168518066406, -9.792179107666016], [121.46168518066406, -9.87551498413086], [121.37834167480469, -9.87551498413086], [121.37834167480469, -9.958850860595703], [121.29499816894531, -9.958850860595703], [121.29499816894531, -10.042186737060547], [121.21165466308594, -10.042186737060547], [121.21165466308594, -9.958850860595703], [121.12831115722656, -9.958850860595703], [121.12831115722656, -9.792179107666016], [121.04496765136719, -9.792179107666016], [121.04496765136719, -9.708843231201172], [120.96162414550781, -9.708843231201172], [120.96162414550781, -9.792179107666016], [120.87828063964844, -9.792179107666016], [120.87828063964844, -9.958850860595703], [120.71159362792969, -9.958850860595703], [120.71159362792969, -9.87551498413086], [120.62825012207031, -9.87551498413086], [120.62825012207031, -9.708843231201172], [120.46156311035156, -9.708843231201172], [120.46156311035156, -9.625507354736328], [120.21153259277344, -9.625507354736328], [120.21153259277344, -9.45883560180664], [120.04484558105469, -9.45883560180664], [120.04484558105469, -9.375499725341797], [119.96150207519531, -9.375499725341797], [119.96150207519531, -9.292163848876953], [119.87815856933594, -9.292163848876953], [119.87815856933594, -9.375499725341797], [119.21141052246094, -9.375499725341797], [119.21141052246094, -9.20882797241211], [119.37809753417969, -9.20882797241211], [119.37809753417969, -9.125492095947266], [119.87815856933594, -9.125492095947266], [119.87815856933594, -8.875484466552734], [119.96150207519531, -8.875484466552734], [119.96150207519531, -8.79214859008789], [120.21153259277344, -8.79214859008789], [120.21153259277344, -8.875484466552734], [120.37821960449219, -8.875484466552734], [120.37821960449219, -8.79214859008789], [120.62825012207031, -8.79214859008789], [120.62825012207031, -8.875484466552734], [120.79493713378906, -8.875484466552734], [120.79493713378906, -8.79214859008789], [120.87828063964844, -8.79214859008789], [120.87828063964844, -8.958820343017578], [121.12831115722656, -8.958820343017578], [121.12831115722656, -8.875484466552734], [121.37834167480469, -8.875484466552734], [121.37834167480469, -8.79214859008789], [121.62837219238281, -8.79214859008789], [121.62837219238281, -8.875484466552734], [121.87840270996094, -8.875484466552734], [121.87840270996094, -8.79214859008789], [122.04508972167969, -8.79214859008789], [122.04508972167969, -8.708812713623047], [122.54515075683594, -8.708812713623047], [122.54515075683594, -8.625476837158203], [122.71183776855469, -8.625476837158203], [122.71183776855469, -8.79214859008789], [122.62849426269531, -8.79214859008789], [122.62849426269531, -8.875484466552734], [122.46180725097656, -8.875484466552734], [122.46180725097656, -8.958820343017578]], [[122.29512023925781, -8.875484466552734], [122.29512023925781, -8.79214859008789], [122.12843322753906, -8.79214859008789], [122.12843322753906, -8.875484466552734], [122.29512023925781, -8.875484466552734]]], [[[119.79481506347656, -8.79214859008789], [119.71147155761719, -8.79214859008789], [119.71147155761719, -8.708812713623047], [119.79481506347656, -8.708812713623047], [119.79481506347656, -8.79214859008789]]], [[[123.21189880371094, -8.54214096069336], [123.54527282714844, -8.54214096069336], [123.54527282714844, -8.708812713623047], [123.62861633300781, -8.708812713623047], [123.62861633300781, -8.79214859008789], [123.54527282714844, -8.79214859008789], [123.54527282714844, -9.125492095947266], [123.21189880371094, -9.125492095947266], [123.21189880371094, -8.958820343017578], [122.96186828613281, -8.958820343017578], [122.96186828613281, -8.875484466552734], [122.79518127441406, -8.875484466552734], [122.79518127441406, -8.625476837158203], [122.96186828613281, -8.625476837158203], [122.96186828613281, -8.54214096069336], [122.79518127441406, -8.54214096069336], [122.79518127441406, -8.458805084228516], [122.87852478027344, -8.458805084228516], [122.87852478027344, -8.292133331298828], [122.96186828613281, -8.292133331298828], [122.96186828613281, -8.375469207763672], [123.29524230957031, -8.375469207763672], [123.29524230957031, -8.458805084228516], [123.21189880371094, -8.458805084228516], [123.21189880371094, -8.54214096069336]]], [[[118.04460144042969, -8.54214096069336], [117.96125793457031, -8.54214096069336], [117.96125793457031, -8.458805084228516], [118.12794494628906, -8.458805084228516], [118.12794494628906, -8.54214096069336], [118.29463195800781, -8.54214096069336], [118.29463195800781, -8.625476837158203], [118.04460144042969, -8.625476837158203], [118.04460144042969, -8.54214096069336]]], [[[118.71134948730469, -8.54214096069336], [118.62800598144531, -8.54214096069336], [118.62800598144531, -8.458805084228516], [118.71134948730469, -8.458805084228516], [118.71134948730469, -8.54214096069336]]], [[[123.87864685058594, -8.625476837158203], [123.87864685058594, -8.292133331298828], [123.96199035644531, -8.292133331298828], [123.96199035644531, -8.458805084228516], [124.04533386230469, -8.458805084228516], [124.04533386230469, -8.54214096069336], [123.96199035644531, -8.54214096069336], [123.96199035644531, -8.625476837158203], [123.87864685058594, -8.625476837158203]]], [[[117.54454040527344, -8.54214096069336], [117.54454040527344, -8.292133331298828], [117.62788391113281, -8.292133331298828], [117.62788391113281, -8.208797454833984], [117.71122741699219, -8.208797454833984], [117.71122741699219, -8.292133331298828], [117.79457092285156, -8.292133331298828], [117.79457092285156, -8.375469207763672], [117.62788391113281, -8.375469207763672], [117.62788391113281, -8.54214096069336], [117.54454040527344, -8.54214096069336]]], [[[116.37773132324219, -5.958728790283203], [116.46107482910156, -5.958728790283203], [116.46107482910156, -6.042064666748047], [116.54441833496094, -6.042064666748047], [116.54441833496094, -6.125400543212891], [116.62776184082031, -6.125400543212891], [116.62776184082031, -6.542079925537109], [116.71110534667969, -6.542079925537109], [116.71110534667969, -6.625415802001953], [116.79444885253906, -6.625415802001953], [116.79444885253906, -6.875423431396484], [116.46107482910156, -6.875423431396484], [116.46107482910156, -6.958759307861328], [116.29438781738281, -6.958759307861328], [116.29438781738281, -7.125431060791016], [116.21104431152344, -7.125431060791016], [116.21104431152344, -7.208766937255859], [116.29438781738281, -7.208766937255859], [116.29438781738281, -7.458774566650391], [116.37773132324219, -7.458774566650391], [116.37773132324219, -7.542110443115234], [115.62763977050781, -7.542110443115234], [115.62763977050781, -7.458774566650391], [114.62751770019531, -7.458774566650391], [114.62751770019531, -7.542110443115234], [114.71086120605469, -7.542110443115234], [114.71086120605469, -7.792118072509766], [115.21092224121094, -7.792118072509766], [115.21092224121094, -7.875453948974609], [115.29426574707031, -7.875453948974609], [115.29426574707031, -8.12546157836914], [115.21092224121094, -8.12546157836914], [115.21092224121094, -8.042125701904297], [115.12757873535156, -8.042125701904297], [115.12757873535156, -8.12546157836914], [115.04423522949219, -8.12546157836914], [115.04423522949219, -8.208797454833984], [114.79420471191406, -8.208797454833984], [114.79420471191406, -8.12546157836914], [114.46083068847656, -8.12546157836914], [114.46083068847656, -7.792118072509766], [114.29414367675781, -7.792118072509766], [114.29414367675781, -7.708782196044922], [114.12745666503906, -7.708782196044922], [114.12745666503906, -7.625446319580078], [113.96076965332031, -7.625446319580078], [113.96076965332031, -7.708782196044922], [113.37736511230469, -7.708782196044922], [113.37736511230469, -7.792118072509766], [113.29402160644531, -7.792118072509766], [113.29402160644531, -7.708782196044922], [113.04399108886719, -7.708782196044922], [113.04399108886719, -7.625446319580078], [112.87730407714844, -7.625446319580078], [112.87730407714844, -7.542110443115234], [112.79396057128906, -7.542110443115234], [112.79396057128906, -7.125431060791016], [112.87730407714844, -7.125431060791016], [112.87730407714844, -7.208766937255859], [113.54405212402344, -7.208766937255859], [113.54405212402344, -7.125431060791016], [113.87742614746094, -7.125431060791016], [113.87742614746094, -7.042095184326172], [113.96076965332031, -7.042095184326172], [113.96076965332031, -7.125431060791016], [114.04411315917969, -7.125431060791016], [114.04411315917969, -6.875423431396484], [113.87742614746094, -6.875423431396484], [113.87742614746094, -6.625415802001953], [113.96076965332031, -6.625415802001953], [113.96076965332031, -6.542079925537109], [114.46083068847656, -6.542079925537109], [114.46083068847656, -6.625415802001953], [114.71086120605469, -6.625415802001953], [114.71086120605469, -6.375408172607422], [114.79420471191406, -6.375408172607422], [114.79420471191406, -6.292072296142578], [114.87754821777344, -6.292072296142578], [114.87754821777344, -6.208736419677734], [115.04423522949219, -6.208736419677734], [115.04423522949219, -6.125400543212891], [115.12757873535156, -6.125400543212891], [115.12757873535156, -6.042064666748047], [115.21092224121094, -6.042064666748047], [115.21092224121094, -5.958728790283203], [115.29426574707031, -5.958728790283203], [115.29426574707031, -5.875392913818359], [115.37760925292969, -5.875392913818359], [115.37760925292969, -5.792057037353516], [115.62763977050781, -5.792057037353516], [115.62763977050781, -5.708721160888672], [116.04435729980469, -5.708721160888672], [116.04435729980469, -5.792057037353516], [116.29438781738281, -5.792057037353516], [116.29438781738281, -5.875392913818359], [116.37773132324219, -5.875392913818359], [116.37773132324219, -5.958728790283203]], [[115.21092224121094, -6.792087554931641], [115.21092224121094, -6.958759307861328], [115.54429626464844, -6.958759307861328], [115.54429626464844, -6.875423431396484], [115.37760925292969, -6.875423431396484], [115.37760925292969, -6.792087554931641], [115.21092224121094, -6.792087554931641]], [[114.21080017089844, -7.042095184326172], [114.21080017089844, -6.958759307861328], [114.12745666503906, -6.958759307861328], [114.12745666503906, -7.042095184326172], [114.21080017089844, -7.042095184326172]], [[115.71098327636719, -7.042095184326172], [115.71098327636719, -6.958759307861328], [115.62763977050781, -6.958759307861328], [115.62763977050781, -7.042095184326172], [115.71098327636719, -7.042095184326172]], [[114.37748718261719, -7.208766937255859], [114.37748718261719, -7.042095184326172], [114.29414367675781, -7.042095184326172], [114.29414367675781, -7.208766937255859], [114.37748718261719, -7.208766937255859]], [[114.71086120605469, -7.208766937255859], [114.71086120605469, -7.125431060791016], [114.62751770019531, -7.125431060791016], [114.62751770019531, -7.208766937255859], [114.71086120605469, -7.208766937255859]], [[115.87767028808594, -7.208766937255859], [115.87767028808594, -7.125431060791016], [115.79432678222656, -7.125431060791016], [115.79432678222656, -7.208766937255859], [115.87767028808594, -7.208766937255859]]], [[[113.79408264160156, -6.875423431396484], [112.79396057128906, -6.875423431396484], [112.79396057128906, -7.042095184326172], [112.71061706542969, -7.042095184326172], [112.71061706542969, -7.125431060791016], [112.62727355957031, -7.125431060791016], [112.62727355957031, -6.875423431396484], [112.54393005371094, -6.875423431396484], [112.54393005371094, -6.625415802001953], [112.62727355957031, -6.625415802001953], [112.62727355957031, -6.542079925537109], [112.79396057128906, -6.542079925537109], [112.79396057128906, -6.458744049072266], [113.46070861816406, -6.458744049072266], [113.46070861816406, -6.542079925537109], [113.71073913574219, -6.542079925537109], [113.71073913574219, -6.625415802001953], [113.79408264160156, -6.625415802001953], [113.79408264160156, -6.875423431396484]]], [[[111.96052551269531, -6.792087554931641], [111.71049499511719, -6.792087554931641], [111.71049499511719, -6.708751678466797], [111.62715148925781, -6.708751678466797], [111.62715148925781, -6.625415802001953], [111.46046447753906, -6.625415802001953], [111.46046447753906, -6.708751678466797], [111.21043395996094, -6.708751678466797], [111.21043395996094, -6.625415802001953], [111.12709045410156, -6.625415802001953], [111.12709045410156, -6.542079925537109], [111.04374694824219, -6.542079925537109], [111.04374694824219, -6.375408172607422], [111.12709045410156, -6.375408172607422], [111.12709045410156, -6.292072296142578], [111.21043395996094, -6.292072296142578], [111.21043395996094, -6.208736419677734], [111.79383850097656, -6.208736419677734], [111.79383850097656, -6.292072296142578], [111.87718200683594, -6.292072296142578], [111.87718200683594, -6.375408172607422], [111.96052551269531, -6.375408172607422], [111.96052551269531, -6.792087554931641]]], [[[113.29402160644531, -5.958728790283203], [113.21067810058594, -5.958728790283203], [113.21067810058594, -6.125400543212891], [113.12733459472656, -6.125400543212891], [113.12733459472656, -6.208736419677734], [112.87730407714844, -6.208736419677734], [112.87730407714844, -6.292072296142578], [112.21055603027344, -6.292072296142578], [112.21055603027344, -6.208736419677734], [112.12721252441406, -6.208736419677734], [112.12721252441406, -5.458713531494141], [112.21055603027344, -5.458713531494141], [112.21055603027344, -5.375377655029297], [112.29389953613281, -5.375377655029297], [112.29389953613281, -5.292041778564453], [113.04399108886719, -5.292041778564453], [113.04399108886719, -5.375377655029297], [113.21067810058594, -5.375377655029297], [113.21067810058594, -5.458713531494141], [113.29402160644531, -5.458713531494141], [113.29402160644531, -5.958728790283203]], [[112.71061706542969, -5.875392913818359], [112.71061706542969, -5.708721160888672], [112.62727355957031, -5.708721160888672], [112.62727355957031, -5.875392913818359], [112.71061706542969, -5.875392913818359]]], [[[122.62849426269531, -5.125370025634766], [122.71183776855469, -5.125370025634766], [122.71183776855469, -5.292041778564453], [122.54515075683594, -5.292041778564453], [122.54515075683594, -5.208705902099609], [122.62849426269531, -5.208705902099609], [122.62849426269531, -5.125370025634766]]], [[[122.79518127441406, -4.958698272705078], [122.79518127441406, -5.125370025634766], [122.71183776855469, -5.125370025634766], [122.71183776855469, -4.958698272705078], [122.79518127441406, -4.958698272705078]]], [[[123.04521179199219, -4.875362396240234], [122.96186828613281, -4.875362396240234], [122.96186828613281, -4.792026519775391], [123.04521179199219, -4.792026519775391], [123.04521179199219, -4.875362396240234]]], [[[119.87815856933594, -0.8752403259277344], [119.79481506347656, -0.8752403259277344], [119.79481506347656, -0.7085685729980469], [119.87815856933594, -0.7085685729980469], [119.87815856933594, -0.8752403259277344]]], [[[120.96162414550781, 0.4581336975097656], [121.04496765136719, 0.4581336975097656], [121.04496765136719, 0.3747978210449219], [121.12831115722656, 0.3747978210449219], [121.12831115722656, 0.4581336975097656], [121.62837219238281, 0.4581336975097656], [121.62837219238281, 0.5414695739746094], [121.71171569824219, 0.5414695739746094], [121.71171569824219, 0.4581336975097656], [122.29512023925781, 0.4581336975097656], [122.29512023925781, 0.5414695739746094], [122.54515075683594, 0.5414695739746094], [122.54515075683594, 0.4581336975097656], [122.62849426269531, 0.4581336975097656], [122.62849426269531, 0.5414695739746094], [122.71183776855469, 0.5414695739746094], [122.71183776855469, 0.4581336975097656], [123.12855529785156, 0.4581336975097656], [123.12855529785156, 0.3747978210449219], [123.29524230957031, 0.3747978210449219], [123.29524230957031, 0.2914619445800781], [122.96186828613281, 0.2914619445800781], [122.96186828613281, 0.20812606811523438], [122.87852478027344, 0.20812606811523438], [122.87852478027344, 0.041454315185546875], [122.96186828613281, 0.041454315185546875], [122.96186828613281, -0.041881561279296875], [123.21189880371094, -0.041881561279296875], [123.21189880371094, -0.12521743774414062], [123.37858581542969, -0.12521743774414062], [123.37858581542969, -0.2918891906738281], [123.29524230957031, -0.2918891906738281], [123.29524230957031, -0.5418968200683594], [123.21189880371094, -0.5418968200683594], [123.21189880371094, -0.6252326965332031], [123.12855529785156, -0.6252326965332031], [123.12855529785156, -0.5418968200683594], [123.04521179199219, -0.5418968200683594], [123.04521179199219, -0.6252326965332031], [122.71183776855469, -0.6252326965332031], [122.71183776855469, -0.7085685729980469], [122.96186828613281, -0.7085685729980469], [122.96186828613281, -0.7919044494628906], [122.12843322753906, -0.7919044494628906], [122.12843322753906, -0.9585762023925781], [121.71171569824219, -0.9585762023925781], [121.71171569824219, -0.8752403259277344], [121.46168518066406, -0.8752403259277344], [121.46168518066406, -0.9585762023925781], [121.37834167480469, -0.9585762023925781], [121.37834167480469, -1.0419120788574219], [121.29499816894531, -1.0419120788574219], [121.29499816894531, -1.2085838317871094], [121.21165466308594, -1.2085838317871094], [121.21165466308594, -1.3752555847167969], [121.12831115722656, -1.3752555847167969], [121.12831115722656, -1.4585914611816406], [121.04496765136719, -1.4585914611816406], [121.04496765136719, -1.3752555847167969], [120.62825012207031, -1.3752555847167969], [120.62825012207031, -1.2919197082519531], [120.54490661621094, -1.2919197082519531], [120.54490661621094, -1.2085838317871094], [120.62825012207031, -1.2085838317871094], [120.62825012207031, -1.1252479553222656], [120.54490661621094, -1.1252479553222656], [120.54490661621094, -0.9585762023925781], [120.29487609863281, -0.9585762023925781], [120.29487609863281, -0.8752403259277344], [120.21153259277344, -0.8752403259277344], [120.21153259277344, -0.7919044494628906], [120.12818908691406, -0.7919044494628906], [120.12818908691406, -0.7085685729980469], [120.04484558105469, -0.7085685729980469], [120.04484558105469, -0.041881561279296875], [120.12818908691406, -0.041881561279296875], [120.12818908691406, 0.20812606811523438], [120.21153259277344, 0.20812606811523438], [120.21153259277344, 0.3747978210449219], [120.29487609863281, 0.3747978210449219], [120.29487609863281, 0.4581336975097656], [120.46156311035156, 0.4581336975097656], [120.46156311035156, 0.5414695739746094], [120.71159362792969, 0.5414695739746094], [120.71159362792969, 0.4581336975097656], [120.87828063964844, 0.4581336975097656], [120.87828063964844, 0.3747978210449219], [120.96162414550781, 0.3747978210449219], [120.96162414550781, 0.4581336975097656]], [[120.71159362792969, -0.4585609436035156], [120.71159362792969, -0.5418968200683594], [120.79493713378906, -0.5418968200683594], [120.79493713378906, -0.7085685729980469], [120.87828063964844, -0.7085685729980469], [120.87828063964844, -0.6252326965332031], [120.96162414550781, -0.6252326965332031], [120.96162414550781, -0.041881561279296875], [120.71159362792969, -0.041881561279296875], [120.71159362792969, 0.041454315185546875], [120.54490661621094, 0.041454315185546875], [120.54490661621094, -0.041881561279296875], [120.46156311035156, -0.041881561279296875], [120.46156311035156, -0.20855331420898438], [120.54490661621094, -0.20855331420898438], [120.54490661621094, -0.4585609436035156], [120.71159362792969, -0.4585609436035156]], [[121.62837219238281, -0.20855331420898438], [121.62837219238281, -0.12521743774414062], [121.54502868652344, -0.12521743774414062], [121.54502868652344, -0.20855331420898438], [121.62837219238281, -0.20855331420898438]], [[122.37846374511719, -0.2918891906738281], [122.37846374511719, -0.20855331420898438], [122.04508972167969, -0.20855331420898438], [122.04508972167969, -0.3752250671386719], [121.87840270996094, -0.3752250671386719], [121.87840270996094, -0.4585609436035156], [122.12843322753906, -0.4585609436035156], [122.12843322753906, -0.2918891906738281], [122.37846374511719, -0.2918891906738281]], [[121.71171569824219, -0.4585609436035156], [121.71171569824219, -0.5418968200683594], [121.87840270996094, -0.5418968200683594], [121.87840270996094, -0.4585609436035156], [121.71171569824219, -0.4585609436035156]], [[121.62837219238281, -0.5418968200683594], [121.62837219238281, -0.6252326965332031], [121.71171569824219, -0.6252326965332031], [121.71171569824219, -0.5418968200683594], [121.62837219238281, -0.5418968200683594]], [[122.62849426269531, -0.5418968200683594], [122.62849426269531, -0.4585609436035156], [122.54515075683594, -0.4585609436035156], [122.54515075683594, -0.5418968200683594], [122.62849426269531, -0.5418968200683594]]], [[[125.87889099121094, 4.791599273681641], [125.79554748535156, 4.791599273681641], [125.79554748535156, 4.708263397216797], [125.71220397949219, 4.708263397216797], [125.71220397949219, 4.458255767822266], [125.79554748535156, 4.458255767822266], [125.79554748535156, 4.041576385498047], [125.87889099121094, 4.041576385498047], [125.87889099121094, 3.8749046325683594], [125.79554748535156, 3.8749046325683594], [125.79554748535156, 3.7915687561035156], [125.71220397949219, 3.7915687561035156], [125.71220397949219, 3.5415611267089844], [125.54551696777344, 3.5415611267089844], [125.54551696777344, 3.708232879638672], [125.37882995605469, 3.708232879638672], [125.37882995605469, 3.624897003173828], [125.46217346191406, 3.624897003173828], [125.46217346191406, 3.4582252502441406], [125.54551696777344, 3.4582252502441406], [125.54551696777344, 3.1248817443847656], [125.29548645019531, 3.1248817443847656], [125.29548645019531, 3.041545867919922], [125.21214294433594, 3.041545867919922], [125.21214294433594, 2.8748741149902344], [125.29548645019531, 2.8748741149902344], [125.29548645019531, 2.7915382385253906], [125.37882995605469, 2.7915382385253906], [125.37882995605469, 2.624866485595703], [125.29548645019531, 2.624866485595703], [125.29548645019531, 2.291522979736328], [125.37882995605469, 2.291522979736328], [125.37882995605469, 2.1248512268066406], [125.12879943847656, 2.1248512268066406], [125.12879943847656, 1.7081718444824219], [124.96211242675781, 1.7081718444824219], [124.96211242675781, 1.6248359680175781], [124.79542541503906, 1.6248359680175781], [124.79542541503906, 1.5415000915527344], [124.87876892089844, 1.5415000915527344], [124.87876892089844, 1.4581642150878906], [124.71208190917969, 1.4581642150878906], [124.71208190917969, 1.3748283386230469], [124.54539489746094, 1.3748283386230469], [124.54539489746094, 1.2914924621582031], [124.62873840332031, 1.2914924621582031], [124.62873840332031, 1.2081565856933594], [124.37870788574219, 1.2081565856933594], [124.37870788574219, 1.1248207092285156], [124.29536437988281, 1.1248207092285156], [124.29536437988281, 1.0414848327636719], [124.21202087402344, 1.0414848327636719], [124.21202087402344, 0.9581489562988281], [124.04533386230469, 0.9581489562988281], [124.04533386230469, 0.8748130798339844], [123.29524230957031, 0.8748130798339844], [123.29524230957031, 0.9581489562988281], [123.21189880371094, 0.9581489562988281], [123.21189880371094, 0.8748130798339844], [123.04521179199219, 0.8748130798339844], [123.04521179199219, 0.9581489562988281], [122.96186828613281, 0.9581489562988281], [122.96186828613281, 0.8748130798339844], [122.87852478027344, 0.8748130798339844], [122.87852478027344, 0.7914772033691406], [122.79518127441406, 0.7914772033691406], [122.79518127441406, 0.8748130798339844], [122.71183776855469, 0.8748130798339844], [122.71183776855469, 0.9581489562988281], [122.37846374511719, 0.9581489562988281], [122.37846374511719, 1.0414848327636719], [121.96174621582031, 1.0414848327636719], [121.96174621582031, 1.1248207092285156], [121.79505920410156, 1.1248207092285156], [121.79505920410156, 1.0414848327636719], [121.54502868652344, 1.0414848327636719], [121.54502868652344, 1.1248207092285156], [121.46168518066406, 1.1248207092285156], [121.46168518066406, 1.2914924621582031], [121.29499816894531, 1.2914924621582031], [121.29499816894531, 1.2081565856933594], [121.21165466308594, 1.2081565856933594], [121.21165466308594, 1.2914924621582031], [121.04496765136719, 1.2914924621582031], [121.04496765136719, 1.3748283386230469], [120.96162414550781, 1.3748283386230469], [120.96162414550781, 1.2914924621582031], [120.79493713378906, 1.2914924621582031], [120.79493713378906, 0.9581489562988281], [120.62825012207031, 0.9581489562988281], [120.62825012207031, 0.7914772033691406], [120.37821960449219, 0.7914772033691406], [120.37821960449219, 0.9581489562988281], [120.21153259277344, 0.9581489562988281], [120.21153259277344, 0.7914772033691406], [120.12818908691406, 0.7914772033691406], [120.12818908691406, 0.7081413269042969], [120.04484558105469, 0.7081413269042969], [120.04484558105469, 0.4581336975097656], [119.87815856933594, 0.4581336975097656], [119.87815856933594, 0.20812606811523438], [119.79481506347656, 0.20812606811523438], [119.79481506347656, 0.12479019165039062], [119.87815856933594, 0.12479019165039062], [119.87815856933594, -0.12521743774414062], [119.79481506347656, -0.12521743774414062], [119.79481506347656, -0.7085685729980469], [119.71147155761719, -0.7085685729980469], [119.71147155761719, -0.7919044494628906], [119.62812805175781, -0.7919044494628906], [119.62812805175781, -0.8752403259277344], [119.54478454589844, -0.8752403259277344], [119.54478454589844, -0.9585762023925781], [119.46144104003906, -0.9585762023925781], [119.46144104003906, -1.1252479553222656], [119.37809753417969, -1.1252479553222656], [119.37809753417969, -1.2085838317871094], [119.29475402832031, -1.2085838317871094], [119.29475402832031, -1.7919349670410156], [119.37809753417969, -1.7919349670410156], [119.37809753417969, -1.9586067199707031], [119.21141052246094, -1.9586067199707031], [119.21141052246094, -2.1252784729003906], [119.12806701660156, -2.1252784729003906], [119.12806701660156, -2.4586219787597656], [119.04472351074219, -2.4586219787597656], [119.04472351074219, -2.625293731689453], [118.79469299316406, -2.625293731689453], [118.79469299316406, -2.8753013610839844], [118.87803649902344, -2.8753013610839844], [118.87803649902344, -3.041973114013672], [118.79469299316406, -3.041973114013672], [118.79469299316406, -3.2086448669433594], [118.87803649902344, -3.2086448669433594], [118.87803649902344, -3.5419883728027344], [119.12806701660156, -3.5419883728027344], [119.12806701660156, -3.4586524963378906], [119.46144104003906, -3.4586524963378906], [119.46144104003906, -3.5419883728027344], [119.54478454589844, -3.5419883728027344], [119.54478454589844, -3.625324249267578], [119.46144104003906, -3.625324249267578], [119.46144104003906, -3.7919960021972656], [119.54478454589844, -3.7919960021972656], [119.54478454589844, -4.042003631591797], [119.62812805175781, -4.042003631591797], [119.62812805175781, -4.625354766845703], [119.54478454589844, -4.625354766845703], [119.54478454589844, -4.708690643310547], [119.46144104003906, -4.708690643310547], [119.46144104003906, -4.875362396240234], [119.54478454589844, -4.875362396240234], [119.54478454589844, -4.958698272705078], [119.46144104003906, -4.958698272705078], [119.46144104003906, -5.125370025634766], [119.37809753417969, -5.125370025634766], [119.37809753417969, -5.625385284423828], [119.62812805175781, -5.625385284423828], [119.62812805175781, -5.792057037353516], [119.54478454589844, -5.792057037353516], [119.54478454589844, -5.875392913818359], [118.79469299316406, -5.875392913818359], [118.79469299316406, -5.958728790283203], [118.12794494628906, -5.958728790283203], [118.12794494628906, -5.708721160888672], [118.21128845214844, -5.708721160888672], [118.21128845214844, -5.458713531494141], [118.29463195800781, -5.458713531494141], [118.29463195800781, -5.375377655029297], [118.37797546386719, -5.375377655029297], [118.37797546386719, -4.792026519775391], [118.46131896972656, -4.792026519775391], [118.46131896972656, -4.708690643310547], [118.54466247558594, -4.708690643310547], [118.54466247558594, -4.458683013916016], [118.62800598144531, -4.458683013916016], [118.62800598144531, -4.375347137451172], [118.79469299316406, -4.375347137451172], [118.79469299316406, -4.292011260986328], [118.87803649902344, -4.292011260986328], [118.87803649902344, -4.125339508056641], [118.96138000488281, -4.125339508056641], [118.96138000488281, -3.958667755126953], [118.79469299316406, -3.958667755126953], [118.79469299316406, -3.708660125732422], [118.71134948730469, -3.708660125732422], [118.71134948730469, -3.625324249267578], [118.54466247558594, -3.625324249267578], [118.54466247558594, -3.708660125732422], [118.37797546386719, -3.708660125732422], [118.37797546386719, -3.375316619873047], [118.71134948730469, -3.375316619873047], [118.71134948730469, -2.708629608154297], [118.37797546386719, -2.708629608154297], [118.37797546386719, -2.5419578552246094], [118.21128845214844, -2.5419578552246094], [118.21128845214844, -2.4586219787597656], [118.04460144042969, -2.4586219787597656], [118.04460144042969, -2.5419578552246094], [117.87791442871094, -2.5419578552246094], [117.87791442871094, -2.7919654846191406], [117.96125793457031, -2.7919654846191406], [117.96125793457031, -3.2086448669433594], [117.87791442871094, -3.2086448669433594], [117.87791442871094, -3.708660125732422], [117.79457092285156, -3.708660125732422], [117.79457092285156, -3.8753318786621094], [117.71122741699219, -3.8753318786621094], [117.71122741699219, -3.958667755126953], [117.21116638183594, -3.958667755126953], [117.21116638183594, -3.8753318786621094], [117.12782287597656, -3.8753318786621094], [117.12782287597656, -3.7919960021972656], [116.96113586425781, -3.7919960021972656], [116.96113586425781, -3.708660125732422], [116.87779235839844, -3.708660125732422], [116.87779235839844, -3.625324249267578], [116.79444885253906, -3.625324249267578], [116.79444885253906, -4.042003631591797], [116.71110534667969, -4.042003631591797], [116.71110534667969, -4.208675384521484], [116.62776184082031, -4.208675384521484], [116.62776184082031, -4.292011260986328], [116.54441833496094, -4.292011260986328], [116.54441833496094, -4.542018890380859], [116.87779235839844, -4.542018890380859], [116.87779235839844, -4.708690643310547], [116.96113586425781, -4.708690643310547], [116.96113586425781, -4.625354766845703], [117.29450988769531, -4.625354766845703], [117.29450988769531, -4.708690643310547], [117.37785339355469, -4.708690643310547], [117.37785339355469, -4.792026519775391], [117.29450988769531, -4.792026519775391], [117.29450988769531, -4.958698272705078], [117.21116638183594, -4.958698272705078], [117.21116638183594, -5.125370025634766], [117.04447937011719, -5.125370025634766], [117.04447937011719, -5.208705902099609], [117.29450988769531, -5.208705902099609], [117.29450988769531, -5.125370025634766], [117.37785339355469, -5.125370025634766], [117.37785339355469, -5.042034149169922], [117.46119689941406, -5.042034149169922], [117.46119689941406, -4.708690643310547], [117.54454040527344, -4.708690643310547], [117.54454040527344, -4.625354766845703], [118.21128845214844, -4.625354766845703], [118.21128845214844, -4.708690643310547], [118.12794494628906, -4.708690643310547], [118.12794494628906, -5.042034149169922], [118.04460144042969, -5.042034149169922], [118.04460144042969, -5.125370025634766], [117.96125793457031, -5.125370025634766], [117.96125793457031, -5.458713531494141], [117.87791442871094, -5.458713531494141], [117.87791442871094, -5.792057037353516], [117.79457092285156, -5.792057037353516], [117.79457092285156, -5.875392913818359], [117.71122741699219, -5.875392913818359], [117.71122741699219, -5.792057037353516], [117.46119689941406, -5.792057037353516], [117.46119689941406, -5.708721160888672], [117.37785339355469, -5.708721160888672], [117.37785339355469, -5.625385284423828], [116.96113586425781, -5.625385284423828], [116.96113586425781, -5.542049407958984], [116.79444885253906, -5.542049407958984], [116.79444885253906, -5.458713531494141], [116.62776184082031, -5.458713531494141], [116.62776184082031, -5.375377655029297], [116.54441833496094, -5.375377655029297], [116.54441833496094, -5.292041778564453], [116.46107482910156, -5.292041778564453], [116.46107482910156, -5.208705902099609], [116.37773132324219, -5.208705902099609], [116.37773132324219, -5.125370025634766], [116.29438781738281, -5.125370025634766], [116.29438781738281, -5.292041778564453], [116.21104431152344, -5.292041778564453], [116.21104431152344, -5.375377655029297], [116.12770080566406, -5.375377655029297], [116.12770080566406, -5.458713531494141], [115.71098327636719, -5.458713531494141], [115.71098327636719, -5.208705902099609], [115.79432678222656, -5.208705902099609], [115.79432678222656, -5.042034149169922], [115.87767028808594, -5.042034149169922], [115.87767028808594, -4.958698272705078], [115.46095275878906, -4.958698272705078], [115.46095275878906, -5.042034149169922], [115.37760925292969, -5.042034149169922], [115.37760925292969, -5.125370025634766], [115.46095275878906, -5.125370025634766], [115.46095275878906, -5.458713531494141], [115.29426574707031, -5.458713531494141], [115.29426574707031, -5.375377655029297], [115.21092224121094, -5.375377655029297], [115.21092224121094, -5.125370025634766], [115.04423522949219, -5.125370025634766], [115.04423522949219, -5.208705902099609], [115.12757873535156, -5.208705902099609], [115.12757873535156, -5.708721160888672], [115.04423522949219, -5.708721160888672], [115.04423522949219, -5.875392913818359], [114.96089172363281, -5.875392913818359], [114.96089172363281, -5.958728790283203], [114.87754821777344, -5.958728790283203], [114.87754821777344, -6.042064666748047], [114.54417419433594, -6.042064666748047], [114.54417419433594, -5.792057037353516], [114.46083068847656, -5.792057037353516], [114.46083068847656, -5.708721160888672], [113.87742614746094, -5.708721160888672], [113.87742614746094, -5.375377655029297], [114.29414367675781, -5.375377655029297], [114.29414367675781, -5.292041778564453], [114.37748718261719, -5.292041778564453], [114.37748718261719, -5.208705902099609], [113.87742614746094, -5.208705902099609], [113.87742614746094, -4.875362396240234], [113.96076965332031, -4.875362396240234], [113.96076965332031, -4.375347137451172], [114.04411315917969, -4.375347137451172], [114.04411315917969, -4.208675384521484], [114.21080017089844, -4.208675384521484], [114.21080017089844, -4.292011260986328], [114.29414367675781, -4.292011260986328], [114.29414367675781, -4.375347137451172], [114.46083068847656, -4.375347137451172], [114.46083068847656, -4.458683013916016], [114.54417419433594, -4.458683013916016], [114.54417419433594, -4.375347137451172], [114.62751770019531, -4.375347137451172], [114.62751770019531, -4.292011260986328], [114.71086120605469, -4.292011260986328], [114.71086120605469, -4.125339508056641], [114.87754821777344, -4.125339508056641], [114.87754821777344, -4.042003631591797], [115.04423522949219, -4.042003631591797], [115.04423522949219, -3.958667755126953], [115.21092224121094, -3.958667755126953], [115.21092224121094, -3.8753318786621094], [115.46095275878906, -3.8753318786621094], [115.46095275878906, -3.7919960021972656], [115.62763977050781, -3.7919960021972656], [115.62763977050781, -3.708660125732422], [115.79432678222656, -3.708660125732422], [115.79432678222656, -3.625324249267578], [115.96101379394531, -3.625324249267578], [115.96101379394531, -3.5419883728027344], [116.04435729980469, -3.5419883728027344], [116.04435729980469, -4.042003631591797], [116.21104431152344, -4.042003631591797], [116.21104431152344, -3.958667755126953], [116.29438781738281, -3.958667755126953], [116.29438781738281, -3.5419883728027344], [116.37773132324219, -3.5419883728027344], [116.37773132324219, -3.4586524963378906], [116.29438781738281, -3.4586524963378906], [116.29438781738281, -3.2086448669433594], [116.21104431152344, -3.2086448669433594], [116.21104431152344, -3.041973114013672], [116.29438781738281, -3.041973114013672], [116.29438781738281, -2.8753013610839844], [116.37773132324219, -2.8753013610839844], [116.37773132324219, -2.5419578552246094], [116.54441833496094, -2.5419578552246094], [116.54441833496094, -2.375286102294922], [116.71110534667969, -2.375286102294922], [116.71110534667969, -2.1252784729003906], [116.62776184082031, -2.1252784729003906], [116.62776184082031, -2.041942596435547], [116.54441833496094, -2.041942596435547], [116.54441833496094, -1.9586067199707031], [116.46107482910156, -1.9586067199707031], [116.46107482910156, -1.8752708435058594], [116.54441833496094, -1.8752708435058594], [116.54441833496094, -1.7919349670410156], [116.71110534667969, -1.7919349670410156], [116.71110534667969, -1.7085990905761719], [116.87779235839844, -1.7085990905761719], [116.87779235839844, -1.6252632141113281], [117.62788391113281, -1.6252632141113281], [117.62788391113281, -1.7085990905761719], [117.79457092285156, -1.7085990905761719], [117.79457092285156, -1.7919349670410156], [117.87791442871094, -1.7919349670410156], [117.87791442871094, -1.8752708435058594], [117.96125793457031, -1.8752708435058594], [117.96125793457031, -1.9586067199707031], [118.12794494628906, -1.9586067199707031], [118.12794494628906, -2.041942596435547], [118.21128845214844, -2.041942596435547], [118.21128845214844, -2.1252784729003906], [118.46131896972656, -2.1252784729003906], [118.46131896972656, -2.2086143493652344], [118.62800598144531, -2.2086143493652344], [118.62800598144531, -1.5419273376464844], [118.71134948730469, -1.5419273376464844], [118.71134948730469, -1.3752555847167969], [118.79469299316406, -1.3752555847167969], [118.79469299316406, -1.1252479553222656], [118.87803649902344, -1.1252479553222656], [118.87803649902344, -0.7085685729980469], [118.96138000488281, -0.7085685729980469], [118.96138000488281, -0.6252326965332031], [119.04472351074219, -0.6252326965332031], [119.04472351074219, -0.5418968200683594], [119.12806701660156, -0.5418968200683594], [119.12806701660156, -0.3752250671386719], [119.21141052246094, -0.3752250671386719], [119.21141052246094, -0.2918891906738281], [119.29475402832031, -0.2918891906738281], [119.29475402832031, -0.20855331420898438], [119.21141052246094, -0.20855331420898438], [119.21141052246094, -0.12521743774414062], [119.12806701660156, -0.12521743774414062], [119.12806701660156, -0.041881561279296875], [119.04472351074219, -0.041881561279296875], [119.04472351074219, 0.5414695739746094], [119.12806701660156, 0.5414695739746094], [119.12806701660156, 0.6248054504394531], [119.21141052246094, 0.6248054504394531], [119.21141052246094, 0.7081413269042969], [119.37809753417969, 0.7081413269042969], [119.37809753417969, 0.7914772033691406], [119.46144104003906, 0.7914772033691406], [119.46144104003906, 1.0414848327636719], [119.54478454589844, 1.0414848327636719], [119.54478454589844, 1.1248207092285156], [119.62812805175781, 1.1248207092285156], [119.62812805175781, 1.2081565856933594], [119.71147155761719, 1.2081565856933594], [119.71147155761719, 1.2914924621582031], [119.79481506347656, 1.2914924621582031], [119.79481506347656, 1.3748283386230469], [119.87815856933594, 1.3748283386230469], [119.87815856933594, 1.4581642150878906], [120.04484558105469, 1.4581642150878906], [120.04484558105469, 1.5415000915527344], [120.21153259277344, 1.5415000915527344], [120.21153259277344, 1.6248359680175781], [120.54490661621094, 1.6248359680175781], [120.54490661621094, 1.7081718444824219], [120.62825012207031, 1.7081718444824219], [120.62825012207031, 1.7915077209472656], [120.71159362792969, 1.7915077209472656], [120.71159362792969, 1.8748435974121094], [121.62837219238281, 1.8748435974121094], [121.62837219238281, 1.7915077209472656], [121.79505920410156, 1.7915077209472656], [121.79505920410156, 1.7081718444824219], [121.96174621582031, 1.7081718444824219], [121.96174621582031, 1.6248359680175781], [122.71183776855469, 1.6248359680175781], [122.71183776855469, 1.5415000915527344], [123.12855529785156, 1.5415000915527344], [123.12855529785156, 1.4581642150878906], [123.79530334472656, 1.4581642150878906], [123.79530334472656, 1.5415000915527344], [123.96199035644531, 1.5415000915527344], [123.96199035644531, 1.6248359680175781], [124.04533386230469, 1.6248359680175781], [124.04533386230469, 1.7081718444824219], [124.21202087402344, 1.7081718444824219], [124.21202087402344, 1.8748435974121094], [124.29536437988281, 1.8748435974121094], [124.29536437988281, 1.9581794738769531], [124.37870788574219, 1.9581794738769531], [124.37870788574219, 2.041515350341797], [124.46205139160156, 2.041515350341797], [124.46205139160156, 2.1248512268066406], [124.54539489746094, 2.1248512268066406], [124.54539489746094, 2.2081871032714844], [124.62873840332031, 2.2081871032714844], [124.62873840332031, 2.291522979736328], [124.71208190917969, 2.291522979736328], [124.71208190917969, 2.958209991455078], [124.79542541503906, 2.958209991455078], [124.79542541503906, 3.1248817443847656], [124.87876892089844, 3.1248817443847656], [124.87876892089844, 3.708232879638672], [124.96211242675781, 3.708232879638672], [124.96211242675781, 3.7915687561035156], [124.87876892089844, 3.7915687561035156], [124.87876892089844, 3.958240509033203], [124.79542541503906, 3.958240509033203], [124.79542541503906, 4.958271026611328], [124.87876892089844, 4.958271026611328], [124.87876892089844, 5.124942779541016], [124.96211242675781, 5.124942779541016], [124.96211242675781, 5.208278656005859], [125.71220397949219, 5.208278656005859], [125.71220397949219, 5.124942779541016], [125.79554748535156, 5.124942779541016], [125.79554748535156, 5.041606903076172], [125.87889099121094, 5.041606903076172], [125.87889099121094, 4.791599273681641]], [[119.79481506347656, -0.041881561279296875], [119.62812805175781, -0.041881561279296875], [119.62812805175781, -0.12521743774414062], [119.79481506347656, -0.12521743774414062], [119.79481506347656, -0.041881561279296875]], [[116.46107482910156, -3.4586524963378906], [116.46107482910156, -3.375316619873047], [116.37773132324219, -3.375316619873047], [116.37773132324219, -3.4586524963378906], [116.46107482910156, -3.4586524963378906]], [[116.79444885253906, -3.4586524963378906], [116.79444885253906, -3.041973114013672], [116.87779235839844, -3.041973114013672], [116.87779235839844, -2.8753013610839844], [116.71110534667969, -2.8753013610839844], [116.71110534667969, -3.041973114013672], [116.62776184082031, -3.041973114013672], [116.62776184082031, -3.1253089904785156], [116.71110534667969, -3.1253089904785156], [116.71110534667969, -3.4586524963378906], [116.79444885253906, -3.4586524963378906]], [[119.04472351074219, -3.7919960021972656], [119.04472351074219, -3.625324249267578], [118.96138000488281, -3.625324249267578], [118.96138000488281, -3.7919960021972656], [119.04472351074219, -3.7919960021972656]], [[114.79420471191406, -5.208705902099609], [114.79420471191406, -5.125370025634766], [114.62751770019531, -5.125370025634766], [114.62751770019531, -5.208705902099609], [114.79420471191406, -5.208705902099609]], [[119.29475402832031, -5.542049407958984], [119.29475402832031, -5.458713531494141], [119.21141052246094, -5.458713531494141], [119.21141052246094, -5.542049407958984], [119.29475402832031, -5.542049407958984]]], [[[123.29524230957031, 0.2914619445800781], [123.79530334472656, 0.2914619445800781], [123.79530334472656, 0.3747978210449219], [124.21202087402344, 0.3747978210449219], [124.21202087402344, 0.041454315185546875], [124.29536437988281, 0.041454315185546875], [124.29536437988281, -0.041881561279296875], [123.29524230957031, -0.041881561279296875], [123.29524230957031, 0.2914619445800781]]], [[[117.96125793457031, 1.0414848327636719], [117.87791442871094, 1.0414848327636719], [117.87791442871094, 1.1248207092285156], [117.96125793457031, 1.1248207092285156], [117.96125793457031, 1.0414848327636719]]], [[[119.04472351074219, 2.4581947326660156], [119.12806701660156, 2.4581947326660156], [119.12806701660156, 2.291522979736328], [119.04472351074219, 2.291522979736328], [119.04472351074219, 2.2081871032714844], [118.96138000488281, 2.2081871032714844], [118.96138000488281, 2.041515350341797], [119.04472351074219, 2.041515350341797], [119.04472351074219, 1.8748435974121094], [119.12806701660156, 1.8748435974121094], [119.12806701660156, 1.6248359680175781], [119.21141052246094, 1.6248359680175781], [119.21141052246094, 1.5415000915527344], [119.29475402832031, 1.5415000915527344], [119.29475402832031, 1.4581642150878906], [119.37809753417969, 1.4581642150878906], [119.37809753417969, 0.8748130798339844], [119.29475402832031, 0.8748130798339844], [119.29475402832031, 0.7914772033691406], [119.04472351074219, 0.7914772033691406], [119.04472351074219, 0.5414695739746094], [118.96138000488281, 0.5414695739746094], [118.96138000488281, 0.4581336975097656], [117.96125793457031, 0.4581336975097656], [117.96125793457031, -0.041881561279296875], [117.87791442871094, -0.041881561279296875], [117.87791442871094, -0.12521743774414062], [117.46119689941406, -0.12521743774414062], [117.46119689941406, -0.041881561279296875], [117.54454040527344, -0.041881561279296875], [117.54454040527344, 0.041454315185546875], [117.46119689941406, 0.041454315185546875], [117.46119689941406, 0.20812606811523438], [117.54454040527344, 0.20812606811523438], [117.54454040527344, 0.3747978210449219], [117.62788391113281, 0.3747978210449219], [117.62788391113281, 0.6248054504394531], [117.71122741699219, 0.6248054504394531], [117.71122741699219, 0.7914772033691406], [118.04460144042969, 0.7914772033691406], [118.04460144042969, 0.8748130798339844], [118.46131896972656, 0.8748130798339844], [118.46131896972656, 0.7914772033691406], [118.62800598144531, 0.7914772033691406], [118.62800598144531, 0.8748130798339844], [118.71134948730469, 0.8748130798339844], [118.71134948730469, 0.7914772033691406], [118.79469299316406, 0.7914772033691406], [118.79469299316406, 0.8748130798339844], [118.96138000488281, 0.8748130798339844], [118.96138000488281, 1.0414848327636719], [118.79469299316406, 1.0414848327636719], [118.79469299316406, 1.2081565856933594], [118.71134948730469, 1.2081565856933594], [118.71134948730469, 1.2914924621582031], [118.62800598144531, 1.2914924621582031], [118.62800598144531, 1.3748283386230469], [118.54466247558594, 1.3748283386230469], [118.54466247558594, 1.4581642150878906], [118.37797546386719, 1.4581642150878906], [118.37797546386719, 1.5415000915527344], [118.21128845214844, 1.5415000915527344], [118.21128845214844, 1.6248359680175781], [118.12794494628906, 1.6248359680175781], [118.12794494628906, 1.7081718444824219], [118.04460144042969, 1.7081718444824219], [118.04460144042969, 1.7915077209472656], [117.87791442871094, 1.7915077209472656], [117.87791442871094, 1.8748435974121094], [117.79457092285156, 1.8748435974121094], [117.79457092285156, 1.9581794738769531], [117.87791442871094, 1.9581794738769531], [117.87791442871094, 2.1248512268066406], [117.96125793457031, 2.1248512268066406], [117.96125793457031, 2.2081871032714844], [118.04460144042969, 2.2081871032714844], [118.04460144042969, 2.374858856201172], [117.96125793457031, 2.374858856201172], [117.96125793457031, 2.5415306091308594], [117.87791442871094, 2.5415306091308594], [117.87791442871094, 2.624866485595703], [117.79457092285156, 2.624866485595703], [117.79457092285156, 2.7915382385253906], [117.71122741699219, 2.7915382385253906], [117.71122741699219, 2.8748741149902344], [118.37797546386719, 2.8748741149902344], [118.37797546386719, 2.7915382385253906], [118.96138000488281, 2.7915382385253906], [118.96138000488281, 2.708202362060547], [119.04472351074219, 2.708202362060547], [119.04472351074219, 2.4581947326660156]]], [[[124.54539489746094, -8.292133331298828], [124.46205139160156, -8.292133331298828], [124.46205139160156, -8.208797454833984], [124.54539489746094, -8.208797454833984], [124.54539489746094, -8.292133331298828]]], [[[134.7133026123047, -6.458744049072266], [134.6299591064453, -6.458744049072266], [134.6299591064453, -6.375408172607422], [134.7133026123047, -6.375408172607422], [134.7133026123047, -6.458744049072266]]], [[[134.2965850830078, -6.375408172607422], [134.2965850830078, -6.292072296142578], [134.3799285888672, -6.292072296142578], [134.3799285888672, -6.375408172607422], [134.2965850830078, -6.375408172607422]]], [[[134.2965850830078, -6.208736419677734], [134.2965850830078, -6.292072296142578], [134.21324157714844, -6.292072296142578], [134.21324157714844, -6.208736419677734], [134.2965850830078, -6.208736419677734]]], [[[134.3799285888672, -5.708721160888672], [134.2965850830078, -5.708721160888672], [134.2965850830078, -5.625385284423828], [134.3799285888672, -5.625385284423828], [134.3799285888672, -5.708721160888672]]], [[[128.21250915527344, -4.958698272705078], [128.2958526611328, -4.958698272705078], [128.2958526611328, -5.208705902099609], [127.96247863769531, -5.208705902099609], [127.96247863769531, -5.125370025634766], [127.87913513183594, -5.125370025634766], [127.87913513183594, -5.208705902099609], [127.54576110839844, -5.208705902099609], [127.54576110839844, -5.375377655029297], [127.37907409667969, -5.375377655029297], [127.37907409667969, -5.625385284423828], [127.46241760253906, -5.625385284423828], [127.46241760253906, -5.708721160888672], [127.37907409667969, -5.708721160888672], [127.37907409667969, -5.792057037353516], [127.29573059082031, -5.792057037353516], [127.29573059082031, -5.875392913818359], [127.21238708496094, -5.875392913818359], [127.21238708496094, -6.042064666748047], [127.12904357910156, -6.042064666748047], [127.12904357910156, -6.208736419677734], [126.87901306152344, -6.208736419677734], [126.87901306152344, -6.125400543212891], [126.71232604980469, -6.125400543212891], [126.71232604980469, -6.042064666748047], [126.62898254394531, -6.042064666748047], [126.62898254394531, -5.292041778564453], [126.71232604980469, -5.292041778564453], [126.71232604980469, -5.125370025634766], [126.79566955566406, -5.125370025634766], [126.79566955566406, -5.042034149169922], [126.87901306152344, -5.042034149169922], [126.87901306152344, -4.958698272705078], [126.96235656738281, -4.958698272705078], [126.96235656738281, -4.875362396240234], [127.04570007324219, -4.875362396240234], [127.04570007324219, -4.792026519775391], [127.37907409667969, -4.792026519775391], [127.37907409667969, -4.708690643310547], [127.87913513183594, -4.708690643310547], [127.87913513183594, -4.792026519775391], [128.0458221435547, -4.792026519775391], [128.0458221435547, -4.875362396240234], [128.21250915527344, -4.875362396240234], [128.21250915527344, -4.958698272705078]]], [[[134.7133026123047, -5.042034149169922], [134.7133026123047, -4.958698272705078], [134.79664611816406, -4.958698272705078], [134.79664611816406, -5.042034149169922], [134.7133026123047, -5.042034149169922]]], [[[134.87998962402344, -4.875362396240234], [134.87998962402344, -4.958698272705078], [134.79664611816406, -4.958698272705078], [134.79664611816406, -4.875362396240234], [134.87998962402344, -4.875362396240234]]], [[[126.79566955566406, -3.708660125732422], [126.71232604980469, -3.708660125732422], [126.71232604980469, -3.625324249267578], [126.79566955566406, -3.625324249267578], [126.79566955566406, -3.708660125732422]]], [[[128.21250915527344, -3.1253089904785156], [128.12916564941406, -3.1253089904785156], [128.12916564941406, -3.041973114013672], [128.21250915527344, -3.041973114013672], [128.21250915527344, -3.1253089904785156]]], [[[128.87925720214844, 2.7915382385253906], [128.79591369628906, 2.7915382385253906], [128.79591369628906, 2.624866485595703], [128.7125701904297, 2.624866485595703], [128.7125701904297, 2.5415306091308594], [128.6292266845703, 2.5415306091308594], [128.6292266845703, 2.624866485595703], [128.54588317871094, 2.624866485595703], [128.54588317871094, 2.5415306091308594], [128.3791961669922, 2.5415306091308594], [128.3791961669922, 2.4581947326660156], [128.2958526611328, 2.4581947326660156], [128.2958526611328, 2.291522979736328], [128.21250915527344, 2.291522979736328], [128.21250915527344, 2.374858856201172], [128.12916564941406, 2.374858856201172], [128.12916564941406, 2.2081871032714844], [128.21250915527344, 2.2081871032714844], [128.21250915527344, 2.1248512268066406], [128.2958526611328, 2.1248512268066406], [128.2958526611328, 2.041515350341797], [128.54588317871094, 2.041515350341797], [128.54588317871094, 2.1248512268066406], [128.6292266845703, 2.1248512268066406], [128.6292266845703, 2.374858856201172], [128.7125701904297, 2.374858856201172], [128.7125701904297, 2.291522979736328], [129.12928771972656, 2.291522979736328], [129.12928771972656, 2.041515350341797], [129.0459442138672, 2.041515350341797], [129.0459442138672, 1.9581794738769531], [129.12928771972656, 1.9581794738769531], [129.12928771972656, 1.7915077209472656], [129.21263122558594, 1.7915077209472656], [129.21263122558594, 1.5415000915527344], [129.2959747314453, 1.5415000915527344], [129.2959747314453, 1.0414848327636719], [129.21263122558594, 1.0414848327636719], [129.21263122558594, 0.7914772033691406], [129.2959747314453, 0.7914772033691406], [129.2959747314453, 0.6248054504394531], [129.3793182373047, 0.6248054504394531], [129.3793182373047, 0.7081413269042969], [129.46266174316406, 0.7081413269042969], [129.46266174316406, 0.6248054504394531], [129.54600524902344, 0.6248054504394531], [129.54600524902344, 0.5414695739746094], [129.7126922607422, 0.5414695739746094], [129.7126922607422, 0.4581336975097656], [129.79603576660156, 0.4581336975097656], [129.79603576660156, 0.3747978210449219], [129.9627227783203, 0.3747978210449219], [129.9627227783203, 0.2914619445800781], [130.0460662841797, 0.2914619445800781], [130.0460662841797, 0.12479019165039062], [129.9627227783203, 0.12479019165039062], [129.9627227783203, 0.041454315185546875], [130.2960968017578, 0.041454315185546875], [130.2960968017578, 0.12479019165039062], [130.6294708251953, 0.12479019165039062], [130.6294708251953, 0.041454315185546875], [130.79615783691406, 0.041454315185546875], [130.79615783691406, -0.041881561279296875], [130.7128143310547, -0.041881561279296875], [130.7128143310547, -0.12521743774414062], [130.6294708251953, -0.12521743774414062], [130.6294708251953, -0.041881561279296875], [130.46278381347656, -0.041881561279296875], [130.46278381347656, -0.20855331420898438], [130.3794403076172, -0.20855331420898438], [130.3794403076172, -0.12521743774414062], [130.21275329589844, -0.12521743774414062], [130.21275329589844, -0.20855331420898438], [130.2960968017578, -0.20855331420898438], [130.2960968017578, -0.2918891906738281], [130.7128143310547, -0.2918891906738281], [130.7128143310547, -0.4585609436035156], [130.87950134277344, -0.4585609436035156], [130.87950134277344, -0.3752250671386719], [131.0461883544922, -0.3752250671386719], [131.0461883544922, -0.2918891906738281], [131.12953186035156, -0.2918891906738281], [131.12953186035156, -0.3752250671386719], [131.2962188720703, -0.3752250671386719], [131.2962188720703, -0.12521743774414062], [131.12953186035156, -0.12521743774414062], [131.12953186035156, -0.041881561279296875], [130.87950134277344, -0.041881561279296875], [130.87950134277344, 0.2914619445800781], [130.79615783691406, 0.2914619445800781], [130.79615783691406, 0.3747978210449219], [130.46278381347656, 0.3747978210449219], [130.46278381347656, 0.5414695739746094], [130.3794403076172, 0.5414695739746094], [130.3794403076172, 0.6248054504394531], [130.2960968017578, 0.6248054504394531], [130.2960968017578, 0.4581336975097656], [130.21275329589844, 0.4581336975097656], [130.21275329589844, 0.3747978210449219], [130.12940979003906, 0.3747978210449219], [130.12940979003906, 0.4581336975097656], [130.0460662841797, 0.4581336975097656], [130.0460662841797, 0.5414695739746094], [129.9627227783203, 0.5414695739746094], [129.9627227783203, 0.6248054504394531], [129.79603576660156, 0.6248054504394531], [129.79603576660156, 0.8748130798339844], [130.0460662841797, 0.8748130798339844], [130.0460662841797, 0.7914772033691406], [130.2960968017578, 0.7914772033691406], [130.2960968017578, 0.7081413269042969], [130.3794403076172, 0.7081413269042969], [130.3794403076172, 0.8748130798339844], [130.46278381347656, 0.8748130798339844], [130.46278381347656, 0.9581489562988281], [130.54612731933594, 0.9581489562988281], [130.54612731933594, 1.0414848327636719], [130.7128143310547, 1.0414848327636719], [130.7128143310547, 0.9581489562988281], [130.79615783691406, 0.9581489562988281], [130.79615783691406, 0.8748130798339844], [130.87950134277344, 0.8748130798339844], [130.87950134277344, 0.7914772033691406], [131.0461883544922, 0.7914772033691406], [131.0461883544922, 0.7081413269042969], [131.2962188720703, 0.7081413269042969], [131.2962188720703, 0.7914772033691406], [131.3795623779297, 0.7914772033691406], [131.3795623779297, 0.8748130798339844], [131.46290588378906, 0.8748130798339844], [131.46290588378906, 0.9581489562988281], [131.7129364013672, 0.9581489562988281], [131.7129364013672, 1.0414848327636719], [131.79627990722656, 1.0414848327636719], [131.79627990722656, 0.5414695739746094], [131.7129364013672, 0.5414695739746094], [131.7129364013672, 0.2914619445800781], [131.6295928955078, 0.2914619445800781], [131.6295928955078, 0.20812606811523438], [131.7129364013672, 0.20812606811523438], [131.7129364013672, 0.041454315185546875], [131.87962341308594, 0.041454315185546875], [131.87962341308594, 0.12479019165039062], [133.0464324951172, 0.12479019165039062], [133.0464324951172, 0.041454315185546875], [133.2964630126953, 0.041454315185546875], [133.2964630126953, -0.041881561279296875], [133.3798065185547, -0.041881561279296875], [133.3798065185547, -0.12521743774414062], [133.46315002441406, -0.12521743774414062], [133.46315002441406, -0.20855331420898438], [134.12989807128906, -0.20855331420898438], [134.12989807128906, -0.2918891906738281], [134.21324157714844, -0.2918891906738281], [134.21324157714844, -0.3752250671386719], [134.46327209472656, -0.3752250671386719], [134.46327209472656, -0.4585609436035156], [134.7133026123047, -0.4585609436035156], [134.7133026123047, -0.2918891906738281], [134.79664611816406, -0.2918891906738281], [134.79664611816406, -0.20855331420898438], [134.87998962402344, -0.20855331420898438], [134.87998962402344, -0.12521743774414062], [134.9633331298828, -0.12521743774414062], [134.9633331298828, -0.041881561279296875], [135.6300811767578, -0.041881561279296875], [135.6300811767578, -0.12521743774414062], [135.7134246826172, -0.12521743774414062], [135.7134246826172, -0.20855331420898438], [136.0467987060547, -0.20855331420898438], [136.0467987060547, -0.2918891906738281], [136.21348571777344, -0.2918891906738281], [136.21348571777344, -0.3752250671386719], [136.2968292236328, -0.3752250671386719], [136.2968292236328, -0.4585609436035156], [136.3801727294922, -0.4585609436035156], [136.3801727294922, -0.6252326965332031], [136.7135467529297, -0.6252326965332031], [136.7135467529297, -0.7085685729980469], [136.88023376464844, -0.7085685729980469], [136.88023376464844, -0.7919044494628906], [137.0469207763672, -0.7919044494628906], [137.0469207763672, -0.8752403259277344], [137.13026428222656, -0.8752403259277344], [137.13026428222656, -1.3752555847167969], [137.21360778808594, -1.3752555847167969], [137.21360778808594, -1.4585914611816406], [137.2969512939453, -1.4585914611816406], [137.2969512939453, -1.5419273376464844], [137.3802947998047, -1.5419273376464844], [137.3802947998047, -1.7085990905761719], [137.21360778808594, -1.7085990905761719], [137.21360778808594, -1.7919349670410156], [137.13026428222656, -1.7919349670410156], [137.13026428222656, -1.9586067199707031], [137.21360778808594, -1.9586067199707031], [137.21360778808594, -2.1252784729003906], [136.88023376464844, -2.1252784729003906], [136.88023376464844, -2.2086143493652344], [136.79689025878906, -2.2086143493652344], [136.79689025878906, -2.291950225830078], [136.6302032470703, -2.291950225830078], [136.6302032470703, -2.2086143493652344], [136.3801727294922, -2.2086143493652344], [136.3801727294922, -2.375286102294922], [136.0467987060547, -2.375286102294922], [136.0467987060547, -2.291950225830078], [135.88011169433594, -2.291950225830078], [135.88011169433594, -2.2086143493652344], [135.6300811767578, -2.2086143493652344], [135.6300811767578, -2.1252784729003906], [135.54673767089844, -2.1252784729003906], [135.54673767089844, -2.041942596435547], [135.2967071533203, -2.041942596435547], [135.2967071533203, -2.4586219787597656], [136.0467987060547, -2.4586219787597656], [136.0467987060547, -2.5419578552246094], [136.13014221191406, -2.5419578552246094], [136.13014221191406, -2.708629608154297], [135.9634552001953, -2.708629608154297], [135.9634552001953, -2.958637237548828], [135.88011169433594, -2.958637237548828], [135.88011169433594, -3.041973114013672], [135.79676818847656, -3.041973114013672], [135.79676818847656, -3.1253089904785156], [135.6300811767578, -3.1253089904785156], [135.6300811767578, -3.2086448669433594], [135.54673767089844, -3.2086448669433594], [135.54673767089844, -3.375316619873047], [135.0466766357422, -3.375316619873047], [135.0466766357422, -3.291980743408203], [134.87998962402344, -3.291980743408203], [134.87998962402344, -3.1253089904785156], [134.79664611816406, -3.1253089904785156], [134.79664611816406, -3.041973114013672], [134.87998962402344, -3.041973114013672], [134.87998962402344, -2.8753013610839844], [134.79664611816406, -2.8753013610839844], [134.79664611816406, -2.958637237548828], [134.7133026123047, -2.958637237548828], [134.7133026123047, -2.8753013610839844], [134.6299591064453, -2.8753013610839844], [134.6299591064453, -2.4586219787597656], [134.54661560058594, -2.4586219787597656], [134.54661560058594, -2.5419578552246094], [134.46327209472656, -2.5419578552246094], [134.46327209472656, -2.708629608154297], [134.3799285888672, -2.708629608154297], [134.3799285888672, -2.625293731689453], [134.2965850830078, -2.625293731689453], [134.2965850830078, -2.4586219787597656], [134.21324157714844, -2.4586219787597656], [134.21324157714844, -2.291950225830078], [134.12989807128906, -2.291950225830078], [134.12989807128906, -1.9586067199707031], [134.21324157714844, -1.9586067199707031], [134.21324157714844, -1.7919349670410156], [134.12989807128906, -1.7919349670410156], [134.12989807128906, -1.7085990905761719], [134.0465545654297, -1.7085990905761719], [134.0465545654297, -1.6252632141113281], [134.12989807128906, -1.6252632141113281], [134.12989807128906, -1.5419273376464844], [134.21324157714844, -1.5419273376464844], [134.21324157714844, -1.3752555847167969], [134.2965850830078, -1.3752555847167969], [134.2965850830078, -1.2919197082519531], [134.21324157714844, -1.2919197082519531], [134.21324157714844, -1.2085838317871094], [134.12989807128906, -1.2085838317871094], [134.12989807128906, -1.1252479553222656], [134.0465545654297, -1.1252479553222656], [134.0465545654297, -0.8752403259277344], [134.12989807128906, -0.8752403259277344], [134.12989807128906, -0.7919044494628906], [133.9632110595703, -0.7919044494628906], [133.9632110595703, -0.7085685729980469], [133.2964630126953, -0.7085685729980469], [133.2964630126953, -0.6252326965332031], [133.21311950683594, -0.6252326965332031], [133.21311950683594, -0.5418968200683594], [133.0464324951172, -0.5418968200683594], [133.0464324951172, -0.4585609436035156], [132.79640197753906, -0.4585609436035156], [132.79640197753906, -0.3752250671386719], [132.21299743652344, -0.3752250671386719], [132.21299743652344, -0.4585609436035156], [132.0463104248047, -0.4585609436035156], [132.0463104248047, -0.5418968200683594], [131.9629669189453, -0.5418968200683594], [131.9629669189453, -0.6252326965332031], [131.87962341308594, -0.6252326965332031], [131.87962341308594, -0.7085685729980469], [131.46290588378906, -0.7085685729980469], [131.46290588378906, -0.7919044494628906], [131.21287536621094, -0.7919044494628906], [131.21287536621094, -0.8752403259277344], [131.2962188720703, -0.8752403259277344], [131.2962188720703, -1.0419120788574219], [131.21287536621094, -1.0419120788574219], [131.21287536621094, -1.2085838317871094], [131.0461883544922, -1.2085838317871094], [131.0461883544922, -1.1252479553222656], [131.12953186035156, -1.1252479553222656], [131.12953186035156, -1.0419120788574219], [131.0461883544922, -1.0419120788574219], [131.0461883544922, -0.9585762023925781], [130.9628448486328, -0.9585762023925781], [130.9628448486328, -0.8752403259277344], [130.87950134277344, -0.8752403259277344], [130.87950134277344, -0.7919044494628906], [130.46278381347656, -0.7919044494628906], [130.46278381347656, -0.8752403259277344], [130.79615783691406, -0.8752403259277344], [130.79615783691406, -0.9585762023925781], [130.6294708251953, -0.9585762023925781], [130.6294708251953, -1.0419120788574219], [130.7128143310547, -1.0419120788574219], [130.7128143310547, -1.2085838317871094], [130.79615783691406, -1.2085838317871094], [130.79615783691406, -1.2919197082519531], [131.0461883544922, -1.2919197082519531], [131.0461883544922, -1.3752555847167969], [130.9628448486328, -1.3752555847167969], [130.9628448486328, -1.4585914611816406], [131.21287536621094, -1.4585914611816406], [131.21287536621094, -1.6252632141113281], [131.3795623779297, -1.6252632141113281], [131.3795623779297, -1.7085990905761719], [131.46290588378906, -1.7085990905761719], [131.46290588378906, -2.2086143493652344], [131.3795623779297, -2.2086143493652344], [131.3795623779297, -2.375286102294922], [131.2962188720703, -2.375286102294922], [131.2962188720703, -2.4586219787597656], [131.21287536621094, -2.4586219787597656], [131.21287536621094, -2.5419578552246094], [130.9628448486328, -2.5419578552246094], [130.9628448486328, -2.625293731689453], [130.46278381347656, -2.625293731689453], [130.46278381347656, -2.5419578552246094], [130.3794403076172, -2.5419578552246094], [130.3794403076172, -2.958637237548828], [130.12940979003906, -2.958637237548828], [130.12940979003906, -3.041973114013672], [130.0460662841797, -3.041973114013672], [130.0460662841797, -2.958637237548828], [129.87937927246094, -2.958637237548828], [129.87937927246094, -2.8753013610839844], [129.7126922607422, -2.8753013610839844], [129.7126922607422, -2.7919654846191406], [129.3793182373047, -2.7919654846191406], [129.3793182373047, -2.8753013610839844], [129.21263122558594, -2.8753013610839844], [129.21263122558594, -2.958637237548828], [129.0459442138672, -2.958637237548828], [129.0459442138672, -2.7919654846191406], [128.9626007080078, -2.7919654846191406], [128.9626007080078, -2.8753013610839844], [128.12916564941406, -2.8753013610839844], [128.12916564941406, -3.041973114013672], [127.96247863769531, -3.041973114013672], [127.96247863769531, -3.1253089904785156], [127.87913513183594, -3.1253089904785156], [127.87913513183594, -3.291980743408203], [127.96247863769531, -3.291980743408203], [127.96247863769531, -3.375316619873047], [128.0458221435547, -3.375316619873047], [128.0458221435547, -3.1253089904785156], [128.12916564941406, -3.1253089904785156], [128.12916564941406, -3.2086448669433594], [128.2958526611328, -3.2086448669433594], [128.2958526611328, -3.291980743408203], [128.3791961669922, -3.291980743408203], [128.3791961669922, -3.4586524963378906], [128.54588317871094, -3.4586524963378906], [128.54588317871094, -3.5419883728027344], [128.6292266845703, -3.5419883728027344], [128.6292266845703, -3.4586524963378906], [128.7125701904297, -3.4586524963378906], [128.7125701904297, -3.291980743408203], [128.79591369628906, -3.291980743408203], [128.79591369628906, -3.2086448669433594], [128.9626007080078, -3.2086448669433594], [128.9626007080078, -3.291980743408203], [128.87925720214844, -3.291980743408203], [128.87925720214844, -3.375316619873047], [129.2959747314453, -3.375316619873047], [129.2959747314453, -3.4586524963378906], [129.54600524902344, -3.4586524963378906], [129.54600524902344, -3.291980743408203], [129.87937927246094, -3.291980743408203], [129.87937927246094, -3.375316619873047], [129.9627227783203, -3.375316619873047], [129.9627227783203, -3.4586524963378906], [130.12940979003906, -3.4586524963378906], [130.12940979003906, -3.5419883728027344], [130.2960968017578, -3.5419883728027344], [130.2960968017578, -3.625324249267578], [130.46278381347656, -3.625324249267578], [130.46278381347656, -3.708660125732422], [130.6294708251953, -3.708660125732422], [130.6294708251953, -3.7919960021972656], [130.79615783691406, -3.7919960021972656], [130.79615783691406, -3.625324249267578], [130.87950134277344, -3.625324249267578], [130.87950134277344, -3.5419883728027344], [130.79615783691406, -3.5419883728027344], [130.79615783691406, -3.375316619873047], [130.6294708251953, -3.375316619873047], [130.6294708251953, -3.1253089904785156], [130.46278381347656, -3.1253089904785156], [130.46278381347656, -3.041973114013672], [131.0461883544922, -3.041973114013672], [131.0461883544922, -2.958637237548828], [131.21287536621094, -2.958637237548828], [131.21287536621094, -3.041973114013672], [131.2962188720703, -3.041973114013672], [131.2962188720703, -3.2086448669433594], [131.3795623779297, -3.2086448669433594], [131.3795623779297, -3.291980743408203], [131.46290588378906, -3.291980743408203], [131.46290588378906, -3.375316619873047], [131.54624938964844, -3.375316619873047], [131.54624938964844, -3.4586524963378906], [131.79627990722656, -3.4586524963378906], [131.79627990722656, -3.5419883728027344], [131.87962341308594, -3.5419883728027344], [131.87962341308594, -3.708660125732422], [131.9629669189453, -3.708660125732422], [131.9629669189453, -3.8753318786621094], [132.0463104248047, -3.8753318786621094], [132.0463104248047, -4.042003631591797], [132.12965393066406, -4.042003631591797], [132.12965393066406, -4.208675384521484], [132.21299743652344, -4.208675384521484], [132.21299743652344, -4.292011260986328], [132.2963409423828, -4.292011260986328], [132.2963409423828, -4.375347137451172], [132.3796844482422, -4.375347137451172], [132.3796844482422, -4.458683013916016], [132.46302795410156, -4.458683013916016], [132.46302795410156, -5.042034149169922], [132.54637145996094, -5.042034149169922], [132.54637145996094, -4.958698272705078], [132.6297149658203, -4.958698272705078], [132.6297149658203, -4.875362396240234], [132.87974548339844, -4.875362396240234], [132.87974548339844, -4.792026519775391], [133.46315002441406, -4.792026519775391], [133.46315002441406, -4.875362396240234], [133.54649353027344, -4.875362396240234], [133.54649353027344, -4.958698272705078], [133.6298370361328, -4.958698272705078], [133.6298370361328, -5.125370025634766], [133.7131805419922, -5.125370025634766], [133.7131805419922, -5.292041778564453], [133.79652404785156, -5.292041778564453], [133.79652404785156, -4.958698272705078], [133.87986755371094, -4.958698272705078], [133.87986755371094, -4.875362396240234], [133.9632110595703, -4.875362396240234], [133.9632110595703, -4.792026519775391], [134.2965850830078, -4.792026519775391], [134.2965850830078, -4.958698272705078], [134.3799285888672, -4.958698272705078], [134.3799285888672, -5.042034149169922], [134.7133026123047, -5.042034149169922], [134.7133026123047, -5.208705902099609], [134.79664611816406, -5.208705902099609], [134.79664611816406, -5.292041778564453], [134.87998962402344, -5.292041778564453], [134.87998962402344, -5.208705902099609], [135.13002014160156, -5.208705902099609], [135.13002014160156, -5.292041778564453], [135.21336364746094, -5.292041778564453], [135.21336364746094, -5.375377655029297], [135.2967071533203, -5.375377655029297], [135.2967071533203, -5.458713531494141], [135.3800506591797, -5.458713531494141], [135.3800506591797, -6.375408172607422], [135.2967071533203, -6.375408172607422], [135.2967071533203, -6.542079925537109], [135.21336364746094, -6.542079925537109], [135.21336364746094, -6.625415802001953], [134.87998962402344, -6.625415802001953], [134.87998962402344, -6.875423431396484], [134.6299591064453, -6.875423431396484], [134.6299591064453, -7.042095184326172], [134.3799285888672, -7.042095184326172], [134.3799285888672, -7.125431060791016], [134.2965850830078, -7.125431060791016], [134.2965850830078, -7.042095184326172], [134.21324157714844, -7.042095184326172], [134.21324157714844, -6.875423431396484], [134.3799285888672, -6.875423431396484], [134.3799285888672, -6.708751678466797], [134.46327209472656, -6.708751678466797], [134.46327209472656, -6.458744049072266], [134.54661560058594, -6.458744049072266], [134.54661560058594, -6.542079925537109], [134.7133026123047, -6.542079925537109], [134.7133026123047, -6.458744049072266], [134.79664611816406, -6.458744049072266], [134.79664611816406, -6.542079925537109], [134.87998962402344, -6.542079925537109], [134.87998962402344, -6.375408172607422], [134.7133026123047, -6.375408172607422], [134.7133026123047, -6.208736419677734], [134.79664611816406, -6.208736419677734], [134.79664611816406, -6.042064666748047], [134.7133026123047, -6.042064666748047], [134.7133026123047, -5.708721160888672], [134.79664611816406, -5.708721160888672], [134.79664611816406, -5.625385284423828], [134.6299591064453, -5.625385284423828], [134.6299591064453, -5.542049407958984], [134.7133026123047, -5.542049407958984], [134.7133026123047, -5.458713531494141], [134.46327209472656, -5.458713531494141], [134.46327209472656, -5.625385284423828], [134.3799285888672, -5.625385284423828], [134.3799285888672, -5.542049407958984], [134.2965850830078, -5.542049407958984], [134.2965850830078, -5.625385284423828], [134.21324157714844, -5.625385284423828], [134.21324157714844, -5.792057037353516], [134.3799285888672, -5.792057037353516], [134.3799285888672, -5.875392913818359], [134.2965850830078, -5.875392913818359], [134.2965850830078, -6.042064666748047], [134.12989807128906, -6.042064666748047], [134.12989807128906, -6.125400543212891], [134.21324157714844, -6.125400543212891], [134.21324157714844, -6.208736419677734], [134.12989807128906, -6.208736419677734], [134.12989807128906, -6.708751678466797], [134.0465545654297, -6.708751678466797], [134.0465545654297, -6.792087554931641], [133.87986755371094, -6.792087554931641], [133.87986755371094, -6.375408172607422], [133.6298370361328, -6.375408172607422], [133.6298370361328, -6.458744049072266], [133.46315002441406, -6.458744049072266], [133.46315002441406, -6.125400543212891], [133.3798065185547, -6.125400543212891], [133.3798065185547, -6.208736419677734], [133.2964630126953, -6.208736419677734], [133.2964630126953, -6.292072296142578], [133.21311950683594, -6.292072296142578], [133.21311950683594, -6.375408172607422], [133.12977600097656, -6.375408172607422], [133.12977600097656, -6.458744049072266], [132.79640197753906, -6.458744049072266], [132.79640197753906, -6.542079925537109], [132.3796844482422, -6.542079925537109], [132.3796844482422, -6.625415802001953], [132.54637145996094, -6.625415802001953], [132.54637145996094, -6.708751678466797], [132.46302795410156, -6.708751678466797], [132.46302795410156, -6.792087554931641], [132.3796844482422, -6.792087554931641], [132.3796844482422, -6.708751678466797], [132.12965393066406, -6.708751678466797], [132.12965393066406, -6.625415802001953], [132.0463104248047, -6.625415802001953], [132.0463104248047, -6.292072296142578], [131.9629669189453, -6.292072296142578], [131.9629669189453, -6.125400543212891], [132.0463104248047, -6.125400543212891], [132.0463104248047, -5.958728790283203], [131.9629669189453, -5.958728790283203], [131.9629669189453, -6.042064666748047], [131.87962341308594, -6.042064666748047], [131.87962341308594, -6.125400543212891], [131.6295928955078, -6.125400543212891], [131.6295928955078, -6.042064666748047], [131.54624938964844, -6.042064666748047], [131.54624938964844, -5.875392913818359], [131.46290588378906, -5.875392913818359], [131.46290588378906, -5.792057037353516], [131.3795623779297, -5.792057037353516], [131.3795623779297, -5.625385284423828], [131.2962188720703, -5.625385284423828], [131.2962188720703, -5.458713531494141], [131.21287536621094, -5.458713531494141], [131.21287536621094, -5.375377655029297], [131.12953186035156, -5.375377655029297], [131.12953186035156, -5.292041778564453], [131.0461883544922, -5.292041778564453], [131.0461883544922, -5.208705902099609], [130.9628448486328, -5.208705902099609], [130.9628448486328, -4.958698272705078], [130.87950134277344, -4.958698272705078], [130.87950134277344, -4.875362396240234], [130.79615783691406, -4.875362396240234], [130.79615783691406, -5.042034149169922], [130.7128143310547, -5.042034149169922], [130.7128143310547, -5.458713531494141], [130.79615783691406, -5.458713531494141], [130.79615783691406, -5.625385284423828], [130.46278381347656, -5.625385284423828], [130.46278381347656, -5.708721160888672], [130.21275329589844, -5.708721160888672], [130.21275329589844, -5.625385284423828], [130.0460662841797, -5.625385284423828], [130.0460662841797, -5.542049407958984], [129.7126922607422, -5.542049407958984], [129.7126922607422, -5.375377655029297], [129.79603576660156, -5.375377655029297], [129.79603576660156, -5.292041778564453], [129.54600524902344, -5.292041778564453], [129.54600524902344, -5.208705902099609], [129.12928771972656, -5.208705902099609], [129.12928771972656, -5.125370025634766], [128.9626007080078, -5.125370025634766], [128.9626007080078, -5.042034149169922], [128.87925720214844, -5.042034149169922], [128.87925720214844, -4.208675384521484], [128.9626007080078, -4.208675384521484], [128.9626007080078, -4.125339508056641], [129.0459442138672, -4.125339508056641], [129.0459442138672, -4.042003631591797], [128.7125701904297, -4.042003631591797], [128.7125701904297, -4.125339508056641], [128.54588317871094, -4.125339508056641], [128.54588317871094, -4.208675384521484], [128.46253967285156, -4.208675384521484], [128.46253967285156, -4.292011260986328], [128.0458221435547, -4.292011260986328], [128.0458221435547, -4.375347137451172], [127.87913513183594, -4.375347137451172], [127.87913513183594, -4.458683013916016], [126.87901306152344, -4.458683013916016], [126.87901306152344, -4.375347137451172], [126.71232604980469, -4.375347137451172], [126.71232604980469, -4.292011260986328], [126.12892150878906, -4.292011260986328], [126.12892150878906, -4.208675384521484], [125.96223449707031, -4.208675384521484], [125.96223449707031, -4.125339508056641], [125.87889099121094, -4.125339508056641], [125.87889099121094, -4.042003631591797], [125.79554748535156, -4.042003631591797], [125.79554748535156, -3.958667755126953], [125.71220397949219, -3.958667755126953], [125.71220397949219, -3.7919960021972656], [125.62886047363281, -3.7919960021972656], [125.62886047363281, -3.625324249267578], [125.54551696777344, -3.625324249267578], [125.54551696777344, -3.5419883728027344], [125.46217346191406, -3.5419883728027344], [125.46217346191406, -2.8753013610839844], [125.54551696777344, -2.8753013610839844], [125.54551696777344, -2.7919654846191406], [125.46217346191406, -2.7919654846191406], [125.46217346191406, -2.5419578552246094], [125.37882995605469, -2.5419578552246094], [125.37882995605469, -2.4586219787597656], [125.21214294433594, -2.4586219787597656], [125.21214294433594, -2.375286102294922], [124.87876892089844, -2.375286102294922], [124.87876892089844, -2.4586219787597656], [124.54539489746094, -2.4586219787597656], [124.54539489746094, -2.5419578552246094], [123.71195983886719, -2.5419578552246094], [123.71195983886719, -2.625293731689453], [122.96186828613281, -2.625293731689453], [122.96186828613281, -2.7919654846191406], [123.04521179199219, -2.7919654846191406], [123.04521179199219, -2.958637237548828], [123.29524230957031, -2.958637237548828], [123.29524230957031, -3.041973114013672], [123.37858581542969, -3.041973114013672], [123.37858581542969, -3.1253089904785156], [123.62861633300781, -3.1253089904785156], [123.62861633300781, -3.2086448669433594], [123.71195983886719, -3.2086448669433594], [123.71195983886719, -4.042003631591797], [123.62861633300781, -4.042003631591797], [123.62861633300781, -4.708690643310547], [123.79530334472656, -4.708690643310547], [123.79530334472656, -4.625354766845703], [124.71208190917969, -4.625354766845703], [124.71208190917969, -4.708690643310547], [124.79542541503906, -4.708690643310547], [124.79542541503906, -4.792026519775391], [124.87876892089844, -4.792026519775391], [124.87876892089844, -4.875362396240234], [124.96211242675781, -4.875362396240234], [124.96211242675781, -5.042034149169922], [125.04545593261719, -5.042034149169922], [125.04545593261719, -5.208705902099609], [125.12879943847656, -5.208705902099609], [125.12879943847656, -5.375377655029297], [125.29548645019531, -5.375377655029297], [125.29548645019531, -5.458713531494141], [125.37882995605469, -5.458713531494141], [125.37882995605469, -5.625385284423828], [125.46217346191406, -5.625385284423828], [125.46217346191406, -5.958728790283203], [125.21214294433594, -5.958728790283203], [125.21214294433594, -6.208736419677734], [125.29548645019531, -6.208736419677734], [125.29548645019531, -6.292072296142578], [125.37882995605469, -6.292072296142578], [125.37882995605469, -6.375408172607422], [125.29548645019531, -6.375408172607422], [125.29548645019531, -6.542079925537109], [125.21214294433594, -6.542079925537109], [125.21214294433594, -6.625415802001953], [125.04545593261719, -6.625415802001953], [125.04545593261719, -6.708751678466797], [124.46205139160156, -6.708751678466797], [124.46205139160156, -6.792087554931641], [123.71195983886719, -6.792087554931641], [123.71195983886719, -6.708751678466797], [123.62861633300781, -6.708751678466797], [123.62861633300781, -6.625415802001953], [123.54527282714844, -6.625415802001953], [123.54527282714844, -6.458744049072266], [123.37858581542969, -6.458744049072266], [123.37858581542969, -6.375408172607422], [123.21189880371094, -6.375408172607422], [123.21189880371094, -6.458744049072266], [123.12855529785156, -6.458744049072266], [123.12855529785156, -6.542079925537109], [123.04521179199219, -6.542079925537109], [123.04521179199219, -6.625415802001953], [122.71183776855469, -6.625415802001953], [122.71183776855469, -6.792087554931641], [122.79518127441406, -6.792087554931641], [122.79518127441406, -7.458774566650391], [122.71183776855469, -7.458774566650391], [122.71183776855469, -7.625446319580078], [122.96186828613281, -7.625446319580078], [122.96186828613281, -7.542110443115234], [123.04521179199219, -7.542110443115234], [123.04521179199219, -7.458774566650391], [123.12855529785156, -7.458774566650391], [123.12855529785156, -7.375438690185547], [123.87864685058594, -7.375438690185547], [123.87864685058594, -7.458774566650391], [123.96199035644531, -7.458774566650391], [123.96199035644531, -7.625446319580078], [124.04533386230469, -7.625446319580078], [124.04533386230469, -7.708782196044922], [124.29536437988281, -7.708782196044922], [124.29536437988281, -7.625446319580078], [124.62873840332031, -7.625446319580078], [124.62873840332031, -7.542110443115234], [124.96211242675781, -7.542110443115234], [124.96211242675781, -7.458774566650391], [125.21214294433594, -7.458774566650391], [125.21214294433594, -7.375438690185547], [125.37882995605469, -7.375438690185547], [125.37882995605469, -7.292102813720703], [125.46217346191406, -7.292102813720703], [125.46217346191406, -7.208766937255859], [125.62886047363281, -7.208766937255859], [125.62886047363281, -7.125431060791016], [125.71220397949219, -7.125431060791016], [125.71220397949219, -7.042095184326172], [126.21226501464844, -7.042095184326172], [126.21226501464844, -7.292102813720703], [126.37895202636719, -7.292102813720703], [126.37895202636719, -7.375438690185547], [126.46229553222656, -7.375438690185547], [126.46229553222656, -7.292102813720703], [126.62898254394531, -7.292102813720703], [126.62898254394531, -7.125431060791016], [126.71232604980469, -7.125431060791016], [126.71232604980469, -7.042095184326172], [126.79566955566406, -7.042095184326172], [126.79566955566406, -6.958759307861328], [127.04570007324219, -6.958759307861328], [127.04570007324219, -6.875423431396484], [127.46241760253906, -6.875423431396484], [127.46241760253906, -6.792087554931641], [127.87913513183594, -6.792087554931641], [127.87913513183594, -6.625415802001953], [128.6292266845703, -6.625415802001953], [128.6292266845703, -6.542079925537109], [128.87925720214844, -6.542079925537109], [128.87925720214844, -6.708751678466797], [128.9626007080078, -6.708751678466797], [128.9626007080078, -6.792087554931641], [129.12928771972656, -6.792087554931641], [129.12928771972656, -6.708751678466797], [129.0459442138672, -6.708751678466797], [129.0459442138672, -6.542079925537109], [128.9626007080078, -6.542079925537109], [128.9626007080078, -6.375408172607422], [129.21263122558594, -6.375408172607422], [129.21263122558594, -6.458744049072266], [129.2959747314453, -6.458744049072266], [129.2959747314453, -6.208736419677734], [129.46266174316406, -6.208736419677734], [129.46266174316406, -6.292072296142578], [129.7126922607422, -6.292072296142578], [129.7126922607422, -6.375408172607422], [130.12940979003906, -6.375408172607422], [130.12940979003906, -6.458744049072266], [130.3794403076172, -6.458744049072266], [130.3794403076172, -6.542079925537109], [130.6294708251953, -6.542079925537109], [130.6294708251953, -6.792087554931641], [130.54612731933594, -6.792087554931641], [130.54612731933594, -6.958759307861328], [130.6294708251953, -6.958759307861328], [130.6294708251953, -7.042095184326172], [130.7128143310547, -7.042095184326172], [130.7128143310547, -6.958759307861328], [130.79615783691406, -6.958759307861328], [130.79615783691406, -6.542079925537109], [130.87950134277344, -6.542079925537109], [130.87950134277344, -6.458744049072266], [130.9628448486328, -6.458744049072266], [130.9628448486328, -6.375408172607422], [131.12953186035156, -6.375408172607422], [131.12953186035156, -6.458744049072266], [131.2962188720703, -6.458744049072266], [131.2962188720703, -6.542079925537109], [131.46290588378906, -6.542079925537109], [131.46290588378906, -6.625415802001953], [131.6295928955078, -6.625415802001953], [131.6295928955078, -6.708751678466797], [131.79627990722656, -6.708751678466797], [131.79627990722656, -6.792087554931641], [131.9629669189453, -6.792087554931641], [131.9629669189453, -6.875423431396484], [132.46302795410156, -6.875423431396484], [132.46302795410156, -7.125431060791016], [132.54637145996094, -7.125431060791016], [132.54637145996094, -7.208766937255859], [132.46302795410156, -7.208766937255859], [132.46302795410156, -7.458774566650391], [132.3796844482422, -7.458774566650391], [132.3796844482422, -7.958789825439453], [132.2963409423828, -7.958789825439453], [132.2963409423828, -8.12546157836914], [132.21299743652344, -8.12546157836914], [132.21299743652344, -8.208797454833984], [132.12965393066406, -8.208797454833984], [132.12965393066406, -8.292133331298828], [131.79627990722656, -8.292133331298828], [131.79627990722656, -8.375469207763672], [131.6295928955078, -8.375469207763672], [131.6295928955078, -8.458805084228516], [131.54624938964844, -8.458805084228516], [131.54624938964844, -8.54214096069336], [131.46290588378906, -8.54214096069336], [131.46290588378906, -8.625476837158203], [131.21287536621094, -8.625476837158203], [131.21287536621094, -8.54214096069336], [131.12953186035156, -8.54214096069336], [131.12953186035156, -8.375469207763672], [131.0461883544922, -8.375469207763672], [131.0461883544922, -8.292133331298828], [130.87950134277344, -8.292133331298828], [130.87950134277344, -8.375469207763672], [130.79615783691406, -8.375469207763672], [130.79615783691406, -8.708812713623047], [130.87950134277344, -8.708812713623047], [130.87950134277344, -8.875484466552734], [130.79615783691406, -8.875484466552734], [130.79615783691406, -8.79214859008789], [130.7128143310547, -8.79214859008789], [130.7128143310547, -8.708812713623047], [130.6294708251953, -8.708812713623047], [130.6294708251953, -8.625476837158203], [130.3794403076172, -8.625476837158203], [130.3794403076172, -9.042156219482422], [129.79603576660156, -9.042156219482422], [129.79603576660156, -8.958820343017578], [129.2959747314453, -8.958820343017578], [129.2959747314453, -8.875484466552734], [129.0459442138672, -8.875484466552734], [129.0459442138672, -8.79214859008789], [128.87925720214844, -8.79214859008789], [128.87925720214844, -8.875484466552734], [128.2958526611328, -8.875484466552734], [128.2958526611328, -8.79214859008789], [127.96247863769531, -8.79214859008789], [127.96247863769531, -8.625476837158203], [127.54576110839844, -8.625476837158203], [127.54576110839844, -8.208797454833984], [127.46241760253906, -8.208797454833984], [127.46241760253906, -8.625476837158203], [126.96235656738281, -8.625476837158203], [126.96235656738281, -8.54214096069336], [126.79566955566406, -8.54214096069336], [126.79566955566406, -8.458805084228516], [126.62898254394531, -8.458805084228516], [126.62898254394531, -8.375469207763672], [126.04557800292969, -8.375469207763672], [126.04557800292969, -8.458805084228516], [125.71220397949219, -8.458805084228516], [125.71220397949219, -8.54214096069336], [125.54551696777344, -8.54214096069336], [125.54551696777344, -8.458805084228516], [125.37882995605469, -8.458805084228516], [125.37882995605469, -8.708812713623047], [125.29548645019531, -8.708812713623047], [125.29548645019531, -8.79214859008789], [125.21214294433594, -8.79214859008789], [125.21214294433594, -8.708812713623047], [125.12879943847656, -8.708812713623047], [125.12879943847656, -8.625476837158203], [124.87876892089844, -8.625476837158203], [124.87876892089844, -8.708812713623047], [124.54539489746094, -8.708812713623047], [124.54539489746094, -8.625476837158203], [124.12867736816406, -8.625476837158203], [124.12867736816406, -8.54214096069336], [124.21202087402344, -8.54214096069336], [124.21202087402344, -8.375469207763672], [124.29536437988281, -8.375469207763672], [124.29536437988281, -8.208797454833984], [124.21202087402344, -8.208797454833984], [124.21202087402344, -8.292133331298828], [123.96199035644531, -8.292133331298828], [123.96199035644531, -8.208797454833984], [123.71195983886719, -8.208797454833984], [123.71195983886719, -8.292133331298828], [123.54527282714844, -8.292133331298828], [123.54527282714844, -8.208797454833984], [123.46192932128906, -8.208797454833984], [123.46192932128906, -8.375469207763672], [123.29524230957031, -8.375469207763672], [123.29524230957031, -8.292133331298828], [123.37858581542969, -8.292133331298828], [123.37858581542969, -8.208797454833984], [123.12855529785156, -8.208797454833984], [123.12855529785156, -8.292133331298828], [122.96186828613281, -8.292133331298828], [122.96186828613281, -8.12546157836914], [122.79518127441406, -8.12546157836914], [122.79518127441406, -8.208797454833984], [122.87852478027344, -8.208797454833984], [122.87852478027344, -8.292133331298828], [122.79518127441406, -8.292133331298828], [122.79518127441406, -8.375469207763672], [122.62849426269531, -8.375469207763672], [122.62849426269531, -8.458805084228516], [122.46180725097656, -8.458805084228516], [122.46180725097656, -8.625476837158203], [122.21177673339844, -8.625476837158203], [122.21177673339844, -8.54214096069336], [122.04508972167969, -8.54214096069336], [122.04508972167969, -8.458805084228516], [121.62837219238281, -8.458805084228516], [121.62837219238281, -8.54214096069336], [121.46168518066406, -8.54214096069336], [121.46168518066406, -8.625476837158203], [121.37834167480469, -8.625476837158203], [121.37834167480469, -8.54214096069336], [121.29499816894531, -8.54214096069336], [121.29499816894531, -8.458805084228516], [121.04496765136719, -8.458805084228516], [121.04496765136719, -8.375469207763672], [120.71159362792969, -8.375469207763672], [120.71159362792969, -8.292133331298828], [120.46156311035156, -8.292133331298828], [120.46156311035156, -8.208797454833984], [120.37821960449219, -8.208797454833984], [120.37821960449219, -8.292133331298828], [120.21153259277344, -8.292133331298828], [120.21153259277344, -8.375469207763672], [119.96150207519531, -8.375469207763672], [119.96150207519531, -8.458805084228516], [119.87815856933594, -8.458805084228516], [119.87815856933594, -8.54214096069336], [119.79481506347656, -8.54214096069336], [119.79481506347656, -8.625476837158203], [119.71147155761719, -8.625476837158203], [119.71147155761719, -8.708812713623047], [119.62812805175781, -8.708812713623047], [119.62812805175781, -8.875484466552734], [119.37809753417969, -8.875484466552734], [119.37809753417969, -8.708812713623047], [119.46144104003906, -8.708812713623047], [119.46144104003906, -8.54214096069336], [119.54478454589844, -8.54214096069336], [119.54478454589844, -8.458805084228516], [119.37809753417969, -8.458805084228516], [119.37809753417969, -8.625476837158203], [119.21141052246094, -8.625476837158203], [119.21141052246094, -8.54214096069336], [119.12806701660156, -8.54214096069336], [119.12806701660156, -8.625476837158203], [119.04472351074219, -8.625476837158203], [119.04472351074219, -8.375469207763672], [118.96138000488281, -8.375469207763672], [118.96138000488281, -8.292133331298828], [118.54466247558594, -8.292133331298828], [118.54466247558594, -8.208797454833984], [118.46131896972656, -8.208797454833984], [118.46131896972656, -8.292133331298828], [118.37797546386719, -8.292133331298828], [118.37797546386719, -8.375469207763672], [118.21128845214844, -8.375469207763672], [118.21128845214844, -8.208797454833984], [118.12794494628906, -8.208797454833984], [118.12794494628906, -8.12546157836914], [117.54454040527344, -8.12546157836914], [117.54454040527344, -8.208797454833984], [117.46119689941406, -8.208797454833984], [117.46119689941406, -8.458805084228516], [117.29450988769531, -8.458805084228516], [117.29450988769531, -8.375469207763672], [116.96113586425781, -8.375469207763672], [116.96113586425781, -8.458805084228516], [117.04447937011719, -8.458805084228516], [117.04447937011719, -8.54214096069336], [116.87779235839844, -8.54214096069336], [116.87779235839844, -8.458805084228516], [116.79444885253906, -8.458805084228516], [116.79444885253906, -8.875484466552734], [116.71110534667969, -8.875484466552734], [116.71110534667969, -8.958820343017578], [116.62776184082031, -8.958820343017578], [116.62776184082031, -8.875484466552734], [116.54441833496094, -8.875484466552734], [116.54441833496094, -8.708812713623047], [116.62776184082031, -8.708812713623047], [116.62776184082031, -8.54214096069336], [116.71110534667969, -8.54214096069336], [116.71110534667969, -8.292133331298828], [116.46107482910156, -8.292133331298828], [116.46107482910156, -8.208797454833984], [116.29438781738281, -8.208797454833984], [116.29438781738281, -8.292133331298828], [116.21104431152344, -8.292133331298828], [116.21104431152344, -8.375469207763672], [116.04435729980469, -8.375469207763672], [116.04435729980469, -8.208797454833984], [115.87767028808594, -8.208797454833984], [115.87767028808594, -8.12546157836914], [115.79432678222656, -8.12546157836914], [115.79432678222656, -8.208797454833984], [115.62763977050781, -8.208797454833984], [115.62763977050781, -8.292133331298828], [115.54429626464844, -8.292133331298828], [115.54429626464844, -8.208797454833984], [115.46095275878906, -8.208797454833984], [115.46095275878906, -8.12546157836914], [115.37760925292969, -8.12546157836914], [115.37760925292969, -7.875453948974609], [115.46095275878906, -7.875453948974609], [115.46095275878906, -7.792118072509766], [115.71098327636719, -7.792118072509766], [115.71098327636719, -7.708782196044922], [115.96101379394531, -7.708782196044922], [115.96101379394531, -8.042125701904297], [116.12770080566406, -8.042125701904297], [116.12770080566406, -7.958789825439453], [116.21104431152344, -7.958789825439453], [116.21104431152344, -7.792118072509766], [116.71110534667969, -7.792118072509766], [116.71110534667969, -7.708782196044922], [116.62776184082031, -7.708782196044922], [116.62776184082031, -7.625446319580078], [116.54441833496094, -7.625446319580078], [116.54441833496094, -7.375438690185547], [116.62776184082031, -7.375438690185547], [116.62776184082031, -7.208766937255859], [116.71110534667969, -7.208766937255859], [116.71110534667969, -7.125431060791016], [116.79444885253906, -7.125431060791016], [116.79444885253906, -6.875423431396484], [116.87779235839844, -6.875423431396484], [116.87779235839844, -6.792087554931641], [117.04447937011719, -6.792087554931641], [117.04447937011719, -6.708751678466797], [117.29450988769531, -6.708751678466797], [117.29450988769531, -6.625415802001953], [117.54454040527344, -6.625415802001953], [117.54454040527344, -6.458744049072266], [117.62788391113281, -6.458744049072266], [117.62788391113281, -6.375408172607422], [117.71122741699219, -6.375408172607422], [117.71122741699219, -6.292072296142578], [117.79457092285156, -6.292072296142578], [117.79457092285156, -6.208736419677734], [118.29463195800781, -6.208736419677734], [118.29463195800781, -6.125400543212891], [118.37797546386719, -6.125400543212891], [118.37797546386719, -6.042064666748047], [118.96138000488281, -6.042064666748047], [118.96138000488281, -6.125400543212891], [119.04472351074219, -6.125400543212891], [119.04472351074219, -6.208736419677734], [119.12806701660156, -6.208736419677734], [119.12806701660156, -6.292072296142578], [119.29475402832031, -6.292072296142578], [119.29475402832031, -6.375408172607422], [119.46144104003906, -6.375408172607422], [119.46144104003906, -6.458744049072266], [119.54478454589844, -6.458744049072266], [119.54478454589844, -7.125431060791016], [119.46144104003906, -7.125431060791016], [119.46144104003906, -7.208766937255859], [119.37809753417969, -7.208766937255859], [119.37809753417969, -7.292102813720703], [118.96138000488281, -7.292102813720703], [118.96138000488281, -7.375438690185547], [118.87803649902344, -7.375438690185547], [118.87803649902344, -7.458774566650391], [118.79469299316406, -7.458774566650391], [118.79469299316406, -7.542110443115234], [118.54466247558594, -7.542110443115234], [118.54466247558594, -7.625446319580078], [119.37809753417969, -7.625446319580078], [119.37809753417969, -7.708782196044922], [119.54478454589844, -7.708782196044922], [119.54478454589844, -7.792118072509766], [119.79481506347656, -7.792118072509766], [119.79481506347656, -7.708782196044922], [120.21153259277344, -7.708782196044922], [120.21153259277344, -7.625446319580078], [120.12818908691406, -7.625446319580078], [120.12818908691406, -7.458774566650391], [120.04484558105469, -7.458774566650391], [120.04484558105469, -7.375438690185547], [119.96150207519531, -7.375438690185547], [119.96150207519531, -7.292102813720703], [119.87815856933594, -7.292102813720703], [119.87815856933594, -7.208766937255859], [119.79481506347656, -7.208766937255859], [119.79481506347656, -7.042095184326172], [119.71147155761719, -7.042095184326172], [119.71147155761719, -6.542079925537109], [119.79481506347656, -6.542079925537109], [119.79481506347656, -6.458744049072266], [119.71147155761719, -6.458744049072266], [119.71147155761719, -5.875392913818359], [119.79481506347656, -5.875392913818359], [119.79481506347656, -5.792057037353516], [120.04484558105469, -5.792057037353516], [120.04484558105469, -5.625385284423828], [120.12818908691406, -5.625385284423828], [120.12818908691406, -5.542049407958984], [120.37821960449219, -5.542049407958984], [120.37821960449219, -5.625385284423828], [120.46156311035156, -5.625385284423828], [120.46156311035156, -5.375377655029297], [120.37821960449219, -5.375377655029297], [120.37821960449219, -5.292041778564453], [120.29487609863281, -5.292041778564453], [120.29487609863281, -4.875362396240234], [120.37821960449219, -4.875362396240234], [120.37821960449219, -4.708690643310547], [120.46156311035156, -4.708690643310547], [120.46156311035156, -4.625354766845703], [120.37821960449219, -4.625354766845703], [120.37821960449219, -4.125339508056641], [120.62825012207031, -4.125339508056641], [120.62825012207031, -4.208675384521484], [120.71159362792969, -4.208675384521484], [120.71159362792969, -4.292011260986328], [120.79493713378906, -4.292011260986328], [120.79493713378906, -4.875362396240234], [120.87828063964844, -4.875362396240234], [120.87828063964844, -4.458683013916016], [120.96162414550781, -4.458683013916016], [120.96162414550781, -4.292011260986328], [120.87828063964844, -4.292011260986328], [120.87828063964844, -4.208675384521484], [120.79493713378906, -4.208675384521484], [120.79493713378906, -3.625324249267578], [121.04496765136719, -3.625324249267578], [121.04496765136719, -3.708660125732422], [121.12831115722656, -3.708660125732422], [121.12831115722656, -3.7919960021972656], [121.21165466308594, -3.7919960021972656], [121.21165466308594, -3.8753318786621094], [121.29499816894531, -3.8753318786621094], [121.29499816894531, -3.958667755126953], [121.46168518066406, -3.958667755126953], [121.46168518066406, -4.042003631591797], [121.62837219238281, -4.042003631591797], [121.62837219238281, -4.208675384521484], [121.54502868652344, -4.208675384521484], [121.54502868652344, -4.458683013916016], [121.46168518066406, -4.458683013916016], [121.46168518066406, -4.708690643310547], [121.54502868652344, -4.708690643310547], [121.54502868652344, -4.792026519775391], [121.71171569824219, -4.792026519775391], [121.71171569824219, -4.875362396240234], [122.12843322753906, -4.875362396240234], [122.12843322753906, -4.792026519775391], [122.04508972167969, -4.792026519775391], [122.04508972167969, -4.542018890380859], [122.21177673339844, -4.542018890380859], [122.21177673339844, -4.458683013916016], [122.54515075683594, -4.458683013916016], [122.54515075683594, -4.375347137451172], [122.62849426269531, -4.375347137451172], [122.62849426269531, -4.458683013916016], [122.71183776855469, -4.458683013916016], [122.71183776855469, -4.375347137451172], [122.79518127441406, -4.375347137451172], [122.79518127441406, -4.458683013916016], [122.87852478027344, -4.458683013916016], [122.87852478027344, -4.042003631591797], [122.79518127441406, -4.042003631591797], [122.79518127441406, -4.125339508056641], [122.62849426269531, -4.125339508056641], [122.62849426269531, -3.8753318786621094], [122.46180725097656, -3.8753318786621094], [122.46180725097656, -3.708660125732422], [122.21177673339844, -3.708660125732422], [122.21177673339844, -3.5419883728027344], [122.29512023925781, -3.5419883728027344], [122.29512023925781, -3.4586524963378906], [122.46180725097656, -3.4586524963378906], [122.46180725097656, -3.375316619873047], [122.29512023925781, -3.375316619873047], [122.29512023925781, -3.2086448669433594], [122.37846374511719, -3.2086448669433594], [122.37846374511719, -3.291980743408203], [122.46180725097656, -3.291980743408203], [122.46180725097656, -3.1253089904785156], [122.29512023925781, -3.1253089904785156], [122.29512023925781, -2.8753013610839844], [122.21177673339844, -2.8753013610839844], [122.21177673339844, -2.7919654846191406], [122.04508972167969, -2.7919654846191406], [122.04508972167969, -2.625293731689453], [121.96174621582031, -2.625293731689453], [121.96174621582031, -2.5419578552246094], [122.12843322753906, -2.5419578552246094], [122.12843322753906, -2.4586219787597656], [122.71183776855469, -2.4586219787597656], [122.71183776855469, -2.375286102294922], [122.62849426269531, -2.375286102294922], [122.62849426269531, -2.1252784729003906], [122.54515075683594, -2.1252784729003906], [122.54515075683594, -2.041942596435547], [122.46180725097656, -2.041942596435547], [122.46180725097656, -2.1252784729003906], [122.37846374511719, -2.1252784729003906], [122.37846374511719, -2.2086143493652344], [122.29512023925781, -2.2086143493652344], [122.29512023925781, -2.291950225830078], [121.96174621582031, -2.291950225830078], [121.96174621582031, -2.375286102294922], [121.87840270996094, -2.375286102294922], [121.87840270996094, -2.291950225830078], [121.79505920410156, -2.291950225830078], [121.79505920410156, -2.2086143493652344], [121.54502868652344, -2.2086143493652344], [121.54502868652344, -2.041942596435547], [121.46168518066406, -2.041942596435547], [121.46168518066406, -1.9586067199707031], [121.29499816894531, -1.9586067199707031], [121.29499816894531, -1.7919349670410156], [121.46168518066406, -1.7919349670410156], [121.46168518066406, -1.8752708435058594], [121.54502868652344, -1.8752708435058594], [121.54502868652344, -1.9586067199707031], [121.71171569824219, -1.9586067199707031], [121.71171569824219, -1.8752708435058594], [121.79505920410156, -1.8752708435058594], [121.79505920410156, -1.7085990905761719], [121.96174621582031, -1.7085990905761719], [121.96174621582031, -1.6252632141113281], [122.21177673339844, -1.6252632141113281], [122.21177673339844, -1.5419273376464844], [122.37846374511719, -1.5419273376464844], [122.37846374511719, -1.4585914611816406], [122.46180725097656, -1.4585914611816406], [122.46180725097656, -1.3752555847167969], [122.54515075683594, -1.3752555847167969], [122.54515075683594, -1.2919197082519531], [122.62849426269531, -1.2919197082519531], [122.62849426269531, -1.1252479553222656], [122.71183776855469, -1.1252479553222656], [122.71183776855469, -1.0419120788574219], [122.79518127441406, -1.0419120788574219], [122.79518127441406, -0.9585762023925781], [122.96186828613281, -0.9585762023925781], [122.96186828613281, -0.8752403259277344], [123.12855529785156, -0.8752403259277344], [123.12855529785156, -0.9585762023925781], [123.21189880371094, -0.9585762023925781], [123.21189880371094, -1.0419120788574219], [123.37858581542969, -1.0419120788574219], [123.37858581542969, -0.8752403259277344], [123.46192932128906, -0.8752403259277344], [123.46192932128906, -0.7085685729980469], [123.87864685058594, -0.7085685729980469], [123.87864685058594, -0.7919044494628906], [123.79530334472656, -0.7919044494628906], [123.79530334472656, -0.8752403259277344], [123.62861633300781, -0.8752403259277344], [123.62861633300781, -1.1252479553222656], [123.79530334472656, -1.1252479553222656], [123.79530334472656, -1.2919197082519531], [123.71195983886719, -1.2919197082519531], [123.71195983886719, -1.4585914611816406], [123.62861633300781, -1.4585914611816406], [123.62861633300781, -1.6252632141113281], [123.54527282714844, -1.6252632141113281], [123.54527282714844, -1.5419273376464844], [123.46192932128906, -1.5419273376464844], [123.46192932128906, -1.7085990905761719], [123.71195983886719, -1.7085990905761719], [123.71195983886719, -1.7919349670410156], [123.79530334472656, -1.7919349670410156], [123.79530334472656, -1.7085990905761719], [123.87864685058594, -1.7085990905761719], [123.87864685058594, -1.5419273376464844], [123.96199035644531, -1.5419273376464844], [123.96199035644531, -1.3752555847167969], [124.04533386230469, -1.3752555847167969], [124.04533386230469, -1.7085990905761719], [124.12867736816406, -1.7085990905761719], [124.12867736816406, -1.7919349670410156], [124.37870788574219, -1.7919349670410156], [124.37870788574219, -1.9586067199707031], [124.29536437988281, -1.9586067199707031], [124.29536437988281, -2.041942596435547], [124.62873840332031, -2.041942596435547], [124.62873840332031, -1.9586067199707031], [124.79542541503906, -1.9586067199707031], [124.79542541503906, -1.8752708435058594], [124.87876892089844, -1.8752708435058594], [124.87876892089844, -1.9586067199707031], [125.04545593261719, -1.9586067199707031], [125.04545593261719, -1.8752708435058594], [125.46217346191406, -1.8752708435058594], [125.46217346191406, -1.9586067199707031], [125.79554748535156, -1.9586067199707031], [125.79554748535156, -1.8752708435058594], [125.87889099121094, -1.8752708435058594], [125.87889099121094, -2.291950225830078], [125.96223449707031, -2.291950225830078], [125.96223449707031, -1.8752708435058594], [126.29560852050781, -1.8752708435058594], [126.29560852050781, -1.7919349670410156], [125.29548645019531, -1.7919349670410156], [125.29548645019531, -1.7085990905761719], [125.12879943847656, -1.7085990905761719], [125.12879943847656, -1.7919349670410156], [125.04545593261719, -1.7919349670410156], [125.04545593261719, -1.6252632141113281], [124.96211242675781, -1.6252632141113281], [124.96211242675781, -1.7085990905761719], [124.71208190917969, -1.7085990905761719], [124.71208190917969, -1.6252632141113281], [124.54539489746094, -1.6252632141113281], [124.54539489746094, -1.0419120788574219], [125.46217346191406, -1.0419120788574219], [125.46217346191406, -1.1252479553222656], [125.54551696777344, -1.1252479553222656], [125.54551696777344, -1.3752555847167969], [125.62886047363281, -1.3752555847167969], [125.62886047363281, -1.2085838317871094], [125.87889099121094, -1.2085838317871094], [125.87889099121094, -1.2919197082519531], [126.71232604980469, -1.2919197082519531], [126.71232604980469, -1.3752555847167969], [126.79566955566406, -1.3752555847167969], [126.79566955566406, -1.2085838317871094], [126.71232604980469, -1.2085838317871094], [126.71232604980469, -0.9585762023925781], [126.62898254394531, -0.9585762023925781], [126.62898254394531, 0.2914619445800781], [126.71232604980469, 0.2914619445800781], [126.71232604980469, 0.3747978210449219], [126.79566955566406, 0.3747978210449219], [126.79566955566406, 0.4581336975097656], [126.71232604980469, 0.4581336975097656], [126.71232604980469, 0.7081413269042969], [126.62898254394531, 0.7081413269042969], [126.62898254394531, 1.2081565856933594], [126.71232604980469, 1.2081565856933594], [126.71232604980469, 1.6248359680175781], [126.79566955566406, 1.6248359680175781], [126.79566955566406, 1.7915077209472656], [126.87901306152344, 1.7915077209472656], [126.87901306152344, 1.8748435974121094], [126.96235656738281, 1.8748435974121094], [126.96235656738281, 1.9581794738769531], [127.04570007324219, 1.9581794738769531], [127.04570007324219, 2.041515350341797], [127.12904357910156, 2.041515350341797], [127.12904357910156, 1.9581794738769531], [127.29573059082031, 1.9581794738769531], [127.29573059082031, 1.8748435974121094], [127.62910461425781, 1.8748435974121094], [127.62910461425781, 1.7915077209472656], [127.54576110839844, 1.7915077209472656], [127.54576110839844, 1.7081718444824219], [127.62910461425781, 1.7081718444824219], [127.62910461425781, 1.6248359680175781], [127.54576110839844, 1.6248359680175781], [127.54576110839844, 1.3748283386230469], [127.46241760253906, 1.3748283386230469], [127.46241760253906, 1.2914924621582031], [127.37907409667969, 1.2914924621582031], [127.37907409667969, 1.2081565856933594], [127.46241760253906, 1.2081565856933594], [127.46241760253906, 1.1248207092285156], [127.37907409667969, 1.1248207092285156], [127.37907409667969, 1.0414848327636719], [127.46241760253906, 1.0414848327636719], [127.46241760253906, 0.8748130798339844], [127.62910461425781, 0.8748130798339844], [127.62910461425781, 1.0414848327636719], [127.79579162597656, 1.0414848327636719], [127.79579162597656, 1.1248207092285156], [127.87913513183594, 1.1248207092285156], [127.87913513183594, 1.2081565856933594], [127.96247863769531, 1.2081565856933594], [127.96247863769531, 1.3748283386230469], [128.0458221435547, 1.3748283386230469], [128.0458221435547, 1.6248359680175781], [127.96247863769531, 1.6248359680175781], [127.96247863769531, 1.7915077209472656], [127.87913513183594, 1.7915077209472656], [127.87913513183594, 1.9581794738769531], [127.96247863769531, 1.9581794738769531], [127.96247863769531, 2.1248512268066406], [127.79579162597656, 2.1248512268066406], [127.79579162597656, 2.2081871032714844], [127.71244812011719, 2.2081871032714844], [127.71244812011719, 2.291522979736328], [127.79579162597656, 2.291522979736328], [127.79579162597656, 2.374858856201172], [127.87913513183594, 2.374858856201172], [127.87913513183594, 2.4581947326660156], [127.96247863769531, 2.4581947326660156], [127.96247863769531, 2.5415306091308594], [128.12916564941406, 2.5415306091308594], [128.12916564941406, 2.708202362060547], [128.21250915527344, 2.708202362060547], [128.21250915527344, 2.7915382385253906], [128.12916564941406, 2.7915382385253906], [128.12916564941406, 2.958209991455078], [128.0458221435547, 2.958209991455078], [128.0458221435547, 3.041545867919922], [128.12916564941406, 3.041545867919922], [128.12916564941406, 3.1248817443847656], [128.87925720214844, 3.1248817443847656], [128.87925720214844, 3.041545867919922], [128.9626007080078, 3.041545867919922], [128.9626007080078, 2.958209991455078], [128.87925720214844, 2.958209991455078], [128.87925720214844, 2.7915382385253906]], [[130.6294708251953, -0.4585609436035156], [130.6294708251953, -0.5418968200683594], [130.7128143310547, -0.5418968200683594], [130.7128143310547, -0.4585609436035156], [130.6294708251953, -0.4585609436035156]], [[135.6300811767578, -3.041973114013672], [135.54673767089844, -3.041973114013672], [135.54673767089844, -3.1253089904785156], [135.6300811767578, -3.1253089904785156], [135.6300811767578, -3.041973114013672]], [[130.3794403076172, -0.8752403259277344], [130.3794403076172, -0.9585762023925781], [130.46278381347656, -0.9585762023925781], [130.46278381347656, -0.8752403259277344], [130.3794403076172, -0.8752403259277344]], [[127.96247863769531, -2.958637237548828], [127.87913513183594, -2.958637237548828], [127.87913513183594, -3.041973114013672], [127.96247863769531, -3.041973114013672], [127.96247863769531, -2.958637237548828]], [[128.3791961669922, -3.5419883728027344], [128.3791961669922, -3.625324249267578], [128.54588317871094, -3.625324249267578], [128.54588317871094, -3.5419883728027344], [128.3791961669922, -3.5419883728027344]], [[134.46327209472656, -6.792087554931641], [134.54661560058594, -6.792087554931641], [134.54661560058594, -6.708751678466797], [134.46327209472656, -6.708751678466797], [134.46327209472656, -6.792087554931641]], [[122.96186828613281, -2.5419578552246094], [122.87852478027344, -2.5419578552246094], [122.87852478027344, -2.625293731689453], [122.96186828613281, -2.625293731689453], [122.96186828613281, -2.5419578552246094]], [[122.87852478027344, -2.4586219787597656], [122.79518127441406, -2.4586219787597656], [122.79518127441406, -2.5419578552246094], [122.87852478027344, -2.5419578552246094], [122.87852478027344, -2.4586219787597656]], [[122.87852478027344, -4.625354766845703], [122.79518127441406, -4.625354766845703], [122.79518127441406, -4.708690643310547], [122.87852478027344, -4.708690643310547], [122.87852478027344, -4.875362396240234], [122.71183776855469, -4.875362396240234], [122.71183776855469, -4.625354766845703], [122.62849426269531, -4.625354766845703], [122.62849426269531, -4.708690643310547], [122.37846374511719, -4.708690643310547], [122.37846374511719, -4.792026519775391], [122.29512023925781, -4.792026519775391], [122.29512023925781, -4.958698272705078], [122.37846374511719, -4.958698272705078], [122.37846374511719, -5.125370025634766], [122.29512023925781, -5.125370025634766], [122.29512023925781, -5.375377655029297], [122.46180725097656, -5.375377655029297], [122.46180725097656, -5.292041778564453], [122.54515075683594, -5.292041778564453], [122.54515075683594, -5.542049407958984], [122.62849426269531, -5.542049407958984], [122.62849426269531, -5.708721160888672], [122.71183776855469, -5.708721160888672], [122.71183776855469, -5.625385284423828], [122.87852478027344, -5.625385284423828], [122.87852478027344, -5.458713531494141], [122.96186828613281, -5.458713531494141], [122.96186828613281, -5.375377655029297], [123.21189880371094, -5.375377655029297], [123.21189880371094, -5.208705902099609], [123.04521179199219, -5.208705902099609], [123.04521179199219, -5.125370025634766], [122.96186828613281, -5.125370025634766], [122.96186828613281, -4.958698272705078], [123.04521179199219, -4.958698272705078], [123.04521179199219, -4.875362396240234], [123.12855529785156, -4.875362396240234], [123.12855529785156, -4.792026519775391], [123.21189880371094, -4.792026519775391], [123.21189880371094, -4.542018890380859], [123.12855529785156, -4.542018890380859], [123.12855529785156, -4.458683013916016], [123.04521179199219, -4.458683013916016], [123.04521179199219, -4.375347137451172], [122.96186828613281, -4.375347137451172], [122.96186828613281, -4.458683013916016], [122.87852478027344, -4.458683013916016], [122.87852478027344, -4.625354766845703]], [[122.29512023925781, -3.625324249267578], [122.37846374511719, -3.625324249267578], [122.37846374511719, -3.5419883728027344], [122.29512023925781, -3.5419883728027344], [122.29512023925781, -3.625324249267578]], [[122.54515075683594, -3.1253089904785156], [122.54515075683594, -3.041973114013672], [122.46180725097656, -3.041973114013672], [122.46180725097656, -3.1253089904785156], [122.54515075683594, -3.1253089904785156]], [[123.46192932128906, -1.4585914611816406], [123.54527282714844, -1.4585914611816406], [123.54527282714844, -1.2919197082519531], [123.29524230957031, -1.2919197082519531], [123.29524230957031, -1.3752555847167969], [123.21189880371094, -1.3752555847167969], [123.21189880371094, -1.4585914611816406], [123.37858581542969, -1.4585914611816406], [123.37858581542969, -1.5419273376464844], [123.46192932128906, -1.5419273376464844], [123.46192932128906, -1.4585914611816406]], [[123.21189880371094, -1.1252479553222656], [123.12855529785156, -1.1252479553222656], [123.12855529785156, -1.2085838317871094], [122.87852478027344, -1.2085838317871094], [122.87852478027344, -1.2919197082519531], [122.79518127441406, -1.2919197082519531], [122.79518127441406, -1.5419273376464844], [122.87852478027344, -1.5419273376464844], [122.87852478027344, -1.6252632141113281], [122.96186828613281, -1.6252632141113281], [122.96186828613281, -1.5419273376464844], [123.04521179199219, -1.5419273376464844], [123.04521179199219, -1.3752555847167969], [123.21189880371094, -1.3752555847167969], [123.21189880371094, -1.1252479553222656]], [[125.96223449707031, -2.4586219787597656], [126.04557800292969, -2.4586219787597656], [126.04557800292969, -2.291950225830078], [125.96223449707031, -2.291950225830078], [125.96223449707031, -2.4586219787597656]], [[126.79566955566406, -1.4585914611816406], [126.87901306152344, -1.4585914611816406], [126.87901306152344, -1.3752555847167969], [126.79566955566406, -1.3752555847167969], [126.79566955566406, -1.4585914611816406]], [[127.62910461425781, 0.7914772033691406], [127.54576110839844, 0.7914772033691406], [127.54576110839844, 0.3747978210449219], [127.71244812011719, 0.3747978210449219], [127.71244812011719, -0.2918891906738281], [127.79579162597656, -0.2918891906738281], [127.79579162597656, -0.3752250671386719], [127.87913513183594, -0.3752250671386719], [127.87913513183594, -0.4585609436035156], [127.96247863769531, -0.4585609436035156], [127.96247863769531, -0.6252326965332031], [128.0458221435547, -0.6252326965332031], [128.0458221435547, -0.7085685729980469], [128.12916564941406, -0.7085685729980469], [128.12916564941406, -0.7919044494628906], [128.21250915527344, -0.7919044494628906], [128.21250915527344, -0.8752403259277344], [128.3791961669922, -0.8752403259277344], [128.3791961669922, -0.7919044494628906], [128.2958526611328, -0.7919044494628906], [128.2958526611328, -0.7085685729980469], [128.21250915527344, -0.7085685729980469], [128.21250915527344, -0.6252326965332031], [128.12916564941406, -0.6252326965332031], [128.12916564941406, -0.4585609436035156], [128.0458221435547, -0.4585609436035156], [128.0458221435547, -0.2918891906738281], [127.96247863769531, -0.2918891906738281], [127.96247863769531, -0.041881561279296875], [127.87913513183594, -0.041881561279296875], [127.87913513183594, 0.12479019165039062], [127.96247863769531, 0.12479019165039062], [127.96247863769531, 0.20812606811523438], [127.87913513183594, 0.20812606811523438], [127.87913513183594, 0.4581336975097656], [128.21250915527344, 0.4581336975097656], [128.21250915527344, 0.3747978210449219], [128.54588317871094, 0.3747978210449219], [128.54588317871094, 0.2914619445800781], [128.7125701904297, 0.2914619445800781], [128.7125701904297, 0.5414695739746094], [128.54588317871094, 0.5414695739746094], [128.54588317871094, 0.6248054504394531], [128.2958526611328, 0.6248054504394531], [128.2958526611328, 0.7081413269042969], [128.21250915527344, 0.7081413269042969], [128.21250915527344, 0.7914772033691406], [128.2958526611328, 0.7914772033691406], [128.2958526611328, 0.8748130798339844], [128.3791961669922, 0.8748130798339844], [128.3791961669922, 0.9581489562988281], [128.54588317871094, 0.9581489562988281], [128.54588317871094, 1.0414848327636719], [128.7125701904297, 1.0414848327636719], [128.7125701904297, 1.6248359680175781], [128.6292266845703, 1.6248359680175781], [128.6292266845703, 1.5415000915527344], [128.3791961669922, 1.5415000915527344], [128.3791961669922, 1.4581642150878906], [128.21250915527344, 1.4581642150878906], [128.21250915527344, 1.3748283386230469], [128.12916564941406, 1.3748283386230469], [128.12916564941406, 1.2081565856933594], [128.21250915527344, 1.2081565856933594], [128.21250915527344, 1.1248207092285156], [127.96247863769531, 1.1248207092285156], [127.96247863769531, 0.8748130798339844], [127.87913513183594, 0.8748130798339844], [127.87913513183594, 0.7914772033691406], [127.71244812011719, 0.7914772033691406], [127.71244812011719, 0.8748130798339844], [127.62910461425781, 0.8748130798339844], [127.62910461425781, 0.7914772033691406]], [[128.0458221435547, 2.1248512268066406], [128.0458221435547, 2.2081871032714844], [127.96247863769531, 2.2081871032714844], [127.96247863769531, 2.1248512268066406], [128.0458221435547, 2.1248512268066406]], [[127.37907409667969, 0.7914772033691406], [127.37907409667969, 0.8748130798339844], [127.29573059082031, 0.8748130798339844], [127.29573059082031, 0.7914772033691406], [127.37907409667969, 0.7914772033691406]], [[127.37907409667969, 0.6248054504394531], [127.46241760253906, 0.6248054504394531], [127.46241760253906, 0.7914772033691406], [127.37907409667969, 0.7914772033691406], [127.37907409667969, 0.6248054504394531]], [[127.46241760253906, 0.2914619445800781], [127.46241760253906, 0.3747978210449219], [127.37907409667969, 0.3747978210449219], [127.37907409667969, 0.2914619445800781], [127.46241760253906, 0.2914619445800781]], [[127.46241760253906, 0.041454315185546875], [127.46241760253906, 0.12479019165039062], [127.37907409667969, 0.12479019165039062], [127.37907409667969, 0.041454315185546875], [127.46241760253906, 0.041454315185546875]], [[127.29573059082031, -0.12521743774414062], [127.29573059082031, -0.041881561279296875], [127.21238708496094, -0.041881561279296875], [127.21238708496094, -0.12521743774414062], [127.29573059082031, -0.12521743774414062]], [[127.12904357910156, -0.2918891906738281], [127.12904357910156, -0.20855331420898438], [127.04570007324219, -0.20855331420898438], [127.04570007324219, -0.2918891906738281], [127.12904357910156, -0.2918891906738281]], [[127.12904357910156, -0.5418968200683594], [127.21238708496094, -0.5418968200683594], [127.21238708496094, -0.4585609436035156], [127.29573059082031, -0.4585609436035156], [127.29573059082031, -0.5418968200683594], [127.37907409667969, -0.5418968200683594], [127.37907409667969, -0.6252326965332031], [127.46241760253906, -0.6252326965332031], [127.46241760253906, -0.7919044494628906], [127.71244812011719, -0.7919044494628906], [127.71244812011719, -0.8752403259277344], [127.87913513183594, -0.8752403259277344], [127.87913513183594, -0.7085685729980469], [127.62910461425781, -0.7085685729980469], [127.62910461425781, -0.5418968200683594], [127.71244812011719, -0.5418968200683594], [127.71244812011719, -0.4585609436035156], [127.62910461425781, -0.4585609436035156], [127.62910461425781, -0.3752250671386719], [127.54576110839844, -0.3752250671386719], [127.54576110839844, -0.2918891906738281], [127.46241760253906, -0.2918891906738281], [127.46241760253906, -0.3752250671386719], [127.29573059082031, -0.3752250671386719], [127.29573059082031, -0.2918891906738281], [127.12904357910156, -0.2918891906738281], [127.12904357910156, -0.5418968200683594]], [[129.9627227783203, -0.4585609436035156], [129.9627227783203, -0.3752250671386719], [129.87937927246094, -0.3752250671386719], [129.87937927246094, -0.4585609436035156], [129.9627227783203, -0.4585609436035156]], [[130.54612731933594, -0.5418968200683594], [130.54612731933594, -0.4585609436035156], [130.46278381347656, -0.4585609436035156], [130.46278381347656, -0.5418968200683594], [130.54612731933594, -0.5418968200683594]], [[127.21238708496094, -0.6252326965332031], [127.21238708496094, -0.7085685729980469], [127.12904357910156, -0.7085685729980469], [127.12904357910156, -0.7919044494628906], [127.29573059082031, -0.7919044494628906], [127.29573059082031, -0.6252326965332031], [127.21238708496094, -0.6252326965332031]], [[135.7134246826172, -0.8752403259277344], [135.7134246826172, -0.7919044494628906], [135.79676818847656, -0.7919044494628906], [135.79676818847656, -1.1252479553222656], [136.0467987060547, -1.1252479553222656], [136.0467987060547, -1.2085838317871094], [136.2968292236328, -1.2085838317871094], [136.2968292236328, -1.1252479553222656], [136.3801727294922, -1.1252479553222656], [136.3801727294922, -1.0419120788574219], [136.13014221191406, -1.0419120788574219], [136.13014221191406, -0.8752403259277344], [136.0467987060547, -0.8752403259277344], [136.0467987060547, -0.7919044494628906], [135.88011169433594, -0.7919044494628906], [135.88011169433594, -0.7085685729980469], [135.6300811767578, -0.7085685729980469], [135.6300811767578, -0.6252326965332031], [135.3800506591797, -0.6252326965332031], [135.3800506591797, -0.7085685729980469], [135.46339416503906, -0.7085685729980469], [135.46339416503906, -0.7919044494628906], [135.54673767089844, -0.7919044494628906], [135.54673767089844, -0.8752403259277344], [135.7134246826172, -0.8752403259277344]], [[130.2960968017578, -0.7919044494628906], [130.2960968017578, -0.7085685729980469], [130.21275329589844, -0.7085685729980469], [130.21275329589844, -0.7919044494628906], [130.2960968017578, -0.7919044494628906]], [[134.9633331298828, -1.1252479553222656], [134.9633331298828, -0.9585762023925781], [134.79664611816406, -0.9585762023925781], [134.79664611816406, -1.1252479553222656], [134.9633331298828, -1.1252479553222656]], [[127.46241760253906, -1.2085838317871094], [127.46241760253906, -1.1252479553222656], [127.37907409667969, -1.1252479553222656], [127.37907409667969, -1.2085838317871094], [127.46241760253906, -1.2085838317871094]], [[127.46241760253906, -1.2919197082519531], [127.71244812011719, -1.2919197082519531], [127.71244812011719, -1.2085838317871094], [127.46241760253906, -1.2085838317871094], [127.46241760253906, -1.2919197082519531]], [[129.3793182373047, -1.2085838317871094], [129.3793182373047, -1.1252479553222656], [129.2959747314453, -1.1252479553222656], [129.2959747314453, -1.2085838317871094], [129.3793182373047, -1.2085838317871094]], [[129.79603576660156, -1.1252479553222656], [129.79603576660156, -1.2919197082519531], [129.87937927246094, -1.2919197082519531], [129.87937927246094, -1.2085838317871094], [129.9627227783203, -1.2085838317871094], [129.9627227783203, -1.1252479553222656], [129.79603576660156, -1.1252479553222656]], [[127.37907409667969, -1.4585914611816406], [127.37907409667969, -1.3752555847167969], [127.29573059082031, -1.3752555847167969], [127.29573059082031, -1.4585914611816406], [127.37907409667969, -1.4585914611816406]], [[127.46241760253906, -1.6252632141113281], [127.46241760253906, -1.7085990905761719], [128.12916564941406, -1.7085990905761719], [128.12916564941406, -1.5419273376464844], [127.96247863769531, -1.5419273376464844], [127.96247863769531, -1.4585914611816406], [127.79579162597656, -1.4585914611816406], [127.79579162597656, -1.3752555847167969], [127.54576110839844, -1.3752555847167969], [127.54576110839844, -1.4585914611816406], [127.46241760253906, -1.4585914611816406], [127.46241760253906, -1.5419273376464844], [127.37907409667969, -1.5419273376464844], [127.37907409667969, -1.6252632141113281], [127.46241760253906, -1.6252632141113281]], [[128.21250915527344, -2.2086143493652344], [128.21250915527344, -2.291950225830078], [129.3793182373047, -2.291950225830078], [129.3793182373047, -2.2086143493652344], [129.2959747314453, -2.2086143493652344], [129.2959747314453, -2.1252784729003906], [129.21263122558594, -2.1252784729003906], [129.21263122558594, -2.041942596435547], [129.12928771972656, -2.041942596435547], [129.12928771972656, -1.9586067199707031], [129.0459442138672, -1.9586067199707031], [129.0459442138672, -1.8752708435058594], [128.9626007080078, -1.8752708435058594], [128.9626007080078, -1.7085990905761719], [129.0459442138672, -1.7085990905761719], [129.0459442138672, -1.5419273376464844], [128.9626007080078, -1.5419273376464844], [128.9626007080078, -1.4585914611816406], [128.79591369628906, -1.4585914611816406], [128.79591369628906, -1.3752555847167969], [128.6292266845703, -1.3752555847167969], [128.6292266845703, -1.4585914611816406], [128.54588317871094, -1.4585914611816406], [128.54588317871094, -2.1252784729003906], [128.2958526611328, -2.1252784729003906], [128.2958526611328, -2.2086143493652344], [128.21250915527344, -2.2086143493652344]], [[130.46278381347656, -1.4585914611816406], [130.46278381347656, -1.3752555847167969], [130.3794403076172, -1.3752555847167969], [130.3794403076172, -1.4585914611816406], [130.46278381347656, -1.4585914611816406]], [[125.54551696777344, -1.5419273376464844], [125.54551696777344, -1.4585914611816406], [125.46217346191406, -1.4585914611816406], [125.46217346191406, -1.5419273376464844], [125.54551696777344, -1.5419273376464844]], [[135.21336364746094, -1.5419273376464844], [135.21336364746094, -1.4585914611816406], [135.13002014160156, -1.4585914611816406], [135.13002014160156, -1.5419273376464844], [135.21336364746094, -1.5419273376464844]], [[123.21189880371094, -1.6252632141113281], [123.21189880371094, -1.5419273376464844], [123.12855529785156, -1.5419273376464844], [123.12855529785156, -1.6252632141113281], [123.21189880371094, -1.6252632141113281]], [[136.2968292236328, -1.8752708435058594], [136.2968292236328, -1.9586067199707031], [136.3801727294922, -1.9586067199707031], [136.3801727294922, -1.8752708435058594], [136.7135467529297, -1.8752708435058594], [136.7135467529297, -1.7919349670410156], [136.79689025878906, -1.7919349670410156], [136.79689025878906, -1.7085990905761719], [136.21348571777344, -1.7085990905761719], [136.21348571777344, -1.6252632141113281], [135.46339416503906, -1.6252632141113281], [135.46339416503906, -1.7085990905761719], [135.88011169433594, -1.7085990905761719], [135.88011169433594, -1.7919349670410156], [136.0467987060547, -1.7919349670410156], [136.0467987060547, -1.8752708435058594], [136.2968292236328, -1.8752708435058594]], [[130.2960968017578, -2.041942596435547], [130.2960968017578, -1.9586067199707031], [130.3794403076172, -1.9586067199707031], [130.3794403076172, -1.8752708435058594], [130.46278381347656, -1.8752708435058594], [130.46278381347656, -1.7919349670410156], [130.3794403076172, -1.7919349670410156], [130.3794403076172, -1.7085990905761719], [130.0460662841797, -1.7085990905761719], [130.0460662841797, -1.7919349670410156], [129.79603576660156, -1.7919349670410156], [129.79603576660156, -1.9586067199707031], [129.9627227783203, -1.9586067199707031], [129.9627227783203, -2.041942596435547], [130.2960968017578, -2.041942596435547]], [[130.3794403076172, -2.1252784729003906], [130.46278381347656, -2.1252784729003906], [130.46278381347656, -1.9586067199707031], [130.3794403076172, -1.9586067199707031], [130.3794403076172, -2.1252784729003906]], [[123.12855529785156, -1.8752708435058594], [123.12855529785156, -1.7919349670410156], [123.04521179199219, -1.7919349670410156], [123.04521179199219, -1.8752708435058594], [123.12855529785156, -1.8752708435058594]], [[124.04533386230469, -1.8752708435058594], [124.04533386230469, -1.7919349670410156], [123.96199035644531, -1.7919349670410156], [123.96199035644531, -1.8752708435058594], [124.04533386230469, -1.8752708435058594]], [[127.62910461425781, -1.8752708435058594], [127.62910461425781, -1.7919349670410156], [127.54576110839844, -1.7919349670410156], [127.54576110839844, -1.8752708435058594], [127.62910461425781, -1.8752708435058594]], [[123.87864685058594, -2.041942596435547], [123.87864685058594, -1.9586067199707031], [123.79530334472656, -1.9586067199707031], [123.79530334472656, -2.041942596435547], [123.87864685058594, -2.041942596435547]], [[126.71232604980469, -2.2086143493652344], [126.71232604980469, -2.625293731689453], [127.04570007324219, -2.625293731689453], [127.04570007324219, -2.708629608154297], [127.12904357910156, -2.708629608154297], [127.12904357910156, -3.1253089904785156], [126.87901306152344, -3.1253089904785156], [126.87901306152344, -3.041973114013672], [126.37895202636719, -3.041973114013672], [126.37895202636719, -3.1253089904785156], [126.21226501464844, -3.1253089904785156], [126.21226501464844, -3.2086448669433594], [126.12892150878906, -3.2086448669433594], [126.12892150878906, -3.1253089904785156], [126.04557800292969, -3.1253089904785156], [126.04557800292969, -3.4586524963378906], [126.12892150878906, -3.4586524963378906], [126.12892150878906, -3.625324249267578], [126.29560852050781, -3.625324249267578], [126.29560852050781, -3.708660125732422], [126.46229553222656, -3.708660125732422], [126.46229553222656, -3.7919960021972656], [126.62898254394531, -3.7919960021972656], [126.62898254394531, -3.8753318786621094], [126.79566955566406, -3.8753318786621094], [126.79566955566406, -3.7919960021972656], [126.96235656738281, -3.7919960021972656], [126.96235656738281, -3.708660125732422], [127.21238708496094, -3.708660125732422], [127.21238708496094, -3.5419883728027344], [127.29573059082031, -3.5419883728027344], [127.29573059082031, -3.1253089904785156], [127.37907409667969, -3.1253089904785156], [127.37907409667969, -3.041973114013672], [127.46241760253906, -3.041973114013672], [127.46241760253906, -2.958637237548828], [127.71244812011719, -2.958637237548828], [127.71244812011719, -2.708629608154297], [127.79579162597656, -2.708629608154297], [127.79579162597656, -2.375286102294922], [127.87913513183594, -2.375286102294922], [127.87913513183594, -2.291950225830078], [127.29573059082031, -2.291950225830078], [127.29573059082031, -2.2086143493652344], [127.21238708496094, -2.2086143493652344], [127.21238708496094, -2.1252784729003906], [127.12904357910156, -2.1252784729003906], [127.12904357910156, -2.041942596435547], [127.04570007324219, -2.041942596435547], [127.04570007324219, -1.9586067199707031], [126.96235656738281, -1.9586067199707031], [126.96235656738281, -2.041942596435547], [126.87901306152344, -2.041942596435547], [126.87901306152344, -2.1252784729003906], [126.79566955566406, -2.1252784729003906], [126.79566955566406, -2.2086143493652344], [126.71232604980469, -2.2086143493652344]], [[134.3799285888672, -2.1252784729003906], [134.3799285888672, -2.041942596435547], [134.2965850830078, -2.041942596435547], [134.2965850830078, -2.1252784729003906], [134.3799285888672, -2.1252784729003906]], [[123.71195983886719, -2.2086143493652344], [123.71195983886719, -2.1252784729003906], [123.62861633300781, -2.1252784729003906], [123.62861633300781, -2.2086143493652344], [123.71195983886719, -2.2086143493652344]], [[130.6294708251953, -2.291950225830078], [130.6294708251953, -2.2086143493652344], [130.54612731933594, -2.2086143493652344], [130.54612731933594, -2.291950225830078], [130.6294708251953, -2.291950225830078]], [[127.79579162597656, -3.2086448669433594], [127.79579162597656, -3.1253089904785156], [127.71244812011719, -3.1253089904785156], [127.71244812011719, -3.2086448669433594], [127.79579162597656, -3.2086448669433594]], [[127.62910461425781, -3.375316619873047], [127.62910461425781, -3.291980743408203], [127.54576110839844, -3.291980743408203], [127.54576110839844, -3.375316619873047], [127.62910461425781, -3.375316619873047]], [[127.96247863769531, -3.5419883728027344], [127.96247863769531, -3.4586524963378906], [127.87913513183594, -3.4586524963378906], [127.87913513183594, -3.5419883728027344], [127.96247863769531, -3.5419883728027344]], [[128.2958526611328, -3.708660125732422], [128.2958526611328, -3.4586524963378906], [128.21250915527344, -3.4586524963378906], [128.21250915527344, -3.708660125732422], [128.2958526611328, -3.708660125732422]], [[123.21189880371094, -3.625324249267578], [123.21189880371094, -3.5419883728027344], [123.04521179199219, -3.5419883728027344], [123.04521179199219, -3.625324249267578], [123.21189880371094, -3.625324249267578]], [[127.96247863769531, -3.625324249267578], [127.96247863769531, -3.7919960021972656], [128.0458221435547, -3.7919960021972656], [128.0458221435547, -3.708660125732422], [128.12916564941406, -3.708660125732422], [128.12916564941406, -3.625324249267578], [127.96247863769531, -3.625324249267578]], [[127.21238708496094, -3.8753318786621094], [127.21238708496094, -3.7919960021972656], [127.12904357910156, -3.7919960021972656], [127.12904357910156, -3.8753318786621094], [127.21238708496094, -3.8753318786621094]], [[129.79603576660156, -3.8753318786621094], [129.79603576660156, -3.7919960021972656], [129.46266174316406, -3.7919960021972656], [129.46266174316406, -3.8753318786621094], [129.79603576660156, -3.8753318786621094]], [[123.21189880371094, -4.208675384521484], [123.21189880371094, -4.125339508056641], [123.29524230957031, -4.125339508056641], [123.29524230957031, -4.042003631591797], [123.04521179199219, -4.042003631591797], [123.04521179199219, -3.958667755126953], [122.96186828613281, -3.958667755126953], [122.96186828613281, -4.208675384521484], [123.04521179199219, -4.208675384521484], [123.04521179199219, -4.292011260986328], [123.12855529785156, -4.292011260986328], [123.12855529785156, -4.208675384521484], [123.21189880371094, -4.208675384521484]], [[131.46290588378906, -4.042003631591797], [131.46290588378906, -3.958667755126953], [131.3795623779297, -3.958667755126953], [131.3795623779297, -4.042003631591797], [131.46290588378906, -4.042003631591797]], [[121.37834167480469, -4.125339508056641], [121.37834167480469, -4.042003631591797], [121.29499816894531, -4.042003631591797], [121.29499816894531, -4.125339508056641], [121.37834167480469, -4.125339508056641]], [[131.7129364013672, -4.542018890380859], [131.7129364013672, -4.458683013916016], [131.6295928955078, -4.458683013916016], [131.6295928955078, -4.542018890380859], [131.7129364013672, -4.542018890380859]], [[131.79627990722656, -4.792026519775391], [131.79627990722656, -4.708690643310547], [131.7129364013672, -4.708690643310547], [131.7129364013672, -4.792026519775391], [131.79627990722656, -4.792026519775391]], [[121.54502868652344, -6.042064666748047], [121.54502868652344, -6.125400543212891], [121.62837219238281, -6.125400543212891], [121.62837219238281, -6.292072296142578], [121.71171569824219, -6.292072296142578], [121.71171569824219, -6.375408172607422], [121.79505920410156, -6.375408172607422], [121.79505920410156, -6.458744049072266], [122.12843322753906, -6.458744049072266], [122.12843322753906, -6.375408172607422], [122.04508972167969, -6.375408172607422], [122.04508972167969, -6.042064666748047], [121.96174621582031, -6.042064666748047], [121.96174621582031, -5.958728790283203], [121.54502868652344, -5.958728790283203], [121.54502868652344, -5.875392913818359], [121.46168518066406, -5.875392913818359], [121.46168518066406, -5.792057037353516], [121.37834167480469, -5.792057037353516], [121.37834167480469, -5.625385284423828], [121.29499816894531, -5.625385284423828], [121.29499816894531, -5.208705902099609], [121.04496765136719, -5.208705902099609], [121.04496765136719, -5.125370025634766], [120.96162414550781, -5.125370025634766], [120.96162414550781, -5.875392913818359], [121.12831115722656, -5.875392913818359], [121.12831115722656, -5.958728790283203], [121.29499816894531, -5.958728790283203], [121.29499816894531, -6.042064666748047], [121.54502868652344, -6.042064666748047]], [[122.04508972167969, -5.458713531494141], [122.04508972167969, -5.125370025634766], [121.79505920410156, -5.125370025634766], [121.79505920410156, -5.292041778564453], [121.87840270996094, -5.292041778564453], [121.87840270996094, -5.375377655029297], [121.96174621582031, -5.375377655029297], [121.96174621582031, -5.458713531494141], [122.04508972167969, -5.458713531494141]], [[123.62861633300781, -5.375377655029297], [123.62861633300781, -5.208705902099609], [123.54527282714844, -5.208705902099609], [123.54527282714844, -5.375377655029297], [123.62861633300781, -5.375377655029297]], [[124.37870788574219, -5.375377655029297], [124.37870788574219, -5.292041778564453], [124.29536437988281, -5.292041778564453], [124.29536437988281, -5.375377655029297], [124.37870788574219, -5.375377655029297]], [[132.0463104248047, -5.375377655029297], [132.0463104248047, -5.292041778564453], [131.9629669189453, -5.292041778564453], [131.9629669189453, -5.375377655029297], [132.0463104248047, -5.375377655029297]], [[133.21311950683594, -5.375377655029297], [133.21311950683594, -5.292041778564453], [133.12977600097656, -5.292041778564453], [133.12977600097656, -5.375377655029297], [133.21311950683594, -5.375377655029297]], [[133.0464324951172, -5.375377655029297], [133.0464324951172, -5.625385284423828], [133.12977600097656, -5.625385284423828], [133.12977600097656, -5.375377655029297], [133.0464324951172, -5.375377655029297]], [[132.9630889892578, -5.625385284423828], [132.9630889892578, -5.708721160888672], [133.0464324951172, -5.708721160888672], [133.0464324951172, -5.625385284423828], [132.9630889892578, -5.625385284423828]], [[134.6299591064453, -5.375377655029297], [134.6299591064453, -5.292041778564453], [134.54661560058594, -5.292041778564453], [134.54661560058594, -5.375377655029297], [134.6299591064453, -5.375377655029297]], [[123.79530334472656, -5.542049407958984], [123.79530334472656, -5.458713531494141], [123.71195983886719, -5.458713531494141], [123.71195983886719, -5.542049407958984], [123.79530334472656, -5.542049407958984]], [[123.79530334472656, -5.625385284423828], [123.87864685058594, -5.625385284423828], [123.87864685058594, -5.542049407958984], [123.79530334472656, -5.542049407958984], [123.79530334472656, -5.625385284423828]], [[132.79640197753906, -5.542049407958984], [132.79640197753906, -5.458713531494141], [132.7130584716797, -5.458713531494141], [132.7130584716797, -5.542049407958984], [132.79640197753906, -5.542049407958984]], [[132.0463104248047, -5.625385284423828], [132.0463104248047, -5.542049407958984], [131.9629669189453, -5.542049407958984], [131.9629669189453, -5.625385284423828], [132.0463104248047, -5.625385284423828]], [[122.54515075683594, -5.708721160888672], [122.54515075683594, -5.625385284423828], [122.46180725097656, -5.625385284423828], [122.46180725097656, -5.708721160888672], [122.54515075683594, -5.708721160888672]], [[132.7130584716797, -5.708721160888672], [132.7130584716797, -5.625385284423828], [132.6297149658203, -5.625385284423828], [132.6297149658203, -5.708721160888672], [132.7130584716797, -5.708721160888672]], [[132.7130584716797, -5.958728790283203], [132.79640197753906, -5.958728790283203], [132.79640197753906, -5.708721160888672], [132.7130584716797, -5.708721160888672], [132.7130584716797, -5.958728790283203]], [[123.96199035644531, -5.792057037353516], [123.96199035644531, -5.708721160888672], [123.87864685058594, -5.708721160888672], [123.87864685058594, -5.792057037353516], [123.96199035644531, -5.792057037353516]], [[120.54490661621094, -6.375408172607422], [120.54490661621094, -5.792057037353516], [120.46156311035156, -5.792057037353516], [120.46156311035156, -6.125400543212891], [120.37821960449219, -6.125400543212891], [120.37821960449219, -6.208736419677734], [120.46156311035156, -6.208736419677734], [120.46156311035156, -6.375408172607422], [120.54490661621094, -6.375408172607422]], [[132.6297149658203, -5.875392913818359], [132.6297149658203, -5.792057037353516], [132.54637145996094, -5.792057037353516], [132.54637145996094, -5.875392913818359], [132.6297149658203, -5.875392913818359]], [[132.9630889892578, -5.875392913818359], [132.9630889892578, -5.792057037353516], [132.87974548339844, -5.792057037353516], [132.87974548339844, -5.875392913818359], [132.9630889892578, -5.875392913818359]], [[124.04533386230469, -5.958728790283203], [124.04533386230469, -5.875392913818359], [123.96199035644531, -5.875392913818359], [123.96199035644531, -5.958728790283203], [124.04533386230469, -5.958728790283203]], [[132.2963409423828, -6.458744049072266], [132.2963409423828, -6.375408172607422], [132.3796844482422, -6.375408172607422], [132.3796844482422, -6.208736419677734], [132.21299743652344, -6.208736419677734], [132.21299743652344, -6.292072296142578], [132.12965393066406, -6.292072296142578], [132.12965393066406, -6.375408172607422], [132.21299743652344, -6.375408172607422], [132.21299743652344, -6.458744049072266], [132.2963409423828, -6.458744049072266]], [[129.54600524902344, -6.792087554931641], [129.54600524902344, -6.708751678466797], [129.46266174316406, -6.708751678466797], [129.46266174316406, -6.792087554931641], [129.54600524902344, -6.792087554931641]], [[134.7133026123047, -6.792087554931641], [134.7133026123047, -6.708751678466797], [134.6299591064453, -6.708751678466797], [134.6299591064453, -6.792087554931641], [134.7133026123047, -6.792087554931641]], [[118.21128845214844, -7.125431060791016], [118.21128845214844, -7.042095184326172], [118.12794494628906, -7.042095184326172], [118.12794494628906, -7.125431060791016], [118.21128845214844, -7.125431060791016]], [[120.79493713378906, -7.125431060791016], [120.79493713378906, -7.042095184326172], [120.54490661621094, -7.042095184326172], [120.54490661621094, -7.125431060791016], [120.79493713378906, -7.125431060791016]], [[128.54588317871094, -7.042095184326172], [128.54588317871094, -7.208766937255859], [128.7125701904297, -7.208766937255859], [128.7125701904297, -7.125431060791016], [128.6292266845703, -7.125431060791016], [128.6292266845703, -7.042095184326172], [128.54588317871094, -7.042095184326172]], [[131.21287536621094, -7.458774566650391], [131.21287536621094, -7.625446319580078], [131.0461883544922, -7.625446319580078], [131.0461883544922, -7.708782196044922], [130.9628448486328, -7.708782196044922], [130.9628448486328, -7.792118072509766], [131.12953186035156, -7.792118072509766], [131.12953186035156, -7.958789825439453], [131.3795623779297, -7.958789825439453], [131.3795623779297, -7.875453948974609], [131.46290588378906, -7.875453948974609], [131.46290588378906, -7.708782196044922], [131.6295928955078, -7.708782196044922], [131.6295928955078, -7.125431060791016], [131.54624938964844, -7.125431060791016], [131.54624938964844, -7.208766937255859], [131.46290588378906, -7.208766937255859], [131.46290588378906, -7.375438690185547], [131.3795623779297, -7.375438690185547], [131.3795623779297, -7.458774566650391], [131.21287536621094, -7.458774566650391]], [[131.79627990722656, -7.208766937255859], [131.79627990722656, -7.125431060791016], [131.7129364013672, -7.125431060791016], [131.7129364013672, -7.208766937255859], [131.79627990722656, -7.208766937255859]], [[131.9629669189453, -7.208766937255859], [131.9629669189453, -7.125431060791016], [131.87962341308594, -7.125431060791016], [131.87962341308594, -7.208766937255859], [131.9629669189453, -7.208766937255859]], [[121.12831115722656, -7.375438690185547], [121.12831115722656, -7.292102813720703], [121.04496765136719, -7.292102813720703], [121.04496765136719, -7.375438690185547], [121.12831115722656, -7.375438690185547]], [[131.2962188720703, -7.375438690185547], [131.2962188720703, -7.292102813720703], [131.21287536621094, -7.292102813720703], [131.21287536621094, -7.375438690185547], [131.2962188720703, -7.375438690185547]], [[131.0461883544922, -7.542110443115234], [131.0461883544922, -7.458774566650391], [130.9628448486328, -7.458774566650391], [130.9628448486328, -7.542110443115234], [131.0461883544922, -7.542110443115234]], [[125.87889099121094, -7.625446319580078], [125.87889099121094, -7.875453948974609], [125.79554748535156, -7.875453948974609], [125.79554748535156, -7.958789825439453], [125.96223449707031, -7.958789825439453], [125.96223449707031, -7.875453948974609], [126.12892150878906, -7.875453948974609], [126.12892150878906, -7.958789825439453], [126.29560852050781, -7.958789825439453], [126.29560852050781, -7.875453948974609], [126.37895202636719, -7.875453948974609], [126.37895202636719, -7.958789825439453], [126.54563903808594, -7.958789825439453], [126.54563903808594, -7.792118072509766], [126.71232604980469, -7.792118072509766], [126.71232604980469, -7.708782196044922], [126.79566955566406, -7.708782196044922], [126.79566955566406, -7.625446319580078], [126.71232604980469, -7.625446319580078], [126.71232604980469, -7.542110443115234], [126.54563903808594, -7.542110443115234], [126.54563903808594, -7.625446319580078], [126.37895202636719, -7.625446319580078], [126.37895202636719, -7.708782196044922], [125.96223449707031, -7.708782196044922], [125.96223449707031, -7.625446319580078], [125.87889099121094, -7.625446319580078]], [[125.71220397949219, -7.958789825439453], [125.71220397949219, -8.042125701904297], [125.79554748535156, -8.042125701904297], [125.79554748535156, -7.958789825439453], [125.71220397949219, -7.958789825439453]], [[127.46241760253906, -7.625446319580078], [127.46241760253906, -7.542110443115234], [127.37907409667969, -7.542110443115234], [127.37907409667969, -7.625446319580078], [127.46241760253906, -7.625446319580078]], [[129.87937927246094, -7.958789825439453], [129.87937927246094, -7.792118072509766], [129.6293487548828, -7.792118072509766], [129.6293487548828, -7.958789825439453], [129.7126922607422, -7.958789825439453], [129.7126922607422, -8.042125701904297], [129.79603576660156, -8.042125701904297], [129.79603576660156, -7.958789825439453], [129.87937927246094, -7.958789825439453]], [[124.62873840332031, -8.458805084228516], [124.62873840332031, -8.375469207763672], [125.12879943847656, -8.375469207763672], [125.12879943847656, -8.12546157836914], [125.21214294433594, -8.12546157836914], [125.21214294433594, -8.042125701904297], [125.04545593261719, -8.042125701904297], [125.04545593261719, -8.12546157836914], [124.46205139160156, -8.12546157836914], [124.46205139160156, -8.208797454833984], [124.37870788574219, -8.208797454833984], [124.37870788574219, -8.458805084228516], [124.62873840332031, -8.458805084228516]], [[127.21238708496094, -8.12546157836914], [127.21238708496094, -8.042125701904297], [127.12904357910156, -8.042125701904297], [127.12904357910156, -8.12546157836914], [127.21238708496094, -8.12546157836914]], [[119.12806701660156, -8.292133331298828], [119.12806701660156, -8.12546157836914], [119.04472351074219, -8.12546157836914], [119.04472351074219, -8.292133331298828], [119.12806701660156, -8.292133331298828]], [[127.71244812011719, -8.208797454833984], [127.71244812011719, -8.12546157836914], [127.62910461425781, -8.12546157836914], [127.62910461425781, -8.208797454833984], [127.71244812011719, -8.208797454833984]], [[128.12916564941406, -8.208797454833984], [128.12916564941406, -8.12546157836914], [127.79579162597656, -8.12546157836914], [127.79579162597656, -8.208797454833984], [127.96247863769531, -8.208797454833984], [127.96247863769531, -8.292133331298828], [128.21250915527344, -8.292133331298828], [128.21250915527344, -8.208797454833984], [128.12916564941406, -8.208797454833984]], [[131.12953186035156, -8.208797454833984], [131.12953186035156, -8.12546157836914], [130.9628448486328, -8.12546157836914], [130.9628448486328, -8.208797454833984], [131.12953186035156, -8.208797454833984]], [[129.0459442138672, -8.292133331298828], [129.0459442138672, -8.208797454833984], [128.9626007080078, -8.208797454833984], [128.9626007080078, -8.292133331298828], [129.0459442138672, -8.292133331298828]], [[128.54588317871094, -8.375469207763672], [128.54588317871094, -8.292133331298828], [128.46253967285156, -8.292133331298828], [128.46253967285156, -8.375469207763672], [128.54588317871094, -8.375469207763672]]], [[[134.54661560058594, -2.8753013610839844], [134.46327209472656, -2.8753013610839844], [134.46327209472656, -2.708629608154297], [134.54661560058594, -2.708629608154297], [134.54661560058594, -2.8753013610839844]]], [[[133.9632110595703, -2.2086143493652344], [133.87986755371094, -2.2086143493652344], [133.87986755371094, -2.1252784729003906], [133.9632110595703, -2.1252784729003906], [133.9632110595703, -2.2086143493652344]]], [[[130.7128143310547, -0.12521743774414062], [130.79615783691406, -0.12521743774414062], [130.79615783691406, -0.20855331420898438], [130.87950134277344, -0.20855331420898438], [130.87950134277344, -0.2918891906738281], [130.7128143310547, -0.2918891906738281], [130.7128143310547, -0.12521743774414062]]], [[[125.29548645019531, 0.7914772033691406], [125.21214294433594, 0.7914772033691406], [125.21214294433594, 0.7081413269042969], [125.12879943847656, 0.7081413269042969], [125.12879943847656, 0.6248054504394531], [124.96211242675781, 0.6248054504394531], [124.96211242675781, 0.7914772033691406], [124.87876892089844, 0.7914772033691406], [124.87876892089844, 0.9581489562988281], [124.96211242675781, 0.9581489562988281], [124.96211242675781, 1.1248207092285156], [125.12879943847656, 1.1248207092285156], [125.12879943847656, 1.0414848327636719], [125.21214294433594, 1.0414848327636719], [125.21214294433594, 0.9581489562988281], [125.29548645019531, 0.9581489562988281], [125.29548645019531, 0.7914772033691406]]], [[[125.46217346191406, 1.2914924621582031], [125.37882995605469, 1.2914924621582031], [125.37882995605469, 1.3748283386230469], [125.29548645019531, 1.3748283386230469], [125.29548645019531, 1.4581642150878906], [125.21214294433594, 1.4581642150878906], [125.21214294433594, 1.5415000915527344], [125.12879943847656, 1.5415000915527344], [125.12879943847656, 1.6248359680175781], [125.37882995605469, 1.6248359680175781], [125.37882995605469, 1.5415000915527344], [125.62886047363281, 1.5415000915527344], [125.62886047363281, 1.2081565856933594], [125.46217346191406, 1.2081565856933594], [125.46217346191406, 1.2914924621582031]]], [[[127.71244812011719, 1.8748435974121094], [127.62910461425781, 1.8748435974121094], [127.62910461425781, 2.2081871032714844], [127.71244812011719, 2.2081871032714844], [127.71244812011719, 2.1248512268066406], [127.79579162597656, 2.1248512268066406], [127.79579162597656, 1.9581794738769531], [127.71244812011719, 1.9581794738769531], [127.71244812011719, 1.8748435974121094]]], [[[125.79554748535156, 2.708202362060547], [125.46217346191406, 2.708202362060547], [125.46217346191406, 2.7915382385253906], [125.37882995605469, 2.7915382385253906], [125.37882995605469, 2.958209991455078], [125.71220397949219, 2.958209991455078], [125.71220397949219, 2.8748741149902344], [125.87889099121094, 2.8748741149902344], [125.87889099121094, 2.7915382385253906], [125.79554748535156, 2.7915382385253906], [125.79554748535156, 2.708202362060547]]], [[[125.71220397949219, 3.5415611267089844], [125.79554748535156, 3.5415611267089844], [125.79554748535156, 3.4582252502441406], [125.87889099121094, 3.4582252502441406], [125.87889099121094, 3.374889373779297], [125.71220397949219, 3.374889373779297], [125.71220397949219, 3.5415611267089844]]], [[[126.79566955566406, 4.624927520751953], [126.79566955566406, 4.541591644287109], [126.71232604980469, 4.541591644287109], [126.71232604980469, 4.291584014892578], [126.79566955566406, 4.291584014892578], [126.79566955566406, 4.208248138427734], [126.87901306152344, 4.208248138427734], [126.87901306152344, 4.374919891357422], [127.12904357910156, 4.374919891357422], [127.12904357910156, 4.291584014892578], [127.29573059082031, 4.291584014892578], [127.29573059082031, 3.958240509033203], [126.96235656738281, 3.958240509033203], [126.96235656738281, 3.8749046325683594], [126.87901306152344, 3.8749046325683594], [126.87901306152344, 3.7915687561035156], [126.79566955566406, 3.7915687561035156], [126.79566955566406, 3.4582252502441406], [126.54563903808594, 3.4582252502441406], [126.54563903808594, 3.5415611267089844], [126.37895202636719, 3.5415611267089844], [126.37895202636719, 3.708232879638672], [126.46229553222656, 3.708232879638672], [126.46229553222656, 3.958240509033203], [126.37895202636719, 3.958240509033203], [126.37895202636719, 4.374919891357422], [126.29560852050781, 4.374919891357422], [126.29560852050781, 4.541591644287109], [126.21226501464844, 4.541591644287109], [126.21226501464844, 4.791599273681641], [126.29560852050781, 4.791599273681641], [126.29560852050781, 4.874935150146484], [126.46229553222656, 4.874935150146484], [126.46229553222656, 4.791599273681641], [126.54563903808594, 4.791599273681641], [126.54563903808594, 4.708263397216797], [126.62898254394531, 4.708263397216797], [126.62898254394531, 4.624927520751953], [126.79566955566406, 4.624927520751953]], [[126.79566955566406, 3.8749046325683594], [126.71232604980469, 3.8749046325683594], [126.71232604980469, 3.7915687561035156], [126.79566955566406, 3.7915687561035156], [126.79566955566406, 3.8749046325683594]], [[126.71232604980469, 3.958240509033203], [126.62898254394531, 3.958240509033203], [126.62898254394531, 3.8749046325683594], [126.71232604980469, 3.8749046325683594], [126.71232604980469, 3.958240509033203]], [[126.79566955566406, 3.958240509033203], [126.79566955566406, 4.124912261962891], [126.71232604980469, 4.124912261962891], [126.71232604980469, 3.958240509033203], [126.79566955566406, 3.958240509033203]]], [[[126.79566955566406, 4.458255767822266], [126.79566955566406, 4.541591644287109], [126.87901306152344, 4.541591644287109], [126.87901306152344, 4.458255767822266], [126.79566955566406, 4.458255767822266]]]]}}, {"type": "Feature", "properties": {"date": "2026-09-09", "category_id": 1, "level": "waspada", "kategori": "Risiko Sedang", "color": "#FFFF00"}, "geometry": {"type": "MultiPolygon", "coordinates": [[[[103.29280090332031, -4.792026519775391], [103.37614440917969, -4.792026519775391], [103.37614440917969, -4.875362396240234], [103.54283142089844, -4.875362396240234], [103.54283142089844, -4.958698272705078], [103.70951843261719, -4.958698272705078], [103.70951843261719, -5.042034149169922], [103.87620544433594, -5.042034149169922], [103.87620544433594, -5.125370025634766], [103.95954895019531, -5.125370025634766], [103.95954895019531, -5.292041778564453], [104.04289245605469, -5.292041778564453], [104.04289245605469, -5.375377655029297], [104.12623596191406, -5.375377655029297], [104.12623596191406, -5.458713531494141], [104.20957946777344, -5.458713531494141], [104.20957946777344, -5.542049407958984], [104.29292297363281, -5.542049407958984], [104.29292297363281, -5.625385284423828], [104.37626647949219, -5.625385284423828], [104.37626647949219, -5.708721160888672], [104.45960998535156, -5.708721160888672], [104.45960998535156, -5.792057037353516], [104.54295349121094, -5.792057037353516], [104.54295349121094, -5.958728790283203], [104.70964050292969, -5.958728790283203], [104.70964050292969, -5.792057037353516], [104.79298400878906, -5.792057037353516], [104.79298400878906, -5.875392913818359], [104.87632751464844, -5.875392913818359], [104.87632751464844, -5.792057037353516], [104.95967102050781, -5.792057037353516], [104.95967102050781, -5.708721160888672], [105.04301452636719, -5.708721160888672], [105.04301452636719, -5.792057037353516], [105.12635803222656, -5.792057037353516], [105.12635803222656, -5.875392913818359], [105.45973205566406, -5.875392913818359], [105.45973205566406, -6.042064666748047], [105.54307556152344, -6.042064666748047], [105.54307556152344, -6.208736419677734], [105.45973205566406, -6.208736419677734], [105.45973205566406, -6.292072296142578], [105.37638854980469, -6.292072296142578], [105.37638854980469, -6.375408172607422], [105.29304504394531, -6.375408172607422], [105.29304504394531, -6.542079925537109], [105.20970153808594, -6.542079925537109], [105.20970153808594, -6.625415802001953], [105.29304504394531, -6.625415802001953], [105.29304504394531, -6.708751678466797], [105.20970153808594, -6.708751678466797], [105.20970153808594, -6.875423431396484], [105.29304504394531, -6.875423431396484], [105.29304504394531, -6.792087554931641], [105.37638854980469, -6.792087554931641], [105.37638854980469, -6.875423431396484], [105.87644958496094, -6.875423431396484], [105.87644958496094, -6.792087554931641], [106.04313659667969, -6.792087554931641], [106.04313659667969, -6.875423431396484], [106.12648010253906, -6.875423431396484], [106.12648010253906, -6.958759307861328], [106.29316711425781, -6.958759307861328], [106.29316711425781, -7.042095184326172], [106.37651062011719, -7.042095184326172], [106.37651062011719, -7.125431060791016], [106.45985412597656, -7.125431060791016], [106.45985412597656, -7.208766937255859], [106.37651062011719, -7.208766937255859], [106.37651062011719, -7.375438690185547], [106.62654113769531, -7.375438690185547], [106.62654113769531, -7.458774566650391], [106.70988464355469, -7.458774566650391], [106.70988464355469, -7.625446319580078], [106.62654113769531, -7.625446319580078], [106.62654113769531, -7.708782196044922], [106.20982360839844, -7.708782196044922], [106.20982360839844, -7.625446319580078], [106.04313659667969, -7.625446319580078], [106.04313659667969, -7.542110443115234], [105.95979309082031, -7.542110443115234], [105.95979309082031, -7.292102813720703], [105.79310607910156, -7.292102813720703], [105.79310607910156, -7.375438690185547], [105.37638854980469, -7.375438690185547], [105.37638854980469, -7.292102813720703], [105.20970153808594, -7.292102813720703], [105.20970153808594, -7.208766937255859], [105.12635803222656, -7.208766937255859], [105.12635803222656, -7.125431060791016], [104.87632751464844, -7.125431060791016], [104.87632751464844, -7.042095184326172], [104.79298400878906, -7.042095184326172], [104.79298400878906, -6.875423431396484], [104.70964050292969, -6.875423431396484], [104.70964050292969, -6.542079925537109], [105.12635803222656, -6.542079925537109], [105.12635803222656, -6.292072296142578], [105.04301452636719, -6.292072296142578], [105.04301452636719, -6.208736419677734], [104.87632751464844, -6.208736419677734], [104.87632751464844, -6.292072296142578], [104.45960998535156, -6.292072296142578], [104.45960998535156, -6.208736419677734], [104.29292297363281, -6.208736419677734], [104.29292297363281, -6.125400543212891], [104.12623596191406, -6.125400543212891], [104.12623596191406, -6.042064666748047], [104.04289245605469, -6.042064666748047], [104.04289245605469, -5.875392913818359], [103.87620544433594, -5.875392913818359], [103.87620544433594, -5.792057037353516], [103.79286193847656, -5.792057037353516], [103.79286193847656, -5.625385284423828], [103.70951843261719, -5.625385284423828], [103.70951843261719, -5.542049407958984], [103.62617492675781, -5.542049407958984], [103.62617492675781, -5.458713531494141], [103.45948791503906, -5.458713531494141], [103.45948791503906, -5.375377655029297], [103.37614440917969, -5.375377655029297], [103.37614440917969, -5.292041778564453], [103.29280090332031, -5.292041778564453], [103.29280090332031, -5.208705902099609], [103.04277038574219, -5.208705902099609], [103.04277038574219, -5.125370025634766], [102.95942687988281, -5.125370025634766], [102.95942687988281, -4.958698272705078], [102.87608337402344, -4.958698272705078], [102.87608337402344, -4.542018890380859], [103.12611389160156, -4.542018890380859], [103.12611389160156, -4.625354766845703], [103.20945739746094, -4.625354766845703], [103.20945739746094, -4.708690643310547], [103.29280090332031, -4.708690643310547], [103.29280090332031, -4.792026519775391]]], [[[105.87644958496094, -6.125400543212891], [105.79310607910156, -6.125400543212891], [105.79310607910156, -6.042064666748047], [105.70976257324219, -6.042064666748047], [105.70976257324219, -5.875392913818359], [105.79310607910156, -5.875392913818359], [105.79310607910156, -5.792057037353516], [105.87644958496094, -5.792057037353516], [105.87644958496094, -5.875392913818359], [105.95979309082031, -5.875392913818359], [105.95979309082031, -6.042064666748047], [105.87644958496094, -6.042064666748047], [105.87644958496094, -6.125400543212891]]], [[[114.71086120605469, -6.125400543212891], [114.12745666503906, -6.125400543212891], [114.12745666503906, -6.042064666748047], [114.04411315917969, -6.042064666748047], [114.04411315917969, -5.958728790283203], [113.96076965332031, -5.958728790283203], [113.96076965332031, -5.875392913818359], [113.87742614746094, -5.875392913818359], [113.87742614746094, -5.708721160888672], [114.46083068847656, -5.708721160888672], [114.46083068847656, -5.792057037353516], [114.54417419433594, -5.792057037353516], [114.54417419433594, -6.042064666748047], [114.71086120605469, -6.042064666748047], [114.71086120605469, -6.125400543212891]]], [[[102.37602233886719, -5.458713531494141], [102.37602233886719, -5.375377655029297], [102.29267883300781, -5.375377655029297], [102.29267883300781, -5.125370025634766], [102.37602233886719, -5.125370025634766], [102.37602233886719, -5.042034149169922], [102.54270935058594, -5.042034149169922], [102.54270935058594, -5.125370025634766], [102.62605285644531, -5.125370025634766], [102.62605285644531, -5.208705902099609], [102.70939636230469, -5.208705902099609], [102.70939636230469, -5.625385284423828], [102.62605285644531, -5.625385284423828], [102.62605285644531, -5.708721160888672], [102.54270935058594, -5.708721160888672], [102.54270935058594, -5.792057037353516], [102.45936584472656, -5.792057037353516], [102.45936584472656, -5.875392913818359], [102.04264831542969, -5.875392913818359], [102.04264831542969, -5.792057037353516], [101.95930480957031, -5.792057037353516], [101.95930480957031, -5.708721160888672], [101.79261779785156, -5.708721160888672], [101.79261779785156, -5.625385284423828], [101.70927429199219, -5.625385284423828], [101.70927429199219, -5.042034149169922], [101.79261779785156, -5.042034149169922], [101.79261779785156, -4.958698272705078], [102.20933532714844, -4.958698272705078], [102.20933532714844, -5.292041778564453], [102.12599182128906, -5.292041778564453], [102.12599182128906, -5.375377655029297], [102.20933532714844, -5.375377655029297], [102.20933532714844, -5.458713531494141], [102.37602233886719, -5.458713531494141]]], [[[114.37748718261719, -5.208705902099609], [114.37748718261719, -5.292041778564453], [114.29414367675781, -5.292041778564453], [114.29414367675781, -5.375377655029297], [113.87742614746094, -5.375377655029297], [113.87742614746094, -5.208705902099609], [114.37748718261719, -5.208705902099609]]], [[[100.87583923339844, -2.375286102294922], [100.79249572753906, -2.375286102294922], [100.79249572753906, -2.2086143493652344], [100.87583923339844, -2.2086143493652344], [100.87583923339844, -2.375286102294922]]], [[[100.87583923339844, -1.8752708435058594], [100.87583923339844, -2.1252784729003906], [100.79249572753906, -2.1252784729003906], [100.79249572753906, -2.041942596435547], [100.62580871582031, -2.041942596435547], [100.62580871582031, -2.1252784729003906], [100.54246520996094, -2.1252784729003906], [100.54246520996094, -2.291950225830078], [100.37577819824219, -2.291950225830078], [100.37577819824219, -2.2086143493652344], [100.29243469238281, -2.2086143493652344], [100.29243469238281, -2.1252784729003906], [100.20909118652344, -2.1252784729003906], [100.20909118652344, -2.041942596435547], [100.12574768066406, -2.041942596435547], [100.12574768066406, -1.8752708435058594], [100.04240417480469, -1.8752708435058594], [100.04240417480469, -1.7085990905761719], [100.12574768066406, -1.7085990905761719], [100.12574768066406, -1.6252632141113281], [100.54246520996094, -1.6252632141113281], [100.54246520996094, -1.5419273376464844], [100.62580871582031, -1.5419273376464844], [100.62580871582031, -1.6252632141113281], [100.70915222167969, -1.6252632141113281], [100.70915222167969, -1.7919349670410156], [100.79249572753906, -1.7919349670410156], [100.79249572753906, -1.8752708435058594], [100.87583923339844, -1.8752708435058594]]], [[[109.37687683105469, -1.2085838317871094], [109.37687683105469, -1.2919197082519531], [109.62690734863281, -1.2919197082519531], [109.62690734863281, -1.2085838317871094], [109.71025085449219, -1.2085838317871094], [109.71025085449219, -1.2919197082519531], [109.79359436035156, -1.2919197082519531], [109.79359436035156, -1.5419273376464844], [109.37687683105469, -1.5419273376464844], [109.37687683105469, -1.4585914611816406], [109.29353332519531, -1.4585914611816406], [109.29353332519531, -1.3752555847167969], [109.12684631347656, -1.3752555847167969], [109.12684631347656, -1.2919197082519531], [109.04350280761719, -1.2919197082519531], [109.04350280761719, -1.0419120788574219], [109.12684631347656, -1.0419120788574219], [109.12684631347656, -0.7085685729980469], [109.21018981933594, -0.7085685729980469], [109.21018981933594, -0.8752403259277344], [109.29353332519531, -0.8752403259277344], [109.29353332519531, -0.9585762023925781], [109.46022033691406, -0.9585762023925781], [109.46022033691406, -1.2085838317871094], [109.37687683105469, -1.2085838317871094]]], [[[100.37577819824219, -1.0419120788574219], [100.29243469238281, -1.0419120788574219], [100.29243469238281, -0.8752403259277344], [100.37577819824219, -0.8752403259277344], [100.37577819824219, -1.0419120788574219]]], [[[109.46022033691406, -0.9585762023925781], [109.46022033691406, -0.8752403259277344], [109.54356384277344, -0.8752403259277344], [109.54356384277344, -0.9585762023925781], [109.46022033691406, -0.9585762023925781]]], [[[100.04240417480469, -0.6252326965332031], [100.04240417480469, -0.5418968200683594], [100.12574768066406, -0.5418968200683594], [100.12574768066406, -0.6252326965332031], [100.04240417480469, -0.6252326965332031]]], [[[100.04240417480469, -0.5418968200683594], [99.95906066894531, -0.5418968200683594], [99.95906066894531, -0.4585609436035156], [100.04240417480469, -0.4585609436035156], [100.04240417480469, -0.5418968200683594]]], [[[95.79188537597656, 2.708202362060547], [95.79188537597656, 2.624866485595703], [95.95857238769531, 2.624866485595703], [95.95857238769531, 2.5415306091308594], [96.12525939941406, 2.5415306091308594], [96.12525939941406, 2.4581947326660156], [96.29194641113281, 2.4581947326660156], [96.29194641113281, 2.374858856201172], [96.37528991699219, 2.374858856201172], [96.37528991699219, 2.291522979736328], [96.45863342285156, 2.291522979736328], [96.45863342285156, 2.374858856201172], [96.54197692871094, 2.374858856201172], [96.54197692871094, 2.4581947326660156], [96.62532043457031, 2.4581947326660156], [96.62532043457031, 2.624866485595703], [96.70866394042969, 2.624866485595703], [96.70866394042969, 2.958209991455078], [96.87535095214844, 2.958209991455078], [96.87535095214844, 2.8748741149902344], [96.95869445800781, 2.8748741149902344], [96.95869445800781, 2.708202362060547], [97.04203796386719, 2.708202362060547], [97.04203796386719, 2.4581947326660156], [97.12538146972656, 2.4581947326660156], [97.12538146972656, 2.374858856201172], [97.20872497558594, 2.374858856201172], [97.20872497558594, 2.1248512268066406], [97.04203796386719, 2.1248512268066406], [97.04203796386719, 2.041515350341797], [97.12538146972656, 2.041515350341797], [97.12538146972656, 1.7915077209472656], [97.04203796386719, 1.7915077209472656], [97.04203796386719, 1.6248359680175781], [97.12538146972656, 1.6248359680175781], [97.12538146972656, 1.4581642150878906], [97.04203796386719, 1.4581642150878906], [97.04203796386719, 1.3748283386230469], [97.20872497558594, 1.3748283386230469], [97.20872497558594, 1.2081565856933594], [97.12538146972656, 1.2081565856933594], [97.12538146972656, 1.1248207092285156], [97.37541198730469, 1.1248207092285156], [97.37541198730469, 0.9581489562988281], [97.54209899902344, 0.9581489562988281], [97.54209899902344, 0.8748130798339844], [97.62544250488281, 0.8748130798339844], [97.62544250488281, 0.7081413269042969], [97.70878601074219, 0.7081413269042969], [97.70878601074219, 0.5414695739746094], [97.87547302246094, 0.5414695739746094], [97.87547302246094, 0.4581336975097656], [97.95881652832031, 0.4581336975097656], [97.95881652832031, 0.5414695739746094], [98.29219055175781, 0.5414695739746094], [98.29219055175781, 0.20812606811523438], [98.20884704589844, 0.20812606811523438], [98.20884704589844, -0.12521743774414062], [98.37553405761719, -0.12521743774414062], [98.37553405761719, -0.6252326965332031], [98.62556457519531, -0.6252326965332031], [98.62556457519531, -0.8752403259277344], [98.70890808105469, -0.8752403259277344], [98.70890808105469, -0.9585762023925781], [98.62556457519531, -0.9585762023925781], [98.62556457519531, -1.2919197082519531], [98.70890808105469, -1.2919197082519531], [98.70890808105469, -1.4585914611816406], [98.79225158691406, -1.4585914611816406], [98.79225158691406, -1.5419273376464844], [98.87559509277344, -1.5419273376464844], [98.87559509277344, -1.7085990905761719], [98.95893859863281, -1.7085990905761719], [98.95893859863281, -1.7919349670410156], [99.20896911621094, -1.7919349670410156], [99.20896911621094, -1.7085990905761719], [99.37565612792969, -1.7085990905761719], [99.37565612792969, -1.6252632141113281], [99.45899963378906, -1.6252632141113281], [99.45899963378906, -1.4585914611816406], [99.54234313964844, -1.4585914611816406], [99.54234313964844, -1.3752555847167969], [99.70903015136719, -1.3752555847167969], [99.70903015136719, -1.4585914611816406], [99.79237365722656, -1.4585914611816406], [99.79237365722656, -1.6252632141113281], [99.87571716308594, -1.6252632141113281], [99.87571716308594, -1.7085990905761719], [99.79237365722656, -1.7085990905761719], [99.79237365722656, -1.7919349670410156], [99.70903015136719, -1.7919349670410156], [99.70903015136719, -1.8752708435058594], [99.62568664550781, -1.8752708435058594], [99.62568664550781, -2.041942596435547], [99.54234313964844, -2.041942596435547], [99.54234313964844, -2.2086143493652344], [99.62568664550781, -2.2086143493652344], [99.62568664550781, -2.291950225830078], [99.70903015136719, -2.291950225830078], [99.70903015136719, -2.375286102294922], [99.87571716308594, -2.375286102294922], [99.87571716308594, -2.291950225830078], [99.95906066894531, -2.291950225830078], [99.95906066894531, -2.625293731689453], [100.04240417480469, -2.625293731689453], [100.04240417480469, -2.708629608154297], [99.95906066894531, -2.708629608154297], [99.95906066894531, -2.7919654846191406], [100.04240417480469, -2.7919654846191406], [100.04240417480469, -2.8753013610839844], [100.12574768066406, -2.8753013610839844], [100.12574768066406, -2.7919654846191406], [100.20909118652344, -2.7919654846191406], [100.20909118652344, -3.041973114013672], [100.29243469238281, -3.041973114013672], [100.29243469238281, -3.1253089904785156], [100.45912170410156, -3.1253089904785156], [100.45912170410156, -2.958637237548828], [100.37577819824219, -2.958637237548828], [100.37577819824219, -2.708629608154297], [100.45912170410156, -2.708629608154297], [100.45912170410156, -2.5419578552246094], [100.54246520996094, -2.5419578552246094], [100.54246520996094, -2.4586219787597656], [100.70915222167969, -2.4586219787597656], [100.70915222167969, -2.5419578552246094], [100.87583923339844, -2.5419578552246094], [100.87583923339844, -2.625293731689453], [100.95918273925781, -2.625293731689453], [100.95918273925781, -2.8753013610839844], [101.04252624511719, -2.8753013610839844], [101.04252624511719, -3.041973114013672], [101.12586975097656, -3.041973114013672], [101.12586975097656, -3.2086448669433594], [101.29255676269531, -3.2086448669433594], [101.29255676269531, -3.291980743408203], [101.37590026855469, -3.291980743408203], [101.37590026855469, -3.5419883728027344], [101.45924377441406, -3.5419883728027344], [101.45924377441406, -3.708660125732422], [101.54258728027344, -3.708660125732422], [101.54258728027344, -4.125339508056641], [101.45924377441406, -4.125339508056641], [101.45924377441406, -4.208675384521484], [101.37590026855469, -4.208675384521484], [101.37590026855469, -4.375347137451172], [101.29255676269531, -4.375347137451172], [101.29255676269531, -4.458683013916016], [100.70915222167969, -4.458683013916016], [100.70915222167969, -4.375347137451172], [100.62580871582031, -4.375347137451172], [100.62580871582031, -4.292011260986328], [100.54246520996094, -4.292011260986328], [100.54246520996094, -4.125339508056641], [100.45912170410156, -4.125339508056641], [100.45912170410156, -3.7919960021972656], [100.37577819824219, -3.7919960021972656], [100.37577819824219, -3.625324249267578], [100.45912170410156, -3.625324249267578], [100.45912170410156, -3.375316619873047], [100.37577819824219, -3.375316619873047], [100.37577819824219, -3.4586524963378906], [100.29243469238281, -3.4586524963378906], [100.29243469238281, -3.5419883728027344], [100.20909118652344, -3.5419883728027344], [100.20909118652344, -3.625324249267578], [99.87571716308594, -3.625324249267578], [99.87571716308594, -3.5419883728027344], [99.79237365722656, -3.5419883728027344], [99.79237365722656, -3.4586524963378906], [99.70903015136719, -3.4586524963378906], [99.70903015136719, -3.375316619873047], [99.62568664550781, -3.375316619873047], [99.62568664550781, -3.1253089904785156], [99.54234313964844, -3.1253089904785156], [99.54234313964844, -2.958637237548828], [99.62568664550781, -2.958637237548828], [99.62568664550781, -2.8753013610839844], [99.70903015136719, -2.8753013610839844], [99.70903015136719, -2.7919654846191406], [99.79237365722656, -2.7919654846191406], [99.79237365722656, -2.5419578552246094], [99.62568664550781, -2.5419578552246094], [99.62568664550781, -2.7919654846191406], [99.54234313964844, -2.7919654846191406], [99.54234313964844, -2.8753013610839844], [99.45899963378906, -2.8753013610839844], [99.45899963378906, -2.958637237548828], [99.37565612792969, -2.958637237548828], [99.37565612792969, -2.8753013610839844], [99.29231262207031, -2.8753013610839844], [99.29231262207031, -2.7919654846191406], [99.20896911621094, -2.7919654846191406], [99.20896911621094, -2.4586219787597656], [99.29231262207031, -2.4586219787597656], [99.29231262207031, -2.291950225830078], [99.37565612792969, -2.291950225830078], [99.37565612792969, -2.041942596435547], [99.20896911621094, -2.041942596435547], [99.20896911621094, -2.1252784729003906], [99.12562561035156, -2.1252784729003906], [99.12562561035156, -2.2086143493652344], [99.04228210449219, -2.2086143493652344], [99.04228210449219, -2.291950225830078], [98.79225158691406, -2.291950225830078], [98.79225158691406, -2.2086143493652344], [98.70890808105469, -2.2086143493652344], [98.70890808105469, -2.1252784729003906], [98.62556457519531, -2.1252784729003906], [98.62556457519531, -1.9586067199707031], [98.54222106933594, -1.9586067199707031], [98.54222106933594, -1.5419273376464844], [98.12550354003906, -1.5419273376464844], [98.12550354003906, -1.4585914611816406], [98.04216003417969, -1.4585914611816406], [98.04216003417969, -1.2919197082519531], [98.12550354003906, -1.2919197082519531], [98.12550354003906, -1.2085838317871094], [97.95881652832031, -1.2085838317871094], [97.95881652832031, -1.1252479553222656], [97.87547302246094, -1.1252479553222656], [97.87547302246094, -0.8752403259277344], [97.79212951660156, -0.8752403259277344], [97.79212951660156, -0.7919044494628906], [97.70878601074219, -0.7919044494628906], [97.70878601074219, -0.4585609436035156], [97.62544250488281, -0.4585609436035156], [97.62544250488281, -0.3752250671386719], [97.37541198730469, -0.3752250671386719], [97.37541198730469, -0.2918891906738281], [97.29206848144531, -0.2918891906738281], [97.29206848144531, 0.20812606811523438], [97.37541198730469, 0.20812606811523438], [97.37541198730469, 0.3747978210449219], [97.29206848144531, 0.3747978210449219], [97.29206848144531, 0.5414695739746094], [97.12538146972656, 0.5414695739746094], [97.12538146972656, 0.6248054504394531], [96.95869445800781, 0.6248054504394531], [96.95869445800781, 0.7081413269042969], [96.87535095214844, 0.7081413269042969], [96.87535095214844, 0.9581489562988281], [96.79200744628906, 0.9581489562988281], [96.79200744628906, 1.0414848327636719], [96.70866394042969, 1.0414848327636719], [96.70866394042969, 1.2914924621582031], [96.62532043457031, 1.2914924621582031], [96.62532043457031, 1.7081718444824219], [96.29194641113281, 1.7081718444824219], [96.29194641113281, 1.7915077209472656], [96.20860290527344, 1.7915077209472656], [96.20860290527344, 1.8748435974121094], [96.12525939941406, 1.8748435974121094], [96.12525939941406, 1.9581794738769531], [95.79188537597656, 1.9581794738769531], [95.79188537597656, 2.041515350341797], [95.70854187011719, 2.041515350341797], [95.70854187011719, 2.1248512268066406], [95.45851135253906, 2.1248512268066406], [95.45851135253906, 2.2081871032714844], [95.37516784667969, 2.2081871032714844], [95.37516784667969, 2.291522979736328], [95.29182434082031, 2.291522979736328], [95.29182434082031, 2.4581947326660156], [95.20848083496094, 2.4581947326660156], [95.20848083496094, 2.5415306091308594], [95.12513732910156, 2.5415306091308594], [95.12513732910156, 2.624866485595703], [94.95845031738281, 2.624866485595703], [94.95845031738281, 2.708202362060547], [94.87510681152344, 2.708202362060547], [94.87510681152344, 2.7915382385253906], [94.79176330566406, 2.7915382385253906], [94.79176330566406, 3.374889373779297], [94.87510681152344, 3.374889373779297], [94.87510681152344, 3.4582252502441406], [94.95845031738281, 3.4582252502441406], [94.95845031738281, 3.5415611267089844], [95.54185485839844, 3.5415611267089844], [95.54185485839844, 3.1248817443847656], [95.62519836425781, 3.1248817443847656], [95.62519836425781, 2.958209991455078], [95.70854187011719, 2.958209991455078], [95.70854187011719, 2.708202362060547], [95.79188537597656, 2.708202362060547]], [[100.45912170410156, -3.2086448669433594], [100.54246520996094, -3.2086448669433594], [100.54246520996094, -3.1253089904785156], [100.45912170410156, -3.1253089904785156], [100.45912170410156, -3.2086448669433594]], [[100.37577819824219, -3.2086448669433594], [100.37577819824219, -3.291980743408203], [100.45912170410156, -3.291980743408203], [100.45912170410156, -3.2086448669433594], [100.37577819824219, -3.2086448669433594]], [[96.70866394042969, 2.1248512268066406], [96.62532043457031, 2.1248512268066406], [96.62532043457031, 2.041515350341797], [96.70866394042969, 2.041515350341797], [96.70866394042969, 2.1248512268066406]]], [[[103.62617492675781, -0.12521743774414062], [103.62617492675781, -0.041881561279296875], [103.79286193847656, -0.041881561279296875], [103.79286193847656, -0.12521743774414062], [103.62617492675781, -0.12521743774414062]]], [[[99.62568664550781, -0.12521743774414062], [99.37565612792969, -0.12521743774414062], [99.37565612792969, 0.12479019165039062], [99.54234313964844, 0.12479019165039062], [99.54234313964844, 0.041454315185546875], [99.70903015136719, 0.041454315185546875], [99.70903015136719, -0.041881561279296875], [99.62568664550781, -0.041881561279296875], [99.62568664550781, -0.12521743774414062]]], [[[103.79286193847656, -0.041881561279296875], [103.79286193847656, 0.20812606811523438], [103.87620544433594, 0.20812606811523438], [103.87620544433594, 0.12479019165039062], [103.95954895019531, 0.12479019165039062], [103.95954895019531, 0.041454315185546875], [103.87620544433594, 0.041454315185546875], [103.87620544433594, -0.041881561279296875], [103.79286193847656, -0.041881561279296875]]], [[[107.71000671386719, 0.5414695739746094], [107.71000671386719, 0.3747978210449219], [107.37663269042969, 0.3747978210449219], [107.37663269042969, -0.12521743774414062], [107.54331970214844, -0.12521743774414062], [107.54331970214844, -0.20855331420898438], [106.87657165527344, -0.20855331420898438], [106.87657165527344, -0.12521743774414062], [107.04325866699219, -0.12521743774414062], [107.04325866699219, 0.4581336975097656], [107.12660217285156, 0.4581336975097656], [107.12660217285156, 0.8748130798339844], [107.20994567871094, 0.8748130798339844], [107.20994567871094, 0.9581489562988281], [107.37663269042969, 0.9581489562988281], [107.37663269042969, 0.8748130798339844], [107.62666320800781, 0.8748130798339844], [107.62666320800781, 1.1248207092285156], [107.71000671386719, 1.1248207092285156], [107.71000671386719, 1.2081565856933594], [107.79335021972656, 1.2081565856933594], [107.79335021972656, 1.2914924621582031], [108.04338073730469, 1.2914924621582031], [108.04338073730469, 0.7081413269042969], [107.96003723144531, 0.7081413269042969], [107.96003723144531, 0.6248054504394531], [107.87669372558594, 0.6248054504394531], [107.87669372558594, 0.5414695739746094], [107.71000671386719, 0.5414695739746094]]], [[[104.62629699707031, 1.0414848327636719], [104.79298400878906, 1.0414848327636719], [104.79298400878906, 0.9581489562988281], [104.70964050292969, 0.9581489562988281], [104.70964050292969, 0.8748130798339844], [104.62629699707031, 0.8748130798339844], [104.62629699707031, 1.0414848327636719]]], [[[103.20945739746094, 1.3748283386230469], [103.20945739746094, 1.4581642150878906], [103.29280090332031, 1.4581642150878906], [103.29280090332031, 1.3748283386230469], [103.20945739746094, 1.3748283386230469]]], [[[106.37651062011719, 2.291522979736328], [106.37651062011719, 2.1248512268066406], [106.29316711425781, 2.1248512268066406], [106.29316711425781, 2.041515350341797], [106.12648010253906, 2.041515350341797], [106.12648010253906, 1.9581794738769531], [105.45973205566406, 1.9581794738769531], [105.45973205566406, 2.1248512268066406], [105.54307556152344, 2.1248512268066406], [105.54307556152344, 2.2081871032714844], [105.62641906738281, 2.2081871032714844], [105.62641906738281, 2.291522979736328], [105.70976257324219, 2.291522979736328], [105.70976257324219, 2.374858856201172], [105.87644958496094, 2.374858856201172], [105.87644958496094, 2.5415306091308594], [106.04313659667969, 2.5415306091308594], [106.04313659667969, 2.4581947326660156], [106.20982360839844, 2.4581947326660156], [106.20982360839844, 2.374858856201172], [106.29316711425781, 2.374858856201172], [106.29316711425781, 2.291522979736328], [106.37651062011719, 2.291522979736328]]], [[[105.20970153808594, 2.4581947326660156], [105.45973205566406, 2.4581947326660156], [105.45973205566406, 2.291522979736328], [105.37638854980469, 2.291522979736328], [105.37638854980469, 2.2081871032714844], [105.20970153808594, 2.2081871032714844], [105.20970153808594, 2.4581947326660156]]], [[[108.04338073730469, 3.374889373779297], [108.04338073730469, 3.4582252502441406], [108.21006774902344, 3.4582252502441406], [108.21006774902344, 3.5415611267089844], [108.71012878417969, 3.5415611267089844], [108.71012878417969, 3.624897003173828], [108.79347229003906, 3.624897003173828], [108.79347229003906, 3.4582252502441406], [108.71012878417969, 3.4582252502441406], [108.71012878417969, 3.374889373779297], [108.62678527832031, 3.374889373779297], [108.62678527832031, 3.1248817443847656], [108.37675476074219, 3.1248817443847656], [108.37675476074219, 2.958209991455078], [108.29341125488281, 2.958209991455078], [108.29341125488281, 2.7915382385253906], [108.12672424316406, 2.7915382385253906], [108.12672424316406, 2.708202362060547], [108.04338073730469, 2.708202362060547], [108.04338073730469, 2.624866485595703], [107.79335021972656, 2.624866485595703], [107.79335021972656, 3.041545867919922], [107.71000671386719, 3.041545867919922], [107.71000671386719, 3.1248817443847656], [107.62666320800781, 3.1248817443847656], [107.62666320800781, 3.2082176208496094], [107.45997619628906, 3.2082176208496094], [107.45997619628906, 3.291553497314453], [107.37663269042969, 3.291553497314453], [107.37663269042969, 3.374889373779297], [107.04325866699219, 3.374889373779297], [107.04325866699219, 3.624897003173828], [107.29328918457031, 3.624897003173828], [107.29328918457031, 3.5415611267089844], [107.45997619628906, 3.5415611267089844], [107.45997619628906, 3.4582252502441406], [107.71000671386719, 3.4582252502441406], [107.71000671386719, 3.374889373779297], [108.04338073730469, 3.374889373779297]]], [[[108.04338073730469, 4.958271026611328], [108.04338073730469, 5.291614532470703], [108.29341125488281, 5.291614532470703], [108.29341125488281, 5.208278656005859], [108.37675476074219, 5.208278656005859], [108.37675476074219, 5.041606903076172], [108.29341125488281, 5.041606903076172], [108.29341125488281, 4.958271026611328], [108.04338073730469, 4.958271026611328]]], [[[95.54185485839844, 6.291645050048828], [95.62519836425781, 6.291645050048828], [95.62519836425781, 6.208309173583984], [95.79188537597656, 6.208309173583984], [95.79188537597656, 6.124973297119141], [95.87522888183594, 6.124973297119141], [95.87522888183594, 6.041637420654297], [95.95857238769531, 6.041637420654297], [95.95857238769531, 5.458286285400391], [95.87522888183594, 5.458286285400391], [95.87522888183594, 5.541622161865234], [95.70854187011719, 5.541622161865234], [95.70854187011719, 5.624958038330078], [95.29182434082031, 5.624958038330078], [95.29182434082031, 5.541622161865234], [95.20848083496094, 5.541622161865234], [95.20848083496094, 5.208278656005859], [95.29182434082031, 5.208278656005859], [95.29182434082031, 5.041606903076172], [95.37516784667969, 5.041606903076172], [95.37516784667969, 4.874935150146484], [95.45851135253906, 4.874935150146484], [95.45851135253906, 4.541591644287109], [95.37516784667969, 4.541591644287109], [95.37516784667969, 4.458255767822266], [95.29182434082031, 4.458255767822266], [95.29182434082031, 4.374919891357422], [95.20848083496094, 4.374919891357422], [95.20848083496094, 4.291584014892578], [95.12513732910156, 4.291584014892578], [95.12513732910156, 4.374919891357422], [95.04179382324219, 4.374919891357422], [95.04179382324219, 4.458255767822266], [94.95845031738281, 4.458255767822266], [94.95845031738281, 4.541591644287109], [94.79176330566406, 4.541591644287109], [94.79176330566406, 4.624927520751953], [94.70841979980469, 4.624927520751953], [94.70841979980469, 4.708263397216797], [94.62507629394531, 4.708263397216797], [94.62507629394531, 4.874935150146484], [94.54173278808594, 4.874935150146484], [94.54173278808594, 5.291614532470703], [94.45838928222656, 5.291614532470703], [94.45838928222656, 6.541652679443359], [94.54173278808594, 6.541652679443359], [94.54173278808594, 6.624988555908203], [95.37516784667969, 6.624988555908203], [95.37516784667969, 6.541652679443359], [95.45851135253906, 6.541652679443359], [95.45851135253906, 6.458316802978516], [95.54185485839844, 6.458316802978516], [95.54185485839844, 6.291645050048828]], [[95.37516784667969, 5.791629791259766], [95.37516784667969, 5.874965667724609], [95.29182434082031, 5.874965667724609], [95.29182434082031, 5.791629791259766], [95.37516784667969, 5.791629791259766]], [[95.12513732910156, 5.624958038330078], [95.12513732910156, 5.708293914794922], [95.04179382324219, 5.708293914794922], [95.04179382324219, 5.624958038330078], [95.12513732910156, 5.624958038330078]]], [[[114.96089172363281, -8.458805084228516], [114.96089172363281, -8.54214096069336], [115.04423522949219, -8.54214096069336], [115.04423522949219, -8.625476837158203], [115.12757873535156, -8.625476837158203], [115.12757873535156, -8.875484466552734], [115.21092224121094, -8.875484466552734], [115.21092224121094, -8.708812713623047], [115.29426574707031, -8.708812713623047], [115.29426574707031, -8.625476837158203], [115.46095275878906, -8.625476837158203], [115.46095275878906, -8.79214859008789], [115.54429626464844, -8.79214859008789], [115.54429626464844, -8.958820343017578], [115.62763977050781, -8.958820343017578], [115.62763977050781, -9.042156219482422], [115.71098327636719, -9.042156219482422], [115.71098327636719, -8.875484466552734], [116.29438781738281, -8.875484466552734], [116.29438781738281, -8.958820343017578], [116.37773132324219, -8.958820343017578], [116.37773132324219, -8.875484466552734], [116.46107482910156, -8.875484466552734], [116.46107482910156, -8.79214859008789], [116.54441833496094, -8.79214859008789], [116.54441833496094, -8.875484466552734], [116.62776184082031, -8.875484466552734], [116.62776184082031, -8.958820343017578], [116.71110534667969, -8.958820343017578], [116.71110534667969, -9.042156219482422], [116.96113586425781, -9.042156219482422], [116.96113586425781, -9.125492095947266], [117.12782287597656, -9.125492095947266], [117.12782287597656, -9.042156219482422], [117.54454040527344, -9.042156219482422], [117.54454040527344, -8.958820343017578], [117.96125793457031, -8.958820343017578], [117.96125793457031, -8.875484466552734], [118.21128845214844, -8.875484466552734], [118.21128845214844, -8.79214859008789], [118.29463195800781, -8.79214859008789], [118.29463195800781, -8.708812713623047], [118.37797546386719, -8.708812713623047], [118.37797546386719, -8.875484466552734], [118.62800598144531, -8.875484466552734], [118.62800598144531, -8.79214859008789], [118.71134948730469, -8.79214859008789], [118.71134948730469, -8.708812713623047], [119.12806701660156, -8.708812713623047], [119.12806701660156, -8.625476837158203], [119.37809753417969, -8.625476837158203], [119.37809753417969, -8.875484466552734], [119.62812805175781, -8.875484466552734], [119.62812805175781, -8.79214859008789], [119.87815856933594, -8.79214859008789], [119.87815856933594, -9.125492095947266], [119.37809753417969, -9.125492095947266], [119.37809753417969, -9.20882797241211], [119.21141052246094, -9.20882797241211], [119.21141052246094, -9.375499725341797], [119.12806701660156, -9.375499725341797], [119.12806701660156, -9.45883560180664], [118.96138000488281, -9.45883560180664], [118.96138000488281, -9.625507354736328], [119.04472351074219, -9.625507354736328], [119.04472351074219, -9.708843231201172], [119.29475402832031, -9.708843231201172], [119.29475402832031, -9.792179107666016], [119.71147155761719, -9.792179107666016], [119.71147155761719, -9.87551498413086], [119.79481506347656, -9.87551498413086], [119.79481506347656, -9.958850860595703], [119.96150207519531, -9.958850860595703], [119.96150207519531, -10.042186737060547], [120.04484558105469, -10.042186737060547], [120.04484558105469, -10.12552261352539], [120.12818908691406, -10.12552261352539], [120.12818908691406, -10.208858489990234], [120.37821960449219, -10.208858489990234], [120.37821960449219, -10.292194366455078], [120.54490661621094, -10.292194366455078], [120.54490661621094, -10.208858489990234], [120.71159362792969, -10.208858489990234], [120.71159362792969, -10.12552261352539], [120.87828063964844, -10.12552261352539], [120.87828063964844, -10.042186737060547], [120.79493713378906, -10.042186737060547], [120.79493713378906, -9.958850860595703], [120.87828063964844, -9.958850860595703], [120.87828063964844, -9.792179107666016], [120.96162414550781, -9.792179107666016], [120.96162414550781, -9.708843231201172], [121.04496765136719, -9.708843231201172], [121.04496765136719, -9.792179107666016], [121.12831115722656, -9.792179107666016], [121.12831115722656, -9.958850860595703], [121.21165466308594, -9.958850860595703], [121.21165466308594, -10.042186737060547], [121.29499816894531, -10.042186737060547], [121.29499816894531, -9.958850860595703], [121.37834167480469, -9.958850860595703], [121.37834167480469, -9.87551498413086], [121.46168518066406, -9.87551498413086], [121.46168518066406, -9.792179107666016], [121.54502868652344, -9.792179107666016], [121.54502868652344, -9.708843231201172], [121.62837219238281, -9.708843231201172], [121.62837219238281, -9.792179107666016], [121.71171569824219, -9.792179107666016], [121.71171569824219, -9.87551498413086], [122.12843322753906, -9.87551498413086], [122.12843322753906, -9.958850860595703], [122.21177673339844, -9.958850860595703], [122.21177673339844, -10.042186737060547], [122.29512023925781, -10.042186737060547], [122.29512023925781, -10.12552261352539], [122.46180725097656, -10.12552261352539], [122.46180725097656, -10.042186737060547], [122.54515075683594, -10.042186737060547], [122.54515075683594, -9.958850860595703], [122.62849426269531, -9.958850860595703], [122.62849426269531, -9.708843231201172], [122.71183776855469, -9.708843231201172], [122.71183776855469, -9.625507354736328], [122.79518127441406, -9.625507354736328], [122.79518127441406, -9.375499725341797], [122.71183776855469, -9.375499725341797], [122.71183776855469, -9.45883560180664], [122.21177673339844, -9.45883560180664], [122.21177673339844, -9.542171478271484], [121.71171569824219, -9.542171478271484], [121.71171569824219, -9.45883560180664], [121.54502868652344, -9.45883560180664], [121.54502868652344, -9.292163848876953], [121.62837219238281, -9.292163848876953], [121.62837219238281, -9.20882797241211], [121.71171569824219, -9.20882797241211], [121.71171569824219, -9.125492095947266], [122.04508972167969, -9.125492095947266], [122.04508972167969, -9.20882797241211], [122.21177673339844, -9.20882797241211], [122.21177673339844, -9.125492095947266], [122.29512023925781, -9.125492095947266], [122.29512023925781, -9.042156219482422], [122.37846374511719, -9.042156219482422], [122.37846374511719, -8.958820343017578], [122.46180725097656, -8.958820343017578], [122.46180725097656, -8.875484466552734], [122.62849426269531, -8.875484466552734], [122.62849426269531, -8.79214859008789], [122.71183776855469, -8.79214859008789], [122.71183776855469, -8.625476837158203], [122.79518127441406, -8.625476837158203], [122.79518127441406, -8.875484466552734], [122.96186828613281, -8.875484466552734], [122.96186828613281, -8.958820343017578], [123.21189880371094, -8.958820343017578], [123.21189880371094, -9.125492095947266], [123.54527282714844, -9.125492095947266], [123.54527282714844, -8.79214859008789], [123.62861633300781, -8.79214859008789], [123.62861633300781, -8.708812713623047], [123.54527282714844, -8.708812713623047], [123.54527282714844, -8.458805084228516], [123.71195983886719, -8.458805084228516], [123.71195983886719, -8.292133331298828], [123.87864685058594, -8.292133331298828], [123.87864685058594, -8.625476837158203], [123.96199035644531, -8.625476837158203], [123.96199035644531, -8.54214096069336], [124.12867736816406, -8.54214096069336], [124.12867736816406, -8.625476837158203], [124.54539489746094, -8.625476837158203], [124.54539489746094, -8.708812713623047], [124.87876892089844, -8.708812713623047], [124.87876892089844, -8.625476837158203], [125.12879943847656, -8.625476837158203], [125.12879943847656, -8.708812713623047], [125.21214294433594, -8.708812713623047], [125.21214294433594, -8.875484466552734], [125.04545593261719, -8.875484466552734], [125.04545593261719, -8.958820343017578], [124.87876892089844, -8.958820343017578], [124.87876892089844, -9.042156219482422], [123.87864685058594, -9.042156219482422], [123.87864685058594, -9.125492095947266], [123.62861633300781, -9.125492095947266], [123.62861633300781, -9.20882797241211], [123.71195983886719, -9.20882797241211], [123.71195983886719, -9.45883560180664], [123.79530334472656, -9.45883560180664], [123.79530334472656, -9.542171478271484], [123.71195983886719, -9.542171478271484], [123.71195983886719, -9.625507354736328], [123.62861633300781, -9.625507354736328], [123.62861633300781, -9.708843231201172], [123.46192932128906, -9.708843231201172], [123.46192932128906, -10.12552261352539], [123.37858581542969, -10.12552261352539], [123.37858581542969, -10.208858489990234], [123.46192932128906, -10.208858489990234], [123.46192932128906, -10.375530242919922], [123.87864685058594, -10.375530242919922], [123.87864685058594, -10.292194366455078], [124.04533386230469, -10.292194366455078], [124.04533386230469, -10.208858489990234], [124.12867736816406, -10.208858489990234], [124.12867736816406, -10.12552261352539], [124.29536437988281, -10.12552261352539], [124.29536437988281, -10.208858489990234], [124.37870788574219, -10.208858489990234], [124.37870788574219, -10.12552261352539], [124.54539489746094, -10.12552261352539], [124.54539489746094, -10.54220199584961], [124.46205139160156, -10.54220199584961], [124.46205139160156, -10.625537872314453], [124.37870788574219, -10.625537872314453], [124.37870788574219, -10.708873748779297], [124.29536437988281, -10.708873748779297], [124.29536437988281, -10.79220962524414], [124.04533386230469, -10.79220962524414], [124.04533386230469, -10.875545501708984], [123.87864685058594, -10.875545501708984], [123.87864685058594, -10.958881378173828], [123.79530334472656, -10.958881378173828], [123.79530334472656, -11.042217254638672], [123.71195983886719, -11.042217254638672], [123.71195983886719, -11.20888900756836], [123.62861633300781, -11.20888900756836], [123.62861633300781, -11.292224884033203], [123.46192932128906, -11.292224884033203], [123.46192932128906, -11.375560760498047], [123.29524230957031, -11.375560760498047], [123.29524230957031, -11.45889663696289], [122.37846374511719, -11.45889663696289], [122.37846374511719, -11.375560760498047], [122.29512023925781, -11.375560760498047], [122.29512023925781, -11.292224884033203], [122.21177673339844, -11.292224884033203], [122.21177673339844, -11.20888900756836], [122.12843322753906, -11.20888900756836], [122.12843322753906, -11.125553131103516], [122.04508972167969, -11.125553131103516], [122.04508972167969, -11.042217254638672], [121.96174621582031, -11.042217254638672], [121.96174621582031, -11.125553131103516], [121.37834167480469, -11.125553131103516], [121.37834167480469, -11.042217254638672], [120.96162414550781, -11.042217254638672], [120.96162414550781, -10.958881378173828], [120.87828063964844, -10.958881378173828], [120.87828063964844, -10.875545501708984], [120.79493713378906, -10.875545501708984], [120.79493713378906, -10.79220962524414], [120.71159362792969, -10.79220962524414], [120.71159362792969, -10.708873748779297], [120.62825012207031, -10.708873748779297], [120.62825012207031, -10.79220962524414], [120.54490661621094, -10.79220962524414], [120.54490661621094, -10.875545501708984], [119.87815856933594, -10.875545501708984], [119.87815856933594, -10.79220962524414], [119.62812805175781, -10.79220962524414], [119.62812805175781, -10.708873748779297], [119.54478454589844, -10.708873748779297], [119.54478454589844, -10.625537872314453], [119.46144104003906, -10.625537872314453], [119.46144104003906, -10.458866119384766], [118.96138000488281, -10.458866119384766], [118.96138000488281, -10.375530242919922], [118.79469299316406, -10.375530242919922], [118.79469299316406, -10.292194366455078], [118.71134948730469, -10.292194366455078], [118.71134948730469, -10.208858489990234], [118.62800598144531, -10.208858489990234], [118.62800598144531, -10.12552261352539], [118.54466247558594, -10.12552261352539], [118.54466247558594, -10.042186737060547], [118.46131896972656, -10.042186737060547], [118.46131896972656, -9.87551498413086], [118.37797546386719, -9.87551498413086], [118.37797546386719, -9.375499725341797], [118.21128845214844, -9.375499725341797], [118.21128845214844, -9.45883560180664], [118.04460144042969, -9.45883560180664], [118.04460144042969, -9.542171478271484], [117.62788391113281, -9.542171478271484], [117.62788391113281, -9.625507354736328], [117.12782287597656, -9.625507354736328], [117.12782287597656, -9.542171478271484], [116.96113586425781, -9.542171478271484], [116.96113586425781, -9.45883560180664], [116.87779235839844, -9.45883560180664], [116.87779235839844, -9.542171478271484], [116.37773132324219, -9.542171478271484], [116.37773132324219, -9.45883560180664], [116.29438781738281, -9.45883560180664], [116.29438781738281, -9.375499725341797], [115.71098327636719, -9.375499725341797], [115.71098327636719, -9.292163848876953], [115.37760925292969, -9.292163848876953], [115.37760925292969, -9.375499725341797], [114.79420471191406, -9.375499725341797], [114.79420471191406, -9.292163848876953], [114.62751770019531, -9.292163848876953], [114.62751770019531, -9.20882797241211], [114.54417419433594, -9.20882797241211], [114.54417419433594, -9.125492095947266], [114.12745666503906, -9.125492095947266], [114.12745666503906, -9.042156219482422], [113.96076965332031, -9.042156219482422], [113.96076965332031, -8.958820343017578], [113.87742614746094, -8.958820343017578], [113.87742614746094, -8.79214859008789], [113.79408264160156, -8.79214859008789], [113.79408264160156, -8.875484466552734], [113.12733459472656, -8.875484466552734], [113.12733459472656, -8.79214859008789], [112.96064758300781, -8.79214859008789], [112.96064758300781, -8.708812713623047], [112.87730407714844, -8.708812713623047], [112.87730407714844, -8.375469207763672], [112.96064758300781, -8.375469207763672], [112.96064758300781, -8.292133331298828], [113.37736511230469, -8.292133331298828], [113.37736511230469, -8.375469207763672], [113.46070861816406, -8.375469207763672], [113.46070861816406, -8.458805084228516], [113.71073913574219, -8.458805084228516], [113.71073913574219, -8.54214096069336], [113.96076965332031, -8.54214096069336], [113.96076965332031, -8.625476837158203], [114.21080017089844, -8.625476837158203], [114.21080017089844, -8.708812713623047], [114.37748718261719, -8.708812713623047], [114.37748718261719, -8.79214859008789], [114.62751770019531, -8.79214859008789], [114.62751770019531, -8.708812713623047], [114.54417419433594, -8.708812713623047], [114.54417419433594, -8.625476837158203], [114.37748718261719, -8.625476837158203], [114.37748718261719, -8.12546157836914], [114.46083068847656, -8.12546157836914], [114.46083068847656, -8.292133331298828], [114.54417419433594, -8.292133331298828], [114.54417419433594, -8.375469207763672], [114.79420471191406, -8.375469207763672], [114.79420471191406, -8.458805084228516], [114.96089172363281, -8.458805084228516]], [[123.29524230957031, -10.208858489990234], [123.29524230957031, -10.292194366455078], [123.37858581542969, -10.292194366455078], [123.37858581542969, -10.208858489990234], [123.29524230957031, -10.208858489990234]], [[113.37736511230469, -8.458805084228516], [113.29402160644531, -8.458805084228516], [113.29402160644531, -8.54214096069336], [113.37736511230469, -8.54214096069336], [113.37736511230469, -8.458805084228516]], [[118.96138000488281, -8.79214859008789], [118.79469299316406, -8.79214859008789], [118.79469299316406, -8.875484466552734], [118.96138000488281, -8.875484466552734], [118.96138000488281, -8.79214859008789]], [[114.71086120605469, -8.875484466552734], [114.62751770019531, -8.875484466552734], [114.62751770019531, -8.958820343017578], [114.71086120605469, -8.958820343017578], [114.71086120605469, -8.875484466552734]], [[122.71183776855469, -10.708873748779297], [122.62849426269531, -10.708873748779297], [122.62849426269531, -10.79220962524414], [122.71183776855469, -10.79220962524414], [122.71183776855469, -10.875545501708984], [122.79518127441406, -10.875545501708984], [122.79518127441406, -10.958881378173828], [123.04521179199219, -10.958881378173828], [123.04521179199219, -10.875545501708984], [123.12855529785156, -10.875545501708984], [123.12855529785156, -10.79220962524414], [123.21189880371094, -10.79220962524414], [123.21189880371094, -10.708873748779297], [123.37858581542969, -10.708873748779297], [123.37858581542969, -10.625537872314453], [123.62861633300781, -10.625537872314453], [123.62861633300781, -10.458866119384766], [123.37858581542969, -10.458866119384766], [123.37858581542969, -10.375530242919922], [123.12855529785156, -10.375530242919922], [123.12855529785156, -10.458866119384766], [122.96186828613281, -10.458866119384766], [122.96186828613281, -10.54220199584961], [122.87852478027344, -10.54220199584961], [122.87852478027344, -10.625537872314453], [122.71183776855469, -10.625537872314453], [122.71183776855469, -10.708873748779297]], [[121.96174621582031, -10.458866119384766], [121.79505920410156, -10.458866119384766], [121.79505920410156, -10.54220199584961], [121.71171569824219, -10.54220199584961], [121.71171569824219, -10.625537872314453], [121.87840270996094, -10.625537872314453], [121.87840270996094, -10.54220199584961], [121.96174621582031, -10.54220199584961], [121.96174621582031, -10.458866119384766]]], [[[121.37834167480469, -9.625507354736328], [121.37834167480469, -9.542171478271484], [121.46168518066406, -9.542171478271484], [121.46168518066406, -9.625507354736328], [121.37834167480469, -9.625507354736328]]], [[[122.29512023925781, -8.875484466552734], [122.12843322753906, -8.875484466552734], [122.12843322753906, -8.79214859008789], [122.29512023925781, -8.79214859008789], [122.29512023925781, -8.875484466552734]]], [[[117.79457092285156, -8.708812713623047], [117.79457092285156, -8.625476837158203], [117.96125793457031, -8.625476837158203], [117.96125793457031, -8.708812713623047], [117.79457092285156, -8.708812713623047]]], [[[118.37797546386719, -8.708812713623047], [118.37797546386719, -8.625476837158203], [118.46131896972656, -8.625476837158203], [118.46131896972656, -8.708812713623047], [118.37797546386719, -8.708812713623047]]], [[[115.87767028808594, -8.625476837158203], [115.79432678222656, -8.625476837158203], [115.79432678222656, -8.54214096069336], [115.71098327636719, -8.54214096069336], [115.71098327636719, -8.375469207763672], [115.62763977050781, -8.375469207763672], [115.62763977050781, -8.208797454833984], [115.79432678222656, -8.208797454833984], [115.79432678222656, -8.12546157836914], [115.87767028808594, -8.12546157836914], [115.87767028808594, -8.208797454833984], [116.04435729980469, -8.208797454833984], [116.04435729980469, -8.708812713623047], [115.87767028808594, -8.708812713623047], [115.87767028808594, -8.625476837158203]]], [[[115.96101379394531, -8.042125701904297], [115.96101379394531, -7.708782196044922], [116.29438781738281, -7.708782196044922], [116.29438781738281, -7.792118072509766], [116.21104431152344, -7.792118072509766], [116.21104431152344, -7.958789825439453], [116.12770080566406, -7.958789825439453], [116.12770080566406, -8.042125701904297], [115.96101379394531, -8.042125701904297]]], [[[116.54441833496094, -7.375438690185547], [116.54441833496094, -7.458774566650391], [116.29438781738281, -7.458774566650391], [116.29438781738281, -7.208766937255859], [116.21104431152344, -7.208766937255859], [116.21104431152344, -7.125431060791016], [116.29438781738281, -7.125431060791016], [116.29438781738281, -6.958759307861328], [116.46107482910156, -6.958759307861328], [116.46107482910156, -6.875423431396484], [116.79444885253906, -6.875423431396484], [116.79444885253906, -7.125431060791016], [116.71110534667969, -7.125431060791016], [116.71110534667969, -7.208766937255859], [116.62776184082031, -7.208766937255859], [116.62776184082031, -7.375438690185547], [116.54441833496094, -7.375438690185547]]], [[[119.87815856933594, -5.542049407958984], [120.04484558105469, -5.542049407958984], [120.04484558105469, -5.792057037353516], [119.79481506347656, -5.792057037353516], [119.79481506347656, -5.708721160888672], [119.87815856933594, -5.708721160888672], [119.87815856933594, -5.542049407958984]]], [[[119.46144104003906, -5.458713531494141], [119.46144104003906, -5.542049407958984], [119.54478454589844, -5.542049407958984], [119.54478454589844, -5.625385284423828], [119.37809753417969, -5.625385284423828], [119.37809753417969, -5.458713531494141], [119.46144104003906, -5.458713531494141]]], [[[115.21092224121094, -5.125370025634766], [115.21092224121094, -5.542049407958984], [115.12757873535156, -5.542049407958984], [115.12757873535156, -5.208705902099609], [115.04423522949219, -5.208705902099609], [115.04423522949219, -5.125370025634766], [115.21092224121094, -5.125370025634766]]], [[[118.37797546386719, -5.375377655029297], [118.29463195800781, -5.375377655029297], [118.29463195800781, -5.458713531494141], [118.21128845214844, -5.458713531494141], [118.21128845214844, -5.708721160888672], [118.12794494628906, -5.708721160888672], [118.12794494628906, -5.958728790283203], [117.87791442871094, -5.958728790283203], [117.87791442871094, -5.875392913818359], [117.79457092285156, -5.875392913818359], [117.79457092285156, -5.792057037353516], [117.87791442871094, -5.792057037353516], [117.87791442871094, -5.458713531494141], [117.96125793457031, -5.458713531494141], [117.96125793457031, -5.125370025634766], [118.04460144042969, -5.125370025634766], [118.04460144042969, -5.042034149169922], [118.12794494628906, -5.042034149169922], [118.12794494628906, -4.708690643310547], [118.21128845214844, -4.708690643310547], [118.21128845214844, -4.625354766845703], [118.29463195800781, -4.625354766845703], [118.29463195800781, -4.708690643310547], [118.46131896972656, -4.708690643310547], [118.46131896972656, -4.792026519775391], [118.37797546386719, -4.792026519775391], [118.37797546386719, -5.375377655029297]]], [[[115.46095275878906, -5.458713531494141], [115.46095275878906, -5.125370025634766], [115.37760925292969, -5.125370025634766], [115.37760925292969, -5.042034149169922], [115.46095275878906, -5.042034149169922], [115.46095275878906, -4.958698272705078], [115.87767028808594, -4.958698272705078], [115.87767028808594, -5.042034149169922], [115.79432678222656, -5.042034149169922], [115.79432678222656, -5.208705902099609], [115.71098327636719, -5.208705902099609], [115.71098327636719, -5.458713531494141], [115.46095275878906, -5.458713531494141]]], [[[114.62751770019531, -5.208705902099609], [114.62751770019531, -5.125370025634766], [114.79420471191406, -5.125370025634766], [114.79420471191406, -5.208705902099609], [114.62751770019531, -5.208705902099609]]], [[[117.29450988769531, -5.208705902099609], [117.04447937011719, -5.208705902099609], [117.04447937011719, -5.125370025634766], [117.21116638183594, -5.125370025634766], [117.21116638183594, -4.958698272705078], [117.29450988769531, -4.958698272705078], [117.29450988769531, -4.792026519775391], [117.46119689941406, -4.792026519775391], [117.46119689941406, -5.042034149169922], [117.37785339355469, -5.042034149169922], [117.37785339355469, -5.125370025634766], [117.29450988769531, -5.125370025634766], [117.29450988769531, -5.208705902099609]]], [[[117.04447937011719, -4.542018890380859], [117.04447937011719, -4.625354766845703], [116.96113586425781, -4.625354766845703], [116.96113586425781, -4.708690643310547], [116.87779235839844, -4.708690643310547], [116.87779235839844, -4.542018890380859], [117.04447937011719, -4.542018890380859]]], [[[114.54417419433594, -4.375347137451172], [114.54417419433594, -4.458683013916016], [114.46083068847656, -4.458683013916016], [114.46083068847656, -4.375347137451172], [114.29414367675781, -4.375347137451172], [114.29414367675781, -4.292011260986328], [114.21080017089844, -4.292011260986328], [114.21080017089844, -4.208675384521484], [114.12745666503906, -4.208675384521484], [114.12745666503906, -4.042003631591797], [114.21080017089844, -4.042003631591797], [114.21080017089844, -3.958667755126953], [114.29414367675781, -3.958667755126953], [114.29414367675781, -3.8753318786621094], [114.37748718261719, -3.8753318786621094], [114.37748718261719, -3.7919960021972656], [114.62751770019531, -3.7919960021972656], [114.62751770019531, -4.208675384521484], [114.71086120605469, -4.208675384521484], [114.71086120605469, -4.292011260986328], [114.62751770019531, -4.292011260986328], [114.62751770019531, -4.375347137451172], [114.54417419433594, -4.375347137451172]]], [[[118.54466247558594, -3.8753318786621094], [118.46131896972656, -3.8753318786621094], [118.46131896972656, -3.708660125732422], [118.54466247558594, -3.708660125732422], [118.54466247558594, -3.625324249267578], [118.71134948730469, -3.625324249267578], [118.71134948730469, -3.708660125732422], [118.79469299316406, -3.708660125732422], [118.79469299316406, -3.958667755126953], [118.54466247558594, -3.958667755126953], [118.54466247558594, -3.8753318786621094]]], [[[118.96138000488281, -3.7919960021972656], [118.96138000488281, -3.625324249267578], [119.04472351074219, -3.625324249267578], [119.04472351074219, -3.7919960021972656], [118.96138000488281, -3.7919960021972656]]], [[[118.29463195800781, -3.375316619873047], [118.29463195800781, -3.2086448669433594], [118.21128845214844, -3.2086448669433594], [118.21128845214844, -2.8753013610839844], [117.96125793457031, -2.8753013610839844], [117.96125793457031, -2.7919654846191406], [117.87791442871094, -2.7919654846191406], [117.87791442871094, -2.5419578552246094], [118.04460144042969, -2.5419578552246094], [118.04460144042969, -2.4586219787597656], [118.21128845214844, -2.4586219787597656], [118.21128845214844, -2.5419578552246094], [118.37797546386719, -2.5419578552246094], [118.37797546386719, -2.708629608154297], [118.71134948730469, -2.708629608154297], [118.71134948730469, -3.375316619873047], [118.29463195800781, -3.375316619873047]]], [[[116.71110534667969, -2.375286102294922], [116.54441833496094, -2.375286102294922], [116.54441833496094, -2.291950225830078], [116.62776184082031, -2.291950225830078], [116.62776184082031, -2.2086143493652344], [116.46107482910156, -2.2086143493652344], [116.46107482910156, -2.1252784729003906], [116.37773132324219, -2.1252784729003906], [116.37773132324219, -2.041942596435547], [116.46107482910156, -2.041942596435547], [116.46107482910156, -1.9586067199707031], [116.54441833496094, -1.9586067199707031], [116.54441833496094, -2.041942596435547], [116.62776184082031, -2.041942596435547], [116.62776184082031, -2.1252784729003906], [116.71110534667969, -2.1252784729003906], [116.71110534667969, -2.375286102294922]]], [[[123.29524230957031, -0.6252326965332031], [123.29524230957031, -0.2918891906738281], [123.37858581542969, -0.2918891906738281], [123.37858581542969, -0.20855331420898438], [123.79530334472656, -0.20855331420898438], [123.79530334472656, -0.2918891906738281], [123.87864685058594, -0.2918891906738281], [123.87864685058594, -0.7085685729980469], [123.37858581542969, -0.7085685729980469], [123.37858581542969, -0.6252326965332031], [123.29524230957031, -0.6252326965332031]]], [[[122.96186828613281, 0.20812606811523438], [122.96186828613281, 0.2914619445800781], [123.29524230957031, 0.2914619445800781], [123.29524230957031, -0.041881561279296875], [122.96186828613281, -0.041881561279296875], [122.96186828613281, 0.041454315185546875], [122.87852478027344, 0.041454315185546875], [122.87852478027344, 0.20812606811523438], [122.96186828613281, 0.20812606811523438]]], [[[119.46144104003906, 2.041515350341797], [119.54478454589844, 2.041515350341797], [119.54478454589844, 1.4581642150878906], [119.46144104003906, 1.4581642150878906], [119.46144104003906, 1.2914924621582031], [119.37809753417969, 1.2914924621582031], [119.37809753417969, 1.4581642150878906], [119.29475402832031, 1.4581642150878906], [119.29475402832031, 1.5415000915527344], [119.21141052246094, 1.5415000915527344], [119.21141052246094, 1.6248359680175781], [119.12806701660156, 1.6248359680175781], [119.12806701660156, 1.8748435974121094], [119.04472351074219, 1.8748435974121094], [119.04472351074219, 2.041515350341797], [118.96138000488281, 2.041515350341797], [118.96138000488281, 2.2081871032714844], [119.04472351074219, 2.2081871032714844], [119.04472351074219, 2.291522979736328], [119.12806701660156, 2.291522979736328], [119.12806701660156, 2.374858856201172], [119.21141052246094, 2.374858856201172], [119.21141052246094, 2.291522979736328], [119.29475402832031, 2.291522979736328], [119.29475402832031, 2.1248512268066406], [119.46144104003906, 2.1248512268066406], [119.46144104003906, 2.041515350341797]]], [[[123.54527282714844, -9.87551498413086], [123.62861633300781, -9.87551498413086], [123.62861633300781, -10.042186737060547], [123.71195983886719, -10.042186737060547], [123.71195983886719, -10.12552261352539], [123.54527282714844, -10.12552261352539], [123.54527282714844, -9.87551498413086]]], [[[127.96247863769531, -8.708812713623047], [127.87913513183594, -8.708812713623047], [127.87913513183594, -8.625476837158203], [127.96247863769531, -8.625476837158203], [127.96247863769531, -8.708812713623047]]], [[[125.54551696777344, -8.458805084228516], [125.54551696777344, -8.54214096069336], [125.62886047363281, -8.54214096069336], [125.62886047363281, -8.625476837158203], [125.37882995605469, -8.625476837158203], [125.37882995605469, -8.458805084228516], [125.54551696777344, -8.458805084228516]]], [[[127.46241760253906, -8.625476837158203], [127.46241760253906, -8.208797454833984], [127.54576110839844, -8.208797454833984], [127.54576110839844, -8.625476837158203], [127.46241760253906, -8.625476837158203]]], [[[123.62861633300781, -8.375469207763672], [123.54527282714844, -8.375469207763672], [123.54527282714844, -8.292133331298828], [123.62861633300781, -8.292133331298828], [123.62861633300781, -8.375469207763672]]], [[[125.04545593261719, -8.12546157836914], [125.04545593261719, -8.042125701904297], [125.21214294433594, -8.042125701904297], [125.21214294433594, -8.12546157836914], [125.04545593261719, -8.12546157836914]]], [[[126.62898254394531, -7.625446319580078], [126.62898254394531, -7.542110443115234], [126.71232604980469, -7.542110443115234], [126.71232604980469, -7.625446319580078], [126.62898254394531, -7.625446319580078]]], [[[126.46229553222656, -7.375438690185547], [126.37895202636719, -7.375438690185547], [126.37895202636719, -7.292102813720703], [126.21226501464844, -7.292102813720703], [126.21226501464844, -7.042095184326172], [126.71232604980469, -7.042095184326172], [126.71232604980469, -7.125431060791016], [126.62898254394531, -7.125431060791016], [126.62898254394531, -7.292102813720703], [126.46229553222656, -7.292102813720703], [126.46229553222656, -7.375438690185547]]], [[[127.71244812011719, -6.792087554931641], [127.71244812011719, -6.708751678466797], [127.87913513183594, -6.708751678466797], [127.87913513183594, -6.792087554931641], [127.71244812011719, -6.792087554931641]]], [[[125.46217346191406, -5.958728790283203], [125.46217346191406, -6.292072296142578], [125.29548645019531, -6.292072296142578], [125.29548645019531, -6.208736419677734], [125.21214294433594, -6.208736419677734], [125.21214294433594, -5.958728790283203], [125.46217346191406, -5.958728790283203]]], [[[128.21250915527344, -5.958728790283203], [128.12916564941406, -5.958728790283203], [128.12916564941406, -6.042064666748047], [128.0458221435547, -6.042064666748047], [128.0458221435547, -6.125400543212891], [127.96247863769531, -6.125400543212891], [127.96247863769531, -6.208736419677734], [127.79579162597656, -6.208736419677734], [127.79579162597656, -6.292072296142578], [127.12904357910156, -6.292072296142578], [127.12904357910156, -6.042064666748047], [127.21238708496094, -6.042064666748047], [127.21238708496094, -5.875392913818359], [127.29573059082031, -5.875392913818359], [127.29573059082031, -5.792057037353516], [127.37907409667969, -5.792057037353516], [127.37907409667969, -5.708721160888672], [127.46241760253906, -5.708721160888672], [127.46241760253906, -5.625385284423828], [127.37907409667969, -5.625385284423828], [127.37907409667969, -5.375377655029297], [127.54576110839844, -5.375377655029297], [127.54576110839844, -5.208705902099609], [127.87913513183594, -5.208705902099609], [127.87913513183594, -5.125370025634766], [127.96247863769531, -5.125370025634766], [127.96247863769531, -5.208705902099609], [128.2958526611328, -5.208705902099609], [128.2958526611328, -5.875392913818359], [128.21250915527344, -5.875392913818359], [128.21250915527344, -5.958728790283203]]], [[[127.87913513183594, -4.792026519775391], [127.87913513183594, -4.708690643310547], [127.96247863769531, -4.708690643310547], [127.96247863769531, -4.792026519775391], [127.87913513183594, -4.792026519775391]]], [[[127.37907409667969, -3.041973114013672], [127.37907409667969, -3.1253089904785156], [127.29573059082031, -3.1253089904785156], [127.29573059082031, -3.375316619873047], [127.04570007324219, -3.375316619873047], [127.04570007324219, -3.291980743408203], [127.12904357910156, -3.291980743408203], [127.12904357910156, -3.2086448669433594], [127.04570007324219, -3.2086448669433594], [127.04570007324219, -3.1253089904785156], [127.12904357910156, -3.1253089904785156], [127.12904357910156, -2.708629608154297], [127.29573059082031, -2.708629608154297], [127.29573059082031, -2.625293731689453], [127.37907409667969, -2.625293731689453], [127.37907409667969, -2.5419578552246094], [127.46241760253906, -2.5419578552246094], [127.46241760253906, -2.4586219787597656], [127.71244812011719, -2.4586219787597656], [127.71244812011719, -2.375286102294922], [127.79579162597656, -2.375286102294922], [127.79579162597656, -2.708629608154297], [127.71244812011719, -2.708629608154297], [127.71244812011719, -2.958637237548828], [127.46241760253906, -2.958637237548828], [127.46241760253906, -3.041973114013672], [127.37907409667969, -3.041973114013672]]], [[[125.54551696777344, -1.5419273376464844], [125.46217346191406, -1.5419273376464844], [125.46217346191406, -1.4585914611816406], [125.54551696777344, -1.4585914611816406], [125.54551696777344, -1.5419273376464844]]], [[[124.54539489746094, -1.1252479553222656], [124.54539489746094, -1.6252632141113281], [124.37870788574219, -1.6252632141113281], [124.37870788574219, -1.7919349670410156], [124.12867736816406, -1.7919349670410156], [124.12867736816406, -1.7085990905761719], [124.04533386230469, -1.7085990905761719], [124.04533386230469, -1.3752555847167969], [123.96199035644531, -1.3752555847167969], [123.96199035644531, -1.5419273376464844], [123.87864685058594, -1.5419273376464844], [123.87864685058594, -1.7085990905761719], [123.79530334472656, -1.7085990905761719], [123.79530334472656, -1.7919349670410156], [123.71195983886719, -1.7919349670410156], [123.71195983886719, -1.7085990905761719], [123.62861633300781, -1.7085990905761719], [123.62861633300781, -1.4585914611816406], [123.71195983886719, -1.4585914611816406], [123.71195983886719, -1.2919197082519531], [123.79530334472656, -1.2919197082519531], [123.79530334472656, -1.1252479553222656], [123.62861633300781, -1.1252479553222656], [123.62861633300781, -0.8752403259277344], [123.79530334472656, -0.8752403259277344], [123.79530334472656, -0.7919044494628906], [123.96199035644531, -0.7919044494628906], [123.96199035644531, -0.8752403259277344], [124.04533386230469, -0.8752403259277344], [124.04533386230469, -1.2085838317871094], [124.21202087402344, -1.2085838317871094], [124.21202087402344, -1.1252479553222656], [124.54539489746094, -1.1252479553222656]]], [[[125.71220397949219, -1.1252479553222656], [125.71220397949219, -1.2085838317871094], [125.62886047363281, -1.2085838317871094], [125.62886047363281, -1.3752555847167969], [125.54551696777344, -1.3752555847167969], [125.54551696777344, -1.1252479553222656], [125.71220397949219, -1.1252479553222656]]], [[[126.71232604980469, -1.0419120788574219], [126.62898254394531, -1.0419120788574219], [126.62898254394531, -0.9585762023925781], [126.71232604980469, -0.9585762023925781], [126.71232604980469, -1.0419120788574219]]], [[[124.71208190917969, 0.2914619445800781], [124.71208190917969, 0.20812606811523438], [124.62873840332031, 0.20812606811523438], [124.62873840332031, 0.12479019165039062], [124.54539489746094, 0.12479019165039062], [124.54539489746094, 0.041454315185546875], [124.21202087402344, 0.041454315185546875], [124.21202087402344, 0.3747978210449219], [124.29536437988281, 0.3747978210449219], [124.29536437988281, 0.4581336975097656], [124.54539489746094, 0.4581336975097656], [124.54539489746094, 0.7081413269042969], [124.62873840332031, 0.7081413269042969], [124.62873840332031, 0.7914772033691406], [124.71208190917969, 0.7914772033691406], [124.71208190917969, 0.8748130798339844], [124.79542541503906, 0.8748130798339844], [124.79542541503906, 0.9581489562988281], [124.87876892089844, 0.9581489562988281], [124.87876892089844, 0.7914772033691406], [124.96211242675781, 0.7914772033691406], [124.96211242675781, 0.3747978210449219], [124.87876892089844, 0.3747978210449219], [124.87876892089844, 0.2914619445800781], [124.71208190917969, 0.2914619445800781]]], [[[124.96211242675781, 0.9581489562988281], [124.87876892089844, 0.9581489562988281], [124.87876892089844, 1.0414848327636719], [124.96211242675781, 1.0414848327636719], [124.96211242675781, 0.9581489562988281]]], [[[125.46217346191406, 1.2081565856933594], [125.54551696777344, 1.2081565856933594], [125.54551696777344, 1.1248207092285156], [125.46217346191406, 1.1248207092285156], [125.46217346191406, 1.0414848327636719], [125.37882995605469, 1.0414848327636719], [125.37882995605469, 0.9581489562988281], [125.21214294433594, 0.9581489562988281], [125.21214294433594, 1.0414848327636719], [125.12879943847656, 1.0414848327636719], [125.12879943847656, 1.1248207092285156], [125.04545593261719, 1.1248207092285156], [125.04545593261719, 1.3748283386230469], [125.12879943847656, 1.3748283386230469], [125.12879943847656, 1.4581642150878906], [125.21214294433594, 1.4581642150878906], [125.21214294433594, 1.3748283386230469], [125.37882995605469, 1.3748283386230469], [125.37882995605469, 1.2914924621582031], [125.46217346191406, 1.2914924621582031], [125.46217346191406, 1.2081565856933594]]], [[[128.12916564941406, 2.708202362060547], [128.12916564941406, 2.5415306091308594], [127.96247863769531, 2.5415306091308594], [127.96247863769531, 2.4581947326660156], [127.87913513183594, 2.4581947326660156], [127.87913513183594, 2.374858856201172], [127.79579162597656, 2.374858856201172], [127.79579162597656, 2.291522979736328], [127.71244812011719, 2.291522979736328], [127.71244812011719, 2.2081871032714844], [127.62910461425781, 2.2081871032714844], [127.62910461425781, 1.8748435974121094], [127.29573059082031, 1.8748435974121094], [127.29573059082031, 1.9581794738769531], [127.12904357910156, 1.9581794738769531], [127.12904357910156, 2.4581947326660156], [127.21238708496094, 2.4581947326660156], [127.21238708496094, 2.624866485595703], [127.29573059082031, 2.624866485595703], [127.29573059082031, 2.708202362060547], [127.37907409667969, 2.708202362060547], [127.37907409667969, 2.7915382385253906], [127.54576110839844, 2.7915382385253906], [127.54576110839844, 2.8748741149902344], [127.71244812011719, 2.8748741149902344], [127.71244812011719, 2.958209991455078], [127.96247863769531, 2.958209991455078], [127.96247863769531, 3.041545867919922], [128.0458221435547, 3.041545867919922], [128.0458221435547, 2.958209991455078], [128.12916564941406, 2.958209991455078], [128.12916564941406, 2.7915382385253906], [128.21250915527344, 2.7915382385253906], [128.21250915527344, 2.708202362060547], [128.12916564941406, 2.708202362060547]]], [[[126.29560852050781, 4.541591644287109], [126.29560852050781, 4.374919891357422], [126.37895202636719, 4.374919891357422], [126.37895202636719, 3.958240509033203], [126.46229553222656, 3.958240509033203], [126.46229553222656, 3.708232879638672], [126.37895202636719, 3.708232879638672], [126.37895202636719, 3.624897003173828], [126.29560852050781, 3.624897003173828], [126.29560852050781, 3.374889373779297], [126.21226501464844, 3.374889373779297], [126.21226501464844, 3.291553497314453], [126.12892150878906, 3.291553497314453], [126.12892150878906, 3.2082176208496094], [126.04557800292969, 3.2082176208496094], [126.04557800292969, 2.958209991455078], [125.96223449707031, 2.958209991455078], [125.96223449707031, 2.041515350341797], [125.87889099121094, 2.041515350341797], [125.87889099121094, 1.8748435974121094], [125.79554748535156, 1.8748435974121094], [125.79554748535156, 1.7915077209472656], [125.71220397949219, 1.7915077209472656], [125.71220397949219, 1.7081718444824219], [125.62886047363281, 1.7081718444824219], [125.62886047363281, 1.5415000915527344], [125.37882995605469, 1.5415000915527344], [125.37882995605469, 1.6248359680175781], [125.12879943847656, 1.6248359680175781], [125.12879943847656, 2.1248512268066406], [125.37882995605469, 2.1248512268066406], [125.37882995605469, 2.291522979736328], [125.29548645019531, 2.291522979736328], [125.29548645019531, 2.624866485595703], [125.37882995605469, 2.624866485595703], [125.37882995605469, 2.708202362060547], [125.79554748535156, 2.708202362060547], [125.79554748535156, 2.7915382385253906], [125.87889099121094, 2.7915382385253906], [125.87889099121094, 2.8748741149902344], [125.71220397949219, 2.8748741149902344], [125.71220397949219, 2.958209991455078], [125.37882995605469, 2.958209991455078], [125.37882995605469, 2.7915382385253906], [125.29548645019531, 2.7915382385253906], [125.29548645019531, 2.8748741149902344], [125.21214294433594, 2.8748741149902344], [125.21214294433594, 3.041545867919922], [125.29548645019531, 3.041545867919922], [125.29548645019531, 3.1248817443847656], [125.46217346191406, 3.1248817443847656], [125.46217346191406, 3.041545867919922], [125.54551696777344, 3.041545867919922], [125.54551696777344, 3.374889373779297], [125.87889099121094, 3.374889373779297], [125.87889099121094, 3.4582252502441406], [125.79554748535156, 3.4582252502441406], [125.79554748535156, 3.5415611267089844], [125.71220397949219, 3.5415611267089844], [125.71220397949219, 3.7915687561035156], [125.79554748535156, 3.7915687561035156], [125.79554748535156, 3.8749046325683594], [125.87889099121094, 3.8749046325683594], [125.87889099121094, 4.041576385498047], [125.79554748535156, 4.041576385498047], [125.79554748535156, 4.458255767822266], [125.71220397949219, 4.458255767822266], [125.71220397949219, 4.708263397216797], [125.79554748535156, 4.708263397216797], [125.79554748535156, 4.791599273681641], [125.87889099121094, 4.791599273681641], [125.87889099121094, 4.874935150146484], [125.96223449707031, 4.874935150146484], [125.96223449707031, 4.791599273681641], [126.04557800292969, 4.791599273681641], [126.04557800292969, 4.708263397216797], [126.12892150878906, 4.708263397216797], [126.12892150878906, 4.541591644287109], [126.29560852050781, 4.541591644287109]], [[125.46217346191406, 2.291522979736328], [125.46217346191406, 2.374858856201172], [125.37882995605469, 2.374858856201172], [125.37882995605469, 2.291522979736328], [125.46217346191406, 2.291522979736328]]], [[[126.79566955566406, 3.708232879638672], [126.87901306152344, 3.708232879638672], [126.87901306152344, 3.8749046325683594], [126.96235656738281, 3.8749046325683594], [126.96235656738281, 3.958240509033203], [127.29573059082031, 3.958240509033203], [127.29573059082031, 3.5415611267089844], [127.21238708496094, 3.5415611267089844], [127.21238708496094, 3.4582252502441406], [126.79566955566406, 3.4582252502441406], [126.79566955566406, 3.708232879638672]]], [[[127.46241760253906, 4.374919891357422], [127.46241760253906, 4.291584014892578], [127.37907409667969, 4.291584014892578], [127.37907409667969, 4.208248138427734], [127.29573059082031, 4.208248138427734], [127.29573059082031, 4.291584014892578], [127.12904357910156, 4.291584014892578], [127.12904357910156, 4.374919891357422], [126.87901306152344, 4.374919891357422], [126.87901306152344, 4.541591644287109], [126.79566955566406, 4.541591644287109], [126.79566955566406, 4.624927520751953], [126.62898254394531, 4.624927520751953], [126.62898254394531, 4.708263397216797], [126.54563903808594, 4.708263397216797], [126.54563903808594, 4.791599273681641], [126.46229553222656, 4.791599273681641], [126.46229553222656, 4.874935150146484], [126.37895202636719, 4.874935150146484], [126.37895202636719, 4.958271026611328], [126.46229553222656, 4.958271026611328], [126.46229553222656, 5.041606903076172], [126.62898254394531, 5.041606903076172], [126.62898254394531, 5.124942779541016], [126.71232604980469, 5.124942779541016], [126.71232604980469, 5.208278656005859], [126.79566955566406, 5.208278656005859], [126.79566955566406, 5.291614532470703], [127.54576110839844, 5.291614532470703], [127.54576110839844, 5.208278656005859], [127.62910461425781, 5.208278656005859], [127.62910461425781, 4.458255767822266], [127.54576110839844, 4.458255767822266], [127.54576110839844, 4.374919891357422], [127.46241760253906, 4.374919891357422]]], [[[130.7128143310547, -8.875484466552734], [130.7128143310547, -8.958820343017578], [130.3794403076172, -8.958820343017578], [130.3794403076172, -8.625476837158203], [130.6294708251953, -8.625476837158203], [130.6294708251953, -8.708812713623047], [130.7128143310547, -8.708812713623047], [130.7128143310547, -8.79214859008789], [130.79615783691406, -8.79214859008789], [130.79615783691406, -8.875484466552734], [130.7128143310547, -8.875484466552734]]], [[[131.21287536621094, -8.708812713623047], [130.9628448486328, -8.708812713623047], [130.9628448486328, -8.79214859008789], [130.87950134277344, -8.79214859008789], [130.87950134277344, -8.708812713623047], [130.79615783691406, -8.708812713623047], [130.79615783691406, -8.375469207763672], [130.87950134277344, -8.375469207763672], [130.87950134277344, -8.292133331298828], [131.0461883544922, -8.292133331298828], [131.0461883544922, -8.375469207763672], [131.12953186035156, -8.375469207763672], [131.12953186035156, -8.54214096069336], [131.21287536621094, -8.54214096069336], [131.21287536621094, -8.708812713623047]]], [[[132.46302795410156, -7.292102813720703], [132.46302795410156, -7.208766937255859], [132.54637145996094, -7.208766937255859], [132.54637145996094, -7.292102813720703], [132.46302795410156, -7.292102813720703]]], [[[134.2965850830078, -7.042095184326172], [134.2965850830078, -7.125431060791016], [134.3799285888672, -7.125431060791016], [134.3799285888672, -7.042095184326172], [134.46327209472656, -7.042095184326172], [134.46327209472656, -7.125431060791016], [134.54661560058594, -7.125431060791016], [134.54661560058594, -7.042095184326172], [134.6299591064453, -7.042095184326172], [134.6299591064453, -6.875423431396484], [134.87998962402344, -6.875423431396484], [134.87998962402344, -6.625415802001953], [135.21336364746094, -6.625415802001953], [135.21336364746094, -7.125431060791016], [135.13002014160156, -7.125431060791016], [135.13002014160156, -7.292102813720703], [135.0466766357422, -7.292102813720703], [135.0466766357422, -7.375438690185547], [134.9633331298828, -7.375438690185547], [134.9633331298828, -7.458774566650391], [134.79664611816406, -7.458774566650391], [134.79664611816406, -7.542110443115234], [134.12989807128906, -7.542110443115234], [134.12989807128906, -7.458774566650391], [134.0465545654297, -7.458774566650391], [134.0465545654297, -7.375438690185547], [133.79652404785156, -7.375438690185547], [133.79652404785156, -7.292102813720703], [133.7131805419922, -7.292102813720703], [133.7131805419922, -7.208766937255859], [133.6298370361328, -7.208766937255859], [133.6298370361328, -7.125431060791016], [133.54649353027344, -7.125431060791016], [133.54649353027344, -6.875423431396484], [133.46315002441406, -6.875423431396484], [133.46315002441406, -6.458744049072266], [133.6298370361328, -6.458744049072266], [133.6298370361328, -6.375408172607422], [133.87986755371094, -6.375408172607422], [133.87986755371094, -6.792087554931641], [134.0465545654297, -6.792087554931641], [134.0465545654297, -6.875423431396484], [134.21324157714844, -6.875423431396484], [134.21324157714844, -7.042095184326172], [134.2965850830078, -7.042095184326172]]], [[[129.12928771972656, -6.792087554931641], [128.9626007080078, -6.792087554931641], [128.9626007080078, -6.708751678466797], [128.87925720214844, -6.708751678466797], [128.87925720214844, -6.542079925537109], [128.79591369628906, -6.542079925537109], [128.79591369628906, -6.458744049072266], [128.9626007080078, -6.458744049072266], [128.9626007080078, -6.542079925537109], [129.0459442138672, -6.542079925537109], [129.0459442138672, -6.708751678466797], [129.12928771972656, -6.708751678466797], [129.12928771972656, -6.792087554931641]]], [[[132.3796844482422, -6.625415802001953], [132.3796844482422, -6.542079925537109], [132.54637145996094, -6.542079925537109], [132.54637145996094, -6.625415802001953], [132.3796844482422, -6.625415802001953]]], [[[132.12965393066406, -6.625415802001953], [132.12965393066406, -6.708751678466797], [132.3796844482422, -6.708751678466797], [132.3796844482422, -6.792087554931641], [132.46302795410156, -6.792087554931641], [132.46302795410156, -6.708751678466797], [132.54637145996094, -6.708751678466797], [132.54637145996094, -7.125431060791016], [132.46302795410156, -7.125431060791016], [132.46302795410156, -6.875423431396484], [131.9629669189453, -6.875423431396484], [131.9629669189453, -6.792087554931641], [131.79627990722656, -6.792087554931641], [131.79627990722656, -6.708751678466797], [131.6295928955078, -6.708751678466797], [131.6295928955078, -6.625415802001953], [131.46290588378906, -6.625415802001953], [131.46290588378906, -6.542079925537109], [131.2962188720703, -6.542079925537109], [131.2962188720703, -6.458744049072266], [131.12953186035156, -6.458744049072266], [131.12953186035156, -6.375408172607422], [131.0461883544922, -6.375408172607422], [131.0461883544922, -6.292072296142578], [131.12953186035156, -6.292072296142578], [131.12953186035156, -6.208736419677734], [131.21287536621094, -6.208736419677734], [131.21287536621094, -6.125400543212891], [131.87962341308594, -6.125400543212891], [131.87962341308594, -6.042064666748047], [131.9629669189453, -6.042064666748047], [131.9629669189453, -5.958728790283203], [132.0463104248047, -5.958728790283203], [132.0463104248047, -6.125400543212891], [131.9629669189453, -6.125400543212891], [131.9629669189453, -6.375408172607422], [132.0463104248047, -6.375408172607422], [132.0463104248047, -6.625415802001953], [132.12965393066406, -6.625415802001953]]], [[[129.12928771972656, -6.292072296142578], [129.2959747314453, -6.292072296142578], [129.2959747314453, -6.458744049072266], [129.21263122558594, -6.458744049072266], [129.21263122558594, -6.375408172607422], [129.12928771972656, -6.375408172607422], [129.12928771972656, -6.292072296142578]]], [[[132.12965393066406, -6.375408172607422], [132.12965393066406, -6.292072296142578], [132.21299743652344, -6.292072296142578], [132.21299743652344, -6.208736419677734], [132.3796844482422, -6.208736419677734], [132.3796844482422, -6.375408172607422], [132.2963409423828, -6.375408172607422], [132.2963409423828, -6.458744049072266], [132.21299743652344, -6.458744049072266], [132.21299743652344, -6.375408172607422], [132.12965393066406, -6.375408172607422]]], [[[130.79615783691406, -5.625385284423828], [130.79615783691406, -6.375408172607422], [130.7128143310547, -6.375408172607422], [130.7128143310547, -6.625415802001953], [130.6294708251953, -6.625415802001953], [130.6294708251953, -6.542079925537109], [130.3794403076172, -6.542079925537109], [130.3794403076172, -6.458744049072266], [130.12940979003906, -6.458744049072266], [130.12940979003906, -6.375408172607422], [129.7126922607422, -6.375408172607422], [129.7126922607422, -6.292072296142578], [129.46266174316406, -6.292072296142578], [129.46266174316406, -6.208736419677734], [129.3793182373047, -6.208736419677734], [129.3793182373047, -6.042064666748047], [129.46266174316406, -6.042064666748047], [129.46266174316406, -5.958728790283203], [129.54600524902344, -5.958728790283203], [129.54600524902344, -5.875392913818359], [129.6293487548828, -5.875392913818359], [129.6293487548828, -5.792057037353516], [129.7126922607422, -5.792057037353516], [129.7126922607422, -5.542049407958984], [130.0460662841797, -5.542049407958984], [130.0460662841797, -5.625385284423828], [130.21275329589844, -5.625385284423828], [130.21275329589844, -5.708721160888672], [130.46278381347656, -5.708721160888672], [130.46278381347656, -5.625385284423828], [130.79615783691406, -5.625385284423828]]], [[[134.87998962402344, -5.292041778564453], [134.79664611816406, -5.292041778564453], [134.79664611816406, -5.208705902099609], [134.7133026123047, -5.208705902099609], [134.7133026123047, -5.042034149169922], [134.79664611816406, -5.042034149169922], [134.79664611816406, -4.958698272705078], [134.87998962402344, -4.958698272705078], [134.87998962402344, -4.875362396240234], [134.9633331298828, -4.875362396240234], [134.9633331298828, -4.958698272705078], [135.0466766357422, -4.958698272705078], [135.0466766357422, -5.208705902099609], [134.87998962402344, -5.208705902099609], [134.87998962402344, -5.292041778564453]]], [[[134.7133026123047, -4.958698272705078], [134.7133026123047, -5.042034149169922], [134.3799285888672, -5.042034149169922], [134.3799285888672, -4.958698272705078], [134.2965850830078, -4.958698272705078], [134.2965850830078, -4.792026519775391], [134.12989807128906, -4.792026519775391], [134.12989807128906, -4.708690643310547], [134.79664611816406, -4.708690643310547], [134.79664611816406, -4.792026519775391], [134.87998962402344, -4.792026519775391], [134.87998962402344, -4.875362396240234], [134.79664611816406, -4.875362396240234], [134.79664611816406, -4.958698272705078], [134.7133026123047, -4.958698272705078]]], [[[128.0458221435547, -4.875362396240234], [128.0458221435547, -4.792026519775391], [128.12916564941406, -4.792026519775391], [128.12916564941406, -4.875362396240234], [128.0458221435547, -4.875362396240234]]], [[[131.0461883544922, -2.8753013610839844], [131.12953186035156, -2.8753013610839844], [131.12953186035156, -2.958637237548828], [131.0461883544922, -2.958637237548828], [131.0461883544922, -3.041973114013672], [130.3794403076172, -3.041973114013672], [130.3794403076172, -2.5419578552246094], [130.46278381347656, -2.5419578552246094], [130.46278381347656, -2.625293731689453], [130.9628448486328, -2.625293731689453], [130.9628448486328, -2.708629608154297], [131.0461883544922, -2.708629608154297], [131.0461883544922, -2.8753013610839844]]], [[[131.3795623779297, -2.291950225830078], [131.3795623779297, -2.2086143493652344], [131.46290588378906, -2.2086143493652344], [131.46290588378906, -2.291950225830078], [131.3795623779297, -2.291950225830078]]], [[[128.9626007080078, -1.7085990905761719], [128.9626007080078, -1.8752708435058594], [128.87925720214844, -1.8752708435058594], [128.87925720214844, -1.9586067199707031], [128.79591369628906, -1.9586067199707031], [128.79591369628906, -2.041942596435547], [128.54588317871094, -2.041942596435547], [128.54588317871094, -1.4585914611816406], [128.6292266845703, -1.4585914611816406], [128.6292266845703, -1.3752555847167969], [128.79591369628906, -1.3752555847167969], [128.79591369628906, -1.4585914611816406], [128.9626007080078, -1.4585914611816406], [128.9626007080078, -1.5419273376464844], [129.0459442138672, -1.5419273376464844], [129.0459442138672, -1.7085990905761719], [128.9626007080078, -1.7085990905761719]]], [[[130.46278381347656, -1.4585914611816406], [130.3794403076172, -1.4585914611816406], [130.3794403076172, -1.3752555847167969], [130.46278381347656, -1.3752555847167969], [130.46278381347656, -1.4585914611816406]]], [[[130.21275329589844, -0.7919044494628906], [130.21275329589844, -0.7085685729980469], [130.2960968017578, -0.7085685729980469], [130.2960968017578, -0.7919044494628906], [130.21275329589844, -0.7919044494628906]]], [[[130.12940979003906, 0.4581336975097656], [130.12940979003906, 0.3747978210449219], [130.21275329589844, 0.3747978210449219], [130.21275329589844, 0.4581336975097656], [130.2960968017578, 0.4581336975097656], [130.2960968017578, 0.6248054504394531], [130.3794403076172, 0.6248054504394531], [130.3794403076172, 0.5414695739746094], [130.46278381347656, 0.5414695739746094], [130.46278381347656, 0.3747978210449219], [130.79615783691406, 0.3747978210449219], [130.79615783691406, 0.2914619445800781], [130.87950134277344, 0.2914619445800781], [130.87950134277344, -0.041881561279296875], [130.79615783691406, -0.041881561279296875], [130.79615783691406, 0.041454315185546875], [130.6294708251953, 0.041454315185546875], [130.6294708251953, 0.12479019165039062], [130.2960968017578, 0.12479019165039062], [130.2960968017578, 0.041454315185546875], [129.9627227783203, 0.041454315185546875], [129.9627227783203, 0.12479019165039062], [130.0460662841797, 0.12479019165039062], [130.0460662841797, 0.2914619445800781], [129.9627227783203, 0.2914619445800781], [129.9627227783203, 0.3747978210449219], [129.79603576660156, 0.3747978210449219], [129.79603576660156, 0.4581336975097656], [129.7126922607422, 0.4581336975097656], [129.7126922607422, 0.5414695739746094], [129.54600524902344, 0.5414695739746094], [129.54600524902344, 0.6248054504394531], [129.46266174316406, 0.6248054504394531], [129.46266174316406, 0.7914772033691406], [129.54600524902344, 0.7914772033691406], [129.54600524902344, 0.8748130798339844], [129.79603576660156, 0.8748130798339844], [129.79603576660156, 0.6248054504394531], [129.9627227783203, 0.6248054504394531], [129.9627227783203, 0.5414695739746094], [130.0460662841797, 0.5414695739746094], [130.0460662841797, 0.4581336975097656], [130.12940979003906, 0.4581336975097656]]], [[[131.79627990722656, 1.0414848327636719], [131.7129364013672, 1.0414848327636719], [131.7129364013672, 0.9581489562988281], [131.46290588378906, 0.9581489562988281], [131.46290588378906, 0.8748130798339844], [131.3795623779297, 0.8748130798339844], [131.3795623779297, 0.7914772033691406], [131.2962188720703, 0.7914772033691406], [131.2962188720703, 0.7081413269042969], [131.0461883544922, 0.7081413269042969], [131.0461883544922, 0.7914772033691406], [130.87950134277344, 0.7914772033691406], [130.87950134277344, 0.8748130798339844], [130.79615783691406, 0.8748130798339844], [130.79615783691406, 0.9581489562988281], [130.7128143310547, 0.9581489562988281], [130.7128143310547, 1.0414848327636719], [130.6294708251953, 1.0414848327636719], [130.6294708251953, 1.1248207092285156], [130.7128143310547, 1.1248207092285156], [130.7128143310547, 1.3748283386230469], [130.79615783691406, 1.3748283386230469], [130.79615783691406, 1.4581642150878906], [130.87950134277344, 1.4581642150878906], [130.87950134277344, 1.5415000915527344], [131.6295928955078, 1.5415000915527344], [131.6295928955078, 1.4581642150878906], [131.7129364013672, 1.4581642150878906], [131.7129364013672, 1.3748283386230469], [131.79627990722656, 1.3748283386230469], [131.79627990722656, 1.0414848327636719]]], [[[128.12916564941406, 2.2081871032714844], [128.12916564941406, 2.291522979736328], [128.21250915527344, 2.291522979736328], [128.21250915527344, 2.2081871032714844], [128.12916564941406, 2.2081871032714844]]], [[[128.79591369628906, 2.624866485595703], [128.79591369628906, 2.7915382385253906], [128.87925720214844, 2.7915382385253906], [128.87925720214844, 2.958209991455078], [129.0459442138672, 2.958209991455078], [129.0459442138672, 2.8748741149902344], [129.12928771972656, 2.8748741149902344], [129.12928771972656, 2.291522979736328], [128.7125701904297, 2.291522979736328], [128.7125701904297, 2.624866485595703], [128.79591369628906, 2.624866485595703]]]]}}, {"type": "Feature", "properties": {"date": "2026-09-09", "category_id": 2, "level": "siaga", "kategori": "Risiko Tinggi", "color": "#FFA500"}, "geometry": {"type": "MultiPolygon", "coordinates": [[[[114.62751770019531, -8.958820343017578], [114.62751770019531, -8.875484466552734], [114.71086120605469, -8.875484466552734], [114.71086120605469, -8.958820343017578], [114.62751770019531, -8.958820343017578]]], [[[115.79432678222656, -8.54214096069336], [115.79432678222656, -8.625476837158203], [115.87767028808594, -8.625476837158203], [115.87767028808594, -8.708812713623047], [115.79432678222656, -8.708812713623047], [115.79432678222656, -8.79214859008789], [115.87767028808594, -8.79214859008789], [115.87767028808594, -8.875484466552734], [115.71098327636719, -8.875484466552734], [115.71098327636719, -9.042156219482422], [115.62763977050781, -9.042156219482422], [115.62763977050781, -8.958820343017578], [115.54429626464844, -8.958820343017578], [115.54429626464844, -8.79214859008789], [115.62763977050781, -8.79214859008789], [115.62763977050781, -8.708812713623047], [115.46095275878906, -8.708812713623047], [115.46095275878906, -8.625476837158203], [115.37760925292969, -8.625476837158203], [115.37760925292969, -8.54214096069336], [115.62763977050781, -8.54214096069336], [115.62763977050781, -8.458805084228516], [115.71098327636719, -8.458805084228516], [115.71098327636719, -8.54214096069336], [115.79432678222656, -8.54214096069336]]], [[[115.87767028808594, -8.79214859008789], [115.87767028808594, -8.708812713623047], [115.96101379394531, -8.708812713623047], [115.96101379394531, -8.79214859008789], [115.87767028808594, -8.79214859008789]]], [[[114.21080017089844, -8.708812713623047], [114.21080017089844, -8.625476837158203], [114.37748718261719, -8.625476837158203], [114.37748718261719, -8.708812713623047], [114.21080017089844, -8.708812713623047]]], [[[105.12635803222656, -6.292072296142578], [105.12635803222656, -6.542079925537109], [104.70964050292969, -6.542079925537109], [104.70964050292969, -6.375408172607422], [104.79298400878906, -6.375408172607422], [104.79298400878906, -6.292072296142578], [104.87632751464844, -6.292072296142578], [104.87632751464844, -6.208736419677734], [105.04301452636719, -6.208736419677734], [105.04301452636719, -6.292072296142578], [105.12635803222656, -6.292072296142578]]], [[[100.37577819824219, -3.625324249267578], [100.37577819824219, -3.708660125732422], [100.12574768066406, -3.708660125732422], [100.12574768066406, -3.625324249267578], [100.20909118652344, -3.625324249267578], [100.20909118652344, -3.5419883728027344], [100.29243469238281, -3.5419883728027344], [100.29243469238281, -3.4586524963378906], [100.37577819824219, -3.4586524963378906], [100.37577819824219, -3.375316619873047], [100.45912170410156, -3.375316619873047], [100.45912170410156, -3.625324249267578], [100.37577819824219, -3.625324249267578]]], [[[99.70903015136719, -2.7919654846191406], [99.70903015136719, -2.8753013610839844], [99.62568664550781, -2.8753013610839844], [99.62568664550781, -2.958637237548828], [99.54234313964844, -2.958637237548828], [99.54234313964844, -3.041973114013672], [99.45899963378906, -3.041973114013672], [99.45899963378906, -2.8753013610839844], [99.54234313964844, -2.8753013610839844], [99.54234313964844, -2.7919654846191406], [99.62568664550781, -2.7919654846191406], [99.62568664550781, -2.5419578552246094], [99.79237365722656, -2.5419578552246094], [99.79237365722656, -2.7919654846191406], [99.70903015136719, -2.7919654846191406]]], [[[99.29231262207031, -2.4586219787597656], [99.20896911621094, -2.4586219787597656], [99.20896911621094, -2.5419578552246094], [99.12562561035156, -2.5419578552246094], [99.12562561035156, -2.4586219787597656], [99.04228210449219, -2.4586219787597656], [99.04228210449219, -2.375286102294922], [98.95893859863281, -2.375286102294922], [98.95893859863281, -2.291950225830078], [99.04228210449219, -2.291950225830078], [99.04228210449219, -2.2086143493652344], [99.12562561035156, -2.2086143493652344], [99.12562561035156, -2.1252784729003906], [99.20896911621094, -2.1252784729003906], [99.20896911621094, -2.041942596435547], [99.37565612792969, -2.041942596435547], [99.37565612792969, -2.291950225830078], [99.29231262207031, -2.291950225830078], [99.29231262207031, -2.4586219787597656]]], [[[98.04216003417969, -1.3752555847167969], [97.95881652832031, -1.3752555847167969], [97.95881652832031, -1.2085838317871094], [98.12550354003906, -1.2085838317871094], [98.12550354003906, -1.2919197082519531], [98.04216003417969, -1.2919197082519531], [98.04216003417969, -1.3752555847167969]]]]}}]}