{"type": "FeatureCollection", "features": [{"type": "Feature", "properties": {"date": "2026-08-14", "category_id": 1, "level": "waspada", "kategori": "Waspada Potensi Longsor", "color": "#FFFF00"}, "geometry": {"type": "MultiPolygon", "coordinates": [[[[97.7699999999975, 2.894999999999359], [97.7649999999975, 2.894999999999359], [97.7649999999975, 2.89999999999936], [97.77999999999749, 2.89999999999936], [97.77999999999749, 2.9049999999993608], [97.78499999999748, 2.9049999999993608], [97.78499999999748, 2.9099999999993615], [97.78999999999748, 2.9099999999993615], [97.78999999999748, 2.89999999999936], [97.78499999999748, 2.89999999999936], [97.78499999999748, 2.894999999999359], [97.77999999999749, 2.894999999999359], [97.77999999999749, 2.8849999999993576], [97.7699999999975, 2.8849999999993576], [97.7699999999975, 2.894999999999359]]], [[[97.63499999999762, 2.89999999999936], [97.63999999999761, 2.89999999999936], [97.63999999999761, 2.894999999999359], [97.63499999999762, 2.894999999999359], [97.63499999999762, 2.89999999999936]]], [[[97.57999999999767, 2.9049999999993608], [97.58499999999766, 2.9049999999993608], [97.58499999999766, 2.89999999999936], [97.57999999999767, 2.89999999999936], [97.57999999999767, 2.9049999999993608]]], [[[97.7649999999975, 2.9049999999993608], [97.7649999999975, 2.89999999999936], [97.7599999999975, 2.89999999999936], [97.7599999999975, 2.9049999999993608], [97.7649999999975, 2.9049999999993608]]], [[[97.71999999999754, 2.919999999999363], [97.71999999999754, 2.9149999999993623], [97.71499999999754, 2.9149999999993623], [97.71499999999754, 2.919999999999363], [97.71999999999754, 2.919999999999363]]], [[[97.69999999999756, 2.919999999999363], [97.70499999999755, 2.919999999999363], [97.70499999999755, 2.9149999999993623], [97.69999999999756, 2.9149999999993623], [97.69999999999756, 2.919999999999363]]], [[[97.69999999999756, 2.919999999999363], [97.69499999999756, 2.919999999999363], [97.69499999999756, 2.924999999999364], [97.69999999999756, 2.924999999999364], [97.69999999999756, 2.919999999999363]]], [[[97.55499999999769, 2.924999999999364], [97.55999999999769, 2.924999999999364], [97.55999999999769, 2.919999999999363], [97.55499999999769, 2.919999999999363], [97.55499999999769, 2.924999999999364]]], [[[97.7649999999975, 2.9349999999993654], [97.7649999999975, 2.9299999999993647], [97.75499999999751, 2.9299999999993647], [97.75499999999751, 2.9349999999993654], [97.7649999999975, 2.9349999999993654]]], [[[97.74499999999752, 2.9349999999993654], [97.74499999999752, 2.9299999999993647], [97.73999999999752, 2.9299999999993647], [97.73999999999752, 2.9349999999993654], [97.74499999999752, 2.9349999999993654]]], [[[97.55499999999769, 2.9349999999993654], [97.55999999999769, 2.9349999999993654], [97.55999999999769, 2.9399999999993662], [97.55499999999769, 2.9399999999993662], [97.55499999999769, 2.949999999999368], [97.56499999999768, 2.949999999999368], [97.56499999999768, 2.944999999999367], [97.56999999999768, 2.944999999999367], [97.56999999999768, 2.9549999999993686], [97.57999999999767, 2.9549999999993686], [97.57999999999767, 2.949999999999368], [97.57499999999767, 2.949999999999368], [97.57499999999767, 2.9399999999993662], [97.56499999999768, 2.9399999999993662], [97.56499999999768, 2.9299999999993647], [97.55499999999769, 2.9299999999993647], [97.55499999999769, 2.9349999999993654]]], [[[97.7649999999975, 2.944999999999367], [97.7699999999975, 2.944999999999367], [97.7699999999975, 2.9399999999993662], [97.7649999999975, 2.9399999999993662], [97.7649999999975, 2.944999999999367]]], [[[97.74499999999752, 2.944999999999367], [97.74999999999751, 2.944999999999367], [97.74999999999751, 2.9399999999993662], [97.74499999999752, 2.9399999999993662], [97.74499999999752, 2.944999999999367]]], [[[97.64499999999761, 2.944999999999367], [97.64499999999761, 2.9399999999993662], [97.63999999999761, 2.9399999999993662], [97.63999999999761, 2.944999999999367], [97.64499999999761, 2.944999999999367]]], [[[97.58999999999766, 2.944999999999367], [97.58999999999766, 2.9399999999993662], [97.58499999999766, 2.9399999999993662], [97.58499999999766, 2.944999999999367], [97.58999999999766, 2.944999999999367]]], [[[97.61499999999764, 2.949999999999368], [97.61999999999763, 2.949999999999368], [97.61999999999763, 2.944999999999367], [97.61499999999764, 2.944999999999367], [97.61499999999764, 2.949999999999368]]], [[[97.7699999999975, 2.9599999999993694], [97.7699999999975, 2.9549999999993686], [97.7649999999975, 2.9549999999993686], [97.7649999999975, 2.9599999999993694], [97.7699999999975, 2.9599999999993694]]], [[[97.59499999999765, 2.9599999999993694], [97.59499999999765, 2.9549999999993686], [97.57999999999767, 2.9549999999993686], [97.57999999999767, 2.9599999999993694], [97.59499999999765, 2.9599999999993694]]], [[[97.55499999999769, 2.949999999999368], [97.5449999999977, 2.949999999999368], [97.5449999999977, 2.9549999999993686], [97.53499999999771, 2.9549999999993686], [97.53499999999771, 2.9599999999993694], [97.55499999999769, 2.9599999999993694], [97.55499999999769, 2.969999999999371], [97.55999999999769, 2.969999999999371], [97.55999999999769, 2.9749999999993717], [97.56999999999768, 2.9749999999993717], [97.56999999999768, 2.969999999999371], [97.57999999999767, 2.969999999999371], [97.57999999999767, 2.9599999999993694], [97.55999999999769, 2.9599999999993694], [97.55999999999769, 2.9549999999993686], [97.55499999999769, 2.9549999999993686], [97.55499999999769, 2.949999999999368]]], [[[97.60999999999764, 2.969999999999371], [97.61499999999764, 2.969999999999371], [97.61499999999764, 2.96499999999937], [97.60999999999764, 2.96499999999937], [97.60999999999764, 2.969999999999371]]], [[[97.60999999999764, 2.96499999999937], [97.60999999999764, 2.9549999999993686], [97.60499999999764, 2.9549999999993686], [97.60499999999764, 2.949999999999368], [97.59499999999765, 2.949999999999368], [97.59499999999765, 2.9549999999993686], [97.59999999999765, 2.9549999999993686], [97.59999999999765, 2.9599999999993694], [97.59499999999765, 2.9599999999993694], [97.59499999999765, 2.994999999999375], [97.59999999999765, 2.994999999999375], [97.59999999999765, 2.9999999999993756], [97.60499999999764, 2.9999999999993756], [97.60499999999764, 2.989999999999374], [97.61499999999764, 2.989999999999374], [97.61499999999764, 2.9849999999993733], [97.60499999999764, 2.9849999999993733], [97.60499999999764, 2.9799999999993725], [97.59999999999765, 2.9799999999993725], [97.59999999999765, 2.96499999999937], [97.60999999999764, 2.96499999999937]]], [[[97.73999999999752, 2.9799999999993725], [97.74499999999752, 2.9799999999993725], [97.74499999999752, 2.9749999999993717], [97.73999999999752, 2.9749999999993717], [97.73999999999752, 2.9799999999993725]]], [[[97.7599999999975, 2.989999999999374], [97.74999999999751, 2.989999999999374], [97.74999999999751, 2.9849999999993733], [97.73999999999752, 2.9849999999993733], [97.73999999999752, 2.9799999999993725], [97.73499999999753, 2.9799999999993725], [97.73499999999753, 2.9749999999993717], [97.72999999999753, 2.9749999999993717], [97.72999999999753, 2.9849999999993733], [97.73499999999753, 2.9849999999993733], [97.73499999999753, 2.994999999999375], [97.75499999999751, 2.994999999999375], [97.75499999999751, 2.9999999999993756], [97.7599999999975, 2.9999999999993756], [97.7599999999975, 2.994999999999375], [97.7649999999975, 2.994999999999375], [97.7649999999975, 2.989999999999374], [97.7699999999975, 2.989999999999374], [97.7699999999975, 2.9849999999993733], [97.7599999999975, 2.9849999999993733], [97.7599999999975, 2.989999999999374]]], [[[97.52499999999772, 3.124999999999395], [97.57499999999767, 3.124999999999395], [97.57499999999767, 3.1199999999993944], [97.57999999999767, 3.1199999999993944], [97.57999999999767, 3.124999999999395], [97.59999999999765, 3.124999999999395], [97.59999999999765, 3.1199999999993944], [97.60999999999764, 3.1199999999993944], [97.60999999999764, 3.124999999999395], [97.81499999999745, 3.124999999999395], [97.81499999999745, 3.1199999999993944], [97.81999999999745, 3.1199999999993944], [97.81999999999745, 3.1149999999993936], [97.82499999999744, 3.1149999999993936], [97.82499999999744, 3.1199999999993944], [97.82999999999744, 3.1199999999993944], [97.82999999999744, 3.124999999999395], [97.84499999999743, 3.124999999999395], [97.84499999999743, 3.1149999999993936], [97.85499999999742, 3.1149999999993936], [97.85499999999742, 3.1199999999993944], [97.84999999999742, 3.1199999999993944], [97.84999999999742, 3.124999999999395], [97.85999999999741, 3.124999999999395], [97.85999999999741, 3.1199999999993944], [97.86499999999741, 3.1199999999993944], [97.86499999999741, 3.124999999999395], [97.8749999999974, 3.124999999999395], [97.8749999999974, 3.104999999999392], [97.8699999999974, 3.104999999999392], [97.8699999999974, 3.084999999999389], [97.8749999999974, 3.084999999999389], [97.8749999999974, 3.039999999999382], [97.86499999999741, 3.039999999999382], [97.86499999999741, 3.0449999999993826], [97.85999999999741, 3.0449999999993826], [97.85999999999741, 3.039999999999382], [97.85499999999742, 3.039999999999382], [97.85499999999742, 3.0449999999993826], [97.84999999999742, 3.0449999999993826], [97.84999999999742, 3.054999999999384], [97.83999999999743, 3.054999999999384], [97.83999999999743, 3.0499999999993834], [97.83499999999744, 3.0499999999993834], [97.83499999999744, 3.059999999999385], [97.82999999999744, 3.059999999999385], [97.82999999999744, 3.054999999999384], [97.82499999999744, 3.054999999999384], [97.82499999999744, 3.0449999999993826], [97.81999999999745, 3.0449999999993826], [97.81999999999745, 3.0499999999993834], [97.81499999999745, 3.0499999999993834], [97.81499999999745, 3.059999999999385], [97.80999999999746, 3.059999999999385], [97.80999999999746, 3.0649999999993858], [97.81499999999745, 3.0649999999993858], [97.81499999999745, 3.0699999999993866], [97.80999999999746, 3.0699999999993866], [97.80999999999746, 3.084999999999389], [97.77499999999749, 3.084999999999389], [97.77499999999749, 3.0749999999993873], [97.7699999999975, 3.0749999999993873], [97.7699999999975, 3.079999999999388], [97.7599999999975, 3.079999999999388], [97.7599999999975, 3.0749999999993873], [97.74499999999752, 3.0749999999993873], [97.74499999999752, 3.0699999999993866], [97.74999999999751, 3.0699999999993866], [97.74999999999751, 3.0649999999993858], [97.75499999999751, 3.0649999999993858], [97.75499999999751, 3.059999999999385], [97.73999999999752, 3.059999999999385], [97.73999999999752, 3.0299999999993803], [97.72999999999753, 3.0299999999993803], [97.72999999999753, 3.0249999999993795], [97.73499999999753, 3.0249999999993795], [97.73499999999753, 3.0199999999993787], [97.72999999999753, 3.0199999999993787], [97.72999999999753, 3.014999999999378], [97.72499999999754, 3.014999999999378], [97.72499999999754, 2.9999999999993756], [97.72999999999753, 2.9999999999993756], [97.72999999999753, 2.994999999999375], [97.72499999999754, 2.994999999999375], [97.72499999999754, 2.989999999999374], [97.72999999999753, 2.989999999999374], [97.72999999999753, 2.9849999999993733], [97.72499999999754, 2.9849999999993733], [97.72499999999754, 2.9799999999993725], [97.71999999999754, 2.9799999999993725], [97.71999999999754, 2.9749999999993717], [97.72999999999753, 2.9749999999993717], [97.72999999999753, 2.969999999999371], [97.74499999999752, 2.969999999999371], [97.74499999999752, 2.9749999999993717], [97.74999999999751, 2.9749999999993717], [97.74999999999751, 2.9849999999993733], [97.75499999999751, 2.9849999999993733], [97.75499999999751, 2.9799999999993725], [97.7699999999975, 2.9799999999993725], [97.7699999999975, 2.96499999999937], [97.7649999999975, 2.96499999999937], [97.7649999999975, 2.9599999999993694], [97.7599999999975, 2.9599999999993694], [97.7599999999975, 2.9549999999993686], [97.75499999999751, 2.9549999999993686], [97.75499999999751, 2.949999999999368], [97.74999999999751, 2.949999999999368], [97.74999999999751, 2.9549999999993686], [97.73999999999752, 2.9549999999993686], [97.73999999999752, 2.9599999999993694], [97.73499999999753, 2.9599999999993694], [97.73499999999753, 2.9549999999993686], [97.72499999999754, 2.9549999999993686], [97.72499999999754, 2.9299999999993647], [97.71499999999754, 2.9299999999993647], [97.71499999999754, 2.919999999999363], [97.70499999999755, 2.919999999999363], [97.70499999999755, 2.9299999999993647], [97.70999999999755, 2.9299999999993647], [97.70999999999755, 2.9349999999993654], [97.71499999999754, 2.9349999999993654], [97.71499999999754, 2.9399999999993662], [97.70999999999755, 2.9399999999993662], [97.70999999999755, 2.949999999999368], [97.71499999999754, 2.949999999999368], [97.71499999999754, 2.9549999999993686], [97.70499999999755, 2.9549999999993686], [97.70499999999755, 2.944999999999367], [97.69999999999756, 2.944999999999367], [97.69999999999756, 2.9399999999993662], [97.67999999999758, 2.9399999999993662], [97.67999999999758, 2.9349999999993654], [97.68499999999757, 2.9349999999993654], [97.68499999999757, 2.924999999999364], [97.68999999999757, 2.924999999999364], [97.68999999999757, 2.919999999999363], [97.69499999999756, 2.919999999999363], [97.69499999999756, 2.9099999999993615], [97.70499999999755, 2.9099999999993615], [97.70499999999755, 2.89999999999936], [97.70999999999755, 2.89999999999936], [97.70999999999755, 2.9049999999993608], [97.71499999999754, 2.9049999999993608], [97.71499999999754, 2.894999999999359], [97.74999999999751, 2.894999999999359], [97.74999999999751, 2.89999999999936], [97.7599999999975, 2.89999999999936], [97.7599999999975, 2.8849999999993576], [97.75499999999751, 2.8849999999993576], [97.75499999999751, 2.8699999999993553], [97.74999999999751, 2.8699999999993553], [97.74999999999751, 2.874999999999356], [97.74499999999752, 2.874999999999356], [97.74499999999752, 2.879999999999357], [97.74999999999751, 2.879999999999357], [97.74999999999751, 2.8849999999993576], [97.71999999999754, 2.8849999999993576], [97.71999999999754, 2.879999999999357], [97.70499999999755, 2.879999999999357], [97.70499999999755, 2.8849999999993576], [97.69499999999756, 2.8849999999993576], [97.69499999999756, 2.894999999999359], [97.68499999999757, 2.894999999999359], [97.68499999999757, 2.9049999999993608], [97.67499999999758, 2.9049999999993608], [97.67499999999758, 2.9099999999993615], [97.66999999999759, 2.9099999999993615], [97.66999999999759, 2.89999999999936], [97.66499999999759, 2.89999999999936], [97.66499999999759, 2.9049999999993608], [97.6599999999976, 2.9049999999993608], [97.6599999999976, 2.89999999999936], [97.6549999999976, 2.89999999999936], [97.6549999999976, 2.9049999999993608], [97.6499999999976, 2.9049999999993608], [97.6499999999976, 2.9099999999993615], [97.63499999999762, 2.9099999999993615], [97.63499999999762, 2.89999999999936], [97.62499999999763, 2.89999999999936], [97.62499999999763, 2.9049999999993608], [97.61999999999763, 2.9049999999993608], [97.61999999999763, 2.9149999999993623], [97.60999999999764, 2.9149999999993623], [97.60999999999764, 2.9049999999993608], [97.60499999999764, 2.9049999999993608], [97.60499999999764, 2.89999999999936], [97.58999999999766, 2.89999999999936], [97.58999999999766, 2.9049999999993608], [97.59499999999765, 2.9049999999993608], [97.59499999999765, 2.9099999999993615], [97.59999999999765, 2.9099999999993615], [97.59999999999765, 2.9149999999993623], [97.60499999999764, 2.9149999999993623], [97.60499999999764, 2.919999999999363], [97.58999999999766, 2.919999999999363], [97.58999999999766, 2.9149999999993623], [97.58499999999766, 2.9149999999993623], [97.58499999999766, 2.9099999999993615], [97.57499999999767, 2.9099999999993615], [97.57499999999767, 2.89999999999936], [97.56499999999768, 2.89999999999936], [97.56499999999768, 2.919999999999363], [97.56999999999768, 2.919999999999363], [97.56999999999768, 2.9349999999993654], [97.57499999999767, 2.9349999999993654], [97.57499999999767, 2.919999999999363], [97.58499999999766, 2.919999999999363], [97.58499999999766, 2.924999999999364], [97.59999999999765, 2.924999999999364], [97.59999999999765, 2.9299999999993647], [97.60999999999764, 2.9299999999993647], [97.60999999999764, 2.919999999999363], [97.62499999999763, 2.919999999999363], [97.62499999999763, 2.949999999999368], [97.61999999999763, 2.949999999999368], [97.61999999999763, 2.96499999999937], [97.62499999999763, 2.96499999999937], [97.62499999999763, 2.9799999999993725], [97.61999999999763, 2.9799999999993725], [97.61999999999763, 2.969999999999371], [97.61499999999764, 2.969999999999371], [97.61499999999764, 2.9849999999993733], [97.61999999999763, 2.9849999999993733], [97.61999999999763, 2.989999999999374], [97.61499999999764, 2.989999999999374], [97.61499999999764, 2.994999999999375], [97.60999999999764, 2.994999999999375], [97.60999999999764, 2.9999999999993756], [97.60499999999764, 2.9999999999993756], [97.60499999999764, 3.0049999999993764], [97.59999999999765, 3.0049999999993764], [97.59999999999765, 3.009999999999377], [97.59499999999765, 3.009999999999377], [97.59499999999765, 3.014999999999378], [97.58999999999766, 3.014999999999378], [97.58999999999766, 3.0199999999993787], [97.58499999999766, 3.0199999999993787], [97.58499999999766, 3.0249999999993795], [97.58999999999766, 3.0249999999993795], [97.58999999999766, 3.0299999999993803], [97.57999999999767, 3.0299999999993803], [97.57999999999767, 3.034999999999381], [97.56999999999768, 3.034999999999381], [97.56999999999768, 3.039999999999382], [97.56499999999768, 3.039999999999382], [97.56499999999768, 3.0449999999993826], [97.55999999999769, 3.0449999999993826], [97.55999999999769, 3.0499999999993834], [97.55499999999769, 3.0499999999993834], [97.55499999999769, 3.059999999999385], [97.5449999999977, 3.059999999999385], [97.5449999999977, 3.0699999999993866], [97.5399999999977, 3.0699999999993866], [97.5399999999977, 3.084999999999389], [97.5499999999977, 3.084999999999389], [97.5499999999977, 3.0899999999993897], [97.52999999999771, 3.0899999999993897], [97.52999999999771, 3.0999999999993912], [97.52499999999772, 3.0999999999993912], [97.52499999999772, 3.104999999999392], [97.51999999999772, 3.104999999999392], [97.51999999999772, 3.109999999999393], [97.51499999999773, 3.109999999999393], [97.51499999999773, 3.1149999999993936], [97.49999999999774, 3.1149999999993936], [97.49999999999774, 3.109999999999393], [97.50499999999774, 3.109999999999393], [97.50499999999774, 3.0999999999993912], [97.49999999999774, 3.0999999999993912], [97.49999999999774, 3.104999999999392], [97.47999999999776, 3.104999999999392], [97.47999999999776, 3.1149999999993936], [97.48499999999775, 3.1149999999993936], [97.48499999999775, 3.124999999999395], [97.49499999999775, 3.124999999999395], [97.49499999999775, 3.1199999999993944], [97.49999999999774, 3.1199999999993944], [97.49999999999774, 3.124999999999395], [97.51999999999772, 3.124999999999395], [97.51999999999772, 3.1199999999993944], [97.52499999999772, 3.1199999999993944], [97.52499999999772, 3.124999999999395]], [[97.83999999999743, 3.059999999999385], [97.83999999999743, 3.0699999999993866], [97.83499999999744, 3.0699999999993866], [97.83499999999744, 3.059999999999385], [97.83999999999743, 3.059999999999385]], [[97.73999999999752, 3.0699999999993866], [97.73999999999752, 3.0649999999993858], [97.74499999999752, 3.0649999999993858], [97.74499999999752, 3.0699999999993866], [97.73999999999752, 3.0699999999993866]], [[97.71999999999754, 2.989999999999374], [97.71499999999754, 2.989999999999374], [97.71499999999754, 2.9799999999993725], [97.71999999999754, 2.9799999999993725], [97.71999999999754, 2.989999999999374]], [[97.72499999999754, 2.969999999999371], [97.72499999999754, 2.96499999999937], [97.72999999999753, 2.96499999999937], [97.72999999999753, 2.969999999999371], [97.72499999999754, 2.969999999999371]], [[97.67499999999758, 2.9349999999993654], [97.67499999999758, 2.9299999999993647], [97.67999999999758, 2.9299999999993647], [97.67999999999758, 2.9349999999993654], [97.67499999999758, 2.9349999999993654]], [[97.5449999999977, 3.1199999999993944], [97.5449999999977, 3.1149999999993936], [97.5499999999977, 3.1149999999993936], [97.5499999999977, 3.1199999999993944], [97.5449999999977, 3.1199999999993944]], [[97.58499999999766, 3.1199999999993944], [97.58499999999766, 3.1149999999993936], [97.58999999999766, 3.1149999999993936], [97.58999999999766, 3.1199999999993944], [97.58499999999766, 3.1199999999993944]], [[97.58999999999766, 3.109999999999393], [97.59999999999765, 3.109999999999393], [97.59999999999765, 3.1149999999993936], [97.58999999999766, 3.1149999999993936], [97.58999999999766, 3.109999999999393]], [[97.56999999999768, 3.1149999999993936], [97.56999999999768, 3.109999999999393], [97.57499999999767, 3.109999999999393], [97.57499999999767, 3.1149999999993936], [97.56999999999768, 3.1149999999993936]], [[97.66499999999759, 3.1149999999993936], [97.66499999999759, 3.109999999999393], [97.66999999999759, 3.109999999999393], [97.66999999999759, 3.1149999999993936], [97.66499999999759, 3.1149999999993936]], [[97.79999999999747, 3.1149999999993936], [97.79999999999747, 3.109999999999393], [97.80499999999746, 3.109999999999393], [97.80499999999746, 3.1149999999993936], [97.79999999999747, 3.1149999999993936]], [[97.85999999999741, 3.1149999999993936], [97.85999999999741, 3.109999999999393], [97.86499999999741, 3.109999999999393], [97.86499999999741, 3.1149999999993936], [97.85999999999741, 3.1149999999993936]], [[97.55499999999769, 3.109999999999393], [97.55499999999769, 3.0949999999993905], [97.56499999999768, 3.0949999999993905], [97.56499999999768, 3.0999999999993912], [97.55999999999769, 3.0999999999993912], [97.55999999999769, 3.104999999999392], [97.56499999999768, 3.104999999999392], [97.56499999999768, 3.109999999999393], [97.55499999999769, 3.109999999999393]], [[97.75499999999751, 3.0949999999993905], [97.75499999999751, 3.0999999999993912], [97.7649999999975, 3.0999999999993912], [97.7649999999975, 3.104999999999392], [97.74999999999751, 3.104999999999392], [97.74999999999751, 3.0949999999993905], [97.75499999999751, 3.0949999999993905]], [[97.78499999999748, 3.104999999999392], [97.78499999999748, 3.0999999999993912], [97.78999999999748, 3.0999999999993912], [97.78999999999748, 3.104999999999392], [97.78499999999748, 3.104999999999392]], [[97.79999999999747, 3.0999999999993912], [97.79999999999747, 3.0949999999993905], [97.80499999999746, 3.0949999999993905], [97.80499999999746, 3.0999999999993912], [97.79999999999747, 3.0999999999993912]], [[97.80999999999746, 3.0999999999993912], [97.80999999999746, 3.0949999999993905], [97.81999999999745, 3.0949999999993905], [97.81999999999745, 3.0999999999993912], [97.80999999999746, 3.0999999999993912]], [[97.81999999999745, 3.084999999999389], [97.82499999999744, 3.084999999999389], [97.82499999999744, 3.079999999999388], [97.82999999999744, 3.079999999999388], [97.82999999999744, 3.0899999999993897], [97.82499999999744, 3.0899999999993897], [97.82499999999744, 3.0949999999993905], [97.81999999999745, 3.0949999999993905], [97.81999999999745, 3.084999999999389]], [[97.83499999999744, 3.084999999999389], [97.83499999999744, 3.0749999999993873], [97.83999999999743, 3.0749999999993873], [97.83999999999743, 3.084999999999389], [97.83499999999744, 3.084999999999389]], [[97.57999999999767, 3.079999999999388], [97.57999999999767, 3.0749999999993873], [97.58999999999766, 3.0749999999993873], [97.58999999999766, 3.079999999999388], [97.57999999999767, 3.079999999999388]], [[97.82499999999744, 3.0749999999993873], [97.82499999999744, 3.0699999999993866], [97.81999999999745, 3.0699999999993866], [97.81999999999745, 3.059999999999385], [97.82499999999744, 3.059999999999385], [97.82499999999744, 3.0649999999993858], [97.82999999999744, 3.0649999999993858], [97.82999999999744, 3.0749999999993873], [97.82499999999744, 3.0749999999993873]], [[97.84999999999742, 3.0699999999993866], [97.84999999999742, 3.059999999999385], [97.86499999999741, 3.059999999999385], [97.86499999999741, 3.0749999999993873], [97.85999999999741, 3.0749999999993873], [97.85999999999741, 3.0699999999993866], [97.84999999999742, 3.0699999999993866]], [[97.86499999999741, 3.0499999999993834], [97.8699999999974, 3.0499999999993834], [97.8699999999974, 3.059999999999385], [97.86499999999741, 3.059999999999385], [97.86499999999741, 3.0499999999993834]], [[97.58999999999766, 3.0699999999993866], [97.58999999999766, 3.0649999999993858], [97.59499999999765, 3.0649999999993858], [97.59499999999765, 3.0699999999993866], [97.58999999999766, 3.0699999999993866]], [[97.71999999999754, 3.0699999999993866], [97.71999999999754, 3.0649999999993858], [97.72499999999754, 3.0649999999993858], [97.72499999999754, 3.0699999999993866], [97.71999999999754, 3.0699999999993866]], [[97.60999999999764, 3.059999999999385], [97.60999999999764, 3.054999999999384], [97.61499999999764, 3.054999999999384], [97.61499999999764, 3.059999999999385], [97.60999999999764, 3.059999999999385]], [[97.58999999999766, 3.054999999999384], [97.58999999999766, 3.0499999999993834], [97.59499999999765, 3.0499999999993834], [97.59499999999765, 3.054999999999384], [97.58999999999766, 3.054999999999384]], [[97.57999999999767, 3.0499999999993834], [97.57999999999767, 3.0449999999993826], [97.58499999999766, 3.0449999999993826], [97.58499999999766, 3.0499999999993834], [97.57999999999767, 3.0499999999993834]], [[97.61499999999764, 3.014999999999378], [97.61499999999764, 3.009999999999377], [97.61999999999763, 3.009999999999377], [97.61999999999763, 3.014999999999378], [97.61499999999764, 3.014999999999378]], [[97.69499999999756, 3.014999999999378], [97.69499999999756, 3.009999999999377], [97.69999999999756, 3.009999999999377], [97.69999999999756, 3.014999999999378], [97.69499999999756, 3.014999999999378]], [[97.68999999999757, 3.009999999999377], [97.68999999999757, 3.0049999999993764], [97.69499999999756, 3.0049999999993764], [97.69499999999756, 3.009999999999377], [97.68999999999757, 3.009999999999377]], [[97.70499999999755, 2.9999999999993756], [97.70499999999755, 2.989999999999374], [97.70999999999755, 2.989999999999374], [97.70999999999755, 2.9999999999993756], [97.70499999999755, 2.9999999999993756]], [[97.69999999999756, 2.989999999999374], [97.69999999999756, 2.9849999999993733], [97.70499999999755, 2.9849999999993733], [97.70499999999755, 2.989999999999374], [97.69999999999756, 2.989999999999374]], [[97.66999999999759, 2.989999999999374], [97.66999999999759, 2.9799999999993725], [97.67499999999758, 2.9799999999993725], [97.67499999999758, 2.989999999999374], [97.66999999999759, 2.989999999999374]], [[97.6599999999976, 2.9849999999993733], [97.6599999999976, 2.969999999999371], [97.66499999999759, 2.969999999999371], [97.66499999999759, 2.9849999999993733], [97.6599999999976, 2.9849999999993733]], [[97.69999999999756, 2.9549999999993686], [97.69999999999756, 2.9599999999993694], [97.70999999999755, 2.9599999999993694], [97.70999999999755, 2.96499999999937], [97.69999999999756, 2.96499999999937], [97.69999999999756, 2.969999999999371], [97.71499999999754, 2.969999999999371], [97.71499999999754, 2.9749999999993717], [97.70999999999755, 2.9749999999993717], [97.70999999999755, 2.9799999999993725], [97.69999999999756, 2.9799999999993725], [97.69999999999756, 2.9749999999993717], [97.69499999999756, 2.9749999999993717], [97.69499999999756, 2.969999999999371], [97.68999999999757, 2.969999999999371], [97.68999999999757, 2.9599999999993694], [97.69499999999756, 2.9599999999993694], [97.69499999999756, 2.9549999999993686], [97.69999999999756, 2.9549999999993686]], [[97.71499999999754, 2.96499999999937], [97.71999999999754, 2.96499999999937], [97.71999999999754, 2.969999999999371], [97.71499999999754, 2.969999999999371], [97.71499999999754, 2.96499999999937]], [[97.67999999999758, 2.9549999999993686], [97.67999999999758, 2.949999999999368], [97.69499999999756, 2.949999999999368], [97.69499999999756, 2.9549999999993686], [97.67999999999758, 2.9549999999993686]], [[97.74999999999751, 2.969999999999371], [97.74999999999751, 2.9599999999993694], [97.75499999999751, 2.9599999999993694], [97.75499999999751, 2.969999999999371], [97.74999999999751, 2.969999999999371]], [[97.62999999999762, 2.96499999999937], [97.62999999999762, 2.9599999999993694], [97.63499999999762, 2.9599999999993694], [97.63499999999762, 2.96499999999937], [97.62999999999762, 2.96499999999937]], [[97.6549999999976, 2.9599999999993694], [97.6549999999976, 2.9549999999993686], [97.6599999999976, 2.9549999999993686], [97.6599999999976, 2.9599999999993694], [97.6549999999976, 2.9599999999993694]], [[97.66999999999759, 2.9549999999993686], [97.66999999999759, 2.944999999999367], [97.67499999999758, 2.944999999999367], [97.67499999999758, 2.9549999999993686], [97.66999999999759, 2.9549999999993686]], [[97.63499999999762, 2.949999999999368], [97.63499999999762, 2.9349999999993654], [97.6499999999976, 2.9349999999993654], [97.6499999999976, 2.9399999999993662], [97.6549999999976, 2.9399999999993662], [97.6549999999976, 2.944999999999367], [97.64499999999761, 2.944999999999367], [97.64499999999761, 2.949999999999368], [97.63499999999762, 2.949999999999368]], [[97.66499999999759, 2.9399999999993662], [97.66499999999759, 2.9349999999993654], [97.66999999999759, 2.9349999999993654], [97.66999999999759, 2.9399999999993662], [97.66499999999759, 2.9399999999993662]], [[97.63999999999761, 2.9299999999993647], [97.63999999999761, 2.924999999999364], [97.64499999999761, 2.924999999999364], [97.64499999999761, 2.9299999999993647], [97.63999999999761, 2.9299999999993647]]], [[[97.53499999999771, 2.994999999999375], [97.53499999999771, 2.989999999999374], [97.52499999999772, 2.989999999999374], [97.52499999999772, 2.994999999999375], [97.51999999999772, 2.994999999999375], [97.51999999999772, 3.0049999999993764], [97.49499999999775, 3.0049999999993764], [97.49499999999775, 3.009999999999377], [97.50999999999773, 3.009999999999377], [97.50999999999773, 3.014999999999378], [97.53499999999771, 3.014999999999378], [97.53499999999771, 3.009999999999377], [97.5399999999977, 3.009999999999377], [97.5399999999977, 3.0049999999993764], [97.5449999999977, 3.0049999999993764], [97.5449999999977, 2.9999999999993756], [97.5499999999977, 2.9999999999993756], [97.5499999999977, 2.994999999999375], [97.53499999999771, 2.994999999999375]], [[97.52999999999771, 3.009999999999377], [97.52999999999771, 2.9999999999993756], [97.53499999999771, 2.9999999999993756], [97.53499999999771, 3.009999999999377], [97.52999999999771, 3.009999999999377]]], [[[97.7699999999975, 3.0049999999993764], [97.7699999999975, 3.009999999999377], [97.7649999999975, 3.009999999999377], [97.7649999999975, 3.0199999999993787], [97.77499999999749, 3.0199999999993787], [97.77499999999749, 3.009999999999377], [97.78499999999748, 3.009999999999377], [97.78499999999748, 3.0049999999993764], [97.77999999999749, 3.0049999999993764], [97.77999999999749, 2.994999999999375], [97.77499999999749, 2.994999999999375], [97.77499999999749, 3.0049999999993764], [97.7699999999975, 3.0049999999993764]]], [[[97.58499999999766, 3.009999999999377], [97.58999999999766, 3.009999999999377], [97.58999999999766, 3.0049999999993764], [97.58499999999766, 3.0049999999993764], [97.58499999999766, 3.009999999999377]]], [[[97.58499999999766, 3.009999999999377], [97.57999999999767, 3.009999999999377], [97.57999999999767, 3.014999999999378], [97.58499999999766, 3.014999999999378], [97.58499999999766, 3.009999999999377]]], [[[97.57499999999767, 3.0199999999993787], [97.57999999999767, 3.0199999999993787], [97.57999999999767, 3.014999999999378], [97.57499999999767, 3.014999999999378], [97.57499999999767, 3.0199999999993787]]], [[[97.7599999999975, 3.0199999999993787], [97.7599999999975, 3.014999999999378], [97.75499999999751, 3.014999999999378], [97.75499999999751, 3.0199999999993787], [97.7599999999975, 3.0199999999993787]]], [[[97.44999999999779, 3.0249999999993795], [97.44999999999779, 3.0199999999993787], [97.44499999999779, 3.0199999999993787], [97.44499999999779, 3.0249999999993795], [97.44999999999779, 3.0249999999993795]]], [[[97.49999999999774, 3.039999999999382], [97.50499999999774, 3.039999999999382], [97.50499999999774, 3.0199999999993787], [97.49999999999774, 3.0199999999993787], [97.49999999999774, 3.039999999999382]]], [[[97.48499999999775, 3.034999999999381], [97.49499999999775, 3.034999999999381], [97.49499999999775, 3.0299999999993803], [97.48499999999775, 3.0299999999993803], [97.48499999999775, 3.034999999999381]]], [[[97.51999999999772, 3.0499999999993834], [97.52499999999772, 3.0499999999993834], [97.52499999999772, 3.0449999999993826], [97.52999999999771, 3.0449999999993826], [97.52999999999771, 3.039999999999382], [97.53499999999771, 3.039999999999382], [97.53499999999771, 3.034999999999381], [97.51999999999772, 3.034999999999381], [97.51999999999772, 3.0499999999993834]]], [[[97.75499999999751, 3.0449999999993826], [97.75499999999751, 3.039999999999382], [97.74999999999751, 3.039999999999382], [97.74999999999751, 3.0449999999993826], [97.75499999999751, 3.0449999999993826]]], [[[97.49999999999774, 3.0499999999993834], [97.49999999999774, 3.0449999999993826], [97.48999999999775, 3.0449999999993826], [97.48999999999775, 3.039999999999382], [97.47499999999776, 3.039999999999382], [97.47499999999776, 3.0449999999993826], [97.48499999999775, 3.0449999999993826], [97.48499999999775, 3.0499999999993834], [97.49999999999774, 3.0499999999993834]]], [[[97.47499999999776, 3.059999999999385], [97.47999999999776, 3.059999999999385], [97.47999999999776, 3.054999999999384], [97.48499999999775, 3.054999999999384], [97.48499999999775, 3.0499999999993834], [97.47499999999776, 3.0499999999993834], [97.47499999999776, 3.0449999999993826], [97.46999999999777, 3.0449999999993826], [97.46999999999777, 3.039999999999382], [97.46499999999777, 3.039999999999382], [97.46499999999777, 3.034999999999381], [97.47999999999776, 3.034999999999381], [97.47999999999776, 3.0299999999993803], [97.48499999999775, 3.0299999999993803], [97.48499999999775, 3.0249999999993795], [97.48999999999775, 3.0249999999993795], [97.48999999999775, 3.014999999999378], [97.47499999999776, 3.014999999999378], [97.47499999999776, 3.0049999999993764], [97.46999999999777, 3.0049999999993764], [97.46999999999777, 3.009999999999377], [97.45999999999778, 3.009999999999377], [97.45999999999778, 3.014999999999378], [97.46499999999777, 3.014999999999378], [97.46499999999777, 3.0249999999993795], [97.45999999999778, 3.0249999999993795], [97.45999999999778, 3.039999999999382], [97.45499999999778, 3.039999999999382], [97.45499999999778, 3.034999999999381], [97.44999999999779, 3.034999999999381], [97.44999999999779, 3.054999999999384], [97.45499999999778, 3.054999999999384], [97.45499999999778, 3.0449999999993826], [97.46499999999777, 3.0449999999993826], [97.46499999999777, 3.054999999999384], [97.45999999999778, 3.054999999999384], [97.45999999999778, 3.059999999999385], [97.45499999999778, 3.059999999999385], [97.45499999999778, 3.0749999999993873], [97.45999999999778, 3.0749999999993873], [97.45999999999778, 3.0949999999993905], [97.47499999999776, 3.0949999999993905], [97.47499999999776, 3.079999999999388], [97.46999999999777, 3.079999999999388], [97.46999999999777, 3.0749999999993873], [97.47999999999776, 3.0749999999993873], [97.47999999999776, 3.0699999999993866], [97.47499999999776, 3.0699999999993866], [97.47499999999776, 3.059999999999385]], [[97.46999999999777, 3.0899999999993897], [97.46499999999777, 3.0899999999993897], [97.46499999999777, 3.079999999999388], [97.46999999999777, 3.079999999999388], [97.46999999999777, 3.0899999999993897]], [[97.46499999999777, 3.0699999999993866], [97.46499999999777, 3.0649999999993858], [97.46999999999777, 3.0649999999993858], [97.46999999999777, 3.0699999999993866], [97.46499999999777, 3.0699999999993866]]], [[[97.5399999999977, 3.059999999999385], [97.5399999999977, 3.054999999999384], [97.53499999999771, 3.054999999999384], [97.53499999999771, 3.059999999999385], [97.5399999999977, 3.059999999999385]]], [[[97.51999999999772, 3.0699999999993866], [97.51999999999772, 3.059999999999385], [97.51499999999773, 3.059999999999385], [97.51499999999773, 3.054999999999384], [97.50999999999773, 3.054999999999384], [97.50999999999773, 3.0699999999993866], [97.50499999999774, 3.0699999999993866], [97.50499999999774, 3.0649999999993858], [97.49499999999775, 3.0649999999993858], [97.49499999999775, 3.0749999999993873], [97.49999999999774, 3.0749999999993873], [97.49999999999774, 3.084999999999389], [97.50499999999774, 3.084999999999389], [97.50499999999774, 3.0899999999993897], [97.50999999999773, 3.0899999999993897], [97.50999999999773, 3.084999999999389], [97.51999999999772, 3.084999999999389], [97.51999999999772, 3.079999999999388], [97.52499999999772, 3.079999999999388], [97.52499999999772, 3.0749999999993873], [97.52999999999771, 3.0749999999993873], [97.52999999999771, 3.0699999999993866], [97.51999999999772, 3.0699999999993866]]], [[[97.41499999999782, 3.059999999999385], [97.40499999999783, 3.059999999999385], [97.40499999999783, 3.0699999999993866], [97.39499999999784, 3.0699999999993866], [97.39499999999784, 3.079999999999388], [97.41999999999781, 3.079999999999388], [97.41999999999781, 3.084999999999389], [97.42499999999781, 3.084999999999389], [97.42499999999781, 3.079999999999388], [97.4299999999978, 3.079999999999388], [97.4299999999978, 3.0749999999993873], [97.42499999999781, 3.0749999999993873], [97.42499999999781, 3.0699999999993866], [97.41499999999782, 3.0699999999993866], [97.41499999999782, 3.059999999999385]]], [[[97.40999999999782, 3.0899999999993897], [97.40999999999782, 3.084999999999389], [97.40499999999783, 3.084999999999389], [97.40499999999783, 3.0899999999993897], [97.40999999999782, 3.0899999999993897]]], [[[97.42499999999781, 3.0949999999993905], [97.42499999999781, 3.0899999999993897], [97.41999999999781, 3.0899999999993897], [97.41999999999781, 3.0949999999993905], [97.42499999999781, 3.0949999999993905]]], [[[97.4399999999978, 3.0999999999993912], [97.42499999999781, 3.0999999999993912], [97.42499999999781, 3.109999999999393], [97.41999999999781, 3.109999999999393], [97.41999999999781, 3.0949999999993905], [97.40999999999782, 3.0949999999993905], [97.40999999999782, 3.0999999999993912], [97.40499999999783, 3.0999999999993912], [97.40499999999783, 3.104999999999392], [97.38999999999784, 3.104999999999392], [97.38999999999784, 3.1149999999993936], [97.39499999999784, 3.1149999999993936], [97.39499999999784, 3.1199999999993944], [97.39999999999783, 3.1199999999993944], [97.39999999999783, 3.124999999999395], [97.41999999999781, 3.124999999999395], [97.41999999999781, 3.1199999999993944], [97.4299999999978, 3.1199999999993944], [97.4299999999978, 3.109999999999393], [97.4349999999978, 3.109999999999393], [97.4349999999978, 3.104999999999392], [97.4399999999978, 3.104999999999392], [97.4399999999978, 3.0999999999993912]], [[97.41999999999781, 3.1149999999993936], [97.41499999999782, 3.1149999999993936], [97.41499999999782, 3.1199999999993944], [97.40999999999782, 3.1199999999993944], [97.40999999999782, 3.104999999999392], [97.41499999999782, 3.104999999999392], [97.41499999999782, 3.109999999999393], [97.41999999999781, 3.109999999999393], [97.41999999999781, 3.1149999999993936]], [[97.39499999999784, 3.109999999999393], [97.39999999999783, 3.109999999999393], [97.39999999999783, 3.1149999999993936], [97.39499999999784, 3.1149999999993936], [97.39499999999784, 3.109999999999393]]], [[[97.44499999999779, 3.1199999999993944], [97.44999999999779, 3.1199999999993944], [97.44999999999779, 3.1149999999993936], [97.44499999999779, 3.1149999999993936], [97.44499999999779, 3.1199999999993944]]], [[[97.45499999999778, 3.124999999999395], [97.46499999999777, 3.124999999999395], [97.46499999999777, 3.1199999999993944], [97.45499999999778, 3.1199999999993944], [97.45499999999778, 3.124999999999395]]], [[[97.44499999999779, 3.124999999999395], [97.44499999999779, 3.1199999999993944], [97.4399999999978, 3.1199999999993944], [97.4399999999978, 3.124999999999395], [97.44499999999779, 3.124999999999395]]], [[[97.3199999999979, 3.1599999999994006], [97.3199999999979, 3.1549999999994], [97.31499999999791, 3.1549999999994], [97.31499999999791, 3.1599999999994006], [97.3199999999979, 3.1599999999994006]]], [[[97.13499999999807, 3.329999999999427], [97.12999999999808, 3.329999999999427], [97.12999999999808, 3.3399999999994288], [97.12499999999808, 3.3399999999994288], [97.12499999999808, 3.3749999999994342], [97.37499999999785, 3.3749999999994342], [97.37499999999785, 3.269999999999418], [97.36999999999786, 3.269999999999418], [97.36999999999786, 3.264999999999417], [97.36499999999786, 3.264999999999417], [97.36499999999786, 3.2549999999994155], [97.36999999999786, 3.2549999999994155], [97.36999999999786, 3.2499999999994147], [97.37499999999785, 3.2499999999994147], [97.37499999999785, 3.244999999999414], [97.36999999999786, 3.244999999999414], [97.36999999999786, 3.2349999999994123], [97.37499999999785, 3.2349999999994123], [97.37499999999785, 3.214999999999409], [97.36999999999786, 3.214999999999409], [97.36999999999786, 3.21999999999941], [97.36499999999786, 3.21999999999941], [97.36499999999786, 3.224999999999411], [97.35999999999787, 3.224999999999411], [97.35999999999787, 3.2299999999994116], [97.35499999999787, 3.2299999999994116], [97.35499999999787, 3.214999999999409], [97.34999999999788, 3.214999999999409], [97.34999999999788, 3.2099999999994084], [97.35499999999787, 3.2099999999994084], [97.35499999999787, 3.2049999999994077], [97.35999999999787, 3.2049999999994077], [97.35999999999787, 3.2099999999994084], [97.36499999999786, 3.2099999999994084], [97.36499999999786, 3.199999999999407], [97.36999999999786, 3.199999999999407], [97.36999999999786, 3.194999999999406], [97.37499999999785, 3.194999999999406], [97.37499999999785, 3.1449999999993983], [97.36999999999786, 3.1449999999993983], [97.36999999999786, 3.1349999999993967], [97.37499999999785, 3.1349999999993967], [97.37499999999785, 3.124999999999395], [97.3299999999979, 3.124999999999395], [97.3299999999979, 3.129999999999396], [97.33499999999789, 3.129999999999396], [97.33499999999789, 3.1399999999993975], [97.3249999999979, 3.1399999999993975], [97.3249999999979, 3.1649999999994014], [97.3199999999979, 3.1649999999994014], [97.3199999999979, 3.174999999999403], [97.31499999999791, 3.174999999999403], [97.31499999999791, 3.1899999999994053], [97.30499999999792, 3.1899999999994053], [97.30499999999792, 3.2049999999994077], [97.28999999999793, 3.2049999999994077], [97.28999999999793, 3.2099999999994084], [97.27999999999794, 3.2099999999994084], [97.27999999999794, 3.214999999999409], [97.27499999999795, 3.214999999999409], [97.27499999999795, 3.21999999999941], [97.25999999999796, 3.21999999999941], [97.25999999999796, 3.224999999999411], [97.24999999999797, 3.224999999999411], [97.24999999999797, 3.239999999999413], [97.24499999999797, 3.239999999999413], [97.24499999999797, 3.2349999999994123], [97.23499999999798, 3.2349999999994123], [97.23499999999798, 3.2299999999994116], [97.22499999999799, 3.2299999999994116], [97.22499999999799, 3.2349999999994123], [97.219999999998, 3.2349999999994123], [97.219999999998, 3.244999999999414], [97.214999999998, 3.244999999999414], [97.214999999998, 3.2499999999994147], [97.20499999999801, 3.2499999999994147], [97.20499999999801, 3.244999999999414], [97.19999999999801, 3.244999999999414], [97.19999999999801, 3.2499999999994147], [97.19499999999802, 3.2499999999994147], [97.19499999999802, 3.264999999999417], [97.18999999999802, 3.264999999999417], [97.18999999999802, 3.2549999999994155], [97.18499999999803, 3.2549999999994155], [97.18499999999803, 3.264999999999417], [97.17499999999804, 3.264999999999417], [97.17499999999804, 3.2599999999994163], [97.16999999999804, 3.2599999999994163], [97.16999999999804, 3.269999999999418], [97.15999999999805, 3.269999999999418], [97.15999999999805, 3.2749999999994186], [97.16499999999805, 3.2749999999994186], [97.16499999999805, 3.2799999999994194], [97.15999999999805, 3.2799999999994194], [97.15999999999805, 3.289999999999421], [97.14999999999806, 3.289999999999421], [97.14999999999806, 3.2999999999994225], [97.15499999999805, 3.2999999999994225], [97.15499999999805, 3.309999999999424], [97.15999999999805, 3.309999999999424], [97.15999999999805, 3.329999999999427], [97.15499999999805, 3.329999999999427], [97.15499999999805, 3.3249999999994264], [97.14499999999806, 3.3249999999994264], [97.14499999999806, 3.329999999999427], [97.14999999999806, 3.329999999999427], [97.14999999999806, 3.334999999999428], [97.13499999999807, 3.334999999999428], [97.13499999999807, 3.329999999999427]], [[97.34499999999788, 3.2049999999994077], [97.34499999999788, 3.199999999999407], [97.3299999999979, 3.199999999999407], [97.3299999999979, 3.194999999999406], [97.33499999999789, 3.194999999999406], [97.33499999999789, 3.1899999999994053], [97.34499999999788, 3.1899999999994053], [97.34499999999788, 3.1849999999994045], [97.34999999999788, 3.1849999999994045], [97.34999999999788, 3.1799999999994037], [97.35499999999787, 3.1799999999994037], [97.35499999999787, 3.2049999999994077], [97.34499999999788, 3.2049999999994077]], [[97.16499999999805, 3.329999999999427], [97.16499999999805, 3.334999999999428], [97.15999999999805, 3.334999999999428], [97.15999999999805, 3.329999999999427], [97.16499999999805, 3.329999999999427]], [[97.28499999999794, 3.3649999999994327], [97.28499999999794, 3.359999999999432], [97.28999999999793, 3.359999999999432], [97.28999999999793, 3.3649999999994327], [97.28499999999794, 3.3649999999994327]], [[97.28999999999793, 3.354999999999431], [97.28499999999794, 3.354999999999431], [97.28499999999794, 3.3399999999994288], [97.28999999999793, 3.3399999999994288], [97.28999999999793, 3.329999999999427], [97.29999999999792, 3.329999999999427], [97.29999999999792, 3.334999999999428], [97.29499999999793, 3.334999999999428], [97.29499999999793, 3.359999999999432], [97.28999999999793, 3.359999999999432], [97.28999999999793, 3.354999999999431]], [[97.25499999999796, 3.3249999999994264], [97.25499999999796, 3.3199999999994256], [97.25999999999796, 3.3199999999994256], [97.25999999999796, 3.3249999999994264], [97.25499999999796, 3.3249999999994264]], [[97.25999999999796, 3.309999999999424], [97.26499999999795, 3.309999999999424], [97.26499999999795, 3.3199999999994256], [97.25999999999796, 3.3199999999994256], [97.25999999999796, 3.309999999999424]], [[97.3249999999979, 3.28499999999942], [97.3249999999979, 3.2799999999994194], [97.3299999999979, 3.2799999999994194], [97.3299999999979, 3.28499999999942], [97.33499999999789, 3.28499999999942], [97.33499999999789, 3.289999999999421], [97.3299999999979, 3.289999999999421], [97.3299999999979, 3.2949999999994217], [97.3249999999979, 3.2949999999994217], [97.3249999999979, 3.314999999999425], [97.3199999999979, 3.314999999999425], [97.3199999999979, 3.3199999999994256], [97.30499999999792, 3.3199999999994256], [97.30499999999792, 3.3249999999994264], [97.29999999999792, 3.3249999999994264], [97.29999999999792, 3.314999999999425], [97.30999999999791, 3.314999999999425], [97.30999999999791, 3.3049999999994233], [97.31499999999791, 3.3049999999994233], [97.31499999999791, 3.2999999999994225], [97.3199999999979, 3.2999999999994225], [97.3199999999979, 3.28499999999942], [97.3249999999979, 3.28499999999942]], [[97.33499999999789, 3.2749999999994186], [97.34499999999788, 3.2749999999994186], [97.34499999999788, 3.269999999999418], [97.35499999999787, 3.269999999999418], [97.35499999999787, 3.264999999999417], [97.35999999999787, 3.264999999999417], [97.35999999999787, 3.2799999999994194], [97.34499999999788, 3.2799999999994194], [97.34499999999788, 3.28499999999942], [97.33499999999789, 3.28499999999942], [97.33499999999789, 3.2749999999994186]], [[97.26999999999795, 3.314999999999425], [97.26999999999795, 3.309999999999424], [97.27499999999795, 3.309999999999424], [97.27499999999795, 3.314999999999425], [97.26999999999795, 3.314999999999425]], [[97.16499999999805, 3.309999999999424], [97.16499999999805, 3.3049999999994233], [97.16999999999804, 3.3049999999994233], [97.16999999999804, 3.309999999999424], [97.16499999999805, 3.309999999999424]], [[97.26499999999795, 3.2949999999994217], [97.26499999999795, 3.289999999999421], [97.26999999999795, 3.289999999999421], [97.26999999999795, 3.2949999999994217], [97.26499999999795, 3.2949999999994217]], [[97.27499999999795, 3.2799999999994194], [97.27499999999795, 3.2749999999994186], [97.27999999999794, 3.2749999999994186], [97.27999999999794, 3.2799999999994194], [97.27499999999795, 3.2799999999994194]], [[97.22499999999799, 3.244999999999414], [97.22499999999799, 3.239999999999413], [97.22999999999799, 3.239999999999413], [97.22999999999799, 3.244999999999414], [97.22499999999799, 3.244999999999414]], [[97.35499999999787, 3.1649999999994014], [97.35499999999787, 3.1599999999994006], [97.35999999999787, 3.1599999999994006], [97.35999999999787, 3.1649999999994014], [97.35499999999787, 3.1649999999994014]]], [[[97.36999999999786, 3.2549999999994155], [97.36999999999786, 3.264999999999417], [97.37499999999785, 3.264999999999417], [97.37499999999785, 3.2549999999994155], [97.36999999999786, 3.2549999999994155]]], [[[97.13499999999807, 3.329999999999427], [97.13999999999807, 3.329999999999427], [97.13999999999807, 3.3199999999994256], [97.13499999999807, 3.3199999999994256], [97.13499999999807, 3.329999999999427]]], [[[96.96499999999823, 3.629999999999474], [96.96499999999823, 3.6249999999994733], [96.95999999999823, 3.6249999999994733], [96.95999999999823, 3.634999999999475], [96.96999999999822, 3.634999999999475], [96.96999999999822, 3.629999999999474], [96.96499999999823, 3.629999999999474]]], [[[96.9899999999982, 3.634999999999475], [96.9899999999982, 3.6249999999994733], [96.98499999999821, 3.6249999999994733], [96.98499999999821, 3.634999999999475], [96.9899999999982, 3.634999999999475]]], [[[96.97499999999822, 3.6449999999994764], [96.97999999999821, 3.6449999999994764], [96.97999999999821, 3.6399999999994757], [96.98499999999821, 3.6399999999994757], [96.98499999999821, 3.634999999999475], [96.96999999999822, 3.634999999999475], [96.96999999999822, 3.6399999999994757], [96.97499999999822, 3.6399999999994757], [96.97499999999822, 3.6449999999994764]]], [[[96.96999999999822, 3.6399999999994757], [96.96499999999823, 3.6399999999994757], [96.96499999999823, 3.6449999999994764], [96.96999999999822, 3.6449999999994764], [96.96999999999822, 3.6399999999994757]]], [[[96.93999999999825, 3.649999999999477], [96.94499999999825, 3.649999999999477], [96.94499999999825, 3.6399999999994757], [96.93999999999825, 3.6399999999994757], [96.93999999999825, 3.649999999999477]]], [[[97.01999999999818, 3.864999999999511], [97.01999999999818, 3.85999999999951], [97.02499999999817, 3.85999999999951], [97.02499999999817, 3.8549999999995093], [97.03499999999816, 3.8549999999995093], [97.03499999999816, 3.85999999999951], [97.04499999999815, 3.85999999999951], [97.04499999999815, 3.864999999999511], [97.03499999999816, 3.864999999999511], [97.03499999999816, 3.8699999999995116], [97.00999999999819, 3.8699999999995116], [97.00999999999819, 3.8749999999995124], [97.03999999999816, 3.8749999999995124], [97.03999999999816, 3.8699999999995116], [97.04499999999815, 3.8699999999995116], [97.04499999999815, 3.8749999999995124], [97.1099999999981, 3.8749999999995124], [97.1099999999981, 3.8699999999995116], [97.11499999999809, 3.8699999999995116], [97.11499999999809, 3.864999999999511], [97.11999999999809, 3.864999999999511], [97.11999999999809, 3.8499999999995085], [97.12499999999808, 3.8499999999995085], [97.12499999999808, 3.839999999999507], [97.11499999999809, 3.839999999999507], [97.11499999999809, 3.834999999999506], [97.12499999999808, 3.834999999999506], [97.12499999999808, 3.6849999999994827], [97.11999999999809, 3.6849999999994827], [97.11999999999809, 3.679999999999482], [97.12499999999808, 3.679999999999482], [97.12499999999808, 3.6249999999994733], [96.9949999999982, 3.6249999999994733], [96.9949999999982, 3.629999999999474], [97.00499999999819, 3.629999999999474], [97.00499999999819, 3.634999999999475], [96.9999999999982, 3.634999999999475], [96.9999999999982, 3.6399999999994757], [97.00499999999819, 3.6399999999994757], [97.00499999999819, 3.6449999999994764], [96.97999999999821, 3.6449999999994764], [96.97999999999821, 3.649999999999477], [96.97499999999822, 3.649999999999477], [96.97499999999822, 3.654999999999478], [96.94499999999825, 3.654999999999478], [96.94499999999825, 3.659999999999479], [96.93999999999825, 3.659999999999479], [96.93999999999825, 3.6649999999994796], [96.94499999999825, 3.6649999999994796], [96.94499999999825, 3.674999999999481], [96.93499999999825, 3.674999999999481], [96.93499999999825, 3.679999999999482], [96.92999999999826, 3.679999999999482], [96.92999999999826, 3.6699999999994803], [96.93499999999825, 3.6699999999994803], [96.93499999999825, 3.6649999999994796], [96.92499999999826, 3.6649999999994796], [96.92499999999826, 3.6699999999994803], [96.91499999999827, 3.6699999999994803], [96.91499999999827, 3.6849999999994827], [96.90999999999828, 3.6849999999994827], [96.90999999999828, 3.6899999999994835], [96.90499999999828, 3.6899999999994835], [96.90499999999828, 3.6949999999994843], [96.89999999999829, 3.6949999999994843], [96.89999999999829, 3.699999999999485], [96.89499999999829, 3.699999999999485], [96.89499999999829, 3.704999999999486], [96.8849999999983, 3.704999999999486], [96.8849999999983, 3.7099999999994866], [96.8799999999983, 3.7099999999994866], [96.8799999999983, 3.719999999999488], [96.8849999999983, 3.719999999999488], [96.8849999999983, 3.724999999999489], [96.8899999999983, 3.724999999999489], [96.8899999999983, 3.7299999999994897], [96.8799999999983, 3.7299999999994897], [96.8799999999983, 3.724999999999489], [96.87499999999831, 3.724999999999489], [96.87499999999831, 3.7399999999994913], [96.8799999999983, 3.7399999999994913], [96.8799999999983, 3.744999999999492], [96.87499999999831, 3.744999999999492], [96.87499999999831, 3.7549999999994936], [96.8799999999983, 3.7549999999994936], [96.8799999999983, 3.749999999999493], [96.89499999999829, 3.749999999999493], [96.89499999999829, 3.7399999999994913], [96.89999999999829, 3.7399999999994913], [96.89999999999829, 3.744999999999492], [96.90499999999828, 3.744999999999492], [96.90499999999828, 3.749999999999493], [96.90999999999828, 3.749999999999493], [96.90999999999828, 3.744999999999492], [96.91499999999827, 3.744999999999492], [96.91499999999827, 3.7549999999994936], [96.89999999999829, 3.7549999999994936], [96.89999999999829, 3.7599999999994944], [96.89499999999829, 3.7599999999994944], [96.89499999999829, 3.7549999999994936], [96.8849999999983, 3.7549999999994936], [96.8849999999983, 3.7599999999994944], [96.8799999999983, 3.7599999999994944], [96.8799999999983, 3.764999999999495], [96.87499999999831, 3.764999999999495], [96.87499999999831, 3.814999999999503], [96.8799999999983, 3.814999999999503], [96.8799999999983, 3.8049999999995014], [96.8849999999983, 3.8049999999995014], [96.8849999999983, 3.7999999999995007], [96.89499999999829, 3.7999999999995007], [96.89499999999829, 3.7949999999995], [96.89999999999829, 3.7949999999995], [96.89999999999829, 3.789999999999499], [96.90999999999828, 3.789999999999499], [96.90999999999828, 3.7949999999995], [96.90499999999828, 3.7949999999995], [96.90499999999828, 3.7999999999995007], [96.89999999999829, 3.7999999999995007], [96.89999999999829, 3.8049999999995014], [96.89499999999829, 3.8049999999995014], [96.89499999999829, 3.8099999999995022], [96.8849999999983, 3.8099999999995022], [96.8849999999983, 3.819999999999504], [96.87499999999831, 3.819999999999504], [96.87499999999831, 3.8749999999995124], [97.00499999999819, 3.8749999999995124], [97.00499999999819, 3.85999999999951], [96.9999999999982, 3.85999999999951], [96.9999999999982, 3.8549999999995093], [97.01499999999818, 3.8549999999995093], [97.01499999999818, 3.85999999999951], [97.00999999999819, 3.85999999999951], [97.00999999999819, 3.864999999999511], [97.01999999999818, 3.864999999999511]], [[96.90499999999828, 3.699999999999485], [96.90499999999828, 3.704999999999486], [96.89999999999829, 3.704999999999486], [96.89999999999829, 3.699999999999485], [96.90499999999828, 3.699999999999485]], [[96.91499999999827, 3.7399999999994913], [96.91999999999827, 3.7399999999994913], [96.91999999999827, 3.744999999999492], [96.91499999999827, 3.744999999999492], [96.91499999999827, 3.7399999999994913]], [[96.91999999999827, 3.7349999999994905], [96.92499999999826, 3.7349999999994905], [96.92499999999826, 3.7399999999994913], [96.91999999999827, 3.7399999999994913], [96.91999999999827, 3.7349999999994905]], [[96.92499999999826, 3.7299999999994897], [96.92999999999826, 3.7299999999994897], [96.92999999999826, 3.7349999999994905], [96.92499999999826, 3.7349999999994905], [96.92499999999826, 3.7299999999994897]], [[96.90999999999828, 3.7849999999994983], [96.91499999999827, 3.7849999999994983], [96.91499999999827, 3.789999999999499], [96.90999999999828, 3.789999999999499], [96.90999999999828, 3.7849999999994983]], [[96.91999999999827, 3.789999999999499], [96.91999999999827, 3.7949999999995], [96.91499999999827, 3.7949999999995], [96.91499999999827, 3.789999999999499], [96.91999999999827, 3.789999999999499]], [[97.06999999999813, 3.864999999999511], [97.07499999999813, 3.864999999999511], [97.07499999999813, 3.8699999999995116], [97.06999999999813, 3.8699999999995116], [97.06999999999813, 3.864999999999511]], [[96.98499999999821, 3.85999999999951], [96.9899999999982, 3.85999999999951], [96.9899999999982, 3.864999999999511], [96.98499999999821, 3.864999999999511], [96.98499999999821, 3.85999999999951]], [[96.95999999999823, 3.8499999999995085], [96.96499999999823, 3.8499999999995085], [96.96499999999823, 3.85999999999951], [96.95999999999823, 3.85999999999951], [96.95999999999823, 3.8499999999995085]], [[96.97499999999822, 3.8549999999995093], [96.97999999999821, 3.8549999999995093], [96.97999999999821, 3.85999999999951], [96.97499999999822, 3.85999999999951], [96.97499999999822, 3.8549999999995093]], [[96.97999999999821, 3.8499999999995085], [96.98499999999821, 3.8499999999995085], [96.98499999999821, 3.8549999999995093], [96.97999999999821, 3.8549999999995093], [96.97999999999821, 3.8499999999995085]], [[97.06999999999813, 3.8499999999995085], [97.06499999999814, 3.8499999999995085], [97.06499999999814, 3.8549999999995093], [97.05999999999814, 3.8549999999995093], [97.05999999999814, 3.8449999999995077], [97.06999999999813, 3.8449999999995077], [97.06999999999813, 3.8499999999995085]], [[97.1099999999981, 3.8449999999995077], [97.11499999999809, 3.8449999999995077], [97.11499999999809, 3.8549999999995093], [97.1099999999981, 3.8549999999995093], [97.1099999999981, 3.8449999999995077]], [[97.02999999999817, 3.839999999999507], [97.03499999999816, 3.839999999999507], [97.03499999999816, 3.8499999999995085], [97.02999999999817, 3.8499999999995085], [97.02999999999817, 3.839999999999507]], [[97.01999999999818, 3.839999999999507], [97.02499999999817, 3.839999999999507], [97.02499999999817, 3.8449999999995077], [97.01999999999818, 3.8449999999995077], [97.01999999999818, 3.839999999999507]], [[97.09499999999811, 3.8299999999995054], [97.0999999999981, 3.8299999999995054], [97.0999999999981, 3.834999999999506], [97.09499999999811, 3.834999999999506], [97.09499999999811, 3.8299999999995054]], [[97.05499999999815, 3.8249999999995046], [97.05999999999814, 3.8249999999995046], [97.05999999999814, 3.8299999999995054], [97.05499999999815, 3.8299999999995054], [97.05499999999815, 3.8249999999995046]], [[97.00999999999819, 3.8099999999995022], [97.01499999999818, 3.8099999999995022], [97.01499999999818, 3.814999999999503], [97.00999999999819, 3.814999999999503], [97.00999999999819, 3.8099999999995022]], [[97.05999999999814, 3.8099999999995022], [97.06499999999814, 3.8099999999995022], [97.06499999999814, 3.814999999999503], [97.05999999999814, 3.814999999999503], [97.05999999999814, 3.8099999999995022]], [[96.94999999999824, 3.8049999999995014], [96.95499999999824, 3.8049999999995014], [96.95499999999824, 3.8099999999995022], [96.94999999999824, 3.8099999999995022], [96.94999999999824, 3.8049999999995014]], [[96.94499999999825, 3.8049999999995014], [96.94499999999825, 3.7999999999995007], [96.94999999999824, 3.7999999999995007], [96.94999999999824, 3.8049999999995014], [96.94499999999825, 3.8049999999995014]], [[97.07999999999812, 3.8049999999995014], [97.08499999999812, 3.8049999999995014], [97.08499999999812, 3.8099999999995022], [97.07999999999812, 3.8099999999995022], [97.07999999999812, 3.8049999999995014]], [[97.11499999999809, 3.8049999999995014], [97.11999999999809, 3.8049999999995014], [97.11999999999809, 3.8099999999995022], [97.11499999999809, 3.8099999999995022], [97.11499999999809, 3.8049999999995014]], [[96.90999999999828, 3.7999999999995007], [96.91499999999827, 3.7999999999995007], [96.91499999999827, 3.8049999999995014], [96.90999999999828, 3.8049999999995014], [96.90999999999828, 3.7999999999995007]], [[96.97499999999822, 3.7999999999995007], [96.98499999999821, 3.7999999999995007], [96.98499999999821, 3.8049999999995014], [96.97499999999822, 3.8049999999995014], [96.97499999999822, 3.7999999999995007]], [[97.01499999999818, 3.7999999999995007], [97.02499999999817, 3.7999999999995007], [97.02499999999817, 3.8049999999995014], [97.01499999999818, 3.8049999999995014], [97.01499999999818, 3.7999999999995007]], [[97.04999999999815, 3.7949999999995], [97.05999999999814, 3.7949999999995], [97.05999999999814, 3.7999999999995007], [97.04999999999815, 3.7999999999995007], [97.04999999999815, 3.7949999999995]], [[97.03999999999816, 3.789999999999499], [97.02999999999817, 3.789999999999499], [97.02999999999817, 3.7799999999994975], [97.03499999999816, 3.7799999999994975], [97.03499999999816, 3.7749999999994968], [97.03999999999816, 3.7749999999994968], [97.03999999999816, 3.769999999999496], [97.04499999999815, 3.769999999999496], [97.04499999999815, 3.7799999999994975], [97.03999999999816, 3.7799999999994975], [97.03999999999816, 3.789999999999499]], [[97.02499999999817, 3.7799999999994975], [97.02499999999817, 3.769999999999496], [97.02999999999817, 3.769999999999496], [97.02999999999817, 3.7799999999994975], [97.02499999999817, 3.7799999999994975]], [[97.02999999999817, 3.764999999999495], [97.03499999999816, 3.764999999999495], [97.03499999999816, 3.769999999999496], [97.02999999999817, 3.769999999999496], [97.02999999999817, 3.764999999999495]], [[97.08499999999812, 3.769999999999496], [97.08999999999811, 3.769999999999496], [97.08999999999811, 3.7749999999994968], [97.08499999999812, 3.7749999999994968], [97.08499999999812, 3.769999999999496]], [[96.8899999999983, 3.764999999999495], [96.89499999999829, 3.764999999999495], [96.89499999999829, 3.769999999999496], [96.8899999999983, 3.769999999999496], [96.8899999999983, 3.764999999999495]], [[96.92999999999826, 3.764999999999495], [96.93999999999825, 3.764999999999495], [96.93999999999825, 3.7599999999994944], [96.94999999999824, 3.7599999999994944], [96.94999999999824, 3.764999999999495], [96.94499999999825, 3.764999999999495], [96.94499999999825, 3.769999999999496], [96.92999999999826, 3.769999999999496], [96.92999999999826, 3.764999999999495]], [[96.95499999999824, 3.7599999999994944], [96.95999999999823, 3.7599999999994944], [96.95999999999823, 3.764999999999495], [96.95499999999824, 3.764999999999495], [96.95499999999824, 3.7599999999994944]], [[96.94999999999824, 3.749999999999493], [96.95499999999824, 3.749999999999493], [96.95499999999824, 3.7549999999994936], [96.94999999999824, 3.7549999999994936], [96.94999999999824, 3.749999999999493]], [[97.08499999999812, 3.749999999999493], [97.09499999999811, 3.749999999999493], [97.09499999999811, 3.7549999999994936], [97.08499999999812, 3.7549999999994936], [97.08499999999812, 3.749999999999493]], [[96.8849999999983, 3.7399999999994913], [96.8899999999983, 3.7399999999994913], [96.8899999999983, 3.744999999999492], [96.8849999999983, 3.744999999999492], [96.8849999999983, 3.7399999999994913]], [[96.93499999999825, 3.7399999999994913], [96.93999999999825, 3.7399999999994913], [96.93999999999825, 3.744999999999492], [96.93499999999825, 3.744999999999492], [96.93499999999825, 3.7399999999994913]], [[97.08999999999811, 3.7399999999994913], [97.09499999999811, 3.7399999999994913], [97.09499999999811, 3.744999999999492], [97.08999999999811, 3.744999999999492], [97.08999999999811, 3.7399999999994913]], [[97.07999999999812, 3.7349999999994905], [97.08499999999812, 3.7349999999994905], [97.08499999999812, 3.7399999999994913], [97.07999999999812, 3.7399999999994913], [97.07999999999812, 3.7349999999994905]], [[96.90499999999828, 3.7299999999994897], [96.90999999999828, 3.7299999999994897], [96.90999999999828, 3.7349999999994905], [96.90499999999828, 3.7349999999994905], [96.90499999999828, 3.7299999999994897]], [[96.92999999999826, 3.719999999999488], [96.94999999999824, 3.719999999999488], [96.94999999999824, 3.724999999999489], [96.92999999999826, 3.724999999999489], [96.92999999999826, 3.719999999999488]], [[96.95999999999823, 3.724999999999489], [96.95499999999824, 3.724999999999489], [96.95499999999824, 3.7149999999994874], [96.97499999999822, 3.7149999999994874], [96.97499999999822, 3.719999999999488], [96.96999999999822, 3.719999999999488], [96.96999999999822, 3.724999999999489], [96.96499999999823, 3.724999999999489], [96.96499999999823, 3.719999999999488], [96.95999999999823, 3.719999999999488], [96.95999999999823, 3.724999999999489]], [[96.97499999999822, 3.7099999999994866], [96.97999999999821, 3.7099999999994866], [96.97999999999821, 3.704999999999486], [96.98499999999821, 3.704999999999486], [96.98499999999821, 3.7149999999994874], [96.97499999999822, 3.7149999999994874], [96.97499999999822, 3.7099999999994866]], [[96.98499999999821, 3.699999999999485], [96.9899999999982, 3.699999999999485], [96.9899999999982, 3.704999999999486], [96.98499999999821, 3.704999999999486], [96.98499999999821, 3.699999999999485]], [[96.89499999999829, 3.7099999999994866], [96.89999999999829, 3.7099999999994866], [96.89999999999829, 3.719999999999488], [96.8899999999983, 3.719999999999488], [96.8899999999983, 3.7149999999994874], [96.89499999999829, 3.7149999999994874], [96.89499999999829, 3.7099999999994866]], [[97.0999999999981, 3.7099999999994866], [97.1049999999981, 3.7099999999994866], [97.1049999999981, 3.7149999999994874], [97.0999999999981, 3.7149999999994874], [97.0999999999981, 3.7099999999994866]], [[97.01999999999818, 3.704999999999486], [97.02999999999817, 3.704999999999486], [97.02999999999817, 3.7099999999994866], [97.01999999999818, 3.7099999999994866], [97.01999999999818, 3.704999999999486]], [[97.11499999999809, 3.704999999999486], [97.11999999999809, 3.704999999999486], [97.11999999999809, 3.7099999999994866], [97.11499999999809, 3.7099999999994866], [97.11499999999809, 3.704999999999486]], [[97.03999999999816, 3.699999999999485], [97.04499999999815, 3.699999999999485], [97.04499999999815, 3.704999999999486], [97.03999999999816, 3.704999999999486], [97.03999999999816, 3.699999999999485]], [[96.91999999999827, 3.674999999999481], [96.92499999999826, 3.674999999999481], [96.92499999999826, 3.679999999999482], [96.91999999999827, 3.679999999999482], [96.91999999999827, 3.674999999999481]], [[96.95499999999824, 3.6649999999994796], [96.95999999999823, 3.6649999999994796], [96.95999999999823, 3.6699999999994803], [96.95499999999824, 3.6699999999994803], [96.95499999999824, 3.6649999999994796]], [[97.04499999999815, 3.654999999999478], [97.04999999999815, 3.654999999999478], [97.04999999999815, 3.6649999999994796], [97.04499999999815, 3.6649999999994796], [97.04499999999815, 3.654999999999478]], [[97.00999999999819, 3.649999999999477], [97.01499999999818, 3.649999999999477], [97.01499999999818, 3.654999999999478], [97.00999999999819, 3.654999999999478], [97.00999999999819, 3.649999999999477]], [[97.04499999999815, 3.634999999999475], [97.04999999999815, 3.634999999999475], [97.04999999999815, 3.649999999999477], [97.04499999999815, 3.649999999999477], [97.04499999999815, 3.634999999999475]]], [[[97.02999999999817, 3.85999999999951], [97.02999999999817, 3.864999999999511], [97.03499999999816, 3.864999999999511], [97.03499999999816, 3.85999999999951], [97.02999999999817, 3.85999999999951]]], [[[97.94999999999733, 2.4249999999992857], [97.95499999999733, 2.4249999999992857], [97.95499999999733, 2.419999999999285], [97.94999999999733, 2.419999999999285], [97.94999999999733, 2.4249999999992857]]], [[[97.9849999999973, 2.4299999999992865], [97.9849999999973, 2.4249999999992857], [97.9799999999973, 2.4249999999992857], [97.9799999999973, 2.4299999999992865], [97.9849999999973, 2.4299999999992865]]], [[[97.95499999999733, 2.444999999999289], [97.95499999999733, 2.4299999999992865], [97.94999999999733, 2.4299999999992865], [97.94999999999733, 2.444999999999289], [97.95499999999733, 2.444999999999289]]], [[[97.95999999999732, 2.459999999999291], [97.96499999999732, 2.459999999999291], [97.96499999999732, 2.4549999999992904], [97.95999999999732, 2.4549999999992904], [97.95999999999732, 2.459999999999291]]], [[[97.95499999999733, 2.464999999999292], [97.95499999999733, 2.459999999999291], [97.94999999999733, 2.459999999999291], [97.94999999999733, 2.464999999999292], [97.95499999999733, 2.464999999999292]]], [[[97.9899999999973, 2.4749999999992935], [97.9899999999973, 2.4699999999992928], [97.9849999999973, 2.4699999999992928], [97.9849999999973, 2.4749999999992935], [97.9899999999973, 2.4749999999992935]]], [[[97.96499999999732, 2.4799999999992943], [97.96999999999731, 2.4799999999992943], [97.96999999999731, 2.4699999999992928], [97.96499999999732, 2.4699999999992928], [97.96499999999732, 2.4799999999992943]]], [[[97.99999999999729, 2.484999999999295], [97.99499999999729, 2.484999999999295], [97.99499999999729, 2.4799999999992943], [97.9899999999973, 2.4799999999992943], [97.9899999999973, 2.4949999999992967], [97.99999999999729, 2.4949999999992967], [97.99999999999729, 2.5049999999992982], [98.00499999999728, 2.5049999999992982], [98.00499999999728, 2.4999999999992975], [98.00999999999728, 2.4999999999992975], [98.00999999999728, 2.4949999999992967], [98.00499999999728, 2.4949999999992967], [98.00499999999728, 2.489999999999296], [97.99999999999729, 2.489999999999296], [97.99999999999729, 2.484999999999295]]], [[[97.9849999999973, 2.5049999999992982], [97.9899999999973, 2.5049999999992982], [97.9899999999973, 2.4999999999992975], [97.9849999999973, 2.4999999999992975], [97.9849999999973, 2.5049999999992982]]], [[[97.9799999999973, 2.509999999999299], [97.9799999999973, 2.5049999999992982], [97.97499999999731, 2.5049999999992982], [97.97499999999731, 2.509999999999299], [97.9799999999973, 2.509999999999299]]], [[[97.99499999999729, 2.509999999999299], [97.99499999999729, 2.5149999999993], [97.99999999999729, 2.5149999999993], [97.99999999999729, 2.5199999999993006], [98.00499999999728, 2.5199999999993006], [98.00499999999728, 2.509999999999299], [97.99499999999729, 2.509999999999299]]], [[[97.9899999999973, 2.5249999999993014], [97.99499999999729, 2.5249999999993014], [97.99499999999729, 2.5199999999993006], [97.9899999999973, 2.5199999999993006], [97.9899999999973, 2.5249999999993014]]], [[[97.9799999999973, 2.5499999999993053], [97.9799999999973, 2.5449999999993045], [97.97499999999731, 2.5449999999993045], [97.97499999999731, 2.5499999999993053], [97.9799999999973, 2.5499999999993053]]], [[[97.95999999999732, 2.554999999999306], [97.95999999999732, 2.5449999999993045], [97.95499999999733, 2.5449999999993045], [97.95499999999733, 2.554999999999306], [97.95999999999732, 2.554999999999306]]], [[[97.9799999999973, 2.559999999999307], [97.9799999999973, 2.554999999999306], [97.97499999999731, 2.554999999999306], [97.97499999999731, 2.559999999999307], [97.9799999999973, 2.559999999999307]]], [[[97.9849999999973, 2.5649999999993076], [97.9849999999973, 2.559999999999307], [97.9799999999973, 2.559999999999307], [97.9799999999973, 2.5649999999993076], [97.9849999999973, 2.5649999999993076]]], [[[97.9849999999973, 2.5899999999993115], [97.9849999999973, 2.5849999999993107], [97.9799999999973, 2.5849999999993107], [97.9799999999973, 2.5899999999993115], [97.9849999999973, 2.5899999999993115]]], [[[97.99499999999729, 2.5899999999993115], [97.99999999999729, 2.5899999999993115], [97.99999999999729, 2.5849999999993107], [97.99499999999729, 2.5849999999993107], [97.99499999999729, 2.5899999999993115]]], [[[98.00499999999728, 2.619999999999316], [98.00999999999728, 2.619999999999316], [98.00999999999728, 2.6149999999993154], [98.00499999999728, 2.6149999999993154], [98.00499999999728, 2.619999999999316]]], [[[97.99499999999729, 2.734999999999334], [97.99999999999729, 2.734999999999334], [97.99999999999729, 2.7299999999993334], [97.99499999999729, 2.7299999999993334], [97.99499999999729, 2.734999999999334]]], [[[97.9849999999973, 2.7549999999993373], [97.9849999999973, 2.7499999999993365], [97.97499999999731, 2.7499999999993365], [97.97499999999731, 2.7549999999993373], [97.9849999999973, 2.7549999999993373]]], [[[97.96999999999731, 2.7949999999993436], [97.96999999999731, 2.784999999999342], [97.96499999999732, 2.784999999999342], [97.96499999999732, 2.7949999999993436], [97.96999999999731, 2.7949999999993436]]], [[[97.95499999999733, 2.804999999999345], [97.96499999999732, 2.804999999999345], [97.96499999999732, 2.7999999999993443], [97.95499999999733, 2.7999999999993443], [97.95499999999733, 2.804999999999345]]], [[[97.9849999999973, 2.804999999999345], [97.9849999999973, 2.7999999999993443], [97.9799999999973, 2.7999999999993443], [97.9799999999973, 2.804999999999345], [97.9849999999973, 2.804999999999345]]], [[[97.9849999999973, 2.8249999999993483], [97.9849999999973, 2.8199999999993475], [97.9799999999973, 2.8199999999993475], [97.9799999999973, 2.8249999999993483], [97.9849999999973, 2.8249999999993483]]], [[[97.93999999999734, 2.8399999999993506], [97.94999999999733, 2.8399999999993506], [97.94999999999733, 2.829999999999349], [97.93999999999734, 2.829999999999349], [97.93999999999734, 2.8399999999993506]]], [[[97.80999999999746, 2.854999999999353], [97.80999999999746, 2.8599999999993537], [97.79999999999747, 2.8599999999993537], [97.79999999999747, 2.8649999999993545], [97.78999999999748, 2.8649999999993545], [97.78999999999748, 2.8699999999993553], [97.79499999999747, 2.8699999999993553], [97.79499999999747, 2.874999999999356], [97.79999999999747, 2.874999999999356], [97.79999999999747, 2.879999999999357], [97.80499999999746, 2.879999999999357], [97.80499999999746, 2.874999999999356], [97.80999999999746, 2.874999999999356], [97.80999999999746, 2.8699999999993553], [97.82499999999744, 2.8699999999993553], [97.82499999999744, 2.8649999999993545], [97.81499999999745, 2.8649999999993545], [97.81499999999745, 2.854999999999353], [97.80999999999746, 2.854999999999353]]], [[[97.79999999999747, 2.8899999999993584], [97.79999999999747, 2.8849999999993576], [97.78999999999748, 2.8849999999993576], [97.78999999999748, 2.8899999999993584], [97.79999999999747, 2.8899999999993584]]], [[[97.80999999999746, 2.8899999999993584], [97.81499999999745, 2.8899999999993584], [97.81499999999745, 2.8849999999993576], [97.80999999999746, 2.8849999999993576], [97.80999999999746, 2.8899999999993584]]], [[[97.82499999999744, 2.89999999999936], [97.82999999999744, 2.89999999999936], [97.82999999999744, 2.894999999999359], [97.82499999999744, 2.894999999999359], [97.82499999999744, 2.89999999999936]]], [[[97.8749999999974, 2.894999999999359], [97.8699999999974, 2.894999999999359], [97.8699999999974, 2.89999999999936], [97.86499999999741, 2.89999999999936], [97.86499999999741, 2.9049999999993608], [97.8749999999974, 2.9049999999993608], [97.8749999999974, 2.894999999999359]]], [[[97.78499999999748, 2.919999999999363], [97.78499999999748, 2.9099999999993615], [97.77999999999749, 2.9099999999993615], [97.77999999999749, 2.919999999999363], [97.77499999999749, 2.919999999999363], [97.77499999999749, 2.9349999999993654], [97.77999999999749, 2.9349999999993654], [97.77999999999749, 2.924999999999364], [97.78499999999748, 2.924999999999364], [97.78499999999748, 2.9299999999993647], [97.79499999999747, 2.9299999999993647], [97.79499999999747, 2.924999999999364], [97.78999999999748, 2.924999999999364], [97.78999999999748, 2.919999999999363], [97.78499999999748, 2.919999999999363]]], [[[97.81499999999745, 2.944999999999367], [97.81499999999745, 2.9399999999993662], [97.79999999999747, 2.9399999999993662], [97.79999999999747, 2.944999999999367], [97.81499999999745, 2.944999999999367]]], [[[97.8699999999974, 2.9399999999993662], [97.85499999999742, 2.9399999999993662], [97.85499999999742, 2.944999999999367], [97.86499999999741, 2.944999999999367], [97.86499999999741, 2.949999999999368], [97.8699999999974, 2.949999999999368], [97.8699999999974, 2.9399999999993662]]], [[[97.82999999999744, 2.949999999999368], [97.82499999999744, 2.949999999999368], [97.82499999999744, 2.9399999999993662], [97.81999999999745, 2.9399999999993662], [97.81999999999745, 2.9549999999993686], [97.82499999999744, 2.9549999999993686], [97.82499999999744, 2.9599999999993694], [97.83999999999743, 2.9599999999993694], [97.83999999999743, 2.949999999999368], [97.84499999999743, 2.949999999999368], [97.84499999999743, 2.9399999999993662], [97.83999999999743, 2.9399999999993662], [97.83999999999743, 2.944999999999367], [97.82999999999744, 2.944999999999367], [97.82999999999744, 2.949999999999368]]], [[[97.79999999999747, 2.9599999999993694], [97.80499999999746, 2.9599999999993694], [97.80499999999746, 2.9549999999993686], [97.79999999999747, 2.9549999999993686], [97.79999999999747, 2.9599999999993694]]], [[[97.82499999999744, 2.96499999999937], [97.82499999999744, 2.9599999999993694], [97.81999999999745, 2.9599999999993694], [97.81999999999745, 2.96499999999937], [97.82499999999744, 2.96499999999937]]], [[[97.77499999999749, 2.96499999999937], [97.77499999999749, 2.969999999999371], [97.78999999999748, 2.969999999999371], [97.78999999999748, 2.96499999999937], [97.77999999999749, 2.96499999999937], [97.77999999999749, 2.9549999999993686], [97.77499999999749, 2.9549999999993686], [97.77499999999749, 2.9599999999993694], [97.7699999999975, 2.9599999999993694], [97.7699999999975, 2.96499999999937], [97.77499999999749, 2.96499999999937]]], [[[97.81499999999745, 2.969999999999371], [97.81999999999745, 2.969999999999371], [97.81999999999745, 2.96499999999937], [97.81499999999745, 2.96499999999937], [97.81499999999745, 2.969999999999371]]], [[[97.84999999999742, 2.96499999999937], [97.83499999999744, 2.96499999999937], [97.83499999999744, 2.9799999999993725], [97.83999999999743, 2.9799999999993725], [97.83999999999743, 2.969999999999371], [97.84999999999742, 2.969999999999371], [97.84999999999742, 2.9749999999993717], [97.85999999999741, 2.9749999999993717], [97.85999999999741, 2.9599999999993694], [97.84999999999742, 2.9599999999993694], [97.84999999999742, 2.96499999999937]]], [[[97.81499999999745, 2.9749999999993717], [97.81499999999745, 2.969999999999371], [97.80999999999746, 2.969999999999371], [97.80999999999746, 2.9749999999993717], [97.81499999999745, 2.9749999999993717]]], [[[97.81999999999745, 2.9799999999993725], [97.81999999999745, 2.9749999999993717], [97.81499999999745, 2.9749999999993717], [97.81499999999745, 2.9799999999993725], [97.81999999999745, 2.9799999999993725]]], [[[97.80499999999746, 2.989999999999374], [97.80499999999746, 2.9749999999993717], [97.79999999999747, 2.9749999999993717], [97.79999999999747, 2.96499999999937], [97.79499999999747, 2.96499999999937], [97.79499999999747, 2.9849999999993733], [97.79999999999747, 2.9849999999993733], [97.79999999999747, 2.989999999999374], [97.80499999999746, 2.989999999999374]]], [[[97.78499999999748, 2.9799999999993725], [97.78999999999748, 2.9799999999993725], [97.78999999999748, 2.9749999999993717], [97.78499999999748, 2.9749999999993717], [97.78499999999748, 2.9799999999993725]]], [[[97.83499999999744, 2.9999999999993756], [97.83499999999744, 2.994999999999375], [97.82499999999744, 2.994999999999375], [97.82499999999744, 2.9999999999993756], [97.83499999999744, 2.9999999999993756]]], [[[97.8749999999974, 3.009999999999377], [97.8749999999974, 3.0049999999993764], [97.8699999999974, 3.0049999999993764], [97.8699999999974, 3.009999999999377], [97.8749999999974, 3.009999999999377]]], [[[97.83999999999743, 3.014999999999378], [97.82999999999744, 3.014999999999378], [97.82999999999744, 3.009999999999377], [97.82499999999744, 3.009999999999377], [97.82499999999744, 3.0049999999993764], [97.81999999999745, 3.0049999999993764], [97.81999999999745, 2.9999999999993756], [97.81499999999745, 2.9999999999993756], [97.81499999999745, 2.989999999999374], [97.80499999999746, 2.989999999999374], [97.80499999999746, 2.9999999999993756], [97.80999999999746, 2.9999999999993756], [97.80999999999746, 3.0049999999993764], [97.81499999999745, 3.0049999999993764], [97.81499999999745, 3.009999999999377], [97.81999999999745, 3.009999999999377], [97.81999999999745, 3.014999999999378], [97.82499999999744, 3.014999999999378], [97.82499999999744, 3.0199999999993787], [97.82999999999744, 3.0199999999993787], [97.82999999999744, 3.0249999999993795], [97.85499999999742, 3.0249999999993795], [97.85499999999742, 3.0299999999993803], [97.85999999999741, 3.0299999999993803], [97.85999999999741, 3.0249999999993795], [97.86499999999741, 3.0249999999993795], [97.86499999999741, 3.0299999999993803], [97.8749999999974, 3.0299999999993803], [97.8749999999974, 3.0199999999993787], [97.83999999999743, 3.0199999999993787], [97.83999999999743, 3.014999999999378]]], [[[97.8699999999974, 3.014999999999378], [97.8699999999974, 3.009999999999377], [97.86499999999741, 3.009999999999377], [97.86499999999741, 3.014999999999378], [97.8699999999974, 3.014999999999378]]], [[[97.85499999999742, 3.014999999999378], [97.85499999999742, 3.009999999999377], [97.84999999999742, 3.009999999999377], [97.84999999999742, 3.014999999999378], [97.85499999999742, 3.014999999999378]]], [[[97.80999999999746, 3.0249999999993795], [97.81499999999745, 3.0249999999993795], [97.81499999999745, 3.0199999999993787], [97.80999999999746, 3.0199999999993787], [97.80999999999746, 3.0249999999993795]]], [[[97.80999999999746, 3.0249999999993795], [97.80499999999746, 3.0249999999993795], [97.80499999999746, 3.0199999999993787], [97.79499999999747, 3.0199999999993787], [97.79499999999747, 3.014999999999378], [97.77999999999749, 3.014999999999378], [97.77999999999749, 3.0249999999993795], [97.77499999999749, 3.0249999999993795], [97.77499999999749, 3.0299999999993803], [97.7699999999975, 3.0299999999993803], [97.7699999999975, 3.034999999999381], [97.75499999999751, 3.034999999999381], [97.75499999999751, 3.039999999999382], [97.7599999999975, 3.039999999999382], [97.7599999999975, 3.0449999999993826], [97.7649999999975, 3.0449999999993826], [97.7649999999975, 3.039999999999382], [97.77499999999749, 3.039999999999382], [97.77499999999749, 3.034999999999381], [97.77999999999749, 3.034999999999381], [97.77999999999749, 3.0299999999993803], [97.80999999999746, 3.0299999999993803], [97.80999999999746, 3.0249999999993795]]], [[[97.84999999999742, 3.034999999999381], [97.85499999999742, 3.034999999999381], [97.85499999999742, 3.0299999999993803], [97.84999999999742, 3.0299999999993803], [97.84999999999742, 3.034999999999381]]], [[[97.83999999999743, 3.034999999999381], [97.83999999999743, 3.0299999999993803], [97.82999999999744, 3.0299999999993803], [97.82999999999744, 3.034999999999381], [97.83999999999743, 3.034999999999381]]], [[[97.80499999999746, 3.054999999999384], [97.80499999999746, 3.0499999999993834], [97.79999999999747, 3.0499999999993834], [97.79999999999747, 3.054999999999384], [97.80499999999746, 3.054999999999384]]], [[[97.78499999999748, 3.054999999999384], [97.78999999999748, 3.054999999999384], [97.78999999999748, 3.0499999999993834], [97.78499999999748, 3.0499999999993834], [97.78499999999748, 3.054999999999384]]], [[[97.80499999999746, 3.0699999999993866], [97.80999999999746, 3.0699999999993866], [97.80999999999746, 3.0649999999993858], [97.80499999999746, 3.0649999999993858], [97.80499999999746, 3.0699999999993866]]], [[[97.77499999999749, 3.0749999999993873], [97.78999999999748, 3.0749999999993873], [97.78999999999748, 3.0699999999993866], [97.77499999999749, 3.0699999999993866], [97.77499999999749, 3.0749999999993873]]], [[[98.08499999999721, 2.3799999999992787], [98.08499999999721, 2.374999999999278], [98.07999999999721, 2.374999999999278], [98.07999999999721, 2.3799999999992787], [98.08499999999721, 2.3799999999992787]]], [[[98.05499999999724, 2.3799999999992787], [98.05499999999724, 2.374999999999278], [98.04999999999724, 2.374999999999278], [98.04999999999724, 2.3799999999992787], [98.05499999999724, 2.3799999999992787]]], [[[98.01999999999727, 2.3799999999992787], [98.02499999999726, 2.3799999999992787], [98.02499999999726, 2.374999999999278], [98.01999999999727, 2.374999999999278], [98.01999999999727, 2.3799999999992787]]], [[[98.06999999999722, 2.3849999999992795], [98.07499999999722, 2.3849999999992795], [98.07499999999722, 2.3799999999992787], [98.06999999999722, 2.3799999999992787], [98.06999999999722, 2.3849999999992795]]], [[[98.05999999999723, 2.3849999999992795], [98.06499999999723, 2.3849999999992795], [98.06499999999723, 2.3799999999992787], [98.05999999999723, 2.3799999999992787], [98.05999999999723, 2.3849999999992795]]], [[[98.02999999999726, 2.3799999999992787], [98.02999999999726, 2.3849999999992795], [98.03499999999725, 2.3849999999992795], [98.03499999999725, 2.3899999999992803], [98.03999999999725, 2.3899999999992803], [98.03999999999725, 2.3799999999992787], [98.02999999999726, 2.3799999999992787]]], [[[98.0999999999972, 2.3799999999992787], [98.0999999999972, 2.3849999999992795], [98.10499999999719, 2.3849999999992795], [98.10499999999719, 2.394999999999281], [98.10999999999719, 2.394999999999281], [98.10999999999719, 2.3899999999992803], [98.11499999999718, 2.3899999999992803], [98.11499999999718, 2.3849999999992795], [98.10999999999719, 2.3849999999992795], [98.10999999999719, 2.374999999999278], [98.0899999999972, 2.374999999999278], [98.0899999999972, 2.3799999999992787], [98.0999999999972, 2.3799999999992787]]], [[[98.06499999999723, 2.3899999999992803], [98.06999999999722, 2.3899999999992803], [98.06999999999722, 2.3849999999992795], [98.06499999999723, 2.3849999999992795], [98.06499999999723, 2.3899999999992803]]], [[[98.08499999999721, 2.399999999999282], [98.08499999999721, 2.3849999999992795], [98.07499999999722, 2.3849999999992795], [98.07499999999722, 2.399999999999282], [98.08499999999721, 2.399999999999282]]], [[[98.02499999999726, 2.3899999999992803], [98.02499999999726, 2.394999999999281], [98.01999999999727, 2.394999999999281], [98.01999999999727, 2.399999999999282], [98.02999999999726, 2.399999999999282], [98.02999999999726, 2.3899999999992803], [98.02499999999726, 2.3899999999992803]]], [[[98.08499999999721, 2.4099999999992834], [98.0899999999972, 2.4099999999992834], [98.0899999999972, 2.4049999999992826], [98.08499999999721, 2.4049999999992826], [98.08499999999721, 2.4099999999992834]]], [[[98.06999999999722, 2.399999999999282], [98.06999999999722, 2.394999999999281], [98.06499999999723, 2.394999999999281], [98.06499999999723, 2.3899999999992803], [98.05499999999724, 2.3899999999992803], [98.05499999999724, 2.4049999999992826], [98.05999999999723, 2.4049999999992826], [98.05999999999723, 2.4099999999992834], [98.04999999999724, 2.4099999999992834], [98.04999999999724, 2.394999999999281], [98.03499999999725, 2.394999999999281], [98.03499999999725, 2.399999999999282], [98.04499999999724, 2.399999999999282], [98.04499999999724, 2.414999999999284], [98.04999999999724, 2.414999999999284], [98.04999999999724, 2.4249999999992857], [98.05499999999724, 2.4249999999992857], [98.05499999999724, 2.4299999999992865], [98.06499999999723, 2.4299999999992865], [98.06499999999723, 2.419999999999285], [98.07499999999722, 2.419999999999285], [98.07499999999722, 2.4099999999992834], [98.06999999999722, 2.4099999999992834], [98.06999999999722, 2.4049999999992826], [98.06499999999723, 2.4049999999992826], [98.06499999999723, 2.399999999999282], [98.06999999999722, 2.399999999999282]]], [[[98.08499999999721, 2.419999999999285], [98.08499999999721, 2.4099999999992834], [98.07999999999721, 2.4099999999992834], [98.07999999999721, 2.419999999999285], [98.08499999999721, 2.419999999999285]]], [[[98.03499999999725, 2.439999999999288], [98.04499999999724, 2.439999999999288], [98.04499999999724, 2.4499999999992896], [98.04999999999724, 2.4499999999992896], [98.04999999999724, 2.4349999999992873], [98.05499999999724, 2.4349999999992873], [98.05499999999724, 2.4299999999992865], [98.04499999999724, 2.4299999999992865], [98.04499999999724, 2.4349999999992873], [98.03499999999725, 2.4349999999992873], [98.03499999999725, 2.439999999999288]]], [[[98.03499999999725, 2.439999999999288], [98.02499999999726, 2.439999999999288], [98.02499999999726, 2.444999999999289], [98.03499999999725, 2.444999999999289], [98.03499999999725, 2.439999999999288]]], [[[98.05499999999724, 2.444999999999289], [98.05999999999723, 2.444999999999289], [98.05999999999723, 2.439999999999288], [98.05499999999724, 2.439999999999288], [98.05499999999724, 2.444999999999289]]], [[[98.00999999999728, 2.4499999999992896], [98.00999999999728, 2.444999999999289], [98.00499999999728, 2.444999999999289], [98.00499999999728, 2.4499999999992896], [98.00999999999728, 2.4499999999992896]]], [[[98.02499999999726, 2.4499999999992896], [98.02499999999726, 2.444999999999289], [98.01999999999727, 2.444999999999289], [98.01999999999727, 2.4499999999992896], [98.02499999999726, 2.4499999999992896]]], [[[98.00999999999728, 2.4549999999992904], [98.01499999999727, 2.4549999999992904], [98.01499999999727, 2.4499999999992896], [98.00999999999728, 2.4499999999992896], [98.00999999999728, 2.4549999999992904]]], [[[98.0949999999972, 2.4949999999992967], [98.10499999999719, 2.4949999999992967], [98.10499999999719, 2.489999999999296], [98.10999999999719, 2.489999999999296], [98.10999999999719, 2.4949999999992967], [98.11499999999718, 2.4949999999992967], [98.11499999999718, 2.489999999999296], [98.12499999999717, 2.489999999999296], [98.12499999999717, 2.484999999999295], [98.11999999999718, 2.484999999999295], [98.11999999999718, 2.4799999999992943], [98.12499999999717, 2.4799999999992943], [98.12499999999717, 2.4699999999992928], [98.11999999999718, 2.4699999999992928], [98.11999999999718, 2.459999999999291], [98.12499999999717, 2.459999999999291], [98.12499999999717, 2.4499999999992896], [98.11999999999718, 2.4499999999992896], [98.11999999999718, 2.444999999999289], [98.12499999999717, 2.444999999999289], [98.12499999999717, 2.414999999999284], [98.11999999999718, 2.414999999999284], [98.11999999999718, 2.4099999999992834], [98.11499999999718, 2.4099999999992834], [98.11499999999718, 2.414999999999284], [98.10499999999719, 2.414999999999284], [98.10499999999719, 2.419999999999285], [98.0999999999972, 2.419999999999285], [98.0999999999972, 2.4249999999992857], [98.0899999999972, 2.4249999999992857], [98.0899999999972, 2.4299999999992865], [98.0949999999972, 2.4299999999992865], [98.0949999999972, 2.439999999999288], [98.08499999999721, 2.439999999999288], [98.08499999999721, 2.4499999999992896], [98.07499999999722, 2.4499999999992896], [98.07499999999722, 2.459999999999291], [98.06499999999723, 2.459999999999291], [98.06499999999723, 2.464999999999292], [98.07499999999722, 2.464999999999292], [98.07499999999722, 2.4699999999992928], [98.06999999999722, 2.4699999999992928], [98.06999999999722, 2.4749999999992935], [98.07999999999721, 2.4749999999992935], [98.07999999999721, 2.4799999999992943], [98.08499999999721, 2.4799999999992943], [98.08499999999721, 2.484999999999295], [98.07499999999722, 2.484999999999295], [98.07499999999722, 2.489999999999296], [98.06999999999722, 2.489999999999296], [98.06999999999722, 2.4949999999992967], [98.05999999999723, 2.4949999999992967], [98.05999999999723, 2.5049999999992982], [98.06499999999723, 2.5049999999992982], [98.06499999999723, 2.4999999999992975], [98.07999999999721, 2.4999999999992975], [98.07999999999721, 2.4949999999992967], [98.0899999999972, 2.4949999999992967], [98.0899999999972, 2.484999999999295], [98.0949999999972, 2.484999999999295], [98.0949999999972, 2.4949999999992967]], [[98.10999999999719, 2.4799999999992943], [98.10999999999719, 2.4749999999992935], [98.11999999999718, 2.4749999999992935], [98.11999999999718, 2.4799999999992943], [98.10999999999719, 2.4799999999992943]], [[98.10499999999719, 2.439999999999288], [98.10499999999719, 2.4349999999992873], [98.10999999999719, 2.4349999999992873], [98.10999999999719, 2.439999999999288], [98.11499999999718, 2.439999999999288], [98.11499999999718, 2.444999999999289], [98.10499999999719, 2.444999999999289], [98.10499999999719, 2.4499999999992896], [98.10999999999719, 2.4499999999992896], [98.10999999999719, 2.4549999999992904], [98.0999999999972, 2.4549999999992904], [98.0999999999972, 2.4499999999992896], [98.0949999999972, 2.4499999999992896], [98.0949999999972, 2.439999999999288], [98.10499999999719, 2.439999999999288]], [[98.0999999999972, 2.4699999999992928], [98.10499999999719, 2.4699999999992928], [98.10499999999719, 2.4749999999992935], [98.0899999999972, 2.4749999999992935], [98.0899999999972, 2.464999999999292], [98.08499999999721, 2.464999999999292], [98.08499999999721, 2.459999999999291], [98.0949999999972, 2.459999999999291], [98.0949999999972, 2.4549999999992904], [98.0999999999972, 2.4549999999992904], [98.0999999999972, 2.4699999999992928]], [[98.07999999999721, 2.4699999999992928], [98.08499999999721, 2.4699999999992928], [98.08499999999721, 2.4749999999992935], [98.07999999999721, 2.4749999999992935], [98.07999999999721, 2.4699999999992928]], [[98.10499999999719, 2.464999999999292], [98.10499999999719, 2.459999999999291], [98.10999999999719, 2.459999999999291], [98.10999999999719, 2.464999999999292], [98.10499999999719, 2.464999999999292]]], [[[98.03999999999725, 2.4699999999992928], [98.04499999999724, 2.4699999999992928], [98.04499999999724, 2.464999999999292], [98.03999999999725, 2.464999999999292], [98.03999999999725, 2.4699999999992928]]], [[[98.06499999999723, 2.4749999999992935], [98.06499999999723, 2.4699999999992928], [98.05999999999723, 2.4699999999992928], [98.05999999999723, 2.4749999999992935], [98.06499999999723, 2.4749999999992935]]], [[[98.00999999999728, 2.4799999999992943], [98.00999999999728, 2.4749999999992935], [98.00499999999728, 2.4749999999992935], [98.00499999999728, 2.4799999999992943], [98.00999999999728, 2.4799999999992943]]], [[[98.04999999999724, 2.4799999999992943], [98.04999999999724, 2.4749999999992935], [98.04499999999724, 2.4749999999992935], [98.04499999999724, 2.4799999999992943], [98.04999999999724, 2.4799999999992943]]], [[[98.04999999999724, 2.4799999999992943], [98.04999999999724, 2.484999999999295], [98.05999999999723, 2.484999999999295], [98.05999999999723, 2.4799999999992943], [98.04999999999724, 2.4799999999992943]]], [[[98.05999999999723, 2.489999999999296], [98.06499999999723, 2.489999999999296], [98.06499999999723, 2.484999999999295], [98.05999999999723, 2.484999999999295], [98.05999999999723, 2.489999999999296]]], [[[98.01999999999727, 2.489999999999296], [98.01499999999727, 2.489999999999296], [98.01499999999727, 2.4949999999992967], [98.01999999999727, 2.4949999999992967], [98.01999999999727, 2.489999999999296]]], [[[98.01999999999727, 2.4999999999992975], [98.02499999999726, 2.4999999999992975], [98.02499999999726, 2.4949999999992967], [98.01999999999727, 2.4949999999992967], [98.01999999999727, 2.4999999999992975]]], [[[98.0899999999972, 2.5049999999992982], [98.0949999999972, 2.5049999999992982], [98.0949999999972, 2.4999999999992975], [98.0899999999972, 2.4999999999992975], [98.0899999999972, 2.5049999999992982]]], [[[98.07499999999722, 2.509999999999299], [98.07499999999722, 2.5049999999992982], [98.06499999999723, 2.5049999999992982], [98.06499999999723, 2.509999999999299], [98.07499999999722, 2.509999999999299]]], [[[98.0949999999972, 2.509999999999299], [98.0949999999972, 2.5149999999993], [98.10499999999719, 2.5149999999993], [98.10499999999719, 2.5199999999993006], [98.11499999999718, 2.5199999999993006], [98.11499999999718, 2.5149999999993], [98.10999999999719, 2.5149999999993], [98.10999999999719, 2.4999999999992975], [98.10499999999719, 2.4999999999992975], [98.10499999999719, 2.5049999999992982], [98.0999999999972, 2.5049999999992982], [98.0999999999972, 2.509999999999299], [98.0949999999972, 2.509999999999299]]], [[[98.00999999999728, 2.5199999999993006], [98.01499999999727, 2.5199999999993006], [98.01499999999727, 2.5149999999993], [98.00999999999728, 2.5149999999993], [98.00999999999728, 2.5199999999993006]]], [[[98.0999999999972, 2.529999999999302], [98.0999999999972, 2.5199999999993006], [98.0949999999972, 2.5199999999993006], [98.0949999999972, 2.529999999999302], [98.0999999999972, 2.529999999999302]]], [[[98.07999999999721, 2.5449999999993045], [98.07999999999721, 2.534999999999303], [98.08499999999721, 2.534999999999303], [98.08499999999721, 2.5249999999993014], [98.0899999999972, 2.5249999999993014], [98.0899999999972, 2.5149999999993], [98.08499999999721, 2.5149999999993], [98.08499999999721, 2.5199999999993006], [98.07499999999722, 2.5199999999993006], [98.07499999999722, 2.5249999999993014], [98.06499999999723, 2.5249999999993014], [98.06499999999723, 2.529999999999302], [98.03999999999725, 2.529999999999302], [98.03999999999725, 2.5199999999993006], [98.03499999999725, 2.5199999999993006], [98.03499999999725, 2.529999999999302], [98.02499999999726, 2.529999999999302], [98.02499999999726, 2.534999999999303], [98.03499999999725, 2.534999999999303], [98.03499999999725, 2.5499999999993053], [98.03999999999725, 2.5499999999993053], [98.03999999999725, 2.534999999999303], [98.04999999999724, 2.534999999999303], [98.04999999999724, 2.5399999999993037], [98.05999999999723, 2.5399999999993037], [98.05999999999723, 2.534999999999303], [98.06999999999722, 2.534999999999303], [98.06999999999722, 2.5449999999993045], [98.07999999999721, 2.5449999999993045]]], [[[98.01499999999727, 2.5499999999993053], [98.01999999999727, 2.5499999999993053], [98.01999999999727, 2.554999999999306], [98.02999999999726, 2.554999999999306], [98.02999999999726, 2.5399999999993037], [98.02499999999726, 2.5399999999993037], [98.02499999999726, 2.534999999999303], [98.01999999999727, 2.534999999999303], [98.01999999999727, 2.5399999999993037], [98.01499999999727, 2.5399999999993037], [98.01499999999727, 2.5499999999993053]]], [[[98.00999999999728, 2.559999999999307], [98.01499999999727, 2.559999999999307], [98.01499999999727, 2.5499999999993053], [98.00999999999728, 2.5499999999993053], [98.00999999999728, 2.5449999999993045], [98.00499999999728, 2.5449999999993045], [98.00499999999728, 2.554999999999306], [98.00999999999728, 2.554999999999306], [98.00999999999728, 2.559999999999307]]], [[[98.04999999999724, 2.5499999999993053], [98.03999999999725, 2.5499999999993053], [98.03999999999725, 2.554999999999306], [98.04499999999724, 2.554999999999306], [98.04499999999724, 2.559999999999307], [98.04999999999724, 2.559999999999307], [98.04999999999724, 2.5499999999993053]]], [[[98.02999999999726, 2.5699999999993084], [98.02999999999726, 2.559999999999307], [98.01999999999727, 2.559999999999307], [98.01999999999727, 2.5699999999993084], [98.02999999999726, 2.5699999999993084]]], [[[98.0999999999972, 2.574999999999309], [98.0999999999972, 2.5649999999993076], [98.0949999999972, 2.5649999999993076], [98.0949999999972, 2.574999999999309], [98.0999999999972, 2.574999999999309]]], [[[98.02999999999726, 2.5849999999993107], [98.03499999999725, 2.5849999999993107], [98.03499999999725, 2.57999999999931], [98.02999999999726, 2.57999999999931], [98.02999999999726, 2.5849999999993107]]], [[[98.01999999999727, 2.5849999999993107], [98.01999999999727, 2.57999999999931], [98.01499999999727, 2.57999999999931], [98.01499999999727, 2.5849999999993107], [98.01999999999727, 2.5849999999993107]]], [[[98.01499999999727, 2.604999999999314], [98.01499999999727, 2.599999999999313], [98.00999999999728, 2.599999999999313], [98.00999999999728, 2.604999999999314], [98.01499999999727, 2.604999999999314]]], [[[98.03499999999725, 2.6099999999993146], [98.04499999999724, 2.6099999999993146], [98.04499999999724, 2.604999999999314], [98.03499999999725, 2.604999999999314], [98.03499999999725, 2.6099999999993146]]], [[[98.02999999999726, 2.6149999999993154], [98.02999999999726, 2.604999999999314], [98.02499999999726, 2.604999999999314], [98.02499999999726, 2.6149999999993154], [98.02999999999726, 2.6149999999993154]]], [[[98.01499999999727, 2.624999999999317], [98.01499999999727, 2.619999999999316], [98.00999999999728, 2.619999999999316], [98.00999999999728, 2.624999999999317], [98.01499999999727, 2.624999999999317]]], [[[98.05999999999723, 2.64499999999932], [98.06499999999723, 2.64499999999932], [98.06499999999723, 2.6399999999993193], [98.05999999999723, 2.6399999999993193], [98.05999999999723, 2.64499999999932]]], [[[98.05499999999724, 2.6849999999993264], [98.05999999999723, 2.6849999999993264], [98.05999999999723, 2.6799999999993256], [98.05499999999724, 2.6799999999993256], [98.05499999999724, 2.6849999999993264]]], [[[98.05999999999723, 2.6999999999993287], [98.06499999999723, 2.6999999999993287], [98.06499999999723, 2.694999999999328], [98.05999999999723, 2.694999999999328], [98.05999999999723, 2.6999999999993287]]], [[[98.06999999999722, 2.714999999999331], [98.06999999999722, 2.7099999999993303], [98.06499999999723, 2.7099999999993303], [98.06499999999723, 2.714999999999331], [98.06999999999722, 2.714999999999331]]], [[[98.05999999999723, 2.714999999999331], [98.05999999999723, 2.719999999999332], [98.06499999999723, 2.719999999999332], [98.06499999999723, 2.714999999999331], [98.05999999999723, 2.714999999999331]]], [[[98.03999999999725, 2.7499999999993365], [98.04499999999724, 2.7499999999993365], [98.04499999999724, 2.7449999999993357], [98.03999999999725, 2.7449999999993357], [98.03999999999725, 2.7499999999993365]]], [[[98.00999999999728, 2.7549999999993373], [98.00999999999728, 2.7499999999993365], [98.00499999999728, 2.7499999999993365], [98.00499999999728, 2.7549999999993373], [98.00999999999728, 2.7549999999993373]]], [[[98.01999999999727, 2.7699999999993397], [98.01999999999727, 2.764999999999339], [98.01499999999727, 2.764999999999339], [98.01499999999727, 2.7699999999993397], [98.01999999999727, 2.7699999999993397]]], [[[98.00999999999728, 2.784999999999342], [98.01499999999727, 2.784999999999342], [98.01499999999727, 2.779999999999341], [98.00999999999728, 2.779999999999341], [98.00999999999728, 2.784999999999342]]], [[[98.00999999999728, 2.789999999999343], [98.00999999999728, 2.784999999999342], [98.00499999999728, 2.784999999999342], [98.00499999999728, 2.789999999999343], [98.00999999999728, 2.789999999999343]]], [[[98.0899999999972, 2.874999999999356], [98.0899999999972, 2.8699999999993553], [98.06999999999722, 2.8699999999993553], [98.06999999999722, 2.874999999999356], [98.0899999999972, 2.874999999999356]]], [[[98.0999999999972, 2.874999999999356], [98.10499999999719, 2.874999999999356], [98.10499999999719, 2.8699999999993553], [98.0999999999972, 2.8699999999993553], [98.0999999999972, 2.874999999999356]]], [[[98.51499999999682, 1.9899999999992177], [98.51999999999681, 1.9899999999992177], [98.51999999999681, 1.984999999999217], [98.51499999999682, 1.984999999999217], [98.51499999999682, 1.9899999999992177]]], [[[98.47499999999685, 1.9949999999992185], [98.47999999999685, 1.9949999999992185], [98.47999999999685, 1.9899999999992177], [98.47499999999685, 1.9899999999992177], [98.47499999999685, 1.9949999999992185]]], [[[98.54499999999679, 2.009999999999221], [98.54499999999679, 2.00499999999922], [98.5399999999968, 2.00499999999922], [98.5399999999968, 2.009999999999221], [98.54499999999679, 2.009999999999221]]], [[[98.56999999999677, 2.0149999999992216], [98.56999999999677, 2.009999999999221], [98.56499999999677, 2.009999999999221], [98.56499999999677, 2.0149999999992216], [98.55499999999678, 2.0149999999992216], [98.55499999999678, 2.0199999999992224], [98.56499999999677, 2.0199999999992224], [98.56499999999677, 2.024999999999223], [98.54999999999679, 2.024999999999223], [98.54999999999679, 2.0199999999992224], [98.5399999999968, 2.0199999999992224], [98.5399999999968, 2.024999999999223], [98.5349999999968, 2.024999999999223], [98.5349999999968, 2.029999999999224], [98.5399999999968, 2.029999999999224], [98.5399999999968, 2.0349999999992248], [98.54499999999679, 2.0349999999992248], [98.54499999999679, 2.029999999999224], [98.55999999999678, 2.029999999999224], [98.55999999999678, 2.0349999999992248], [98.56499999999677, 2.0349999999992248], [98.56499999999677, 2.0399999999992255], [98.56999999999677, 2.0399999999992255], [98.56999999999677, 2.0449999999992263], [98.57999999999676, 2.0449999999992263], [98.57999999999676, 2.0349999999992248], [98.58499999999675, 2.0349999999992248], [98.58499999999675, 2.029999999999224], [98.57999999999676, 2.029999999999224], [98.57999999999676, 2.0199999999992224], [98.57499999999676, 2.0199999999992224], [98.57499999999676, 2.0149999999992216], [98.56999999999677, 2.0149999999992216]]], [[[98.48499999999684, 2.074999999999231], [98.48499999999684, 2.0849999999992326], [98.47499999999685, 2.0849999999992326], [98.47499999999685, 2.074999999999231], [98.46999999999686, 2.074999999999231], [98.46999999999686, 2.079999999999232], [98.46499999999686, 2.079999999999232], [98.46499999999686, 2.0649999999992295], [98.45999999999687, 2.0649999999992295], [98.45999999999687, 2.0699999999992302], [98.44999999999688, 2.0699999999992302], [98.44999999999688, 2.074999999999231], [98.44499999999688, 2.074999999999231], [98.44499999999688, 2.079999999999232], [98.43999999999689, 2.079999999999232], [98.43999999999689, 2.074999999999231], [98.43499999999689, 2.074999999999231], [98.43499999999689, 2.079999999999232], [98.4199999999969, 2.079999999999232], [98.4199999999969, 2.0849999999992326], [98.39499999999693, 2.0849999999992326], [98.39499999999693, 2.0899999999992334], [98.38999999999693, 2.0899999999992334], [98.38999999999693, 2.094999999999234], [98.38499999999694, 2.094999999999234], [98.38499999999694, 2.099999999999235], [98.37499999999694, 2.099999999999235], [98.37499999999694, 2.124999999999239], [98.44999999999688, 2.124999999999239], [98.44999999999688, 2.119999999999238], [98.45499999999687, 2.119999999999238], [98.45499999999687, 2.1099999999992365], [98.46499999999686, 2.1099999999992365], [98.46499999999686, 2.1149999999992373], [98.45999999999687, 2.1149999999992373], [98.45999999999687, 2.119999999999238], [98.46499999999686, 2.119999999999238], [98.46499999999686, 2.124999999999239], [98.47999999999685, 2.124999999999239], [98.47999999999685, 2.119999999999238], [98.48499999999684, 2.119999999999238], [98.48499999999684, 2.124999999999239], [98.49999999999683, 2.124999999999239], [98.49999999999683, 2.119999999999238], [98.49499999999684, 2.119999999999238], [98.49499999999684, 2.1099999999992365], [98.50499999999683, 2.1099999999992365], [98.50499999999683, 2.099999999999235], [98.51499999999682, 2.099999999999235], [98.51499999999682, 2.094999999999234], [98.52499999999681, 2.094999999999234], [98.52499999999681, 2.0899999999992334], [98.55999999999678, 2.0899999999992334], [98.55999999999678, 2.094999999999234], [98.56499999999677, 2.094999999999234], [98.56499999999677, 2.0899999999992334], [98.56999999999677, 2.0899999999992334], [98.56999999999677, 2.094999999999234], [98.59499999999674, 2.094999999999234], [98.59499999999674, 2.099999999999235], [98.60499999999674, 2.099999999999235], [98.60499999999674, 2.1049999999992357], [98.60999999999673, 2.1049999999992357], [98.60999999999673, 2.099999999999235], [98.62499999999672, 2.099999999999235], [98.62499999999672, 2.094999999999234], [98.61999999999672, 2.094999999999234], [98.61999999999672, 2.0899999999992334], [98.59999999999674, 2.0899999999992334], [98.59999999999674, 2.0849999999992326], [98.61499999999673, 2.0849999999992326], [98.61499999999673, 2.079999999999232], [98.61999999999672, 2.079999999999232], [98.61999999999672, 2.0699999999992302], [98.62499999999672, 2.0699999999992302], [98.62499999999672, 2.0349999999992248], [98.61999999999672, 2.0349999999992248], [98.61999999999672, 2.0399999999992255], [98.61499999999673, 2.0399999999992255], [98.61499999999673, 2.0349999999992248], [98.60999999999673, 2.0349999999992248], [98.60999999999673, 2.024999999999223], [98.60499999999674, 2.024999999999223], [98.60499999999674, 2.0149999999992216], [98.59999999999674, 2.0149999999992216], [98.59999999999674, 2.009999999999221], [98.59499999999674, 2.009999999999221], [98.59499999999674, 2.00499999999922], [98.60499999999674, 2.00499999999922], [98.60499999999674, 1.9899999999992177], [98.59499999999674, 1.9899999999992177], [98.59499999999674, 1.984999999999217], [98.58999999999675, 1.984999999999217], [98.58999999999675, 1.9799999999992162], [98.59499999999674, 1.9799999999992162], [98.59499999999674, 1.9699999999992146], [98.58499999999675, 1.9699999999992146], [98.58499999999675, 1.959999999999213], [98.58999999999675, 1.959999999999213], [98.58999999999675, 1.9549999999992123], [98.58499999999675, 1.9549999999992123], [98.58499999999675, 1.9299999999992083], [98.57999999999676, 1.9299999999992083], [98.57999999999676, 1.9349999999992091], [98.57499999999676, 1.9349999999992091], [98.57499999999676, 1.93999999999921], [98.56999999999677, 1.93999999999921], [98.56999999999677, 1.9449999999992107], [98.56499999999677, 1.9449999999992107], [98.56499999999677, 1.9499999999992115], [98.54999999999679, 1.9499999999992115], [98.54999999999679, 1.9649999999992138], [98.54499999999679, 1.9649999999992138], [98.54499999999679, 1.9699999999992146], [98.5399999999968, 1.9699999999992146], [98.5399999999968, 1.9749999999992154], [98.5349999999968, 1.9749999999992154], [98.5349999999968, 1.9799999999992162], [98.5299999999968, 1.9799999999992162], [98.5299999999968, 1.984999999999217], [98.52499999999681, 1.984999999999217], [98.52499999999681, 1.9899999999992177], [98.51999999999681, 1.9899999999992177], [98.51999999999681, 1.9949999999992185], [98.51499999999682, 1.9949999999992185], [98.51499999999682, 1.9899999999992177], [98.50999999999682, 1.9899999999992177], [98.50999999999682, 1.9949999999992185], [98.49999999999683, 1.9949999999992185], [98.49999999999683, 1.9999999999992193], [98.50499999999683, 1.9999999999992193], [98.50499999999683, 2.009999999999221], [98.49999999999683, 2.009999999999221], [98.49999999999683, 2.00499999999922], [98.49499999999684, 2.00499999999922], [98.49499999999684, 2.0149999999992216], [98.47499999999685, 2.0149999999992216], [98.47499999999685, 2.0199999999992224], [98.46999999999686, 2.0199999999992224], [98.46999999999686, 2.0149999999992216], [98.46499999999686, 2.0149999999992216], [98.46499999999686, 2.0199999999992224], [98.44499999999688, 2.0199999999992224], [98.44499999999688, 2.024999999999223], [98.43499999999689, 2.024999999999223], [98.43499999999689, 2.029999999999224], [98.4249999999969, 2.029999999999224], [98.4249999999969, 2.0349999999992248], [98.4199999999969, 2.0349999999992248], [98.4199999999969, 2.0399999999992255], [98.4299999999969, 2.0399999999992255], [98.4299999999969, 2.0349999999992248], [98.43499999999689, 2.0349999999992248], [98.43499999999689, 2.0399999999992255], [98.43999999999689, 2.0399999999992255], [98.43999999999689, 2.0349999999992248], [98.44499999999688, 2.0349999999992248], [98.44499999999688, 2.0449999999992263], [98.45499999999687, 2.0449999999992263], [98.45499999999687, 2.049999999999227], [98.46499999999686, 2.049999999999227], [98.46499999999686, 2.0449999999992263], [98.46999999999686, 2.0449999999992263], [98.46999999999686, 2.049999999999227], [98.48999999999684, 2.049999999999227], [98.48999999999684, 2.054999999999228], [98.49499999999684, 2.054999999999228], [98.49499999999684, 2.0599999999992287], [98.50499999999683, 2.0599999999992287], [98.50499999999683, 2.0649999999992295], [98.48999999999684, 2.0649999999992295], [98.48999999999684, 2.0699999999992302], [98.49499999999684, 2.0699999999992302], [98.49499999999684, 2.074999999999231], [98.48499999999684, 2.074999999999231]], [[98.43999999999689, 2.119999999999238], [98.43999999999689, 2.1149999999992373], [98.44999999999688, 2.1149999999992373], [98.44999999999688, 2.119999999999238], [98.43999999999689, 2.119999999999238]], [[98.60999999999673, 2.0399999999992255], [98.59999999999674, 2.0399999999992255], [98.59999999999674, 2.0349999999992248], [98.60999999999673, 2.0349999999992248], [98.60999999999673, 2.0399999999992255]], [[98.59999999999674, 2.0449999999992263], [98.59499999999674, 2.0449999999992263], [98.59499999999674, 2.049999999999227], [98.58999999999675, 2.049999999999227], [98.58999999999675, 2.0399999999992255], [98.59999999999674, 2.0399999999992255], [98.59999999999674, 2.0449999999992263]], [[98.57999999999676, 1.9799999999992162], [98.57999999999676, 1.9749999999992154], [98.58999999999675, 1.9749999999992154], [98.58999999999675, 1.9799999999992162], [98.57999999999676, 1.9799999999992162]], [[98.57999999999676, 1.93999999999921], [98.57999999999676, 1.9499999999992115], [98.57499999999676, 1.9499999999992115], [98.57499999999676, 1.93999999999921], [98.57999999999676, 1.93999999999921]], [[98.49499999999684, 2.029999999999224], [98.49999999999683, 2.029999999999224], [98.49999999999683, 2.0199999999992224], [98.50999999999682, 2.0199999999992224], [98.50999999999682, 2.024999999999223], [98.51999999999681, 2.024999999999223], [98.51999999999681, 2.0199999999992224], [98.51499999999682, 2.0199999999992224], [98.51499999999682, 2.009999999999221], [98.52499999999681, 2.009999999999221], [98.52499999999681, 2.00499999999922], [98.5349999999968, 2.00499999999922], [98.5349999999968, 1.9999999999992193], [98.5399999999968, 1.9999999999992193], [98.5399999999968, 1.9949999999992185], [98.55499999999678, 1.9949999999992185], [98.55499999999678, 1.9999999999992193], [98.54499999999679, 1.9999999999992193], [98.54499999999679, 2.00499999999922], [98.55999999999678, 2.00499999999922], [98.55999999999678, 1.9949999999992185], [98.56999999999677, 1.9949999999992185], [98.56999999999677, 1.9999999999992193], [98.57999999999676, 1.9999999999992193], [98.57999999999676, 2.00499999999922], [98.58499999999675, 2.00499999999922], [98.58499999999675, 1.9999999999992193], [98.58999999999675, 1.9999999999992193], [98.58999999999675, 2.0199999999992224], [98.59499999999674, 2.0199999999992224], [98.59499999999674, 2.0349999999992248], [98.58499999999675, 2.0349999999992248], [98.58499999999675, 2.054999999999228], [98.57999999999676, 2.054999999999228], [98.57999999999676, 2.049999999999227], [98.56999999999677, 2.049999999999227], [98.56999999999677, 2.054999999999228], [98.56499999999677, 2.054999999999228], [98.56499999999677, 2.0599999999992287], [98.55999999999678, 2.0599999999992287], [98.55999999999678, 2.054999999999228], [98.55499999999678, 2.054999999999228], [98.55499999999678, 2.0599999999992287], [98.51999999999681, 2.0599999999992287], [98.51999999999681, 2.054999999999228], [98.49499999999684, 2.054999999999228], [98.49499999999684, 2.029999999999224]], [[98.48999999999684, 2.029999999999224], [98.48999999999684, 2.024999999999223], [98.49499999999684, 2.024999999999223], [98.49499999999684, 2.029999999999224], [98.48999999999684, 2.029999999999224]], [[98.57499999999676, 2.0899999999992334], [98.57499999999676, 2.0849999999992326], [98.57999999999676, 2.0849999999992326], [98.57999999999676, 2.0899999999992334], [98.57499999999676, 2.0899999999992334]], [[98.56499999999677, 2.0849999999992326], [98.56499999999677, 2.079999999999232], [98.56999999999677, 2.079999999999232], [98.56999999999677, 2.0849999999992326], [98.56499999999677, 2.0849999999992326]], [[98.52499999999681, 2.074999999999231], [98.52499999999681, 2.0699999999992302], [98.5299999999968, 2.0699999999992302], [98.5299999999968, 2.074999999999231], [98.52499999999681, 2.074999999999231]], [[98.5349999999968, 2.074999999999231], [98.5349999999968, 2.0699999999992302], [98.5399999999968, 2.0699999999992302], [98.5399999999968, 2.074999999999231], [98.5349999999968, 2.074999999999231]], [[98.47499999999685, 2.0399999999992255], [98.47499999999685, 2.0349999999992248], [98.48499999999684, 2.0349999999992248], [98.48499999999684, 2.0399999999992255], [98.47499999999685, 2.0399999999992255]], [[98.46999999999686, 2.0349999999992248], [98.46999999999686, 2.029999999999224], [98.47499999999685, 2.029999999999224], [98.47499999999685, 2.0349999999992248], [98.46999999999686, 2.0349999999992248]], [[98.47999999999685, 2.029999999999224], [98.47999999999685, 2.024999999999223], [98.48499999999684, 2.024999999999223], [98.48499999999684, 2.029999999999224], [98.47999999999685, 2.029999999999224]], [[98.57499999999676, 1.9949999999992185], [98.57499999999676, 1.9899999999992177], [98.57999999999676, 1.9899999999992177], [98.57999999999676, 1.9949999999992185], [98.57499999999676, 1.9949999999992185]], [[98.57999999999676, 1.984999999999217], [98.58499999999675, 1.984999999999217], [98.58499999999675, 1.9899999999992177], [98.57999999999676, 1.9899999999992177], [98.57999999999676, 1.984999999999217]], [[98.58999999999675, 1.9899999999992177], [98.58999999999675, 1.9949999999992185], [98.58499999999675, 1.9949999999992185], [98.58499999999675, 1.9899999999992177], [98.58999999999675, 1.9899999999992177]], [[98.54999999999679, 1.9899999999992177], [98.54999999999679, 1.984999999999217], [98.55999999999678, 1.984999999999217], [98.55999999999678, 1.9899999999992177], [98.54999999999679, 1.9899999999992177]], [[98.57499999999676, 1.9649999999992138], [98.57499999999676, 1.9549999999992123], [98.57999999999676, 1.9549999999992123], [98.57999999999676, 1.9649999999992138], [98.57499999999676, 1.9649999999992138]]], [[[98.50499999999683, 2.0349999999992248], [98.50999999999682, 2.0349999999992248], [98.50999999999682, 2.029999999999224], [98.50499999999683, 2.029999999999224], [98.50499999999683, 2.0349999999992248]]], [[[98.51999999999681, 2.0399999999992255], [98.52499999999681, 2.0399999999992255], [98.52499999999681, 2.0349999999992248], [98.51999999999681, 2.0349999999992248], [98.51999999999681, 2.0399999999992255]]], [[[98.50499999999683, 2.0399999999992255], [98.50499999999683, 2.0349999999992248], [98.49999999999683, 2.0349999999992248], [98.49999999999683, 2.0449999999992263], [98.50999999999682, 2.0449999999992263], [98.50999999999682, 2.0399999999992255], [98.50499999999683, 2.0399999999992255]]], [[[98.55499999999678, 2.0449999999992263], [98.55499999999678, 2.0399999999992255], [98.54999999999679, 2.0399999999992255], [98.54999999999679, 2.0449999999992263], [98.55499999999678, 2.0449999999992263]]], [[[98.52499999999681, 2.0449999999992263], [98.5299999999968, 2.0449999999992263], [98.5299999999968, 2.0399999999992255], [98.52499999999681, 2.0399999999992255], [98.52499999999681, 2.0449999999992263]]], [[[98.41499999999691, 2.0449999999992263], [98.4199999999969, 2.0449999999992263], [98.4199999999969, 2.0399999999992255], [98.41499999999691, 2.0399999999992255], [98.41499999999691, 2.0449999999992263]]], [[[98.54499999999679, 2.049999999999227], [98.54999999999679, 2.049999999999227], [98.54999999999679, 2.0449999999992263], [98.54499999999679, 2.0449999999992263], [98.54499999999679, 2.049999999999227]]], [[[98.50999999999682, 2.0449999999992263], [98.50999999999682, 2.049999999999227], [98.51999999999681, 2.049999999999227], [98.51999999999681, 2.054999999999228], [98.5299999999968, 2.054999999999228], [98.5299999999968, 2.049999999999227], [98.52499999999681, 2.049999999999227], [98.52499999999681, 2.0449999999992263], [98.51999999999681, 2.0449999999992263], [98.51999999999681, 2.0399999999992255], [98.51499999999682, 2.0399999999992255], [98.51499999999682, 2.0449999999992263], [98.50999999999682, 2.0449999999992263]]], [[[98.44499999999688, 2.049999999999227], [98.44499999999688, 2.0449999999992263], [98.43499999999689, 2.0449999999992263], [98.43499999999689, 2.049999999999227], [98.44499999999688, 2.049999999999227]]], [[[98.5349999999968, 2.054999999999228], [98.5399999999968, 2.054999999999228], [98.5399999999968, 2.049999999999227], [98.5349999999968, 2.049999999999227], [98.5349999999968, 2.054999999999228]]], [[[98.4199999999969, 2.054999999999228], [98.4199999999969, 2.049999999999227], [98.41499999999691, 2.049999999999227], [98.41499999999691, 2.054999999999228], [98.4199999999969, 2.054999999999228]]], [[[98.43499999999689, 2.054999999999228], [98.43499999999689, 2.049999999999227], [98.4299999999969, 2.049999999999227], [98.4299999999969, 2.054999999999228], [98.43499999999689, 2.054999999999228]]], [[[98.40999999999691, 2.0599999999992287], [98.41499999999691, 2.0599999999992287], [98.41499999999691, 2.054999999999228], [98.40999999999691, 2.054999999999228], [98.40999999999691, 2.0599999999992287]]], [[[98.58499999999675, 2.1099999999992365], [98.58499999999675, 2.1049999999992357], [98.57999999999676, 2.1049999999992357], [98.57999999999676, 2.1099999999992365], [98.58499999999675, 2.1099999999992365]]], [[[98.57999999999676, 2.119999999999238], [98.57999999999676, 2.1149999999992373], [98.57499999999676, 2.1149999999992373], [98.57499999999676, 2.119999999999238], [98.57999999999676, 2.119999999999238]]], [[[98.5349999999968, 2.119999999999238], [98.54499999999679, 2.119999999999238], [98.54499999999679, 2.1149999999992373], [98.5349999999968, 2.1149999999992373], [98.5349999999968, 2.119999999999238]]], [[[98.49999999999683, 2.119999999999238], [98.50499999999683, 2.119999999999238], [98.50499999999683, 2.1149999999992373], [98.49999999999683, 2.1149999999992373], [98.49999999999683, 2.119999999999238]]], [[[98.57499999999676, 2.119999999999238], [98.56999999999677, 2.119999999999238], [98.56999999999677, 2.1149999999992373], [98.56499999999677, 2.1149999999992373], [98.56499999999677, 2.124999999999239], [98.57499999999676, 2.124999999999239], [98.57499999999676, 2.119999999999238]]], [[[98.55499999999678, 2.119999999999238], [98.55499999999678, 2.1149999999992373], [98.54999999999679, 2.1149999999992373], [98.54999999999679, 2.124999999999239], [98.55999999999678, 2.124999999999239], [98.55999999999678, 2.119999999999238], [98.55499999999678, 2.119999999999238]]], [[[98.314999999997, 2.1299999999992396], [98.314999999997, 2.124999999999239], [98.309999999997, 2.124999999999239], [98.309999999997, 2.1299999999992396], [98.314999999997, 2.1299999999992396]]], [[[98.29999999999701, 2.1499999999992427], [98.30499999999701, 2.1499999999992427], [98.30499999999701, 2.1549999999992435], [98.309999999997, 2.1549999999992435], [98.309999999997, 2.1499999999992427], [98.314999999997, 2.1499999999992427], [98.314999999997, 2.139999999999241], [98.309999999997, 2.139999999999241], [98.309999999997, 2.144999999999242], [98.29999999999701, 2.144999999999242], [98.29999999999701, 2.1499999999992427]]], [[[98.314999999997, 2.2049999999992513], [98.319999999997, 2.2049999999992513], [98.319999999997, 2.1999999999992506], [98.314999999997, 2.1999999999992506], [98.314999999997, 2.2049999999992513]]], [[[98.23499999999707, 2.254999999999259], [98.23999999999707, 2.254999999999259], [98.23999999999707, 2.2499999999992584], [98.23499999999707, 2.2499999999992584], [98.23499999999707, 2.254999999999259]]], [[[98.25499999999705, 2.254999999999259], [98.25999999999705, 2.254999999999259], [98.25999999999705, 2.2499999999992584], [98.25499999999705, 2.2499999999992584], [98.25499999999705, 2.2449999999992576], [98.24999999999706, 2.2449999999992576], [98.24999999999706, 2.2499999999992584], [98.24499999999706, 2.2499999999992584], [98.24499999999706, 2.25999999999926], [98.25499999999705, 2.25999999999926], [98.25499999999705, 2.254999999999259]]], [[[98.23499999999707, 2.3799999999992787], [98.23499999999707, 2.369999999999277], [98.22999999999708, 2.369999999999277], [98.22999999999708, 2.3649999999992763], [98.23499999999707, 2.3649999999992763], [98.23499999999707, 2.3599999999992756], [98.23999999999707, 2.3599999999992756], [98.23999999999707, 2.354999999999275], [98.24999999999706, 2.354999999999275], [98.24999999999706, 2.349999999999274], [98.24499999999706, 2.349999999999274], [98.24499999999706, 2.3399999999992724], [98.24999999999706, 2.3399999999992724], [98.24999999999706, 2.3349999999992717], [98.25499999999705, 2.3349999999992717], [98.25499999999705, 2.329999999999271], [98.26499999999704, 2.329999999999271], [98.26499999999704, 2.3149999999992685], [98.26999999999704, 2.3149999999992685], [98.26999999999704, 2.3099999999992678], [98.27499999999704, 2.3099999999992678], [98.27499999999704, 2.299999999999266], [98.28999999999702, 2.299999999999266], [98.28999999999702, 2.304999999999267], [98.29499999999702, 2.304999999999267], [98.29499999999702, 2.3099999999992678], [98.28999999999702, 2.3099999999992678], [98.28999999999702, 2.3149999999992685], [98.30499999999701, 2.3149999999992685], [98.30499999999701, 2.3099999999992678], [98.309999999997, 2.3099999999992678], [98.309999999997, 2.3199999999992693], [98.30499999999701, 2.3199999999992693], [98.30499999999701, 2.32499999999927], [98.319999999997, 2.32499999999927], [98.319999999997, 2.329999999999271], [98.32499999999699, 2.329999999999271], [98.32499999999699, 2.32499999999927], [98.32999999999699, 2.32499999999927], [98.32999999999699, 2.3199999999992693], [98.33499999999698, 2.3199999999992693], [98.33499999999698, 2.3099999999992678], [98.33999999999698, 2.3099999999992678], [98.33999999999698, 2.304999999999267], [98.34499999999697, 2.304999999999267], [98.34499999999697, 2.2949999999992654], [98.34999999999697, 2.2949999999992654], [98.34999999999697, 2.2899999999992646], [98.35499999999696, 2.2899999999992646], [98.35499999999696, 2.284999999999264], [98.34999999999697, 2.284999999999264], [98.34999999999697, 2.279999999999263], [98.33999999999698, 2.279999999999263], [98.33999999999698, 2.2749999999992623], [98.32499999999699, 2.2749999999992623], [98.32499999999699, 2.2649999999992607], [98.32999999999699, 2.2649999999992607], [98.32999999999699, 2.254999999999259], [98.35499999999696, 2.254999999999259], [98.35499999999696, 2.2499999999992584], [98.36499999999695, 2.2499999999992584], [98.36499999999695, 2.2649999999992607], [98.35999999999696, 2.2649999999992607], [98.35999999999696, 2.279999999999263], [98.37499999999694, 2.279999999999263], [98.37499999999694, 2.2699999999992615], [98.36999999999695, 2.2699999999992615], [98.36999999999695, 2.2649999999992607], [98.37499999999694, 2.2649999999992607], [98.37499999999694, 2.234999999999256], [98.36999999999695, 2.234999999999256], [98.36999999999695, 2.2299999999992552], [98.37499999999694, 2.2299999999992552], [98.37499999999694, 2.1599999999992443], [98.36999999999695, 2.1599999999992443], [98.36999999999695, 2.1549999999992435], [98.37499999999694, 2.1549999999992435], [98.37499999999694, 2.124999999999239], [98.33499999999698, 2.124999999999239], [98.33499999999698, 2.1349999999992404], [98.32999999999699, 2.1349999999992404], [98.32999999999699, 2.1299999999992396], [98.32499999999699, 2.1299999999992396], [98.32499999999699, 2.1349999999992404], [98.314999999997, 2.1349999999992404], [98.314999999997, 2.139999999999241], [98.32499999999699, 2.139999999999241], [98.32499999999699, 2.144999999999242], [98.319999999997, 2.144999999999242], [98.319999999997, 2.1549999999992435], [98.314999999997, 2.1549999999992435], [98.314999999997, 2.164999999999245], [98.309999999997, 2.164999999999245], [98.309999999997, 2.169999999999246], [98.29999999999701, 2.169999999999246], [98.29999999999701, 2.164999999999245], [98.28999999999702, 2.164999999999245], [98.28999999999702, 2.1599999999992443], [98.27999999999703, 2.1599999999992443], [98.27999999999703, 2.169999999999246], [98.27499999999704, 2.169999999999246], [98.27499999999704, 2.1749999999992466], [98.26499999999704, 2.1749999999992466], [98.26499999999704, 2.1799999999992474], [98.25999999999705, 2.1799999999992474], [98.25999999999705, 2.1749999999992466], [98.25499999999705, 2.1749999999992466], [98.25499999999705, 2.184999999999248], [98.24999999999706, 2.184999999999248], [98.24999999999706, 2.189999999999249], [98.23499999999707, 2.189999999999249], [98.23499999999707, 2.1949999999992498], [98.24499999999706, 2.1949999999992498], [98.24499999999706, 2.209999999999252], [98.23499999999707, 2.209999999999252], [98.23499999999707, 2.214999999999253], [98.22999999999708, 2.214999999999253], [98.22999999999708, 2.2199999999992537], [98.21499999999709, 2.2199999999992537], [98.21499999999709, 2.2299999999992552], [98.2099999999971, 2.2299999999992552], [98.2099999999971, 2.234999999999256], [98.2049999999971, 2.234999999999256], [98.2049999999971, 2.239999999999257], [98.19499999999711, 2.239999999999257], [98.19499999999711, 2.2449999999992576], [98.18499999999712, 2.2449999999992576], [98.18499999999712, 2.234999999999256], [98.17999999999712, 2.234999999999256], [98.17999999999712, 2.2499999999992584], [98.16999999999713, 2.2499999999992584], [98.16999999999713, 2.254999999999259], [98.17999999999712, 2.254999999999259], [98.17999999999712, 2.25999999999926], [98.18499999999712, 2.25999999999926], [98.18499999999712, 2.2749999999992623], [98.17999999999712, 2.2749999999992623], [98.17999999999712, 2.279999999999263], [98.16499999999714, 2.279999999999263], [98.16499999999714, 2.2899999999992646], [98.16999999999713, 2.2899999999992646], [98.16999999999713, 2.284999999999264], [98.17999999999712, 2.284999999999264], [98.17999999999712, 2.2949999999992654], [98.17499999999713, 2.2949999999992654], [98.17499999999713, 2.304999999999267], [98.16499999999714, 2.304999999999267], [98.16499999999714, 2.299999999999266], [98.15999999999714, 2.299999999999266], [98.15999999999714, 2.2649999999992607], [98.16499999999714, 2.2649999999992607], [98.16499999999714, 2.25999999999926], [98.14999999999715, 2.25999999999926], [98.14999999999715, 2.2649999999992607], [98.15499999999714, 2.2649999999992607], [98.15499999999714, 2.284999999999264], [98.14499999999715, 2.284999999999264], [98.14499999999715, 2.279999999999263], [98.14999999999715, 2.279999999999263], [98.14999999999715, 2.2749999999992623], [98.13999999999716, 2.2749999999992623], [98.13999999999716, 2.279999999999263], [98.13499999999716, 2.279999999999263], [98.13499999999716, 2.284999999999264], [98.12999999999717, 2.284999999999264], [98.12999999999717, 2.2949999999992654], [98.13999999999716, 2.2949999999992654], [98.13999999999716, 2.299999999999266], [98.13499999999716, 2.299999999999266], [98.13499999999716, 2.304999999999267], [98.12999999999717, 2.304999999999267], [98.12999999999717, 2.3099999999992678], [98.13999999999716, 2.3099999999992678], [98.13999999999716, 2.3149999999992685], [98.12999999999717, 2.3149999999992685], [98.12999999999717, 2.3199999999992693], [98.12499999999717, 2.3199999999992693], [98.12499999999717, 2.3349999999992717], [98.12999999999717, 2.3349999999992717], [98.12999999999717, 2.329999999999271], [98.13499999999716, 2.329999999999271], [98.13499999999716, 2.32499999999927], [98.13999999999716, 2.32499999999927], [98.13999999999716, 2.329999999999271], [98.14499999999715, 2.329999999999271], [98.14499999999715, 2.3349999999992717], [98.13499999999716, 2.3349999999992717], [98.13499999999716, 2.3399999999992724], [98.12499999999717, 2.3399999999992724], [98.12499999999717, 2.354999999999275], [98.13499999999716, 2.354999999999275], [98.13499999999716, 2.344999999999273], [98.13999999999716, 2.344999999999273], [98.13999999999716, 2.3399999999992724], [98.14999999999715, 2.3399999999992724], [98.14999999999715, 2.3349999999992717], [98.15499999999714, 2.3349999999992717], [98.15499999999714, 2.329999999999271], [98.15999999999714, 2.329999999999271], [98.15999999999714, 2.32499999999927], [98.16999999999713, 2.32499999999927], [98.16999999999713, 2.3399999999992724], [98.16499999999714, 2.3399999999992724], [98.16499999999714, 2.349999999999274], [98.16999999999713, 2.349999999999274], [98.16999999999713, 2.344999999999273], [98.17499999999713, 2.344999999999273], [98.17499999999713, 2.329999999999271], [98.17999999999712, 2.329999999999271], [98.17999999999712, 2.3399999999992724], [98.18499999999712, 2.3399999999992724], [98.18499999999712, 2.3349999999992717], [98.1999999999971, 2.3349999999992717], [98.1999999999971, 2.3399999999992724], [98.19499999999711, 2.3399999999992724], [98.19499999999711, 2.344999999999273], [98.18999999999711, 2.344999999999273], [98.18999999999711, 2.354999999999275], [98.19499999999711, 2.354999999999275], [98.19499999999711, 2.3599999999992756], [98.18999999999711, 2.3599999999992756], [98.18999999999711, 2.3649999999992763], [98.19499999999711, 2.3649999999992763], [98.19499999999711, 2.374999999999278], [98.1999999999971, 2.374999999999278], [98.1999999999971, 2.3799999999992787], [98.2049999999971, 2.3799999999992787], [98.2049999999971, 2.3849999999992795], [98.2099999999971, 2.3849999999992795], [98.2099999999971, 2.374999999999278], [98.21499999999709, 2.374999999999278], [98.21499999999709, 2.3799999999992787], [98.21999999999709, 2.3799999999992787], [98.21999999999709, 2.374999999999278], [98.22999999999708, 2.374999999999278], [98.22999999999708, 2.3799999999992787], [98.23499999999707, 2.3799999999992787]], [[98.22499999999708, 2.3649999999992763], [98.22499999999708, 2.3599999999992756], [98.22999999999708, 2.3599999999992756], [98.22999999999708, 2.3649999999992763], [98.22499999999708, 2.3649999999992763]], [[98.36499999999695, 2.2449999999992576], [98.36999999999695, 2.2449999999992576], [98.36999999999695, 2.2499999999992584], [98.36499999999695, 2.2499999999992584], [98.36499999999695, 2.2449999999992576]], [[98.15999999999714, 2.304999999999267], [98.14999999999715, 2.304999999999267], [98.14999999999715, 2.299999999999266], [98.15999999999714, 2.299999999999266], [98.15999999999714, 2.304999999999267]], [[98.13999999999716, 2.284999999999264], [98.13999999999716, 2.2899999999992646], [98.13499999999716, 2.2899999999992646], [98.13499999999716, 2.284999999999264], [98.13999999999716, 2.284999999999264]], [[98.14499999999715, 2.299999999999266], [98.14499999999715, 2.304999999999267], [98.13999999999716, 2.304999999999267], [98.13999999999716, 2.299999999999266], [98.14499999999715, 2.299999999999266]], [[98.14499999999715, 2.3149999999992685], [98.14499999999715, 2.3199999999992693], [98.13999999999716, 2.3199999999992693], [98.13999999999716, 2.3149999999992685], [98.14499999999715, 2.3149999999992685]], [[98.21499999999709, 2.3649999999992763], [98.21999999999709, 2.3649999999992763], [98.21999999999709, 2.369999999999277], [98.21499999999709, 2.369999999999277], [98.21499999999709, 2.3649999999992763]], [[98.22499999999708, 2.349999999999274], [98.23499999999707, 2.349999999999274], [98.23499999999707, 2.354999999999275], [98.22499999999708, 2.354999999999275], [98.22499999999708, 2.349999999999274]], [[98.23499999999707, 2.3399999999992724], [98.23999999999707, 2.3399999999992724], [98.23999999999707, 2.344999999999273], [98.23499999999707, 2.344999999999273], [98.23499999999707, 2.3399999999992724]], [[98.22499999999708, 2.329999999999271], [98.22999999999708, 2.329999999999271], [98.22999999999708, 2.3349999999992717], [98.22499999999708, 2.3349999999992717], [98.22499999999708, 2.329999999999271]], [[98.2099999999971, 2.2899999999992646], [98.21499999999709, 2.2899999999992646], [98.21499999999709, 2.2949999999992654], [98.2099999999971, 2.2949999999992654], [98.2099999999971, 2.2899999999992646]], [[98.28499999999703, 2.284999999999264], [98.28999999999702, 2.284999999999264], [98.28999999999702, 2.2949999999992654], [98.27499999999704, 2.2949999999992654], [98.27499999999704, 2.279999999999263], [98.26999999999704, 2.279999999999263], [98.26999999999704, 2.2749999999992623], [98.27499999999704, 2.2749999999992623], [98.27499999999704, 2.2699999999992615], [98.27999999999703, 2.2699999999992615], [98.27999999999703, 2.2899999999992646], [98.28499999999703, 2.2899999999992646], [98.28499999999703, 2.284999999999264]], [[98.22999999999708, 2.239999999999257], [98.23499999999707, 2.239999999999257], [98.23499999999707, 2.234999999999256], [98.24499999999706, 2.234999999999256], [98.24499999999706, 2.2299999999992552], [98.26499999999704, 2.2299999999992552], [98.26499999999704, 2.234999999999256], [98.26999999999704, 2.234999999999256], [98.26999999999704, 2.254999999999259], [98.25999999999705, 2.254999999999259], [98.25999999999705, 2.2649999999992607], [98.25499999999705, 2.2649999999992607], [98.25499999999705, 2.2699999999992615], [98.23999999999707, 2.2699999999992615], [98.23999999999707, 2.2649999999992607], [98.22999999999708, 2.2649999999992607], [98.22999999999708, 2.25999999999926], [98.21999999999709, 2.25999999999926], [98.21999999999709, 2.254999999999259], [98.22499999999708, 2.254999999999259], [98.22499999999708, 2.2499999999992584], [98.22999999999708, 2.2499999999992584], [98.22999999999708, 2.239999999999257]], [[98.314999999997, 2.25999999999926], [98.319999999997, 2.25999999999926], [98.319999999997, 2.2649999999992607], [98.314999999997, 2.2649999999992607], [98.314999999997, 2.25999999999926]], [[98.28999999999702, 2.209999999999252], [98.29999999999701, 2.209999999999252], [98.29999999999701, 2.214999999999253], [98.30499999999701, 2.214999999999253], [98.30499999999701, 2.209999999999252], [98.309999999997, 2.209999999999252], [98.309999999997, 2.1999999999992506], [98.30499999999701, 2.1999999999992506], [98.30499999999701, 2.2049999999992513], [98.29999999999701, 2.2049999999992513], [98.29999999999701, 2.1949999999992498], [98.309999999997, 2.1949999999992498], [98.309999999997, 2.189999999999249], [98.314999999997, 2.189999999999249], [98.314999999997, 2.1949999999992498], [98.319999999997, 2.1949999999992498], [98.319999999997, 2.1999999999992506], [98.32499999999699, 2.1999999999992506], [98.32499999999699, 2.214999999999253], [98.32999999999699, 2.214999999999253], [98.32999999999699, 2.2249999999992545], [98.32499999999699, 2.2249999999992545], [98.32499999999699, 2.2199999999992537], [98.309999999997, 2.2199999999992537], [98.309999999997, 2.2249999999992545], [98.314999999997, 2.2249999999992545], [98.314999999997, 2.2299999999992552], [98.309999999997, 2.2299999999992552], [98.309999999997, 2.234999999999256], [98.29999999999701, 2.234999999999256], [98.29999999999701, 2.239999999999257], [98.29499999999702, 2.239999999999257], [98.29499999999702, 2.2299999999992552], [98.29999999999701, 2.2299999999992552], [98.29999999999701, 2.2249999999992545], [98.30499999999701, 2.2249999999992545], [98.30499999999701, 2.2199999999992537], [98.29499999999702, 2.2199999999992537], [98.29499999999702, 2.214999999999253], [98.28999999999702, 2.214999999999253], [98.28999999999702, 2.209999999999252]], [[98.314999999997, 2.184999999999248], [98.319999999997, 2.184999999999248], [98.319999999997, 2.189999999999249], [98.314999999997, 2.189999999999249], [98.314999999997, 2.184999999999248]], [[98.33999999999698, 2.2299999999992552], [98.34499999999697, 2.2299999999992552], [98.34499999999697, 2.234999999999256], [98.33999999999698, 2.234999999999256], [98.33999999999698, 2.2299999999992552]], [[98.34999999999697, 2.2299999999992552], [98.35999999999696, 2.2299999999992552], [98.35999999999696, 2.234999999999256], [98.34999999999697, 2.234999999999256], [98.34999999999697, 2.2299999999992552]], [[98.23999999999707, 2.2199999999992537], [98.24499999999706, 2.2199999999992537], [98.24499999999706, 2.2249999999992545], [98.23999999999707, 2.2249999999992545], [98.23999999999707, 2.2199999999992537]], [[98.34499999999697, 2.184999999999248], [98.34999999999697, 2.184999999999248], [98.34999999999697, 2.189999999999249], [98.36999999999695, 2.189999999999249], [98.36999999999695, 2.209999999999252], [98.36499999999695, 2.209999999999252], [98.36499999999695, 2.2199999999992537], [98.33499999999698, 2.2199999999992537], [98.33499999999698, 2.214999999999253], [98.34999999999697, 2.214999999999253], [98.34999999999697, 2.2049999999992513], [98.35499999999696, 2.2049999999992513], [98.35499999999696, 2.1949999999992498], [98.33999999999698, 2.1949999999992498], [98.33999999999698, 2.1799999999992474], [98.34499999999697, 2.1799999999992474], [98.34499999999697, 2.184999999999248]], [[98.25499999999705, 2.2049999999992513], [98.24999999999706, 2.2049999999992513], [98.24999999999706, 2.1949999999992498], [98.25499999999705, 2.1949999999992498], [98.25499999999705, 2.189999999999249], [98.26999999999704, 2.189999999999249], [98.26999999999704, 2.1949999999992498], [98.25999999999705, 2.1949999999992498], [98.25999999999705, 2.1999999999992506], [98.25499999999705, 2.1999999999992506], [98.25499999999705, 2.2049999999992513]], [[98.26999999999704, 2.1799999999992474], [98.27999999999703, 2.1799999999992474], [98.27999999999703, 2.184999999999248], [98.27499999999704, 2.184999999999248], [98.27499999999704, 2.189999999999249], [98.26999999999704, 2.189999999999249], [98.26999999999704, 2.1799999999992474]], [[98.27999999999703, 2.1749999999992466], [98.28499999999703, 2.1749999999992466], [98.28499999999703, 2.1799999999992474], [98.27999999999703, 2.1799999999992474], [98.27999999999703, 2.1749999999992466]], [[98.36499999999695, 2.169999999999246], [98.36999999999695, 2.169999999999246], [98.36999999999695, 2.1799999999992474], [98.36499999999695, 2.1799999999992474], [98.36499999999695, 2.169999999999246]], [[98.35999999999696, 2.169999999999246], [98.35999999999696, 2.164999999999245], [98.36499999999695, 2.164999999999245], [98.36499999999695, 2.169999999999246], [98.35999999999696, 2.169999999999246]]], [[[98.16499999999714, 2.25999999999926], [98.16999999999713, 2.25999999999926], [98.16999999999713, 2.254999999999259], [98.16499999999714, 2.254999999999259], [98.16499999999714, 2.25999999999926]]], [[[98.33499999999698, 2.2649999999992607], [98.33999999999698, 2.2649999999992607], [98.33999999999698, 2.25999999999926], [98.33499999999698, 2.25999999999926], [98.33499999999698, 2.2649999999992607]]], [[[98.16999999999713, 2.2649999999992607], [98.17499999999713, 2.2649999999992607], [98.17499999999713, 2.25999999999926], [98.16999999999713, 2.25999999999926], [98.16999999999713, 2.2649999999992607]]], [[[98.33499999999698, 2.2699999999992615], [98.33499999999698, 2.2649999999992607], [98.32999999999699, 2.2649999999992607], [98.32999999999699, 2.2699999999992615], [98.33499999999698, 2.2699999999992615]]], [[[98.34999999999697, 2.2749999999992623], [98.34999999999697, 2.2699999999992615], [98.33999999999698, 2.2699999999992615], [98.33999999999698, 2.2749999999992623], [98.34999999999697, 2.2749999999992623]]], [[[98.26499999999704, 2.3349999999992717], [98.26999999999704, 2.3349999999992717], [98.26999999999704, 2.329999999999271], [98.26499999999704, 2.329999999999271], [98.26499999999704, 2.3349999999992717]]], [[[98.18999999999711, 2.344999999999273], [98.18999999999711, 2.3399999999992724], [98.18499999999712, 2.3399999999992724], [98.18499999999712, 2.344999999999273], [98.18999999999711, 2.344999999999273]]], [[[98.16499999999714, 2.369999999999277], [98.16499999999714, 2.3649999999992763], [98.15999999999714, 2.3649999999992763], [98.15999999999714, 2.369999999999277], [98.16499999999714, 2.369999999999277]]], [[[98.12499999999717, 2.374999999999278], [98.12999999999717, 2.374999999999278], [98.12999999999717, 2.3649999999992763], [98.12499999999717, 2.3649999999992763], [98.12499999999717, 2.374999999999278]]], [[[98.11499999999718, 2.399999999999282], [98.11499999999718, 2.4049999999992826], [98.11999999999718, 2.4049999999992826], [98.11999999999718, 2.4099999999992834], [98.12499999999717, 2.4099999999992834], [98.12499999999717, 2.374999999999278], [98.11999999999718, 2.374999999999278], [98.11999999999718, 2.3799999999992787], [98.11499999999718, 2.3799999999992787], [98.11499999999718, 2.3849999999992795], [98.11999999999718, 2.3849999999992795], [98.11999999999718, 2.399999999999282], [98.11499999999718, 2.399999999999282]]], [[[98.2099999999971, 2.4049999999992826], [98.2099999999971, 2.394999999999281], [98.2049999999971, 2.394999999999281], [98.2049999999971, 2.4049999999992826], [98.2099999999971, 2.4049999999992826]]], [[[98.1999999999971, 2.4099999999992834], [98.2049999999971, 2.4099999999992834], [98.2049999999971, 2.4049999999992826], [98.1999999999971, 2.4049999999992826], [98.1999999999971, 2.4099999999992834]]], [[[98.17999999999712, 2.419999999999285], [98.18499999999712, 2.419999999999285], [98.18499999999712, 2.414999999999284], [98.17999999999712, 2.414999999999284], [98.17999999999712, 2.419999999999285]]], [[[98.16999999999713, 2.439999999999288], [98.18499999999712, 2.439999999999288], [98.18499999999712, 2.4349999999992873], [98.17999999999712, 2.4349999999992873], [98.17999999999712, 2.4249999999992857], [98.17499999999713, 2.4249999999992857], [98.17499999999713, 2.4349999999992873], [98.16999999999713, 2.4349999999992873], [98.16999999999713, 2.439999999999288]]], [[[98.16999999999713, 2.444999999999289], [98.16999999999713, 2.439999999999288], [98.16499999999714, 2.439999999999288], [98.16499999999714, 2.444999999999289], [98.16999999999713, 2.444999999999289]]], [[[98.2049999999971, 2.4499999999992896], [98.2049999999971, 2.444999999999289], [98.1999999999971, 2.444999999999289], [98.1999999999971, 2.4499999999992896], [98.2049999999971, 2.4499999999992896]]], [[[98.11499999999718, 2.4999999999992975], [98.12499999999717, 2.4999999999992975], [98.12499999999717, 2.4949999999992967], [98.11499999999718, 2.4949999999992967], [98.11499999999718, 2.4999999999992975]]], [[[98.18999999999711, 2.4999999999992975], [98.19499999999711, 2.4999999999992975], [98.19499999999711, 2.4949999999992967], [98.18999999999711, 2.4949999999992967], [98.18999999999711, 2.4999999999992975]]], [[[98.15499999999714, 2.509999999999299], [98.15999999999714, 2.509999999999299], [98.15999999999714, 2.5049999999992982], [98.15499999999714, 2.5049999999992982], [98.15499999999714, 2.509999999999299]]], [[[98.11999999999718, 2.5249999999993014], [98.11999999999718, 2.5199999999993006], [98.11499999999718, 2.5199999999993006], [98.11499999999718, 2.5249999999993014], [98.11999999999718, 2.5249999999993014]]], [[[98.14499999999715, 2.5249999999993014], [98.14499999999715, 2.529999999999302], [98.14999999999715, 2.529999999999302], [98.14999999999715, 2.534999999999303], [98.15499999999714, 2.534999999999303], [98.15499999999714, 2.5249999999993014], [98.14499999999715, 2.5249999999993014]]], [[[98.15999999999714, 2.534999999999303], [98.16499999999714, 2.534999999999303], [98.16499999999714, 2.529999999999302], [98.15999999999714, 2.529999999999302], [98.15999999999714, 2.534999999999303]]], [[[98.309999999997, 2.5399999999993037], [98.319999999997, 2.5399999999993037], [98.319999999997, 2.534999999999303], [98.309999999997, 2.534999999999303], [98.309999999997, 2.5399999999993037]]], [[[98.34499999999697, 2.534999999999303], [98.33999999999698, 2.534999999999303], [98.33999999999698, 2.5499999999993053], [98.34999999999697, 2.5499999999993053], [98.34999999999697, 2.5449999999993045], [98.35499999999696, 2.5449999999993045], [98.35499999999696, 2.534999999999303], [98.34999999999697, 2.534999999999303], [98.34999999999697, 2.5399999999993037], [98.34499999999697, 2.5399999999993037], [98.34499999999697, 2.534999999999303]]], [[[98.14499999999715, 2.5399999999993037], [98.13999999999716, 2.5399999999993037], [98.13999999999716, 2.5449999999993045], [98.14499999999715, 2.5449999999993045], [98.14499999999715, 2.5399999999993037]]], [[[98.05499999999724, 2.8599999999993537], [98.05499999999724, 2.8449999999993514], [98.05999999999723, 2.8449999999993514], [98.05999999999723, 2.849999999999352], [98.06999999999722, 2.849999999999352], [98.06999999999722, 2.854999999999353], [98.07499999999722, 2.854999999999353], [98.07499999999722, 2.849999999999352], [98.07999999999721, 2.849999999999352], [98.07999999999721, 2.8449999999993514], [98.0949999999972, 2.8449999999993514], [98.0949999999972, 2.8399999999993506], [98.10499999999719, 2.8399999999993506], [98.10499999999719, 2.83499999999935], [98.11499999999718, 2.83499999999935], [98.11499999999718, 2.829999999999349], [98.10999999999719, 2.829999999999349], [98.10999999999719, 2.8149999999993467], [98.11499999999718, 2.8149999999993467], [98.11499999999718, 2.804999999999345], [98.11999999999718, 2.804999999999345], [98.11999999999718, 2.809999999999346], [98.12499999999717, 2.809999999999346], [98.12499999999717, 2.7099999999993303], [98.11999999999718, 2.7099999999993303], [98.11999999999718, 2.714999999999331], [98.10999999999719, 2.714999999999331], [98.10999999999719, 2.7099999999993303], [98.11499999999718, 2.7099999999993303], [98.11499999999718, 2.7049999999993295], [98.10999999999719, 2.7049999999993295], [98.10999999999719, 2.689999999999327], [98.11499999999718, 2.689999999999327], [98.11499999999718, 2.6849999999993264], [98.11999999999718, 2.6849999999993264], [98.11999999999718, 2.689999999999327], [98.12499999999717, 2.689999999999327], [98.12499999999717, 2.669999999999324], [98.11999999999718, 2.669999999999324], [98.11999999999718, 2.674999999999325], [98.11499999999718, 2.674999999999325], [98.11499999999718, 2.669999999999324], [98.10999999999719, 2.669999999999324], [98.10999999999719, 2.674999999999325], [98.10499999999719, 2.674999999999325], [98.10499999999719, 2.669999999999324], [98.0999999999972, 2.669999999999324], [98.0999999999972, 2.6649999999993232], [98.10999999999719, 2.6649999999993232], [98.10999999999719, 2.6549999999993217], [98.11499999999718, 2.6549999999993217], [98.11499999999718, 2.6599999999993225], [98.12499999999717, 2.6599999999993225], [98.12499999999717, 2.64499999999932], [98.11999999999718, 2.64499999999932], [98.11999999999718, 2.6399999999993193], [98.11499999999718, 2.6399999999993193], [98.11499999999718, 2.6349999999993186], [98.12499999999717, 2.6349999999993186], [98.12499999999717, 2.624999999999317], [98.17499999999713, 2.624999999999317], [98.17499999999713, 2.619999999999316], [98.17999999999712, 2.619999999999316], [98.17999999999712, 2.624999999999317], [98.18499999999712, 2.624999999999317], [98.18499999999712, 2.619999999999316], [98.18999999999711, 2.619999999999316], [98.18999999999711, 2.624999999999317], [98.21499999999709, 2.624999999999317], [98.21499999999709, 2.619999999999316], [98.22499999999708, 2.619999999999316], [98.22499999999708, 2.624999999999317], [98.24499999999706, 2.624999999999317], [98.24499999999706, 2.6099999999993146], [98.23999999999707, 2.6099999999993146], [98.23999999999707, 2.599999999999313], [98.26499999999704, 2.599999999999313], [98.26499999999704, 2.5899999999993115], [98.25999999999705, 2.5899999999993115], [98.25999999999705, 2.5849999999993107], [98.26999999999704, 2.5849999999993107], [98.26999999999704, 2.57999999999931], [98.27499999999704, 2.57999999999931], [98.27499999999704, 2.5899999999993115], [98.27999999999703, 2.5899999999993115], [98.27999999999703, 2.5949999999993123], [98.29499999999702, 2.5949999999993123], [98.29499999999702, 2.5899999999993115], [98.28999999999702, 2.5899999999993115], [98.28999999999702, 2.5849999999993107], [98.29499999999702, 2.5849999999993107], [98.29499999999702, 2.57999999999931], [98.30499999999701, 2.57999999999931], [98.30499999999701, 2.574999999999309], [98.309999999997, 2.574999999999309], [98.309999999997, 2.57999999999931], [98.314999999997, 2.57999999999931], [98.314999999997, 2.5699999999993084], [98.28999999999702, 2.5699999999993084], [98.28999999999702, 2.5649999999993076], [98.27499999999704, 2.5649999999993076], [98.27499999999704, 2.559999999999307], [98.26499999999704, 2.559999999999307], [98.26499999999704, 2.554999999999306], [98.25999999999705, 2.554999999999306], [98.25999999999705, 2.559999999999307], [98.24499999999706, 2.559999999999307], [98.24499999999706, 2.5649999999993076], [98.22499999999708, 2.5649999999993076], [98.22499999999708, 2.574999999999309], [98.21999999999709, 2.574999999999309], [98.21999999999709, 2.57999999999931], [98.2099999999971, 2.57999999999931], [98.2099999999971, 2.5699999999993084], [98.1999999999971, 2.5699999999993084], [98.1999999999971, 2.574999999999309], [98.19499999999711, 2.574999999999309], [98.19499999999711, 2.57999999999931], [98.17499999999713, 2.57999999999931], [98.17499999999713, 2.5849999999993107], [98.15999999999714, 2.5849999999993107], [98.15999999999714, 2.604999999999314], [98.15499999999714, 2.604999999999314], [98.15499999999714, 2.6099999999993146], [98.15999999999714, 2.6099999999993146], [98.15999999999714, 2.6149999999993154], [98.14499999999715, 2.6149999999993154], [98.14499999999715, 2.6099999999993146], [98.13999999999716, 2.6099999999993146], [98.13999999999716, 2.6149999999993154], [98.13499999999716, 2.6149999999993154], [98.13499999999716, 2.619999999999316], [98.12499999999717, 2.619999999999316], [98.12499999999717, 2.574999999999309], [98.12999999999717, 2.574999999999309], [98.12999999999717, 2.57999999999931], [98.13999999999716, 2.57999999999931], [98.13999999999716, 2.5699999999993084], [98.14499999999715, 2.5699999999993084], [98.14499999999715, 2.574999999999309], [98.14999999999715, 2.574999999999309], [98.14999999999715, 2.559999999999307], [98.15499999999714, 2.559999999999307], [98.15499999999714, 2.5699999999993084], [98.16499999999714, 2.5699999999993084], [98.16499999999714, 2.5649999999993076], [98.18499999999712, 2.5649999999993076], [98.18499999999712, 2.559999999999307], [98.18999999999711, 2.559999999999307], [98.18999999999711, 2.554999999999306], [98.19499999999711, 2.554999999999306], [98.19499999999711, 2.559999999999307], [98.1999999999971, 2.559999999999307], [98.1999999999971, 2.554999999999306], [98.21499999999709, 2.554999999999306], [98.21499999999709, 2.5499999999993053], [98.22999999999708, 2.5499999999993053], [98.22999999999708, 2.5449999999993045], [98.25499999999705, 2.5449999999993045], [98.25499999999705, 2.5399999999993037], [98.25999999999705, 2.5399999999993037], [98.25999999999705, 2.534999999999303], [98.28999999999702, 2.534999999999303], [98.28999999999702, 2.529999999999302], [98.27499999999704, 2.529999999999302], [98.27499999999704, 2.5199999999993006], [98.29999999999701, 2.5199999999993006], [98.29999999999701, 2.5149999999993], [98.314999999997, 2.5149999999993], [98.314999999997, 2.509999999999299], [98.309999999997, 2.509999999999299], [98.309999999997, 2.4999999999992975], [98.29499999999702, 2.4999999999992975], [98.29499999999702, 2.4949999999992967], [98.28999999999702, 2.4949999999992967], [98.28999999999702, 2.489999999999296], [98.29499999999702, 2.489999999999296], [98.29499999999702, 2.4799999999992943], [98.29999999999701, 2.4799999999992943], [98.29999999999701, 2.4699999999992928], [98.309999999997, 2.4699999999992928], [98.309999999997, 2.484999999999295], [98.314999999997, 2.484999999999295], [98.314999999997, 2.489999999999296], [98.33499999999698, 2.489999999999296], [98.33499999999698, 2.4949999999992967], [98.33999999999698, 2.4949999999992967], [98.33999999999698, 2.4999999999992975], [98.34499999999697, 2.4999999999992975], [98.34499999999697, 2.4949999999992967], [98.34999999999697, 2.4949999999992967], [98.34999999999697, 2.484999999999295], [98.33999999999698, 2.484999999999295], [98.33999999999698, 2.4799999999992943], [98.33499999999698, 2.4799999999992943], [98.33499999999698, 2.4749999999992935], [98.319999999997, 2.4749999999992935], [98.319999999997, 2.459999999999291], [98.32499999999699, 2.459999999999291], [98.32499999999699, 2.4549999999992904], [98.33499999999698, 2.4549999999992904], [98.33499999999698, 2.459999999999291], [98.34499999999697, 2.459999999999291], [98.34499999999697, 2.4699999999992928], [98.36499999999695, 2.4699999999992928], [98.36499999999695, 2.4749999999992935], [98.37499999999694, 2.4749999999992935], [98.37499999999694, 2.439999999999288], [98.36499999999695, 2.439999999999288], [98.36499999999695, 2.4349999999992873], [98.36999999999695, 2.4349999999992873], [98.36999999999695, 2.4299999999992865], [98.37499999999694, 2.4299999999992865], [98.37499999999694, 2.344999999999273], [98.36999999999695, 2.344999999999273], [98.36999999999695, 2.3399999999992724], [98.37499999999694, 2.3399999999992724], [98.37499999999694, 2.2949999999992654], [98.36499999999695, 2.2949999999992654], [98.36499999999695, 2.299999999999266], [98.35499999999696, 2.299999999999266], [98.35499999999696, 2.304999999999267], [98.34999999999697, 2.304999999999267], [98.34999999999697, 2.3099999999992678], [98.34499999999697, 2.3099999999992678], [98.34499999999697, 2.3149999999992685], [98.33999999999698, 2.3149999999992685], [98.33999999999698, 2.3199999999992693], [98.33499999999698, 2.3199999999992693], [98.33499999999698, 2.32499999999927], [98.32999999999699, 2.32499999999927], [98.32999999999699, 2.329999999999271], [98.32499999999699, 2.329999999999271], [98.32499999999699, 2.3349999999992717], [98.314999999997, 2.3349999999992717], [98.314999999997, 2.329999999999271], [98.30499999999701, 2.329999999999271], [98.30499999999701, 2.32499999999927], [98.29499999999702, 2.32499999999927], [98.29499999999702, 2.329999999999271], [98.28999999999702, 2.329999999999271], [98.28999999999702, 2.3199999999992693], [98.28499999999703, 2.3199999999992693], [98.28499999999703, 2.3149999999992685], [98.27999999999703, 2.3149999999992685], [98.27999999999703, 2.3199999999992693], [98.27499999999704, 2.3199999999992693], [98.27499999999704, 2.32499999999927], [98.28499999999703, 2.32499999999927], [98.28499999999703, 2.329999999999271], [98.27499999999704, 2.329999999999271], [98.27499999999704, 2.3349999999992717], [98.26999999999704, 2.3349999999992717], [98.26999999999704, 2.3399999999992724], [98.26499999999704, 2.3399999999992724], [98.26499999999704, 2.3349999999992717], [98.25999999999705, 2.3349999999992717], [98.25999999999705, 2.349999999999274], [98.25499999999705, 2.349999999999274], [98.25499999999705, 2.354999999999275], [98.24999999999706, 2.354999999999275], [98.24999999999706, 2.3599999999992756], [98.24499999999706, 2.3599999999992756], [98.24499999999706, 2.369999999999277], [98.24999999999706, 2.369999999999277], [98.24999999999706, 2.3849999999992795], [98.25999999999705, 2.3849999999992795], [98.25999999999705, 2.3899999999992803], [98.24999999999706, 2.3899999999992803], [98.24999999999706, 2.394999999999281], [98.23999999999707, 2.394999999999281], [98.23999999999707, 2.3899999999992803], [98.22499999999708, 2.3899999999992803], [98.22499999999708, 2.394999999999281], [98.21999999999709, 2.394999999999281], [98.21999999999709, 2.399999999999282], [98.21499999999709, 2.399999999999282], [98.21499999999709, 2.4099999999992834], [98.2099999999971, 2.4099999999992834], [98.2099999999971, 2.414999999999284], [98.2049999999971, 2.414999999999284], [98.2049999999971, 2.419999999999285], [98.2099999999971, 2.419999999999285], [98.2099999999971, 2.4299999999992865], [98.21499999999709, 2.4299999999992865], [98.21499999999709, 2.4349999999992873], [98.2099999999971, 2.4349999999992873], [98.2099999999971, 2.4499999999992896], [98.2049999999971, 2.4499999999992896], [98.2049999999971, 2.4749999999992935], [98.2099999999971, 2.4749999999992935], [98.2099999999971, 2.484999999999295], [98.2049999999971, 2.484999999999295], [98.2049999999971, 2.4949999999992967], [98.1999999999971, 2.4949999999992967], [98.1999999999971, 2.4999999999992975], [98.19499999999711, 2.4999999999992975], [98.19499999999711, 2.5049999999992982], [98.18999999999711, 2.5049999999992982], [98.18999999999711, 2.5149999999993], [98.17999999999712, 2.5149999999993], [98.17999999999712, 2.509999999999299], [98.18499999999712, 2.509999999999299], [98.18499999999712, 2.5049999999992982], [98.16999999999713, 2.5049999999992982], [98.16999999999713, 2.509999999999299], [98.16499999999714, 2.509999999999299], [98.16499999999714, 2.5149999999993], [98.16999999999713, 2.5149999999993], [98.16999999999713, 2.5199999999993006], [98.16499999999714, 2.5199999999993006], [98.16499999999714, 2.5249999999993014], [98.19499999999711, 2.5249999999993014], [98.19499999999711, 2.5199999999993006], [98.2049999999971, 2.5199999999993006], [98.2049999999971, 2.5249999999993014], [98.2099999999971, 2.5249999999993014], [98.2099999999971, 2.534999999999303], [98.21499999999709, 2.534999999999303], [98.21499999999709, 2.529999999999302], [98.21999999999709, 2.529999999999302], [98.21999999999709, 2.5249999999993014], [98.22499999999708, 2.5249999999993014], [98.22499999999708, 2.5199999999993006], [98.22999999999708, 2.5199999999993006], [98.22999999999708, 2.529999999999302], [98.23999999999707, 2.529999999999302], [98.23999999999707, 2.534999999999303], [98.22999999999708, 2.534999999999303], [98.22999999999708, 2.5399999999993037], [98.18499999999712, 2.5399999999993037], [98.18499999999712, 2.534999999999303], [98.16499999999714, 2.534999999999303], [98.16499999999714, 2.5399999999993037], [98.15999999999714, 2.5399999999993037], [98.15999999999714, 2.534999999999303], [98.15499999999714, 2.534999999999303], [98.15499999999714, 2.5449999999993045], [98.14499999999715, 2.5449999999993045], [98.14499999999715, 2.559999999999307], [98.13999999999716, 2.559999999999307], [98.13999999999716, 2.5649999999993076], [98.12499999999717, 2.5649999999993076], [98.12499999999717, 2.559999999999307], [98.11999999999718, 2.559999999999307], [98.11999999999718, 2.5649999999993076], [98.11499999999718, 2.5649999999993076], [98.11499999999718, 2.559999999999307], [98.10999999999719, 2.559999999999307], [98.10999999999719, 2.5699999999993084], [98.10499999999719, 2.5699999999993084], [98.10499999999719, 2.574999999999309], [98.10999999999719, 2.574999999999309], [98.10999999999719, 2.57999999999931], [98.10499999999719, 2.57999999999931], [98.10499999999719, 2.5849999999993107], [98.0949999999972, 2.5849999999993107], [98.0949999999972, 2.599999999999313], [98.0899999999972, 2.599999999999313], [98.0899999999972, 2.5949999999993123], [98.08499999999721, 2.5949999999993123], [98.08499999999721, 2.5899999999993115], [98.07999999999721, 2.5899999999993115], [98.07999999999721, 2.574999999999309], [98.08499999999721, 2.574999999999309], [98.08499999999721, 2.5699999999993084], [98.07999999999721, 2.5699999999993084], [98.07999999999721, 2.5649999999993076], [98.08499999999721, 2.5649999999993076], [98.08499999999721, 2.554999999999306], [98.07999999999721, 2.554999999999306], [98.07999999999721, 2.559999999999307], [98.07499999999722, 2.559999999999307], [98.07499999999722, 2.5499999999993053], [98.06999999999722, 2.5499999999993053], [98.06999999999722, 2.559999999999307], [98.06499999999723, 2.559999999999307], [98.06499999999723, 2.554999999999306], [98.05499999999724, 2.554999999999306], [98.05499999999724, 2.559999999999307], [98.05999999999723, 2.559999999999307], [98.05999999999723, 2.5699999999993084], [98.04499999999724, 2.5699999999993084], [98.04499999999724, 2.5649999999993076], [98.03999999999725, 2.5649999999993076], [98.03999999999725, 2.559999999999307], [98.03499999999725, 2.559999999999307], [98.03499999999725, 2.574999999999309], [98.04499999999724, 2.574999999999309], [98.04499999999724, 2.57999999999931], [98.04999999999724, 2.57999999999931], [98.04999999999724, 2.5849999999993107], [98.05999999999723, 2.5849999999993107], [98.05999999999723, 2.57999999999931], [98.06499999999723, 2.57999999999931], [98.06499999999723, 2.5849999999993107], [98.06999999999722, 2.5849999999993107], [98.06999999999722, 2.599999999999313], [98.07499999999722, 2.599999999999313], [98.07499999999722, 2.604999999999314], [98.06999999999722, 2.604999999999314], [98.06999999999722, 2.6149999999993154], [98.06499999999723, 2.6149999999993154], [98.06499999999723, 2.624999999999317], [98.06999999999722, 2.624999999999317], [98.06999999999722, 2.6399999999993193], [98.07499999999722, 2.6399999999993193], [98.07499999999722, 2.64499999999932], [98.06999999999722, 2.64499999999932], [98.06999999999722, 2.649999999999321], [98.06499999999723, 2.649999999999321], [98.06499999999723, 2.6549999999993217], [98.06999999999722, 2.6549999999993217], [98.06999999999722, 2.6599999999993225], [98.05999999999723, 2.6599999999993225], [98.05999999999723, 2.669999999999324], [98.06499999999723, 2.669999999999324], [98.06499999999723, 2.6849999999993264], [98.06999999999722, 2.6849999999993264], [98.06999999999722, 2.689999999999327], [98.07999999999721, 2.689999999999327], [98.07999999999721, 2.6849999999993264], [98.07499999999722, 2.6849999999993264], [98.07499999999722, 2.6799999999993256], [98.08499999999721, 2.6799999999993256], [98.08499999999721, 2.6849999999993264], [98.0949999999972, 2.6849999999993264], [98.0949999999972, 2.689999999999327], [98.0899999999972, 2.689999999999327], [98.0899999999972, 2.694999999999328], [98.08499999999721, 2.694999999999328], [98.08499999999721, 2.6999999999993287], [98.07999999999721, 2.6999999999993287], [98.07999999999721, 2.694999999999328], [98.07499999999722, 2.694999999999328], [98.07499999999722, 2.7049999999993295], [98.06999999999722, 2.7049999999993295], [98.06999999999722, 2.7099999999993303], [98.08499999999721, 2.7099999999993303], [98.08499999999721, 2.719999999999332], [98.07499999999722, 2.719999999999332], [98.07499999999722, 2.714999999999331], [98.06999999999722, 2.714999999999331], [98.06999999999722, 2.719999999999332], [98.06499999999723, 2.719999999999332], [98.06499999999723, 2.7249999999993326], [98.04999999999724, 2.7249999999993326], [98.04999999999724, 2.719999999999332], [98.04499999999724, 2.719999999999332], [98.04499999999724, 2.714999999999331], [98.04999999999724, 2.714999999999331], [98.04999999999724, 2.7099999999993303], [98.05499999999724, 2.7099999999993303], [98.05499999999724, 2.7049999999993295], [98.04499999999724, 2.7049999999993295], [98.04499999999724, 2.7099999999993303], [98.03999999999725, 2.7099999999993303], [98.03999999999725, 2.7249999999993326], [98.04499999999724, 2.7249999999993326], [98.04499999999724, 2.734999999999334], [98.04999999999724, 2.734999999999334], [98.04999999999724, 2.739999999999335], [98.05499999999724, 2.739999999999335], [98.05499999999724, 2.7499999999993365], [98.04499999999724, 2.7499999999993365], [98.04499999999724, 2.7549999999993373], [98.03999999999725, 2.7549999999993373], [98.03999999999725, 2.759999999999338], [98.02499999999726, 2.759999999999338], [98.02499999999726, 2.7549999999993373], [98.01999999999727, 2.7549999999993373], [98.01999999999727, 2.764999999999339], [98.02999999999726, 2.764999999999339], [98.02999999999726, 2.7699999999993397], [98.03499999999725, 2.7699999999993397], [98.03499999999725, 2.7749999999993404], [98.01999999999727, 2.7749999999993404], [98.01999999999727, 2.779999999999341], [98.02499999999726, 2.779999999999341], [98.02499999999726, 2.784999999999342], [98.01499999999727, 2.784999999999342], [98.01499999999727, 2.789999999999343], [98.02499999999726, 2.789999999999343], [98.02499999999726, 2.7999999999993443], [98.01499999999727, 2.7999999999993443], [98.01499999999727, 2.7949999999993436], [98.00999999999728, 2.7949999999993436], [98.00999999999728, 2.7999999999993443], [98.00499999999728, 2.7999999999993443], [98.00499999999728, 2.804999999999345], [97.99999999999729, 2.804999999999345], [97.99999999999729, 2.7949999999993436], [97.99499999999729, 2.7949999999993436], [97.99499999999729, 2.789999999999343], [97.99999999999729, 2.789999999999343], [97.99999999999729, 2.7749999999993404], [97.99499999999729, 2.7749999999993404], [97.99499999999729, 2.779999999999341], [97.9899999999973, 2.779999999999341], [97.9899999999973, 2.809999999999346], [97.9849999999973, 2.809999999999346], [97.9849999999973, 2.8199999999993475], [97.9899999999973, 2.8199999999993475], [97.9899999999973, 2.8149999999993467], [97.99499999999729, 2.8149999999993467], [97.99499999999729, 2.8249999999993483], [97.9899999999973, 2.8249999999993483], [97.9899999999973, 2.83499999999935], [97.99499999999729, 2.83499999999935], [97.99499999999729, 2.8399999999993506], [97.9899999999973, 2.8399999999993506], [97.9899999999973, 2.8599999999993537], [97.9849999999973, 2.8599999999993537], [97.9849999999973, 2.8649999999993545], [97.9799999999973, 2.8649999999993545], [97.9799999999973, 2.854999999999353], [97.96499999999732, 2.854999999999353], [97.96499999999732, 2.8599999999993537], [97.95999999999732, 2.8599999999993537], [97.95999999999732, 2.849999999999352], [97.96999999999731, 2.849999999999352], [97.96999999999731, 2.8449999999993514], [97.97499999999731, 2.8449999999993514], [97.97499999999731, 2.8399999999993506], [97.9849999999973, 2.8399999999993506], [97.9849999999973, 2.83499999999935], [97.9799999999973, 2.83499999999935], [97.9799999999973, 2.829999999999349], [97.97499999999731, 2.829999999999349], [97.97499999999731, 2.83499999999935], [97.96999999999731, 2.83499999999935], [97.96999999999731, 2.8399999999993506], [97.96499999999732, 2.8399999999993506], [97.96499999999732, 2.83499999999935], [97.95499999999733, 2.83499999999935], [97.95499999999733, 2.8449999999993514], [97.94999999999733, 2.8449999999993514], [97.94999999999733, 2.849999999999352], [97.95499999999733, 2.849999999999352], [97.95499999999733, 2.8599999999993537], [97.94999999999733, 2.8599999999993537], [97.94999999999733, 2.854999999999353], [97.94499999999734, 2.854999999999353], [97.94499999999734, 2.849999999999352], [97.93999999999734, 2.849999999999352], [97.93999999999734, 2.8649999999993545], [97.95499999999733, 2.8649999999993545], [97.95499999999733, 2.8699999999993553], [97.94999999999733, 2.8699999999993553], [97.94999999999733, 2.874999999999356], [97.9799999999973, 2.874999999999356], [97.9799999999973, 2.8699999999993553], [97.9849999999973, 2.8699999999993553], [97.9849999999973, 2.874999999999356], [98.04999999999724, 2.874999999999356], [98.04999999999724, 2.8699999999993553], [98.03999999999725, 2.8699999999993553], [98.03999999999725, 2.8599999999993537], [98.05499999999724, 2.8599999999993537]], [[98.0999999999972, 2.6349999999993186], [98.0999999999972, 2.624999999999317], [98.10999999999719, 2.624999999999317], [98.10999999999719, 2.6299999999993178], [98.11499999999718, 2.6299999999993178], [98.11499999999718, 2.6349999999993186], [98.0999999999972, 2.6349999999993186]], [[98.2099999999971, 2.5849999999993107], [98.2049999999971, 2.5849999999993107], [98.2049999999971, 2.57999999999931], [98.2099999999971, 2.57999999999931], [98.2099999999971, 2.5849999999993107]], [[98.36499999999695, 2.444999999999289], [98.35999999999696, 2.444999999999289], [98.35999999999696, 2.439999999999288], [98.36499999999695, 2.439999999999288], [98.36499999999695, 2.444999999999289]], [[98.36999999999695, 2.349999999999274], [98.36499999999695, 2.349999999999274], [98.36499999999695, 2.344999999999273], [98.36999999999695, 2.344999999999273], [98.36999999999695, 2.349999999999274]], [[98.25999999999705, 2.3799999999992787], [98.26499999999704, 2.3799999999992787], [98.26499999999704, 2.3849999999992795], [98.25999999999705, 2.3849999999992795], [98.25999999999705, 2.3799999999992787]], [[98.21999999999709, 2.484999999999295], [98.21999999999709, 2.489999999999296], [98.22999999999708, 2.489999999999296], [98.22999999999708, 2.4799999999992943], [98.23999999999707, 2.4799999999992943], [98.23999999999707, 2.484999999999295], [98.24999999999706, 2.484999999999295], [98.24999999999706, 2.489999999999296], [98.23499999999707, 2.489999999999296], [98.23499999999707, 2.4949999999992967], [98.22999999999708, 2.4949999999992967], [98.22999999999708, 2.4999999999992975], [98.22499999999708, 2.4999999999992975], [98.22499999999708, 2.4949999999992967], [98.2099999999971, 2.4949999999992967], [98.2099999999971, 2.484999999999295], [98.21999999999709, 2.484999999999295]], [[98.06499999999723, 2.5699999999993084], [98.06999999999722, 2.5699999999993084], [98.06999999999722, 2.57999999999931], [98.06499999999723, 2.57999999999931], [98.06499999999723, 2.5699999999993084]], [[98.06999999999722, 2.5649999999993076], [98.07499999999722, 2.5649999999993076], [98.07499999999722, 2.5699999999993084], [98.06999999999722, 2.5699999999993084], [98.06999999999722, 2.5649999999993076]], [[98.07499999999722, 2.5949999999993123], [98.07999999999721, 2.5949999999993123], [98.07999999999721, 2.599999999999313], [98.07499999999722, 2.599999999999313], [98.07499999999722, 2.5949999999993123]], [[98.06999999999722, 2.7249999999993326], [98.06999999999722, 2.734999999999334], [98.06499999999723, 2.734999999999334], [98.06499999999723, 2.7249999999993326], [98.06999999999722, 2.7249999999993326]], [[97.99499999999729, 2.809999999999346], [97.99999999999729, 2.809999999999346], [97.99999999999729, 2.8149999999993467], [97.99499999999729, 2.8149999999993467], [97.99499999999729, 2.809999999999346]], [[97.96499999999732, 2.8449999999993514], [97.95999999999732, 2.8449999999993514], [97.95999999999732, 2.8399999999993506], [97.96499999999732, 2.8399999999993506], [97.96499999999732, 2.8449999999993514]], [[98.05499999999724, 2.7699999999993397], [98.05999999999723, 2.7699999999993397], [98.05999999999723, 2.7749999999993404], [98.05499999999724, 2.7749999999993404], [98.05499999999724, 2.7699999999993397]], [[98.05999999999723, 2.7449999999993357], [98.06499999999723, 2.7449999999993357], [98.06499999999723, 2.7499999999993365], [98.05999999999723, 2.7499999999993365], [98.05999999999723, 2.7449999999993357]], [[98.0949999999972, 2.7049999999993295], [98.0999999999972, 2.7049999999993295], [98.0999999999972, 2.7099999999993303], [98.0949999999972, 2.7099999999993303], [98.0949999999972, 2.7049999999993295]], [[98.07499999999722, 2.6649999999993232], [98.07999999999721, 2.6649999999993232], [98.07999999999721, 2.669999999999324], [98.07499999999722, 2.669999999999324], [98.07499999999722, 2.6649999999993232]], [[98.07499999999722, 2.6549999999993217], [98.07999999999721, 2.6549999999993217], [98.07999999999721, 2.6599999999993225], [98.07499999999722, 2.6599999999993225], [98.07499999999722, 2.6549999999993217]], [[98.07499999999722, 2.6299999999993178], [98.07999999999721, 2.6299999999993178], [98.07999999999721, 2.6349999999993186], [98.07499999999722, 2.6349999999993186], [98.07499999999722, 2.6299999999993178]], [[98.16499999999714, 2.604999999999314], [98.16999999999713, 2.604999999999314], [98.16999999999713, 2.6149999999993154], [98.16499999999714, 2.6149999999993154], [98.16499999999714, 2.604999999999314]], [[98.0999999999972, 2.599999999999313], [98.10499999999719, 2.599999999999313], [98.10499999999719, 2.604999999999314], [98.0999999999972, 2.604999999999314], [98.0999999999972, 2.599999999999313]], [[98.2099999999971, 2.599999999999313], [98.21999999999709, 2.599999999999313], [98.21999999999709, 2.604999999999314], [98.2099999999971, 2.604999999999314], [98.2099999999971, 2.599999999999313]], [[98.16499999999714, 2.5949999999993123], [98.16999999999713, 2.5949999999993123], [98.16999999999713, 2.599999999999313], [98.16499999999714, 2.599999999999313], [98.16499999999714, 2.5949999999993123]], [[98.21499999999709, 2.5899999999993115], [98.21999999999709, 2.5899999999993115], [98.21999999999709, 2.5949999999993123], [98.21499999999709, 2.5949999999993123], [98.21499999999709, 2.5899999999993115]], [[98.22999999999708, 2.5899999999993115], [98.23499999999707, 2.5899999999993115], [98.23499999999707, 2.5949999999993123], [98.22999999999708, 2.5949999999993123], [98.22999999999708, 2.5899999999993115]], [[98.22999999999708, 2.57999999999931], [98.24499999999706, 2.57999999999931], [98.24499999999706, 2.5849999999993107], [98.22999999999708, 2.5849999999993107], [98.22999999999708, 2.57999999999931]], [[98.24499999999706, 2.574999999999309], [98.24999999999706, 2.574999999999309], [98.24999999999706, 2.57999999999931], [98.24499999999706, 2.57999999999931], [98.24499999999706, 2.574999999999309]], [[98.25499999999705, 2.57999999999931], [98.25499999999705, 2.5849999999993107], [98.24999999999706, 2.5849999999993107], [98.24999999999706, 2.57999999999931], [98.25499999999705, 2.57999999999931]], [[98.15999999999714, 2.554999999999306], [98.16499999999714, 2.554999999999306], [98.16499999999714, 2.559999999999307], [98.15999999999714, 2.559999999999307], [98.15999999999714, 2.554999999999306]], [[98.28499999999703, 2.509999999999299], [98.28999999999702, 2.509999999999299], [98.28999999999702, 2.5149999999993], [98.28499999999703, 2.5149999999993], [98.28499999999703, 2.509999999999299]], [[98.28999999999702, 2.4799999999992943], [98.28499999999703, 2.4799999999992943], [98.28499999999703, 2.484999999999295], [98.27999999999703, 2.484999999999295], [98.27999999999703, 2.5049999999992982], [98.27499999999704, 2.5049999999992982], [98.27499999999704, 2.4949999999992967], [98.26999999999704, 2.4949999999992967], [98.26999999999704, 2.489999999999296], [98.27499999999704, 2.489999999999296], [98.27499999999704, 2.4749999999992935], [98.28499999999703, 2.4749999999992935], [98.28499999999703, 2.4699999999992928], [98.28999999999702, 2.4699999999992928], [98.28999999999702, 2.4799999999992943]], [[98.24999999999706, 2.4949999999992967], [98.25499999999705, 2.4949999999992967], [98.25499999999705, 2.4999999999992975], [98.24999999999706, 2.4999999999992975], [98.24999999999706, 2.4949999999992967]], [[98.23999999999707, 2.4699999999992928], [98.24999999999706, 2.4699999999992928], [98.24999999999706, 2.4749999999992935], [98.23999999999707, 2.4749999999992935], [98.23999999999707, 2.4699999999992928]], [[98.27499999999704, 2.4249999999992857], [98.26999999999704, 2.4249999999992857], [98.26999999999704, 2.4349999999992873], [98.26499999999704, 2.4349999999992873], [98.26499999999704, 2.4249999999992857], [98.25999999999705, 2.4249999999992857], [98.25999999999705, 2.4349999999992873], [98.25499999999705, 2.4349999999992873], [98.25499999999705, 2.439999999999288], [98.25999999999705, 2.439999999999288], [98.25999999999705, 2.444999999999289], [98.24999999999706, 2.444999999999289], [98.24999999999706, 2.4499999999992896], [98.23999999999707, 2.4499999999992896], [98.23999999999707, 2.444999999999289], [98.24499999999706, 2.444999999999289], [98.24499999999706, 2.4349999999992873], [98.24999999999706, 2.4349999999992873], [98.24999999999706, 2.419999999999285], [98.25499999999705, 2.419999999999285], [98.25499999999705, 2.414999999999284], [98.28499999999703, 2.414999999999284], [98.28499999999703, 2.419999999999285], [98.29499999999702, 2.419999999999285], [98.29499999999702, 2.4099999999992834], [98.28999999999702, 2.4099999999992834], [98.28999999999702, 2.399999999999282], [98.29499999999702, 2.399999999999282], [98.29499999999702, 2.3849999999992795], [98.30499999999701, 2.3849999999992795], [98.30499999999701, 2.3799999999992787], [98.309999999997, 2.3799999999992787], [98.309999999997, 2.374999999999278], [98.314999999997, 2.374999999999278], [98.314999999997, 2.394999999999281], [98.319999999997, 2.394999999999281], [98.319999999997, 2.4049999999992826], [98.314999999997, 2.4049999999992826], [98.314999999997, 2.419999999999285], [98.32499999999699, 2.419999999999285], [98.32499999999699, 2.399999999999282], [98.32999999999699, 2.399999999999282], [98.32999999999699, 2.394999999999281], [98.33499999999698, 2.394999999999281], [98.33499999999698, 2.399999999999282], [98.33999999999698, 2.399999999999282], [98.33999999999698, 2.4049999999992826], [98.33499999999698, 2.4049999999992826], [98.33499999999698, 2.414999999999284], [98.34999999999697, 2.414999999999284], [98.34999999999697, 2.4049999999992826], [98.35999999999696, 2.4049999999992826], [98.35999999999696, 2.399999999999282], [98.36499999999695, 2.399999999999282], [98.36499999999695, 2.4099999999992834], [98.36999999999695, 2.4099999999992834], [98.36999999999695, 2.414999999999284], [98.35999999999696, 2.414999999999284], [98.35999999999696, 2.419999999999285], [98.35499999999696, 2.419999999999285], [98.35499999999696, 2.4299999999992865], [98.34999999999697, 2.4299999999992865], [98.34999999999697, 2.4249999999992857], [98.33499999999698, 2.4249999999992857], [98.33499999999698, 2.4349999999992873], [98.32999999999699, 2.4349999999992873], [98.32999999999699, 2.439999999999288], [98.32499999999699, 2.439999999999288], [98.32499999999699, 2.444999999999289], [98.319999999997, 2.444999999999289], [98.319999999997, 2.4349999999992873], [98.32499999999699, 2.4349999999992873], [98.32499999999699, 2.4249999999992857], [98.319999999997, 2.4249999999992857], [98.319999999997, 2.4299999999992865], [98.314999999997, 2.4299999999992865], [98.314999999997, 2.4249999999992857], [98.309999999997, 2.4249999999992857], [98.309999999997, 2.4299999999992865], [98.29999999999701, 2.4299999999992865], [98.29999999999701, 2.4349999999992873], [98.28999999999702, 2.4349999999992873], [98.28999999999702, 2.444999999999289], [98.27999999999703, 2.444999999999289], [98.27999999999703, 2.4499999999992896], [98.27499999999704, 2.4499999999992896], [98.27499999999704, 2.4699999999992928], [98.26999999999704, 2.4699999999992928], [98.26999999999704, 2.4749999999992935], [98.26499999999704, 2.4749999999992935], [98.26499999999704, 2.459999999999291], [98.26999999999704, 2.459999999999291], [98.26999999999704, 2.4549999999992904], [98.26499999999704, 2.4549999999992904], [98.26499999999704, 2.4499999999992896], [98.26999999999704, 2.4499999999992896], [98.26999999999704, 2.444999999999289], [98.27499999999704, 2.444999999999289], [98.27499999999704, 2.4249999999992857]], [[98.24499999999706, 2.419999999999285], [98.24499999999706, 2.4299999999992865], [98.23999999999707, 2.4299999999992865], [98.23999999999707, 2.4349999999992873], [98.22999999999708, 2.4349999999992873], [98.22999999999708, 2.4299999999992865], [98.23499999999707, 2.4299999999992865], [98.23499999999707, 2.419999999999285], [98.23999999999707, 2.419999999999285], [98.23999999999707, 2.414999999999284], [98.24499999999706, 2.414999999999284], [98.24499999999706, 2.4049999999992826], [98.24999999999706, 2.4049999999992826], [98.24999999999706, 2.419999999999285], [98.24499999999706, 2.419999999999285]], [[98.26499999999704, 2.444999999999289], [98.26499999999704, 2.439999999999288], [98.26999999999704, 2.439999999999288], [98.26999999999704, 2.444999999999289], [98.26499999999704, 2.444999999999289]], [[98.28499999999703, 2.4499999999992896], [98.28999999999702, 2.4499999999992896], [98.28999999999702, 2.4549999999992904], [98.28499999999703, 2.4549999999992904], [98.28499999999703, 2.4499999999992896]], [[98.21499999999709, 2.444999999999289], [98.21999999999709, 2.444999999999289], [98.21999999999709, 2.4499999999992896], [98.21499999999709, 2.4499999999992896], [98.21499999999709, 2.444999999999289]]], [[[98.14499999999715, 2.599999999999313], [98.14999999999715, 2.599999999999313], [98.14999999999715, 2.5949999999993123], [98.13999999999716, 2.5949999999993123], [98.13999999999716, 2.604999999999314], [98.14499999999715, 2.604999999999314], [98.14499999999715, 2.599999999999313]]], [[[101.3949999999942, -2.320000000001456], [101.3949999999942, -2.325000000001457], [101.3899999999942, -2.325000000001457], [101.3899999999942, -2.320000000001456], [101.3949999999942, -2.320000000001456]]], [[[101.3999999999942, -2.210000000001439], [101.3999999999942, -2.2150000000014396], [101.3949999999942, -2.2150000000014396], [101.3949999999942, -2.210000000001439], [101.3999999999942, -2.210000000001439]]], [[[101.37499999999422, -2.2000000000014373], [101.37999999999421, -2.2000000000014373], [101.37999999999421, -2.210000000001439], [101.37499999999422, -2.210000000001439], [101.37499999999422, -2.2000000000014373]]], [[[98.76499999999659, -1.335000000001302], [98.76499999999659, -1.3400000000013028], [98.7599999999966, -1.3400000000013028], [98.7599999999966, -1.335000000001302], [98.76499999999659, -1.335000000001302]]], [[[98.81999999999654, -1.335000000001302], [98.81999999999654, -1.3400000000013028], [98.81499999999654, -1.3400000000013028], [98.81499999999654, -1.335000000001302], [98.81999999999654, -1.335000000001302]]], [[[98.70499999999664, -1.3250000000013005], [98.70999999999664, -1.3250000000013005], [98.70999999999664, -1.335000000001302], [98.70499999999664, -1.335000000001302], [98.70499999999664, -1.3250000000013005]]], [[[98.70499999999664, -1.3250000000013005], [98.69999999999665, -1.3250000000013005], [98.69999999999665, -1.3200000000012997], [98.70499999999664, -1.3200000000012997], [98.70499999999664, -1.3250000000013005]]], [[[98.71499999999664, -1.3200000000012997], [98.72499999999663, -1.3200000000012997], [98.72499999999663, -1.3250000000013005], [98.71499999999664, -1.3250000000013005], [98.71499999999664, -1.3200000000012997]]], [[[98.73499999999662, -1.315000000001299], [98.73499999999662, -1.3200000000012997], [98.72999999999662, -1.3200000000012997], [98.72999999999662, -1.315000000001299], [98.73499999999662, -1.315000000001299]]], [[[98.68999999999666, -1.3050000000012973], [98.68999999999666, -1.3000000000012966], [98.69499999999665, -1.3000000000012966], [98.69499999999665, -1.2950000000012958], [98.69999999999665, -1.2950000000012958], [98.69999999999665, -1.3000000000012966], [98.70499999999664, -1.3000000000012966], [98.70499999999664, -1.3050000000012973], [98.71499999999664, -1.3050000000012973], [98.71499999999664, -1.3100000000012981], [98.69999999999665, -1.3100000000012981], [98.69999999999665, -1.3050000000012973], [98.68999999999666, -1.3050000000012973]]], [[[98.70499999999664, -1.290000000001295], [98.70499999999664, -1.2950000000012958], [98.69999999999665, -1.2950000000012958], [98.69999999999665, -1.290000000001295], [98.70499999999664, -1.290000000001295]]], [[[98.70999999999664, -1.2850000000012942], [98.70999999999664, -1.290000000001295], [98.70499999999664, -1.290000000001295], [98.70499999999664, -1.2850000000012942], [98.70999999999664, -1.2850000000012942]]], [[[98.69999999999665, -1.2850000000012942], [98.69999999999665, -1.2800000000012934], [98.70499999999664, -1.2800000000012934], [98.70499999999664, -1.2850000000012942], [98.69999999999665, -1.2850000000012942]]], [[[98.69499999999665, -1.2750000000012927], [98.69999999999665, -1.2750000000012927], [98.69999999999665, -1.2800000000012934], [98.69499999999665, -1.2800000000012934], [98.69499999999665, -1.2750000000012927]]], [[[98.76999999999659, -1.2750000000012927], [98.76999999999659, -1.2800000000012934], [98.76499999999659, -1.2800000000012934], [98.76499999999659, -1.2750000000012927], [98.76999999999659, -1.2750000000012927]]], [[[98.7599999999966, -1.2750000000012927], [98.7599999999966, -1.2700000000012919], [98.76499999999659, -1.2700000000012919], [98.76499999999659, -1.2750000000012927], [98.7599999999966, -1.2750000000012927]]], [[[98.7549999999966, -1.265000000001291], [98.7599999999966, -1.265000000001291], [98.7599999999966, -1.2700000000012919], [98.7549999999966, -1.2700000000012919], [98.7549999999966, -1.265000000001291]]], [[[98.8599999999965, -1.265000000001291], [98.8649999999965, -1.265000000001291], [98.8649999999965, -1.2700000000012919], [98.8599999999965, -1.2700000000012919], [98.8599999999965, -1.265000000001291]]], [[[98.68999999999666, -1.265000000001291], [98.69499999999665, -1.265000000001291], [98.69499999999665, -1.2700000000012919], [98.68999999999666, -1.2700000000012919], [98.68999999999666, -1.265000000001291]]], [[[98.80999999999655, -1.2550000000012895], [98.80999999999655, -1.2600000000012903], [98.80499999999655, -1.2600000000012903], [98.80499999999655, -1.2550000000012895], [98.80999999999655, -1.2550000000012895]]], [[[98.74499999999661, -1.2550000000012895], [98.74499999999661, -1.2600000000012903], [98.73999999999661, -1.2600000000012903], [98.73999999999661, -1.2550000000012895], [98.74499999999661, -1.2550000000012895]]], [[[98.84999999999651, -1.2500000000012887], [98.85499999999651, -1.2500000000012887], [98.85499999999651, -1.2550000000012895], [98.84999999999651, -1.2550000000012895], [98.84999999999651, -1.2500000000012887]]], [[[98.65999999999669, -1.2500000000012887], [98.65999999999669, -1.2550000000012895], [98.65499999999669, -1.2550000000012895], [98.65499999999669, -1.2500000000012887], [98.65999999999669, -1.2500000000012887]]], [[[98.80999999999655, -1.245000000001288], [98.80999999999655, -1.2500000000012887], [98.80499999999655, -1.2500000000012887], [98.80499999999655, -1.245000000001288], [98.80999999999655, -1.245000000001288]]], [[[98.72499999999663, -1.2400000000012872], [98.72999999999662, -1.2400000000012872], [98.72999999999662, -1.245000000001288], [98.72499999999663, -1.245000000001288], [98.72499999999663, -1.2400000000012872]]], [[[98.8699999999965, -1.2300000000012856], [98.8699999999965, -1.2350000000012864], [98.8649999999965, -1.2350000000012864], [98.8649999999965, -1.2300000000012856], [98.8699999999965, -1.2300000000012856]]], [[[98.74499999999661, -1.2300000000012856], [98.74499999999661, -1.2350000000012864], [98.73999999999661, -1.2350000000012864], [98.73999999999661, -1.2300000000012856], [98.74499999999661, -1.2300000000012856]]], [[[98.72499999999663, -1.2300000000012856], [98.72999999999662, -1.2300000000012856], [98.72999999999662, -1.2350000000012864], [98.72499999999663, -1.2350000000012864], [98.72499999999663, -1.2300000000012856]]], [[[98.78499999999657, -1.2300000000012856], [98.78999999999657, -1.2300000000012856], [98.78999999999657, -1.2350000000012864], [98.78499999999657, -1.2350000000012864], [98.78499999999657, -1.2300000000012856]]], [[[98.83999999999652, -1.2250000000012848], [98.83999999999652, -1.2300000000012856], [98.83499999999653, -1.2300000000012856], [98.83499999999653, -1.2250000000012848], [98.83999999999652, -1.2250000000012848]]], [[[98.79999999999656, -1.220000000001284], [98.79999999999656, -1.2250000000012848], [98.79499999999656, -1.2250000000012848], [98.79499999999656, -1.220000000001284], [98.79999999999656, -1.220000000001284]]], [[[98.84499999999652, -1.220000000001284], [98.84499999999652, -1.2250000000012848], [98.83999999999652, -1.2250000000012848], [98.83999999999652, -1.220000000001284], [98.84499999999652, -1.220000000001284]]], [[[98.76999999999659, -1.2150000000012833], [98.77499999999658, -1.2150000000012833], [98.77499999999658, -1.220000000001284], [98.76999999999659, -1.220000000001284], [98.76999999999659, -1.2150000000012833]]], [[[98.80499999999655, -1.2050000000012817], [98.80999999999655, -1.2050000000012817], [98.80999999999655, -1.2100000000012825], [98.80499999999655, -1.2100000000012825], [98.80499999999655, -1.2050000000012817]]], [[[98.82499999999654, -1.2050000000012817], [98.82999999999653, -1.2050000000012817], [98.82999999999653, -1.2100000000012825], [98.82499999999654, -1.2100000000012825], [98.82499999999654, -1.2050000000012817]]], [[[98.76999999999659, -1.2050000000012817], [98.76999999999659, -1.2100000000012825], [98.76499999999659, -1.2100000000012825], [98.76499999999659, -1.2050000000012817], [98.76999999999659, -1.2050000000012817]]], [[[98.71999999999663, -1.1950000000012801], [98.71999999999663, -1.200000000001281], [98.71499999999664, -1.200000000001281], [98.71499999999664, -1.1950000000012801], [98.71999999999663, -1.1950000000012801]]], [[[98.76499999999659, -1.1950000000012801], [98.76999999999659, -1.1950000000012801], [98.76999999999659, -1.200000000001281], [98.76499999999659, -1.200000000001281], [98.76499999999659, -1.1950000000012801]]], [[[98.7549999999966, -1.1700000000012762], [98.7599999999966, -1.1700000000012762], [98.7599999999966, -1.175000000001277], [98.7549999999966, -1.175000000001277], [98.7549999999966, -1.1700000000012762]]], [[[98.7499999999966, -1.1800000000012778], [98.74499999999661, -1.1800000000012778], [98.74499999999661, -1.1700000000012762], [98.73999999999661, -1.1700000000012762], [98.73999999999661, -1.1650000000012755], [98.73499999999662, -1.1650000000012755], [98.73499999999662, -1.1600000000012747], [98.72999999999662, -1.1600000000012747], [98.72999999999662, -1.1500000000012731], [98.74499999999661, -1.1500000000012731], [98.74499999999661, -1.1650000000012755], [98.7499999999966, -1.1650000000012755], [98.7499999999966, -1.155000000001274], [98.7549999999966, -1.155000000001274], [98.7549999999966, -1.1700000000012762], [98.7499999999966, -1.1700000000012762], [98.7499999999966, -1.1800000000012778]]], [[[98.76499999999659, -1.155000000001274], [98.76499999999659, -1.1600000000012747], [98.7599999999966, -1.1600000000012747], [98.7599999999966, -1.155000000001274], [98.76499999999659, -1.155000000001274]]], [[[98.84499999999652, -1.1450000000012723], [98.84499999999652, -1.1350000000012708], [98.84999999999651, -1.1350000000012708], [98.84999999999651, -1.1400000000012716], [98.85499999999651, -1.1400000000012716], [98.85499999999651, -1.1500000000012731], [98.8599999999965, -1.1500000000012731], [98.8599999999965, -1.155000000001274], [98.84999999999651, -1.155000000001274], [98.84999999999651, -1.1450000000012723], [98.84499999999652, -1.1450000000012723]]], [[[98.80999999999655, -1.1350000000012708], [98.81499999999654, -1.1350000000012708], [98.81499999999654, -1.1400000000012716], [98.80999999999655, -1.1400000000012716], [98.80999999999655, -1.1350000000012708]]], [[[98.7549999999966, -1.13000000000127], [98.7549999999966, -1.1350000000012708], [98.7499999999966, -1.1350000000012708], [98.7499999999966, -1.13000000000127], [98.7549999999966, -1.13000000000127]]], [[[98.67999999999667, -1.13000000000127], [98.67999999999667, -1.1350000000012708], [98.67499999999667, -1.1350000000012708], [98.67499999999667, -1.13000000000127], [98.67999999999667, -1.13000000000127]]], [[[98.82999999999653, -1.1250000000012692], [98.83499999999653, -1.1250000000012692], [98.83499999999653, -1.13000000000127], [98.82999999999653, -1.13000000000127], [98.82999999999653, -1.1250000000012692]]], [[[98.61499999999673, 1.9249999999992076], [98.61499999999673, 1.9199999999992068], [98.60999999999673, 1.9199999999992068], [98.60999999999673, 1.9249999999992076], [98.61499999999673, 1.9249999999992076]]], [[[98.62499999999672, 1.9449999999992107], [98.62499999999672, 1.93999999999921], [98.61999999999672, 1.93999999999921], [98.61999999999672, 1.9449999999992107], [98.62499999999672, 1.9449999999992107]]], [[[98.61499999999673, 1.9749999999992154], [98.61999999999672, 1.9749999999992154], [98.61999999999672, 1.9699999999992146], [98.62499999999672, 1.9699999999992146], [98.62499999999672, 1.959999999999213], [98.60999999999673, 1.959999999999213], [98.60999999999673, 1.9649999999992138], [98.61499999999673, 1.9649999999992138], [98.61499999999673, 1.9749999999992154]]], [[[98.60499999999674, 1.9699999999992146], [98.59999999999674, 1.9699999999992146], [98.59999999999674, 1.9749999999992154], [98.60499999999674, 1.9749999999992154], [98.60499999999674, 1.984999999999217], [98.60999999999673, 1.984999999999217], [98.60999999999673, 1.9799999999992162], [98.61499999999673, 1.9799999999992162], [98.61499999999673, 1.9749999999992154], [98.60999999999673, 1.9749999999992154], [98.60999999999673, 1.9649999999992138], [98.60499999999674, 1.9649999999992138], [98.60499999999674, 1.9699999999992146]]], [[[98.61999999999672, 1.9799999999992162], [98.62499999999672, 1.9799999999992162], [98.62499999999672, 1.9749999999992154], [98.61999999999672, 1.9749999999992154], [98.61999999999672, 1.9799999999992162]]], [[[98.61499999999673, 1.9899999999992177], [98.61499999999673, 1.984999999999217], [98.60999999999673, 1.984999999999217], [98.60999999999673, 1.9899999999992177], [98.61499999999673, 1.9899999999992177]]], [[[98.62499999999672, 1.9949999999992185], [98.62499999999672, 1.9899999999992177], [98.61999999999672, 1.9899999999992177], [98.61999999999672, 1.9949999999992185], [98.62499999999672, 1.9949999999992185]]], [[[98.61499999999673, 2.009999999999221], [98.61999999999672, 2.009999999999221], [98.61999999999672, 2.00499999999922], [98.61499999999673, 2.00499999999922], [98.61499999999673, 2.009999999999221]]], [[[98.61499999999673, 2.024999999999223], [98.61499999999673, 2.0199999999992224], [98.60999999999673, 2.0199999999992224], [98.60999999999673, 2.024999999999223], [98.61499999999673, 2.024999999999223]]], [[[98.62499999999672, 2.024999999999223], [98.62499999999672, 2.0199999999992224], [98.61999999999672, 2.0199999999992224], [98.61999999999672, 2.024999999999223], [98.62499999999672, 2.024999999999223]]], [[[98.58999999999675, 2.124999999999239], [98.59499999999674, 2.124999999999239], [98.59499999999674, 2.119999999999238], [98.58999999999675, 2.119999999999238], [98.58999999999675, 2.124999999999239]]], [[[101.45999999999414, -2.370000000001464], [101.45999999999414, -2.3750000000014646], [101.43499999999416, -2.3750000000014646], [101.43499999999416, -2.370000000001464], [101.45999999999414, -2.370000000001464]]], [[[101.59999999999401, -2.370000000001464], [101.59999999999401, -2.365000000001463], [101.59499999999402, -2.365000000001463], [101.59499999999402, -2.3600000000014623], [101.604999999994, -2.3600000000014623], [101.604999999994, -2.370000000001464], [101.59999999999401, -2.370000000001464]]], [[[101.56499999999404, -2.3600000000014623], [101.57499999999403, -2.3600000000014623], [101.57499999999403, -2.365000000001463], [101.56499999999404, -2.365000000001463], [101.56499999999404, -2.3600000000014623]]], [[[101.5099999999941, -2.3600000000014623], [101.51499999999409, -2.3600000000014623], [101.51499999999409, -2.365000000001463], [101.5099999999941, -2.365000000001463], [101.5099999999941, -2.3600000000014623]]], [[[101.619999999994, -2.3500000000014607], [101.62499999999399, -2.3500000000014607], [101.62499999999399, -2.370000000001464], [101.619999999994, -2.370000000001464], [101.619999999994, -2.3500000000014607]]], [[[101.45999999999414, -2.3550000000014615], [101.45999999999414, -2.3600000000014623], [101.45499999999414, -2.3600000000014623], [101.45499999999414, -2.3550000000014615], [101.45999999999414, -2.3550000000014615]]], [[[101.42499999999417, -2.3500000000014607], [101.42499999999417, -2.3550000000014615], [101.41999999999418, -2.3550000000014615], [101.41999999999418, -2.3500000000014607], [101.42499999999417, -2.3500000000014607]]], [[[101.46499999999413, -2.3500000000014607], [101.46999999999413, -2.3500000000014607], [101.46999999999413, -2.3550000000014615], [101.46499999999413, -2.3550000000014615], [101.46499999999413, -2.3500000000014607]]], [[[101.614999999994, -2.3500000000014607], [101.614999999994, -2.3550000000014615], [101.609999999994, -2.3550000000014615], [101.609999999994, -2.3500000000014607], [101.614999999994, -2.3500000000014607]]], [[[101.44999999999415, -2.34500000000146], [101.44999999999415, -2.3500000000014607], [101.44499999999415, -2.3500000000014607], [101.44499999999415, -2.34500000000146], [101.44999999999415, -2.34500000000146]]], [[[101.52499999999408, -2.34500000000146], [101.52999999999408, -2.34500000000146], [101.52999999999408, -2.3500000000014607], [101.53499999999407, -2.3500000000014607], [101.53499999999407, -2.3550000000014615], [101.54499999999406, -2.3550000000014615], [101.54499999999406, -2.3600000000014623], [101.54999999999406, -2.3600000000014623], [101.54999999999406, -2.3550000000014615], [101.55499999999405, -2.3550000000014615], [101.55499999999405, -2.3600000000014623], [101.55999999999405, -2.3600000000014623], [101.55999999999405, -2.365000000001463], [101.56499999999404, -2.365000000001463], [101.56499999999404, -2.370000000001464], [101.57499999999403, -2.370000000001464], [101.57499999999403, -2.365000000001463], [101.58499999999403, -2.365000000001463], [101.58499999999403, -2.370000000001464], [101.58999999999402, -2.370000000001464], [101.58999999999402, -2.3750000000014646], [101.55999999999405, -2.3750000000014646], [101.55999999999405, -2.370000000001464], [101.55499999999405, -2.370000000001464], [101.55499999999405, -2.365000000001463], [101.54999999999406, -2.365000000001463], [101.54999999999406, -2.3750000000014646], [101.51999999999408, -2.3750000000014646], [101.51999999999408, -2.370000000001464], [101.51499999999409, -2.370000000001464], [101.51499999999409, -2.365000000001463], [101.51999999999408, -2.365000000001463], [101.51999999999408, -2.3550000000014615], [101.5099999999941, -2.3550000000014615], [101.5099999999941, -2.3600000000014623], [101.5049999999941, -2.3600000000014623], [101.5049999999941, -2.365000000001463], [101.4999999999941, -2.365000000001463], [101.4999999999941, -2.370000000001464], [101.4949999999941, -2.370000000001464], [101.4949999999941, -2.3750000000014646], [101.47499999999413, -2.3750000000014646], [101.47499999999413, -2.370000000001464], [101.46999999999413, -2.370000000001464], [101.46999999999413, -2.365000000001463], [101.47499999999413, -2.365000000001463], [101.47499999999413, -2.3600000000014623], [101.47999999999412, -2.3600000000014623], [101.47999999999412, -2.3550000000014615], [101.48999999999411, -2.3550000000014615], [101.48999999999411, -2.34500000000146], [101.4949999999941, -2.34500000000146], [101.4949999999941, -2.340000000001459], [101.4999999999941, -2.340000000001459], [101.4999999999941, -2.3350000000014584], [101.5049999999941, -2.3350000000014584], [101.5049999999941, -2.340000000001459], [101.5099999999941, -2.340000000001459], [101.5099999999941, -2.325000000001457], [101.5049999999941, -2.325000000001457], [101.5049999999941, -2.320000000001456], [101.5099999999941, -2.320000000001456], [101.5099999999941, -2.3150000000014552], [101.52499999999408, -2.3150000000014552], [101.52499999999408, -2.320000000001456], [101.51999999999408, -2.320000000001456], [101.51999999999408, -2.325000000001457], [101.51499999999409, -2.325000000001457], [101.51499999999409, -2.3350000000014584], [101.52499999999408, -2.3350000000014584], [101.52499999999408, -2.34500000000146]], [[101.51999999999408, -2.34500000000146], [101.51999999999408, -2.3500000000014607], [101.52499999999408, -2.3500000000014607], [101.52499999999408, -2.34500000000146], [101.51999999999408, -2.34500000000146]], [[101.4999999999941, -2.3600000000014623], [101.4949999999941, -2.3600000000014623], [101.4949999999941, -2.365000000001463], [101.4999999999941, -2.365000000001463], [101.4999999999941, -2.3600000000014623]], [[101.5049999999941, -2.3550000000014615], [101.5049999999941, -2.3500000000014607], [101.5099999999941, -2.3500000000014607], [101.5099999999941, -2.34500000000146], [101.4999999999941, -2.34500000000146], [101.4999999999941, -2.3550000000014615], [101.5049999999941, -2.3550000000014615]], [[101.47999999999412, -2.365000000001463], [101.47999999999412, -2.370000000001464], [101.48499999999412, -2.370000000001464], [101.48499999999412, -2.365000000001463], [101.47999999999412, -2.365000000001463]], [[101.53499999999407, -2.365000000001463], [101.53499999999407, -2.370000000001464], [101.53999999999407, -2.370000000001464], [101.53999999999407, -2.365000000001463], [101.53499999999407, -2.365000000001463]]], [[[101.53499999999407, -2.340000000001459], [101.53499999999407, -2.34500000000146], [101.52999999999408, -2.34500000000146], [101.52999999999408, -2.340000000001459], [101.53499999999407, -2.340000000001459]]], [[[101.58499999999403, -2.3300000000014576], [101.58499999999403, -2.325000000001457], [101.604999999994, -2.325000000001457], [101.604999999994, -2.3300000000014576], [101.609999999994, -2.3300000000014576], [101.609999999994, -2.3500000000014607], [101.604999999994, -2.3500000000014607], [101.604999999994, -2.34500000000146], [101.59999999999401, -2.34500000000146], [101.59999999999401, -2.340000000001459], [101.58999999999402, -2.340000000001459], [101.58999999999402, -2.3300000000014576], [101.58499999999403, -2.3300000000014576]], [[101.59499999999402, -2.3300000000014576], [101.59499999999402, -2.3350000000014584], [101.604999999994, -2.3350000000014584], [101.604999999994, -2.3300000000014576], [101.59499999999402, -2.3300000000014576]]], [[[101.53499999999407, -2.3350000000014584], [101.53999999999407, -2.3350000000014584], [101.53999999999407, -2.340000000001459], [101.53499999999407, -2.340000000001459], [101.53499999999407, -2.3350000000014584]]], [[[101.47499999999413, -2.34500000000146], [101.45499999999414, -2.34500000000146], [101.45499999999414, -2.340000000001459], [101.43499999999416, -2.340000000001459], [101.43499999999416, -2.3350000000014584], [101.43999999999416, -2.3350000000014584], [101.43999999999416, -2.320000000001456], [101.45499999999414, -2.320000000001456], [101.45499999999414, -2.3350000000014584], [101.45999999999414, -2.3350000000014584], [101.45999999999414, -2.340000000001459], [101.46999999999413, -2.340000000001459], [101.46999999999413, -2.325000000001457], [101.47499999999413, -2.325000000001457], [101.47499999999413, -2.34500000000146]]], [[[101.3999999999942, -2.3150000000014552], [101.40499999999419, -2.3150000000014552], [101.40499999999419, -2.3300000000014576], [101.3999999999942, -2.3300000000014576], [101.3999999999942, -2.3150000000014552]]], [[[101.47999999999412, -2.320000000001456], [101.47999999999412, -2.325000000001457], [101.47499999999413, -2.325000000001457], [101.47499999999413, -2.320000000001456], [101.47999999999412, -2.320000000001456]]], [[[101.45999999999414, -2.3100000000014544], [101.45999999999414, -2.3150000000014552], [101.45499999999414, -2.3150000000014552], [101.45499999999414, -2.3100000000014544], [101.45999999999414, -2.3100000000014544]]], [[[101.55999999999405, -2.3100000000014544], [101.56999999999404, -2.3100000000014544], [101.56999999999404, -2.3150000000014552], [101.55999999999405, -2.3150000000014552], [101.55999999999405, -2.3100000000014544]]], [[[101.58999999999402, -2.3050000000014537], [101.59499999999402, -2.3050000000014537], [101.59499999999402, -2.3150000000014552], [101.58999999999402, -2.3150000000014552], [101.58999999999402, -2.3050000000014537]]], [[[101.619999999994, -2.3050000000014537], [101.62499999999399, -2.3050000000014537], [101.62499999999399, -2.3150000000014552], [101.619999999994, -2.3150000000014552], [101.619999999994, -2.3050000000014537]]], [[[101.40499999999419, -2.3050000000014537], [101.40499999999419, -2.3100000000014544], [101.3999999999942, -2.3100000000014544], [101.3999999999942, -2.3050000000014537], [101.40499999999419, -2.3050000000014537]]], [[[101.48999999999411, -2.3100000000014544], [101.48999999999411, -2.320000000001456], [101.47999999999412, -2.320000000001456], [101.47999999999412, -2.3150000000014552], [101.48499999999412, -2.3150000000014552], [101.48499999999412, -2.3050000000014537], [101.48999999999411, -2.3050000000014537], [101.48999999999411, -2.295000000001452], [101.4999999999941, -2.295000000001452], [101.4999999999941, -2.3050000000014537], [101.5049999999941, -2.3050000000014537], [101.5049999999941, -2.3100000000014544], [101.5099999999941, -2.3100000000014544], [101.5099999999941, -2.3150000000014552], [101.4949999999941, -2.3150000000014552], [101.4949999999941, -2.3100000000014544], [101.48999999999411, -2.3100000000014544]]], [[[101.54499999999406, -2.3050000000014537], [101.55499999999405, -2.3050000000014537], [101.55499999999405, -2.3100000000014544], [101.54499999999406, -2.3100000000014544], [101.54499999999406, -2.3050000000014537]]], [[[101.41999999999418, -2.300000000001453], [101.42499999999417, -2.300000000001453], [101.42499999999417, -2.3050000000014537], [101.41999999999418, -2.3050000000014537], [101.41999999999418, -2.300000000001453]]], [[[101.56999999999404, -2.295000000001452], [101.57499999999403, -2.295000000001452], [101.57499999999403, -2.300000000001453], [101.57999999999403, -2.300000000001453], [101.57999999999403, -2.3050000000014537], [101.56499999999404, -2.3050000000014537], [101.56499999999404, -2.300000000001453], [101.56999999999404, -2.300000000001453], [101.56999999999404, -2.295000000001452]]], [[[101.5049999999941, -2.300000000001453], [101.5049999999941, -2.295000000001452], [101.4999999999941, -2.295000000001452], [101.4999999999941, -2.2900000000014513], [101.5099999999941, -2.2900000000014513], [101.5099999999941, -2.300000000001453], [101.5049999999941, -2.300000000001453]]], [[[101.58999999999402, -2.2850000000014505], [101.58999999999402, -2.295000000001452], [101.58499999999403, -2.295000000001452], [101.58499999999403, -2.300000000001453], [101.57999999999403, -2.300000000001453], [101.57999999999403, -2.2900000000014513], [101.58499999999403, -2.2900000000014513], [101.58499999999403, -2.2850000000014505], [101.58999999999402, -2.2850000000014505]]], [[[101.55499999999405, -2.300000000001453], [101.54499999999406, -2.300000000001453], [101.54499999999406, -2.295000000001452], [101.55499999999405, -2.295000000001452], [101.55499999999405, -2.2900000000014513], [101.53499999999407, -2.2900000000014513], [101.53499999999407, -2.2850000000014505], [101.54499999999406, -2.2850000000014505], [101.54499999999406, -2.2800000000014498], [101.55499999999405, -2.2800000000014498], [101.55499999999405, -2.2850000000014505], [101.56999999999404, -2.2850000000014505], [101.56999999999404, -2.275000000001449], [101.57499999999403, -2.275000000001449], [101.57499999999403, -2.2900000000014513], [101.56499999999404, -2.2900000000014513], [101.56499999999404, -2.295000000001452], [101.55999999999405, -2.295000000001452], [101.55999999999405, -2.3050000000014537], [101.55499999999405, -2.3050000000014537], [101.55499999999405, -2.300000000001453]]], [[[101.619999999994, -2.2850000000014505], [101.619999999994, -2.2900000000014513], [101.614999999994, -2.2900000000014513], [101.614999999994, -2.2850000000014505], [101.619999999994, -2.2850000000014505]]], [[[101.59999999999401, -2.2800000000014498], [101.59999999999401, -2.2850000000014505], [101.59499999999402, -2.2850000000014505], [101.59499999999402, -2.2800000000014498], [101.59999999999401, -2.2800000000014498]]], [[[101.604999999994, -2.275000000001449], [101.609999999994, -2.275000000001449], [101.609999999994, -2.2800000000014498], [101.604999999994, -2.2800000000014498], [101.604999999994, -2.275000000001449]]], [[[101.619999999994, -2.275000000001449], [101.619999999994, -2.2800000000014498], [101.614999999994, -2.2800000000014498], [101.614999999994, -2.275000000001449], [101.619999999994, -2.275000000001449]]], [[[101.57999999999403, -2.2800000000014498], [101.57999999999403, -2.275000000001449], [101.58499999999403, -2.275000000001449], [101.58499999999403, -2.270000000001448], [101.58999999999402, -2.270000000001448], [101.58999999999402, -2.2800000000014498], [101.57999999999403, -2.2800000000014498]]], [[[101.55999999999405, -2.270000000001448], [101.56999999999404, -2.270000000001448], [101.56999999999404, -2.275000000001449], [101.55999999999405, -2.275000000001449], [101.55999999999405, -2.270000000001448]]], [[[101.54499999999406, -2.2600000000014466], [101.54999999999406, -2.2600000000014466], [101.54999999999406, -2.2650000000014474], [101.54499999999406, -2.2650000000014474], [101.54499999999406, -2.2600000000014466]]], [[[101.57499999999403, -2.255000000001446], [101.57999999999403, -2.255000000001446], [101.57999999999403, -2.2650000000014474], [101.58499999999403, -2.2650000000014474], [101.58499999999403, -2.270000000001448], [101.56999999999404, -2.270000000001448], [101.56999999999404, -2.2650000000014474], [101.57499999999403, -2.2650000000014474], [101.57499999999403, -2.255000000001446]]], [[[101.59999999999401, -2.2600000000014466], [101.59999999999401, -2.2650000000014474], [101.59499999999402, -2.2650000000014474], [101.59499999999402, -2.2600000000014466], [101.59999999999401, -2.2600000000014466]]], [[[101.51499999999409, -2.2600000000014466], [101.51499999999409, -2.2650000000014474], [101.5099999999941, -2.2650000000014474], [101.5099999999941, -2.2600000000014466], [101.51499999999409, -2.2600000000014466]]], [[[101.47999999999412, -2.250000000001445], [101.48999999999411, -2.250000000001445], [101.48999999999411, -2.255000000001446], [101.47999999999412, -2.255000000001446], [101.47999999999412, -2.250000000001445]]], [[[101.51999999999408, -2.255000000001446], [101.51999999999408, -2.250000000001445], [101.52499999999408, -2.250000000001445], [101.52499999999408, -2.2450000000014443], [101.52999999999408, -2.2450000000014443], [101.52999999999408, -2.255000000001446], [101.51999999999408, -2.255000000001446]]], [[[101.51499999999409, -2.2450000000014443], [101.51499999999409, -2.2400000000014435], [101.52499999999408, -2.2400000000014435], [101.52499999999408, -2.2450000000014443], [101.51499999999409, -2.2450000000014443]]], [[[101.56499999999404, -2.2350000000014427], [101.56999999999404, -2.2350000000014427], [101.56999999999404, -2.2400000000014435], [101.56499999999404, -2.2400000000014435], [101.56499999999404, -2.2350000000014427]]], [[[101.48499999999412, -2.2000000000014373], [101.48499999999412, -2.210000000001439], [101.48999999999411, -2.210000000001439], [101.48999999999411, -2.2350000000014427], [101.48499999999412, -2.2350000000014427], [101.48499999999412, -2.225000000001441], [101.47999999999412, -2.225000000001441], [101.47999999999412, -2.230000000001442], [101.46999999999413, -2.230000000001442], [101.46999999999413, -2.2350000000014427], [101.46499999999413, -2.2350000000014427], [101.46499999999413, -2.2450000000014443], [101.45499999999414, -2.2450000000014443], [101.45499999999414, -2.250000000001445], [101.44999999999415, -2.250000000001445], [101.44999999999415, -2.2600000000014466], [101.45999999999414, -2.2600000000014466], [101.45999999999414, -2.2650000000014474], [101.46499999999413, -2.2650000000014474], [101.46499999999413, -2.270000000001448], [101.46999999999413, -2.270000000001448], [101.46999999999413, -2.2650000000014474], [101.47499999999413, -2.2650000000014474], [101.47499999999413, -2.2600000000014466], [101.47999999999412, -2.2600000000014466], [101.47999999999412, -2.2650000000014474], [101.48999999999411, -2.2650000000014474], [101.48999999999411, -2.255000000001446], [101.4949999999941, -2.255000000001446], [101.4949999999941, -2.2600000000014466], [101.5049999999941, -2.2600000000014466], [101.5049999999941, -2.270000000001448], [101.51499999999409, -2.270000000001448], [101.51499999999409, -2.2650000000014474], [101.51999999999408, -2.2650000000014474], [101.51999999999408, -2.270000000001448], [101.52499999999408, -2.270000000001448], [101.52499999999408, -2.275000000001449], [101.51999999999408, -2.275000000001449], [101.51999999999408, -2.2800000000014498], [101.51499999999409, -2.2800000000014498], [101.51499999999409, -2.2850000000014505], [101.5049999999941, -2.2850000000014505], [101.5049999999941, -2.275000000001449], [101.4999999999941, -2.275000000001449], [101.4999999999941, -2.2650000000014474], [101.4949999999941, -2.2650000000014474], [101.4949999999941, -2.2800000000014498], [101.48999999999411, -2.2800000000014498], [101.48999999999411, -2.275000000001449], [101.48499999999412, -2.275000000001449], [101.48499999999412, -2.2850000000014505], [101.4999999999941, -2.2850000000014505], [101.4999999999941, -2.2900000000014513], [101.48499999999412, -2.2900000000014513], [101.48499999999412, -2.295000000001452], [101.47999999999412, -2.295000000001452], [101.47999999999412, -2.2850000000014505], [101.46999999999413, -2.2850000000014505], [101.46999999999413, -2.295000000001452], [101.46499999999413, -2.295000000001452], [101.46499999999413, -2.300000000001453], [101.45999999999414, -2.300000000001453], [101.45999999999414, -2.2900000000014513], [101.44999999999415, -2.2900000000014513], [101.44999999999415, -2.2800000000014498], [101.44499999999415, -2.2800000000014498], [101.44499999999415, -2.270000000001448], [101.43999999999416, -2.270000000001448], [101.43999999999416, -2.2900000000014513], [101.43499999999416, -2.2900000000014513], [101.43499999999416, -2.2800000000014498], [101.41999999999418, -2.2800000000014498], [101.41999999999418, -2.2850000000014505], [101.41499999999418, -2.2850000000014505], [101.41499999999418, -2.295000000001452], [101.41999999999418, -2.295000000001452], [101.41999999999418, -2.300000000001453], [101.41499999999418, -2.300000000001453], [101.41499999999418, -2.3050000000014537], [101.40499999999419, -2.3050000000014537], [101.40499999999419, -2.300000000001453], [101.3999999999942, -2.300000000001453], [101.3999999999942, -2.2900000000014513], [101.3899999999942, -2.2900000000014513], [101.3899999999942, -2.2850000000014505], [101.3849999999942, -2.2850000000014505], [101.3849999999942, -2.2900000000014513], [101.37499999999422, -2.2900000000014513], [101.37499999999422, -2.2850000000014505], [101.37999999999421, -2.2850000000014505], [101.37999999999421, -2.270000000001448], [101.37499999999422, -2.270000000001448], [101.37499999999422, -2.2650000000014474], [101.37999999999421, -2.2650000000014474], [101.37999999999421, -2.2600000000014466], [101.37499999999422, -2.2600000000014466], [101.37499999999422, -2.255000000001446], [101.3849999999942, -2.255000000001446], [101.3849999999942, -2.2350000000014427], [101.3899999999942, -2.2350000000014427], [101.3899999999942, -2.230000000001442], [101.3849999999942, -2.230000000001442], [101.3849999999942, -2.225000000001441], [101.37999999999421, -2.225000000001441], [101.37999999999421, -2.2200000000014404], [101.3849999999942, -2.2200000000014404], [101.3849999999942, -2.2150000000014396], [101.37999999999421, -2.2150000000014396], [101.37999999999421, -2.210000000001439], [101.3899999999942, -2.210000000001439], [101.3899999999942, -2.2150000000014396], [101.3949999999942, -2.2150000000014396], [101.3949999999942, -2.2200000000014404], [101.3999999999942, -2.2200000000014404], [101.3999999999942, -2.2150000000014396], [101.40999999999418, -2.2150000000014396], [101.40999999999418, -2.210000000001439], [101.42999999999417, -2.210000000001439], [101.42999999999417, -2.2150000000014396], [101.43999999999416, -2.2150000000014396], [101.43999999999416, -2.2200000000014404], [101.44499999999415, -2.2200000000014404], [101.44499999999415, -2.230000000001442], [101.44999999999415, -2.230000000001442], [101.44999999999415, -2.2350000000014427], [101.45499999999414, -2.2350000000014427], [101.45499999999414, -2.230000000001442], [101.45999999999414, -2.230000000001442], [101.45999999999414, -2.2200000000014404], [101.45499999999414, -2.2200000000014404], [101.45499999999414, -2.2150000000014396], [101.44999999999415, -2.2150000000014396], [101.44999999999415, -2.210000000001439], [101.44499999999415, -2.210000000001439], [101.44499999999415, -2.205000000001438], [101.43999999999416, -2.205000000001438], [101.43999999999416, -2.1950000000014365], [101.43499999999416, -2.1950000000014365], [101.43499999999416, -2.1900000000014357], [101.43999999999416, -2.1900000000014357], [101.43999999999416, -2.185000000001435], [101.42999999999417, -2.185000000001435], [101.42999999999417, -2.180000000001434], [101.43499999999416, -2.180000000001434], [101.43499999999416, -2.1750000000014333], [101.43999999999416, -2.1750000000014333], [101.43999999999416, -2.165000000001432], [101.44499999999415, -2.165000000001432], [101.44499999999415, -2.1750000000014333], [101.44999999999415, -2.1750000000014333], [101.44999999999415, -2.1900000000014357], [101.46499999999413, -2.1900000000014357], [101.46499999999413, -2.185000000001435], [101.47499999999413, -2.185000000001435], [101.47499999999413, -2.2000000000014373], [101.48499999999412, -2.2000000000014373]], [[101.44499999999415, -2.2600000000014466], [101.44499999999415, -2.2650000000014474], [101.44999999999415, -2.2650000000014474], [101.44999999999415, -2.2600000000014466], [101.44499999999415, -2.2600000000014466]], [[101.46999999999413, -2.275000000001449], [101.47499999999413, -2.275000000001449], [101.47499999999413, -2.270000000001448], [101.46999999999413, -2.270000000001448], [101.46999999999413, -2.275000000001449]], [[101.45999999999414, -2.2800000000014498], [101.45999999999414, -2.275000000001449], [101.44999999999415, -2.275000000001449], [101.44999999999415, -2.2800000000014498], [101.45999999999414, -2.2800000000014498]], [[101.3949999999942, -2.2850000000014505], [101.3949999999942, -2.2800000000014498], [101.3899999999942, -2.2800000000014498], [101.3899999999942, -2.2850000000014505], [101.3949999999942, -2.2850000000014505]], [[101.44999999999415, -2.205000000001438], [101.44999999999415, -2.2000000000014373], [101.44499999999415, -2.2000000000014373], [101.44499999999415, -2.205000000001438], [101.44999999999415, -2.205000000001438]], [[101.45499999999414, -2.2000000000014373], [101.45499999999414, -2.1950000000014365], [101.44999999999415, -2.1950000000014365], [101.44999999999415, -2.2000000000014373], [101.45499999999414, -2.2000000000014373]], [[101.45499999999414, -2.205000000001438], [101.45999999999414, -2.205000000001438], [101.45999999999414, -2.2000000000014373], [101.45499999999414, -2.2000000000014373], [101.45499999999414, -2.205000000001438]], [[101.3899999999942, -2.255000000001446], [101.3999999999942, -2.255000000001446], [101.3999999999942, -2.250000000001445], [101.3899999999942, -2.250000000001445], [101.3899999999942, -2.255000000001446]], [[101.43999999999416, -2.255000000001446], [101.44499999999415, -2.255000000001446], [101.44499999999415, -2.250000000001445], [101.43999999999416, -2.250000000001445], [101.43999999999416, -2.255000000001446]], [[101.3999999999942, -2.2650000000014474], [101.41499999999418, -2.2650000000014474], [101.41499999999418, -2.255000000001446], [101.40999999999418, -2.255000000001446], [101.40999999999418, -2.2600000000014466], [101.3999999999942, -2.2600000000014466], [101.3999999999942, -2.2650000000014474]], [[101.3949999999942, -2.2650000000014474], [101.3949999999942, -2.270000000001448], [101.3999999999942, -2.270000000001448], [101.3999999999942, -2.2650000000014474], [101.3949999999942, -2.2650000000014474]], [[101.42499999999417, -2.2650000000014474], [101.42999999999417, -2.2650000000014474], [101.42999999999417, -2.2600000000014466], [101.42499999999417, -2.2600000000014466], [101.42499999999417, -2.2650000000014474]]], [[[101.5049999999941, -2.225000000001441], [101.5049999999941, -2.2400000000014435], [101.4999999999941, -2.2400000000014435], [101.4999999999941, -2.2350000000014427], [101.4949999999941, -2.2350000000014427], [101.4949999999941, -2.230000000001442], [101.4999999999941, -2.230000000001442], [101.4999999999941, -2.225000000001441], [101.5049999999941, -2.225000000001441]]], [[[101.55499999999405, -2.230000000001442], [101.55999999999405, -2.230000000001442], [101.55999999999405, -2.2350000000014427], [101.55499999999405, -2.2350000000014427], [101.55499999999405, -2.230000000001442]]], [[[101.51499999999409, -2.2000000000014373], [101.51999999999408, -2.2000000000014373], [101.51999999999408, -2.205000000001438], [101.51499999999409, -2.205000000001438], [101.51499999999409, -2.2000000000014373]]], [[[101.604999999994, -2.1750000000014333], [101.614999999994, -2.1750000000014333], [101.614999999994, -2.180000000001434], [101.604999999994, -2.180000000001434], [101.604999999994, -2.1750000000014333]]], [[[101.604999999994, -2.165000000001432], [101.604999999994, -2.1700000000014326], [101.59999999999401, -2.1700000000014326], [101.59999999999401, -2.165000000001432], [101.604999999994, -2.165000000001432]]], [[[101.59999999999401, -2.1500000000014294], [101.59999999999401, -2.15500000000143], [101.59499999999402, -2.15500000000143], [101.59499999999402, -2.1500000000014294], [101.59999999999401, -2.1500000000014294]]], [[[101.43499999999416, -2.1750000000014333], [101.42499999999417, -2.1750000000014333], [101.42499999999417, -2.1700000000014326], [101.42999999999417, -2.1700000000014326], [101.42999999999417, -2.165000000001432], [101.40999999999418, -2.165000000001432], [101.40999999999418, -2.15500000000143], [101.41499999999418, -2.15500000000143], [101.41499999999418, -2.1450000000014287], [101.41999999999418, -2.1450000000014287], [101.41999999999418, -2.135000000001427], [101.41499999999418, -2.135000000001427], [101.41499999999418, -2.1250000000014255], [101.42999999999417, -2.1250000000014255], [101.42999999999417, -2.135000000001427], [101.43499999999416, -2.135000000001427], [101.43499999999416, -2.15500000000143], [101.43999999999416, -2.15500000000143], [101.43999999999416, -2.165000000001432], [101.43499999999416, -2.165000000001432], [101.43499999999416, -2.1750000000014333]]], [[[101.57499999999403, -2.1450000000014287], [101.57499999999403, -2.140000000001428], [101.57999999999403, -2.140000000001428], [101.57999999999403, -2.135000000001427], [101.58499999999403, -2.135000000001427], [101.58499999999403, -2.1450000000014287], [101.57999999999403, -2.1450000000014287], [101.57999999999403, -2.160000000001431], [101.57499999999403, -2.160000000001431], [101.57499999999403, -2.15500000000143], [101.56999999999404, -2.15500000000143], [101.56999999999404, -2.1450000000014287], [101.57499999999403, -2.1450000000014287]]], [[[101.59999999999401, -2.1500000000014294], [101.59999999999401, -2.1450000000014287], [101.59499999999402, -2.1450000000014287], [101.59499999999402, -2.140000000001428], [101.604999999994, -2.140000000001428], [101.604999999994, -2.1500000000014294], [101.59999999999401, -2.1500000000014294]]], [[[101.609999999994, -2.135000000001427], [101.614999999994, -2.135000000001427], [101.614999999994, -2.140000000001428], [101.609999999994, -2.140000000001428], [101.609999999994, -2.135000000001427]]], [[[101.604999999994, -2.1300000000014263], [101.604999999994, -2.135000000001427], [101.59999999999401, -2.135000000001427], [101.59999999999401, -2.1300000000014263], [101.604999999994, -2.1300000000014263]]], [[[101.62499999999399, -2.1250000000014255], [101.62499999999399, -2.1300000000014263], [101.619999999994, -2.1300000000014263], [101.619999999994, -2.1250000000014255], [101.62499999999399, -2.1250000000014255]]]]}}]}