{"type": "FeatureCollection", "features": [{"type": "Feature", "properties": {"date": "2026-10-04", "code": 1, "level": "waspada_hipo", "kategori": "Waspada Potensi Hipotermia Ringan", "color": "#FFA500"}, "geometry": {"type": "MultiPolygon", "coordinates": [[[[116.52500000001102, -8.46499999999969], [116.52500000001102, -8.48499999999969], [116.53500000001102, -8.48499999999969], [116.53500000001102, -8.514999999999691], [116.52500000001102, -8.514999999999691], [116.52500000001102, -8.534999999999691], [116.51500000001101, -8.534999999999691], [116.51500000001101, -8.544999999999689], [116.50500000001101, -8.544999999999689], [116.50500000001101, -8.55499999999969], [116.475000000011, -8.55499999999969], [116.475000000011, -8.544999999999689], [116.44500000001098, -8.544999999999689], [116.44500000001098, -8.534999999999691], [116.41500000001096, -8.534999999999691], [116.41500000001096, -8.52499999999969], [116.38500000001095, -8.52499999999969], [116.38500000001095, -8.514999999999691], [116.36500000001094, -8.514999999999691], [116.36500000001094, -8.50499999999969], [116.35500000001093, -8.50499999999969], [116.35500000001093, -8.494999999999692], [116.37500000001094, -8.494999999999692], [116.37500000001094, -8.48499999999969], [116.39500000001095, -8.48499999999969], [116.39500000001095, -8.474999999999692], [116.42500000001097, -8.474999999999692], [116.42500000001097, -8.46499999999969], [116.44500000001098, -8.46499999999969], [116.44500000001098, -8.454999999999693], [116.46500000001099, -8.454999999999693], [116.46500000001099, -8.444999999999691], [116.50500000001101, -8.444999999999691], [116.50500000001101, -8.454999999999693], [116.51500000001101, -8.454999999999693], [116.51500000001101, -8.46499999999969], [116.52500000001102, -8.46499999999969]]], [[[113.04500000000924, -7.934999999999703], [113.04500000000924, -7.944999999999703], [113.05500000000924, -7.944999999999703], [113.05500000000924, -7.9549999999997025], [113.06500000000925, -7.9549999999997025], [113.06500000000925, -7.964999999999702], [113.08500000000926, -7.964999999999702], [113.08500000000926, -7.974999999999702], [113.09500000000926, -7.974999999999702], [113.09500000000926, -7.994999999999702], [113.10500000000927, -7.994999999999702], [113.10500000000927, -8.014999999999702], [113.09500000000926, -8.014999999999702], [113.09500000000926, -8.0249999999997], [113.08500000000926, -8.0249999999997], [113.08500000000926, -8.0449999999997], [113.07500000000925, -8.0449999999997], [113.07500000000925, -8.054999999999701], [113.06500000000925, -8.054999999999701], [113.06500000000925, -8.0649999999997], [113.05500000000924, -8.0649999999997], [113.05500000000924, -8.0749999999997], [113.04500000000924, -8.0749999999997], [113.04500000000924, -8.084999999999699], [113.03500000000923, -8.084999999999699], [113.03500000000923, -8.0949999999997], [113.01500000000922, -8.0949999999997], [113.01500000000922, -8.104999999999698], [112.9650000000092, -8.104999999999698], [112.9650000000092, -8.0949999999997], [112.94500000000919, -8.0949999999997], [112.94500000000919, -8.084999999999699], [112.92500000000918, -8.084999999999699], [112.92500000000918, -8.0749999999997], [112.91500000000917, -8.0749999999997], [112.91500000000917, -8.0649999999997], [112.89500000000916, -8.0649999999997], [112.89500000000916, -8.054999999999701], [112.88500000000916, -8.054999999999701], [112.88500000000916, -8.0449999999997], [112.87500000000915, -8.0449999999997], [112.87500000000915, -8.034999999999702], [112.86500000000915, -8.034999999999702], [112.86500000000915, -8.014999999999702], [112.85500000000914, -8.014999999999702], [112.85500000000914, -7.984999999999702], [112.86500000000915, -7.984999999999702], [112.86500000000915, -7.974999999999702], [112.87500000000915, -7.974999999999702], [112.87500000000915, -7.964999999999702], [112.89500000000916, -7.964999999999702], [112.89500000000916, -7.9549999999997025], [112.90500000000917, -7.9549999999997025], [112.90500000000917, -7.944999999999703], [112.92500000000918, -7.944999999999703], [112.92500000000918, -7.934999999999703], [112.94500000000919, -7.934999999999703], [112.94500000000919, -7.924999999999703], [112.9650000000092, -7.924999999999703], [112.9650000000092, -7.914999999999703], [113.01500000000922, -7.914999999999703], [113.01500000000922, -7.924999999999703], [113.03500000000923, -7.924999999999703], [113.03500000000923, -7.934999999999703], [113.04500000000924, -7.934999999999703]]], [[[113.53500000000949, -8.0049999999997], [113.53500000000949, -8.014999999999702], [113.48500000000946, -8.014999999999702], [113.48500000000946, -7.994999999999702], [113.49500000000947, -7.994999999999702], [113.49500000000947, -7.984999999999702], [113.52500000000948, -7.984999999999702], [113.52500000000948, -7.994999999999702], [113.5450000000095, -7.994999999999702], [113.5450000000095, -8.0049999999997], [113.53500000000949, -8.0049999999997]]], [[[112.53500000000898, -7.744999999999707], [112.53500000000898, -7.754999999999707], [112.54500000000898, -7.754999999999707], [112.54500000000898, -7.764999999999707], [112.53500000000898, -7.764999999999707], [112.53500000000898, -7.784999999999706], [112.52500000000897, -7.784999999999706], [112.52500000000897, -7.804999999999706], [112.51500000000897, -7.804999999999706], [112.51500000000897, -7.8149999999997055], [112.50500000000896, -7.8149999999997055], [112.50500000000896, -7.824999999999705], [112.49500000000896, -7.824999999999705], [112.49500000000896, -7.8149999999997055], [112.48500000000895, -7.8149999999997055], [112.48500000000895, -7.794999999999706], [112.47500000000895, -7.794999999999706], [112.47500000000895, -7.764999999999707], [112.46500000000894, -7.764999999999707], [112.46500000000894, -7.744999999999707], [112.47500000000895, -7.744999999999707], [112.47500000000895, -7.734999999999707], [112.49500000000896, -7.734999999999707], [112.49500000000896, -7.724999999999707], [112.51500000000897, -7.724999999999707], [112.51500000000897, -7.734999999999707], [112.52500000000897, -7.734999999999707], [112.52500000000897, -7.744999999999707], [112.53500000000898, -7.744999999999707]]], [[[110.0450000000077, -7.244999999999718], [110.0450000000077, -7.264999999999717], [110.0350000000077, -7.264999999999717], [110.0350000000077, -7.274999999999717], [110.0250000000077, -7.274999999999717], [110.0250000000077, -7.284999999999717], [110.01500000000769, -7.284999999999717], [110.01500000000769, -7.294999999999717], [110.00500000000768, -7.294999999999717], [110.00500000000768, -7.304999999999716], [109.98500000000767, -7.304999999999716], [109.98500000000767, -7.294999999999717], [109.96500000000766, -7.294999999999717], [109.96500000000766, -7.284999999999717], [109.94500000000765, -7.284999999999717], [109.94500000000765, -7.274999999999717], [109.91500000000764, -7.274999999999717], [109.91500000000764, -7.264999999999717], [109.89500000000763, -7.264999999999717], [109.89500000000763, -7.244999999999718], [109.92500000000764, -7.244999999999718], [109.92500000000764, -7.234999999999718], [109.98500000000767, -7.234999999999718], [109.98500000000767, -7.224999999999718], [110.00500000000768, -7.224999999999718], [110.00500000000768, -7.234999999999718], [110.0350000000077, -7.234999999999718], [110.0350000000077, -7.244999999999718], [110.0450000000077, -7.244999999999718]]], [[[107.76500000000654, -7.14499999999972], [107.76500000000654, -7.15499999999972], [107.78500000000655, -7.15499999999972], [107.78500000000655, -7.164999999999719], [107.79500000000655, -7.164999999999719], [107.79500000000655, -7.174999999999719], [107.81500000000656, -7.174999999999719], [107.81500000000656, -7.184999999999719], [107.82500000000657, -7.184999999999719], [107.82500000000657, -7.194999999999719], [107.83500000000657, -7.194999999999719], [107.83500000000657, -7.2049999999997185], [107.84500000000658, -7.2049999999997185], [107.84500000000658, -7.214999999999718], [107.85500000000658, -7.214999999999718], [107.85500000000658, -7.234999999999718], [107.86500000000659, -7.234999999999718], [107.86500000000659, -7.264999999999717], [107.85500000000658, -7.264999999999717], [107.85500000000658, -7.274999999999717], [107.84500000000658, -7.274999999999717], [107.84500000000658, -7.284999999999717], [107.83500000000657, -7.284999999999717], [107.83500000000657, -7.294999999999717], [107.82500000000657, -7.294999999999717], [107.82500000000657, -7.304999999999716], [107.81500000000656, -7.304999999999716], [107.81500000000656, -7.314999999999716], [107.79500000000655, -7.314999999999716], [107.79500000000655, -7.324999999999716], [107.78500000000655, -7.324999999999716], [107.78500000000655, -7.334999999999716], [107.76500000000654, -7.334999999999716], [107.76500000000654, -7.3449999999997155], [107.56500000000644, -7.3449999999997155], [107.56500000000644, -7.334999999999716], [107.4850000000064, -7.334999999999716], [107.4850000000064, -7.324999999999716], [107.47500000000639, -7.324999999999716], [107.47500000000639, -7.314999999999716], [107.45500000000638, -7.314999999999716], [107.45500000000638, -7.304999999999716], [107.44500000000637, -7.304999999999716], [107.44500000000637, -7.294999999999717], [107.42500000000636, -7.294999999999717], [107.42500000000636, -7.284999999999717], [107.41500000000636, -7.284999999999717], [107.41500000000636, -7.274999999999717], [107.40500000000635, -7.274999999999717], [107.40500000000635, -7.264999999999717], [107.38500000000634, -7.264999999999717], [107.38500000000634, -7.214999999999718], [107.39500000000635, -7.214999999999718], [107.39500000000635, -7.194999999999719], [107.40500000000635, -7.194999999999719], [107.40500000000635, -7.174999999999719], [107.41500000000636, -7.174999999999719], [107.41500000000636, -7.164999999999719], [107.42500000000636, -7.164999999999719], [107.42500000000636, -7.15499999999972], [107.44500000000637, -7.15499999999972], [107.44500000000637, -7.14499999999972], [107.45500000000638, -7.14499999999972], [107.45500000000638, -7.13499999999972], [107.47500000000639, -7.13499999999972], [107.47500000000639, -7.12499999999972], [107.61500000000646, -7.12499999999972], [107.61500000000646, -7.13499999999972], [107.74500000000653, -7.13499999999972], [107.74500000000653, -7.14499999999972], [107.76500000000654, -7.14499999999972]]], [[[103.42500000000432, -4.134999999999784], [103.42500000000432, -4.144999999999784], [103.50500000000436, -4.144999999999784], [103.50500000000436, -4.1549999999997835], [103.52500000000437, -4.1549999999997835], [103.52500000000437, -4.164999999999783], [103.54500000000438, -4.164999999999783], [103.54500000000438, -4.174999999999783], [103.55500000000438, -4.174999999999783], [103.55500000000438, -4.184999999999783], [103.56500000000439, -4.184999999999783], [103.56500000000439, -4.194999999999783], [103.5850000000044, -4.194999999999783], [103.5850000000044, -4.2049999999997825], [103.5950000000044, -4.2049999999997825], [103.5950000000044, -4.214999999999782], [103.60500000000441, -4.214999999999782], [103.60500000000441, -4.224999999999782], [103.61500000000441, -4.224999999999782], [103.61500000000441, -4.244999999999782], [103.62500000000442, -4.244999999999782], [103.62500000000442, -4.264999999999781], [103.61500000000441, -4.264999999999781], [103.61500000000441, -4.284999999999781], [103.60500000000441, -4.284999999999781], [103.60500000000441, -4.30499999999978], [103.5950000000044, -4.30499999999978], [103.5950000000044, -4.32499999999978], [103.5850000000044, -4.32499999999978], [103.5850000000044, -4.3449999999997795], [103.5750000000044, -4.3449999999997795], [103.5750000000044, -4.354999999999779], [103.56500000000439, -4.354999999999779], [103.56500000000439, -4.374999999999779], [103.55500000000438, -4.374999999999779], [103.55500000000438, -4.384999999999779], [103.54500000000438, -4.384999999999779], [103.54500000000438, -4.394999999999778], [103.53500000000437, -4.394999999999778], [103.53500000000437, -4.414999999999778], [103.52500000000437, -4.414999999999778], [103.52500000000437, -4.424999999999778], [103.51500000000436, -4.424999999999778], [103.51500000000436, -4.434999999999778], [103.48500000000435, -4.434999999999778], [103.48500000000435, -4.424999999999778], [103.47500000000434, -4.424999999999778], [103.47500000000434, -4.414999999999778], [103.46500000000434, -4.414999999999778], [103.46500000000434, -4.404999999999778], [103.45500000000433, -4.404999999999778], [103.45500000000433, -4.394999999999778], [103.43500000000432, -4.394999999999778], [103.43500000000432, -4.384999999999779], [103.42500000000432, -4.384999999999779], [103.42500000000432, -4.374999999999779], [103.4050000000043, -4.374999999999779], [103.4050000000043, -4.364999999999779], [103.3850000000043, -4.364999999999779], [103.3850000000043, -4.354999999999779], [103.36500000000429, -4.354999999999779], [103.36500000000429, -4.3449999999997795], [103.34500000000428, -4.3449999999997795], [103.34500000000428, -4.33499999999978], [103.31500000000426, -4.33499999999978], [103.31500000000426, -4.32499999999978], [103.28500000000425, -4.32499999999978], [103.28500000000425, -4.31499999999978], [103.24500000000423, -4.31499999999978], [103.24500000000423, -4.30499999999978], [103.23500000000422, -4.30499999999978], [103.23500000000422, -4.2949999999997805], [103.22500000000421, -4.2949999999997805], [103.22500000000421, -4.284999999999781], [103.2050000000042, -4.284999999999781], [103.2050000000042, -4.274999999999781], [103.1950000000042, -4.274999999999781], [103.1950000000042, -4.264999999999781], [103.1850000000042, -4.264999999999781], [103.1850000000042, -4.254999999999781], [103.17500000000419, -4.254999999999781], [103.17500000000419, -4.224999999999782], [103.1850000000042, -4.224999999999782], [103.1850000000042, -4.194999999999783], [103.1950000000042, -4.194999999999783], [103.1950000000042, -4.164999999999783], [103.2050000000042, -4.164999999999783], [103.2050000000042, -4.1549999999997835], [103.21500000000421, -4.1549999999997835], [103.21500000000421, -4.134999999999784], [103.22500000000421, -4.134999999999784], [103.22500000000421, -4.124999999999784], [103.24500000000423, -4.124999999999784], [103.24500000000423, -4.114999999999784], [103.27500000000424, -4.114999999999784], [103.27500000000424, -4.124999999999784], [103.33500000000427, -4.124999999999784], [103.33500000000427, -4.134999999999784], [103.42500000000432, -4.134999999999784]]], [[[101.8150000000035, -2.4549999999998198], [101.8150000000035, -2.4649999999998196], [101.84500000000351, -2.4649999999998196], [101.84500000000351, -2.4749999999998193], [101.88500000000353, -2.4749999999998193], [101.88500000000353, -2.484999999999819], [101.92500000000355, -2.484999999999819], [101.92500000000355, -2.494999999999819], [101.96500000000357, -2.494999999999819], [101.96500000000357, -2.5049999999998187], [101.99500000000359, -2.5049999999998187], [101.99500000000359, -2.5149999999998185], [102.00500000000359, -2.5149999999998185], [102.00500000000359, -2.534999999999818], [102.0150000000036, -2.534999999999818], [102.0150000000036, -2.5549999999998176], [102.0250000000036, -2.5549999999998176], [102.0250000000036, -2.574999999999817], [102.0350000000036, -2.574999999999817], [102.0350000000036, -2.594999999999817], [102.04500000000361, -2.594999999999817], [102.04500000000361, -2.624999999999816], [102.05500000000362, -2.624999999999816], [102.05500000000362, -2.6449999999998157], [102.06500000000362, -2.6449999999998157], [102.06500000000362, -2.6649999999998153], [102.07500000000363, -2.6649999999998153], [102.07500000000363, -2.684999999999815], [102.08500000000363, -2.684999999999815], [102.08500000000363, -2.7049999999998144], [102.09500000000364, -2.7049999999998144], [102.09500000000364, -2.724999999999814], [102.10500000000364, -2.724999999999814], [102.10500000000364, -2.764999999999813], [102.09500000000364, -2.764999999999813], [102.09500000000364, -2.774999999999813], [102.08500000000363, -2.774999999999813], [102.08500000000363, -2.7849999999998127], [102.07500000000363, -2.7849999999998127], [102.07500000000363, -2.7949999999998125], [102.06500000000362, -2.7949999999998125], [102.06500000000362, -2.8049999999998123], [102.05500000000362, -2.8049999999998123], [102.05500000000362, -2.814999999999812], [102.0350000000036, -2.814999999999812], [102.0350000000036, -2.824999999999812], [102.0150000000036, -2.824999999999812], [102.0150000000036, -2.8349999999998117], [101.99500000000359, -2.8349999999998117], [101.99500000000359, -2.824999999999812], [101.96500000000357, -2.824999999999812], [101.96500000000357, -2.814999999999812], [101.94500000000356, -2.814999999999812], [101.94500000000356, -2.8049999999998123], [101.92500000000355, -2.8049999999998123], [101.92500000000355, -2.7949999999998125], [101.91500000000354, -2.7949999999998125], [101.91500000000354, -2.7849999999998127], [101.89500000000353, -2.7849999999998127], [101.89500000000353, -2.774999999999813], [101.87500000000352, -2.774999999999813], [101.87500000000352, -2.764999999999813], [101.86500000000352, -2.764999999999813], [101.86500000000352, -2.7549999999998134], [101.85500000000351, -2.7549999999998134], [101.85500000000351, -2.7449999999998136], [101.84500000000351, -2.7449999999998136], [101.84500000000351, -2.7049999999998144], [101.8350000000035, -2.7049999999998144], [101.8350000000035, -2.674999999999815], [101.8250000000035, -2.674999999999815], [101.8250000000035, -2.6549999999998155], [101.8150000000035, -2.6549999999998155], [101.8150000000035, -2.634999999999816], [101.80500000000349, -2.634999999999816], [101.80500000000349, -2.624999999999816], [101.79500000000348, -2.624999999999816], [101.79500000000348, -2.6149999999998164], [101.78500000000348, -2.6149999999998164], [101.78500000000348, -2.6049999999998166], [101.76500000000347, -2.6049999999998166], [101.76500000000347, -2.594999999999817], [101.74500000000346, -2.594999999999817], [101.74500000000346, -2.574999999999817], [101.73500000000345, -2.574999999999817], [101.73500000000345, -2.5549999999998176], [101.72500000000345, -2.5549999999998176], [101.72500000000345, -2.544999999999818], [101.71500000000344, -2.544999999999818], [101.71500000000344, -2.5249999999998183], [101.70500000000344, -2.5249999999998183], [101.70500000000344, -2.5049999999998187], [101.69500000000343, -2.5049999999998187], [101.69500000000343, -2.494999999999819], [101.70500000000344, -2.494999999999819], [101.70500000000344, -2.4749999999998193], [101.71500000000344, -2.4749999999998193], [101.71500000000344, -2.4649999999998196], [101.72500000000345, -2.4649999999998196], [101.72500000000345, -2.44499999999982], [101.73500000000345, -2.44499999999982], [101.73500000000345, -2.43499999999982], [101.77500000000347, -2.43499999999982], [101.77500000000347, -2.44499999999982], [101.79500000000348, -2.44499999999982], [101.79500000000348, -2.4549999999998198], [101.8150000000035, -2.4549999999998198]]], [[[101.32500000000324, -1.644999999999837], [101.32500000000324, -1.6549999999998368], [101.35500000000326, -1.6549999999998368], [101.35500000000326, -1.6649999999998366], [101.38500000000327, -1.6649999999998366], [101.38500000000327, -1.6749999999998364], [101.41500000000329, -1.6749999999998364], [101.41500000000329, -1.6849999999998362], [101.4450000000033, -1.6849999999998362], [101.4450000000033, -1.694999999999836], [101.47500000000332, -1.694999999999836], [101.47500000000332, -1.7049999999998358], [101.50500000000334, -1.7049999999998358], [101.50500000000334, -1.7149999999998355], [101.52500000000335, -1.7149999999998355], [101.52500000000335, -1.7249999999998353], [101.54500000000336, -1.7249999999998353], [101.54500000000336, -1.7349999999998351], [101.56500000000337, -1.7349999999998351], [101.56500000000337, -1.744999999999835], [101.58500000000338, -1.744999999999835], [101.58500000000338, -1.7749999999998343], [101.59500000000338, -1.7749999999998343], [101.59500000000338, -1.8149999999998334], [101.60500000000339, -1.8149999999998334], [101.60500000000339, -1.8549999999998326], [101.61500000000339, -1.8549999999998326], [101.61500000000339, -1.8949999999998317], [101.6250000000034, -1.8949999999998317], [101.6250000000034, -1.9349999999998309], [101.6350000000034, -1.9349999999998309], [101.6350000000034, -1.9649999999998302], [101.6450000000034, -1.9649999999998302], [101.6450000000034, -2.014999999999829], [101.6350000000034, -2.014999999999829], [101.6350000000034, -2.0349999999998287], [101.6250000000034, -2.0349999999998287], [101.6250000000034, -2.0449999999998285], [101.61500000000339, -2.0449999999998285], [101.61500000000339, -2.0549999999998283], [101.60500000000339, -2.0549999999998283], [101.60500000000339, -2.064999999999828], [101.59500000000338, -2.064999999999828], [101.59500000000338, -2.074999999999828], [101.58500000000338, -2.074999999999828], [101.58500000000338, -2.0849999999998277], [101.57500000000337, -2.0849999999998277], [101.57500000000337, -2.0949999999998274], [101.56500000000337, -2.0949999999998274], [101.56500000000337, -2.1049999999998272], [101.55500000000336, -2.1049999999998272], [101.55500000000336, -2.114999999999827], [101.54500000000336, -2.114999999999827], [101.54500000000336, -2.124999999999827], [101.53500000000335, -2.124999999999827], [101.53500000000335, -2.1349999999998266], [101.51500000000334, -2.1349999999998266], [101.51500000000334, -2.1449999999998264], [101.48500000000332, -2.1449999999998264], [101.48500000000332, -2.1349999999998266], [101.47500000000332, -2.1349999999998266], [101.47500000000332, -2.124999999999827], [101.46500000000331, -2.124999999999827], [101.46500000000331, -2.114999999999827], [101.4450000000033, -2.114999999999827], [101.4450000000033, -2.1049999999998272], [101.4350000000033, -2.1049999999998272], [101.4350000000033, -2.0949999999998274], [101.41500000000329, -2.0949999999998274], [101.41500000000329, -2.0849999999998277], [101.40500000000328, -2.0849999999998277], [101.40500000000328, -2.074999999999828], [101.38500000000327, -2.074999999999828], [101.38500000000327, -2.064999999999828], [101.36500000000326, -2.064999999999828], [101.36500000000326, -2.0549999999998283], [101.34500000000325, -2.0549999999998283], [101.34500000000325, -2.0449999999998285], [101.32500000000324, -2.0449999999998285], [101.32500000000324, -2.0349999999998287], [101.29500000000323, -2.0349999999998287], [101.29500000000323, -2.024999999999829], [101.26500000000321, -2.024999999999829], [101.26500000000321, -2.014999999999829], [101.2450000000032, -2.014999999999829], [101.2450000000032, -2.0049999999998294], [101.2350000000032, -2.0049999999998294], [101.2350000000032, -1.9849999999998298], [101.22500000000319, -1.9849999999998298], [101.22500000000319, -1.9649999999998302], [101.21500000000319, -1.9649999999998302], [101.21500000000319, -1.9549999999998304], [101.20500000000318, -1.9549999999998304], [101.20500000000318, -1.9349999999998309], [101.19500000000318, -1.9349999999998309], [101.19500000000318, -1.9149999999998313], [101.18500000000317, -1.9149999999998313], [101.18500000000317, -1.9049999999998315], [101.17500000000317, -1.9049999999998315], [101.17500000000317, -1.884999999999832], [101.16500000000316, -1.884999999999832], [101.16500000000316, -1.8749999999998321], [101.15500000000316, -1.8749999999998321], [101.15500000000316, -1.8549999999998326], [101.14500000000315, -1.8549999999998326], [101.14500000000315, -1.834999999999833], [101.13500000000315, -1.834999999999833], [101.13500000000315, -1.8249999999998332], [101.12500000000314, -1.8249999999998332], [101.12500000000314, -1.8049999999998336], [101.11500000000314, -1.8049999999998336], [101.11500000000314, -1.784999999999834], [101.10500000000313, -1.784999999999834], [101.10500000000313, -1.7749999999998343], [101.09500000000313, -1.7749999999998343], [101.09500000000313, -1.7249999999998353], [101.10500000000313, -1.7249999999998353], [101.10500000000313, -1.7149999999998355], [101.11500000000314, -1.7149999999998355], [101.11500000000314, -1.7049999999998358], [101.12500000000314, -1.7049999999998358], [101.12500000000314, -1.694999999999836], [101.13500000000315, -1.694999999999836], [101.13500000000315, -1.6849999999998362], [101.14500000000315, -1.6849999999998362], [101.14500000000315, -1.6749999999998364], [101.15500000000316, -1.6749999999998364], [101.15500000000316, -1.6649999999998366], [101.17500000000317, -1.6649999999998366], [101.17500000000317, -1.6549999999998368], [101.19500000000318, -1.6549999999998368], [101.19500000000318, -1.644999999999837], [101.21500000000319, -1.644999999999837], [101.21500000000319, -1.6349999999998373], [101.2450000000032, -1.6349999999998373], [101.2450000000032, -1.6249999999998375], [101.25500000000321, -1.6249999999998375], [101.25500000000321, -1.6349999999998373], [101.28500000000322, -1.6349999999998373], [101.28500000000322, -1.644999999999837], [101.32500000000324, -1.644999999999837]]], [[[100.78500000000297, -1.1149999999998483], [100.78500000000297, -1.134999999999848], [100.79500000000297, -1.134999999999848], [100.79500000000297, -1.1649999999998473], [100.80500000000298, -1.1649999999998473], [100.80500000000298, -1.2049999999998464], [100.81500000000298, -1.2049999999998464], [100.81500000000298, -1.2549999999998454], [100.80500000000298, -1.2549999999998454], [100.80500000000298, -1.2649999999998451], [100.79500000000297, -1.2649999999998451], [100.79500000000297, -1.274999999999845], [100.77500000000296, -1.274999999999845], [100.77500000000296, -1.2849999999998447], [100.74500000000295, -1.2849999999998447], [100.74500000000295, -1.274999999999845], [100.73500000000294, -1.274999999999845], [100.73500000000294, -1.2549999999998454], [100.72500000000294, -1.2549999999998454], [100.72500000000294, -1.1949999999998466], [100.73500000000294, -1.1949999999998466], [100.73500000000294, -1.1249999999998481], [100.74500000000295, -1.1249999999998481], [100.74500000000295, -1.084999999999849], [100.76500000000296, -1.084999999999849], [100.76500000000296, -1.1049999999998485], [100.77500000000296, -1.1049999999998485], [100.77500000000296, -1.1149999999998483], [100.78500000000297, -1.1149999999998483]]], [[[116.05500000001078, 1.545000000000095], [116.05500000001078, 1.5350000000000952], [116.06500000001078, 1.5350000000000952], [116.06500000001078, 1.5550000000000948], [116.07500000001079, 1.5550000000000948], [116.07500000001079, 1.545000000000095], [116.0850000000108, 1.545000000000095], [116.0850000000108, 1.5350000000000952], [116.1050000000108, 1.5350000000000952], [116.1050000000108, 1.5250000000000954], [116.11500000001081, 1.5250000000000954], [116.11500000001081, 1.5050000000000958], [116.12500000001081, 1.5050000000000958], [116.12500000001081, 1.495000000000096], [116.11500000001081, 1.495000000000096], [116.11500000001081, 1.4850000000000962], [116.1050000000108, 1.4850000000000962], [116.1050000000108, 1.4750000000000965], [116.0950000000108, 1.4750000000000965], [116.0950000000108, 1.4650000000000967], [116.0850000000108, 1.4650000000000967], [116.0850000000108, 1.4550000000000969], [116.07500000001079, 1.4550000000000969], [116.07500000001079, 1.445000000000097], [116.06500000001078, 1.445000000000097], [116.06500000001078, 1.4650000000000967], [116.05500000001078, 1.4650000000000967], [116.05500000001078, 1.4550000000000969], [116.04500000001077, 1.4550000000000969], [116.04500000001077, 1.445000000000097], [116.02500000001076, 1.445000000000097], [116.02500000001076, 1.4350000000000973], [116.01500000001076, 1.4350000000000973], [116.01500000001076, 1.4250000000000975], [115.99500000001075, 1.4250000000000975], [115.99500000001075, 1.4350000000000973], [115.98500000001074, 1.4350000000000973], [115.98500000001074, 1.445000000000097], [115.97500000001074, 1.445000000000097], [115.97500000001074, 1.4650000000000967], [115.96500000001073, 1.4650000000000967], [115.96500000001073, 1.495000000000096], [115.95500000001073, 1.495000000000096], [115.95500000001073, 1.5050000000000958], [115.96500000001073, 1.5050000000000958], [115.96500000001073, 1.5250000000000954], [115.97500000001074, 1.5250000000000954], [115.97500000001074, 1.545000000000095], [115.98500000001074, 1.545000000000095], [115.98500000001074, 1.5550000000000948], [115.99500000001075, 1.5550000000000948], [115.99500000001075, 1.5650000000000945], [116.02500000001076, 1.5650000000000945], [116.02500000001076, 1.5550000000000948], [116.03500000001077, 1.5550000000000948], [116.03500000001077, 1.545000000000095], [116.05500000001078, 1.545000000000095]]], [[[98.77500000000194, 2.3650000000000775], [98.77500000000194, 2.3550000000000777], [98.78500000000194, 2.3550000000000777], [98.78500000000194, 2.345000000000078], [98.79500000000195, 2.345000000000078], [98.79500000000195, 2.335000000000078], [98.81500000000196, 2.335000000000078], [98.81500000000196, 2.3250000000000783], [98.82500000000196, 2.3250000000000783], [98.82500000000196, 2.3150000000000786], [98.84500000000197, 2.3150000000000786], [98.84500000000197, 2.3050000000000788], [98.86500000000198, 2.3050000000000788], [98.86500000000198, 2.295000000000079], [98.885000000002, 2.295000000000079], [98.885000000002, 2.285000000000079], [98.905000000002, 2.285000000000079], [98.905000000002, 2.2750000000000794], [98.93500000000202, 2.2750000000000794], [98.93500000000202, 2.2650000000000796], [98.96500000000204, 2.2650000000000796], [98.96500000000204, 2.25500000000008], [98.98500000000205, 2.25500000000008], [98.98500000000205, 2.24500000000008], [99.01500000000206, 2.24500000000008], [99.01500000000206, 2.25500000000008], [99.05500000000208, 2.25500000000008], [99.05500000000208, 2.2650000000000796], [99.0850000000021, 2.2650000000000796], [99.0850000000021, 2.2750000000000794], [99.11500000000211, 2.2750000000000794], [99.11500000000211, 2.285000000000079], [99.13500000000212, 2.285000000000079], [99.13500000000212, 2.295000000000079], [99.15500000000213, 2.295000000000079], [99.15500000000213, 2.3050000000000788], [99.17500000000214, 2.3050000000000788], [99.17500000000214, 2.3150000000000786], [99.19500000000215, 2.3150000000000786], [99.19500000000215, 2.3250000000000783], [99.20500000000216, 2.3250000000000783], [99.20500000000216, 2.335000000000078], [99.21500000000216, 2.335000000000078], [99.21500000000216, 2.345000000000078], [99.22500000000217, 2.345000000000078], [99.22500000000217, 2.3550000000000777], [99.23500000000217, 2.3550000000000777], [99.23500000000217, 2.3650000000000775], [99.24500000000218, 2.3650000000000775], [99.24500000000218, 2.3750000000000773], [99.25500000000218, 2.3750000000000773], [99.25500000000218, 2.3550000000000777], [99.26500000000219, 2.3550000000000777], [99.26500000000219, 2.335000000000078], [99.2750000000022, 2.335000000000078], [99.2750000000022, 2.3150000000000786], [99.2850000000022, 2.3150000000000786], [99.2850000000022, 2.295000000000079], [99.2950000000022, 2.295000000000079], [99.2950000000022, 2.2750000000000794], [99.30500000000221, 2.2750000000000794], [99.30500000000221, 2.2650000000000796], [99.31500000000221, 2.2650000000000796], [99.31500000000221, 2.2250000000000805], [99.30500000000221, 2.2250000000000805], [99.30500000000221, 2.195000000000081], [99.2950000000022, 2.195000000000081], [99.2950000000022, 2.1750000000000815], [99.2850000000022, 2.1750000000000815], [99.2850000000022, 2.145000000000082], [99.2750000000022, 2.145000000000082], [99.2750000000022, 2.1250000000000826], [99.26500000000219, 2.1250000000000826], [99.26500000000219, 2.105000000000083], [99.25500000000218, 2.105000000000083], [99.25500000000218, 2.0950000000000832], [99.18500000000215, 2.0950000000000832], [99.18500000000215, 2.0850000000000835], [99.0950000000021, 2.0850000000000835], [99.0950000000021, 2.0750000000000837], [99.06500000000209, 2.0750000000000837], [99.06500000000209, 2.065000000000084], [99.05500000000208, 2.065000000000084], [99.05500000000208, 2.055000000000084], [99.04500000000208, 2.055000000000084], [99.04500000000208, 2.0450000000000843], [99.03500000000207, 2.0450000000000843], [99.03500000000207, 2.015000000000085], [99.02500000000207, 2.015000000000085], [99.02500000000207, 2.005000000000085], [99.01500000000206, 2.005000000000085], [99.01500000000206, 1.9950000000000854], [98.99500000000205, 1.9950000000000854], [98.99500000000205, 2.1250000000000826], [98.98500000000205, 2.1250000000000826], [98.98500000000205, 2.155000000000082], [98.97500000000204, 2.155000000000082], [98.97500000000204, 2.1650000000000817], [98.91500000000201, 2.1650000000000817], [98.91500000000201, 2.1750000000000815], [98.74500000000192, 2.1750000000000815], [98.74500000000192, 2.1850000000000813], [98.73500000000192, 2.1850000000000813], [98.73500000000192, 2.195000000000081], [98.71500000000191, 2.195000000000081], [98.71500000000191, 2.205000000000081], [98.7050000000019, 2.205000000000081], [98.7050000000019, 2.2150000000000807], [98.6950000000019, 2.2150000000000807], [98.6950000000019, 2.2250000000000805], [98.68500000000189, 2.2250000000000805], [98.68500000000189, 2.2350000000000803], [98.67500000000189, 2.2350000000000803], [98.67500000000189, 2.24500000000008], [98.66500000000188, 2.24500000000008], [98.66500000000188, 2.285000000000079], [98.67500000000189, 2.285000000000079], [98.67500000000189, 2.3250000000000783], [98.68500000000189, 2.3250000000000783], [98.68500000000189, 2.3550000000000777], [98.6950000000019, 2.3550000000000777], [98.6950000000019, 2.3650000000000775], [98.7050000000019, 2.3650000000000775], [98.7050000000019, 2.3750000000000773], [98.72500000000191, 2.3750000000000773], [98.72500000000191, 2.385000000000077], [98.75500000000193, 2.385000000000077], [98.75500000000193, 2.3750000000000773], [98.76500000000193, 2.3750000000000773], [98.76500000000193, 2.3650000000000775], [98.77500000000194, 2.3650000000000775]]], [[[98.52500000000181, 2.615000000000072], [98.52500000000181, 2.5950000000000726], [98.53500000000182, 2.5950000000000726], [98.53500000000182, 2.585000000000073], [98.54500000000182, 2.585000000000073], [98.54500000000182, 2.575000000000073], [98.55500000000183, 2.575000000000073], [98.55500000000183, 2.565000000000073], [98.56500000000183, 2.565000000000073], [98.56500000000183, 2.5550000000000734], [98.57500000000184, 2.5550000000000734], [98.57500000000184, 2.5450000000000736], [98.58500000000184, 2.5450000000000736], [98.58500000000184, 2.535000000000074], [98.59500000000185, 2.535000000000074], [98.59500000000185, 2.525000000000074], [98.60500000000185, 2.525000000000074], [98.60500000000185, 2.5150000000000743], [98.61500000000186, 2.5150000000000743], [98.61500000000186, 2.5050000000000745], [98.62500000000186, 2.5050000000000745], [98.62500000000186, 2.4650000000000754], [98.61500000000186, 2.4650000000000754], [98.61500000000186, 2.4550000000000756], [98.60500000000185, 2.4550000000000756], [98.60500000000185, 2.445000000000076], [98.58500000000184, 2.445000000000076], [98.58500000000184, 2.435000000000076], [98.55500000000183, 2.435000000000076], [98.55500000000183, 2.425000000000076], [98.4950000000018, 2.425000000000076], [98.4950000000018, 2.435000000000076], [98.48500000000179, 2.435000000000076], [98.48500000000179, 2.445000000000076], [98.47500000000178, 2.445000000000076], [98.47500000000178, 2.4550000000000756], [98.46500000000178, 2.4550000000000756], [98.46500000000178, 2.475000000000075], [98.45500000000177, 2.475000000000075], [98.45500000000177, 2.485000000000075], [98.44500000000177, 2.485000000000075], [98.44500000000177, 2.525000000000074], [98.45500000000177, 2.525000000000074], [98.45500000000177, 2.565000000000073], [98.46500000000178, 2.565000000000073], [98.46500000000178, 2.5950000000000726], [98.47500000000178, 2.5950000000000726], [98.47500000000178, 2.615000000000072], [98.48500000000179, 2.615000000000072], [98.48500000000179, 2.625000000000072], [98.4950000000018, 2.625000000000072], [98.4950000000018, 2.6350000000000717], [98.5050000000018, 2.6350000000000717], [98.5050000000018, 2.625000000000072], [98.5150000000018, 2.625000000000072], [98.5150000000018, 2.615000000000072], [98.52500000000181, 2.615000000000072]]], [[[98.52500000000181, 3.0750000000000624], [98.52500000000181, 3.0650000000000626], [98.53500000000182, 3.0650000000000626], [98.53500000000182, 3.0550000000000628], [98.54500000000182, 3.0550000000000628], [98.54500000000182, 3.045000000000063], [98.55500000000183, 3.045000000000063], [98.55500000000183, 3.035000000000063], [98.57500000000184, 3.035000000000063], [98.57500000000184, 3.0250000000000634], [98.59500000000185, 3.0250000000000634], [98.59500000000185, 3.0150000000000636], [98.62500000000186, 3.0150000000000636], [98.62500000000186, 3.005000000000064], [98.64500000000187, 3.005000000000064], [98.64500000000187, 2.995000000000064], [98.61500000000186, 2.995000000000064], [98.61500000000186, 2.9850000000000643], [98.58500000000184, 2.9850000000000643], [98.58500000000184, 2.9750000000000645], [98.55500000000183, 2.9750000000000645], [98.55500000000183, 2.9650000000000647], [98.53500000000182, 2.9650000000000647], [98.53500000000182, 2.955000000000065], [98.52500000000181, 2.955000000000065], [98.52500000000181, 2.945000000000065], [98.5150000000018, 2.945000000000065], [98.5150000000018, 2.9350000000000653], [98.4950000000018, 2.9350000000000653], [98.4950000000018, 2.945000000000065], [98.48500000000179, 2.945000000000065], [98.48500000000179, 2.9650000000000647], [98.47500000000178, 2.9650000000000647], [98.47500000000178, 2.995000000000064], [98.46500000000178, 2.995000000000064], [98.46500000000178, 3.0150000000000636], [98.47500000000178, 3.0150000000000636], [98.47500000000178, 3.0650000000000626], [98.48500000000179, 3.0650000000000626], [98.48500000000179, 3.095000000000062], [98.4950000000018, 3.095000000000062], [98.4950000000018, 3.1050000000000617], [98.5050000000018, 3.1050000000000617], [98.5050000000018, 3.095000000000062], [98.5150000000018, 3.095000000000062], [98.5150000000018, 3.0750000000000624], [98.52500000000181, 3.0750000000000624]]], [[[115.85500000001068, 4.4750000000000325], [115.85500000001068, 4.465000000000033], [115.87500000001069, 4.465000000000033], [115.87500000001069, 4.455000000000033], [115.88500000001069, 4.455000000000033], [115.88500000001069, 4.445000000000033], [115.9050000000107, 4.445000000000033], [115.9050000000107, 4.435000000000033], [115.9150000000107, 4.435000000000033], [115.9150000000107, 4.425000000000034], [115.92500000001071, 4.425000000000034], [115.92500000001071, 4.405000000000034], [115.93500000001072, 4.405000000000034], [115.93500000001072, 4.395000000000034], [115.94500000001072, 4.395000000000034], [115.94500000001072, 4.375000000000035], [115.95500000001073, 4.375000000000035], [115.95500000001073, 4.345000000000035], [115.96500000001073, 4.345000000000035], [115.96500000001073, 4.315000000000036], [115.97500000001074, 4.315000000000036], [115.97500000001074, 4.275000000000037], [115.98500000001074, 4.275000000000037], [115.98500000001074, 4.245000000000037], [115.97500000001074, 4.245000000000037], [115.97500000001074, 4.225000000000038], [115.96500000001073, 4.225000000000038], [115.96500000001073, 4.215000000000038], [115.95500000001073, 4.215000000000038], [115.95500000001073, 4.205000000000038], [115.94500000001072, 4.205000000000038], [115.94500000001072, 4.185000000000039], [115.93500000001072, 4.185000000000039], [115.93500000001072, 4.175000000000039], [115.92500000001071, 4.175000000000039], [115.92500000001071, 4.165000000000039], [115.9150000000107, 4.165000000000039], [115.9150000000107, 4.155000000000039], [115.8950000000107, 4.155000000000039], [115.8950000000107, 4.1450000000000395], [115.88500000001069, 4.1450000000000395], [115.88500000001069, 4.13500000000004], [115.87500000001069, 4.13500000000004], [115.87500000001069, 4.12500000000004], [115.85500000001068, 4.12500000000004], [115.85500000001068, 4.11500000000004], [115.84500000001067, 4.11500000000004], [115.84500000001067, 4.10500000000004], [115.82500000001066, 4.10500000000004], [115.82500000001066, 4.095000000000041], [115.80500000001065, 4.095000000000041], [115.80500000001065, 4.085000000000041], [115.77500000001064, 4.085000000000041], [115.77500000001064, 4.075000000000041], [115.75500000001063, 4.075000000000041], [115.75500000001063, 4.065000000000041], [115.73500000001061, 4.065000000000041], [115.73500000001061, 4.0550000000000415], [115.7150000000106, 4.0550000000000415], [115.7150000000106, 4.045000000000042], [115.7050000000106, 4.045000000000042], [115.7050000000106, 4.035000000000042], [115.6950000000106, 4.035000000000042], [115.6950000000106, 4.015000000000042], [115.68500000001059, 4.015000000000042], [115.68500000001059, 3.9950000000000427], [115.67500000001058, 3.9950000000000427], [115.67500000001058, 3.9650000000000434], [115.66500000001058, 3.9650000000000434], [115.66500000001058, 3.945000000000044], [115.65500000001057, 3.945000000000044], [115.65500000001057, 3.9250000000000442], [115.64500000001057, 3.9250000000000442], [115.64500000001057, 3.895000000000045], [115.63500000001056, 3.895000000000045], [115.63500000001056, 3.8750000000000453], [115.62500000001056, 3.8750000000000453], [115.62500000001056, 3.8550000000000457], [115.61500000001055, 3.8550000000000457], [115.61500000001055, 3.835000000000046], [115.60500000001055, 3.835000000000046], [115.60500000001055, 3.8150000000000466], [115.59500000001054, 3.8150000000000466], [115.59500000001054, 3.805000000000047], [115.58500000001054, 3.805000000000047], [115.58500000001054, 3.785000000000047], [115.57500000001053, 3.785000000000047], [115.57500000001053, 3.7650000000000476], [115.56500000001053, 3.7650000000000476], [115.56500000001053, 3.5950000000000513], [115.57500000001053, 3.5950000000000513], [115.57500000001053, 3.4950000000000534], [115.56500000001053, 3.4950000000000534], [115.56500000001053, 3.4850000000000536], [115.55500000001052, 3.4850000000000536], [115.55500000001052, 3.475000000000054], [115.54500000001052, 3.475000000000054], [115.54500000001052, 3.465000000000054], [115.53500000001051, 3.465000000000054], [115.53500000001051, 3.4550000000000542], [115.5150000000105, 3.4550000000000542], [115.5150000000105, 3.4450000000000545], [115.49500000001049, 3.4450000000000545], [115.49500000001049, 3.4550000000000542], [115.48500000001049, 3.4550000000000542], [115.48500000001049, 3.465000000000054], [115.47500000001048, 3.465000000000054], [115.47500000001048, 3.475000000000054], [115.46500000001048, 3.475000000000054], [115.46500000001048, 3.4850000000000536], [115.45500000001047, 3.4850000000000536], [115.45500000001047, 3.4950000000000534], [115.44500000001047, 3.4950000000000534], [115.44500000001047, 3.6350000000000504], [115.45500000001047, 3.6350000000000504], [115.45500000001047, 3.7750000000000474], [115.44500000001047, 3.7750000000000474], [115.44500000001047, 3.8250000000000464], [115.43500000001046, 3.8250000000000464], [115.43500000001046, 3.9250000000000442], [115.42500000001046, 3.9250000000000442], [115.42500000001046, 4.015000000000042], [115.43500000001046, 4.015000000000042], [115.43500000001046, 4.035000000000042], [115.44500000001047, 4.035000000000042], [115.44500000001047, 4.065000000000041], [115.45500000001047, 4.065000000000041], [115.45500000001047, 4.085000000000041], [115.46500000001048, 4.085000000000041], [115.46500000001048, 4.10500000000004], [115.47500000001048, 4.10500000000004], [115.47500000001048, 4.12500000000004], [115.48500000001049, 4.12500000000004], [115.48500000001049, 4.1450000000000395], [115.49500000001049, 4.1450000000000395], [115.49500000001049, 4.155000000000039], [115.5050000000105, 4.155000000000039], [115.5050000000105, 4.165000000000039], [115.52500000001051, 4.165000000000039], [115.52500000001051, 4.175000000000039], [115.54500000001052, 4.175000000000039], [115.54500000001052, 4.185000000000039], [115.55500000001052, 4.185000000000039], [115.55500000001052, 4.1950000000000385], [115.56500000001053, 4.1950000000000385], [115.56500000001053, 4.205000000000038], [115.57500000001053, 4.205000000000038], [115.57500000001053, 4.225000000000038], [115.58500000001054, 4.225000000000038], [115.58500000001054, 4.245000000000037], [115.59500000001054, 4.245000000000037], [115.59500000001054, 4.265000000000037], [115.60500000001055, 4.265000000000037], [115.60500000001055, 4.275000000000037], [115.61500000001055, 4.275000000000037], [115.61500000001055, 4.295000000000036], [115.62500000001056, 4.295000000000036], [115.62500000001056, 4.305000000000036], [115.63500000001056, 4.305000000000036], [115.63500000001056, 4.325000000000036], [115.64500000001057, 4.325000000000036], [115.64500000001057, 4.3350000000000355], [115.65500000001057, 4.3350000000000355], [115.65500000001057, 4.355000000000035], [115.66500000001058, 4.355000000000035], [115.66500000001058, 4.365000000000035], [115.67500000001058, 4.365000000000035], [115.67500000001058, 4.385000000000034], [115.68500000001059, 4.385000000000034], [115.68500000001059, 4.395000000000034], [115.6950000000106, 4.395000000000034], [115.6950000000106, 4.415000000000034], [115.7050000000106, 4.415000000000034], [115.7050000000106, 4.435000000000033], [115.7150000000106, 4.435000000000033], [115.7150000000106, 4.455000000000033], [115.72500000001061, 4.455000000000033], [115.72500000001061, 4.465000000000033], [115.73500000001061, 4.465000000000033], [115.73500000001061, 4.485000000000032], [115.74500000001062, 4.485000000000032], [115.74500000001062, 4.495000000000032], [115.80500000001065, 4.495000000000032], [115.80500000001065, 4.485000000000032], [115.83500000001067, 4.485000000000032], [115.83500000001067, 4.4750000000000325], [115.85500000001068, 4.4750000000000325]]], [[[96.83500000000095, 4.725000000000027], [96.84500000000095, 4.725000000000027], [96.84500000000095, 4.715000000000027], [96.86500000000096, 4.715000000000027], [96.86500000000096, 4.705000000000028], [96.87500000000097, 4.705000000000028], [96.87500000000097, 4.695000000000028], [96.88500000000097, 4.695000000000028], [96.88500000000097, 4.685000000000028], [96.89500000000098, 4.685000000000028], [96.89500000000098, 4.675000000000028], [96.90500000000098, 4.675000000000028], [96.90500000000098, 4.6650000000000285], [96.91500000000099, 4.6650000000000285], [96.91500000000099, 4.645000000000029], [96.92500000000099, 4.645000000000029], [96.92500000000099, 4.625000000000029], [96.935000000001, 4.625000000000029], [96.935000000001, 4.6150000000000295], [96.945000000001, 4.6150000000000295], [96.945000000001, 4.58500000000003], [96.95500000000101, 4.58500000000003], [96.95500000000101, 4.555000000000031], [96.96500000000101, 4.555000000000031], [96.96500000000101, 4.525000000000031], [96.97500000000102, 4.525000000000031], [96.97500000000102, 4.495000000000032], [96.98500000000102, 4.495000000000032], [96.98500000000102, 4.485000000000032], [97.00500000000103, 4.485000000000032], [97.00500000000103, 4.4750000000000325], [97.01500000000104, 4.4750000000000325], [97.01500000000104, 4.465000000000033], [97.03500000000105, 4.465000000000033], [97.03500000000105, 4.455000000000033], [97.05500000000106, 4.455000000000033], [97.05500000000106, 4.445000000000033], [97.07500000000107, 4.445000000000033], [97.07500000000107, 4.435000000000033], [97.09500000000108, 4.435000000000033], [97.09500000000108, 4.425000000000034], [97.1250000000011, 4.425000000000034], [97.1250000000011, 4.415000000000034], [97.15500000000111, 4.415000000000034], [97.15500000000111, 4.405000000000034], [97.18500000000112, 4.405000000000034], [97.18500000000112, 4.395000000000034], [97.21500000000114, 4.395000000000034], [97.21500000000114, 4.385000000000034], [97.24500000000116, 4.385000000000034], [97.24500000000116, 4.375000000000035], [97.26500000000117, 4.375000000000035], [97.26500000000117, 4.365000000000035], [97.27500000000117, 4.365000000000035], [97.27500000000117, 4.355000000000035], [97.29500000000118, 4.355000000000035], [97.29500000000118, 4.345000000000035], [97.30500000000119, 4.345000000000035], [97.30500000000119, 4.3350000000000355], [97.3250000000012, 4.3350000000000355], [97.3250000000012, 4.325000000000036], [97.3350000000012, 4.325000000000036], [97.3350000000012, 4.315000000000036], [97.3450000000012, 4.315000000000036], [97.3450000000012, 4.305000000000036], [97.36500000000122, 4.305000000000036], [97.36500000000122, 4.295000000000036], [97.37500000000122, 4.295000000000036], [97.37500000000122, 4.285000000000037], [97.38500000000123, 4.285000000000037], [97.38500000000123, 4.275000000000037], [97.39500000000123, 4.275000000000037], [97.39500000000123, 4.265000000000037], [97.41500000000124, 4.265000000000037], [97.41500000000124, 4.255000000000037], [97.42500000000125, 4.255000000000037], [97.42500000000125, 4.235000000000038], [97.43500000000125, 4.235000000000038], [97.43500000000125, 4.225000000000038], [97.44500000000126, 4.225000000000038], [97.44500000000126, 4.205000000000038], [97.45500000000126, 4.205000000000038], [97.45500000000126, 4.1950000000000385], [97.46500000000127, 4.1950000000000385], [97.46500000000127, 4.175000000000039], [97.47500000000127, 4.175000000000039], [97.47500000000127, 4.165000000000039], [97.48500000000128, 4.165000000000039], [97.48500000000128, 4.155000000000039], [97.49500000000128, 4.155000000000039], [97.49500000000128, 4.1450000000000395], [97.50500000000129, 4.1450000000000395], [97.50500000000129, 4.13500000000004], [97.5150000000013, 4.13500000000004], [97.5150000000013, 4.12500000000004], [97.5250000000013, 4.12500000000004], [97.5250000000013, 4.11500000000004], [97.5350000000013, 4.11500000000004], [97.5350000000013, 4.095000000000041], [97.54500000000131, 4.095000000000041], [97.54500000000131, 4.085000000000041], [97.55500000000131, 4.085000000000041], [97.55500000000131, 4.075000000000041], [97.57500000000132, 4.075000000000041], [97.57500000000132, 4.065000000000041], [97.58500000000133, 4.065000000000041], [97.58500000000133, 4.0550000000000415], [97.59500000000133, 4.0550000000000415], [97.59500000000133, 4.045000000000042], [97.60500000000134, 4.045000000000042], [97.60500000000134, 4.035000000000042], [97.62500000000135, 4.035000000000042], [97.62500000000135, 4.025000000000042], [97.64500000000136, 4.025000000000042], [97.64500000000136, 4.015000000000042], [97.65500000000137, 4.015000000000042], [97.65500000000137, 4.0050000000000425], [97.67500000000138, 4.0050000000000425], [97.67500000000138, 3.9950000000000427], [97.69500000000139, 3.9950000000000427], [97.69500000000139, 3.985000000000043], [97.70500000000139, 3.985000000000043], [97.70500000000139, 3.975000000000043], [97.7150000000014, 3.975000000000043], [97.7150000000014, 3.9650000000000434], [97.7250000000014, 3.9650000000000434], [97.7250000000014, 3.9550000000000436], [97.7350000000014, 3.9550000000000436], [97.7350000000014, 3.945000000000044], [97.74500000000141, 3.945000000000044], [97.74500000000141, 3.9250000000000442], [97.75500000000142, 3.9250000000000442], [97.75500000000142, 3.895000000000045], [97.76500000000142, 3.895000000000045], [97.76500000000142, 3.8650000000000455], [97.77500000000143, 3.8650000000000455], [97.77500000000143, 3.8250000000000464], [97.78500000000143, 3.8250000000000464], [97.78500000000143, 3.785000000000047], [97.79500000000144, 3.785000000000047], [97.79500000000144, 3.7350000000000483], [97.78500000000143, 3.7350000000000483], [97.78500000000143, 3.7150000000000487], [97.77500000000143, 3.7150000000000487], [97.77500000000143, 3.695000000000049], [97.76500000000142, 3.695000000000049], [97.76500000000142, 3.6850000000000493], [97.75500000000142, 3.6850000000000493], [97.75500000000142, 3.6750000000000496], [97.74500000000141, 3.6750000000000496], [97.74500000000141, 3.6650000000000498], [97.7350000000014, 3.6650000000000498], [97.7350000000014, 3.65500000000005], [97.7250000000014, 3.65500000000005], [97.7250000000014, 3.6350000000000504], [97.7150000000014, 3.6350000000000504], [97.7150000000014, 3.6250000000000506], [97.70500000000139, 3.6250000000000506], [97.70500000000139, 3.605000000000051], [97.69500000000139, 3.605000000000051], [97.69500000000139, 3.5950000000000513], [97.68500000000138, 3.5950000000000513], [97.68500000000138, 3.5750000000000517], [97.67500000000138, 3.5750000000000517], [97.67500000000138, 3.555000000000052], [97.66500000000137, 3.555000000000052], [97.66500000000137, 3.5350000000000525], [97.65500000000137, 3.5350000000000525], [97.65500000000137, 3.515000000000053], [97.64500000000136, 3.515000000000053], [97.64500000000136, 3.4850000000000536], [97.63500000000136, 3.4850000000000536], [97.63500000000136, 3.465000000000054], [97.62500000000135, 3.465000000000054], [97.62500000000135, 3.4350000000000547], [97.61500000000134, 3.4350000000000547], [97.61500000000134, 3.425000000000055], [97.60500000000134, 3.425000000000055], [97.60500000000134, 3.4050000000000553], [97.59500000000133, 3.4050000000000553], [97.59500000000133, 3.3950000000000555], [97.58500000000133, 3.3950000000000555], [97.58500000000133, 3.3850000000000557], [97.56500000000132, 3.3850000000000557], [97.56500000000132, 3.375000000000056], [97.55500000000131, 3.375000000000056], [97.55500000000131, 3.365000000000056], [97.5350000000013, 3.365000000000056], [97.5350000000013, 3.3550000000000564], [97.47500000000127, 3.3550000000000564], [97.47500000000127, 3.365000000000056], [97.45500000000126, 3.365000000000056], [97.45500000000126, 3.375000000000056], [97.43500000000125, 3.375000000000056], [97.43500000000125, 3.3850000000000557], [97.41500000000124, 3.3850000000000557], [97.41500000000124, 3.3950000000000555], [97.39500000000123, 3.3950000000000555], [97.39500000000123, 3.4050000000000553], [97.36500000000122, 3.4050000000000553], [97.36500000000122, 3.415000000000055], [97.3450000000012, 3.415000000000055], [97.3450000000012, 3.425000000000055], [97.3250000000012, 3.425000000000055], [97.3250000000012, 3.4350000000000547], [97.30500000000119, 3.4350000000000547], [97.30500000000119, 3.4450000000000545], [97.27500000000117, 3.4450000000000545], [97.27500000000117, 3.4550000000000542], [97.25500000000116, 3.4550000000000542], [97.25500000000116, 3.465000000000054], [97.24500000000116, 3.465000000000054], [97.24500000000116, 3.475000000000054], [97.23500000000115, 3.475000000000054], [97.23500000000115, 3.4850000000000536], [97.22500000000115, 3.4850000000000536], [97.22500000000115, 3.505000000000053], [97.21500000000114, 3.505000000000053], [97.21500000000114, 3.515000000000053], [97.20500000000114, 3.515000000000053], [97.20500000000114, 3.5350000000000525], [97.19500000000113, 3.5350000000000525], [97.19500000000113, 3.5450000000000523], [97.18500000000112, 3.5450000000000523], [97.18500000000112, 3.565000000000052], [97.17500000000112, 3.565000000000052], [97.17500000000112, 3.5850000000000515], [97.16500000000111, 3.5850000000000515], [97.16500000000111, 3.5950000000000513], [97.15500000000111, 3.5950000000000513], [97.15500000000111, 3.615000000000051], [97.1450000000011, 3.615000000000051], [97.1450000000011, 3.6250000000000506], [97.1350000000011, 3.6250000000000506], [97.1350000000011, 3.64500000000005], [97.1250000000011, 3.64500000000005], [97.1250000000011, 3.6650000000000498], [97.11500000000109, 3.6650000000000498], [97.11500000000109, 3.6750000000000496], [97.10500000000108, 3.6750000000000496], [97.10500000000108, 3.695000000000049], [97.09500000000108, 3.695000000000049], [97.09500000000108, 3.7150000000000487], [97.08500000000107, 3.7150000000000487], [97.08500000000107, 3.7250000000000485], [97.07500000000107, 3.7250000000000485], [97.07500000000107, 3.745000000000048], [97.06500000000106, 3.745000000000048], [97.06500000000106, 3.8250000000000464], [97.05500000000106, 3.8250000000000464], [97.05500000000106, 3.8750000000000453], [97.04500000000105, 3.8750000000000453], [97.04500000000105, 3.9050000000000447], [97.03500000000105, 3.9050000000000447], [97.03500000000105, 3.9250000000000442], [97.02500000000104, 3.9250000000000442], [97.02500000000104, 3.945000000000044], [97.01500000000104, 3.945000000000044], [97.01500000000104, 3.9550000000000436], [97.00500000000103, 3.9550000000000436], [97.00500000000103, 3.9650000000000434], [96.99500000000103, 3.9650000000000434], [96.99500000000103, 3.975000000000043], [96.98500000000102, 3.975000000000043], [96.98500000000102, 3.985000000000043], [96.97500000000102, 3.985000000000043], [96.97500000000102, 3.9950000000000427], [96.96500000000101, 3.9950000000000427], [96.96500000000101, 4.0050000000000425], [96.95500000000101, 4.0050000000000425], [96.95500000000101, 4.025000000000042], [96.945000000001, 4.025000000000042], [96.945000000001, 4.035000000000042], [96.935000000001, 4.035000000000042], [96.935000000001, 4.045000000000042], [96.91500000000099, 4.045000000000042], [96.91500000000099, 4.0550000000000415], [96.90500000000098, 4.0550000000000415], [96.90500000000098, 4.065000000000041], [96.89500000000098, 4.065000000000041], [96.89500000000098, 4.075000000000041], [96.87500000000097, 4.075000000000041], [96.87500000000097, 4.085000000000041], [96.85500000000096, 4.085000000000041], [96.85500000000096, 4.095000000000041], [96.83500000000095, 4.095000000000041], [96.83500000000095, 4.10500000000004], [96.80500000000093, 4.10500000000004], [96.80500000000093, 4.11500000000004], [96.77500000000092, 4.11500000000004], [96.77500000000092, 4.12500000000004], [96.7450000000009, 4.12500000000004], [96.7450000000009, 4.13500000000004], [96.7350000000009, 4.13500000000004], [96.7350000000009, 4.1450000000000395], [96.72500000000089, 4.1450000000000395], [96.72500000000089, 4.155000000000039], [96.71500000000088, 4.155000000000039], [96.71500000000088, 4.165000000000039], [96.70500000000088, 4.165000000000039], [96.70500000000088, 4.175000000000039], [96.69500000000087, 4.175000000000039], [96.69500000000087, 4.185000000000039], [96.68500000000087, 4.185000000000039], [96.68500000000087, 4.1950000000000385], [96.67500000000086, 4.1950000000000385], [96.67500000000086, 4.205000000000038], [96.66500000000086, 4.205000000000038], [96.66500000000086, 4.215000000000038], [96.65500000000085, 4.215000000000038], [96.65500000000085, 4.225000000000038], [96.64500000000085, 4.225000000000038], [96.64500000000085, 4.235000000000038], [96.63500000000084, 4.235000000000038], [96.63500000000084, 4.245000000000037], [96.62500000000084, 4.245000000000037], [96.62500000000084, 4.295000000000036], [96.61500000000083, 4.295000000000036], [96.61500000000083, 4.345000000000035], [96.60500000000083, 4.345000000000035], [96.60500000000083, 4.375000000000035], [96.59500000000082, 4.375000000000035], [96.59500000000082, 4.405000000000034], [96.58500000000082, 4.405000000000034], [96.58500000000082, 4.425000000000034], [96.57500000000081, 4.425000000000034], [96.57500000000081, 4.445000000000033], [96.56500000000081, 4.445000000000033], [96.56500000000081, 4.465000000000033], [96.5550000000008, 4.465000000000033], [96.5550000000008, 4.4750000000000325], [96.5450000000008, 4.4750000000000325], [96.5450000000008, 4.485000000000032], [96.53500000000079, 4.485000000000032], [96.53500000000079, 4.505000000000032], [96.52500000000079, 4.505000000000032], [96.52500000000079, 4.525000000000031], [96.53500000000079, 4.525000000000031], [96.53500000000079, 4.58500000000003], [96.5450000000008, 4.58500000000003], [96.5450000000008, 4.625000000000029], [96.5550000000008, 4.625000000000029], [96.5550000000008, 4.655000000000029], [96.56500000000081, 4.655000000000029], [96.56500000000081, 4.675000000000028], [96.57500000000081, 4.675000000000028], [96.57500000000081, 4.685000000000028], [96.58500000000082, 4.685000000000028], [96.58500000000082, 4.705000000000028], [96.59500000000082, 4.705000000000028], [96.59500000000082, 4.715000000000027], [96.61500000000083, 4.715000000000027], [96.61500000000083, 4.725000000000027], [96.62500000000084, 4.725000000000027], [96.62500000000084, 4.735000000000027], [96.64500000000085, 4.735000000000027], [96.64500000000085, 4.745000000000027], [96.70500000000088, 4.745000000000027], [96.70500000000088, 4.7550000000000265], [96.77500000000092, 4.7550000000000265], [96.77500000000092, 4.745000000000027], [96.81500000000094, 4.745000000000027], [96.81500000000094, 4.735000000000027], [96.83500000000095, 4.735000000000027], [96.83500000000095, 4.725000000000027]], [[97.21500000000114, 3.8650000000000455], [97.21500000000114, 3.845000000000046], [97.20500000000114, 3.845000000000046], [97.20500000000114, 3.835000000000046], [97.18500000000112, 3.835000000000046], [97.18500000000112, 3.8250000000000464], [97.17500000000112, 3.8250000000000464], [97.17500000000112, 3.8150000000000466], [97.16500000000111, 3.8150000000000466], [97.16500000000111, 3.805000000000047], [97.15500000000111, 3.805000000000047], [97.15500000000111, 3.7650000000000476], [97.1450000000011, 3.7650000000000476], [97.1450000000011, 3.745000000000048], [97.15500000000111, 3.745000000000048], [97.15500000000111, 3.7250000000000485], [97.16500000000111, 3.7250000000000485], [97.16500000000111, 3.705000000000049], [97.17500000000112, 3.705000000000049], [97.17500000000112, 3.6850000000000493], [97.18500000000112, 3.6850000000000493], [97.18500000000112, 3.6750000000000496], [97.19500000000113, 3.6750000000000496], [97.19500000000113, 3.65500000000005], [97.20500000000114, 3.65500000000005], [97.20500000000114, 3.6350000000000504], [97.21500000000114, 3.6350000000000504], [97.21500000000114, 3.615000000000051], [97.22500000000115, 3.615000000000051], [97.22500000000115, 3.605000000000051], [97.23500000000115, 3.605000000000051], [97.23500000000115, 3.5850000000000515], [97.24500000000116, 3.5850000000000515], [97.24500000000116, 3.5750000000000517], [97.25500000000116, 3.5750000000000517], [97.25500000000116, 3.565000000000052], [97.27500000000117, 3.565000000000052], [97.27500000000117, 3.555000000000052], [97.31500000000119, 3.555000000000052], [97.31500000000119, 3.5450000000000523], [97.3350000000012, 3.5450000000000523], [97.3350000000012, 3.5350000000000525], [97.35500000000121, 3.5350000000000525], [97.35500000000121, 3.5250000000000528], [97.36500000000122, 3.5250000000000528], [97.36500000000122, 3.515000000000053], [97.38500000000123, 3.515000000000053], [97.38500000000123, 3.505000000000053], [97.39500000000123, 3.505000000000053], [97.39500000000123, 3.4950000000000534], [97.42500000000125, 3.4950000000000534], [97.42500000000125, 3.4850000000000536], [97.44500000000126, 3.4850000000000536], [97.44500000000126, 3.475000000000054], [97.47500000000127, 3.475000000000054], [97.47500000000127, 3.465000000000054], [97.5150000000013, 3.465000000000054], [97.5150000000013, 3.475000000000054], [97.5250000000013, 3.475000000000054], [97.5250000000013, 3.4850000000000536], [97.5350000000013, 3.4850000000000536], [97.5350000000013, 3.505000000000053], [97.54500000000131, 3.505000000000053], [97.54500000000131, 3.5450000000000523], [97.55500000000131, 3.5450000000000523], [97.55500000000131, 3.5850000000000515], [97.56500000000132, 3.5850000000000515], [97.56500000000132, 3.615000000000051], [97.57500000000132, 3.615000000000051], [97.57500000000132, 3.64500000000005], [97.58500000000133, 3.64500000000005], [97.58500000000133, 3.6650000000000498], [97.59500000000133, 3.6650000000000498], [97.59500000000133, 3.695000000000049], [97.60500000000134, 3.695000000000049], [97.60500000000134, 3.705000000000049], [97.61500000000134, 3.705000000000049], [97.61500000000134, 3.7250000000000485], [97.62500000000135, 3.7250000000000485], [97.62500000000135, 3.7350000000000483], [97.63500000000136, 3.7350000000000483], [97.63500000000136, 3.7650000000000476], [97.62500000000135, 3.7650000000000476], [97.62500000000135, 3.7750000000000474], [97.61500000000134, 3.7750000000000474], [97.61500000000134, 3.785000000000047], [97.60500000000134, 3.785000000000047], [97.60500000000134, 3.795000000000047], [97.59500000000133, 3.795000000000047], [97.59500000000133, 3.805000000000047], [97.58500000000133, 3.805000000000047], [97.58500000000133, 3.8150000000000466], [97.57500000000132, 3.8150000000000466], [97.57500000000132, 3.8250000000000464], [97.56500000000132, 3.8250000000000464], [97.56500000000132, 3.835000000000046], [97.55500000000131, 3.835000000000046], [97.55500000000131, 3.845000000000046], [97.5250000000013, 3.845000000000046], [97.5250000000013, 3.835000000000046], [97.5150000000013, 3.835000000000046], [97.5150000000013, 3.8150000000000466], [97.50500000000129, 3.8150000000000466], [97.50500000000129, 3.8250000000000464], [97.48500000000128, 3.8250000000000464], [97.48500000000128, 3.835000000000046], [97.45500000000126, 3.835000000000046], [97.45500000000126, 3.845000000000046], [97.42500000000125, 3.845000000000046], [97.42500000000125, 3.8550000000000457], [97.39500000000123, 3.8550000000000457], [97.39500000000123, 3.8650000000000455], [97.35500000000121, 3.8650000000000455], [97.35500000000121, 3.8750000000000453], [97.31500000000119, 3.8750000000000453], [97.31500000000119, 3.885000000000045], [97.26500000000117, 3.885000000000045], [97.26500000000117, 3.895000000000045], [97.25500000000116, 3.895000000000045], [97.25500000000116, 3.885000000000045], [97.23500000000115, 3.885000000000045], [97.23500000000115, 3.8750000000000453], [97.22500000000115, 3.8750000000000453], [97.22500000000115, 3.8650000000000455], [97.21500000000114, 3.8650000000000455]]], [[[96.27500000000066, 4.975000000000022], [96.26500000000065, 4.975000000000022], [96.26500000000065, 4.965000000000022], [96.25500000000065, 4.965000000000022], [96.25500000000065, 4.955000000000022], [96.24500000000064, 4.955000000000022], [96.24500000000064, 4.965000000000022], [96.22500000000063, 4.965000000000022], [96.22500000000063, 4.975000000000022], [96.21500000000063, 4.975000000000022], [96.21500000000063, 4.985000000000022], [96.20500000000062, 4.985000000000022], [96.20500000000062, 5.005000000000021], [96.22500000000063, 5.005000000000021], [96.22500000000063, 5.015000000000021], [96.26500000000065, 5.015000000000021], [96.26500000000065, 5.005000000000021], [96.28500000000066, 5.005000000000021], [96.28500000000066, 4.985000000000022], [96.27500000000066, 4.985000000000022], [96.27500000000066, 4.975000000000022]]], [[[118.03500000001179, -8.244999999999695], [118.03500000001179, -8.254999999999697], [118.02500000001179, -8.254999999999697], [118.02500000001179, -8.264999999999695], [118.01500000001178, -8.264999999999695], [118.01500000001178, -8.274999999999697], [118.00500000001178, -8.274999999999697], [118.00500000001178, -8.284999999999695], [117.99500000001177, -8.284999999999695], [117.99500000001177, -8.274999999999697], [117.98500000001177, -8.274999999999697], [117.98500000001177, -8.264999999999695], [117.97500000001176, -8.264999999999695], [117.97500000001176, -8.254999999999697], [117.96500000001176, -8.254999999999697], [117.96500000001176, -8.244999999999695], [117.97500000001176, -8.244999999999695], [117.97500000001176, -8.234999999999697], [117.98500000001177, -8.234999999999697], [117.98500000001177, -8.224999999999696], [118.01500000001178, -8.224999999999696], [118.01500000001178, -8.234999999999697], [118.02500000001179, -8.234999999999697], [118.02500000001179, -8.244999999999695], [118.03500000001179, -8.244999999999695]]], [[[120.0050000000128, -5.2349999999997605], [120.0050000000128, -5.25499999999976], [119.9950000000128, -5.25499999999976], [119.9950000000128, -5.2349999999997605], [120.0050000000128, -5.2349999999997605]]], [[[140.26500000002318, -4.494999999999776], [140.26500000002318, -4.504999999999776], [140.24500000002314, -4.504999999999776], [140.24500000002314, -4.494999999999776], [140.26500000002318, -4.494999999999776]]], [[[136.57500000002128, -3.1649999999998046], [136.57500000002128, -3.1749999999998044], [136.6150000000213, -3.1749999999998044], [136.6150000000213, -3.184999999999804], [136.6450000000213, -3.184999999999804], [136.6450000000213, -3.194999999999804], [136.67500000002133, -3.194999999999804], [136.67500000002133, -3.204999999999804], [136.70500000002136, -3.204999999999804], [136.70500000002136, -3.2149999999998036], [136.72500000002134, -3.2149999999998036], [136.72500000002134, -3.2249999999998034], [136.74500000002138, -3.2249999999998034], [136.74500000002138, -3.234999999999803], [136.75500000002137, -3.234999999999803], [136.75500000002137, -3.244999999999803], [136.76500000002136, -3.244999999999803], [136.76500000002136, -3.2649999999998025], [136.77500000002138, -3.2649999999998025], [136.77500000002138, -3.284999999999802], [136.7850000000214, -3.284999999999802], [136.7850000000214, -3.3049999999998017], [136.7950000000214, -3.3049999999998017], [136.7950000000214, -3.3149999999998014], [136.80500000002138, -3.3149999999998014], [136.80500000002138, -3.334999999999801], [136.8150000000214, -3.334999999999801], [136.8150000000214, -3.344999999999801], [136.82500000002142, -3.344999999999801], [136.82500000002142, -3.3549999999998006], [136.8350000000214, -3.3549999999998006], [136.8350000000214, -3.3749999999998], [136.8450000000214, -3.3749999999998], [136.8450000000214, -3.3849999999998], [136.85500000002142, -3.3849999999998], [136.85500000002142, -3.3949999999997997], [136.86500000002144, -3.3949999999997997], [136.86500000002144, -3.4049999999997995], [136.87500000002143, -3.4049999999997995], [136.87500000002143, -3.4149999999997993], [136.89500000002144, -3.4149999999997993], [136.89500000002144, -3.424999999999799], [136.90500000002146, -3.424999999999799], [136.90500000002146, -3.434999999999799], [136.92500000002144, -3.434999999999799], [136.92500000002144, -3.4449999999997987], [136.93500000002146, -3.4449999999997987], [136.93500000002146, -3.4549999999997985], [136.95500000002147, -3.4549999999997985], [136.95500000002147, -3.4649999999997982], [136.97500000002148, -3.4649999999997982], [136.97500000002148, -3.474999999999798], [136.9950000000215, -3.474999999999798], [136.9950000000215, -3.484999999999798], [137.05500000002152, -3.484999999999798], [137.05500000002152, -3.4949999999997976], [137.12500000002154, -3.4949999999997976], [137.12500000002154, -3.5049999999997974], [137.20500000002158, -3.5049999999997974], [137.20500000002158, -3.514999999999797], [137.27500000002163, -3.514999999999797], [137.27500000002163, -3.524999999999797], [137.32500000002165, -3.524999999999797], [137.32500000002165, -3.5349999999997967], [137.37500000002169, -3.5349999999997967], [137.37500000002169, -3.5449999999997965], [137.4150000000217, -3.5449999999997965], [137.4150000000217, -3.5549999999997963], [137.45500000002173, -3.5549999999997963], [137.45500000002173, -3.564999999999796], [137.48500000002173, -3.564999999999796], [137.48500000002173, -3.574999999999796], [137.50500000002177, -3.574999999999796], [137.50500000002177, -3.564999999999796], [137.52500000002175, -3.564999999999796], [137.52500000002175, -3.5549999999997963], [137.5450000000218, -3.5549999999997963], [137.5450000000218, -3.5449999999997965], [137.56500000002177, -3.5449999999997965], [137.56500000002177, -3.5349999999997967], [137.5750000000218, -3.5349999999997967], [137.5750000000218, -3.524999999999797], [137.5950000000218, -3.524999999999797], [137.5950000000218, -3.514999999999797], [137.6050000000218, -3.514999999999797], [137.6050000000218, -3.5049999999997974], [137.62500000002183, -3.5049999999997974], [137.62500000002183, -3.4949999999997976], [137.63500000002182, -3.4949999999997976], [137.63500000002182, -3.484999999999798], [137.66500000002185, -3.484999999999798], [137.66500000002185, -3.474999999999798], [137.68500000002183, -3.474999999999798], [137.68500000002183, -3.4649999999997982], [137.70500000002187, -3.4649999999997982], [137.70500000002187, -3.4549999999997985], [137.73500000002187, -3.4549999999997985], [137.73500000002187, -3.4449999999997987], [137.82500000002193, -3.4449999999997987], [137.82500000002193, -3.4549999999997985], [137.975000000022, -3.4549999999997985], [137.975000000022, -3.4649999999997982], [138.005000000022, -3.4649999999997982], [138.005000000022, -3.4549999999997985], [138.04500000002201, -3.4549999999997985], [138.04500000002201, -3.4449999999997987], [138.09500000002205, -3.4449999999997987], [138.09500000002205, -3.434999999999799], [138.1450000000221, -3.434999999999799], [138.1450000000221, -3.424999999999799], [138.1950000000221, -3.424999999999799], [138.1950000000221, -3.4149999999997993], [138.5450000000223, -3.4149999999997993], [138.5450000000223, -3.424999999999799], [138.62500000002234, -3.424999999999799], [138.62500000002234, -3.434999999999799], [138.69500000002236, -3.434999999999799], [138.69500000002236, -3.4449999999997987], [138.7550000000224, -3.4449999999997987], [138.7550000000224, -3.4549999999997985], [138.78500000002242, -3.4549999999997985], [138.78500000002242, -3.4649999999997982], [138.82500000002244, -3.4649999999997982], [138.82500000002244, -3.474999999999798], [138.84500000002242, -3.474999999999798], [138.84500000002242, -3.484999999999798], [138.87500000002245, -3.484999999999798], [138.87500000002245, -3.4949999999997976], [138.89500000002246, -3.4949999999997976], [138.89500000002246, -3.5049999999997974], [138.90500000002248, -3.5049999999997974], [138.90500000002248, -3.514999999999797], [138.91500000002247, -3.514999999999797], [138.91500000002247, -3.524999999999797], [138.92500000002246, -3.524999999999797], [138.92500000002246, -3.5349999999997967], [138.93500000002248, -3.5349999999997967], [138.93500000002248, -3.5449999999997965], [138.9450000000225, -3.5449999999997965], [138.9450000000225, -3.5549999999997963], [138.9550000000225, -3.5549999999997963], [138.9550000000225, -3.564999999999796], [138.96500000002248, -3.564999999999796], [138.96500000002248, -3.574999999999796], [138.98500000002252, -3.574999999999796], [138.98500000002252, -3.5849999999997957], [138.99500000002251, -3.5849999999997957], [138.99500000002251, -3.5949999999997955], [139.0050000000225, -3.5949999999997955], [139.0050000000225, -3.6049999999997953], [139.01500000002252, -3.6049999999997953], [139.01500000002252, -3.614999999999795], [139.02500000002254, -3.614999999999795], [139.02500000002254, -3.6349999999997946], [139.03500000002254, -3.6349999999997946], [139.03500000002254, -3.6449999999997944], [139.04500000002253, -3.6449999999997944], [139.04500000002253, -3.664999999999794], [139.05500000002255, -3.664999999999794], [139.05500000002255, -3.6749999999997938], [139.06500000002256, -3.6749999999997938], [139.06500000002256, -3.6949999999997933], [139.07500000002256, -3.6949999999997933], [139.07500000002256, -3.714999999999793], [139.08500000002255, -3.714999999999793], [139.08500000002255, -3.7349999999997925], [139.09500000002257, -3.7349999999997925], [139.09500000002257, -3.7449999999997923], [139.10500000002259, -3.7449999999997923], [139.10500000002259, -3.754999999999792], [139.11500000002258, -3.754999999999792], [139.11500000002258, -3.764999999999792], [139.12500000002257, -3.764999999999792], [139.12500000002257, -3.7749999999997916], [139.1350000000226, -3.7749999999997916], [139.1350000000226, -3.7849999999997914], [139.1450000000226, -3.7849999999997914], [139.1450000000226, -3.794999999999791], [139.1650000000226, -3.794999999999791], [139.1650000000226, -3.804999999999791], [139.18500000002263, -3.804999999999791], [139.18500000002263, -3.814999999999791], [139.2050000000226, -3.814999999999791], [139.2050000000226, -3.8249999999997906], [139.22500000002265, -3.8249999999997906], [139.22500000002265, -3.8349999999997904], [139.24500000002263, -3.8349999999997904], [139.24500000002263, -3.84499999999979], [139.27500000002266, -3.84499999999979], [139.27500000002266, -3.85499999999979], [139.29500000002267, -3.85499999999979], [139.29500000002267, -3.8649999999997897], [139.31500000002268, -3.8649999999997897], [139.31500000002268, -3.8749999999997895], [139.3350000000227, -3.8749999999997895], [139.3350000000227, -3.8849999999997893], [139.3550000000227, -3.8849999999997893], [139.3550000000227, -3.894999999999789], [139.3650000000227, -3.894999999999789], [139.3650000000227, -3.904999999999789], [139.3750000000227, -3.904999999999789], [139.3750000000227, -3.9149999999997886], [139.39500000002272, -3.9149999999997886], [139.39500000002272, -3.9249999999997884], [139.4050000000227, -3.9249999999997884], [139.4050000000227, -3.9349999999997882], [139.41500000002273, -3.9349999999997882], [139.41500000002273, -3.954999999999788], [139.42500000002275, -3.954999999999788], [139.42500000002275, -3.9649999999997876], [139.43500000002274, -3.9649999999997876], [139.43500000002274, -3.9749999999997874], [139.44500000002273, -3.9749999999997874], [139.44500000002273, -3.994999999999787], [139.45500000002275, -3.994999999999787], [139.45500000002275, -4.004999999999787], [139.46500000002277, -4.004999999999787], [139.46500000002277, -4.0149999999997865], [139.47500000002276, -4.0149999999997865], [139.47500000002276, -4.024999999999786], [139.48500000002275, -4.024999999999786], [139.48500000002275, -4.034999999999786], [139.49500000002277, -4.034999999999786], [139.49500000002277, -4.044999999999786], [139.52500000002277, -4.044999999999786], [139.52500000002277, -4.054999999999786], [139.6050000000228, -4.054999999999786], [139.6050000000228, -4.0649999999997855], [139.67500000002286, -4.0649999999997855], [139.67500000002286, -4.074999999999785], [139.7550000000229, -4.074999999999785], [139.7550000000229, -4.084999999999785], [139.78500000002293, -4.084999999999785], [139.78500000002293, -4.094999999999785], [139.80500000002291, -4.094999999999785], [139.80500000002291, -4.104999999999785], [139.82500000002295, -4.104999999999785], [139.82500000002295, -4.114999999999784], [139.84500000002294, -4.114999999999784], [139.84500000002294, -4.124999999999784], [139.86500000002297, -4.124999999999784], [139.86500000002297, -4.134999999999784], [139.87500000002296, -4.134999999999784], [139.87500000002296, -4.144999999999784], [139.88500000002296, -4.144999999999784], [139.88500000002296, -4.1549999999997835], [139.89500000002297, -4.1549999999997835], [139.89500000002297, -4.164999999999783], [139.905000000023, -4.164999999999783], [139.905000000023, -4.174999999999783], [139.91500000002299, -4.174999999999783], [139.91500000002299, -4.184999999999783], [139.92500000002298, -4.184999999999783], [139.92500000002298, -4.2049999999997825], [139.935000000023, -4.2049999999997825], [139.935000000023, -4.214999999999782], [139.94500000002301, -4.214999999999782], [139.94500000002301, -4.234999999999782], [139.955000000023, -4.234999999999782], [139.955000000023, -4.254999999999781], [139.965000000023, -4.254999999999781], [139.965000000023, -4.264999999999781], [139.98500000002304, -4.264999999999781], [139.98500000002304, -4.274999999999781], [140.00500000002302, -4.274999999999781], [140.00500000002302, -4.284999999999781], [140.25500000002316, -4.284999999999781], [140.25500000002316, -4.2949999999997805], [140.27500000002317, -4.2949999999997805], [140.27500000002317, -4.30499999999978], [140.28500000002316, -4.30499999999978], [140.28500000002316, -4.31499999999978], [140.3050000000232, -4.31499999999978], [140.3050000000232, -4.32499999999978], [140.32500000002318, -4.32499999999978], [140.32500000002318, -4.33499999999978], [140.3350000000232, -4.33499999999978], [140.3350000000232, -4.3449999999997795], [140.3550000000232, -4.3449999999997795], [140.3550000000232, -4.354999999999779], [140.37500000002322, -4.354999999999779], [140.37500000002322, -4.364999999999779], [140.38500000002324, -4.364999999999779], [140.38500000002324, -4.374999999999779], [140.40500000002322, -4.374999999999779], [140.40500000002322, -4.384999999999779], [140.41500000002324, -4.384999999999779], [140.41500000002324, -4.394999999999778], [140.43500000002325, -4.394999999999778], [140.43500000002325, -4.404999999999778], [140.44500000002324, -4.404999999999778], [140.44500000002324, -4.414999999999778], [140.46500000002328, -4.414999999999778], [140.46500000002328, -4.424999999999778], [140.47500000002327, -4.424999999999778], [140.47500000002327, -4.434999999999778], [140.48500000002326, -4.434999999999778], [140.48500000002326, -4.444999999999777], [140.5050000000233, -4.444999999999777], [140.5050000000233, -4.454999999999777], [140.52500000002328, -4.454999999999777], [140.52500000002328, -4.464999999999777], [140.54500000002332, -4.464999999999777], [140.54500000002332, -4.474999999999777], [140.5550000000233, -4.474999999999777], [140.5550000000233, -4.4849999999997765], [140.57500000002332, -4.4849999999997765], [140.57500000002332, -4.494999999999776], [140.59500000002333, -4.494999999999776], [140.59500000002333, -4.504999999999776], [140.62500000002336, -4.504999999999776], [140.62500000002336, -4.514999999999776], [140.64500000002334, -4.514999999999776], [140.64500000002334, -4.524999999999776], [140.66500000002338, -4.524999999999776], [140.66500000002338, -4.534999999999775], [140.68500000002336, -4.534999999999775], [140.68500000002336, -4.544999999999775], [140.7050000000234, -4.544999999999775], [140.7050000000234, -4.554999999999775], [140.72500000002339, -4.554999999999775], [140.72500000002339, -4.564999999999775], [140.74500000002342, -4.564999999999775], [140.74500000002342, -4.574999999999775], [140.75500000002341, -4.574999999999775], [140.75500000002341, -4.584999999999774], [140.7650000000234, -4.584999999999774], [140.7650000000234, -4.594999999999774], [140.77500000002343, -4.594999999999774], [140.77500000002343, -4.604999999999774], [140.78500000002344, -4.604999999999774], [140.78500000002344, -4.614999999999774], [140.79500000002344, -4.614999999999774], [140.79500000002344, -4.634999999999773], [140.80500000002343, -4.634999999999773], [140.80500000002343, -4.644999999999773], [140.81500000002345, -4.644999999999773], [140.81500000002345, -4.654999999999773], [140.82500000002346, -4.654999999999773], [140.82500000002346, -4.664999999999773], [140.83500000002346, -4.664999999999773], [140.83500000002346, -4.6749999999997724], [140.84500000002345, -4.6749999999997724], [140.84500000002345, -4.684999999999772], [140.85500000002347, -4.684999999999772], [140.85500000002347, -4.694999999999772], [140.86500000002349, -4.694999999999772], [140.86500000002349, -4.704999999999772], [140.87500000002348, -4.704999999999772], [140.87500000002348, -4.724999999999771], [140.88500000002347, -4.724999999999771], [140.88500000002347, -4.734999999999771], [140.8950000000235, -4.734999999999771], [140.8950000000235, -4.744999999999771], [140.9050000000235, -4.744999999999771], [140.9050000000235, -4.754999999999771], [140.9150000000235, -4.754999999999771], [140.9150000000235, -4.77499999999977], [140.9250000000235, -4.77499999999977], [140.9250000000235, -4.78499999999977], [140.9350000000235, -4.78499999999977], [140.9350000000235, -4.79499999999977], [140.94500000002353, -4.79499999999977], [140.94500000002353, -4.80499999999977], [140.97500000002353, -4.80499999999977], [140.97500000002353, -4.8149999999997695], [141.00500000002353, -4.8149999999997695], [141.00500000002353, -4.824999999999769], [141.08500000002357, -4.824999999999769], [141.08500000002357, -4.834999999999769], [141.17500000002363, -4.834999999999769], [141.17500000002363, -4.844999999999769], [141.2950000000237, -4.844999999999769], [141.2950000000237, -4.854999999999769], [141.38500000002375, -4.854999999999769], [141.38500000002375, -4.864999999999768], [141.43500000002376, -4.864999999999768], [141.43500000002376, -4.874999999999768], [141.4650000000238, -4.874999999999768], [141.4650000000238, -4.884999999999768], [141.48500000002377, -4.884999999999768], [141.48500000002377, -4.894999999999768], [141.4950000000238, -4.894999999999768], [141.4950000000238, -4.9049999999997675], [141.5150000000238, -4.9049999999997675], [141.5150000000238, -4.894999999999768], [141.55500000002382, -4.894999999999768], [141.55500000002382, -4.884999999999768], [141.62500000002387, -4.884999999999768], [141.62500000002387, -4.874999999999768], [141.77500000002394, -4.874999999999768], [141.77500000002394, -4.884999999999768], [141.79500000002395, -4.884999999999768], [141.79500000002395, -4.894999999999768], [141.81500000002396, -4.894999999999768], [141.81500000002396, -4.9049999999997675], [141.83500000002397, -4.9049999999997675], [141.83500000002397, -4.914999999999767], [141.85500000002398, -4.914999999999767], [141.85500000002398, -4.924999999999767], [141.875000000024, -4.924999999999767], [141.875000000024, -4.934999999999767], [141.895000000024, -4.934999999999767], [141.895000000024, -4.944999999999767], [141.915000000024, -4.944999999999767], [141.915000000024, -4.9549999999997665], [141.93500000002402, -4.9549999999997665], [141.93500000002402, -4.964999999999766], [141.95500000002403, -4.964999999999766], [141.95500000002403, -4.974999999999766], [141.97500000002404, -4.974999999999766], [141.97500000002404, -4.984999999999766], [141.99500000002405, -4.984999999999766], [141.99500000002405, -4.994999999999766], [142.00500000002404, -4.994999999999766], [142.00500000002404, -5.174999999999762], [141.93500000002402, -5.174999999999762], [141.93500000002402, -5.164999999999762], [141.875000000024, -5.164999999999762], [141.875000000024, -5.154999999999762], [141.83500000002397, -5.154999999999762], [141.83500000002397, -5.144999999999762], [141.79500000002395, -5.144999999999762], [141.79500000002395, -5.134999999999763], [141.75500000002393, -5.134999999999763], [141.75500000002393, -5.124999999999763], [141.74500000002394, -5.124999999999763], [141.74500000002394, -5.134999999999763], [141.73500000002392, -5.134999999999763], [141.73500000002392, -5.144999999999762], [141.7150000000239, -5.144999999999762], [141.7150000000239, -5.154999999999762], [141.70500000002392, -5.154999999999762], [141.70500000002392, -5.164999999999762], [141.6950000000239, -5.164999999999762], [141.6950000000239, -5.174999999999762], [141.67500000002389, -5.174999999999762], [141.67500000002389, -5.184999999999762], [141.6650000000239, -5.184999999999762], [141.6650000000239, -5.194999999999761], [141.65500000002388, -5.194999999999761], [141.65500000002388, -5.204999999999761], [141.64500000002386, -5.204999999999761], [141.64500000002386, -5.214999999999761], [141.63500000002387, -5.214999999999761], [141.63500000002387, -5.224999999999761], [141.62500000002387, -5.224999999999761], [141.62500000002387, -5.2349999999997605], [141.61500000002385, -5.2349999999997605], [141.61500000002385, -5.25499999999976], [141.63500000002387, -5.25499999999976], [141.63500000002387, -5.26499999999976], [141.6650000000239, -5.26499999999976], [141.6650000000239, -5.27499999999976], [141.6950000000239, -5.27499999999976], [141.6950000000239, -5.2849999999997594], [141.7250000000239, -5.2849999999997594], [141.7250000000239, -5.294999999999759], [141.75500000002393, -5.294999999999759], [141.75500000002393, -5.304999999999759], [141.76500000002392, -5.304999999999759], [141.76500000002392, -5.294999999999759], [142.00500000002404, -5.294999999999759], [142.00500000002404, -5.404999999999757], [141.98500000002406, -5.404999999999757], [141.98500000002406, -5.414999999999757], [141.875000000024, -5.414999999999757], [141.875000000024, -5.4249999999997565], [141.77500000002394, -5.4249999999997565], [141.77500000002394, -5.434999999999756], [141.74500000002394, -5.434999999999756], [141.74500000002394, -5.4249999999997565], [141.7150000000239, -5.4249999999997565], [141.7150000000239, -5.414999999999757], [141.68500000002388, -5.414999999999757], [141.68500000002388, -5.404999999999757], [141.6650000000239, -5.404999999999757], [141.6650000000239, -5.394999999999757], [141.63500000002387, -5.394999999999757], [141.63500000002387, -5.384999999999757], [141.61500000002385, -5.384999999999757], [141.61500000002385, -5.3749999999997575], [141.58500000002385, -5.3749999999997575], [141.58500000002385, -5.364999999999758], [141.55500000002382, -5.364999999999758], [141.55500000002382, -5.354999999999758], [141.5250000000238, -5.354999999999758], [141.5250000000238, -5.344999999999758], [141.5050000000238, -5.344999999999758], [141.5050000000238, -5.334999999999758], [141.47500000002378, -5.334999999999758], [141.47500000002378, -5.324999999999759], [141.45500000002377, -5.324999999999759], [141.45500000002377, -5.314999999999759], [141.42500000002377, -5.314999999999759], [141.42500000002377, -5.304999999999759], [141.40500000002373, -5.304999999999759], [141.40500000002373, -5.294999999999759], [141.39500000002374, -5.294999999999759], [141.39500000002374, -5.2849999999997594], [141.37500000002373, -5.2849999999997594], [141.37500000002373, -5.27499999999976], [141.35500000002372, -5.27499999999976], [141.35500000002372, -5.26499999999976], [141.34500000002373, -5.26499999999976], [141.34500000002373, -5.25499999999976], [141.3350000000237, -5.25499999999976], [141.3350000000237, -5.24499999999976], [141.3250000000237, -5.24499999999976], [141.3250000000237, -5.2349999999997605], [141.3050000000237, -5.2349999999997605], [141.3050000000237, -5.224999999999761], [141.2950000000237, -5.224999999999761], [141.2950000000237, -5.214999999999761], [141.27500000002368, -5.214999999999761], [141.27500000002368, -5.204999999999761], [141.24500000002365, -5.204999999999761], [141.24500000002365, -5.194999999999761], [141.18500000002365, -5.194999999999761], [141.18500000002365, -5.184999999999762], [141.1150000000236, -5.184999999999762], [141.1150000000236, -5.174999999999762], [141.04500000002355, -5.174999999999762], [141.04500000002355, -5.164999999999762], [140.99500000002354, -5.164999999999762], [140.99500000002354, -5.154999999999762], [140.97500000002353, -5.154999999999762], [140.97500000002353, -5.144999999999762], [140.95500000002352, -5.144999999999762], [140.95500000002352, -5.134999999999763], [140.94500000002353, -5.134999999999763], [140.94500000002353, -5.124999999999763], [140.9250000000235, -5.124999999999763], [140.9250000000235, -5.114999999999763], [140.9150000000235, -5.114999999999763], [140.9150000000235, -5.104999999999763], [140.9050000000235, -5.104999999999763], [140.9050000000235, -5.0949999999997635], [140.8950000000235, -5.0949999999997635], [140.8950000000235, -5.084999999999764], [140.88500000002347, -5.084999999999764], [140.88500000002347, -5.074999999999764], [140.87500000002348, -5.074999999999764], [140.87500000002348, -5.054999999999764], [140.86500000002349, -5.054999999999764], [140.86500000002349, -5.044999999999765], [140.85500000002347, -5.044999999999765], [140.85500000002347, -5.024999999999765], [140.84500000002345, -5.024999999999765], [140.84500000002345, -5.004999999999765], [140.83500000002346, -5.004999999999765], [140.83500000002346, -4.974999999999766], [140.82500000002346, -4.974999999999766], [140.82500000002346, -4.944999999999767], [140.81500000002345, -4.944999999999767], [140.81500000002345, -4.924999999999767], [140.80500000002343, -4.924999999999767], [140.80500000002343, -4.914999999999767], [140.79500000002344, -4.914999999999767], [140.79500000002344, -4.9049999999997675], [140.78500000002344, -4.9049999999997675], [140.78500000002344, -4.894999999999768], [140.75500000002341, -4.894999999999768], [140.75500000002341, -4.884999999999768], [140.74500000002342, -4.884999999999768], [140.74500000002342, -4.894999999999768], [140.72500000002339, -4.894999999999768], [140.72500000002339, -4.9049999999997675], [140.7150000000234, -4.9049999999997675], [140.7150000000234, -4.914999999999767], [140.7050000000234, -4.914999999999767], [140.7050000000234, -4.924999999999767], [140.68500000002336, -4.924999999999767], [140.68500000002336, -4.934999999999767], [140.67500000002337, -4.934999999999767], [140.67500000002337, -4.944999999999767], [140.65500000002336, -4.944999999999767], [140.65500000002336, -4.9549999999997665], [140.64500000002334, -4.9549999999997665], [140.64500000002334, -4.964999999999766], [140.63500000002335, -4.964999999999766], [140.63500000002335, -4.974999999999766], [140.61500000002334, -4.974999999999766], [140.61500000002334, -4.984999999999766], [140.60500000002332, -4.984999999999766], [140.60500000002332, -4.994999999999766], [140.59500000002333, -4.994999999999766], [140.59500000002333, -5.004999999999765], [140.58500000002334, -5.004999999999765], [140.58500000002334, -5.014999999999765], [140.5650000000233, -5.014999999999765], [140.5650000000233, -5.024999999999765], [140.54500000002332, -5.024999999999765], [140.54500000002332, -5.034999999999765], [140.5350000000233, -5.034999999999765], [140.5350000000233, -5.044999999999765], [140.5050000000233, -5.044999999999765], [140.5050000000233, -5.054999999999764], [140.49500000002328, -5.054999999999764], [140.49500000002328, -5.044999999999765], [140.48500000002326, -5.044999999999765], [140.48500000002326, -5.034999999999765], [140.46500000002328, -5.034999999999765], [140.46500000002328, -5.024999999999765], [140.45500000002326, -5.024999999999765], [140.45500000002326, -5.014999999999765], [140.44500000002324, -5.014999999999765], [140.44500000002324, -5.004999999999765], [140.43500000002325, -5.004999999999765], [140.43500000002325, -4.994999999999766], [140.42500000002326, -4.994999999999766], [140.42500000002326, -4.984999999999766], [140.41500000002324, -4.984999999999766], [140.41500000002324, -4.974999999999766], [140.40500000002322, -4.974999999999766], [140.40500000002322, -4.964999999999766], [140.39500000002323, -4.964999999999766], [140.39500000002323, -4.9549999999997665], [140.37500000002322, -4.9549999999997665], [140.37500000002322, -4.944999999999767], [140.3550000000232, -4.944999999999767], [140.3550000000232, -4.934999999999767], [140.34500000002322, -4.934999999999767], [140.34500000002322, -4.924999999999767], [140.32500000002318, -4.924999999999767], [140.32500000002318, -4.914999999999767], [140.29500000002318, -4.914999999999767], [140.29500000002318, -4.9049999999997675], [140.27500000002317, -4.9049999999997675], [140.27500000002317, -4.894999999999768], [140.24500000002314, -4.894999999999768], [140.24500000002314, -4.884999999999768], [140.18500000002314, -4.884999999999768], [140.18500000002314, -4.874999999999768], [140.1350000000231, -4.874999999999768], [140.1350000000231, -4.864999999999768], [140.07500000002307, -4.864999999999768], [140.07500000002307, -4.854999999999769], [140.03500000002305, -4.854999999999769], [140.03500000002305, -4.844999999999769], [139.99500000002303, -4.844999999999769], [139.99500000002303, -4.834999999999769], [139.965000000023, -4.834999999999769], [139.965000000023, -4.824999999999769], [139.94500000002301, -4.824999999999769], [139.94500000002301, -4.8149999999997695], [139.935000000023, -4.8149999999997695], [139.935000000023, -4.80499999999977], [139.91500000002299, -4.80499999999977], [139.91500000002299, -4.79499999999977], [139.905000000023, -4.79499999999977], [139.905000000023, -4.78499999999977], [139.88500000002296, -4.78499999999977], [139.88500000002296, -4.77499999999977], [139.87500000002296, -4.77499999999977], [139.87500000002296, -4.7649999999997705], [139.86500000002297, -4.7649999999997705], [139.86500000002297, -4.754999999999771], [139.85500000002295, -4.754999999999771], [139.85500000002295, -4.744999999999771], [139.83500000002294, -4.744999999999771], [139.83500000002294, -4.734999999999771], [139.82500000002295, -4.734999999999771], [139.82500000002295, -4.724999999999771], [139.80500000002291, -4.724999999999771], [139.80500000002291, -4.714999999999772], [139.78500000002293, -4.714999999999772], [139.78500000002293, -4.704999999999772], [139.7650000000229, -4.704999999999772], [139.7650000000229, -4.694999999999772], [139.7450000000229, -4.694999999999772], [139.7450000000229, -4.684999999999772], [139.71500000002288, -4.684999999999772], [139.71500000002288, -4.6749999999997724], [139.69500000002287, -4.6749999999997724], [139.69500000002287, -4.664999999999773], [139.67500000002286, -4.664999999999773], [139.67500000002286, -4.654999999999773], [139.64500000002283, -4.654999999999773], [139.64500000002283, -4.644999999999773], [139.62500000002285, -4.644999999999773], [139.62500000002285, -4.634999999999773], [139.6050000000228, -4.634999999999773], [139.6050000000228, -4.6249999999997735], [139.58500000002283, -4.6249999999997735], [139.58500000002283, -4.614999999999774], [139.5650000000228, -4.614999999999774], [139.5650000000228, -4.604999999999774], [139.5450000000228, -4.604999999999774], [139.5450000000228, -4.594999999999774], [139.52500000002277, -4.594999999999774], [139.52500000002277, -4.584999999999774], [139.49500000002277, -4.584999999999774], [139.49500000002277, -4.574999999999775], [139.46500000002277, -4.574999999999775], [139.46500000002277, -4.564999999999775], [139.43500000002274, -4.564999999999775], [139.43500000002274, -4.554999999999775], [139.4050000000227, -4.554999999999775], [139.4050000000227, -4.544999999999775], [139.3750000000227, -4.544999999999775], [139.3750000000227, -4.534999999999775], [139.3550000000227, -4.534999999999775], [139.3550000000227, -4.524999999999776], [139.3350000000227, -4.524999999999776], [139.3350000000227, -4.514999999999776], [139.31500000002268, -4.514999999999776], [139.31500000002268, -4.504999999999776], [139.29500000002267, -4.504999999999776], [139.29500000002267, -4.494999999999776], [139.27500000002266, -4.494999999999776], [139.27500000002266, -4.4849999999997765], [139.21500000002263, -4.4849999999997765], [139.21500000002263, -4.494999999999776], [139.18500000002263, -4.494999999999776], [139.18500000002263, -4.504999999999776], [139.1650000000226, -4.504999999999776], [139.1650000000226, -4.514999999999776], [139.1450000000226, -4.514999999999776], [139.1450000000226, -4.524999999999776], [139.11500000002258, -4.524999999999776], [139.11500000002258, -4.534999999999775], [139.08500000002255, -4.534999999999775], [139.08500000002255, -4.544999999999775], [139.05500000002255, -4.544999999999775], [139.05500000002255, -4.554999999999775], [139.02500000002254, -4.554999999999775], [139.02500000002254, -4.564999999999775], [138.9550000000225, -4.564999999999775], [138.9550000000225, -4.554999999999775], [138.89500000002246, -4.554999999999775], [138.89500000002246, -4.544999999999775], [138.84500000002242, -4.544999999999775], [138.84500000002242, -4.534999999999775], [138.7950000000224, -4.534999999999775], [138.7950000000224, -4.524999999999776], [138.7450000000224, -4.524999999999776], [138.7450000000224, -4.514999999999776], [138.72500000002236, -4.514999999999776], [138.72500000002236, -4.504999999999776], [138.70500000002238, -4.504999999999776], [138.70500000002238, -4.494999999999776], [138.68500000002234, -4.494999999999776], [138.68500000002234, -4.4849999999997765], [138.65500000002234, -4.4849999999997765], [138.65500000002234, -4.474999999999777], [138.62500000002234, -4.474999999999777], [138.62500000002234, -4.464999999999777], [138.5950000000223, -4.464999999999777], [138.5950000000223, -4.454999999999777], [138.5550000000223, -4.454999999999777], [138.5550000000223, -4.444999999999777], [138.52500000002226, -4.444999999999777], [138.52500000002226, -4.434999999999778], [138.49500000002226, -4.434999999999778], [138.49500000002226, -4.424999999999778], [138.44500000002222, -4.424999999999778], [138.44500000002222, -4.414999999999778], [138.3950000000222, -4.414999999999778], [138.3950000000222, -4.404999999999778], [138.3550000000222, -4.404999999999778], [138.3550000000222, -4.394999999999778], [138.31500000002217, -4.394999999999778], [138.31500000002217, -4.384999999999779], [138.28500000002214, -4.384999999999779], [138.28500000002214, -4.374999999999779], [138.25500000002214, -4.374999999999779], [138.25500000002214, -4.364999999999779], [138.16500000002208, -4.364999999999779], [138.16500000002208, -4.354999999999779], [138.08500000002203, -4.354999999999779], [138.08500000002203, -4.3449999999997795], [138.02500000002203, -4.3449999999997795], [138.02500000002203, -4.33499999999978], [137.975000000022, -4.33499999999978], [137.975000000022, -4.32499999999978], [137.93500000002197, -4.32499999999978], [137.93500000002197, -4.31499999999978], [137.89500000002195, -4.31499999999978], [137.89500000002195, -4.30499999999978], [137.85500000002193, -4.30499999999978], [137.85500000002193, -4.2949999999997805], [137.82500000002193, -4.2949999999997805], [137.82500000002193, -4.284999999999781], [137.7850000000219, -4.284999999999781], [137.7850000000219, -4.274999999999781], [137.75500000002188, -4.274999999999781], [137.75500000002188, -4.264999999999781], [137.7450000000219, -4.264999999999781], [137.7450000000219, -4.274999999999781], [137.72500000002185, -4.274999999999781], [137.72500000002185, -4.284999999999781], [137.70500000002187, -4.284999999999781], [137.70500000002187, -4.2949999999997805], [137.67500000002184, -4.2949999999997805], [137.67500000002184, -4.30499999999978], [137.65500000002183, -4.30499999999978], [137.65500000002183, -4.31499999999978], [137.6150000000218, -4.31499999999978], [137.6150000000218, -4.32499999999978], [137.5850000000218, -4.32499999999978], [137.5850000000218, -4.33499999999978], [137.53500000002177, -4.33499999999978], [137.53500000002177, -4.3449999999997795], [137.45500000002173, -4.3449999999997795], [137.45500000002173, -4.33499999999978], [137.3950000000217, -4.33499999999978], [137.3950000000217, -4.32499999999978], [137.34500000002168, -4.32499999999978], [137.34500000002168, -4.31499999999978], [137.29500000002164, -4.31499999999978], [137.29500000002164, -4.30499999999978], [137.25500000002162, -4.30499999999978], [137.25500000002162, -4.2949999999997805], [137.2350000000216, -4.2949999999997805], [137.2350000000216, -4.284999999999781], [137.2150000000216, -4.284999999999781], [137.2150000000216, -4.274999999999781], [137.20500000002158, -4.274999999999781], [137.20500000002158, -4.264999999999781], [137.1950000000216, -4.264999999999781], [137.1950000000216, -4.254999999999781], [137.17500000002158, -4.254999999999781], [137.17500000002158, -4.244999999999782], [137.15500000002157, -4.244999999999782], [137.15500000002157, -4.234999999999782], [137.12500000002154, -4.234999999999782], [137.12500000002154, -4.224999999999782], [137.09500000002154, -4.224999999999782], [137.09500000002154, -4.214999999999782], [137.06500000002154, -4.214999999999782], [137.06500000002154, -4.2049999999997825], [137.02500000002152, -4.2049999999997825], [137.02500000002152, -4.194999999999783], [136.92500000002144, -4.194999999999783], [136.92500000002144, -4.184999999999783], [136.70500000002136, -4.184999999999783], [136.70500000002136, -4.174999999999783], [136.6350000000213, -4.174999999999783], [136.6350000000213, -4.164999999999783], [136.57500000002128, -4.164999999999783], [136.57500000002128, -4.1549999999997835], [136.53500000002126, -4.1549999999997835], [136.53500000002126, -4.144999999999784], [136.48500000002122, -4.144999999999784], [136.48500000002122, -4.134999999999784], [136.34500000002117, -4.134999999999784], [136.34500000002117, -4.124999999999784], [136.26500000002113, -4.124999999999784], [136.26500000002113, -4.114999999999784], [136.2250000000211, -4.114999999999784], [136.2250000000211, -4.124999999999784], [136.14500000002107, -4.124999999999784], [136.14500000002107, -4.134999999999784], [136.06500000002103, -4.134999999999784], [136.06500000002103, -4.144999999999784], [135.99500000002098, -4.144999999999784], [135.99500000002098, -4.1549999999997835], [135.97500000002097, -4.1549999999997835], [135.97500000002097, -4.164999999999783], [135.95500000002096, -4.164999999999783], [135.95500000002096, -4.174999999999783], [135.93500000002095, -4.174999999999783], [135.93500000002095, -4.184999999999783], [135.90500000002095, -4.184999999999783], [135.90500000002095, -4.194999999999783], [135.87500000002092, -4.194999999999783], [135.87500000002092, -4.2049999999997825], [135.8450000000209, -4.2049999999997825], [135.8450000000209, -4.214999999999782], [135.8150000000209, -4.214999999999782], [135.8150000000209, -4.224999999999782], [135.77500000002087, -4.224999999999782], [135.77500000002087, -4.234999999999782], [135.66500000002083, -4.234999999999782], [135.66500000002083, -4.224999999999782], [135.54500000002076, -4.224999999999782], [135.54500000002076, -4.214999999999782], [135.49500000002072, -4.214999999999782], [135.49500000002072, -4.2049999999997825], [135.4850000000207, -4.2049999999997825], [135.4850000000207, -4.194999999999783], [135.46500000002072, -4.194999999999783], [135.46500000002072, -4.184999999999783], [135.4550000000207, -4.184999999999783], [135.4550000000207, -4.164999999999783], [135.44500000002068, -4.164999999999783], [135.44500000002068, -4.1549999999997835], [135.4350000000207, -4.1549999999997835], [135.4350000000207, -4.144999999999784], [135.4250000000207, -4.144999999999784], [135.4250000000207, -4.134999999999784], [135.41500000002068, -4.134999999999784], [135.41500000002068, -4.124999999999784], [135.40500000002066, -4.124999999999784], [135.40500000002066, -4.104999999999785], [135.39500000002067, -4.104999999999785], [135.39500000002067, -4.094999999999785], [135.38500000002068, -4.094999999999785], [135.38500000002068, -4.074999999999785], [135.37500000002066, -4.074999999999785], [135.37500000002066, -4.0649999999997855], [135.38500000002068, -4.0649999999997855], [135.38500000002068, -4.054999999999786], [135.37500000002066, -4.054999999999786], [135.37500000002066, -4.034999999999786], [135.36500000002064, -4.034999999999786], [135.36500000002064, -4.0149999999997865], [135.35500000002065, -4.0149999999997865], [135.35500000002065, -3.9749999999997874], [135.36500000002064, -3.9749999999997874], [135.36500000002064, -3.954999999999788], [135.37500000002066, -3.954999999999788], [135.37500000002066, -3.9349999999997882], [135.38500000002068, -3.9349999999997882], [135.38500000002068, -3.9149999999997886], [135.39500000002067, -3.9149999999997886], [135.39500000002067, -3.894999999999789], [135.40500000002066, -3.894999999999789], [135.40500000002066, -3.8849999999997893], [135.41500000002068, -3.8849999999997893], [135.41500000002068, -3.8649999999997897], [135.4250000000207, -3.8649999999997897], [135.4250000000207, -3.85499999999979], [135.4350000000207, -3.85499999999979], [135.4350000000207, -3.84499999999979], [135.44500000002068, -3.84499999999979], [135.44500000002068, -3.8349999999997904], [135.46500000002072, -3.8349999999997904], [135.46500000002072, -3.8249999999997906], [135.4750000000207, -3.8249999999997906], [135.4750000000207, -3.814999999999791], [135.49500000002072, -3.814999999999791], [135.49500000002072, -3.804999999999791], [135.51500000002073, -3.804999999999791], [135.51500000002073, -3.794999999999791], [135.53500000002074, -3.794999999999791], [135.53500000002074, -3.7849999999997914], [135.56500000002075, -3.7849999999997914], [135.56500000002075, -3.7749999999997916], [135.58500000002078, -3.7749999999997916], [135.58500000002078, -3.764999999999792], [135.60500000002077, -3.764999999999792], [135.60500000002077, -3.754999999999792], [135.6250000000208, -3.754999999999792], [135.6250000000208, -3.7449999999997923], [135.6450000000208, -3.7449999999997923], [135.6450000000208, -3.7349999999997925], [135.66500000002083, -3.7349999999997925], [135.66500000002083, -3.7249999999997927], [135.6850000000208, -3.7249999999997927], [135.6850000000208, -3.714999999999793], [135.70500000002085, -3.714999999999793], [135.70500000002085, -3.7349999999997925], [135.72500000002083, -3.7349999999997925], [135.72500000002083, -3.7249999999997927], [135.8150000000209, -3.7249999999997927], [135.8150000000209, -3.7349999999997925], [135.8550000000209, -3.7349999999997925], [135.8550000000209, -3.7449999999997923], [135.8850000000209, -3.7449999999997923], [135.8850000000209, -3.754999999999792], [135.93500000002095, -3.754999999999792], [135.93500000002095, -3.7449999999997923], [135.92500000002093, -3.7449999999997923], [135.92500000002093, -3.7349999999997925], [135.89500000002093, -3.7349999999997925], [135.89500000002093, -3.7249999999997927], [135.87500000002092, -3.7249999999997927], [135.87500000002092, -3.714999999999793], [135.8550000000209, -3.714999999999793], [135.8550000000209, -3.704999999999793], [135.93500000002095, -3.704999999999793], [135.93500000002095, -3.714999999999793], [135.96500000002095, -3.714999999999793], [135.96500000002095, -3.7249999999997927], [135.97500000002097, -3.7249999999997927], [135.97500000002097, -3.7349999999997925], [135.99500000002098, -3.7349999999997925], [135.99500000002098, -3.7449999999997923], [136.00500000002097, -3.7449999999997923], [136.00500000002097, -3.754999999999792], [136.06500000002103, -3.754999999999792], [136.06500000002103, -3.764999999999792], [136.13500000002105, -3.764999999999792], [136.13500000002105, -3.7749999999997916], [136.1850000000211, -3.7749999999997916], [136.1850000000211, -3.7849999999997914], [136.2550000000211, -3.7849999999997914], [136.2550000000211, -3.7749999999997916], [136.26500000002113, -3.7749999999997916], [136.26500000002113, -3.7449999999997923], [136.2550000000211, -3.7449999999997923], [136.2550000000211, -3.7349999999997925], [136.15500000002106, -3.7349999999997925], [136.15500000002106, -3.7249999999997927], [136.07500000002102, -3.7249999999997927], [136.07500000002102, -3.714999999999793], [136.055000000021, -3.714999999999793], [136.055000000021, -3.704999999999793], [136.045000000021, -3.704999999999793], [136.045000000021, -3.6749999999997938], [136.035000000021, -3.6749999999997938], [136.035000000021, -3.4949999999997976], [136.045000000021, -3.4949999999997976], [136.045000000021, -3.484999999999798], [136.055000000021, -3.484999999999798], [136.055000000021, -3.474999999999798], [136.06500000002103, -3.474999999999798], [136.06500000002103, -3.4649999999997982], [136.07500000002102, -3.4649999999997982], [136.07500000002102, -3.4549999999997985], [136.085000000021, -3.4549999999997985], [136.085000000021, -3.4449999999997987], [136.09500000002103, -3.4449999999997987], [136.09500000002103, -3.434999999999799], [136.10500000002105, -3.434999999999799], [136.10500000002105, -3.424999999999799], [136.11500000002104, -3.424999999999799], [136.11500000002104, -3.4149999999997993], [136.12500000002103, -3.4149999999997993], [136.12500000002103, -3.4049999999997995], [136.14500000002107, -3.4049999999997995], [136.14500000002107, -3.3949999999997997], [136.15500000002106, -3.3949999999997997], [136.15500000002106, -3.3849999999998], [136.16500000002105, -3.3849999999998], [136.16500000002105, -3.3749999999998], [136.17500000002107, -3.3749999999998], [136.17500000002107, -3.3649999999998004], [136.1850000000211, -3.3649999999998004], [136.1850000000211, -3.3549999999998006], [136.20500000002107, -3.3549999999998006], [136.20500000002107, -3.344999999999801], [136.2150000000211, -3.344999999999801], [136.2150000000211, -3.334999999999801], [136.2250000000211, -3.334999999999801], [136.2250000000211, -3.3249999999998012], [136.2350000000211, -3.3249999999998012], [136.2350000000211, -3.3149999999998014], [136.2550000000211, -3.3149999999998014], [136.2550000000211, -3.3049999999998017], [136.27500000002112, -3.3049999999998017], [136.27500000002112, -3.294999999999802], [136.29500000002113, -3.294999999999802], [136.29500000002113, -3.284999999999802], [136.30500000002115, -3.284999999999802], [136.30500000002115, -3.2749999999998023], [136.32500000002113, -3.2749999999998023], [136.32500000002113, -3.2649999999998025], [136.33500000002115, -3.2649999999998025], [136.33500000002115, -3.2549999999998027], [136.34500000002117, -3.2549999999998027], [136.34500000002117, -3.244999999999803], [136.36500000002115, -3.244999999999803], [136.36500000002115, -3.234999999999803], [136.37500000002117, -3.234999999999803], [136.37500000002117, -3.2249999999998034], [136.39500000002118, -3.2249999999998034], [136.39500000002118, -3.2149999999998036], [136.4150000000212, -3.2149999999998036], [136.4150000000212, -3.204999999999804], [136.4350000000212, -3.204999999999804], [136.4350000000212, -3.194999999999804], [136.45500000002122, -3.194999999999804], [136.45500000002122, -3.184999999999804], [136.47500000002123, -3.184999999999804], [136.47500000002123, -3.1749999999998044], [136.49500000002124, -3.1749999999998044], [136.49500000002124, -3.1649999999998046], [136.50500000002125, -3.1649999999998046], [136.50500000002125, -3.1749999999998044], [136.55500000002127, -3.1749999999998044], [136.55500000002127, -3.1649999999998046], [136.57500000002128, -3.1649999999998046]], [[135.69500000002083, -3.7349999999997925], [135.69500000002083, -3.7449999999997923], [135.70500000002085, -3.7449999999997923], [135.70500000002085, -3.7349999999997925], [135.69500000002083, -3.7349999999997925]], [[136.35500000002116, -3.4549999999997985], [136.2350000000211, -3.4549999999997985], [136.2350000000211, -3.4649999999997982], [136.2250000000211, -3.4649999999997982], [136.2250000000211, -3.474999999999798], [136.2150000000211, -3.474999999999798], [136.2150000000211, -3.484999999999798], [136.20500000002107, -3.484999999999798], [136.20500000002107, -3.4949999999997976], [136.19500000002108, -3.4949999999997976], [136.19500000002108, -3.5049999999997974], [136.20500000002107, -3.5049999999997974], [136.20500000002107, -3.524999999999797], [136.2150000000211, -3.524999999999797], [136.2150000000211, -3.5349999999997967], [136.2250000000211, -3.5349999999997967], [136.2250000000211, -3.5449999999997965], [136.2350000000211, -3.5449999999997965], [136.2350000000211, -3.5549999999997963], [136.26500000002113, -3.5549999999997963], [136.26500000002113, -3.564999999999796], [136.4150000000212, -3.564999999999796], [136.4150000000212, -3.574999999999796], [136.4350000000212, -3.574999999999796], [136.4350000000212, -3.5849999999997957], [136.4450000000212, -3.5849999999997957], [136.4450000000212, -3.614999999999795], [136.45500000002122, -3.614999999999795], [136.45500000002122, -3.8249999999997906], [136.4450000000212, -3.8249999999997906], [136.4450000000212, -3.8649999999997897], [136.4150000000212, -3.8649999999997897], [136.4150000000212, -3.904999999999789], [136.40500000002118, -3.904999999999789], [136.40500000002118, -3.9349999999997882], [136.39500000002118, -3.9349999999997882], [136.39500000002118, -3.9649999999997876], [136.3850000000212, -3.9649999999997876], [136.3850000000212, -4.004999999999787], [136.40500000002118, -4.004999999999787], [136.40500000002118, -4.0149999999997865], [136.4350000000212, -4.0149999999997865], [136.4350000000212, -4.024999999999786], [136.46500000002123, -4.024999999999786], [136.46500000002123, -4.034999999999786], [136.49500000002124, -4.034999999999786], [136.49500000002124, -4.044999999999786], [136.51500000002125, -4.044999999999786], [136.51500000002125, -4.054999999999786], [136.53500000002126, -4.054999999999786], [136.53500000002126, -4.0649999999997855], [136.55500000002127, -4.0649999999997855], [136.55500000002127, -4.074999999999785], [136.5850000000213, -4.074999999999785], [136.5850000000213, -4.084999999999785], [136.60500000002128, -4.084999999999785], [136.60500000002128, -4.094999999999785], [136.6350000000213, -4.094999999999785], [136.6350000000213, -4.104999999999785], [136.67500000002133, -4.104999999999785], [136.67500000002133, -4.114999999999784], [136.71500000002135, -4.114999999999784], [136.71500000002135, -4.124999999999784], [136.87500000002143, -4.124999999999784], [136.87500000002143, -4.134999999999784], [137.0350000000215, -4.134999999999784], [137.0350000000215, -4.144999999999784], [137.07500000002153, -4.144999999999784], [137.07500000002153, -4.1549999999997835], [137.11500000002155, -4.1549999999997835], [137.11500000002155, -4.164999999999783], [137.15500000002157, -4.164999999999783], [137.15500000002157, -4.174999999999783], [137.1950000000216, -4.174999999999783], [137.1950000000216, -4.184999999999783], [137.22500000002162, -4.184999999999783], [137.22500000002162, -4.194999999999783], [137.25500000002162, -4.194999999999783], [137.25500000002162, -4.2049999999997825], [137.31500000002166, -4.2049999999997825], [137.31500000002166, -4.214999999999782], [137.36500000002167, -4.214999999999782], [137.36500000002167, -4.224999999999782], [137.4150000000217, -4.224999999999782], [137.4150000000217, -4.234999999999782], [137.45500000002173, -4.234999999999782], [137.45500000002173, -4.244999999999782], [137.52500000002175, -4.244999999999782], [137.52500000002175, -4.234999999999782], [137.55500000002178, -4.234999999999782], [137.55500000002178, -4.224999999999782], [137.5850000000218, -4.224999999999782], [137.5850000000218, -4.214999999999782], [137.6050000000218, -4.214999999999782], [137.6050000000218, -4.2049999999997825], [137.63500000002182, -4.2049999999997825], [137.63500000002182, -4.194999999999783], [137.66500000002185, -4.194999999999783], [137.66500000002185, -4.184999999999783], [137.69500000002185, -4.184999999999783], [137.69500000002185, -4.174999999999783], [137.72500000002185, -4.174999999999783], [137.72500000002185, -4.164999999999783], [137.7950000000219, -4.164999999999783], [137.7950000000219, -4.174999999999783], [137.85500000002193, -4.174999999999783], [137.85500000002193, -4.184999999999783], [137.91500000002196, -4.184999999999783], [137.91500000002196, -4.194999999999783], [137.96500000002197, -4.194999999999783], [137.96500000002197, -4.2049999999997825], [137.95500000002198, -4.2049999999997825], [137.95500000002198, -4.214999999999782], [138.005000000022, -4.214999999999782], [138.005000000022, -4.224999999999782], [138.05500000002203, -4.224999999999782], [138.05500000002203, -4.234999999999782], [138.09500000002205, -4.234999999999782], [138.09500000002205, -4.244999999999782], [138.1450000000221, -4.244999999999782], [138.1450000000221, -4.254999999999781], [138.1950000000221, -4.254999999999781], [138.1950000000221, -4.264999999999781], [138.24500000002212, -4.264999999999781], [138.24500000002212, -4.274999999999781], [138.26500000002216, -4.274999999999781], [138.26500000002216, -4.284999999999781], [138.29500000002216, -4.284999999999781], [138.29500000002216, -4.2949999999997805], [138.31500000002217, -4.2949999999997805], [138.31500000002217, -4.30499999999978], [138.33500000002218, -4.30499999999978], [138.33500000002218, -4.31499999999978], [138.36500000002218, -4.31499999999978], [138.36500000002218, -4.32499999999978], [138.3950000000222, -4.32499999999978], [138.3950000000222, -4.33499999999978], [138.42500000002224, -4.33499999999978], [138.42500000002224, -4.3449999999997795], [138.45500000002224, -4.3449999999997795], [138.45500000002224, -4.354999999999779], [138.49500000002226, -4.354999999999779], [138.49500000002226, -4.364999999999779], [138.52500000002226, -4.364999999999779], [138.52500000002226, -4.374999999999779], [138.5550000000223, -4.374999999999779], [138.5550000000223, -4.384999999999779], [138.5950000000223, -4.384999999999779], [138.5950000000223, -4.394999999999778], [138.62500000002234, -4.394999999999778], [138.62500000002234, -4.404999999999778], [138.65500000002234, -4.404999999999778], [138.65500000002234, -4.414999999999778], [138.68500000002234, -4.414999999999778], [138.68500000002234, -4.424999999999778], [138.71500000002237, -4.424999999999778], [138.71500000002237, -4.434999999999778], [138.7450000000224, -4.434999999999778], [138.7450000000224, -4.444999999999777], [138.89500000002246, -4.444999999999777], [138.89500000002246, -4.454999999999777], [138.9750000000225, -4.454999999999777], [138.9750000000225, -4.464999999999777], [139.0050000000225, -4.464999999999777], [139.0050000000225, -4.454999999999777], [139.03500000002254, -4.454999999999777], [139.03500000002254, -4.444999999999777], [139.06500000002256, -4.444999999999777], [139.06500000002256, -4.434999999999778], [139.10500000002259, -4.434999999999778], [139.10500000002259, -4.424999999999778], [139.1650000000226, -4.424999999999778], [139.1650000000226, -4.414999999999778], [139.31500000002268, -4.414999999999778], [139.31500000002268, -4.424999999999778], [139.3750000000227, -4.424999999999778], [139.3750000000227, -4.434999999999778], [139.41500000002273, -4.434999999999778], [139.41500000002273, -4.444999999999777], [139.43500000002274, -4.444999999999777], [139.43500000002274, -4.454999999999777], [139.45500000002275, -4.454999999999777], [139.45500000002275, -4.464999999999777], [139.47500000002276, -4.464999999999777], [139.47500000002276, -4.474999999999777], [139.48500000002275, -4.474999999999777], [139.48500000002275, -4.4849999999997765], [139.49500000002277, -4.4849999999997765], [139.49500000002277, -4.494999999999776], [139.5050000000228, -4.494999999999776], [139.5050000000228, -4.504999999999776], [139.51500000002278, -4.504999999999776], [139.51500000002278, -4.514999999999776], [139.5350000000228, -4.514999999999776], [139.5350000000228, -4.524999999999776], [139.5550000000228, -4.524999999999776], [139.5550000000228, -4.534999999999775], [139.5750000000228, -4.534999999999775], [139.5750000000228, -4.544999999999775], [139.59500000002282, -4.544999999999775], [139.59500000002282, -4.554999999999775], [139.6050000000228, -4.554999999999775], [139.6050000000228, -4.564999999999775], [139.62500000002285, -4.564999999999775], [139.62500000002285, -4.574999999999775], [139.64500000002283, -4.574999999999775], [139.64500000002283, -4.584999999999774], [139.66500000002287, -4.584999999999774], [139.66500000002287, -4.594999999999774], [139.68500000002285, -4.594999999999774], [139.68500000002285, -4.604999999999774], [139.7050000000229, -4.604999999999774], [139.7050000000229, -4.614999999999774], [139.7350000000229, -4.614999999999774], [139.7350000000229, -4.6249999999997735], [139.7550000000229, -4.6249999999997735], [139.7550000000229, -4.634999999999773], [139.78500000002293, -4.634999999999773], [139.78500000002293, -4.644999999999773], [139.81500000002293, -4.644999999999773], [139.81500000002293, -4.654999999999773], [139.84500000002294, -4.654999999999773], [139.84500000002294, -4.664999999999773], [139.86500000002297, -4.664999999999773], [139.86500000002297, -4.6749999999997724], [139.88500000002296, -4.6749999999997724], [139.88500000002296, -4.684999999999772], [139.905000000023, -4.684999999999772], [139.905000000023, -4.694999999999772], [139.92500000002298, -4.694999999999772], [139.92500000002298, -4.704999999999772], [139.935000000023, -4.704999999999772], [139.935000000023, -4.714999999999772], [139.94500000002301, -4.714999999999772], [139.94500000002301, -4.724999999999771], [139.935000000023, -4.724999999999771], [139.935000000023, -4.744999999999771], [139.94500000002301, -4.744999999999771], [139.94500000002301, -4.754999999999771], [139.965000000023, -4.754999999999771], [139.965000000023, -4.7649999999997705], [139.97500000002302, -4.7649999999997705], [139.97500000002302, -4.77499999999977], [139.99500000002303, -4.77499999999977], [139.99500000002303, -4.78499999999977], [140.00500000002302, -4.78499999999977], [140.00500000002302, -4.77499999999977], [140.06500000002308, -4.77499999999977], [140.06500000002308, -4.78499999999977], [140.1050000000231, -4.78499999999977], [140.1050000000231, -4.79499999999977], [140.14500000002312, -4.79499999999977], [140.14500000002312, -4.80499999999977], [140.18500000002314, -4.80499999999977], [140.18500000002314, -4.8149999999997695], [140.23500000002315, -4.8149999999997695], [140.23500000002315, -4.824999999999769], [140.27500000002317, -4.824999999999769], [140.27500000002317, -4.834999999999769], [140.3150000000232, -4.834999999999769], [140.3150000000232, -4.844999999999769], [140.34500000002322, -4.844999999999769], [140.34500000002322, -4.854999999999769], [140.37500000002322, -4.854999999999769], [140.37500000002322, -4.864999999999768], [140.39500000002323, -4.864999999999768], [140.39500000002323, -4.874999999999768], [140.41500000002324, -4.874999999999768], [140.41500000002324, -4.884999999999768], [140.43500000002325, -4.884999999999768], [140.43500000002325, -4.894999999999768], [140.45500000002326, -4.894999999999768], [140.45500000002326, -4.9049999999997675], [140.46500000002328, -4.9049999999997675], [140.46500000002328, -4.914999999999767], [140.47500000002327, -4.914999999999767], [140.47500000002327, -4.924999999999767], [140.49500000002328, -4.924999999999767], [140.49500000002328, -4.934999999999767], [140.5150000000233, -4.934999999999767], [140.5150000000233, -4.924999999999767], [140.52500000002328, -4.924999999999767], [140.52500000002328, -4.914999999999767], [140.5350000000233, -4.914999999999767], [140.5350000000233, -4.9049999999997675], [140.54500000002332, -4.9049999999997675], [140.54500000002332, -4.894999999999768], [140.5650000000233, -4.894999999999768], [140.5650000000233, -4.884999999999768], [140.57500000002332, -4.884999999999768], [140.57500000002332, -4.874999999999768], [140.58500000002334, -4.874999999999768], [140.58500000002334, -4.864999999999768], [140.60500000002332, -4.864999999999768], [140.60500000002332, -4.854999999999769], [140.61500000002334, -4.854999999999769], [140.61500000002334, -4.844999999999769], [140.63500000002335, -4.844999999999769], [140.63500000002335, -4.834999999999769], [140.64500000002334, -4.834999999999769], [140.64500000002334, -4.824999999999769], [140.66500000002338, -4.824999999999769], [140.66500000002338, -4.8149999999997695], [140.67500000002337, -4.8149999999997695], [140.67500000002337, -4.80499999999977], [140.69500000002338, -4.80499999999977], [140.69500000002338, -4.79499999999977], [140.67500000002337, -4.79499999999977], [140.67500000002337, -4.77499999999977], [140.69500000002338, -4.77499999999977], [140.69500000002338, -4.7649999999997705], [140.7050000000234, -4.7649999999997705], [140.7050000000234, -4.754999999999771], [140.7150000000234, -4.754999999999771], [140.7150000000234, -4.734999999999771], [140.69500000002338, -4.734999999999771], [140.69500000002338, -4.724999999999771], [140.68500000002336, -4.724999999999771], [140.68500000002336, -4.714999999999772], [140.66500000002338, -4.714999999999772], [140.66500000002338, -4.704999999999772], [140.65500000002336, -4.704999999999772], [140.65500000002336, -4.694999999999772], [140.63500000002335, -4.694999999999772], [140.63500000002335, -4.684999999999772], [140.61500000002334, -4.684999999999772], [140.61500000002334, -4.6749999999997724], [140.60500000002332, -4.6749999999997724], [140.60500000002332, -4.664999999999773], [140.58500000002334, -4.664999999999773], [140.58500000002334, -4.654999999999773], [140.5650000000233, -4.654999999999773], [140.5650000000233, -4.644999999999773], [140.54500000002332, -4.644999999999773], [140.54500000002332, -4.634999999999773], [140.52500000002328, -4.634999999999773], [140.52500000002328, -4.6249999999997735], [140.5050000000233, -4.6249999999997735], [140.5050000000233, -4.614999999999774], [140.47500000002327, -4.614999999999774], [140.47500000002327, -4.604999999999774], [140.44500000002324, -4.604999999999774], [140.44500000002324, -4.594999999999774], [140.42500000002326, -4.594999999999774], [140.42500000002326, -4.584999999999774], [140.40500000002322, -4.584999999999774], [140.40500000002322, -4.574999999999775], [140.38500000002324, -4.574999999999775], [140.38500000002324, -4.564999999999775], [140.37500000002322, -4.564999999999775], [140.37500000002322, -4.554999999999775], [140.3550000000232, -4.554999999999775], [140.3550000000232, -4.544999999999775], [140.34500000002322, -4.544999999999775], [140.34500000002322, -4.534999999999775], [140.3350000000232, -4.534999999999775], [140.3350000000232, -4.524999999999776], [140.32500000002318, -4.524999999999776], [140.32500000002318, -4.514999999999776], [140.3150000000232, -4.514999999999776], [140.3150000000232, -4.504999999999776], [140.3050000000232, -4.504999999999776], [140.3050000000232, -4.494999999999776], [140.29500000002318, -4.494999999999776], [140.29500000002318, -4.4849999999997765], [140.27500000002317, -4.4849999999997765], [140.27500000002317, -4.474999999999777], [140.26500000002318, -4.474999999999777], [140.26500000002318, -4.464999999999777], [140.24500000002314, -4.464999999999777], [140.24500000002314, -4.454999999999777], [140.23500000002315, -4.454999999999777], [140.23500000002315, -4.444999999999777], [140.21500000002314, -4.444999999999777], [140.21500000002314, -4.434999999999778], [140.19500000002313, -4.434999999999778], [140.19500000002313, -4.424999999999778], [140.1650000000231, -4.424999999999778], [140.1650000000231, -4.414999999999778], [140.14500000002312, -4.414999999999778], [140.14500000002312, -4.404999999999778], [140.1050000000231, -4.404999999999778], [140.1050000000231, -4.394999999999778], [140.07500000002307, -4.394999999999778], [140.07500000002307, -4.384999999999779], [140.02500000002306, -4.384999999999779], [140.02500000002306, -4.374999999999779], [139.98500000002304, -4.374999999999779], [139.98500000002304, -4.364999999999779], [139.965000000023, -4.364999999999779], [139.965000000023, -4.354999999999779], [139.94500000002301, -4.354999999999779], [139.94500000002301, -4.3449999999997795], [139.92500000002298, -4.3449999999997795], [139.92500000002298, -4.33499999999978], [139.905000000023, -4.33499999999978], [139.905000000023, -4.32499999999978], [139.89500000002297, -4.32499999999978], [139.89500000002297, -4.31499999999978], [139.87500000002296, -4.31499999999978], [139.87500000002296, -4.30499999999978], [139.86500000002297, -4.30499999999978], [139.86500000002297, -4.2949999999997805], [139.85500000002295, -4.2949999999997805], [139.85500000002295, -4.284999999999781], [139.84500000002294, -4.284999999999781], [139.84500000002294, -4.274999999999781], [139.83500000002294, -4.274999999999781], [139.83500000002294, -4.254999999999781], [139.82500000002295, -4.254999999999781], [139.82500000002295, -4.244999999999782], [139.81500000002293, -4.244999999999782], [139.81500000002293, -4.234999999999782], [139.80500000002291, -4.234999999999782], [139.80500000002291, -4.224999999999782], [139.79500000002292, -4.224999999999782], [139.79500000002292, -4.214999999999782], [139.7750000000229, -4.214999999999782], [139.7750000000229, -4.2049999999997825], [139.7650000000229, -4.2049999999997825], [139.7650000000229, -4.194999999999783], [139.7450000000229, -4.194999999999783], [139.7450000000229, -4.184999999999783], [139.65500000002285, -4.184999999999783], [139.65500000002285, -4.174999999999783], [139.5650000000228, -4.174999999999783], [139.5650000000228, -4.164999999999783], [139.49500000002277, -4.164999999999783], [139.49500000002277, -4.1549999999997835], [139.47500000002276, -4.1549999999997835], [139.47500000002276, -4.144999999999784], [139.46500000002277, -4.144999999999784], [139.46500000002277, -4.134999999999784], [139.45500000002275, -4.134999999999784], [139.45500000002275, -4.124999999999784], [139.44500000002273, -4.124999999999784], [139.44500000002273, -4.114999999999784], [139.42500000002275, -4.114999999999784], [139.42500000002275, -4.104999999999785], [139.41500000002273, -4.104999999999785], [139.41500000002273, -4.094999999999785], [139.4050000000227, -4.094999999999785], [139.4050000000227, -4.084999999999785], [139.39500000002272, -4.084999999999785], [139.39500000002272, -4.074999999999785], [139.38500000002273, -4.074999999999785], [139.38500000002273, -4.0649999999997855], [139.3750000000227, -4.0649999999997855], [139.3750000000227, -4.054999999999786], [139.3650000000227, -4.054999999999786], [139.3650000000227, -4.034999999999786], [139.3550000000227, -4.034999999999786], [139.3550000000227, -4.024999999999786], [139.3450000000227, -4.024999999999786], [139.3450000000227, -4.0149999999997865], [139.3350000000227, -4.0149999999997865], [139.3350000000227, -3.994999999999787], [139.32500000002267, -3.994999999999787], [139.32500000002267, -3.984999999999787], [139.31500000002268, -3.984999999999787], [139.31500000002268, -3.9749999999997874], [139.29500000002267, -3.9749999999997874], [139.29500000002267, -3.9649999999997876], [139.28500000002265, -3.9649999999997876], [139.28500000002265, -3.954999999999788], [139.27500000002266, -3.954999999999788], [139.27500000002266, -3.944999999999788], [139.25500000002265, -3.944999999999788], [139.25500000002265, -3.9349999999997882], [139.21500000002263, -3.9349999999997882], [139.21500000002263, -3.9249999999997884], [139.1650000000226, -3.9249999999997884], [139.1650000000226, -3.9149999999997886], [139.12500000002257, -3.9149999999997886], [139.12500000002257, -3.904999999999789], [139.10500000002259, -3.904999999999789], [139.10500000002259, -3.894999999999789], [139.07500000002256, -3.894999999999789], [139.07500000002256, -3.8849999999997893], [139.05500000002255, -3.8849999999997893], [139.05500000002255, -3.8749999999997895], [139.04500000002253, -3.8749999999997895], [139.04500000002253, -3.8649999999997897], [139.02500000002254, -3.8649999999997897], [139.02500000002254, -3.85499999999979], [139.01500000002252, -3.85499999999979], [139.01500000002252, -3.84499999999979], [139.0050000000225, -3.84499999999979], [139.0050000000225, -3.8349999999997904], [138.98500000002252, -3.8349999999997904], [138.98500000002252, -3.84499999999979], [138.9450000000225, -3.84499999999979], [138.9450000000225, -3.85499999999979], [138.91500000002247, -3.85499999999979], [138.91500000002247, -3.8649999999997897], [138.87500000002245, -3.8649999999997897], [138.87500000002245, -3.8749999999997895], [138.84500000002242, -3.8749999999997895], [138.84500000002242, -3.8849999999997893], [138.8050000000224, -3.8849999999997893], [138.8050000000224, -3.894999999999789], [138.7750000000224, -3.894999999999789], [138.7750000000224, -3.904999999999789], [138.7450000000224, -3.904999999999789], [138.7450000000224, -3.894999999999789], [138.73500000002238, -3.894999999999789], [138.73500000002238, -3.8849999999997893], [138.72500000002236, -3.8849999999997893], [138.72500000002236, -3.8749999999997895], [138.71500000002237, -3.8749999999997895], [138.71500000002237, -3.8649999999997897], [138.70500000002238, -3.8649999999997897], [138.70500000002238, -3.84499999999979], [138.69500000002236, -3.84499999999979], [138.69500000002236, -3.8349999999997904], [138.68500000002234, -3.8349999999997904], [138.68500000002234, -3.8249999999997906], [138.67500000002235, -3.8249999999997906], [138.67500000002235, -3.804999999999791], [138.66500000002236, -3.804999999999791], [138.66500000002236, -3.794999999999791], [138.65500000002234, -3.794999999999791], [138.65500000002234, -3.7749999999997916], [138.64500000002232, -3.7749999999997916], [138.64500000002232, -3.754999999999792], [138.63500000002233, -3.754999999999792], [138.63500000002233, -3.714999999999793], [138.62500000002234, -3.714999999999793], [138.62500000002234, -3.664999999999794], [138.61500000002232, -3.664999999999794], [138.61500000002232, -3.624999999999795], [138.6050000000223, -3.624999999999795], [138.6050000000223, -3.5949999999997955], [138.5950000000223, -3.5949999999997955], [138.5950000000223, -3.574999999999796], [138.58500000002232, -3.574999999999796], [138.58500000002232, -3.5549999999997963], [138.5750000000223, -3.5549999999997963], [138.5750000000223, -3.5349999999997967], [138.56500000002228, -3.5349999999997967], [138.56500000002228, -3.514999999999797], [138.5550000000223, -3.514999999999797], [138.5550000000223, -3.5049999999997974], [138.53500000002228, -3.5049999999997974], [138.53500000002228, -3.4949999999997976], [138.23500000002213, -3.4949999999997976], [138.23500000002213, -3.5049999999997974], [138.2050000000221, -3.5049999999997974], [138.2050000000221, -3.514999999999797], [138.18500000002211, -3.514999999999797], [138.18500000002211, -3.524999999999797], [138.16500000002208, -3.524999999999797], [138.16500000002208, -3.5349999999997967], [138.13500000002207, -3.5349999999997967], [138.13500000002207, -3.5449999999997965], [138.11500000002206, -3.5449999999997965], [138.11500000002206, -3.5549999999997963], [138.09500000002205, -3.5549999999997963], [138.09500000002205, -3.564999999999796], [138.08500000002203, -3.564999999999796], [138.08500000002203, -3.574999999999796], [138.06500000002205, -3.574999999999796], [138.06500000002205, -3.5849999999997957], [138.04500000002201, -3.5849999999997957], [138.04500000002201, -3.5949999999997955], [138.02500000002203, -3.5949999999997955], [138.02500000002203, -3.6049999999997953], [138.015000000022, -3.6049999999997953], [138.015000000022, -3.614999999999795], [137.995000000022, -3.614999999999795], [137.995000000022, -3.624999999999795], [137.95500000002198, -3.624999999999795], [137.95500000002198, -3.6349999999997946], [137.92500000002195, -3.6349999999997946], [137.92500000002195, -3.6449999999997944], [137.89500000002195, -3.6449999999997944], [137.89500000002195, -3.654999999999794], [137.87500000002194, -3.654999999999794], [137.87500000002194, -3.664999999999794], [137.85500000002193, -3.664999999999794], [137.85500000002193, -3.6749999999997938], [137.8450000000219, -3.6749999999997938], [137.8450000000219, -3.6949999999997933], [137.86500000002195, -3.6949999999997933], [137.86500000002195, -3.704999999999793], [137.89500000002195, -3.704999999999793], [137.89500000002195, -3.714999999999793], [137.92500000002195, -3.714999999999793], [137.92500000002195, -3.7249999999997927], [137.95500000002198, -3.7249999999997927], [137.95500000002198, -3.7449999999997923], [137.93500000002197, -3.7449999999997923], [137.93500000002197, -3.754999999999792], [137.92500000002195, -3.754999999999792], [137.92500000002195, -3.764999999999792], [137.90500000002197, -3.764999999999792], [137.90500000002197, -3.7749999999997916], [137.88500000002193, -3.7749999999997916], [137.88500000002193, -3.7849999999997914], [137.85500000002193, -3.7849999999997914], [137.85500000002193, -3.794999999999791], [137.83500000002192, -3.794999999999791], [137.83500000002192, -3.804999999999791], [137.8050000000219, -3.804999999999791], [137.8050000000219, -3.814999999999791], [137.7750000000219, -3.814999999999791], [137.7750000000219, -3.8249999999997906], [137.69500000002185, -3.8249999999997906], [137.69500000002185, -3.814999999999791], [137.65500000002183, -3.814999999999791], [137.65500000002183, -3.804999999999791], [137.6450000000218, -3.804999999999791], [137.6450000000218, -3.7849999999997914], [137.63500000002182, -3.7849999999997914], [137.63500000002182, -3.7749999999997916], [137.62500000002183, -3.7749999999997916], [137.62500000002183, -3.764999999999792], [137.5450000000218, -3.764999999999792], [137.5450000000218, -3.754999999999792], [137.50500000002177, -3.754999999999792], [137.50500000002177, -3.7449999999997923], [137.47500000002174, -3.7449999999997923], [137.47500000002174, -3.7349999999997925], [137.45500000002173, -3.7349999999997925], [137.45500000002173, -3.7249999999997927], [137.43500000002172, -3.7249999999997927], [137.43500000002172, -3.714999999999793], [137.4150000000217, -3.714999999999793], [137.4150000000217, -3.704999999999793], [137.3950000000217, -3.704999999999793], [137.3950000000217, -3.6949999999997933], [137.36500000002167, -3.6949999999997933], [137.36500000002167, -3.6849999999997936], [137.34500000002168, -3.6849999999997936], [137.34500000002168, -3.6749999999997938], [137.31500000002166, -3.6749999999997938], [137.31500000002166, -3.664999999999794], [137.28500000002163, -3.664999999999794], [137.28500000002163, -3.654999999999794], [137.25500000002162, -3.654999999999794], [137.25500000002162, -3.6449999999997944], [137.20500000002158, -3.6449999999997944], [137.20500000002158, -3.6349999999997946], [137.14500000002158, -3.6349999999997946], [137.14500000002158, -3.624999999999795], [137.08500000002152, -3.624999999999795], [137.08500000002152, -3.614999999999795], [137.02500000002152, -3.614999999999795], [137.02500000002152, -3.6049999999997953], [136.94500000002148, -3.6049999999997953], [136.94500000002148, -3.5949999999997955], [136.87500000002143, -3.5949999999997955], [136.87500000002143, -3.5849999999997957], [136.8150000000214, -3.5849999999997957], [136.8150000000214, -3.574999999999796], [136.76500000002136, -3.574999999999796], [136.76500000002136, -3.564999999999796], [136.6150000000213, -3.564999999999796], [136.6150000000213, -3.5549999999997963], [136.62500000002132, -3.5549999999997963], [136.62500000002132, -3.5349999999997967], [136.57500000002128, -3.5349999999997967], [136.57500000002128, -3.524999999999797], [136.54500000002128, -3.524999999999797], [136.54500000002128, -3.514999999999797], [136.52500000002124, -3.514999999999797], [136.52500000002124, -3.5049999999997974], [136.51500000002125, -3.5049999999997974], [136.51500000002125, -3.4949999999997976], [136.50500000002125, -3.4949999999997976], [136.50500000002125, -3.484999999999798], [136.49500000002124, -3.484999999999798], [136.49500000002124, -3.4649999999997982], [136.48500000002122, -3.4649999999997982], [136.48500000002122, -3.4549999999997985], [136.45500000002122, -3.4549999999997985], [136.45500000002122, -3.4449999999997987], [136.3850000000212, -3.4449999999997987], [136.3850000000212, -3.4549999999997985], [136.37500000002117, -3.4549999999997985], [136.37500000002117, -3.4649999999997982], [136.35500000002116, -3.4649999999997982], [136.35500000002116, -3.4549999999997985]], [[135.69500000002083, -3.8749999999997895], [135.66500000002083, -3.8749999999997895], [135.66500000002083, -3.8849999999997893], [135.6450000000208, -3.8849999999997893], [135.6450000000208, -3.894999999999789], [135.61500000002079, -3.894999999999789], [135.61500000002079, -3.904999999999789], [135.58500000002078, -3.904999999999789], [135.58500000002078, -3.9149999999997886], [135.55500000002075, -3.9149999999997886], [135.55500000002075, -3.9249999999997884], [135.52500000002073, -3.9249999999997884], [135.52500000002073, -3.9349999999997882], [135.49500000002072, -3.9349999999997882], [135.49500000002072, -3.944999999999788], [135.4850000000207, -3.944999999999788], [135.4850000000207, -3.954999999999788], [135.4750000000207, -3.954999999999788], [135.4750000000207, -3.9749999999997874], [135.46500000002072, -3.9749999999997874], [135.46500000002072, -3.984999999999787], [135.4550000000207, -3.984999999999787], [135.4550000000207, -4.0149999999997865], [135.46500000002072, -4.0149999999997865], [135.46500000002072, -4.024999999999786], [135.4750000000207, -4.024999999999786], [135.4750000000207, -4.044999999999786], [135.4850000000207, -4.044999999999786], [135.4850000000207, -4.054999999999786], [135.49500000002072, -4.054999999999786], [135.49500000002072, -4.0649999999997855], [135.51500000002073, -4.0649999999997855], [135.51500000002073, -4.084999999999785], [135.52500000002073, -4.084999999999785], [135.52500000002073, -4.094999999999785], [135.60500000002077, -4.094999999999785], [135.60500000002077, -4.104999999999785], [135.69500000002083, -4.104999999999785], [135.69500000002083, -4.114999999999784], [135.76500000002085, -4.114999999999784], [135.76500000002085, -4.104999999999785], [135.7850000000209, -4.104999999999785], [135.7850000000209, -4.094999999999785], [135.8150000000209, -4.094999999999785], [135.8150000000209, -4.084999999999785], [135.8350000000209, -4.084999999999785], [135.8350000000209, -4.074999999999785], [135.8550000000209, -4.074999999999785], [135.8550000000209, -4.0649999999997855], [135.86500000002093, -4.0649999999997855], [135.86500000002093, -4.054999999999786], [135.8850000000209, -4.054999999999786], [135.8850000000209, -4.044999999999786], [135.90500000002095, -4.044999999999786], [135.90500000002095, -4.034999999999786], [135.91500000002094, -4.034999999999786], [135.91500000002094, -4.024999999999786], [135.93500000002095, -4.024999999999786], [135.93500000002095, -4.0149999999997865], [135.94500000002097, -4.0149999999997865], [135.94500000002097, -4.004999999999787], [135.95500000002096, -4.004999999999787], [135.95500000002096, -3.984999999999787], [135.94500000002097, -3.984999999999787], [135.94500000002097, -3.9749999999997874], [135.93500000002095, -3.9749999999997874], [135.93500000002095, -3.9649999999997876], [135.92500000002093, -3.9649999999997876], [135.92500000002093, -3.954999999999788], [135.91500000002094, -3.954999999999788], [135.91500000002094, -3.944999999999788], [135.90500000002095, -3.944999999999788], [135.90500000002095, -3.9349999999997882], [135.89500000002093, -3.9349999999997882], [135.89500000002093, -3.9249999999997884], [135.8850000000209, -3.9249999999997884], [135.8850000000209, -3.9149999999997886], [135.86500000002093, -3.9149999999997886], [135.86500000002093, -3.904999999999789], [135.8450000000209, -3.904999999999789], [135.8450000000209, -3.894999999999789], [135.8350000000209, -3.894999999999789], [135.8350000000209, -3.8849999999997893], [135.8150000000209, -3.8849999999997893], [135.8150000000209, -3.8749999999997895], [135.79500000002088, -3.8749999999997895], [135.79500000002088, -3.8649999999997897], [135.77500000002087, -3.8649999999997897], [135.77500000002087, -3.85499999999979], [135.75500000002086, -3.85499999999979], [135.75500000002086, -3.84499999999979], [135.74500000002087, -3.84499999999979], [135.74500000002087, -3.85499999999979], [135.72500000002083, -3.85499999999979], [135.72500000002083, -3.8649999999997897], [135.69500000002083, -3.8649999999997897], [135.69500000002083, -3.8749999999997895]], [[140.94500000002353, -4.974999999999766], [140.9350000000235, -4.974999999999766], [140.9350000000235, -4.994999999999766], [140.9250000000235, -4.994999999999766], [140.9250000000235, -5.004999999999765], [140.9350000000235, -5.004999999999765], [140.9350000000235, -5.014999999999765], [140.94500000002353, -5.014999999999765], [140.94500000002353, -5.024999999999765], [140.95500000002352, -5.024999999999765], [140.95500000002352, -5.034999999999765], [140.9650000000235, -5.034999999999765], [140.9650000000235, -5.044999999999765], [140.97500000002353, -5.044999999999765], [140.97500000002353, -5.054999999999764], [140.98500000002355, -5.054999999999764], [140.98500000002355, -5.064999999999764], [140.99500000002354, -5.064999999999764], [140.99500000002354, -5.074999999999764], [141.00500000002353, -5.074999999999764], [141.00500000002353, -5.054999999999764], [141.17500000002363, -5.054999999999764], [141.17500000002363, -5.064999999999764], [141.2650000000237, -5.064999999999764], [141.2650000000237, -5.054999999999764], [141.28500000002367, -5.054999999999764], [141.28500000002367, -5.044999999999765], [141.3050000000237, -5.044999999999765], [141.3050000000237, -5.034999999999765], [141.3150000000237, -5.034999999999765], [141.3150000000237, -5.024999999999765], [141.3250000000237, -5.024999999999765], [141.3250000000237, -5.014999999999765], [141.3350000000237, -5.014999999999765], [141.3350000000237, -4.994999999999766], [141.3250000000237, -4.994999999999766], [141.3250000000237, -4.984999999999766], [141.3150000000237, -4.984999999999766], [141.3150000000237, -4.974999999999766], [141.2950000000237, -4.974999999999766], [141.2950000000237, -4.964999999999766], [141.27500000002368, -4.964999999999766], [141.27500000002368, -4.9549999999997665], [141.20500000002363, -4.9549999999997665], [141.20500000002363, -4.944999999999767], [140.99500000002354, -4.944999999999767], [140.99500000002354, -4.9549999999997665], [140.98500000002355, -4.9549999999997665], [140.98500000002355, -4.964999999999766], [140.94500000002353, -4.964999999999766], [140.94500000002353, -4.974999999999766]]], [[[135.8450000000209, -3.6949999999997933], [135.8450000000209, -3.704999999999793], [135.8350000000209, -3.704999999999793], [135.8350000000209, -3.6949999999997933], [135.8450000000209, -3.6949999999997933]]], [[[121.34500000001348, -3.154999999999805], [121.34500000001348, -3.1649999999998046], [121.3650000000135, -3.1649999999998046], [121.3650000000135, -3.1749999999998044], [121.3850000000135, -3.1749999999998044], [121.3850000000135, -3.184999999999804], [121.40500000001352, -3.184999999999804], [121.40500000001352, -3.194999999999804], [121.42500000001353, -3.194999999999804], [121.42500000001353, -3.204999999999804], [121.43500000001353, -3.204999999999804], [121.43500000001353, -3.2149999999998036], [121.45500000001354, -3.2149999999998036], [121.45500000001354, -3.2249999999998034], [121.46500000001355, -3.2249999999998034], [121.46500000001355, -3.234999999999803], [121.47500000001355, -3.234999999999803], [121.47500000001355, -3.2549999999998027], [121.48500000001356, -3.2549999999998027], [121.48500000001356, -3.2749999999998023], [121.47500000001355, -3.2749999999998023], [121.47500000001355, -3.3849999999998], [121.46500000001355, -3.3849999999998], [121.46500000001355, -3.484999999999798], [121.45500000001354, -3.484999999999798], [121.45500000001354, -3.514999999999797], [121.46500000001355, -3.514999999999797], [121.46500000001355, -3.5349999999997967], [121.47500000001355, -3.5349999999997967], [121.47500000001355, -3.564999999999796], [121.48500000001356, -3.564999999999796], [121.48500000001356, -3.5849999999997957], [121.49500000001356, -3.5849999999997957], [121.49500000001356, -3.6049999999997953], [121.50500000001357, -3.6049999999997953], [121.50500000001357, -3.614999999999795], [121.51500000001357, -3.614999999999795], [121.51500000001357, -3.6349999999997946], [121.52500000001358, -3.6349999999997946], [121.52500000001358, -3.654999999999794], [121.53500000001358, -3.654999999999794], [121.53500000001358, -3.6749999999997938], [121.54500000001359, -3.6749999999997938], [121.54500000001359, -3.714999999999793], [121.55500000001359, -3.714999999999793], [121.55500000001359, -3.754999999999792], [121.54500000001359, -3.754999999999792], [121.54500000001359, -3.764999999999792], [121.52500000001358, -3.764999999999792], [121.52500000001358, -3.7749999999997916], [121.51500000001357, -3.7749999999997916], [121.51500000001357, -3.7849999999997914], [121.47500000001355, -3.7849999999997914], [121.47500000001355, -3.7749999999997916], [121.42500000001353, -3.7749999999997916], [121.42500000001353, -3.764999999999792], [121.3750000000135, -3.764999999999792], [121.3750000000135, -3.754999999999792], [121.32500000001347, -3.754999999999792], [121.32500000001347, -3.7449999999997923], [121.28500000001345, -3.7449999999997923], [121.28500000001345, -3.7349999999997925], [121.25500000001344, -3.7349999999997925], [121.25500000001344, -3.7249999999997927], [121.24500000001343, -3.7249999999997927], [121.24500000001343, -3.714999999999793], [121.23500000001343, -3.714999999999793], [121.23500000001343, -3.6949999999997933], [121.22500000001342, -3.6949999999997933], [121.22500000001342, -3.6849999999997936], [121.21500000001342, -3.6849999999997936], [121.21500000001342, -3.664999999999794], [121.20500000001341, -3.664999999999794], [121.20500000001341, -3.654999999999794], [121.19500000001341, -3.654999999999794], [121.19500000001341, -3.6449999999997944], [121.1850000000134, -3.6449999999997944], [121.1850000000134, -3.6349999999997946], [121.1750000000134, -3.6349999999997946], [121.1750000000134, -3.624999999999795], [121.16500000001339, -3.624999999999795], [121.16500000001339, -3.614999999999795], [121.14500000001338, -3.614999999999795], [121.14500000001338, -3.6049999999997953], [121.13500000001338, -3.6049999999997953], [121.13500000001338, -3.5949999999997955], [121.11500000001337, -3.5949999999997955], [121.11500000001337, -3.5849999999997957], [121.09500000001336, -3.5849999999997957], [121.09500000001336, -3.574999999999796], [121.06500000001334, -3.574999999999796], [121.06500000001334, -3.564999999999796], [121.04500000001333, -3.564999999999796], [121.04500000001333, -3.5549999999997963], [121.00500000001331, -3.5549999999997963], [121.00500000001331, -3.5449999999997965], [120.9950000000133, -3.5449999999997965], [120.9950000000133, -3.5349999999997967], [120.9850000000133, -3.5349999999997967], [120.9850000000133, -3.524999999999797], [120.9750000000133, -3.524999999999797], [120.9750000000133, -3.514999999999797], [120.96500000001329, -3.514999999999797], [120.96500000001329, -3.474999999999798], [120.9750000000133, -3.474999999999798], [120.9750000000133, -3.4649999999997982], [120.9850000000133, -3.4649999999997982], [120.9850000000133, -3.4549999999997985], [120.9950000000133, -3.4549999999997985], [120.9950000000133, -3.4449999999997987], [121.00500000001331, -3.4449999999997987], [121.00500000001331, -3.434999999999799], [121.02500000001332, -3.434999999999799], [121.02500000001332, -3.424999999999799], [121.04500000001333, -3.424999999999799], [121.04500000001333, -3.4149999999997993], [121.06500000001334, -3.4149999999997993], [121.06500000001334, -3.4049999999997995], [121.07500000001335, -3.4049999999997995], [121.07500000001335, -3.3949999999997997], [121.09500000001336, -3.3949999999997997], [121.09500000001336, -3.3849999999998], [121.10500000001336, -3.3849999999998], [121.10500000001336, -3.3749999999998], [121.11500000001337, -3.3749999999998], [121.11500000001337, -3.3649999999998004], [121.12500000001337, -3.3649999999998004], [121.12500000001337, -3.344999999999801], [121.13500000001338, -3.344999999999801], [121.13500000001338, -3.334999999999801], [121.14500000001338, -3.334999999999801], [121.14500000001338, -3.3149999999998014], [121.15500000001339, -3.3149999999998014], [121.15500000001339, -3.294999999999802], [121.16500000001339, -3.294999999999802], [121.16500000001339, -3.2749999999998023], [121.1750000000134, -3.2749999999998023], [121.1750000000134, -3.2549999999998027], [121.1850000000134, -3.2549999999998027], [121.1850000000134, -3.2249999999998034], [121.19500000001341, -3.2249999999998034], [121.19500000001341, -3.204999999999804], [121.20500000001341, -3.204999999999804], [121.20500000001341, -3.194999999999804], [121.21500000001342, -3.194999999999804], [121.21500000001342, -3.1749999999998044], [121.22500000001342, -3.1749999999998044], [121.22500000001342, -3.154999999999805], [121.23500000001343, -3.154999999999805], [121.23500000001343, -3.144999999999805], [121.24500000001343, -3.144999999999805], [121.24500000001343, -3.1349999999998053], [121.29500000001346, -3.1349999999998053], [121.29500000001346, -3.144999999999805], [121.32500000001347, -3.144999999999805], [121.32500000001347, -3.154999999999805], [121.34500000001348, -3.154999999999805]], [[121.25500000001344, -3.484999999999798], [121.23500000001343, -3.484999999999798], [121.23500000001343, -3.4949999999997976], [121.24500000001343, -3.4949999999997976], [121.24500000001343, -3.5049999999997974], [121.25500000001344, -3.5049999999997974], [121.25500000001344, -3.484999999999798]]], [[[126.51500000001613, -3.2149999999998036], [126.51500000001613, -3.2249999999998034], [126.53500000001614, -3.2249999999998034], [126.53500000001614, -3.234999999999803], [126.56500000001616, -3.234999999999803], [126.56500000001616, -3.244999999999803], [126.57500000001616, -3.244999999999803], [126.57500000001616, -3.294999999999802], [126.56500000001616, -3.294999999999802], [126.56500000001616, -3.3249999999998012], [126.55500000001615, -3.3249999999998012], [126.55500000001615, -3.3549999999998006], [126.54500000001615, -3.3549999999998006], [126.54500000001615, -3.3849999999998], [126.53500000001614, -3.3849999999998], [126.53500000001614, -3.4149999999997993], [126.52500000001614, -3.4149999999997993], [126.52500000001614, -3.434999999999799], [126.51500000001613, -3.434999999999799], [126.51500000001613, -3.4549999999997985], [126.50500000001612, -3.4549999999997985], [126.50500000001612, -3.474999999999798], [126.47500000001611, -3.474999999999798], [126.47500000001611, -3.4649999999997982], [126.43500000001609, -3.4649999999997982], [126.43500000001609, -3.4549999999997985], [126.41500000001608, -3.4549999999997985], [126.41500000001608, -3.4449999999997987], [126.39500000001607, -3.4449999999997987], [126.39500000001607, -3.434999999999799], [126.38500000001606, -3.434999999999799], [126.38500000001606, -3.424999999999799], [126.36500000001605, -3.424999999999799], [126.36500000001605, -3.4149999999997993], [126.34500000001604, -3.4149999999997993], [126.34500000001604, -3.4049999999997995], [126.265000000016, -3.4049999999997995], [126.265000000016, -3.3949999999997997], [126.24500000001599, -3.3949999999997997], [126.24500000001599, -3.3749999999998], [126.23500000001599, -3.3749999999998], [126.23500000001599, -3.3549999999998006], [126.22500000001598, -3.3549999999998006], [126.22500000001598, -3.334999999999801], [126.21500000001598, -3.334999999999801], [126.21500000001598, -3.3249999999998012], [126.20500000001597, -3.3249999999998012], [126.20500000001597, -3.3049999999998017], [126.19500000001597, -3.3049999999998017], [126.19500000001597, -3.284999999999802], [126.18500000001596, -3.284999999999802], [126.18500000001596, -3.2649999999998025], [126.17500000001596, -3.2649999999998025], [126.17500000001596, -3.244999999999803], [126.18500000001596, -3.244999999999803], [126.18500000001596, -3.234999999999803], [126.19500000001597, -3.234999999999803], [126.19500000001597, -3.2249999999998034], [126.21500000001598, -3.2249999999998034], [126.21500000001598, -3.2149999999998036], [126.22500000001598, -3.2149999999998036], [126.22500000001598, -3.204999999999804], [126.255000000016, -3.204999999999804], [126.255000000016, -3.194999999999804], [126.265000000016, -3.194999999999804], [126.265000000016, -3.204999999999804], [126.41500000001608, -3.204999999999804], [126.41500000001608, -3.2149999999998036], [126.51500000001613, -3.2149999999998036]]], [[[129.53500000001767, -3.194999999999804], [129.53500000001767, -3.204999999999804], [129.5450000000177, -3.204999999999804], [129.5450000000177, -3.2149999999998036], [129.55500000001769, -3.2149999999998036], [129.55500000001769, -3.2249999999998034], [129.56500000001768, -3.2249999999998034], [129.56500000001768, -3.234999999999803], [129.5750000000177, -3.234999999999803], [129.5750000000177, -3.2549999999998027], [129.56500000001768, -3.2549999999998027], [129.56500000001768, -3.2649999999998025], [129.5450000000177, -3.2649999999998025], [129.5450000000177, -3.2749999999998023], [129.52500000001766, -3.2749999999998023], [129.52500000001766, -3.284999999999802], [129.45500000001763, -3.284999999999802], [129.45500000001763, -3.2749999999998023], [129.42500000001763, -3.2749999999998023], [129.42500000001763, -3.2649999999998025], [129.3950000000176, -3.2649999999998025], [129.3950000000176, -3.2549999999998027], [129.3750000000176, -3.2549999999998027], [129.3750000000176, -3.234999999999803], [129.3850000000176, -3.234999999999803], [129.3850000000176, -3.2249999999998034], [129.4050000000176, -3.2249999999998034], [129.4050000000176, -3.2149999999998036], [129.42500000001763, -3.2149999999998036], [129.42500000001763, -3.204999999999804], [129.43500000001762, -3.204999999999804], [129.43500000001762, -3.194999999999804], [129.46500000001765, -3.194999999999804], [129.46500000001765, -3.184999999999804], [129.48500000001764, -3.184999999999804], [129.48500000001764, -3.1749999999998044], [129.50500000001767, -3.1749999999998044], [129.50500000001767, -3.184999999999804], [129.52500000001766, -3.184999999999804], [129.52500000001766, -3.194999999999804], [129.53500000001767, -3.194999999999804]]], [[[119.78500000001269, -3.054999999999807], [119.78500000001269, -3.0649999999998068], [119.77500000001268, -3.0649999999998068], [119.77500000001268, -3.0749999999998066], [119.75500000001267, -3.0749999999998066], [119.75500000001267, -3.0649999999998068], [119.76500000001268, -3.0649999999998068], [119.76500000001268, -3.054999999999807], [119.77500000001268, -3.054999999999807], [119.77500000001268, -3.044999999999807], [119.78500000001269, -3.044999999999807], [119.78500000001269, -3.0349999999998074], [119.79500000001269, -3.0349999999998074], [119.79500000001269, -3.0249999999998076], [119.8050000000127, -3.0249999999998076], [119.8050000000127, -3.044999999999807], [119.79500000001269, -3.044999999999807], [119.79500000001269, -3.054999999999807], [119.78500000001269, -3.054999999999807]]], [[[120.28500000001294, -1.274999999999845], [120.28500000001294, -1.3249999999998439], [120.29500000001295, -1.3249999999998439], [120.29500000001295, -1.3549999999998432], [120.30500000001295, -1.3549999999998432], [120.30500000001295, -1.364999999999843], [120.31500000001296, -1.364999999999843], [120.31500000001296, -1.3749999999998428], [120.32500000001296, -1.3749999999998428], [120.32500000001296, -1.3849999999998426], [120.35500000001298, -1.3849999999998426], [120.35500000001298, -1.3949999999998424], [120.405000000013, -1.3949999999998424], [120.405000000013, -1.4049999999998422], [120.50500000001306, -1.4049999999998422], [120.50500000001306, -1.4249999999998417], [120.51500000001306, -1.4249999999998417], [120.51500000001306, -1.4349999999998415], [120.52500000001307, -1.4349999999998415], [120.52500000001307, -1.4449999999998413], [120.53500000001307, -1.4449999999998413], [120.53500000001307, -1.4649999999998409], [120.54500000001308, -1.4649999999998409], [120.54500000001308, -1.4749999999998407], [120.55500000001308, -1.4749999999998407], [120.55500000001308, -1.4849999999998404], [120.56500000001309, -1.4849999999998404], [120.56500000001309, -1.5249999999998396], [120.57500000001309, -1.5249999999998396], [120.57500000001309, -1.5849999999998383], [120.56500000001309, -1.5849999999998383], [120.56500000001309, -1.6149999999998377], [120.57500000001309, -1.6149999999998377], [120.57500000001309, -1.6549999999998368], [120.5850000000131, -1.6549999999998368], [120.5850000000131, -1.6849999999998362], [120.5950000000131, -1.6849999999998362], [120.5950000000131, -1.7049999999998358], [120.6050000000131, -1.7049999999998358], [120.6050000000131, -1.7249999999998353], [120.61500000001311, -1.7249999999998353], [120.61500000001311, -1.7349999999998351], [120.62500000001312, -1.7349999999998351], [120.62500000001312, -1.7549999999998347], [120.63500000001312, -1.7549999999998347], [120.63500000001312, -2.014999999999829], [120.64500000001313, -2.014999999999829], [120.64500000001313, -2.0349999999998287], [120.65500000001313, -2.0349999999998287], [120.65500000001313, -2.0549999999998283], [120.66500000001314, -2.0549999999998283], [120.66500000001314, -2.074999999999828], [120.67500000001314, -2.074999999999828], [120.67500000001314, -2.0949999999998274], [120.68500000001315, -2.0949999999998274], [120.68500000001315, -2.1049999999998272], [120.69500000001315, -2.1049999999998272], [120.69500000001315, -2.124999999999827], [120.70500000001316, -2.124999999999827], [120.70500000001316, -2.1349999999998266], [120.71500000001316, -2.1349999999998266], [120.71500000001316, -2.1449999999998264], [120.72500000001317, -2.1449999999998264], [120.72500000001317, -2.164999999999826], [120.73500000001317, -2.164999999999826], [120.73500000001317, -2.1749999999998257], [120.81500000001321, -2.1749999999998257], [120.81500000001321, -2.164999999999826], [120.91500000001326, -2.164999999999826], [120.91500000001326, -2.154999999999826], [121.00500000001331, -2.154999999999826], [121.00500000001331, -2.164999999999826], [121.02500000001332, -2.164999999999826], [121.02500000001332, -2.1749999999998257], [121.03500000001333, -2.1749999999998257], [121.03500000001333, -2.1849999999998255], [121.04500000001333, -2.1849999999998255], [121.04500000001333, -2.1949999999998253], [121.05500000001334, -2.1949999999998253], [121.05500000001334, -2.204999999999825], [121.06500000001334, -2.204999999999825], [121.06500000001334, -2.214999999999825], [121.07500000001335, -2.214999999999825], [121.07500000001335, -2.2349999999998245], [121.08500000001335, -2.2349999999998245], [121.08500000001335, -2.264999999999824], [121.07500000001335, -2.264999999999824], [121.07500000001335, -2.2849999999998234], [121.06500000001334, -2.2849999999998234], [121.06500000001334, -2.294999999999823], [121.05500000001334, -2.294999999999823], [121.05500000001334, -2.3149999999998228], [121.04500000001333, -2.3149999999998228], [121.04500000001333, -2.3249999999998225], [121.03500000001333, -2.3249999999998225], [121.03500000001333, -2.3349999999998223], [121.02500000001332, -2.3349999999998223], [121.02500000001332, -2.344999999999822], [121.00500000001331, -2.344999999999822], [121.00500000001331, -2.354999999999822], [120.9750000000133, -2.354999999999822], [120.9750000000133, -2.344999999999822], [120.94500000001328, -2.344999999999822], [120.94500000001328, -2.3349999999998223], [120.91500000001326, -2.3349999999998223], [120.91500000001326, -2.3249999999998225], [120.88500000001325, -2.3249999999998225], [120.88500000001325, -2.3149999999998228], [120.84500000001323, -2.3149999999998228], [120.84500000001323, -2.304999999999823], [120.81500000001321, -2.304999999999823], [120.81500000001321, -2.294999999999823], [120.7750000000132, -2.294999999999823], [120.7750000000132, -2.2849999999998234], [120.73500000001317, -2.2849999999998234], [120.73500000001317, -2.294999999999823], [120.70500000001316, -2.294999999999823], [120.70500000001316, -2.304999999999823], [120.68500000001315, -2.304999999999823], [120.68500000001315, -2.3149999999998228], [120.65500000001313, -2.3149999999998228], [120.65500000001313, -2.3249999999998225], [120.63500000001312, -2.3249999999998225], [120.63500000001312, -2.3349999999998223], [120.61500000001311, -2.3349999999998223], [120.61500000001311, -2.344999999999822], [120.5950000000131, -2.344999999999822], [120.5950000000131, -2.354999999999822], [120.57500000001309, -2.354999999999822], [120.57500000001309, -2.3649999999998217], [120.55500000001308, -2.3649999999998217], [120.55500000001308, -2.3749999999998215], [120.53500000001307, -2.3749999999998215], [120.53500000001307, -2.3849999999998213], [120.51500000001306, -2.3849999999998213], [120.51500000001306, -2.394999999999821], [120.49500000001305, -2.394999999999821], [120.49500000001305, -2.404999999999821], [120.42500000001301, -2.404999999999821], [120.42500000001301, -2.394999999999821], [120.395000000013, -2.394999999999821], [120.395000000013, -2.3849999999998213], [120.30500000001295, -2.3849999999998213], [120.30500000001295, -2.394999999999821], [120.23500000001292, -2.394999999999821], [120.23500000001292, -2.404999999999821], [120.2150000000129, -2.404999999999821], [120.2150000000129, -2.4149999999998206], [120.1950000000129, -2.4149999999998206], [120.1950000000129, -2.4249999999998204], [120.17500000001289, -2.4249999999998204], [120.17500000001289, -2.43499999999982], [120.15500000001288, -2.43499999999982], [120.15500000001288, -2.44499999999982], [120.14500000001287, -2.44499999999982], [120.14500000001287, -2.4549999999998198], [120.13500000001287, -2.4549999999998198], [120.13500000001287, -2.4649999999998196], [120.12500000001286, -2.4649999999998196], [120.12500000001286, -2.4749999999998193], [120.11500000001286, -2.4749999999998193], [120.11500000001286, -2.484999999999819], [120.10500000001285, -2.484999999999819], [120.10500000001285, -2.5049999999998187], [120.09500000001285, -2.5049999999998187], [120.09500000001285, -2.544999999999818], [120.08500000001284, -2.544999999999818], [120.08500000001284, -2.594999999999817], [120.07500000001284, -2.594999999999817], [120.07500000001284, -2.6149999999998164], [120.08500000001284, -2.6149999999998164], [120.08500000001284, -2.624999999999816], [120.10500000001285, -2.624999999999816], [120.10500000001285, -2.6549999999998155], [120.09500000001285, -2.6549999999998155], [120.09500000001285, -2.7049999999998144], [120.08500000001284, -2.7049999999998144], [120.08500000001284, -2.7549999999998134], [120.07500000001284, -2.7549999999998134], [120.07500000001284, -2.7849999999998127], [120.06500000001283, -2.7849999999998127], [120.06500000001283, -2.8049999999998123], [120.05500000001283, -2.8049999999998123], [120.05500000001283, -2.8349999999998117], [120.04500000001282, -2.8349999999998117], [120.04500000001282, -2.874999999999811], [120.03500000001281, -2.874999999999811], [120.03500000001281, -2.90499999999981], [120.02500000001281, -2.90499999999981], [120.02500000001281, -2.9449999999998093], [120.0150000000128, -2.9449999999998093], [120.0150000000128, -2.9749999999998087], [120.0050000000128, -2.9749999999998087], [120.0050000000128, -3.1349999999998053], [120.0150000000128, -3.1349999999998053], [120.0150000000128, -3.2549999999998027], [120.02500000001281, -3.2549999999998027], [120.02500000001281, -3.2749999999998023], [120.03500000001281, -3.2749999999998023], [120.03500000001281, -3.294999999999802], [120.04500000001282, -3.294999999999802], [120.04500000001282, -3.3149999999998014], [120.05500000001283, -3.3149999999998014], [120.05500000001283, -3.334999999999801], [120.06500000001283, -3.334999999999801], [120.06500000001283, -3.3549999999998006], [120.07500000001284, -3.3549999999998006], [120.07500000001284, -3.3749999999998], [120.08500000001284, -3.3749999999998], [120.08500000001284, -3.3949999999997997], [120.09500000001285, -3.3949999999997997], [120.09500000001285, -3.424999999999799], [120.10500000001285, -3.424999999999799], [120.10500000001285, -3.4449999999997987], [120.11500000001286, -3.4449999999997987], [120.11500000001286, -3.4649999999997982], [120.12500000001286, -3.4649999999997982], [120.12500000001286, -3.4949999999997976], [120.13500000001287, -3.4949999999997976], [120.13500000001287, -3.5049999999997974], [120.12500000001286, -3.5049999999997974], [120.12500000001286, -3.514999999999797], [120.11500000001286, -3.514999999999797], [120.11500000001286, -3.524999999999797], [120.10500000001285, -3.524999999999797], [120.10500000001285, -3.5349999999997967], [120.09500000001285, -3.5349999999997967], [120.09500000001285, -3.5449999999997965], [120.07500000001284, -3.5449999999997965], [120.07500000001284, -3.5549999999997963], [120.06500000001283, -3.5549999999997963], [120.06500000001283, -3.564999999999796], [120.05500000001283, -3.564999999999796], [120.05500000001283, -3.574999999999796], [120.04500000001282, -3.574999999999796], [120.04500000001282, -3.5849999999997957], [120.02500000001281, -3.5849999999997957], [120.02500000001281, -3.5949999999997955], [119.97500000001278, -3.5949999999997955], [119.97500000001278, -3.5849999999997957], [119.95500000001277, -3.5849999999997957], [119.95500000001277, -3.574999999999796], [119.93500000001276, -3.574999999999796], [119.93500000001276, -3.564999999999796], [119.92500000001276, -3.564999999999796], [119.92500000001276, -3.5549999999997963], [119.91500000001275, -3.5549999999997963], [119.91500000001275, -3.5449999999997965], [119.90500000001275, -3.5449999999997965], [119.90500000001275, -3.5349999999997967], [119.88500000001274, -3.5349999999997967], [119.88500000001274, -3.524999999999797], [119.87500000001273, -3.524999999999797], [119.87500000001273, -3.514999999999797], [119.86500000001273, -3.514999999999797], [119.86500000001273, -3.5049999999997974], [119.85500000001272, -3.5049999999997974], [119.85500000001272, -3.474999999999798], [119.84500000001272, -3.474999999999798], [119.84500000001272, -3.3749999999998], [119.83500000001271, -3.3749999999998], [119.83500000001271, -3.334999999999801], [119.82500000001271, -3.334999999999801], [119.82500000001271, -3.3149999999998014], [119.8150000000127, -3.3149999999998014], [119.8150000000127, -3.294999999999802], [119.8050000000127, -3.294999999999802], [119.8050000000127, -3.284999999999802], [119.78500000001269, -3.284999999999802], [119.78500000001269, -3.2749999999998023], [119.75500000001267, -3.2749999999998023], [119.75500000001267, -3.2649999999998025], [119.72500000001266, -3.2649999999998025], [119.72500000001266, -3.2749999999998023], [119.56500000001257, -3.2749999999998023], [119.56500000001257, -3.284999999999802], [119.54500000001256, -3.284999999999802], [119.54500000001256, -3.2649999999998025], [119.55500000001257, -3.2649999999998025], [119.55500000001257, -3.244999999999803], [119.49500000001254, -3.244999999999803], [119.49500000001254, -3.234999999999803], [119.48500000001253, -3.234999999999803], [119.48500000001253, -3.2249999999998034], [119.47500000001253, -3.2249999999998034], [119.47500000001253, -3.2149999999998036], [119.4250000000125, -3.2149999999998036], [119.4250000000125, -3.204999999999804], [119.4150000000125, -3.204999999999804], [119.4150000000125, -3.194999999999804], [119.40500000001249, -3.194999999999804], [119.40500000001249, -3.184999999999804], [119.39500000001249, -3.184999999999804], [119.39500000001249, -3.1749999999998044], [119.38500000001248, -3.1749999999998044], [119.38500000001248, -3.1649999999998046], [119.36500000001247, -3.1649999999998046], [119.36500000001247, -3.154999999999805], [119.35500000001247, -3.154999999999805], [119.35500000001247, -3.144999999999805], [119.33500000001246, -3.144999999999805], [119.33500000001246, -3.1349999999998053], [119.32500000001245, -3.1349999999998053], [119.32500000001245, -3.1249999999998055], [119.30500000001244, -3.1249999999998055], [119.30500000001244, -3.1149999999998057], [119.28500000001243, -3.1149999999998057], [119.28500000001243, -3.104999999999806], [119.26500000001242, -3.104999999999806], [119.26500000001242, -3.094999999999806], [119.24500000001241, -3.094999999999806], [119.24500000001241, -3.0849999999998063], [119.2150000000124, -3.0849999999998063], [119.2150000000124, -3.0749999999998066], [119.19500000001239, -3.0749999999998066], [119.19500000001239, -3.0649999999998068], [119.17500000001237, -3.0649999999998068], [119.17500000001237, -3.054999999999807], [119.16500000001237, -3.054999999999807], [119.16500000001237, -3.044999999999807], [119.15500000001236, -3.044999999999807], [119.15500000001236, -3.0349999999998074], [119.14500000001236, -3.0349999999998074], [119.14500000001236, -3.0249999999998076], [119.13500000001235, -3.0249999999998076], [119.13500000001235, -3.014999999999808], [119.12500000001235, -3.014999999999808], [119.12500000001235, -3.004999999999808], [119.11500000001234, -3.004999999999808], [119.11500000001234, -2.9849999999998085], [119.12500000001235, -2.9849999999998085], [119.12500000001235, -2.964999999999809], [119.13500000001235, -2.964999999999809], [119.13500000001235, -2.9449999999998093], [119.14500000001236, -2.9449999999998093], [119.14500000001236, -2.9249999999998098], [119.15500000001236, -2.9249999999998098], [119.15500000001236, -2.90499999999981], [119.16500000001237, -2.90499999999981], [119.16500000001237, -2.8949999999998104], [119.17500000001237, -2.8949999999998104], [119.17500000001237, -2.8849999999998106], [119.18500000001238, -2.8849999999998106], [119.18500000001238, -2.874999999999811], [119.19500000001239, -2.874999999999811], [119.19500000001239, -2.8549999999998112], [119.2150000000124, -2.8549999999998112], [119.2150000000124, -2.8449999999998115], [119.2250000000124, -2.8449999999998115], [119.2250000000124, -2.8349999999998117], [119.20500000001239, -2.8349999999998117], [119.20500000001239, -2.824999999999812], [119.2250000000124, -2.824999999999812], [119.2250000000124, -2.814999999999812], [119.2350000000124, -2.814999999999812], [119.2350000000124, -2.8049999999998123], [119.24500000001241, -2.8049999999998123], [119.24500000001241, -2.7949999999998125], [119.25500000001242, -2.7949999999998125], [119.25500000001242, -2.7849999999998127], [119.26500000001242, -2.7849999999998127], [119.26500000001242, -2.764999999999813], [119.27500000001243, -2.764999999999813], [119.27500000001243, -2.7549999999998134], [119.28500000001243, -2.7549999999998134], [119.28500000001243, -2.734999999999814], [119.29500000001244, -2.734999999999814], [119.29500000001244, -2.724999999999814], [119.30500000001244, -2.724999999999814], [119.30500000001244, -2.7149999999998142], [119.31500000001245, -2.7149999999998142], [119.31500000001245, -2.6949999999998147], [119.32500000001245, -2.6949999999998147], [119.32500000001245, -2.684999999999815], [119.33500000001246, -2.684999999999815], [119.33500000001246, -2.674999999999815], [119.34500000001246, -2.674999999999815], [119.34500000001246, -2.6649999999998153], [119.35500000001247, -2.6649999999998153], [119.35500000001247, -2.6549999999998155], [119.36500000001247, -2.6549999999998155], [119.36500000001247, -2.6449999999998157], [119.37500000001248, -2.6449999999998157], [119.37500000001248, -2.634999999999816], [119.39500000001249, -2.634999999999816], [119.39500000001249, -2.624999999999816], [119.40500000001249, -2.624999999999816], [119.40500000001249, -2.6149999999998164], [119.4150000000125, -2.6149999999998164], [119.4150000000125, -2.6049999999998166], [119.44500000001251, -2.6049999999998166], [119.44500000001251, -2.594999999999817], [119.46500000001252, -2.594999999999817], [119.46500000001252, -2.584999999999817], [119.47500000001253, -2.584999999999817], [119.47500000001253, -2.574999999999817], [119.49500000001254, -2.574999999999817], [119.49500000001254, -2.5649999999998174], [119.51500000001255, -2.5649999999998174], [119.51500000001255, -2.5549999999998176], [119.53500000001256, -2.5549999999998176], [119.53500000001256, -2.544999999999818], [119.54500000001256, -2.544999999999818], [119.54500000001256, -2.534999999999818], [119.55500000001257, -2.534999999999818], [119.55500000001257, -2.5249999999998183], [119.57500000001258, -2.5249999999998183], [119.57500000001258, -2.5149999999998185], [119.58500000001258, -2.5149999999998185], [119.58500000001258, -2.5049999999998187], [119.59500000001259, -2.5049999999998187], [119.59500000001259, -2.484999999999819], [119.6050000000126, -2.484999999999819], [119.6050000000126, -2.44499999999982], [119.6150000000126, -2.44499999999982], [119.6150000000126, -2.404999999999821], [119.6250000000126, -2.404999999999821], [119.6250000000126, -2.354999999999822], [119.63500000001261, -2.354999999999822], [119.63500000001261, -2.294999999999823], [119.64500000001262, -2.294999999999823], [119.64500000001262, -2.2249999999998247], [119.65500000001262, -2.2249999999998247], [119.65500000001262, -2.164999999999826], [119.66500000001263, -2.164999999999826], [119.66500000001263, -2.1049999999998272], [119.67500000001263, -2.1049999999998272], [119.67500000001263, -2.0549999999998283], [119.68500000001264, -2.0549999999998283], [119.68500000001264, -2.014999999999829], [119.69500000001264, -2.014999999999829], [119.69500000001264, -1.9649999999998302], [119.70500000001265, -1.9649999999998302], [119.70500000001265, -1.9149999999998313], [119.71500000001265, -1.9149999999998313], [119.71500000001265, -1.8649999999998323], [119.72500000001266, -1.8649999999998323], [119.72500000001266, -1.8249999999998332], [119.73500000001266, -1.8249999999998332], [119.73500000001266, -1.7749999999998343], [119.74500000001267, -1.7749999999998343], [119.74500000001267, -1.7549999999998347], [119.76500000001268, -1.7549999999998347], [119.76500000001268, -1.7649999999998345], [119.77500000001268, -1.7649999999998345], [119.77500000001268, -1.7749999999998343], [119.78500000001269, -1.7749999999998343], [119.78500000001269, -1.784999999999834], [119.79500000001269, -1.784999999999834], [119.79500000001269, -1.7949999999998338], [119.8050000000127, -1.7949999999998338], [119.8050000000127, -1.8049999999998336], [119.8150000000127, -1.8049999999998336], [119.8150000000127, -1.8149999999998334], [119.83500000001271, -1.8149999999998334], [119.83500000001271, -1.8249999999998332], [119.86500000001273, -1.8249999999998332], [119.86500000001273, -1.834999999999833], [119.89500000001274, -1.834999999999833], [119.89500000001274, -1.8449999999998328], [119.93500000001276, -1.8449999999998328], [119.93500000001276, -1.8549999999998326], [119.92500000001276, -1.8549999999998326], [119.92500000001276, -1.8649999999998323], [119.91500000001275, -1.8649999999998323], [119.91500000001275, -1.884999999999832], [119.90500000001275, -1.884999999999832], [119.90500000001275, -1.9049999999998315], [119.96500000001278, -1.9049999999998315], [119.96500000001278, -1.924999999999831], [119.95500000001277, -1.924999999999831], [119.95500000001277, -1.9449999999998306], [119.94500000001277, -1.9449999999998306], [119.94500000001277, -1.9649999999998302], [119.93500000001276, -1.9649999999998302], [119.93500000001276, -1.97499999999983], [119.96500000001278, -1.97499999999983], [119.96500000001278, -1.9649999999998302], [120.0150000000128, -1.9649999999998302], [120.0150000000128, -1.9549999999998304], [120.05500000001283, -1.9549999999998304], [120.05500000001283, -1.9449999999998306], [120.09500000001285, -1.9449999999998306], [120.09500000001285, -1.9349999999998309], [120.12500000001286, -1.9349999999998309], [120.12500000001286, -1.924999999999831], [120.14500000001287, -1.924999999999831], [120.14500000001287, -1.9149999999998313], [120.16500000001288, -1.9149999999998313], [120.16500000001288, -1.9049999999998315], [120.17500000001289, -1.9049999999998315], [120.17500000001289, -1.8949999999998317], [120.1950000000129, -1.8949999999998317], [120.1950000000129, -1.884999999999832], [120.16500000001288, -1.884999999999832], [120.16500000001288, -1.8749999999998321], [120.07500000001284, -1.8749999999998321], [120.07500000001284, -1.8649999999998323], [120.09500000001285, -1.8649999999998323], [120.09500000001285, -1.8549999999998326], [120.10500000001285, -1.8549999999998326], [120.10500000001285, -1.8449999999998328], [120.12500000001286, -1.8449999999998328], [120.12500000001286, -1.834999999999833], [120.13500000001287, -1.834999999999833], [120.13500000001287, -1.8249999999998332], [120.14500000001287, -1.8249999999998332], [120.14500000001287, -1.8149999999998334], [120.15500000001288, -1.8149999999998334], [120.15500000001288, -1.8049999999998336], [120.16500000001288, -1.8049999999998336], [120.16500000001288, -1.7949999999998338], [120.17500000001289, -1.7949999999998338], [120.17500000001289, -1.784999999999834], [120.18500000001289, -1.784999999999834], [120.18500000001289, -1.7749999999998343], [120.1950000000129, -1.7749999999998343], [120.1950000000129, -1.7549999999998347], [120.2050000000129, -1.7549999999998347], [120.2050000000129, -1.7349999999998351], [120.2150000000129, -1.7349999999998351], [120.2150000000129, -1.7049999999998358], [120.22500000001291, -1.7049999999998358], [120.22500000001291, -1.6849999999998362], [120.23500000001292, -1.6849999999998362], [120.23500000001292, -1.6749999999998364], [120.24500000001292, -1.6749999999998364], [120.24500000001292, -1.6549999999998368], [120.26500000001293, -1.6549999999998368], [120.26500000001293, -1.6249999999998375], [120.25500000001293, -1.6249999999998375], [120.25500000001293, -1.6149999999998377], [120.23500000001292, -1.6149999999998377], [120.23500000001292, -1.6249999999998375], [120.2150000000129, -1.6249999999998375], [120.2150000000129, -1.6349999999998373], [120.2050000000129, -1.6349999999998373], [120.2050000000129, -1.644999999999837], [120.1950000000129, -1.644999999999837], [120.1950000000129, -1.6549999999998368], [120.17500000001289, -1.6549999999998368], [120.17500000001289, -1.6649999999998366], [120.16500000001288, -1.6649999999998366], [120.16500000001288, -1.644999999999837], [120.17500000001289, -1.644999999999837], [120.17500000001289, -1.6249999999998375], [120.18500000001289, -1.6249999999998375], [120.18500000001289, -1.604999999999838], [120.1950000000129, -1.604999999999838], [120.1950000000129, -1.5849999999998383], [120.18500000001289, -1.5849999999998383], [120.18500000001289, -1.5749999999998385], [120.17500000001289, -1.5749999999998385], [120.17500000001289, -1.5449999999998392], [120.18500000001289, -1.5449999999998392], [120.18500000001289, -1.5349999999998394], [120.1950000000129, -1.5349999999998394], [120.1950000000129, -1.5149999999998398], [120.2050000000129, -1.5149999999998398], [120.2050000000129, -1.50499999999984], [120.2150000000129, -1.50499999999984], [120.2150000000129, -1.4949999999998402], [120.22500000001291, -1.4949999999998402], [120.22500000001291, -1.2549999999998454], [120.23500000001292, -1.2549999999998454], [120.23500000001292, -1.2349999999998458], [120.26500000001293, -1.2349999999998458], [120.26500000001293, -1.2449999999998456], [120.27500000001294, -1.2449999999998456], [120.27500000001294, -1.274999999999845], [120.28500000001294, -1.274999999999845]], [[119.9950000000128, -2.064999999999828], [120.0150000000128, -2.064999999999828], [120.0150000000128, -2.0549999999998283], [120.02500000001281, -2.0549999999998283], [120.02500000001281, -2.0449999999998285], [120.03500000001281, -2.0449999999998285], [120.03500000001281, -2.0349999999998287], [120.04500000001282, -2.0349999999998287], [120.04500000001282, -2.024999999999829], [120.05500000001283, -2.024999999999829], [120.05500000001283, -2.014999999999829], [120.06500000001283, -2.014999999999829], [120.06500000001283, -1.9949999999998296], [120.05500000001283, -1.9949999999998296], [120.05500000001283, -1.9849999999998298], [120.03500000001281, -1.9849999999998298], [120.03500000001281, -1.97499999999983], [119.9950000000128, -1.97499999999983], [119.9950000000128, -1.9849999999998298], [119.98500000001279, -1.9849999999998298], [119.98500000001279, -2.0449999999998285], [119.9950000000128, -2.0449999999998285], [119.9950000000128, -2.064999999999828]], [[120.1950000000129, -2.164999999999826], [120.17500000001289, -2.164999999999826], [120.17500000001289, -2.1749999999998257], [120.16500000001288, -2.1749999999998257], [120.16500000001288, -2.1849999999998255], [120.15500000001288, -2.1849999999998255], [120.15500000001288, -2.204999999999825], [120.14500000001287, -2.204999999999825], [120.14500000001287, -2.214999999999825], [120.13500000001287, -2.214999999999825], [120.13500000001287, -2.2249999999998247], [120.12500000001286, -2.2249999999998247], [120.12500000001286, -2.2449999999998242], [120.11500000001286, -2.2449999999998242], [120.11500000001286, -2.264999999999824], [120.12500000001286, -2.264999999999824], [120.12500000001286, -2.2749999999998236], [120.1950000000129, -2.2749999999998236], [120.1950000000129, -2.2849999999998234], [120.26500000001293, -2.2849999999998234], [120.26500000001293, -2.2749999999998236], [120.31500000001296, -2.2749999999998236], [120.31500000001296, -2.264999999999824], [120.34500000001297, -2.264999999999824], [120.34500000001297, -2.254999999999824], [120.37500000001299, -2.254999999999824], [120.37500000001299, -2.2349999999998245], [120.36500000001298, -2.2349999999998245], [120.36500000001298, -2.2249999999998247], [120.35500000001298, -2.2249999999998247], [120.35500000001298, -2.204999999999825], [120.34500000001297, -2.204999999999825], [120.34500000001297, -2.1949999999998253], [120.33500000001297, -2.1949999999998253], [120.33500000001297, -2.1849999999998255], [120.31500000001296, -2.1849999999998255], [120.31500000001296, -2.1749999999998257], [120.30500000001295, -2.1749999999998257], [120.30500000001295, -2.164999999999826], [120.29500000001295, -2.164999999999826], [120.29500000001295, -2.154999999999826], [120.27500000001294, -2.154999999999826], [120.27500000001294, -2.1449999999998264], [120.25500000001293, -2.1449999999998264], [120.25500000001293, -2.1349999999998266], [120.23500000001292, -2.1349999999998266], [120.23500000001292, -2.1449999999998264], [120.2150000000129, -2.1449999999998264], [120.2150000000129, -2.154999999999826], [120.1950000000129, -2.154999999999826], [120.1950000000129, -2.164999999999826]], [[119.6250000000126, -2.484999999999819], [119.63500000001261, -2.484999999999819], [119.63500000001261, -2.4749999999998193], [119.6250000000126, -2.4749999999998193], [119.6250000000126, -2.484999999999819]], [[119.6150000000126, -2.5049999999998187], [119.6250000000126, -2.5049999999998187], [119.6250000000126, -2.494999999999819], [119.6150000000126, -2.494999999999819], [119.6150000000126, -2.5049999999998187]], [[119.72500000001266, -2.634999999999816], [119.70500000001265, -2.634999999999816], [119.70500000001265, -2.6449999999998157], [119.69500000001264, -2.6449999999998157], [119.69500000001264, -2.6549999999998155], [119.67500000001263, -2.6549999999998155], [119.67500000001263, -2.6649999999998153], [119.66500000001263, -2.6649999999998153], [119.66500000001263, -2.674999999999815], [119.64500000001262, -2.674999999999815], [119.64500000001262, -2.684999999999815], [119.6250000000126, -2.684999999999815], [119.6250000000126, -2.6949999999998147], [119.6150000000126, -2.6949999999998147], [119.6150000000126, -2.6449999999998157], [119.59500000001259, -2.6449999999998157], [119.59500000001259, -2.6549999999998155], [119.57500000001258, -2.6549999999998155], [119.57500000001258, -2.6649999999998153], [119.55500000001257, -2.6649999999998153], [119.55500000001257, -2.674999999999815], [119.53500000001256, -2.674999999999815], [119.53500000001256, -2.684999999999815], [119.50500000001254, -2.684999999999815], [119.50500000001254, -2.6949999999998147], [119.48500000001253, -2.6949999999998147], [119.48500000001253, -2.7049999999998144], [119.47500000001253, -2.7049999999998144], [119.47500000001253, -2.7149999999998142], [119.46500000001252, -2.7149999999998142], [119.46500000001252, -2.724999999999814], [119.45500000001252, -2.724999999999814], [119.45500000001252, -2.734999999999814], [119.44500000001251, -2.734999999999814], [119.44500000001251, -2.7449999999998136], [119.43500000001251, -2.7449999999998136], [119.43500000001251, -2.764999999999813], [119.4250000000125, -2.764999999999813], [119.4250000000125, -2.8049999999998123], [119.4150000000125, -2.8049999999998123], [119.4150000000125, -2.8449999999998115], [119.40500000001249, -2.8449999999998115], [119.40500000001249, -2.874999999999811], [119.39500000001249, -2.874999999999811], [119.39500000001249, -2.8949999999998104], [119.38500000001248, -2.8949999999998104], [119.38500000001248, -2.91499999999981], [119.37500000001248, -2.91499999999981], [119.37500000001248, -2.9349999999998095], [119.36500000001247, -2.9349999999998095], [119.36500000001247, -2.954999999999809], [119.35500000001247, -2.954999999999809], [119.35500000001247, -2.964999999999809], [119.34500000001246, -2.964999999999809], [119.34500000001246, -2.9749999999998087], [119.33500000001246, -2.9749999999998087], [119.33500000001246, -2.9949999999998083], [119.32500000001245, -2.9949999999998083], [119.32500000001245, -3.004999999999808], [119.34500000001246, -3.004999999999808], [119.34500000001246, -3.014999999999808], [119.36500000001247, -3.014999999999808], [119.36500000001247, -3.0249999999998076], [119.38500000001248, -3.0249999999998076], [119.38500000001248, -3.0349999999998074], [119.40500000001249, -3.0349999999998074], [119.40500000001249, -3.044999999999807], [119.4250000000125, -3.044999999999807], [119.4250000000125, -3.054999999999807], [119.44500000001251, -3.054999999999807], [119.44500000001251, -3.0649999999998068], [119.45500000001252, -3.0649999999998068], [119.45500000001252, -3.0749999999998066], [119.47500000001253, -3.0749999999998066], [119.47500000001253, -3.0849999999998063], [119.48500000001253, -3.0849999999998063], [119.48500000001253, -3.094999999999806], [119.51500000001255, -3.094999999999806], [119.51500000001255, -3.0849999999998063], [119.53500000001256, -3.0849999999998063], [119.53500000001256, -3.0749999999998066], [119.54500000001256, -3.0749999999998066], [119.54500000001256, -3.0649999999998068], [119.55500000001257, -3.0649999999998068], [119.55500000001257, -3.054999999999807], [119.56500000001257, -3.054999999999807], [119.56500000001257, -3.044999999999807], [119.57500000001258, -3.044999999999807], [119.57500000001258, -3.0349999999998074], [119.58500000001258, -3.0349999999998074], [119.58500000001258, -3.0249999999998076], [119.59500000001259, -3.0249999999998076], [119.59500000001259, -3.004999999999808], [119.6050000000126, -3.004999999999808], [119.6050000000126, -2.9949999999998083], [119.6150000000126, -2.9949999999998083], [119.6150000000126, -2.9749999999998087], [119.6250000000126, -2.9749999999998087], [119.6250000000126, -2.964999999999809], [119.63500000001261, -2.964999999999809], [119.63500000001261, -2.8549999999998112], [119.68500000001264, -2.8549999999998112], [119.68500000001264, -2.8449999999998115], [119.73500000001266, -2.8449999999998115], [119.73500000001266, -2.8349999999998117], [119.74500000001267, -2.8349999999998117], [119.74500000001267, -2.824999999999812], [119.75500000001267, -2.824999999999812], [119.75500000001267, -2.8349999999998117], [119.76500000001268, -2.8349999999998117], [119.76500000001268, -2.824999999999812], [119.78500000001269, -2.824999999999812], [119.78500000001269, -2.814999999999812], [119.79500000001269, -2.814999999999812], [119.79500000001269, -2.8049999999998123], [119.8150000000127, -2.8049999999998123], [119.8150000000127, -2.7949999999998125], [119.82500000001271, -2.7949999999998125], [119.82500000001271, -2.7849999999998127], [119.83500000001271, -2.7849999999998127], [119.83500000001271, -2.774999999999813], [119.84500000001272, -2.774999999999813], [119.84500000001272, -2.764999999999813], [119.85500000001272, -2.764999999999813], [119.85500000001272, -2.724999999999814], [119.84500000001272, -2.724999999999814], [119.84500000001272, -2.7049999999998144], [119.83500000001271, -2.7049999999998144], [119.83500000001271, -2.684999999999815], [119.82500000001271, -2.684999999999815], [119.82500000001271, -2.674999999999815], [119.8150000000127, -2.674999999999815], [119.8150000000127, -2.6549999999998155], [119.8050000000127, -2.6549999999998155], [119.8050000000127, -2.6449999999998157], [119.79500000001269, -2.6449999999998157], [119.79500000001269, -2.634999999999816], [119.78500000001269, -2.634999999999816], [119.78500000001269, -2.624999999999816], [119.77500000001268, -2.624999999999816], [119.77500000001268, -2.6149999999998164], [119.75500000001267, -2.6149999999998164], [119.75500000001267, -2.6049999999998166], [119.74500000001267, -2.6049999999998166], [119.74500000001267, -2.6149999999998164], [119.73500000001266, -2.6149999999998164], [119.73500000001266, -2.624999999999816], [119.72500000001266, -2.624999999999816], [119.72500000001266, -2.634999999999816]], [[119.87500000001273, -2.734999999999814], [119.86500000001273, -2.734999999999814], [119.86500000001273, -2.814999999999812], [119.87500000001273, -2.814999999999812], [119.87500000001273, -2.8049999999998123], [119.88500000001274, -2.8049999999998123], [119.88500000001274, -2.7949999999998125], [119.89500000001274, -2.7949999999998125], [119.89500000001274, -2.774999999999813], [119.90500000001275, -2.774999999999813], [119.90500000001275, -2.764999999999813], [119.91500000001275, -2.764999999999813], [119.91500000001275, -2.7049999999998144], [119.90500000001275, -2.7049999999998144], [119.90500000001275, -2.684999999999815], [119.89500000001274, -2.684999999999815], [119.89500000001274, -2.7049999999998144], [119.88500000001274, -2.7049999999998144], [119.88500000001274, -2.7149999999998142], [119.87500000001273, -2.7149999999998142], [119.87500000001273, -2.734999999999814]], [[119.72500000001266, -2.9949999999998083], [119.71500000001265, -2.9949999999998083], [119.71500000001265, -3.004999999999808], [119.70500000001265, -3.004999999999808], [119.70500000001265, -3.044999999999807], [119.71500000001265, -3.044999999999807], [119.71500000001265, -3.054999999999807], [119.72500000001266, -3.054999999999807], [119.72500000001266, -3.0649999999998068], [119.73500000001266, -3.0649999999998068], [119.73500000001266, -3.0749999999998066], [119.75500000001267, -3.0749999999998066], [119.75500000001267, -3.094999999999806], [119.74500000001267, -3.094999999999806], [119.74500000001267, -3.1249999999998055], [119.73500000001266, -3.1249999999998055], [119.73500000001266, -3.144999999999805], [119.75500000001267, -3.144999999999805], [119.75500000001267, -3.1349999999998053], [119.76500000001268, -3.1349999999998053], [119.76500000001268, -3.1249999999998055], [119.78500000001269, -3.1249999999998055], [119.78500000001269, -3.1149999999998057], [119.79500000001269, -3.1149999999998057], [119.79500000001269, -3.104999999999806], [119.8050000000127, -3.104999999999806], [119.8050000000127, -3.094999999999806], [119.8150000000127, -3.094999999999806], [119.8150000000127, -3.0849999999998063], [119.82500000001271, -3.0849999999998063], [119.82500000001271, -3.0649999999998068], [119.83500000001271, -3.0649999999998068], [119.83500000001271, -3.054999999999807], [119.84500000001272, -3.054999999999807], [119.84500000001272, -3.0349999999998074], [119.85500000001272, -3.0349999999998074], [119.85500000001272, -3.014999999999808], [119.86500000001273, -3.014999999999808], [119.86500000001273, -2.9949999999998083], [119.84500000001272, -2.9949999999998083], [119.84500000001272, -3.004999999999808], [119.82500000001271, -3.004999999999808], [119.82500000001271, -3.014999999999808], [119.8150000000127, -3.014999999999808], [119.8150000000127, -3.0249999999998076], [119.8050000000127, -3.0249999999998076], [119.8050000000127, -3.004999999999808], [119.8150000000127, -3.004999999999808], [119.8150000000127, -2.9749999999998087], [119.8050000000127, -2.9749999999998087], [119.8050000000127, -2.964999999999809], [119.75500000001267, -2.964999999999809], [119.75500000001267, -2.9749999999998087], [119.73500000001266, -2.9749999999998087], [119.73500000001266, -2.9849999999998085], [119.72500000001266, -2.9849999999998085], [119.72500000001266, -2.9949999999998083]], [[119.97500000001278, -3.5049999999997974], [119.9950000000128, -3.5049999999997974], [119.9950000000128, -3.514999999999797], [120.0050000000128, -3.514999999999797], [120.0050000000128, -3.5049999999997974], [120.0150000000128, -3.5049999999997974], [120.0150000000128, -3.474999999999798], [120.0050000000128, -3.474999999999798], [120.0050000000128, -3.4649999999997982], [119.9950000000128, -3.4649999999997982], [119.9950000000128, -3.474999999999798], [119.98500000001279, -3.474999999999798], [119.98500000001279, -3.484999999999798], [119.97500000001278, -3.484999999999798], [119.97500000001278, -3.5049999999997974]]], [[[121.03500000001333, -1.6649999999998366], [121.03500000001333, -1.6749999999998364], [121.04500000001333, -1.6749999999998364], [121.04500000001333, -1.6849999999998362], [121.05500000001334, -1.6849999999998362], [121.05500000001334, -1.694999999999836], [121.06500000001334, -1.694999999999836], [121.06500000001334, -1.7149999999998355], [121.07500000001335, -1.7149999999998355], [121.07500000001335, -1.7349999999998351], [121.08500000001335, -1.7349999999998351], [121.08500000001335, -1.744999999999835], [121.07500000001335, -1.744999999999835], [121.07500000001335, -1.7549999999998347], [121.06500000001334, -1.7549999999998347], [121.06500000001334, -1.7749999999998343], [121.05500000001334, -1.7749999999998343], [121.05500000001334, -1.784999999999834], [121.04500000001333, -1.784999999999834], [121.04500000001333, -1.7949999999998338], [121.03500000001333, -1.7949999999998338], [121.03500000001333, -1.8049999999998336], [121.02500000001332, -1.8049999999998336], [121.02500000001332, -1.8149999999998334], [121.01500000001332, -1.8149999999998334], [121.01500000001332, -1.8249999999998332], [120.96500000001329, -1.8249999999998332], [120.96500000001329, -1.8149999999998334], [120.94500000001328, -1.8149999999998334], [120.94500000001328, -1.8049999999998336], [120.91500000001326, -1.8049999999998336], [120.91500000001326, -1.7949999999998338], [120.89500000001325, -1.7949999999998338], [120.89500000001325, -1.784999999999834], [120.88500000001325, -1.784999999999834], [120.88500000001325, -1.7749999999998343], [120.86500000001324, -1.7749999999998343], [120.86500000001324, -1.7649999999998345], [120.85500000001323, -1.7649999999998345], [120.85500000001323, -1.744999999999835], [120.86500000001324, -1.744999999999835], [120.86500000001324, -1.7349999999998351], [120.87500000001324, -1.7349999999998351], [120.87500000001324, -1.7149999999998355], [120.88500000001325, -1.7149999999998355], [120.88500000001325, -1.7049999999998358], [120.90500000001326, -1.7049999999998358], [120.90500000001326, -1.694999999999836], [120.92500000001327, -1.694999999999836], [120.92500000001327, -1.6849999999998362], [120.93500000001328, -1.6849999999998362], [120.93500000001328, -1.6749999999998364], [120.95500000001329, -1.6749999999998364], [120.95500000001329, -1.6649999999998366], [120.9750000000133, -1.6649999999998366], [120.9750000000133, -1.6549999999998368], [120.9850000000133, -1.6549999999998368], [120.9850000000133, -1.644999999999837], [121.00500000001331, -1.644999999999837], [121.00500000001331, -1.6549999999998368], [121.02500000001332, -1.6549999999998368], [121.02500000001332, -1.6649999999998366], [121.03500000001333, -1.6649999999998366]]], [[[119.74500000001267, -1.7149999999998355], [119.74500000001267, -1.694999999999836], [119.76500000001268, -1.694999999999836], [119.76500000001268, -1.7049999999998358], [119.75500000001267, -1.7049999999998358], [119.75500000001267, -1.7149999999998355], [119.74500000001267, -1.7149999999998355]]], [[[121.70500000001367, -1.224999999999846], [121.70500000001367, -1.2349999999998458], [121.7550000000137, -1.2349999999998458], [121.7550000000137, -1.2449999999998456], [121.7650000000137, -1.2449999999998456], [121.7650000000137, -1.2549999999998454], [121.7750000000137, -1.2549999999998454], [121.7750000000137, -1.2649999999998451], [121.7650000000137, -1.2649999999998451], [121.7650000000137, -1.2949999999998445], [121.7550000000137, -1.2949999999998445], [121.7550000000137, -1.314999999999844], [121.74500000001369, -1.314999999999844], [121.74500000001369, -1.3349999999998436], [121.73500000001368, -1.3349999999998436], [121.73500000001368, -1.3549999999998432], [121.72500000001368, -1.3549999999998432], [121.72500000001368, -1.3949999999998424], [121.71500000001367, -1.3949999999998424], [121.71500000001367, -1.4349999999998415], [121.70500000001367, -1.4349999999998415], [121.70500000001367, -1.4949999999998402], [121.69500000001366, -1.4949999999998402], [121.69500000001366, -1.50499999999984], [121.68500000001366, -1.50499999999984], [121.68500000001366, -1.5149999999998398], [121.67500000001365, -1.5149999999998398], [121.67500000001365, -1.5249999999998396], [121.65500000001364, -1.5249999999998396], [121.65500000001364, -1.5349999999998394], [121.63500000001363, -1.5349999999998394], [121.63500000001363, -1.5449999999998392], [121.62500000001363, -1.5449999999998392], [121.62500000001363, -1.554999999999839], [121.60500000001362, -1.554999999999839], [121.60500000001362, -1.5649999999998387], [121.58500000001361, -1.5649999999998387], [121.58500000001361, -1.5749999999998385], [121.5750000000136, -1.5749999999998385], [121.5750000000136, -1.5849999999998383], [121.55500000001359, -1.5849999999998383], [121.55500000001359, -1.594999999999838], [121.53500000001358, -1.594999999999838], [121.53500000001358, -1.604999999999838], [121.51500000001357, -1.604999999999838], [121.51500000001357, -1.6149999999998377], [121.48500000001356, -1.6149999999998377], [121.48500000001356, -1.604999999999838], [121.47500000001355, -1.604999999999838], [121.47500000001355, -1.594999999999838], [121.45500000001354, -1.594999999999838], [121.45500000001354, -1.5849999999998383], [121.44500000001354, -1.5849999999998383], [121.44500000001354, -1.5749999999998385], [121.43500000001353, -1.5749999999998385], [121.43500000001353, -1.5649999999998387], [121.42500000001353, -1.5649999999998387], [121.42500000001353, -1.554999999999839], [121.41500000001352, -1.554999999999839], [121.41500000001352, -1.5449999999998392], [121.40500000001352, -1.5449999999998392], [121.40500000001352, -1.5349999999998394], [121.39500000001351, -1.5349999999998394], [121.39500000001351, -1.5249999999998396], [121.3850000000135, -1.5249999999998396], [121.3850000000135, -1.50499999999984], [121.3750000000135, -1.50499999999984], [121.3750000000135, -1.4849999999998404], [121.3850000000135, -1.4849999999998404], [121.3850000000135, -1.4649999999998409], [121.39500000001351, -1.4649999999998409], [121.39500000001351, -1.4449999999998413], [121.40500000001352, -1.4449999999998413], [121.40500000001352, -1.414999999999842], [121.41500000001352, -1.414999999999842], [121.41500000001352, -1.3849999999998426], [121.42500000001353, -1.3849999999998426], [121.42500000001353, -1.364999999999843], [121.43500000001353, -1.364999999999843], [121.43500000001353, -1.3249999999998439], [121.44500000001354, -1.3249999999998439], [121.44500000001354, -1.2949999999998445], [121.45500000001354, -1.2949999999998445], [121.45500000001354, -1.2549999999998454], [121.46500000001355, -1.2549999999998454], [121.46500000001355, -1.2449999999998456], [121.47500000001355, -1.2449999999998456], [121.47500000001355, -1.224999999999846], [121.48500000001356, -1.224999999999846], [121.48500000001356, -1.2149999999998462], [121.50500000001357, -1.2149999999998462], [121.50500000001357, -1.2049999999998464], [121.53500000001358, -1.2049999999998464], [121.53500000001358, -1.2149999999998462], [121.63500000001363, -1.2149999999998462], [121.63500000001363, -1.224999999999846], [121.70500000001367, -1.224999999999846]]], [[[133.08500000001948, -0.7149999999998569], [133.08500000001948, -0.7249999999998566], [133.1150000000195, -0.7249999999998566], [133.1150000000195, -0.7349999999998564], [133.15500000001953, -0.7349999999998564], [133.15500000001953, -0.7449999999998562], [133.17500000001954, -0.7449999999998562], [133.17500000001954, -0.754999999999856], [133.19500000001955, -0.754999999999856], [133.19500000001955, -0.7649999999998558], [133.20500000001954, -0.7649999999998558], [133.20500000001954, -0.7749999999998556], [133.21500000001956, -0.7749999999998556], [133.21500000001956, -0.7849999999998554], [133.22500000001958, -0.7849999999998554], [133.22500000001958, -0.7949999999998552], [133.23500000001957, -0.7949999999998552], [133.23500000001957, -0.8049999999998549], [133.24500000001956, -0.8049999999998549], [133.24500000001956, -0.8149999999998547], [133.25500000001958, -0.8149999999998547], [133.25500000001958, -0.8249999999998545], [133.24500000001956, -0.8249999999998545], [133.24500000001956, -0.8349999999998543], [133.25500000001958, -0.8349999999998543], [133.25500000001958, -0.8449999999998541], [133.2650000000196, -0.8449999999998541], [133.2650000000196, -0.8549999999998539], [133.2750000000196, -0.8549999999998539], [133.2750000000196, -0.8649999999998537], [133.28500000001958, -0.8649999999998537], [133.28500000001958, -0.8749999999998535], [133.30500000001962, -0.8749999999998535], [133.30500000001962, -0.8849999999998532], [133.3250000000196, -0.8849999999998532], [133.3250000000196, -0.894999999999853], [133.34500000001964, -0.894999999999853], [133.34500000001964, -0.9049999999998528], [133.39500000001965, -0.9049999999998528], [133.39500000001965, -0.9149999999998526], [133.45500000001968, -0.9149999999998526], [133.45500000001968, -0.9249999999998524], [133.55500000001973, -0.9249999999998524], [133.55500000001973, -0.9349999999998522], [133.63500000001977, -0.9349999999998522], [133.63500000001977, -0.944999999999852], [133.70500000001982, -0.944999999999852], [133.70500000001982, -0.9549999999998517], [133.75500000001983, -0.9549999999998517], [133.75500000001983, -0.9649999999998515], [133.76500000001982, -0.9649999999998515], [133.76500000001982, -0.9749999999998513], [133.77500000001984, -0.9749999999998513], [133.77500000001984, -0.9849999999998511], [133.78500000001986, -0.9849999999998511], [133.78500000001986, -0.9949999999998509], [133.79500000001985, -0.9949999999998509], [133.79500000001985, -1.0049999999998507], [133.80500000001985, -1.0049999999998507], [133.80500000001985, -1.0249999999998503], [133.81500000001986, -1.0249999999998503], [133.81500000001986, -1.03499999999985], [133.82500000001988, -1.03499999999985], [133.82500000001988, -1.0449999999998498], [133.83500000001987, -1.0449999999998498], [133.83500000001987, -1.0649999999998494], [133.84500000001987, -1.0649999999998494], [133.84500000001987, -1.0749999999998492], [133.85500000001988, -1.0749999999998492], [133.85500000001988, -1.084999999999849], [133.8650000000199, -1.084999999999849], [133.8650000000199, -1.0749999999998492], [133.8750000000199, -1.0749999999998492], [133.8750000000199, -1.084999999999849], [133.8850000000199, -1.084999999999849], [133.8850000000199, -1.0949999999998488], [133.8950000000199, -1.0949999999998488], [133.8950000000199, -1.1049999999998485], [133.91500000001992, -1.1049999999998485], [133.91500000001992, -1.1149999999998483], [133.93500000001993, -1.1149999999998483], [133.93500000001993, -1.1249999999998481], [133.95500000001994, -1.1249999999998481], [133.95500000001994, -1.134999999999848], [133.97500000001995, -1.134999999999848], [133.97500000001995, -1.1449999999998477], [133.99500000001996, -1.1449999999998477], [133.99500000001996, -1.1549999999998475], [134.00500000001995, -1.1549999999998475], [134.00500000001995, -1.1649999999998473], [134.01500000001997, -1.1649999999998473], [134.01500000001997, -1.174999999999847], [134.02500000002, -1.174999999999847], [134.02500000002, -1.1849999999998468], [134.03500000001998, -1.1849999999998468], [134.03500000001998, -1.2049999999998464], [134.04500000001997, -1.2049999999998464], [134.04500000001997, -1.2149999999998462], [134.05500000002, -1.2149999999998462], [134.05500000002, -1.2349999999998458], [134.06500000002, -1.2349999999998458], [134.06500000002, -1.274999999999845], [134.05500000002, -1.274999999999845], [134.05500000002, -1.3049999999998443], [134.04500000001997, -1.3049999999998443], [134.04500000001997, -1.3349999999998436], [134.03500000001998, -1.3349999999998436], [134.03500000001998, -1.3549999999998432], [134.02500000002, -1.3549999999998432], [134.02500000002, -1.3849999999998426], [134.01500000001997, -1.3849999999998426], [134.01500000001997, -1.4049999999998422], [134.00500000001995, -1.4049999999998422], [134.00500000001995, -1.4249999999998417], [133.99500000001996, -1.4249999999998417], [133.99500000001996, -1.4349999999998415], [133.97500000001995, -1.4349999999998415], [133.97500000001995, -1.4449999999998413], [133.96500000001993, -1.4449999999998413], [133.96500000001993, -1.454999999999841], [133.94500000001995, -1.454999999999841], [133.94500000001995, -1.4649999999998409], [133.93500000001993, -1.4649999999998409], [133.93500000001993, -1.4749999999998407], [133.9250000000199, -1.4749999999998407], [133.9250000000199, -1.4849999999998404], [133.91500000001992, -1.4849999999998404], [133.91500000001992, -1.4949999999998402], [133.90500000001992, -1.4949999999998402], [133.90500000001992, -1.50499999999984], [133.8850000000199, -1.50499999999984], [133.8850000000199, -1.5149999999998398], [133.8750000000199, -1.5149999999998398], [133.8750000000199, -1.5249999999998396], [133.85500000001988, -1.5249999999998396], [133.85500000001988, -1.5349999999998394], [133.83500000001987, -1.5349999999998394], [133.83500000001987, -1.5449999999998392], [133.80500000001985, -1.5449999999998392], [133.80500000001985, -1.554999999999839], [133.78500000001986, -1.554999999999839], [133.78500000001986, -1.5649999999998387], [133.74500000001984, -1.5649999999998387], [133.74500000001984, -1.554999999999839], [133.7150000000198, -1.554999999999839], [133.7150000000198, -1.5449999999998392], [133.6950000000198, -1.5449999999998392], [133.6950000000198, -1.5349999999998394], [133.6650000000198, -1.5349999999998394], [133.6650000000198, -1.5249999999998396], [133.64500000001976, -1.5249999999998396], [133.64500000001976, -1.5149999999998398], [133.62500000001978, -1.5149999999998398], [133.62500000001978, -1.50499999999984], [133.61500000001976, -1.50499999999984], [133.61500000001976, -1.4949999999998402], [133.60500000001974, -1.4949999999998402], [133.60500000001974, -1.4849999999998404], [133.59500000001975, -1.4849999999998404], [133.59500000001975, -1.4749999999998407], [133.58500000001976, -1.4749999999998407], [133.58500000001976, -1.4649999999998409], [133.57500000001974, -1.4649999999998409], [133.57500000001974, -1.454999999999841], [133.56500000001972, -1.454999999999841], [133.56500000001972, -1.4449999999998413], [133.54500000001974, -1.4449999999998413], [133.54500000001974, -1.4349999999998415], [133.53500000001972, -1.4349999999998415], [133.53500000001972, -1.4249999999998417], [133.5250000000197, -1.4249999999998417], [133.5250000000197, -1.414999999999842], [133.50500000001972, -1.414999999999842], [133.50500000001972, -1.4049999999998422], [133.48500000001968, -1.4049999999998422], [133.48500000001968, -1.3949999999998424], [133.45500000001968, -1.3949999999998424], [133.45500000001968, -1.3849999999998426], [133.43500000001967, -1.3849999999998426], [133.43500000001967, -1.3749999999998428], [133.40500000001964, -1.3749999999998428], [133.40500000001964, -1.364999999999843], [133.37500000001964, -1.364999999999843], [133.37500000001964, -1.3549999999998432], [133.34500000001964, -1.3549999999998432], [133.34500000001964, -1.3449999999998434], [133.3150000000196, -1.3449999999998434], [133.3150000000196, -1.3349999999998436], [133.2750000000196, -1.3349999999998436], [133.2750000000196, -1.3249999999998439], [133.23500000001957, -1.3249999999998439], [133.23500000001957, -1.314999999999844], [133.19500000001955, -1.314999999999844], [133.19500000001955, -1.3049999999998443], [133.15500000001953, -1.3049999999998443], [133.15500000001953, -1.2949999999998445], [133.1250000000195, -1.2949999999998445], [133.1250000000195, -1.2849999999998447], [133.0950000000195, -1.2849999999998447], [133.0950000000195, -1.274999999999845], [133.0650000000195, -1.274999999999845], [133.0650000000195, -1.2649999999998451], [133.04500000001946, -1.2649999999998451], [133.04500000001946, -1.2549999999998454], [133.02500000001947, -1.2549999999998454], [133.02500000001947, -1.2449999999998456], [133.01500000001946, -1.2449999999998456], [133.01500000001946, -1.2349999999998458], [133.00500000001944, -1.2349999999998458], [133.00500000001944, -1.224999999999846], [132.99500000001944, -1.224999999999846], [132.99500000001944, -1.2149999999998462], [132.98500000001945, -1.2149999999998462], [132.98500000001945, -1.1949999999998466], [132.97500000001943, -1.1949999999998466], [132.97500000001943, -1.1849999999998468], [132.96500000001942, -1.1849999999998468], [132.96500000001942, -1.174999999999847], [132.95500000001942, -1.174999999999847], [132.95500000001942, -1.1649999999998473], [132.94500000001943, -1.1649999999998473], [132.94500000001943, -1.1549999999998475], [132.93500000001941, -1.1549999999998475], [132.93500000001941, -1.1449999999998477], [132.9250000000194, -1.1449999999998477], [132.9250000000194, -1.134999999999848], [132.9150000000194, -1.134999999999848], [132.9150000000194, -1.1249999999998481], [132.9050000000194, -1.1249999999998481], [132.9050000000194, -1.1149999999998483], [132.8950000000194, -1.1149999999998483], [132.8950000000194, -1.1049999999998485], [132.88500000001937, -1.1049999999998485], [132.88500000001937, -1.0949999999998488], [132.87500000001938, -1.0949999999998488], [132.87500000001938, -1.084999999999849], [132.8650000000194, -1.084999999999849], [132.8650000000194, -1.0749999999998492], [132.84500000001935, -1.0749999999998492], [132.84500000001935, -1.0649999999998494], [132.83500000001936, -1.0649999999998494], [132.83500000001936, -1.0549999999998496], [132.82500000001937, -1.0549999999998496], [132.82500000001937, -1.0449999999998498], [132.80500000001933, -1.0449999999998498], [132.80500000001933, -1.03499999999985], [132.79500000001934, -1.03499999999985], [132.79500000001934, -1.0249999999998503], [132.77500000001933, -1.0249999999998503], [132.77500000001933, -1.0149999999998505], [132.7650000000193, -1.0149999999998505], [132.7650000000193, -1.0049999999998507], [132.75500000001932, -1.0049999999998507], [132.75500000001932, -0.944999999999852], [132.7650000000193, -0.944999999999852], [132.7650000000193, -0.894999999999853], [132.77500000001933, -0.894999999999853], [132.77500000001933, -0.8249999999998545], [132.78500000001935, -0.8249999999998545], [132.78500000001935, -0.754999999999856], [132.79500000001934, -0.754999999999856], [132.79500000001934, -0.7349999999998564], [132.80500000001933, -0.7349999999998564], [132.80500000001933, -0.7249999999998566], [132.81500000001935, -0.7249999999998566], [132.81500000001935, -0.7149999999998569], [132.84500000001935, -0.7149999999998569], [132.84500000001935, -0.7049999999998571], [132.8950000000194, -0.7049999999998571], [132.8950000000194, -0.6949999999998573], [133.01500000001946, -0.6949999999998573], [133.01500000001946, -0.7049999999998571], [133.04500000001946, -0.7049999999998571], [133.04500000001946, -0.7149999999998569], [133.08500000001948, -0.7149999999998569]], [[133.7250000000198, -1.2649999999998451], [133.74500000001984, -1.2649999999998451], [133.74500000001984, -1.274999999999845], [133.76500000001982, -1.274999999999845], [133.76500000001982, -1.2649999999998451], [133.81500000001986, -1.2649999999998451], [133.81500000001986, -1.2549999999998454], [133.84500000001987, -1.2549999999998454], [133.84500000001987, -1.2649999999998451], [133.83500000001987, -1.2649999999998451], [133.83500000001987, -1.2849999999998447], [133.85500000001988, -1.2849999999998447], [133.85500000001988, -1.274999999999845], [133.8850000000199, -1.274999999999845], [133.8850000000199, -1.2649999999998451], [133.93500000001993, -1.2649999999998451], [133.93500000001993, -1.2549999999998454], [133.95500000001994, -1.2549999999998454], [133.95500000001994, -1.2449999999998456], [133.8950000000199, -1.2449999999998456], [133.8950000000199, -1.2349999999998458], [133.84500000001987, -1.2349999999998458], [133.84500000001987, -1.2449999999998456], [133.77500000001984, -1.2449999999998456], [133.77500000001984, -1.2349999999998458], [133.7250000000198, -1.2349999999998458], [133.7250000000198, -1.2449999999998456], [133.7150000000198, -1.2449999999998456], [133.7150000000198, -1.2549999999998454], [133.7250000000198, -1.2549999999998454], [133.7250000000198, -1.2649999999998451]]], [[[122.56500000001411, -0.9849999999998511], [122.56500000001411, -0.9949999999998509], [122.57500000001411, -0.9949999999998509], [122.57500000001411, -1.0149999999998505], [122.56500000001411, -1.0149999999998505], [122.56500000001411, -1.0249999999998503], [122.5450000000141, -1.0249999999998503], [122.5450000000141, -1.03499999999985], [122.5350000000141, -1.03499999999985], [122.5350000000141, -1.0449999999998498], [122.52500000001409, -1.0449999999998498], [122.52500000001409, -1.0549999999998496], [122.51500000001408, -1.0549999999998496], [122.51500000001408, -1.0649999999998494], [122.49500000001407, -1.0649999999998494], [122.49500000001407, -1.0749999999998492], [122.25500000001395, -1.0749999999998492], [122.25500000001395, -1.0649999999998494], [122.24500000001395, -1.0649999999998494], [122.24500000001395, -1.0549999999998496], [122.23500000001394, -1.0549999999998496], [122.23500000001394, -0.9949999999998509], [122.24500000001395, -0.9949999999998509], [122.24500000001395, -0.9849999999998511], [122.27500000001396, -0.9849999999998511], [122.27500000001396, -0.9749999999998513], [122.38500000001402, -0.9749999999998513], [122.38500000001402, -0.9649999999998515], [122.52500000001409, -0.9649999999998515], [122.52500000001409, -0.9749999999998513], [122.5450000000141, -0.9749999999998513], [122.5450000000141, -0.9849999999998511], [122.56500000001411, -0.9849999999998511]]], [[[123.77500000001473, 0.49500000000011735], [123.75500000001472, 0.49500000000011735], [123.75500000001472, 0.48500000000011756], [123.73500000001471, 0.48500000000011756], [123.73500000001471, 0.49500000000011735], [123.69500000001469, 0.49500000000011735], [123.69500000001469, 0.5150000000001169], [123.7150000000147, 0.5150000000001169], [123.7150000000147, 0.5250000000001167], [123.73500000001471, 0.5250000000001167], [123.73500000001471, 0.5350000000001165], [123.75500000001472, 0.5350000000001165], [123.75500000001472, 0.5250000000001167], [123.76500000001472, 0.5250000000001167], [123.76500000001472, 0.5150000000001169], [123.77500000001473, 0.5150000000001169], [123.77500000001473, 0.49500000000011735]]], [[[116.52500000001102, 5.735000000000006], [116.51500000001101, 5.735000000000006], [116.51500000001101, 5.725000000000006], [116.50500000001101, 5.725000000000006], [116.50500000001101, 5.715000000000006], [116.495000000011, 5.715000000000006], [116.495000000011, 5.725000000000006], [116.485000000011, 5.725000000000006], [116.485000000011, 5.735000000000006], [116.46500000001099, 5.735000000000006], [116.46500000001099, 5.765000000000005], [116.475000000011, 5.765000000000005], [116.475000000011, 5.775000000000005], [116.485000000011, 5.775000000000005], [116.485000000011, 5.795000000000004], [116.50500000001101, 5.795000000000004], [116.50500000001101, 5.785000000000005], [116.51500000001101, 5.785000000000005], [116.51500000001101, 5.765000000000005], [116.52500000001102, 5.765000000000005], [116.52500000001102, 5.735000000000006]]]]}}, {"type": "Feature", "properties": {"date": "2026-10-04", "code": 2, "level": "siaga_hipo", "kategori": "Siaga Risiko Menengah Hipotermia", "color": "#FF0000"}, "geometry": {"type": "MultiPolygon", "coordinates": [[[[121.24500000001343, -3.5049999999997974], [121.24500000001343, -3.4949999999997976], [121.23500000001343, -3.4949999999997976], [121.23500000001343, -3.484999999999798], [121.25500000001344, -3.484999999999798], [121.25500000001344, -3.5049999999997974], [121.24500000001343, -3.5049999999997974]]], [[[120.0150000000128, -3.5049999999997974], [120.0050000000128, -3.5049999999997974], [120.0050000000128, -3.514999999999797], [119.9950000000128, -3.514999999999797], [119.9950000000128, -3.5049999999997974], [119.97500000001278, -3.5049999999997974], [119.97500000001278, -3.484999999999798], [119.98500000001279, -3.484999999999798], [119.98500000001279, -3.474999999999798], [119.9950000000128, -3.474999999999798], [119.9950000000128, -3.4649999999997982], [120.0050000000128, -3.4649999999997982], [120.0050000000128, -3.474999999999798], [120.0150000000128, -3.474999999999798], [120.0150000000128, -3.5049999999997974]]], [[[119.77500000001268, -2.624999999999816], [119.78500000001269, -2.624999999999816], [119.78500000001269, -2.634999999999816], [119.79500000001269, -2.634999999999816], [119.79500000001269, -2.6449999999998157], [119.8050000000127, -2.6449999999998157], [119.8050000000127, -2.6549999999998155], [119.8150000000127, -2.6549999999998155], [119.8150000000127, -2.674999999999815], [119.82500000001271, -2.674999999999815], [119.82500000001271, -2.684999999999815], [119.83500000001271, -2.684999999999815], [119.83500000001271, -2.7049999999998144], [119.84500000001272, -2.7049999999998144], [119.84500000001272, -2.724999999999814], [119.85500000001272, -2.724999999999814], [119.85500000001272, -2.764999999999813], [119.84500000001272, -2.764999999999813], [119.84500000001272, -2.774999999999813], [119.83500000001271, -2.774999999999813], [119.83500000001271, -2.7849999999998127], [119.82500000001271, -2.7849999999998127], [119.82500000001271, -2.7949999999998125], [119.8150000000127, -2.7949999999998125], [119.8150000000127, -2.8049999999998123], [119.79500000001269, -2.8049999999998123], [119.79500000001269, -2.814999999999812], [119.78500000001269, -2.814999999999812], [119.78500000001269, -2.824999999999812], [119.76500000001268, -2.824999999999812], [119.76500000001268, -2.8349999999998117], [119.75500000001267, -2.8349999999998117], [119.75500000001267, -2.824999999999812], [119.74500000001267, -2.824999999999812], [119.74500000001267, -2.8349999999998117], [119.73500000001266, -2.8349999999998117], [119.73500000001266, -2.8449999999998115], [119.68500000001264, -2.8449999999998115], [119.68500000001264, -2.8549999999998112], [119.63500000001261, -2.8549999999998112], [119.63500000001261, -2.964999999999809], [119.6250000000126, -2.964999999999809], [119.6250000000126, -2.9749999999998087], [119.6150000000126, -2.9749999999998087], [119.6150000000126, -2.9949999999998083], [119.6050000000126, -2.9949999999998083], [119.6050000000126, -3.004999999999808], [119.59500000001259, -3.004999999999808], [119.59500000001259, -3.0249999999998076], [119.58500000001258, -3.0249999999998076], [119.58500000001258, -3.0349999999998074], [119.57500000001258, -3.0349999999998074], [119.57500000001258, -3.044999999999807], [119.56500000001257, -3.044999999999807], [119.56500000001257, -3.054999999999807], [119.55500000001257, -3.054999999999807], [119.55500000001257, -3.0649999999998068], [119.54500000001256, -3.0649999999998068], [119.54500000001256, -3.0749999999998066], [119.53500000001256, -3.0749999999998066], [119.53500000001256, -3.0849999999998063], [119.51500000001255, -3.0849999999998063], [119.51500000001255, -3.094999999999806], [119.48500000001253, -3.094999999999806], [119.48500000001253, -3.0849999999998063], [119.47500000001253, -3.0849999999998063], [119.47500000001253, -3.0749999999998066], [119.45500000001252, -3.0749999999998066], [119.45500000001252, -3.0649999999998068], [119.44500000001251, -3.0649999999998068], [119.44500000001251, -3.054999999999807], [119.4250000000125, -3.054999999999807], [119.4250000000125, -3.044999999999807], [119.40500000001249, -3.044999999999807], [119.40500000001249, -3.0349999999998074], [119.38500000001248, -3.0349999999998074], [119.38500000001248, -3.0249999999998076], [119.36500000001247, -3.0249999999998076], [119.36500000001247, -3.014999999999808], [119.34500000001246, -3.014999999999808], [119.34500000001246, -3.004999999999808], [119.32500000001245, -3.004999999999808], [119.32500000001245, -2.9949999999998083], [119.33500000001246, -2.9949999999998083], [119.33500000001246, -2.9749999999998087], [119.34500000001246, -2.9749999999998087], [119.34500000001246, -2.964999999999809], [119.35500000001247, -2.964999999999809], [119.35500000001247, -2.954999999999809], [119.36500000001247, -2.954999999999809], [119.36500000001247, -2.9349999999998095], [119.37500000001248, -2.9349999999998095], [119.37500000001248, -2.91499999999981], [119.38500000001248, -2.91499999999981], [119.38500000001248, -2.8949999999998104], [119.39500000001249, -2.8949999999998104], [119.39500000001249, -2.874999999999811], [119.40500000001249, -2.874999999999811], [119.40500000001249, -2.8449999999998115], [119.4150000000125, -2.8449999999998115], [119.4150000000125, -2.8049999999998123], [119.4250000000125, -2.8049999999998123], [119.4250000000125, -2.764999999999813], [119.43500000001251, -2.764999999999813], [119.43500000001251, -2.7449999999998136], [119.44500000001251, -2.7449999999998136], [119.44500000001251, -2.734999999999814], [119.45500000001252, -2.734999999999814], [119.45500000001252, -2.724999999999814], [119.46500000001252, -2.724999999999814], [119.46500000001252, -2.7149999999998142], [119.47500000001253, -2.7149999999998142], [119.47500000001253, -2.7049999999998144], [119.48500000001253, -2.7049999999998144], [119.48500000001253, -2.6949999999998147], [119.50500000001254, -2.6949999999998147], [119.50500000001254, -2.684999999999815], [119.53500000001256, -2.684999999999815], [119.53500000001256, -2.674999999999815], [119.55500000001257, -2.674999999999815], [119.55500000001257, -2.6649999999998153], [119.57500000001258, -2.6649999999998153], [119.57500000001258, -2.6549999999998155], [119.59500000001259, -2.6549999999998155], [119.59500000001259, -2.6449999999998157], [119.6150000000126, -2.6449999999998157], [119.6150000000126, -2.6949999999998147], [119.6250000000126, -2.6949999999998147], [119.6250000000126, -2.684999999999815], [119.64500000001262, -2.684999999999815], [119.64500000001262, -2.674999999999815], [119.66500000001263, -2.674999999999815], [119.66500000001263, -2.6649999999998153], [119.67500000001263, -2.6649999999998153], [119.67500000001263, -2.6549999999998155], [119.69500000001264, -2.6549999999998155], [119.69500000001264, -2.6449999999998157], [119.70500000001265, -2.6449999999998157], [119.70500000001265, -2.634999999999816], [119.72500000001266, -2.634999999999816], [119.72500000001266, -2.624999999999816], [119.73500000001266, -2.624999999999816], [119.73500000001266, -2.6149999999998164], [119.74500000001267, -2.6149999999998164], [119.74500000001267, -2.6049999999998166], [119.75500000001267, -2.6049999999998166], [119.75500000001267, -2.6149999999998164], [119.77500000001268, -2.6149999999998164], [119.77500000001268, -2.624999999999816]]], [[[119.91500000001275, -2.764999999999813], [119.90500000001275, -2.764999999999813], [119.90500000001275, -2.774999999999813], [119.89500000001274, -2.774999999999813], [119.89500000001274, -2.7949999999998125], [119.88500000001274, -2.7949999999998125], [119.88500000001274, -2.8049999999998123], [119.87500000001273, -2.8049999999998123], [119.87500000001273, -2.814999999999812], [119.86500000001273, -2.814999999999812], [119.86500000001273, -2.734999999999814], [119.87500000001273, -2.734999999999814], [119.87500000001273, -2.7149999999998142], [119.88500000001274, -2.7149999999998142], [119.88500000001274, -2.7049999999998144], [119.89500000001274, -2.7049999999998144], [119.89500000001274, -2.684999999999815], [119.90500000001275, -2.684999999999815], [119.90500000001275, -2.7049999999998144], [119.91500000001275, -2.7049999999998144], [119.91500000001275, -2.764999999999813]]], [[[120.27500000001294, -2.154999999999826], [120.29500000001295, -2.154999999999826], [120.29500000001295, -2.164999999999826], [120.30500000001295, -2.164999999999826], [120.30500000001295, -2.1749999999998257], [120.31500000001296, -2.1749999999998257], [120.31500000001296, -2.1849999999998255], [120.33500000001297, -2.1849999999998255], [120.33500000001297, -2.1949999999998253], [120.34500000001297, -2.1949999999998253], [120.34500000001297, -2.204999999999825], [120.35500000001298, -2.204999999999825], [120.35500000001298, -2.2249999999998247], [120.36500000001298, -2.2249999999998247], [120.36500000001298, -2.2349999999998245], [120.37500000001299, -2.2349999999998245], [120.37500000001299, -2.254999999999824], [120.34500000001297, -2.254999999999824], [120.34500000001297, -2.264999999999824], [120.31500000001296, -2.264999999999824], [120.31500000001296, -2.2749999999998236], [120.26500000001293, -2.2749999999998236], [120.26500000001293, -2.2849999999998234], [120.1950000000129, -2.2849999999998234], [120.1950000000129, -2.2749999999998236], [120.12500000001286, -2.2749999999998236], [120.12500000001286, -2.264999999999824], [120.11500000001286, -2.264999999999824], [120.11500000001286, -2.2449999999998242], [120.12500000001286, -2.2449999999998242], [120.12500000001286, -2.2249999999998247], [120.13500000001287, -2.2249999999998247], [120.13500000001287, -2.214999999999825], [120.14500000001287, -2.214999999999825], [120.14500000001287, -2.204999999999825], [120.15500000001288, -2.204999999999825], [120.15500000001288, -2.1849999999998255], [120.16500000001288, -2.1849999999998255], [120.16500000001288, -2.1749999999998257], [120.17500000001289, -2.1749999999998257], [120.17500000001289, -2.164999999999826], [120.1950000000129, -2.164999999999826], [120.1950000000129, -2.154999999999826], [120.2150000000129, -2.154999999999826], [120.2150000000129, -2.1449999999998264], [120.23500000001292, -2.1449999999998264], [120.23500000001292, -2.1349999999998266], [120.25500000001293, -2.1349999999998266], [120.25500000001293, -2.1449999999998264], [120.27500000001294, -2.1449999999998264], [120.27500000001294, -2.154999999999826]]], [[[133.84500000001987, -1.2349999999998458], [133.8950000000199, -1.2349999999998458], [133.8950000000199, -1.2449999999998456], [133.95500000001994, -1.2449999999998456], [133.95500000001994, -1.2549999999998454], [133.93500000001993, -1.2549999999998454], [133.93500000001993, -1.2649999999998451], [133.8850000000199, -1.2649999999998451], [133.8850000000199, -1.274999999999845], [133.85500000001988, -1.274999999999845], [133.85500000001988, -1.2849999999998447], [133.83500000001987, -1.2849999999998447], [133.83500000001987, -1.2649999999998451], [133.84500000001987, -1.2649999999998451], [133.84500000001987, -1.2549999999998454], [133.81500000001986, -1.2549999999998454], [133.81500000001986, -1.2649999999998451], [133.76500000001982, -1.2649999999998451], [133.76500000001982, -1.274999999999845], [133.74500000001984, -1.274999999999845], [133.74500000001984, -1.2649999999998451], [133.7250000000198, -1.2649999999998451], [133.7250000000198, -1.2549999999998454], [133.7150000000198, -1.2549999999998454], [133.7150000000198, -1.2449999999998456], [133.7250000000198, -1.2449999999998456], [133.7250000000198, -1.2349999999998458], [133.77500000001984, -1.2349999999998458], [133.77500000001984, -1.2449999999998456], [133.84500000001987, -1.2449999999998456], [133.84500000001987, -1.2349999999998458]]], [[[97.31500000000119, 3.8750000000000453], [97.35500000000121, 3.8750000000000453], [97.35500000000121, 3.8650000000000455], [97.39500000000123, 3.8650000000000455], [97.39500000000123, 3.8550000000000457], [97.42500000000125, 3.8550000000000457], [97.42500000000125, 3.845000000000046], [97.45500000000126, 3.845000000000046], [97.45500000000126, 3.835000000000046], [97.48500000000128, 3.835000000000046], [97.48500000000128, 3.8250000000000464], [97.50500000000129, 3.8250000000000464], [97.50500000000129, 3.8150000000000466], [97.5150000000013, 3.8150000000000466], [97.5150000000013, 3.835000000000046], [97.5250000000013, 3.835000000000046], [97.5250000000013, 3.845000000000046], [97.55500000000131, 3.845000000000046], [97.55500000000131, 3.835000000000046], [97.56500000000132, 3.835000000000046], [97.56500000000132, 3.8250000000000464], [97.57500000000132, 3.8250000000000464], [97.57500000000132, 3.8150000000000466], [97.58500000000133, 3.8150000000000466], [97.58500000000133, 3.805000000000047], [97.59500000000133, 3.805000000000047], [97.59500000000133, 3.795000000000047], [97.60500000000134, 3.795000000000047], [97.60500000000134, 3.785000000000047], [97.61500000000134, 3.785000000000047], [97.61500000000134, 3.7750000000000474], [97.62500000000135, 3.7750000000000474], [97.62500000000135, 3.7650000000000476], [97.63500000000136, 3.7650000000000476], [97.63500000000136, 3.7350000000000483], [97.62500000000135, 3.7350000000000483], [97.62500000000135, 3.7250000000000485], [97.61500000000134, 3.7250000000000485], [97.61500000000134, 3.705000000000049], [97.60500000000134, 3.705000000000049], [97.60500000000134, 3.695000000000049], [97.59500000000133, 3.695000000000049], [97.59500000000133, 3.6650000000000498], [97.58500000000133, 3.6650000000000498], [97.58500000000133, 3.64500000000005], [97.57500000000132, 3.64500000000005], [97.57500000000132, 3.615000000000051], [97.56500000000132, 3.615000000000051], [97.56500000000132, 3.5850000000000515], [97.55500000000131, 3.5850000000000515], [97.55500000000131, 3.5450000000000523], [97.54500000000131, 3.5450000000000523], [97.54500000000131, 3.505000000000053], [97.5350000000013, 3.505000000000053], [97.5350000000013, 3.4850000000000536], [97.5250000000013, 3.4850000000000536], [97.5250000000013, 3.475000000000054], [97.5150000000013, 3.475000000000054], [97.5150000000013, 3.465000000000054], [97.47500000000127, 3.465000000000054], [97.47500000000127, 3.475000000000054], [97.44500000000126, 3.475000000000054], [97.44500000000126, 3.4850000000000536], [97.42500000000125, 3.4850000000000536], [97.42500000000125, 3.4950000000000534], [97.39500000000123, 3.4950000000000534], [97.39500000000123, 3.505000000000053], [97.38500000000123, 3.505000000000053], [97.38500000000123, 3.515000000000053], [97.36500000000122, 3.515000000000053], [97.36500000000122, 3.5250000000000528], [97.35500000000121, 3.5250000000000528], [97.35500000000121, 3.5350000000000525], [97.3350000000012, 3.5350000000000525], [97.3350000000012, 3.5450000000000523], [97.31500000000119, 3.5450000000000523], [97.31500000000119, 3.555000000000052], [97.27500000000117, 3.555000000000052], [97.27500000000117, 3.565000000000052], [97.25500000000116, 3.565000000000052], [97.25500000000116, 3.5750000000000517], [97.24500000000116, 3.5750000000000517], [97.24500000000116, 3.5850000000000515], [97.23500000000115, 3.5850000000000515], [97.23500000000115, 3.605000000000051], [97.22500000000115, 3.605000000000051], [97.22500000000115, 3.615000000000051], [97.21500000000114, 3.615000000000051], [97.21500000000114, 3.6350000000000504], [97.20500000000114, 3.6350000000000504], [97.20500000000114, 3.65500000000005], [97.19500000000113, 3.65500000000005], [97.19500000000113, 3.6750000000000496], [97.18500000000112, 3.6750000000000496], [97.18500000000112, 3.6850000000000493], [97.17500000000112, 3.6850000000000493], [97.17500000000112, 3.705000000000049], [97.16500000000111, 3.705000000000049], [97.16500000000111, 3.7250000000000485], [97.15500000000111, 3.7250000000000485], [97.15500000000111, 3.745000000000048], [97.1450000000011, 3.745000000000048], [97.1450000000011, 3.7650000000000476], [97.15500000000111, 3.7650000000000476], [97.15500000000111, 3.805000000000047], [97.16500000000111, 3.805000000000047], [97.16500000000111, 3.8150000000000466], [97.17500000000112, 3.8150000000000466], [97.17500000000112, 3.8250000000000464], [97.18500000000112, 3.8250000000000464], [97.18500000000112, 3.835000000000046], [97.20500000000114, 3.835000000000046], [97.20500000000114, 3.845000000000046], [97.21500000000114, 3.845000000000046], [97.21500000000114, 3.8650000000000455], [97.22500000000115, 3.8650000000000455], [97.22500000000115, 3.8750000000000453], [97.23500000000115, 3.8750000000000453], [97.23500000000115, 3.885000000000045], [97.25500000000116, 3.885000000000045], [97.25500000000116, 3.895000000000045], [97.26500000000117, 3.895000000000045], [97.26500000000117, 3.885000000000045], [97.31500000000119, 3.885000000000045], [97.31500000000119, 3.8750000000000453]], [[97.22500000000115, 3.805000000000047], [97.22500000000115, 3.785000000000047], [97.21500000000114, 3.785000000000047], [97.21500000000114, 3.7650000000000476], [97.20500000000114, 3.7650000000000476], [97.20500000000114, 3.7350000000000483], [97.21500000000114, 3.7350000000000483], [97.21500000000114, 3.7150000000000487], [97.22500000000115, 3.7150000000000487], [97.22500000000115, 3.705000000000049], [97.23500000000115, 3.705000000000049], [97.23500000000115, 3.6850000000000493], [97.24500000000116, 3.6850000000000493], [97.24500000000116, 3.6750000000000496], [97.25500000000116, 3.6750000000000496], [97.25500000000116, 3.6650000000000498], [97.27500000000117, 3.6650000000000498], [97.27500000000117, 3.6750000000000496], [97.3350000000012, 3.6750000000000496], [97.3350000000012, 3.6850000000000493], [97.36500000000122, 3.6850000000000493], [97.36500000000122, 3.695000000000049], [97.39500000000123, 3.695000000000049], [97.39500000000123, 3.705000000000049], [97.41500000000124, 3.705000000000049], [97.41500000000124, 3.7150000000000487], [97.42500000000125, 3.7150000000000487], [97.42500000000125, 3.7250000000000485], [97.43500000000125, 3.7250000000000485], [97.43500000000125, 3.7350000000000483], [97.44500000000126, 3.7350000000000483], [97.44500000000126, 3.755000000000048], [97.43500000000125, 3.755000000000048], [97.43500000000125, 3.7650000000000476], [97.41500000000124, 3.7650000000000476], [97.41500000000124, 3.7750000000000474], [97.39500000000123, 3.7750000000000474], [97.39500000000123, 3.785000000000047], [97.37500000000122, 3.785000000000047], [97.37500000000122, 3.795000000000047], [97.35500000000121, 3.795000000000047], [97.35500000000121, 3.805000000000047], [97.3250000000012, 3.805000000000047], [97.3250000000012, 3.8150000000000466], [97.29500000000118, 3.8150000000000466], [97.29500000000118, 3.8250000000000464], [97.26500000000117, 3.8250000000000464], [97.26500000000117, 3.835000000000046], [97.24500000000116, 3.835000000000046], [97.24500000000116, 3.8250000000000464], [97.23500000000115, 3.8250000000000464], [97.23500000000115, 3.805000000000047], [97.22500000000115, 3.805000000000047]]], [[[141.79500000002395, -5.134999999999763], [141.79500000002395, -5.144999999999762], [141.83500000002397, -5.144999999999762], [141.83500000002397, -5.154999999999762], [141.875000000024, -5.154999999999762], [141.875000000024, -5.164999999999762], [141.93500000002402, -5.164999999999762], [141.93500000002402, -5.174999999999762], [142.00500000002404, -5.174999999999762], [142.00500000002404, -5.294999999999759], [141.76500000002392, -5.294999999999759], [141.76500000002392, -5.304999999999759], [141.75500000002393, -5.304999999999759], [141.75500000002393, -5.294999999999759], [141.7250000000239, -5.294999999999759], [141.7250000000239, -5.2849999999997594], [141.6950000000239, -5.2849999999997594], [141.6950000000239, -5.27499999999976], [141.6650000000239, -5.27499999999976], [141.6650000000239, -5.26499999999976], [141.63500000002387, -5.26499999999976], [141.63500000002387, -5.25499999999976], [141.61500000002385, -5.25499999999976], [141.61500000002385, -5.2349999999997605], [141.62500000002387, -5.2349999999997605], [141.62500000002387, -5.224999999999761], [141.63500000002387, -5.224999999999761], [141.63500000002387, -5.214999999999761], [141.64500000002386, -5.214999999999761], [141.64500000002386, -5.204999999999761], [141.65500000002388, -5.204999999999761], [141.65500000002388, -5.194999999999761], [141.6650000000239, -5.194999999999761], [141.6650000000239, -5.184999999999762], [141.67500000002389, -5.184999999999762], [141.67500000002389, -5.174999999999762], [141.6950000000239, -5.174999999999762], [141.6950000000239, -5.164999999999762], [141.70500000002392, -5.164999999999762], [141.70500000002392, -5.154999999999762], [141.7150000000239, -5.154999999999762], [141.7150000000239, -5.144999999999762], [141.73500000002392, -5.144999999999762], [141.73500000002392, -5.134999999999763], [141.74500000002394, -5.134999999999763], [141.74500000002394, -5.124999999999763], [141.75500000002393, -5.124999999999763], [141.75500000002393, -5.134999999999763], [141.79500000002395, -5.134999999999763]]], [[[141.27500000002368, -4.964999999999766], [141.2950000000237, -4.964999999999766], [141.2950000000237, -4.974999999999766], [141.3150000000237, -4.974999999999766], [141.3150000000237, -4.984999999999766], [141.3250000000237, -4.984999999999766], [141.3250000000237, -4.994999999999766], [141.3350000000237, -4.994999999999766], [141.3350000000237, -5.014999999999765], [141.3250000000237, -5.014999999999765], [141.3250000000237, -5.024999999999765], [141.3150000000237, -5.024999999999765], [141.3150000000237, -5.034999999999765], [141.3050000000237, -5.034999999999765], [141.3050000000237, -5.044999999999765], [141.28500000002367, -5.044999999999765], [141.28500000002367, -5.054999999999764], [141.2650000000237, -5.054999999999764], [141.2650000000237, -5.064999999999764], [141.17500000002363, -5.064999999999764], [141.17500000002363, -5.054999999999764], [141.00500000002353, -5.054999999999764], [141.00500000002353, -5.074999999999764], [140.99500000002354, -5.074999999999764], [140.99500000002354, -5.064999999999764], [140.98500000002355, -5.064999999999764], [140.98500000002355, -5.054999999999764], [140.97500000002353, -5.054999999999764], [140.97500000002353, -5.044999999999765], [140.9650000000235, -5.044999999999765], [140.9650000000235, -5.034999999999765], [140.95500000002352, -5.034999999999765], [140.95500000002352, -5.024999999999765], [140.94500000002353, -5.024999999999765], [140.94500000002353, -5.014999999999765], [140.9350000000235, -5.014999999999765], [140.9350000000235, -5.004999999999765], [140.9250000000235, -5.004999999999765], [140.9250000000235, -4.994999999999766], [140.9350000000235, -4.994999999999766], [140.9350000000235, -4.974999999999766], [140.94500000002353, -4.974999999999766], [140.94500000002353, -4.964999999999766], [140.98500000002355, -4.964999999999766], [140.98500000002355, -4.9549999999997665], [140.99500000002354, -4.9549999999997665], [140.99500000002354, -4.944999999999767], [141.20500000002363, -4.944999999999767], [141.20500000002363, -4.9549999999997665], [141.27500000002368, -4.9549999999997665], [141.27500000002368, -4.964999999999766]], [[141.00500000002353, -4.994999999999766], [141.00500000002353, -5.004999999999765], [141.02500000002357, -5.004999999999765], [141.02500000002357, -4.994999999999766], [141.00500000002353, -4.994999999999766]]], [[[138.5950000000223, -4.284999999999781], [138.6050000000223, -4.284999999999781], [138.6050000000223, -4.2949999999997805], [138.5950000000223, -4.2949999999997805], [138.5950000000223, -4.284999999999781]]], [[[136.48500000002122, -3.4649999999997982], [136.49500000002124, -3.4649999999997982], [136.49500000002124, -3.484999999999798], [136.50500000002125, -3.484999999999798], [136.50500000002125, -3.4949999999997976], [136.51500000002125, -3.4949999999997976], [136.51500000002125, -3.5049999999997974], [136.52500000002124, -3.5049999999997974], [136.52500000002124, -3.514999999999797], [136.54500000002128, -3.514999999999797], [136.54500000002128, -3.524999999999797], [136.57500000002128, -3.524999999999797], [136.57500000002128, -3.5349999999997967], [136.62500000002132, -3.5349999999997967], [136.62500000002132, -3.5549999999997963], [136.6150000000213, -3.5549999999997963], [136.6150000000213, -3.564999999999796], [136.76500000002136, -3.564999999999796], [136.76500000002136, -3.574999999999796], [136.8150000000214, -3.574999999999796], [136.8150000000214, -3.5849999999997957], [136.87500000002143, -3.5849999999997957], [136.87500000002143, -3.5949999999997955], [136.94500000002148, -3.5949999999997955], [136.94500000002148, -3.6049999999997953], [137.02500000002152, -3.6049999999997953], [137.02500000002152, -3.614999999999795], [137.08500000002152, -3.614999999999795], [137.08500000002152, -3.624999999999795], [137.14500000002158, -3.624999999999795], [137.14500000002158, -3.6349999999997946], [137.20500000002158, -3.6349999999997946], [137.20500000002158, -3.6449999999997944], [137.25500000002162, -3.6449999999997944], [137.25500000002162, -3.654999999999794], [137.28500000002163, -3.654999999999794], [137.28500000002163, -3.664999999999794], [137.31500000002166, -3.664999999999794], [137.31500000002166, -3.6749999999997938], [137.34500000002168, -3.6749999999997938], [137.34500000002168, -3.6849999999997936], [137.36500000002167, -3.6849999999997936], [137.36500000002167, -3.6949999999997933], [137.3950000000217, -3.6949999999997933], [137.3950000000217, -3.704999999999793], [137.4150000000217, -3.704999999999793], [137.4150000000217, -3.714999999999793], [137.43500000002172, -3.714999999999793], [137.43500000002172, -3.7249999999997927], [137.45500000002173, -3.7249999999997927], [137.45500000002173, -3.7349999999997925], [137.47500000002174, -3.7349999999997925], [137.47500000002174, -3.7449999999997923], [137.50500000002177, -3.7449999999997923], [137.50500000002177, -3.754999999999792], [137.5450000000218, -3.754999999999792], [137.5450000000218, -3.764999999999792], [137.62500000002183, -3.764999999999792], [137.62500000002183, -3.7749999999997916], [137.63500000002182, -3.7749999999997916], [137.63500000002182, -3.7849999999997914], [137.6450000000218, -3.7849999999997914], [137.6450000000218, -3.804999999999791], [137.65500000002183, -3.804999999999791], [137.65500000002183, -3.814999999999791], [137.69500000002185, -3.814999999999791], [137.69500000002185, -3.8249999999997906], [137.7750000000219, -3.8249999999997906], [137.7750000000219, -3.814999999999791], [137.8050000000219, -3.814999999999791], [137.8050000000219, -3.804999999999791], [137.83500000002192, -3.804999999999791], [137.83500000002192, -3.794999999999791], [137.85500000002193, -3.794999999999791], [137.85500000002193, -3.7849999999997914], [137.88500000002193, -3.7849999999997914], [137.88500000002193, -3.7749999999997916], [137.90500000002197, -3.7749999999997916], [137.90500000002197, -3.764999999999792], [137.92500000002195, -3.764999999999792], [137.92500000002195, -3.754999999999792], [137.93500000002197, -3.754999999999792], [137.93500000002197, -3.7449999999997923], [137.95500000002198, -3.7449999999997923], [137.95500000002198, -3.7249999999997927], [137.92500000002195, -3.7249999999997927], [137.92500000002195, -3.714999999999793], [137.89500000002195, -3.714999999999793], [137.89500000002195, -3.704999999999793], [137.86500000002195, -3.704999999999793], [137.86500000002195, -3.6949999999997933], [137.8450000000219, -3.6949999999997933], [137.8450000000219, -3.6749999999997938], [137.85500000002193, -3.6749999999997938], [137.85500000002193, -3.664999999999794], [137.87500000002194, -3.664999999999794], [137.87500000002194, -3.654999999999794], [137.89500000002195, -3.654999999999794], [137.89500000002195, -3.6449999999997944], [137.92500000002195, -3.6449999999997944], [137.92500000002195, -3.6349999999997946], [137.95500000002198, -3.6349999999997946], [137.95500000002198, -3.624999999999795], [137.995000000022, -3.624999999999795], [137.995000000022, -3.614999999999795], [138.015000000022, -3.614999999999795], [138.015000000022, -3.6049999999997953], [138.02500000002203, -3.6049999999997953], [138.02500000002203, -3.5949999999997955], [138.04500000002201, -3.5949999999997955], [138.04500000002201, -3.5849999999997957], [138.06500000002205, -3.5849999999997957], [138.06500000002205, -3.574999999999796], [138.08500000002203, -3.574999999999796], [138.08500000002203, -3.564999999999796], [138.09500000002205, -3.564999999999796], [138.09500000002205, -3.5549999999997963], [138.11500000002206, -3.5549999999997963], [138.11500000002206, -3.5449999999997965], [138.13500000002207, -3.5449999999997965], [138.13500000002207, -3.5349999999997967], [138.16500000002208, -3.5349999999997967], [138.16500000002208, -3.524999999999797], [138.18500000002211, -3.524999999999797], [138.18500000002211, -3.514999999999797], [138.2050000000221, -3.514999999999797], [138.2050000000221, -3.5049999999997974], [138.23500000002213, -3.5049999999997974], [138.23500000002213, -3.4949999999997976], [138.53500000002228, -3.4949999999997976], [138.53500000002228, -3.5049999999997974], [138.5550000000223, -3.5049999999997974], [138.5550000000223, -3.514999999999797], [138.56500000002228, -3.514999999999797], [138.56500000002228, -3.5349999999997967], [138.5750000000223, -3.5349999999997967], [138.5750000000223, -3.5549999999997963], [138.58500000002232, -3.5549999999997963], [138.58500000002232, -3.574999999999796], [138.5950000000223, -3.574999999999796], [138.5950000000223, -3.5949999999997955], [138.6050000000223, -3.5949999999997955], [138.6050000000223, -3.624999999999795], [138.61500000002232, -3.624999999999795], [138.61500000002232, -3.664999999999794], [138.62500000002234, -3.664999999999794], [138.62500000002234, -3.714999999999793], [138.63500000002233, -3.714999999999793], [138.63500000002233, -3.754999999999792], [138.64500000002232, -3.754999999999792], [138.64500000002232, -3.7749999999997916], [138.65500000002234, -3.7749999999997916], [138.65500000002234, -3.794999999999791], [138.66500000002236, -3.794999999999791], [138.66500000002236, -3.804999999999791], [138.67500000002235, -3.804999999999791], [138.67500000002235, -3.8249999999997906], [138.68500000002234, -3.8249999999997906], [138.68500000002234, -3.8349999999997904], [138.69500000002236, -3.8349999999997904], [138.69500000002236, -3.84499999999979], [138.70500000002238, -3.84499999999979], [138.70500000002238, -3.8649999999997897], [138.71500000002237, -3.8649999999997897], [138.71500000002237, -3.8749999999997895], [138.72500000002236, -3.8749999999997895], [138.72500000002236, -3.8849999999997893], [138.73500000002238, -3.8849999999997893], [138.73500000002238, -3.894999999999789], [138.7450000000224, -3.894999999999789], [138.7450000000224, -3.904999999999789], [138.7750000000224, -3.904999999999789], [138.7750000000224, -3.894999999999789], [138.8050000000224, -3.894999999999789], [138.8050000000224, -3.8849999999997893], [138.84500000002242, -3.8849999999997893], [138.84500000002242, -3.8749999999997895], [138.87500000002245, -3.8749999999997895], [138.87500000002245, -3.8649999999997897], [138.91500000002247, -3.8649999999997897], [138.91500000002247, -3.85499999999979], [138.9450000000225, -3.85499999999979], [138.9450000000225, -3.84499999999979], [138.98500000002252, -3.84499999999979], [138.98500000002252, -3.8349999999997904], [139.0050000000225, -3.8349999999997904], [139.0050000000225, -3.84499999999979], [139.01500000002252, -3.84499999999979], [139.01500000002252, -3.85499999999979], [139.02500000002254, -3.85499999999979], [139.02500000002254, -3.8649999999997897], [139.04500000002253, -3.8649999999997897], [139.04500000002253, -3.8749999999997895], [139.05500000002255, -3.8749999999997895], [139.05500000002255, -3.8849999999997893], [139.07500000002256, -3.8849999999997893], [139.07500000002256, -3.894999999999789], [139.10500000002259, -3.894999999999789], [139.10500000002259, -3.904999999999789], [139.12500000002257, -3.904999999999789], [139.12500000002257, -3.9149999999997886], [139.1650000000226, -3.9149999999997886], [139.1650000000226, -3.9249999999997884], [139.21500000002263, -3.9249999999997884], [139.21500000002263, -3.9349999999997882], [139.25500000002265, -3.9349999999997882], [139.25500000002265, -3.944999999999788], [139.27500000002266, -3.944999999999788], [139.27500000002266, -3.954999999999788], [139.28500000002265, -3.954999999999788], [139.28500000002265, -3.9649999999997876], [139.29500000002267, -3.9649999999997876], [139.29500000002267, -3.9749999999997874], [139.31500000002268, -3.9749999999997874], [139.31500000002268, -3.984999999999787], [139.32500000002267, -3.984999999999787], [139.32500000002267, -3.994999999999787], [139.3350000000227, -3.994999999999787], [139.3350000000227, -4.0149999999997865], [139.3450000000227, -4.0149999999997865], [139.3450000000227, -4.024999999999786], [139.3550000000227, -4.024999999999786], [139.3550000000227, -4.034999999999786], [139.3650000000227, -4.034999999999786], [139.3650000000227, -4.054999999999786], [139.3750000000227, -4.054999999999786], [139.3750000000227, -4.0649999999997855], [139.38500000002273, -4.0649999999997855], [139.38500000002273, -4.074999999999785], [139.39500000002272, -4.074999999999785], [139.39500000002272, -4.084999999999785], [139.4050000000227, -4.084999999999785], [139.4050000000227, -4.094999999999785], [139.41500000002273, -4.094999999999785], [139.41500000002273, -4.104999999999785], [139.42500000002275, -4.104999999999785], [139.42500000002275, -4.114999999999784], [139.44500000002273, -4.114999999999784], [139.44500000002273, -4.124999999999784], [139.45500000002275, -4.124999999999784], [139.45500000002275, -4.134999999999784], [139.46500000002277, -4.134999999999784], [139.46500000002277, -4.144999999999784], [139.47500000002276, -4.144999999999784], [139.47500000002276, -4.1549999999997835], [139.49500000002277, -4.1549999999997835], [139.49500000002277, -4.164999999999783], [139.5650000000228, -4.164999999999783], [139.5650000000228, -4.174999999999783], [139.65500000002285, -4.174999999999783], [139.65500000002285, -4.184999999999783], [139.7450000000229, -4.184999999999783], [139.7450000000229, -4.194999999999783], [139.7650000000229, -4.194999999999783], [139.7650000000229, -4.2049999999997825], [139.7750000000229, -4.2049999999997825], [139.7750000000229, -4.214999999999782], [139.79500000002292, -4.214999999999782], [139.79500000002292, -4.224999999999782], [139.80500000002291, -4.224999999999782], [139.80500000002291, -4.234999999999782], [139.81500000002293, -4.234999999999782], [139.81500000002293, -4.244999999999782], [139.82500000002295, -4.244999999999782], [139.82500000002295, -4.254999999999781], [139.83500000002294, -4.254999999999781], [139.83500000002294, -4.274999999999781], [139.84500000002294, -4.274999999999781], [139.84500000002294, -4.284999999999781], [139.85500000002295, -4.284999999999781], [139.85500000002295, -4.2949999999997805], [139.86500000002297, -4.2949999999997805], [139.86500000002297, -4.30499999999978], [139.87500000002296, -4.30499999999978], [139.87500000002296, -4.31499999999978], [139.89500000002297, -4.31499999999978], [139.89500000002297, -4.32499999999978], [139.905000000023, -4.32499999999978], [139.905000000023, -4.33499999999978], [139.92500000002298, -4.33499999999978], [139.92500000002298, -4.3449999999997795], [139.94500000002301, -4.3449999999997795], [139.94500000002301, -4.354999999999779], [139.965000000023, -4.354999999999779], [139.965000000023, -4.364999999999779], [139.98500000002304, -4.364999999999779], [139.98500000002304, -4.374999999999779], [140.02500000002306, -4.374999999999779], [140.02500000002306, -4.384999999999779], [140.07500000002307, -4.384999999999779], [140.07500000002307, -4.394999999999778], [140.1050000000231, -4.394999999999778], [140.1050000000231, -4.404999999999778], [140.14500000002312, -4.404999999999778], [140.14500000002312, -4.414999999999778], [140.1650000000231, -4.414999999999778], [140.1650000000231, -4.424999999999778], [140.19500000002313, -4.424999999999778], [140.19500000002313, -4.434999999999778], [140.21500000002314, -4.434999999999778], [140.21500000002314, -4.444999999999777], [140.23500000002315, -4.444999999999777], [140.23500000002315, -4.454999999999777], [140.24500000002314, -4.454999999999777], [140.24500000002314, -4.464999999999777], [140.26500000002318, -4.464999999999777], [140.26500000002318, -4.474999999999777], [140.27500000002317, -4.474999999999777], [140.27500000002317, -4.4849999999997765], [140.29500000002318, -4.4849999999997765], [140.29500000002318, -4.494999999999776], [140.3050000000232, -4.494999999999776], [140.3050000000232, -4.504999999999776], [140.3150000000232, -4.504999999999776], [140.3150000000232, -4.514999999999776], [140.32500000002318, -4.514999999999776], [140.32500000002318, -4.524999999999776], [140.3350000000232, -4.524999999999776], [140.3350000000232, -4.534999999999775], [140.34500000002322, -4.534999999999775], [140.34500000002322, -4.544999999999775], [140.3550000000232, -4.544999999999775], [140.3550000000232, -4.554999999999775], [140.37500000002322, -4.554999999999775], [140.37500000002322, -4.564999999999775], [140.38500000002324, -4.564999999999775], [140.38500000002324, -4.574999999999775], [140.40500000002322, -4.574999999999775], [140.40500000002322, -4.584999999999774], [140.42500000002326, -4.584999999999774], [140.42500000002326, -4.594999999999774], [140.44500000002324, -4.594999999999774], [140.44500000002324, -4.604999999999774], [140.47500000002327, -4.604999999999774], [140.47500000002327, -4.614999999999774], [140.5050000000233, -4.614999999999774], [140.5050000000233, -4.6249999999997735], [140.52500000002328, -4.6249999999997735], [140.52500000002328, -4.634999999999773], [140.54500000002332, -4.634999999999773], [140.54500000002332, -4.644999999999773], [140.5650000000233, -4.644999999999773], [140.5650000000233, -4.654999999999773], [140.58500000002334, -4.654999999999773], [140.58500000002334, -4.664999999999773], [140.60500000002332, -4.664999999999773], [140.60500000002332, -4.6749999999997724], [140.61500000002334, -4.6749999999997724], [140.61500000002334, -4.684999999999772], [140.63500000002335, -4.684999999999772], [140.63500000002335, -4.694999999999772], [140.65500000002336, -4.694999999999772], [140.65500000002336, -4.704999999999772], [140.66500000002338, -4.704999999999772], [140.66500000002338, -4.714999999999772], [140.68500000002336, -4.714999999999772], [140.68500000002336, -4.724999999999771], [140.69500000002338, -4.724999999999771], [140.69500000002338, -4.734999999999771], [140.7150000000234, -4.734999999999771], [140.7150000000234, -4.754999999999771], [140.7050000000234, -4.754999999999771], [140.7050000000234, -4.7649999999997705], [140.69500000002338, -4.7649999999997705], [140.69500000002338, -4.77499999999977], [140.67500000002337, -4.77499999999977], [140.67500000002337, -4.79499999999977], [140.69500000002338, -4.79499999999977], [140.69500000002338, -4.80499999999977], [140.67500000002337, -4.80499999999977], [140.67500000002337, -4.8149999999997695], [140.66500000002338, -4.8149999999997695], [140.66500000002338, -4.824999999999769], [140.64500000002334, -4.824999999999769], [140.64500000002334, -4.834999999999769], [140.63500000002335, -4.834999999999769], [140.63500000002335, -4.844999999999769], [140.61500000002334, -4.844999999999769], [140.61500000002334, -4.854999999999769], [140.60500000002332, -4.854999999999769], [140.60500000002332, -4.864999999999768], [140.58500000002334, -4.864999999999768], [140.58500000002334, -4.874999999999768], [140.57500000002332, -4.874999999999768], [140.57500000002332, -4.884999999999768], [140.5650000000233, -4.884999999999768], [140.5650000000233, -4.894999999999768], [140.54500000002332, -4.894999999999768], [140.54500000002332, -4.9049999999997675], [140.5350000000233, -4.9049999999997675], [140.5350000000233, -4.914999999999767], [140.52500000002328, -4.914999999999767], [140.52500000002328, -4.924999999999767], [140.5150000000233, -4.924999999999767], [140.5150000000233, -4.934999999999767], [140.49500000002328, -4.934999999999767], [140.49500000002328, -4.924999999999767], [140.47500000002327, -4.924999999999767], [140.47500000002327, -4.914999999999767], [140.46500000002328, -4.914999999999767], [140.46500000002328, -4.9049999999997675], [140.45500000002326, -4.9049999999997675], [140.45500000002326, -4.894999999999768], [140.43500000002325, -4.894999999999768], [140.43500000002325, -4.884999999999768], [140.41500000002324, -4.884999999999768], [140.41500000002324, -4.874999999999768], [140.39500000002323, -4.874999999999768], [140.39500000002323, -4.864999999999768], [140.37500000002322, -4.864999999999768], [140.37500000002322, -4.854999999999769], [140.34500000002322, -4.854999999999769], [140.34500000002322, -4.844999999999769], [140.3150000000232, -4.844999999999769], [140.3150000000232, -4.834999999999769], [140.27500000002317, -4.834999999999769], [140.27500000002317, -4.824999999999769], [140.23500000002315, -4.824999999999769], [140.23500000002315, -4.8149999999997695], [140.18500000002314, -4.8149999999997695], [140.18500000002314, -4.80499999999977], [140.14500000002312, -4.80499999999977], [140.14500000002312, -4.79499999999977], [140.1050000000231, -4.79499999999977], [140.1050000000231, -4.78499999999977], [140.06500000002308, -4.78499999999977], [140.06500000002308, -4.77499999999977], [140.00500000002302, -4.77499999999977], [140.00500000002302, -4.78499999999977], [139.99500000002303, -4.78499999999977], [139.99500000002303, -4.77499999999977], [139.97500000002302, -4.77499999999977], [139.97500000002302, -4.7649999999997705], [139.965000000023, -4.7649999999997705], [139.965000000023, -4.754999999999771], [139.94500000002301, -4.754999999999771], [139.94500000002301, -4.744999999999771], [139.935000000023, -4.744999999999771], [139.935000000023, -4.724999999999771], [139.94500000002301, -4.724999999999771], [139.94500000002301, -4.714999999999772], [139.935000000023, -4.714999999999772], [139.935000000023, -4.704999999999772], [139.92500000002298, -4.704999999999772], [139.92500000002298, -4.694999999999772], [139.905000000023, -4.694999999999772], [139.905000000023, -4.684999999999772], [139.88500000002296, -4.684999999999772], [139.88500000002296, -4.6749999999997724], [139.86500000002297, -4.6749999999997724], [139.86500000002297, -4.664999999999773], [139.84500000002294, -4.664999999999773], [139.84500000002294, -4.654999999999773], [139.81500000002293, -4.654999999999773], [139.81500000002293, -4.644999999999773], [139.78500000002293, -4.644999999999773], [139.78500000002293, -4.634999999999773], [139.7550000000229, -4.634999999999773], [139.7550000000229, -4.6249999999997735], [139.7350000000229, -4.6249999999997735], [139.7350000000229, -4.614999999999774], [139.7050000000229, -4.614999999999774], [139.7050000000229, -4.604999999999774], [139.68500000002285, -4.604999999999774], [139.68500000002285, -4.594999999999774], [139.66500000002287, -4.594999999999774], [139.66500000002287, -4.584999999999774], [139.64500000002283, -4.584999999999774], [139.64500000002283, -4.574999999999775], [139.62500000002285, -4.574999999999775], [139.62500000002285, -4.564999999999775], [139.6050000000228, -4.564999999999775], [139.6050000000228, -4.554999999999775], [139.59500000002282, -4.554999999999775], [139.59500000002282, -4.544999999999775], [139.5750000000228, -4.544999999999775], [139.5750000000228, -4.534999999999775], [139.5550000000228, -4.534999999999775], [139.5550000000228, -4.524999999999776], [139.5350000000228, -4.524999999999776], [139.5350000000228, -4.514999999999776], [139.51500000002278, -4.514999999999776], [139.51500000002278, -4.504999999999776], [139.5050000000228, -4.504999999999776], [139.5050000000228, -4.494999999999776], [139.49500000002277, -4.494999999999776], [139.49500000002277, -4.4849999999997765], [139.48500000002275, -4.4849999999997765], [139.48500000002275, -4.474999999999777], [139.47500000002276, -4.474999999999777], [139.47500000002276, -4.464999999999777], [139.45500000002275, -4.464999999999777], [139.45500000002275, -4.454999999999777], [139.43500000002274, -4.454999999999777], [139.43500000002274, -4.444999999999777], [139.41500000002273, -4.444999999999777], [139.41500000002273, -4.434999999999778], [139.3750000000227, -4.434999999999778], [139.3750000000227, -4.424999999999778], [139.31500000002268, -4.424999999999778], [139.31500000002268, -4.414999999999778], [139.1650000000226, -4.414999999999778], [139.1650000000226, -4.424999999999778], [139.10500000002259, -4.424999999999778], [139.10500000002259, -4.434999999999778], [139.06500000002256, -4.434999999999778], [139.06500000002256, -4.444999999999777], [139.03500000002254, -4.444999999999777], [139.03500000002254, -4.454999999999777], [139.0050000000225, -4.454999999999777], [139.0050000000225, -4.464999999999777], [138.9750000000225, -4.464999999999777], [138.9750000000225, -4.454999999999777], [138.89500000002246, -4.454999999999777], [138.89500000002246, -4.444999999999777], [138.7450000000224, -4.444999999999777], [138.7450000000224, -4.434999999999778], [138.71500000002237, -4.434999999999778], [138.71500000002237, -4.424999999999778], [138.68500000002234, -4.424999999999778], [138.68500000002234, -4.414999999999778], [138.65500000002234, -4.414999999999778], [138.65500000002234, -4.404999999999778], [138.62500000002234, -4.404999999999778], [138.62500000002234, -4.394999999999778], [138.5950000000223, -4.394999999999778], [138.5950000000223, -4.384999999999779], [138.5550000000223, -4.384999999999779], [138.5550000000223, -4.374999999999779], [138.52500000002226, -4.374999999999779], [138.52500000002226, -4.364999999999779], [138.49500000002226, -4.364999999999779], [138.49500000002226, -4.354999999999779], [138.45500000002224, -4.354999999999779], [138.45500000002224, -4.3449999999997795], [138.42500000002224, -4.3449999999997795], [138.42500000002224, -4.33499999999978], [138.3950000000222, -4.33499999999978], [138.3950000000222, -4.32499999999978], [138.36500000002218, -4.32499999999978], [138.36500000002218, -4.31499999999978], [138.33500000002218, -4.31499999999978], [138.33500000002218, -4.30499999999978], [138.31500000002217, -4.30499999999978], [138.31500000002217, -4.2949999999997805], [138.29500000002216, -4.2949999999997805], [138.29500000002216, -4.284999999999781], [138.26500000002216, -4.284999999999781], [138.26500000002216, -4.274999999999781], [138.24500000002212, -4.274999999999781], [138.24500000002212, -4.264999999999781], [138.1950000000221, -4.264999999999781], [138.1950000000221, -4.254999999999781], [138.1450000000221, -4.254999999999781], [138.1450000000221, -4.244999999999782], [138.09500000002205, -4.244999999999782], [138.09500000002205, -4.234999999999782], [138.05500000002203, -4.234999999999782], [138.05500000002203, -4.224999999999782], [138.005000000022, -4.224999999999782], [138.005000000022, -4.214999999999782], [137.95500000002198, -4.214999999999782], [137.95500000002198, -4.2049999999997825], [137.96500000002197, -4.2049999999997825], [137.96500000002197, -4.194999999999783], [137.91500000002196, -4.194999999999783], [137.91500000002196, -4.184999999999783], [137.85500000002193, -4.184999999999783], [137.85500000002193, -4.174999999999783], [137.7950000000219, -4.174999999999783], [137.7950000000219, -4.164999999999783], [137.72500000002185, -4.164999999999783], [137.72500000002185, -4.174999999999783], [137.69500000002185, -4.174999999999783], [137.69500000002185, -4.184999999999783], [137.66500000002185, -4.184999999999783], [137.66500000002185, -4.194999999999783], [137.63500000002182, -4.194999999999783], [137.63500000002182, -4.2049999999997825], [137.6050000000218, -4.2049999999997825], [137.6050000000218, -4.214999999999782], [137.5850000000218, -4.214999999999782], [137.5850000000218, -4.224999999999782], [137.55500000002178, -4.224999999999782], [137.55500000002178, -4.234999999999782], [137.52500000002175, -4.234999999999782], [137.52500000002175, -4.244999999999782], [137.45500000002173, -4.244999999999782], [137.45500000002173, -4.234999999999782], [137.4150000000217, -4.234999999999782], [137.4150000000217, -4.224999999999782], [137.36500000002167, -4.224999999999782], [137.36500000002167, -4.214999999999782], [137.31500000002166, -4.214999999999782], [137.31500000002166, -4.2049999999997825], [137.25500000002162, -4.2049999999997825], [137.25500000002162, -4.194999999999783], [137.22500000002162, -4.194999999999783], [137.22500000002162, -4.184999999999783], [137.1950000000216, -4.184999999999783], [137.1950000000216, -4.174999999999783], [137.15500000002157, -4.174999999999783], [137.15500000002157, -4.164999999999783], [137.11500000002155, -4.164999999999783], [137.11500000002155, -4.1549999999997835], [137.07500000002153, -4.1549999999997835], [137.07500000002153, -4.144999999999784], [137.0350000000215, -4.144999999999784], [137.0350000000215, -4.134999999999784], [136.87500000002143, -4.134999999999784], [136.87500000002143, -4.124999999999784], [136.71500000002135, -4.124999999999784], [136.71500000002135, -4.114999999999784], [136.67500000002133, -4.114999999999784], [136.67500000002133, -4.104999999999785], [136.6350000000213, -4.104999999999785], [136.6350000000213, -4.094999999999785], [136.60500000002128, -4.094999999999785], [136.60500000002128, -4.084999999999785], [136.5850000000213, -4.084999999999785], [136.5850000000213, -4.074999999999785], [136.55500000002127, -4.074999999999785], [136.55500000002127, -4.0649999999997855], [136.53500000002126, -4.0649999999997855], [136.53500000002126, -4.054999999999786], [136.51500000002125, -4.054999999999786], [136.51500000002125, -4.044999999999786], [136.49500000002124, -4.044999999999786], [136.49500000002124, -4.034999999999786], [136.46500000002123, -4.034999999999786], [136.46500000002123, -4.024999999999786], [136.4350000000212, -4.024999999999786], [136.4350000000212, -4.0149999999997865], [136.40500000002118, -4.0149999999997865], [136.40500000002118, -4.004999999999787], [136.3850000000212, -4.004999999999787], [136.3850000000212, -3.9649999999997876], [136.39500000002118, -3.9649999999997876], [136.39500000002118, -3.9349999999997882], [136.40500000002118, -3.9349999999997882], [136.40500000002118, -3.904999999999789], [136.4150000000212, -3.904999999999789], [136.4150000000212, -3.8649999999997897], [136.4450000000212, -3.8649999999997897], [136.4450000000212, -3.8249999999997906], [136.45500000002122, -3.8249999999997906], [136.45500000002122, -3.614999999999795], [136.4450000000212, -3.614999999999795], [136.4450000000212, -3.5849999999997957], [136.4350000000212, -3.5849999999997957], [136.4350000000212, -3.574999999999796], [136.4150000000212, -3.574999999999796], [136.4150000000212, -3.564999999999796], [136.26500000002113, -3.564999999999796], [136.26500000002113, -3.5549999999997963], [136.2350000000211, -3.5549999999997963], [136.2350000000211, -3.5449999999997965], [136.2250000000211, -3.5449999999997965], [136.2250000000211, -3.5349999999997967], [136.2150000000211, -3.5349999999997967], [136.2150000000211, -3.524999999999797], [136.20500000002107, -3.524999999999797], [136.20500000002107, -3.5049999999997974], [136.19500000002108, -3.5049999999997974], [136.19500000002108, -3.4949999999997976], [136.20500000002107, -3.4949999999997976], [136.20500000002107, -3.484999999999798], [136.2150000000211, -3.484999999999798], [136.2150000000211, -3.474999999999798], [136.2250000000211, -3.474999999999798], [136.2250000000211, -3.4649999999997982], [136.2350000000211, -3.4649999999997982], [136.2350000000211, -3.4549999999997985], [136.35500000002116, -3.4549999999997985], [136.35500000002116, -3.4649999999997982], [136.37500000002117, -3.4649999999997982], [136.37500000002117, -3.4549999999997985], [136.3850000000212, -3.4549999999997985], [136.3850000000212, -3.4449999999997987], [136.45500000002122, -3.4449999999997987], [136.45500000002122, -3.4549999999997985], [136.48500000002122, -3.4549999999997985], [136.48500000002122, -3.4649999999997982]], [[138.1950000000221, -3.654999999999794], [138.1950000000221, -3.664999999999794], [138.18500000002211, -3.664999999999794], [138.18500000002211, -3.6749999999997938], [138.16500000002208, -3.6749999999997938], [138.16500000002208, -3.6849999999997936], [138.1450000000221, -3.6849999999997936], [138.1450000000221, -3.6949999999997933], [138.13500000002207, -3.6949999999997933], [138.13500000002207, -3.704999999999793], [138.11500000002206, -3.704999999999793], [138.11500000002206, -3.714999999999793], [138.10500000002207, -3.714999999999793], [138.10500000002207, -3.7249999999997927], [138.08500000002203, -3.7249999999997927], [138.08500000002203, -3.7349999999997925], [138.07500000002204, -3.7349999999997925], [138.07500000002204, -3.7449999999997923], [138.13500000002207, -3.7449999999997923], [138.13500000002207, -3.754999999999792], [138.11500000002206, -3.754999999999792], [138.11500000002206, -3.764999999999792], [138.06500000002205, -3.764999999999792], [138.06500000002205, -3.7749999999997916], [138.03500000002202, -3.7749999999997916], [138.03500000002202, -3.7849999999997914], [138.02500000002203, -3.7849999999997914], [138.02500000002203, -3.804999999999791], [138.03500000002202, -3.804999999999791], [138.03500000002202, -3.8249999999997906], [138.04500000002201, -3.8249999999997906], [138.04500000002201, -3.85499999999979], [138.05500000002203, -3.85499999999979], [138.05500000002203, -3.8749999999997895], [138.06500000002205, -3.8749999999997895], [138.06500000002205, -3.894999999999789], [138.07500000002204, -3.894999999999789], [138.07500000002204, -3.9249999999997884], [138.08500000002203, -3.9249999999997884], [138.08500000002203, -3.944999999999788], [138.09500000002205, -3.944999999999788], [138.09500000002205, -3.9749999999997874], [138.10500000002207, -3.9749999999997874], [138.10500000002207, -4.004999999999787], [138.09500000002205, -4.004999999999787], [138.09500000002205, -4.0149999999997865], [138.08500000002203, -4.0149999999997865], [138.08500000002203, -4.024999999999786], [138.07500000002204, -4.024999999999786], [138.07500000002204, -4.034999999999786], [138.06500000002205, -4.034999999999786], [138.06500000002205, -4.044999999999786], [138.05500000002203, -4.044999999999786], [138.05500000002203, -4.054999999999786], [137.995000000022, -4.054999999999786], [137.995000000022, -4.0649999999997855], [137.945000000022, -4.0649999999997855], [137.945000000022, -4.074999999999785], [137.90500000002197, -4.074999999999785], [137.90500000002197, -4.0649999999997855], [137.87500000002194, -4.0649999999997855], [137.87500000002194, -4.054999999999786], [137.8450000000219, -4.054999999999786], [137.8450000000219, -4.044999999999786], [137.82500000002193, -4.044999999999786], [137.82500000002193, -4.034999999999786], [137.8050000000219, -4.034999999999786], [137.8050000000219, -4.024999999999786], [137.7950000000219, -4.024999999999786], [137.7950000000219, -4.0149999999997865], [137.7750000000219, -4.0149999999997865], [137.7750000000219, -4.004999999999787], [137.76500000002187, -4.004999999999787], [137.76500000002187, -4.0149999999997865], [137.5850000000218, -4.0149999999997865], [137.5850000000218, -4.004999999999787], [137.6050000000218, -4.004999999999787], [137.6050000000218, -3.994999999999787], [137.5850000000218, -3.994999999999787], [137.5850000000218, -3.984999999999787], [137.5450000000218, -3.984999999999787], [137.5450000000218, -3.9749999999997874], [137.49500000002175, -3.9749999999997874], [137.49500000002175, -3.9649999999997876], [137.43500000002172, -3.9649999999997876], [137.43500000002172, -3.954999999999788], [137.37500000002169, -3.954999999999788], [137.37500000002169, -3.944999999999788], [137.33500000002167, -3.944999999999788], [137.33500000002167, -3.9349999999997882], [137.36500000002167, -3.9349999999997882], [137.36500000002167, -3.9249999999997884], [137.3850000000217, -3.9249999999997884], [137.3850000000217, -3.9149999999997886], [137.4150000000217, -3.9149999999997886], [137.4150000000217, -3.904999999999789], [137.42500000002173, -3.904999999999789], [137.42500000002173, -3.894999999999789], [137.4450000000217, -3.894999999999789], [137.4450000000217, -3.8849999999997893], [137.46500000002175, -3.8849999999997893], [137.46500000002175, -3.8749999999997895], [137.47500000002174, -3.8749999999997895], [137.47500000002174, -3.8649999999997897], [137.49500000002175, -3.8649999999997897], [137.49500000002175, -3.85499999999979], [137.45500000002173, -3.85499999999979], [137.45500000002173, -3.84499999999979], [137.4150000000217, -3.84499999999979], [137.4150000000217, -3.8349999999997904], [137.3850000000217, -3.8349999999997904], [137.3850000000217, -3.8249999999997906], [137.35500000002168, -3.8249999999997906], [137.35500000002168, -3.814999999999791], [137.32500000002165, -3.814999999999791], [137.32500000002165, -3.804999999999791], [137.29500000002164, -3.804999999999791], [137.29500000002164, -3.794999999999791], [137.26500000002164, -3.794999999999791], [137.26500000002164, -3.7849999999997914], [137.2350000000216, -3.7849999999997914], [137.2350000000216, -3.7749999999997916], [137.1850000000216, -3.7749999999997916], [137.1850000000216, -3.764999999999792], [137.14500000002158, -3.764999999999792], [137.14500000002158, -3.754999999999792], [137.12500000002154, -3.754999999999792], [137.12500000002154, -3.8349999999997904], [137.13500000002156, -3.8349999999997904], [137.13500000002156, -3.8749999999997895], [137.14500000002158, -3.8749999999997895], [137.14500000002158, -3.904999999999789], [137.15500000002157, -3.904999999999789], [137.15500000002157, -3.9249999999997884], [136.91500000002145, -3.9249999999997884], [136.91500000002145, -3.9149999999997886], [136.90500000002146, -3.9149999999997886], [136.90500000002146, -3.904999999999789], [136.88500000002142, -3.904999999999789], [136.88500000002142, -3.894999999999789], [136.86500000002144, -3.894999999999789], [136.86500000002144, -3.8849999999997893], [136.8450000000214, -3.8849999999997893], [136.8450000000214, -3.8749999999997895], [136.8150000000214, -3.8749999999997895], [136.8150000000214, -3.8649999999997897], [136.7850000000214, -3.8649999999997897], [136.7850000000214, -3.85499999999979], [136.68500000002132, -3.85499999999979], [136.68500000002132, -3.84499999999979], [136.6150000000213, -3.84499999999979], [136.6150000000213, -3.8649999999997897], [136.60500000002128, -3.8649999999997897], [136.60500000002128, -3.904999999999789], [136.5950000000213, -3.904999999999789], [136.5950000000213, -3.954999999999788], [136.5850000000213, -3.954999999999788], [136.5850000000213, -4.004999999999787], [136.5950000000213, -4.004999999999787], [136.5950000000213, -4.0149999999997865], [136.6150000000213, -4.0149999999997865], [136.6150000000213, -4.024999999999786], [136.6350000000213, -4.024999999999786], [136.6350000000213, -4.034999999999786], [136.66500000002134, -4.034999999999786], [136.66500000002134, -4.044999999999786], [136.68500000002132, -4.044999999999786], [136.68500000002132, -4.054999999999786], [136.71500000002135, -4.054999999999786], [136.71500000002135, -4.0649999999997855], [136.76500000002136, -4.0649999999997855], [136.76500000002136, -4.074999999999785], [137.0350000000215, -4.074999999999785], [137.0350000000215, -4.084999999999785], [137.0450000000215, -4.084999999999785], [137.0450000000215, -4.0649999999997855], [137.05500000002152, -4.0649999999997855], [137.05500000002152, -4.024999999999786], [137.13500000002156, -4.024999999999786], [137.13500000002156, -4.034999999999786], [137.2350000000216, -4.034999999999786], [137.2350000000216, -4.044999999999786], [137.31500000002166, -4.044999999999786], [137.31500000002166, -4.034999999999786], [137.32500000002165, -4.034999999999786], [137.32500000002165, -4.054999999999786], [137.31500000002166, -4.054999999999786], [137.31500000002166, -4.0649999999997855], [137.30500000002166, -4.0649999999997855], [137.30500000002166, -4.084999999999785], [137.29500000002164, -4.084999999999785], [137.29500000002164, -4.094999999999785], [137.28500000002163, -4.094999999999785], [137.28500000002163, -4.104999999999785], [137.27500000002163, -4.104999999999785], [137.27500000002163, -4.124999999999784], [137.3950000000217, -4.124999999999784], [137.3950000000217, -4.134999999999784], [137.53500000002177, -4.134999999999784], [137.53500000002177, -4.124999999999784], [137.56500000002177, -4.124999999999784], [137.56500000002177, -4.114999999999784], [137.5950000000218, -4.114999999999784], [137.5950000000218, -4.104999999999785], [137.63500000002182, -4.104999999999785], [137.63500000002182, -4.094999999999785], [137.66500000002185, -4.094999999999785], [137.66500000002185, -4.084999999999785], [137.70500000002187, -4.084999999999785], [137.70500000002187, -4.074999999999785], [137.86500000002195, -4.074999999999785], [137.86500000002195, -4.084999999999785], [137.96500000002197, -4.084999999999785], [137.96500000002197, -4.094999999999785], [138.08500000002203, -4.094999999999785], [138.08500000002203, -4.104999999999785], [138.2050000000221, -4.104999999999785], [138.2050000000221, -4.114999999999784], [138.31500000002217, -4.114999999999784], [138.31500000002217, -4.124999999999784], [138.3750000000222, -4.124999999999784], [138.3750000000222, -4.134999999999784], [138.4050000000222, -4.134999999999784], [138.4050000000222, -4.144999999999784], [138.41500000002222, -4.144999999999784], [138.41500000002222, -4.1549999999997835], [138.43500000002223, -4.1549999999997835], [138.43500000002223, -4.174999999999783], [138.44500000002222, -4.174999999999783], [138.44500000002222, -4.184999999999783], [138.41500000002222, -4.184999999999783], [138.41500000002222, -4.174999999999783], [138.3750000000222, -4.174999999999783], [138.3750000000222, -4.164999999999783], [138.33500000002218, -4.164999999999783], [138.33500000002218, -4.1549999999997835], [138.28500000002214, -4.1549999999997835], [138.28500000002214, -4.144999999999784], [138.2050000000221, -4.144999999999784], [138.2050000000221, -4.1549999999997835], [138.1450000000221, -4.1549999999997835], [138.1450000000221, -4.174999999999783], [138.1950000000221, -4.174999999999783], [138.1950000000221, -4.184999999999783], [138.24500000002212, -4.184999999999783], [138.24500000002212, -4.194999999999783], [138.27500000002215, -4.194999999999783], [138.27500000002215, -4.2049999999997825], [138.29500000002216, -4.2049999999997825], [138.29500000002216, -4.214999999999782], [138.30500000002218, -4.214999999999782], [138.30500000002218, -4.224999999999782], [138.31500000002217, -4.224999999999782], [138.31500000002217, -4.234999999999782], [138.33500000002218, -4.234999999999782], [138.33500000002218, -4.244999999999782], [138.3450000000222, -4.244999999999782], [138.3450000000222, -4.254999999999781], [138.36500000002218, -4.254999999999781], [138.36500000002218, -4.264999999999781], [138.38500000002222, -4.264999999999781], [138.38500000002222, -4.274999999999781], [138.41500000002222, -4.274999999999781], [138.41500000002222, -4.284999999999781], [138.43500000002223, -4.284999999999781], [138.43500000002223, -4.2949999999997805], [138.46500000002226, -4.2949999999997805], [138.46500000002226, -4.30499999999978], [138.49500000002226, -4.30499999999978], [138.49500000002226, -4.31499999999978], [138.52500000002226, -4.31499999999978], [138.52500000002226, -4.32499999999978], [138.56500000002228, -4.32499999999978], [138.56500000002228, -4.33499999999978], [138.5950000000223, -4.33499999999978], [138.5950000000223, -4.3449999999997795], [138.63500000002233, -4.3449999999997795], [138.63500000002233, -4.354999999999779], [138.66500000002236, -4.354999999999779], [138.66500000002236, -4.364999999999779], [138.69500000002236, -4.364999999999779], [138.69500000002236, -4.374999999999779], [138.72500000002236, -4.374999999999779], [138.72500000002236, -4.384999999999779], [138.82500000002244, -4.384999999999779], [138.82500000002244, -4.374999999999779], [138.88500000002244, -4.374999999999779], [138.88500000002244, -4.364999999999779], [138.92500000002246, -4.364999999999779], [138.92500000002246, -4.354999999999779], [138.9550000000225, -4.354999999999779], [138.9550000000225, -4.3449999999997795], [138.9750000000225, -4.3449999999997795], [138.9750000000225, -4.33499999999978], [139.04500000002253, -4.33499999999978], [139.04500000002253, -4.3449999999997795], [139.10500000002259, -4.3449999999997795], [139.10500000002259, -4.354999999999779], [139.22500000002265, -4.354999999999779], [139.22500000002265, -4.364999999999779], [139.27500000002266, -4.364999999999779], [139.27500000002266, -4.354999999999779], [139.3750000000227, -4.354999999999779], [139.3750000000227, -4.3449999999997795], [139.43500000002274, -4.3449999999997795], [139.43500000002274, -4.33499999999978], [139.46500000002277, -4.33499999999978], [139.46500000002277, -4.32499999999978], [139.48500000002275, -4.32499999999978], [139.48500000002275, -4.30499999999978], [139.45500000002275, -4.30499999999978], [139.45500000002275, -4.2949999999997805], [139.42500000002275, -4.2949999999997805], [139.42500000002275, -4.284999999999781], [139.4050000000227, -4.284999999999781], [139.4050000000227, -4.264999999999781], [139.41500000002273, -4.264999999999781], [139.41500000002273, -4.254999999999781], [139.42500000002275, -4.254999999999781], [139.42500000002275, -4.244999999999782], [139.41500000002273, -4.244999999999782], [139.41500000002273, -4.234999999999782], [139.4050000000227, -4.234999999999782], [139.4050000000227, -4.224999999999782], [139.38500000002273, -4.224999999999782], [139.38500000002273, -4.214999999999782], [139.3750000000227, -4.214999999999782], [139.3750000000227, -4.2049999999997825], [139.3550000000227, -4.2049999999997825], [139.3550000000227, -4.194999999999783], [139.3450000000227, -4.194999999999783], [139.3450000000227, -4.184999999999783], [139.3350000000227, -4.184999999999783], [139.3350000000227, -4.174999999999783], [139.32500000002267, -4.174999999999783], [139.32500000002267, -4.164999999999783], [139.31500000002268, -4.164999999999783], [139.31500000002268, -4.124999999999784], [139.3050000000227, -4.124999999999784], [139.3050000000227, -4.094999999999785], [139.29500000002267, -4.094999999999785], [139.29500000002267, -4.0649999999997855], [139.28500000002265, -4.0649999999997855], [139.28500000002265, -4.034999999999786], [139.27500000002266, -4.034999999999786], [139.27500000002266, -4.0149999999997865], [139.26500000002267, -4.0149999999997865], [139.26500000002267, -3.994999999999787], [139.25500000002265, -3.994999999999787], [139.25500000002265, -3.984999999999787], [139.24500000002263, -3.984999999999787], [139.24500000002263, -3.994999999999787], [139.23500000002264, -3.994999999999787], [139.23500000002264, -4.004999999999787], [139.22500000002265, -4.004999999999787], [139.22500000002265, -4.0149999999997865], [139.21500000002263, -4.0149999999997865], [139.21500000002263, -4.034999999999786], [139.2050000000226, -4.034999999999786], [139.2050000000226, -4.0649999999997855], [139.19500000002262, -4.0649999999997855], [139.19500000002262, -4.094999999999785], [139.18500000002263, -4.094999999999785], [139.18500000002263, -4.104999999999785], [139.1650000000226, -4.104999999999785], [139.1650000000226, -4.114999999999784], [139.1450000000226, -4.114999999999784], [139.1450000000226, -4.124999999999784], [139.1350000000226, -4.124999999999784], [139.1350000000226, -4.134999999999784], [139.11500000002258, -4.134999999999784], [139.11500000002258, -4.144999999999784], [139.10500000002259, -4.144999999999784], [139.10500000002259, -4.1549999999997835], [139.09500000002257, -4.1549999999997835], [139.09500000002257, -4.164999999999783], [139.08500000002255, -4.164999999999783], [139.08500000002255, -4.174999999999783], [139.07500000002256, -4.174999999999783], [139.07500000002256, -4.194999999999783], [139.06500000002256, -4.194999999999783], [139.06500000002256, -4.214999999999782], [139.05500000002255, -4.214999999999782], [139.05500000002255, -4.224999999999782], [139.04500000002253, -4.224999999999782], [139.04500000002253, -4.254999999999781], [139.06500000002256, -4.254999999999781], [139.06500000002256, -4.264999999999781], [139.08500000002255, -4.264999999999781], [139.08500000002255, -4.284999999999781], [139.06500000002256, -4.284999999999781], [139.06500000002256, -4.2949999999997805], [139.03500000002254, -4.2949999999997805], [139.03500000002254, -4.30499999999978], [139.0050000000225, -4.30499999999978], [139.0050000000225, -4.31499999999978], [138.91500000002247, -4.31499999999978], [138.91500000002247, -4.32499999999978], [138.82500000002244, -4.32499999999978], [138.82500000002244, -4.33499999999978], [138.69500000002236, -4.33499999999978], [138.69500000002236, -4.32499999999978], [138.65500000002234, -4.32499999999978], [138.65500000002234, -4.31499999999978], [138.63500000002233, -4.31499999999978], [138.63500000002233, -4.30499999999978], [138.61500000002232, -4.30499999999978], [138.61500000002232, -4.2949999999997805], [138.64500000002232, -4.2949999999997805], [138.64500000002232, -4.30499999999978], [138.67500000002235, -4.30499999999978], [138.67500000002235, -4.31499999999978], [138.71500000002237, -4.31499999999978], [138.71500000002237, -4.32499999999978], [138.7950000000224, -4.32499999999978], [138.7950000000224, -4.31499999999978], [138.83500000002243, -4.31499999999978], [138.83500000002243, -4.30499999999978], [138.86500000002246, -4.30499999999978], [138.86500000002246, -4.2949999999997805], [138.89500000002246, -4.2949999999997805], [138.89500000002246, -4.284999999999781], [138.91500000002247, -4.284999999999781], [138.91500000002247, -4.274999999999781], [138.93500000002248, -4.274999999999781], [138.93500000002248, -4.264999999999781], [138.9550000000225, -4.264999999999781], [138.9550000000225, -4.254999999999781], [138.96500000002248, -4.254999999999781], [138.96500000002248, -4.234999999999782], [138.9550000000225, -4.234999999999782], [138.9550000000225, -4.214999999999782], [138.9450000000225, -4.214999999999782], [138.9450000000225, -4.194999999999783], [138.93500000002248, -4.194999999999783], [138.93500000002248, -4.184999999999783], [138.92500000002246, -4.184999999999783], [138.92500000002246, -4.174999999999783], [138.91500000002247, -4.174999999999783], [138.91500000002247, -4.164999999999783], [138.90500000002248, -4.164999999999783], [138.90500000002248, -4.1549999999997835], [138.88500000002244, -4.1549999999997835], [138.88500000002244, -4.144999999999784], [138.87500000002245, -4.144999999999784], [138.87500000002245, -4.134999999999784], [138.84500000002242, -4.134999999999784], [138.84500000002242, -4.124999999999784], [138.81500000002242, -4.124999999999784], [138.81500000002242, -4.114999999999784], [138.76500000002238, -4.114999999999784], [138.76500000002238, -4.104999999999785], [138.67500000002235, -4.104999999999785], [138.67500000002235, -4.094999999999785], [138.61500000002232, -4.094999999999785], [138.61500000002232, -4.084999999999785], [138.58500000002232, -4.084999999999785], [138.58500000002232, -4.074999999999785], [138.56500000002228, -4.074999999999785], [138.56500000002228, -4.0649999999997855], [138.5550000000223, -4.0649999999997855], [138.5550000000223, -4.054999999999786], [138.5450000000223, -4.054999999999786], [138.5450000000223, -4.044999999999786], [138.53500000002228, -4.044999999999786], [138.53500000002228, -4.024999999999786], [138.52500000002226, -4.024999999999786], [138.52500000002226, -3.994999999999787], [138.51500000002227, -3.994999999999787], [138.51500000002227, -3.9749999999997874], [138.50500000002228, -3.9749999999997874], [138.50500000002228, -3.954999999999788], [138.49500000002226, -3.954999999999788], [138.49500000002226, -3.9349999999997882], [138.48500000002224, -3.9349999999997882], [138.48500000002224, -3.9149999999997886], [138.47500000002225, -3.9149999999997886], [138.47500000002225, -3.8849999999997893], [138.46500000002226, -3.8849999999997893], [138.46500000002226, -3.85499999999979], [138.45500000002224, -3.85499999999979], [138.45500000002224, -3.8249999999997906], [138.44500000002222, -3.8249999999997906], [138.44500000002222, -3.7849999999997914], [138.43500000002223, -3.7849999999997914], [138.43500000002223, -3.754999999999792], [138.42500000002224, -3.754999999999792], [138.42500000002224, -3.7349999999997925], [138.41500000002222, -3.7349999999997925], [138.41500000002222, -3.7249999999997927], [138.4050000000222, -3.7249999999997927], [138.4050000000222, -3.714999999999793], [138.3950000000222, -3.714999999999793], [138.3950000000222, -3.704999999999793], [138.38500000002222, -3.704999999999793], [138.38500000002222, -3.6949999999997933], [138.36500000002218, -3.6949999999997933], [138.36500000002218, -3.6849999999997936], [138.3550000000222, -3.6849999999997936], [138.3550000000222, -3.6749999999997938], [138.33500000002218, -3.6749999999997938], [138.33500000002218, -3.664999999999794], [138.31500000002217, -3.664999999999794], [138.31500000002217, -3.654999999999794], [138.29500000002216, -3.654999999999794], [138.29500000002216, -3.6449999999997944], [138.27500000002215, -3.6449999999997944], [138.27500000002215, -3.6349999999997946], [138.23500000002213, -3.6349999999997946], [138.23500000002213, -3.6449999999997944], [138.21500000002212, -3.6449999999997944], [138.21500000002212, -3.654999999999794], [138.1950000000221, -3.654999999999794]], [[139.51500000002278, -4.31499999999978], [139.51500000002278, -4.32499999999978], [139.5350000000228, -4.32499999999978], [139.5350000000228, -4.31499999999978], [139.51500000002278, -4.31499999999978]], [[139.5350000000228, -4.33499999999978], [139.5450000000228, -4.33499999999978], [139.5450000000228, -4.3449999999997795], [139.5550000000228, -4.3449999999997795], [139.5550000000228, -4.364999999999779], [139.5650000000228, -4.364999999999779], [139.5650000000228, -4.384999999999779], [139.5750000000228, -4.384999999999779], [139.5750000000228, -4.404999999999778], [139.58500000002283, -4.404999999999778], [139.58500000002283, -4.454999999999777], [139.59500000002282, -4.454999999999777], [139.59500000002282, -4.494999999999776], [139.6050000000228, -4.494999999999776], [139.6050000000228, -4.504999999999776], [139.61500000002283, -4.504999999999776], [139.61500000002283, -4.514999999999776], [139.63500000002284, -4.514999999999776], [139.63500000002284, -4.524999999999776], [139.65500000002285, -4.524999999999776], [139.65500000002285, -4.534999999999775], [139.67500000002286, -4.534999999999775], [139.67500000002286, -4.544999999999775], [139.68500000002285, -4.544999999999775], [139.68500000002285, -4.554999999999775], [139.7050000000229, -4.554999999999775], [139.7050000000229, -4.564999999999775], [139.72500000002287, -4.564999999999775], [139.72500000002287, -4.574999999999775], [139.7550000000229, -4.574999999999775], [139.7550000000229, -4.584999999999774], [139.81500000002293, -4.584999999999774], [139.81500000002293, -4.594999999999774], [139.85500000002295, -4.594999999999774], [139.85500000002295, -4.604999999999774], [139.89500000002297, -4.604999999999774], [139.89500000002297, -4.614999999999774], [139.91500000002299, -4.614999999999774], [139.91500000002299, -4.6249999999997735], [139.94500000002301, -4.6249999999997735], [139.94500000002301, -4.634999999999773], [139.965000000023, -4.634999999999773], [139.965000000023, -4.644999999999773], [139.98500000002304, -4.644999999999773], [139.98500000002304, -4.654999999999773], [139.99500000002303, -4.654999999999773], [139.99500000002303, -4.664999999999773], [140.06500000002308, -4.664999999999773], [140.06500000002308, -4.6749999999997724], [140.1050000000231, -4.6749999999997724], [140.1050000000231, -4.684999999999772], [140.12500000002308, -4.684999999999772], [140.12500000002308, -4.694999999999772], [140.1350000000231, -4.694999999999772], [140.1350000000231, -4.704999999999772], [140.14500000002312, -4.704999999999772], [140.14500000002312, -4.734999999999771], [140.1550000000231, -4.734999999999771], [140.1550000000231, -4.744999999999771], [140.1650000000231, -4.744999999999771], [140.1650000000231, -4.754999999999771], [140.19500000002313, -4.754999999999771], [140.19500000002313, -4.7649999999997705], [140.23500000002315, -4.7649999999997705], [140.23500000002315, -4.77499999999977], [140.3050000000232, -4.77499999999977], [140.3050000000232, -4.78499999999977], [140.3650000000232, -4.78499999999977], [140.3650000000232, -4.79499999999977], [140.41500000002324, -4.79499999999977], [140.41500000002324, -4.80499999999977], [140.44500000002324, -4.80499999999977], [140.44500000002324, -4.8149999999997695], [140.47500000002327, -4.8149999999997695], [140.47500000002327, -4.824999999999769], [140.5150000000233, -4.824999999999769], [140.5150000000233, -4.8149999999997695], [140.52500000002328, -4.8149999999997695], [140.52500000002328, -4.80499999999977], [140.54500000002332, -4.80499999999977], [140.54500000002332, -4.79499999999977], [140.5550000000233, -4.79499999999977], [140.5550000000233, -4.78499999999977], [140.57500000002332, -4.78499999999977], [140.57500000002332, -4.77499999999977], [140.52500000002328, -4.77499999999977], [140.52500000002328, -4.7649999999997705], [140.44500000002324, -4.7649999999997705], [140.44500000002324, -4.754999999999771], [140.40500000002322, -4.754999999999771], [140.40500000002322, -4.744999999999771], [140.37500000002322, -4.744999999999771], [140.37500000002322, -4.734999999999771], [140.3550000000232, -4.734999999999771], [140.3550000000232, -4.724999999999771], [140.32500000002318, -4.724999999999771], [140.32500000002318, -4.714999999999772], [140.28500000002316, -4.714999999999772], [140.28500000002316, -4.704999999999772], [140.25500000002316, -4.704999999999772], [140.25500000002316, -4.694999999999772], [140.24500000002314, -4.694999999999772], [140.24500000002314, -4.684999999999772], [140.23500000002315, -4.684999999999772], [140.23500000002315, -4.6749999999997724], [140.22500000002316, -4.6749999999997724], [140.22500000002316, -4.664999999999773], [140.21500000002314, -4.664999999999773], [140.21500000002314, -4.644999999999773], [140.20500000002312, -4.644999999999773], [140.20500000002312, -4.634999999999773], [140.19500000002313, -4.634999999999773], [140.19500000002313, -4.6249999999997735], [140.18500000002314, -4.6249999999997735], [140.18500000002314, -4.614999999999774], [140.17500000002312, -4.614999999999774], [140.17500000002312, -4.604999999999774], [140.1650000000231, -4.604999999999774], [140.1650000000231, -4.594999999999774], [140.1550000000231, -4.594999999999774], [140.1550000000231, -4.584999999999774], [140.1350000000231, -4.584999999999774], [140.1350000000231, -4.574999999999775], [140.12500000002308, -4.574999999999775], [140.12500000002308, -4.564999999999775], [140.1150000000231, -4.564999999999775], [140.1150000000231, -4.554999999999775], [140.09500000002308, -4.554999999999775], [140.09500000002308, -4.544999999999775], [140.08500000002306, -4.544999999999775], [140.08500000002306, -4.534999999999775], [140.06500000002308, -4.534999999999775], [140.06500000002308, -4.514999999999776], [140.07500000002307, -4.514999999999776], [140.07500000002307, -4.494999999999776], [140.05500000002306, -4.494999999999776], [140.05500000002306, -4.4849999999997765], [140.03500000002305, -4.4849999999997765], [140.03500000002305, -4.474999999999777], [140.00500000002302, -4.474999999999777], [140.00500000002302, -4.464999999999777], [139.965000000023, -4.464999999999777], [139.965000000023, -4.454999999999777], [139.955000000023, -4.454999999999777], [139.955000000023, -4.444999999999777], [139.94500000002301, -4.444999999999777], [139.94500000002301, -4.434999999999778], [139.92500000002298, -4.434999999999778], [139.92500000002298, -4.424999999999778], [139.905000000023, -4.424999999999778], [139.905000000023, -4.414999999999778], [139.89500000002297, -4.414999999999778], [139.89500000002297, -4.404999999999778], [139.87500000002296, -4.404999999999778], [139.87500000002296, -4.394999999999778], [139.85500000002295, -4.394999999999778], [139.85500000002295, -4.384999999999779], [139.82500000002295, -4.384999999999779], [139.82500000002295, -4.374999999999779], [139.80500000002291, -4.374999999999779], [139.80500000002291, -4.364999999999779], [139.7750000000229, -4.364999999999779], [139.7750000000229, -4.354999999999779], [139.7450000000229, -4.354999999999779], [139.7450000000229, -4.3449999999997795], [139.68500000002285, -4.3449999999997795], [139.68500000002285, -4.33499999999978], [139.61500000002283, -4.33499999999978], [139.61500000002283, -4.32499999999978], [139.5350000000228, -4.32499999999978], [139.5350000000228, -4.33499999999978]], [[140.24500000002314, -4.494999999999776], [140.24500000002314, -4.504999999999776], [140.26500000002318, -4.504999999999776], [140.26500000002318, -4.494999999999776], [140.24500000002314, -4.494999999999776]], [[140.00500000002302, -4.714999999999772], [140.00500000002302, -4.724999999999771], [140.01500000002304, -4.724999999999771], [140.01500000002304, -4.714999999999772], [140.00500000002302, -4.714999999999772]]], [[[137.2450000000216, -3.994999999999787], [137.25500000002162, -3.994999999999787], [137.25500000002162, -4.004999999999787], [137.2450000000216, -4.004999999999787], [137.2450000000216, -3.994999999999787]]], [[[135.77500000002087, -3.8649999999997897], [135.79500000002088, -3.8649999999997897], [135.79500000002088, -3.8749999999997895], [135.8150000000209, -3.8749999999997895], [135.8150000000209, -3.8849999999997893], [135.8350000000209, -3.8849999999997893], [135.8350000000209, -3.894999999999789], [135.8450000000209, -3.894999999999789], [135.8450000000209, -3.904999999999789], [135.86500000002093, -3.904999999999789], [135.86500000002093, -3.9149999999997886], [135.8850000000209, -3.9149999999997886], [135.8850000000209, -3.9249999999997884], [135.89500000002093, -3.9249999999997884], [135.89500000002093, -3.9349999999997882], [135.90500000002095, -3.9349999999997882], [135.90500000002095, -3.944999999999788], [135.91500000002094, -3.944999999999788], [135.91500000002094, -3.954999999999788], [135.92500000002093, -3.954999999999788], [135.92500000002093, -3.9649999999997876], [135.93500000002095, -3.9649999999997876], [135.93500000002095, -3.9749999999997874], [135.94500000002097, -3.9749999999997874], [135.94500000002097, -3.984999999999787], [135.95500000002096, -3.984999999999787], [135.95500000002096, -4.004999999999787], [135.94500000002097, -4.004999999999787], [135.94500000002097, -4.0149999999997865], [135.93500000002095, -4.0149999999997865], [135.93500000002095, -4.024999999999786], [135.91500000002094, -4.024999999999786], [135.91500000002094, -4.034999999999786], [135.90500000002095, -4.034999999999786], [135.90500000002095, -4.044999999999786], [135.8850000000209, -4.044999999999786], [135.8850000000209, -4.054999999999786], [135.86500000002093, -4.054999999999786], [135.86500000002093, -4.0649999999997855], [135.8550000000209, -4.0649999999997855], [135.8550000000209, -4.074999999999785], [135.8350000000209, -4.074999999999785], [135.8350000000209, -4.084999999999785], [135.8150000000209, -4.084999999999785], [135.8150000000209, -4.094999999999785], [135.7850000000209, -4.094999999999785], [135.7850000000209, -4.104999999999785], [135.76500000002085, -4.104999999999785], [135.76500000002085, -4.114999999999784], [135.69500000002083, -4.114999999999784], [135.69500000002083, -4.104999999999785], [135.60500000002077, -4.104999999999785], [135.60500000002077, -4.094999999999785], [135.52500000002073, -4.094999999999785], [135.52500000002073, -4.084999999999785], [135.51500000002073, -4.084999999999785], [135.51500000002073, -4.0649999999997855], [135.49500000002072, -4.0649999999997855], [135.49500000002072, -4.054999999999786], [135.4850000000207, -4.054999999999786], [135.4850000000207, -4.044999999999786], [135.4750000000207, -4.044999999999786], [135.4750000000207, -4.024999999999786], [135.46500000002072, -4.024999999999786], [135.46500000002072, -4.0149999999997865], [135.4550000000207, -4.0149999999997865], [135.4550000000207, -3.984999999999787], [135.46500000002072, -3.984999999999787], [135.46500000002072, -3.9749999999997874], [135.4750000000207, -3.9749999999997874], [135.4750000000207, -3.954999999999788], [135.4850000000207, -3.954999999999788], [135.4850000000207, -3.944999999999788], [135.49500000002072, -3.944999999999788], [135.49500000002072, -3.9349999999997882], [135.52500000002073, -3.9349999999997882], [135.52500000002073, -3.9249999999997884], [135.55500000002075, -3.9249999999997884], [135.55500000002075, -3.9149999999997886], [135.58500000002078, -3.9149999999997886], [135.58500000002078, -3.904999999999789], [135.61500000002079, -3.904999999999789], [135.61500000002079, -3.894999999999789], [135.6450000000208, -3.894999999999789], [135.6450000000208, -3.8849999999997893], [135.66500000002083, -3.8849999999997893], [135.66500000002083, -3.8749999999997895], [135.69500000002083, -3.8749999999997895], [135.69500000002083, -3.8649999999997897], [135.72500000002083, -3.8649999999997897], [135.72500000002083, -3.85499999999979], [135.74500000002087, -3.85499999999979], [135.74500000002087, -3.84499999999979], [135.75500000002086, -3.84499999999979], [135.75500000002086, -3.85499999999979], [135.77500000002087, -3.85499999999979], [135.77500000002087, -3.8649999999997897]]], [[[137.28500000002163, -3.9149999999997886], [137.29500000002164, -3.9149999999997886], [137.29500000002164, -3.9249999999997884], [137.30500000002166, -3.9249999999997884], [137.30500000002166, -3.9349999999997882], [137.27500000002163, -3.9349999999997882], [137.27500000002163, -3.9249999999997884], [137.1950000000216, -3.9249999999997884], [137.1950000000216, -3.9149999999997886], [137.2150000000216, -3.9149999999997886], [137.2150000000216, -3.904999999999789], [137.22500000002162, -3.904999999999789], [137.22500000002162, -3.894999999999789], [137.26500000002164, -3.894999999999789], [137.26500000002164, -3.904999999999789], [137.28500000002163, -3.904999999999789], [137.28500000002163, -3.9149999999997886]]]]}}, {"type": "Feature", "properties": {"date": "2026-10-04", "code": 3, "level": "awas_hipo", "kategori": "Bahaya Risiko Tinggi Hipotermia", "color": "#8B008B"}, "geometry": {"type": "MultiPolygon", "coordinates": [[[[141.02500000002357, -5.004999999999765], [141.00500000002353, -5.004999999999765], [141.00500000002353, -4.994999999999766], [141.02500000002357, -4.994999999999766], [141.02500000002357, -5.004999999999765]]], [[[140.00500000002302, -4.724999999999771], [140.00500000002302, -4.714999999999772], [140.01500000002304, -4.714999999999772], [140.01500000002304, -4.724999999999771], [140.00500000002302, -4.724999999999771]]], [[[139.68500000002285, -4.33499999999978], [139.68500000002285, -4.3449999999997795], [139.7450000000229, -4.3449999999997795], [139.7450000000229, -4.354999999999779], [139.7750000000229, -4.354999999999779], [139.7750000000229, -4.364999999999779], [139.80500000002291, -4.364999999999779], [139.80500000002291, -4.374999999999779], [139.82500000002295, -4.374999999999779], [139.82500000002295, -4.384999999999779], [139.85500000002295, -4.384999999999779], [139.85500000002295, -4.394999999999778], [139.87500000002296, -4.394999999999778], [139.87500000002296, -4.404999999999778], [139.89500000002297, -4.404999999999778], [139.89500000002297, -4.414999999999778], [139.905000000023, -4.414999999999778], [139.905000000023, -4.424999999999778], [139.92500000002298, -4.424999999999778], [139.92500000002298, -4.434999999999778], [139.94500000002301, -4.434999999999778], [139.94500000002301, -4.444999999999777], [139.955000000023, -4.444999999999777], [139.955000000023, -4.454999999999777], [139.965000000023, -4.454999999999777], [139.965000000023, -4.464999999999777], [140.00500000002302, -4.464999999999777], [140.00500000002302, -4.474999999999777], [140.03500000002305, -4.474999999999777], [140.03500000002305, -4.4849999999997765], [140.05500000002306, -4.4849999999997765], [140.05500000002306, -4.494999999999776], [140.07500000002307, -4.494999999999776], [140.07500000002307, -4.514999999999776], [140.06500000002308, -4.514999999999776], [140.06500000002308, -4.534999999999775], [140.08500000002306, -4.534999999999775], [140.08500000002306, -4.544999999999775], [140.09500000002308, -4.544999999999775], [140.09500000002308, -4.554999999999775], [140.1150000000231, -4.554999999999775], [140.1150000000231, -4.564999999999775], [140.12500000002308, -4.564999999999775], [140.12500000002308, -4.574999999999775], [140.1350000000231, -4.574999999999775], [140.1350000000231, -4.584999999999774], [140.1550000000231, -4.584999999999774], [140.1550000000231, -4.594999999999774], [140.1650000000231, -4.594999999999774], [140.1650000000231, -4.604999999999774], [140.17500000002312, -4.604999999999774], [140.17500000002312, -4.614999999999774], [140.18500000002314, -4.614999999999774], [140.18500000002314, -4.6249999999997735], [140.19500000002313, -4.6249999999997735], [140.19500000002313, -4.634999999999773], [140.20500000002312, -4.634999999999773], [140.20500000002312, -4.644999999999773], [140.21500000002314, -4.644999999999773], [140.21500000002314, -4.664999999999773], [140.22500000002316, -4.664999999999773], [140.22500000002316, -4.6749999999997724], [140.23500000002315, -4.6749999999997724], [140.23500000002315, -4.684999999999772], [140.24500000002314, -4.684999999999772], [140.24500000002314, -4.694999999999772], [140.25500000002316, -4.694999999999772], [140.25500000002316, -4.704999999999772], [140.28500000002316, -4.704999999999772], [140.28500000002316, -4.714999999999772], [140.32500000002318, -4.714999999999772], [140.32500000002318, -4.724999999999771], [140.3550000000232, -4.724999999999771], [140.3550000000232, -4.734999999999771], [140.37500000002322, -4.734999999999771], [140.37500000002322, -4.744999999999771], [140.40500000002322, -4.744999999999771], [140.40500000002322, -4.754999999999771], [140.44500000002324, -4.754999999999771], [140.44500000002324, -4.7649999999997705], [140.52500000002328, -4.7649999999997705], [140.52500000002328, -4.77499999999977], [140.57500000002332, -4.77499999999977], [140.57500000002332, -4.78499999999977], [140.5550000000233, -4.78499999999977], [140.5550000000233, -4.79499999999977], [140.54500000002332, -4.79499999999977], [140.54500000002332, -4.80499999999977], [140.52500000002328, -4.80499999999977], [140.52500000002328, -4.8149999999997695], [140.5150000000233, -4.8149999999997695], [140.5150000000233, -4.824999999999769], [140.47500000002327, -4.824999999999769], [140.47500000002327, -4.8149999999997695], [140.44500000002324, -4.8149999999997695], [140.44500000002324, -4.80499999999977], [140.41500000002324, -4.80499999999977], [140.41500000002324, -4.79499999999977], [140.3650000000232, -4.79499999999977], [140.3650000000232, -4.78499999999977], [140.3050000000232, -4.78499999999977], [140.3050000000232, -4.77499999999977], [140.23500000002315, -4.77499999999977], [140.23500000002315, -4.7649999999997705], [140.19500000002313, -4.7649999999997705], [140.19500000002313, -4.754999999999771], [140.1650000000231, -4.754999999999771], [140.1650000000231, -4.744999999999771], [140.1550000000231, -4.744999999999771], [140.1550000000231, -4.734999999999771], [140.14500000002312, -4.734999999999771], [140.14500000002312, -4.704999999999772], [140.1350000000231, -4.704999999999772], [140.1350000000231, -4.694999999999772], [140.12500000002308, -4.694999999999772], [140.12500000002308, -4.684999999999772], [140.1050000000231, -4.684999999999772], [140.1050000000231, -4.6749999999997724], [140.06500000002308, -4.6749999999997724], [140.06500000002308, -4.664999999999773], [139.99500000002303, -4.664999999999773], [139.99500000002303, -4.654999999999773], [139.98500000002304, -4.654999999999773], [139.98500000002304, -4.644999999999773], [139.965000000023, -4.644999999999773], [139.965000000023, -4.634999999999773], [139.94500000002301, -4.634999999999773], [139.94500000002301, -4.6249999999997735], [139.91500000002299, -4.6249999999997735], [139.91500000002299, -4.614999999999774], [139.89500000002297, -4.614999999999774], [139.89500000002297, -4.604999999999774], [139.85500000002295, -4.604999999999774], [139.85500000002295, -4.594999999999774], [139.81500000002293, -4.594999999999774], [139.81500000002293, -4.584999999999774], [139.7550000000229, -4.584999999999774], [139.7550000000229, -4.574999999999775], [139.72500000002287, -4.574999999999775], [139.72500000002287, -4.564999999999775], [139.7050000000229, -4.564999999999775], [139.7050000000229, -4.554999999999775], [139.68500000002285, -4.554999999999775], [139.68500000002285, -4.544999999999775], [139.67500000002286, -4.544999999999775], [139.67500000002286, -4.534999999999775], [139.65500000002285, -4.534999999999775], [139.65500000002285, -4.524999999999776], [139.63500000002284, -4.524999999999776], [139.63500000002284, -4.514999999999776], [139.61500000002283, -4.514999999999776], [139.61500000002283, -4.504999999999776], [139.6050000000228, -4.504999999999776], [139.6050000000228, -4.494999999999776], [139.59500000002282, -4.494999999999776], [139.59500000002282, -4.454999999999777], [139.58500000002283, -4.454999999999777], [139.58500000002283, -4.404999999999778], [139.5750000000228, -4.404999999999778], [139.5750000000228, -4.384999999999779], [139.5650000000228, -4.384999999999779], [139.5650000000228, -4.364999999999779], [139.5550000000228, -4.364999999999779], [139.5550000000228, -4.3449999999997795], [139.5450000000228, -4.3449999999997795], [139.5450000000228, -4.33499999999978], [139.5350000000228, -4.33499999999978], [139.5350000000228, -4.32499999999978], [139.61500000002283, -4.32499999999978], [139.61500000002283, -4.33499999999978], [139.68500000002285, -4.33499999999978]]], [[[139.5350000000228, -4.32499999999978], [139.51500000002278, -4.32499999999978], [139.51500000002278, -4.31499999999978], [139.5350000000228, -4.31499999999978], [139.5350000000228, -4.32499999999978]]], [[[138.29500000002216, -3.6449999999997944], [138.29500000002216, -3.654999999999794], [138.31500000002217, -3.654999999999794], [138.31500000002217, -3.664999999999794], [138.33500000002218, -3.664999999999794], [138.33500000002218, -3.6749999999997938], [138.3550000000222, -3.6749999999997938], [138.3550000000222, -3.6849999999997936], [138.36500000002218, -3.6849999999997936], [138.36500000002218, -3.6949999999997933], [138.38500000002222, -3.6949999999997933], [138.38500000002222, -3.704999999999793], [138.3950000000222, -3.704999999999793], [138.3950000000222, -3.714999999999793], [138.4050000000222, -3.714999999999793], [138.4050000000222, -3.7249999999997927], [138.41500000002222, -3.7249999999997927], [138.41500000002222, -3.7349999999997925], [138.42500000002224, -3.7349999999997925], [138.42500000002224, -3.754999999999792], [138.43500000002223, -3.754999999999792], [138.43500000002223, -3.7849999999997914], [138.44500000002222, -3.7849999999997914], [138.44500000002222, -3.8249999999997906], [138.45500000002224, -3.8249999999997906], [138.45500000002224, -3.85499999999979], [138.46500000002226, -3.85499999999979], [138.46500000002226, -3.8849999999997893], [138.47500000002225, -3.8849999999997893], [138.47500000002225, -3.9149999999997886], [138.48500000002224, -3.9149999999997886], [138.48500000002224, -3.9349999999997882], [138.49500000002226, -3.9349999999997882], [138.49500000002226, -3.954999999999788], [138.50500000002228, -3.954999999999788], [138.50500000002228, -3.9749999999997874], [138.51500000002227, -3.9749999999997874], [138.51500000002227, -3.994999999999787], [138.52500000002226, -3.994999999999787], [138.52500000002226, -4.024999999999786], [138.53500000002228, -4.024999999999786], [138.53500000002228, -4.044999999999786], [138.5450000000223, -4.044999999999786], [138.5450000000223, -4.054999999999786], [138.5550000000223, -4.054999999999786], [138.5550000000223, -4.0649999999997855], [138.56500000002228, -4.0649999999997855], [138.56500000002228, -4.074999999999785], [138.58500000002232, -4.074999999999785], [138.58500000002232, -4.084999999999785], [138.61500000002232, -4.084999999999785], [138.61500000002232, -4.094999999999785], [138.67500000002235, -4.094999999999785], [138.67500000002235, -4.104999999999785], [138.76500000002238, -4.104999999999785], [138.76500000002238, -4.114999999999784], [138.81500000002242, -4.114999999999784], [138.81500000002242, -4.124999999999784], [138.84500000002242, -4.124999999999784], [138.84500000002242, -4.134999999999784], [138.87500000002245, -4.134999999999784], [138.87500000002245, -4.144999999999784], [138.88500000002244, -4.144999999999784], [138.88500000002244, -4.1549999999997835], [138.90500000002248, -4.1549999999997835], [138.90500000002248, -4.164999999999783], [138.91500000002247, -4.164999999999783], [138.91500000002247, -4.174999999999783], [138.92500000002246, -4.174999999999783], [138.92500000002246, -4.184999999999783], [138.93500000002248, -4.184999999999783], [138.93500000002248, -4.194999999999783], [138.9450000000225, -4.194999999999783], [138.9450000000225, -4.214999999999782], [138.9550000000225, -4.214999999999782], [138.9550000000225, -4.234999999999782], [138.96500000002248, -4.234999999999782], [138.96500000002248, -4.254999999999781], [138.9550000000225, -4.254999999999781], [138.9550000000225, -4.264999999999781], [138.93500000002248, -4.264999999999781], [138.93500000002248, -4.274999999999781], [138.91500000002247, -4.274999999999781], [138.91500000002247, -4.284999999999781], [138.89500000002246, -4.284999999999781], [138.89500000002246, -4.2949999999997805], [138.86500000002246, -4.2949999999997805], [138.86500000002246, -4.30499999999978], [138.83500000002243, -4.30499999999978], [138.83500000002243, -4.31499999999978], [138.7950000000224, -4.31499999999978], [138.7950000000224, -4.32499999999978], [138.71500000002237, -4.32499999999978], [138.71500000002237, -4.31499999999978], [138.67500000002235, -4.31499999999978], [138.67500000002235, -4.30499999999978], [138.64500000002232, -4.30499999999978], [138.64500000002232, -4.2949999999997805], [138.61500000002232, -4.2949999999997805], [138.61500000002232, -4.30499999999978], [138.63500000002233, -4.30499999999978], [138.63500000002233, -4.31499999999978], [138.65500000002234, -4.31499999999978], [138.65500000002234, -4.32499999999978], [138.69500000002236, -4.32499999999978], [138.69500000002236, -4.33499999999978], [138.82500000002244, -4.33499999999978], [138.82500000002244, -4.32499999999978], [138.91500000002247, -4.32499999999978], [138.91500000002247, -4.31499999999978], [139.0050000000225, -4.31499999999978], [139.0050000000225, -4.30499999999978], [139.03500000002254, -4.30499999999978], [139.03500000002254, -4.2949999999997805], [139.06500000002256, -4.2949999999997805], [139.06500000002256, -4.284999999999781], [139.08500000002255, -4.284999999999781], [139.08500000002255, -4.264999999999781], [139.06500000002256, -4.264999999999781], [139.06500000002256, -4.254999999999781], [139.04500000002253, -4.254999999999781], [139.04500000002253, -4.224999999999782], [139.05500000002255, -4.224999999999782], [139.05500000002255, -4.214999999999782], [139.06500000002256, -4.214999999999782], [139.06500000002256, -4.194999999999783], [139.07500000002256, -4.194999999999783], [139.07500000002256, -4.174999999999783], [139.08500000002255, -4.174999999999783], [139.08500000002255, -4.164999999999783], [139.09500000002257, -4.164999999999783], [139.09500000002257, -4.1549999999997835], [139.10500000002259, -4.1549999999997835], [139.10500000002259, -4.144999999999784], [139.11500000002258, -4.144999999999784], [139.11500000002258, -4.134999999999784], [139.1350000000226, -4.134999999999784], [139.1350000000226, -4.124999999999784], [139.1450000000226, -4.124999999999784], [139.1450000000226, -4.114999999999784], [139.1650000000226, -4.114999999999784], [139.1650000000226, -4.104999999999785], [139.18500000002263, -4.104999999999785], [139.18500000002263, -4.094999999999785], [139.19500000002262, -4.094999999999785], [139.19500000002262, -4.0649999999997855], [139.2050000000226, -4.0649999999997855], [139.2050000000226, -4.034999999999786], [139.21500000002263, -4.034999999999786], [139.21500000002263, -4.0149999999997865], [139.22500000002265, -4.0149999999997865], [139.22500000002265, -4.004999999999787], [139.23500000002264, -4.004999999999787], [139.23500000002264, -3.994999999999787], [139.24500000002263, -3.994999999999787], [139.24500000002263, -3.984999999999787], [139.25500000002265, -3.984999999999787], [139.25500000002265, -3.994999999999787], [139.26500000002267, -3.994999999999787], [139.26500000002267, -4.0149999999997865], [139.27500000002266, -4.0149999999997865], [139.27500000002266, -4.034999999999786], [139.28500000002265, -4.034999999999786], [139.28500000002265, -4.0649999999997855], [139.29500000002267, -4.0649999999997855], [139.29500000002267, -4.094999999999785], [139.3050000000227, -4.094999999999785], [139.3050000000227, -4.124999999999784], [139.31500000002268, -4.124999999999784], [139.31500000002268, -4.164999999999783], [139.32500000002267, -4.164999999999783], [139.32500000002267, -4.174999999999783], [139.3350000000227, -4.174999999999783], [139.3350000000227, -4.184999999999783], [139.3450000000227, -4.184999999999783], [139.3450000000227, -4.194999999999783], [139.3550000000227, -4.194999999999783], [139.3550000000227, -4.2049999999997825], [139.3750000000227, -4.2049999999997825], [139.3750000000227, -4.214999999999782], [139.38500000002273, -4.214999999999782], [139.38500000002273, -4.224999999999782], [139.4050000000227, -4.224999999999782], [139.4050000000227, -4.234999999999782], [139.41500000002273, -4.234999999999782], [139.41500000002273, -4.244999999999782], [139.42500000002275, -4.244999999999782], [139.42500000002275, -4.254999999999781], [139.41500000002273, -4.254999999999781], [139.41500000002273, -4.264999999999781], [139.4050000000227, -4.264999999999781], [139.4050000000227, -4.284999999999781], [139.42500000002275, -4.284999999999781], [139.42500000002275, -4.2949999999997805], [139.45500000002275, -4.2949999999997805], [139.45500000002275, -4.30499999999978], [139.48500000002275, -4.30499999999978], [139.48500000002275, -4.32499999999978], [139.46500000002277, -4.32499999999978], [139.46500000002277, -4.33499999999978], [139.43500000002274, -4.33499999999978], [139.43500000002274, -4.3449999999997795], [139.3750000000227, -4.3449999999997795], [139.3750000000227, -4.354999999999779], [139.27500000002266, -4.354999999999779], [139.27500000002266, -4.364999999999779], [139.22500000002265, -4.364999999999779], [139.22500000002265, -4.354999999999779], [139.10500000002259, -4.354999999999779], [139.10500000002259, -4.3449999999997795], [139.04500000002253, -4.3449999999997795], [139.04500000002253, -4.33499999999978], [138.9750000000225, -4.33499999999978], [138.9750000000225, -4.3449999999997795], [138.9550000000225, -4.3449999999997795], [138.9550000000225, -4.354999999999779], [138.92500000002246, -4.354999999999779], [138.92500000002246, -4.364999999999779], [138.88500000002244, -4.364999999999779], [138.88500000002244, -4.374999999999779], [138.82500000002244, -4.374999999999779], [138.82500000002244, -4.384999999999779], [138.72500000002236, -4.384999999999779], [138.72500000002236, -4.374999999999779], [138.69500000002236, -4.374999999999779], [138.69500000002236, -4.364999999999779], [138.66500000002236, -4.364999999999779], [138.66500000002236, -4.354999999999779], [138.63500000002233, -4.354999999999779], [138.63500000002233, -4.3449999999997795], [138.5950000000223, -4.3449999999997795], [138.5950000000223, -4.33499999999978], [138.56500000002228, -4.33499999999978], [138.56500000002228, -4.32499999999978], [138.52500000002226, -4.32499999999978], [138.52500000002226, -4.31499999999978], [138.49500000002226, -4.31499999999978], [138.49500000002226, -4.30499999999978], [138.46500000002226, -4.30499999999978], [138.46500000002226, -4.2949999999997805], [138.43500000002223, -4.2949999999997805], [138.43500000002223, -4.284999999999781], [138.41500000002222, -4.284999999999781], [138.41500000002222, -4.274999999999781], [138.38500000002222, -4.274999999999781], [138.38500000002222, -4.264999999999781], [138.36500000002218, -4.264999999999781], [138.36500000002218, -4.254999999999781], [138.3450000000222, -4.254999999999781], [138.3450000000222, -4.244999999999782], [138.33500000002218, -4.244999999999782], [138.33500000002218, -4.234999999999782], [138.31500000002217, -4.234999999999782], [138.31500000002217, -4.224999999999782], [138.30500000002218, -4.224999999999782], [138.30500000002218, -4.214999999999782], [138.29500000002216, -4.214999999999782], [138.29500000002216, -4.2049999999997825], [138.27500000002215, -4.2049999999997825], [138.27500000002215, -4.194999999999783], [138.24500000002212, -4.194999999999783], [138.24500000002212, -4.184999999999783], [138.1950000000221, -4.184999999999783], [138.1950000000221, -4.174999999999783], [138.1450000000221, -4.174999999999783], [138.1450000000221, -4.1549999999997835], [138.2050000000221, -4.1549999999997835], [138.2050000000221, -4.144999999999784], [138.28500000002214, -4.144999999999784], [138.28500000002214, -4.1549999999997835], [138.33500000002218, -4.1549999999997835], [138.33500000002218, -4.164999999999783], [138.3750000000222, -4.164999999999783], [138.3750000000222, -4.174999999999783], [138.41500000002222, -4.174999999999783], [138.41500000002222, -4.184999999999783], [138.44500000002222, -4.184999999999783], [138.44500000002222, -4.174999999999783], [138.43500000002223, -4.174999999999783], [138.43500000002223, -4.1549999999997835], [138.41500000002222, -4.1549999999997835], [138.41500000002222, -4.144999999999784], [138.4050000000222, -4.144999999999784], [138.4050000000222, -4.134999999999784], [138.3750000000222, -4.134999999999784], [138.3750000000222, -4.124999999999784], [138.31500000002217, -4.124999999999784], [138.31500000002217, -4.114999999999784], [138.2050000000221, -4.114999999999784], [138.2050000000221, -4.104999999999785], [138.08500000002203, -4.104999999999785], [138.08500000002203, -4.094999999999785], [137.96500000002197, -4.094999999999785], [137.96500000002197, -4.084999999999785], [137.86500000002195, -4.084999999999785], [137.86500000002195, -4.074999999999785], [137.70500000002187, -4.074999999999785], [137.70500000002187, -4.084999999999785], [137.66500000002185, -4.084999999999785], [137.66500000002185, -4.094999999999785], [137.63500000002182, -4.094999999999785], [137.63500000002182, -4.104999999999785], [137.5950000000218, -4.104999999999785], [137.5950000000218, -4.114999999999784], [137.56500000002177, -4.114999999999784], [137.56500000002177, -4.124999999999784], [137.53500000002177, -4.124999999999784], [137.53500000002177, -4.134999999999784], [137.3950000000217, -4.134999999999784], [137.3950000000217, -4.124999999999784], [137.27500000002163, -4.124999999999784], [137.27500000002163, -4.104999999999785], [137.28500000002163, -4.104999999999785], [137.28500000002163, -4.094999999999785], [137.29500000002164, -4.094999999999785], [137.29500000002164, -4.084999999999785], [137.30500000002166, -4.084999999999785], [137.30500000002166, -4.0649999999997855], [137.31500000002166, -4.0649999999997855], [137.31500000002166, -4.054999999999786], [137.32500000002165, -4.054999999999786], [137.32500000002165, -4.034999999999786], [137.31500000002166, -4.034999999999786], [137.31500000002166, -4.044999999999786], [137.2350000000216, -4.044999999999786], [137.2350000000216, -4.034999999999786], [137.13500000002156, -4.034999999999786], [137.13500000002156, -4.024999999999786], [137.05500000002152, -4.024999999999786], [137.05500000002152, -4.0649999999997855], [137.0450000000215, -4.0649999999997855], [137.0450000000215, -4.084999999999785], [137.0350000000215, -4.084999999999785], [137.0350000000215, -4.074999999999785], [136.76500000002136, -4.074999999999785], [136.76500000002136, -4.0649999999997855], [136.71500000002135, -4.0649999999997855], [136.71500000002135, -4.054999999999786], [136.68500000002132, -4.054999999999786], [136.68500000002132, -4.044999999999786], [136.66500000002134, -4.044999999999786], [136.66500000002134, -4.034999999999786], [136.6350000000213, -4.034999999999786], [136.6350000000213, -4.024999999999786], [136.6150000000213, -4.024999999999786], [136.6150000000213, -4.0149999999997865], [136.5950000000213, -4.0149999999997865], [136.5950000000213, -4.004999999999787], [136.5850000000213, -4.004999999999787], [136.5850000000213, -3.954999999999788], [136.5950000000213, -3.954999999999788], [136.5950000000213, -3.904999999999789], [136.60500000002128, -3.904999999999789], [136.60500000002128, -3.8649999999997897], [136.6150000000213, -3.8649999999997897], [136.6150000000213, -3.84499999999979], [136.68500000002132, -3.84499999999979], [136.68500000002132, -3.85499999999979], [136.7850000000214, -3.85499999999979], [136.7850000000214, -3.8649999999997897], [136.8150000000214, -3.8649999999997897], [136.8150000000214, -3.8749999999997895], [136.8450000000214, -3.8749999999997895], [136.8450000000214, -3.8849999999997893], [136.86500000002144, -3.8849999999997893], [136.86500000002144, -3.894999999999789], [136.88500000002142, -3.894999999999789], [136.88500000002142, -3.904999999999789], [136.90500000002146, -3.904999999999789], [136.90500000002146, -3.9149999999997886], [136.91500000002145, -3.9149999999997886], [136.91500000002145, -3.9249999999997884], [137.15500000002157, -3.9249999999997884], [137.15500000002157, -3.904999999999789], [137.14500000002158, -3.904999999999789], [137.14500000002158, -3.8749999999997895], [137.13500000002156, -3.8749999999997895], [137.13500000002156, -3.8349999999997904], [137.12500000002154, -3.8349999999997904], [137.12500000002154, -3.754999999999792], [137.14500000002158, -3.754999999999792], [137.14500000002158, -3.764999999999792], [137.1850000000216, -3.764999999999792], [137.1850000000216, -3.7749999999997916], [137.2350000000216, -3.7749999999997916], [137.2350000000216, -3.7849999999997914], [137.26500000002164, -3.7849999999997914], [137.26500000002164, -3.794999999999791], [137.29500000002164, -3.794999999999791], [137.29500000002164, -3.804999999999791], [137.32500000002165, -3.804999999999791], [137.32500000002165, -3.814999999999791], [137.35500000002168, -3.814999999999791], [137.35500000002168, -3.8249999999997906], [137.3850000000217, -3.8249999999997906], [137.3850000000217, -3.8349999999997904], [137.4150000000217, -3.8349999999997904], [137.4150000000217, -3.84499999999979], [137.45500000002173, -3.84499999999979], [137.45500000002173, -3.85499999999979], [137.49500000002175, -3.85499999999979], [137.49500000002175, -3.8649999999997897], [137.47500000002174, -3.8649999999997897], [137.47500000002174, -3.8749999999997895], [137.46500000002175, -3.8749999999997895], [137.46500000002175, -3.8849999999997893], [137.4450000000217, -3.8849999999997893], [137.4450000000217, -3.894999999999789], [137.42500000002173, -3.894999999999789], [137.42500000002173, -3.904999999999789], [137.4150000000217, -3.904999999999789], [137.4150000000217, -3.9149999999997886], [137.3850000000217, -3.9149999999997886], [137.3850000000217, -3.9249999999997884], [137.36500000002167, -3.9249999999997884], [137.36500000002167, -3.9349999999997882], [137.33500000002167, -3.9349999999997882], [137.33500000002167, -3.944999999999788], [137.37500000002169, -3.944999999999788], [137.37500000002169, -3.954999999999788], [137.43500000002172, -3.954999999999788], [137.43500000002172, -3.9649999999997876], [137.49500000002175, -3.9649999999997876], [137.49500000002175, -3.9749999999997874], [137.5450000000218, -3.9749999999997874], [137.5450000000218, -3.984999999999787], [137.5850000000218, -3.984999999999787], [137.5850000000218, -3.994999999999787], [137.6050000000218, -3.994999999999787], [137.6050000000218, -4.004999999999787], [137.5850000000218, -4.004999999999787], [137.5850000000218, -4.0149999999997865], [137.76500000002187, -4.0149999999997865], [137.76500000002187, -4.004999999999787], [137.7750000000219, -4.004999999999787], [137.7750000000219, -4.0149999999997865], [137.7950000000219, -4.0149999999997865], [137.7950000000219, -4.024999999999786], [137.8050000000219, -4.024999999999786], [137.8050000000219, -4.034999999999786], [137.82500000002193, -4.034999999999786], [137.82500000002193, -4.044999999999786], [137.8450000000219, -4.044999999999786], [137.8450000000219, -4.054999999999786], [137.87500000002194, -4.054999999999786], [137.87500000002194, -4.0649999999997855], [137.90500000002197, -4.0649999999997855], [137.90500000002197, -4.074999999999785], [137.945000000022, -4.074999999999785], [137.945000000022, -4.0649999999997855], [137.995000000022, -4.0649999999997855], [137.995000000022, -4.054999999999786], [138.05500000002203, -4.054999999999786], [138.05500000002203, -4.044999999999786], [138.06500000002205, -4.044999999999786], [138.06500000002205, -4.034999999999786], [138.07500000002204, -4.034999999999786], [138.07500000002204, -4.024999999999786], [138.08500000002203, -4.024999999999786], [138.08500000002203, -4.0149999999997865], [138.09500000002205, -4.0149999999997865], [138.09500000002205, -4.004999999999787], [138.10500000002207, -4.004999999999787], [138.10500000002207, -3.9749999999997874], [138.09500000002205, -3.9749999999997874], [138.09500000002205, -3.944999999999788], [138.08500000002203, -3.944999999999788], [138.08500000002203, -3.9249999999997884], [138.07500000002204, -3.9249999999997884], [138.07500000002204, -3.894999999999789], [138.06500000002205, -3.894999999999789], [138.06500000002205, -3.8749999999997895], [138.05500000002203, -3.8749999999997895], [138.05500000002203, -3.85499999999979], [138.04500000002201, -3.85499999999979], [138.04500000002201, -3.8249999999997906], [138.03500000002202, -3.8249999999997906], [138.03500000002202, -3.804999999999791], [138.02500000002203, -3.804999999999791], [138.02500000002203, -3.7849999999997914], [138.03500000002202, -3.7849999999997914], [138.03500000002202, -3.7749999999997916], [138.06500000002205, -3.7749999999997916], [138.06500000002205, -3.764999999999792], [138.11500000002206, -3.764999999999792], [138.11500000002206, -3.754999999999792], [138.13500000002207, -3.754999999999792], [138.13500000002207, -3.7449999999997923], [138.07500000002204, -3.7449999999997923], [138.07500000002204, -3.7349999999997925], [138.08500000002203, -3.7349999999997925], [138.08500000002203, -3.7249999999997927], [138.10500000002207, -3.7249999999997927], [138.10500000002207, -3.714999999999793], [138.11500000002206, -3.714999999999793], [138.11500000002206, -3.704999999999793], [138.13500000002207, -3.704999999999793], [138.13500000002207, -3.6949999999997933], [138.1450000000221, -3.6949999999997933], [138.1450000000221, -3.6849999999997936], [138.16500000002208, -3.6849999999997936], [138.16500000002208, -3.6749999999997938], [138.18500000002211, -3.6749999999997938], [138.18500000002211, -3.664999999999794], [138.1950000000221, -3.664999999999794], [138.1950000000221, -3.654999999999794], [138.21500000002212, -3.654999999999794], [138.21500000002212, -3.6449999999997944], [138.23500000002213, -3.6449999999997944], [138.23500000002213, -3.6349999999997946], [138.27500000002215, -3.6349999999997946], [138.27500000002215, -3.6449999999997944], [138.29500000002216, -3.6449999999997944]], [[137.2150000000216, -3.9149999999997886], [137.1950000000216, -3.9149999999997886], [137.1950000000216, -3.9249999999997884], [137.27500000002163, -3.9249999999997884], [137.27500000002163, -3.9349999999997882], [137.30500000002166, -3.9349999999997882], [137.30500000002166, -3.9249999999997884], [137.29500000002164, -3.9249999999997884], [137.29500000002164, -3.9149999999997886], [137.28500000002163, -3.9149999999997886], [137.28500000002163, -3.904999999999789], [137.26500000002164, -3.904999999999789], [137.26500000002164, -3.894999999999789], [137.22500000002162, -3.894999999999789], [137.22500000002162, -3.904999999999789], [137.2150000000216, -3.904999999999789], [137.2150000000216, -3.9149999999997886]], [[137.25500000002162, -3.994999999999787], [137.2450000000216, -3.994999999999787], [137.2450000000216, -4.004999999999787], [137.25500000002162, -4.004999999999787], [137.25500000002162, -3.994999999999787]], [[138.6050000000223, -4.284999999999781], [138.5950000000223, -4.284999999999781], [138.5950000000223, -4.2949999999997805], [138.6050000000223, -4.2949999999997805], [138.6050000000223, -4.284999999999781]]], [[[97.29500000000118, 3.8250000000000464], [97.29500000000118, 3.8150000000000466], [97.3250000000012, 3.8150000000000466], [97.3250000000012, 3.805000000000047], [97.35500000000121, 3.805000000000047], [97.35500000000121, 3.795000000000047], [97.37500000000122, 3.795000000000047], [97.37500000000122, 3.785000000000047], [97.39500000000123, 3.785000000000047], [97.39500000000123, 3.7750000000000474], [97.41500000000124, 3.7750000000000474], [97.41500000000124, 3.7650000000000476], [97.43500000000125, 3.7650000000000476], [97.43500000000125, 3.755000000000048], [97.44500000000126, 3.755000000000048], [97.44500000000126, 3.7350000000000483], [97.43500000000125, 3.7350000000000483], [97.43500000000125, 3.7250000000000485], [97.42500000000125, 3.7250000000000485], [97.42500000000125, 3.7150000000000487], [97.41500000000124, 3.7150000000000487], [97.41500000000124, 3.705000000000049], [97.39500000000123, 3.705000000000049], [97.39500000000123, 3.695000000000049], [97.36500000000122, 3.695000000000049], [97.36500000000122, 3.6850000000000493], [97.3350000000012, 3.6850000000000493], [97.3350000000012, 3.6750000000000496], [97.27500000000117, 3.6750000000000496], [97.27500000000117, 3.6650000000000498], [97.25500000000116, 3.6650000000000498], [97.25500000000116, 3.6750000000000496], [97.24500000000116, 3.6750000000000496], [97.24500000000116, 3.6850000000000493], [97.23500000000115, 3.6850000000000493], [97.23500000000115, 3.705000000000049], [97.22500000000115, 3.705000000000049], [97.22500000000115, 3.7150000000000487], [97.21500000000114, 3.7150000000000487], [97.21500000000114, 3.7350000000000483], [97.20500000000114, 3.7350000000000483], [97.20500000000114, 3.7650000000000476], [97.21500000000114, 3.7650000000000476], [97.21500000000114, 3.785000000000047], [97.22500000000115, 3.785000000000047], [97.22500000000115, 3.805000000000047], [97.23500000000115, 3.805000000000047], [97.23500000000115, 3.8250000000000464], [97.24500000000116, 3.8250000000000464], [97.24500000000116, 3.835000000000046], [97.26500000000117, 3.835000000000046], [97.26500000000117, 3.8250000000000464], [97.29500000000118, 3.8250000000000464]]]]}}]}