{"type": "FeatureCollection", "features": [{"type": "Feature", "properties": {"date": "2026-10-12", "category_id": 0, "level": "normal", "kategori": "Aman untuk Snorkling", "color": "#00FF00"}, "geometry": {"type": "MultiPolygon", "coordinates": [[[[105.70976257324219, -10.54220199584961], [105.54307556152344, -10.54220199584961], [105.54307556152344, -10.458866119384766], [105.70976257324219, -10.458866119384766], [105.70976257324219, -10.54220199584961]]], [[[113.37736511230469, -8.54214096069336], [113.29402160644531, -8.54214096069336], [113.29402160644531, -8.458805084228516], [113.37736511230469, -8.458805084228516], [113.37736511230469, -8.54214096069336]]], [[[113.79408264160156, -5.625385284423828], [113.71073913574219, -5.625385284423828], [113.71073913574219, -5.542049407958984], [113.79408264160156, -5.542049407958984], [113.79408264160156, -5.625385284423828]]], [[[114.46083068847656, -5.625385284423828], [114.37748718261719, -5.625385284423828], [114.37748718261719, -5.542049407958984], [114.46083068847656, -5.542049407958984], [114.46083068847656, -5.625385284423828]]], [[[102.12599182128906, -5.125370025634766], [102.37602233886719, -5.125370025634766], [102.37602233886719, -5.542049407958984], [102.29267883300781, -5.542049407958984], [102.29267883300781, -5.458713531494141], [102.12599182128906, -5.458713531494141], [102.12599182128906, -5.125370025634766]]], [[[118.21128845214844, -5.208705902099609], [118.12794494628906, -5.208705902099609], [118.12794494628906, -5.125370025634766], [118.21128845214844, -5.125370025634766], [118.21128845214844, -5.208705902099609]]], [[[117.12782287597656, -5.125370025634766], [116.87779235839844, -5.125370025634766], [116.87779235839844, -4.875362396240234], [117.12782287597656, -4.875362396240234], [117.12782287597656, -5.125370025634766]]], [[[109.37687683105469, -4.375347137451172], [109.12684631347656, -4.375347137451172], [109.12684631347656, -4.125339508056641], [109.37687683105469, -4.125339508056641], [109.37687683105469, -4.375347137451172]]], [[[113.46070861816406, -4.292011260986328], [113.37736511230469, -4.292011260986328], [113.37736511230469, -4.208675384521484], [113.46070861816406, -4.208675384521484], [113.46070861816406, -4.292011260986328]]], [[[113.29402160644531, -4.042003631591797], [113.21067810058594, -4.042003631591797], [113.21067810058594, -3.958667755126953], [113.29402160644531, -3.958667755126953], [113.29402160644531, -4.042003631591797]]], [[[109.21018981933594, -3.958667755126953], [109.12684631347656, -3.958667755126953], [109.12684631347656, -3.708660125732422], [109.21018981933594, -3.708660125732422], [109.21018981933594, -3.958667755126953]]], [[[109.21018981933594, -3.5419883728027344], [109.12684631347656, -3.5419883728027344], [109.12684631347656, -3.2086448669433594], [109.21018981933594, -3.2086448669433594], [109.21018981933594, -3.5419883728027344]]], [[[111.54380798339844, -3.375316619873047], [111.37712097167969, -3.375316619873047], [111.37712097167969, -3.291980743408203], [111.54380798339844, -3.291980743408203], [111.54380798339844, -3.375316619873047]]], [[[109.04350280761719, -3.291980743408203], [108.96015930175781, -3.291980743408203], [108.96015930175781, -3.2086448669433594], [109.04350280761719, -3.2086448669433594], [109.04350280761719, -3.291980743408203]]], [[[100.45912170410156, -3.375316619873047], [100.37577819824219, -3.375316619873047], [100.37577819824219, -3.2086448669433594], [100.29243469238281, -3.2086448669433594], [100.29243469238281, -3.1253089904785156], [100.12574768066406, -3.1253089904785156], [100.12574768066406, -2.8753013610839844], [100.04240417480469, -2.8753013610839844], [100.04240417480469, -2.7919654846191406], [99.95906066894531, -2.7919654846191406], [99.95906066894531, -2.625293731689453], [99.87571716308594, -2.625293731689453], [99.87571716308594, -2.375286102294922], [100.62580871582031, -2.375286102294922], [100.62580871582031, -3.1253089904785156], [100.54246520996094, -3.1253089904785156], [100.54246520996094, -3.2086448669433594], [100.45912170410156, -3.2086448669433594], [100.45912170410156, -3.375316619873047]]], [[[109.62690734863281, -2.8753013610839844], [109.62690734863281, -2.625293731689453], [109.79359436035156, -2.625293731689453], [109.79359436035156, -2.708629608154297], [109.71025085449219, -2.708629608154297], [109.71025085449219, -2.7919654846191406], [109.79359436035156, -2.7919654846191406], [109.79359436035156, -2.8753013610839844], [109.62690734863281, -2.8753013610839844]]], [[[99.95906066894531, -0.7085685729980469], [99.95906066894531, -0.6252326965332031], [100.04240417480469, -0.6252326965332031], [100.04240417480469, -0.7085685729980469], [99.95906066894531, -0.7085685729980469]]], [[[99.95906066894531, -0.6252326965332031], [99.87571716308594, -0.6252326965332031], [99.87571716308594, -0.5418968200683594], [99.95906066894531, -0.5418968200683594], [99.95906066894531, -0.6252326965332031]]], [[[99.79237365722656, -0.4585609436035156], [99.87571716308594, -0.4585609436035156], [99.87571716308594, -0.5418968200683594], [99.79237365722656, -0.5418968200683594], [99.79237365722656, -0.4585609436035156]]], [[[97.87547302246094, 0.12479019165039062], [97.62544250488281, 0.12479019165039062], [97.62544250488281, 0.3747978210449219], [97.87547302246094, 0.3747978210449219], [97.87547302246094, 0.12479019165039062]]], [[[102.54270935058594, 1.7081718444824219], [102.45936584472656, 1.7081718444824219], [102.45936584472656, 1.7915077209472656], [102.54270935058594, 1.7915077209472656], [102.54270935058594, 1.7081718444824219]]], [[[96.70866394042969, 2.041515350341797], [96.62532043457031, 2.041515350341797], [96.62532043457031, 2.1248512268066406], [96.70866394042969, 2.1248512268066406], [96.70866394042969, 2.041515350341797]]], [[[97.12538146972656, 2.041515350341797], [97.04203796386719, 2.041515350341797], [97.04203796386719, 2.1248512268066406], [97.12538146972656, 2.1248512268066406], [97.12538146972656, 2.041515350341797]]], [[[120.12818908691406, -11.375560760498047], [120.37821960449219, -11.375560760498047], [120.37821960449219, -11.625568389892578], [120.29487609863281, -11.625568389892578], [120.29487609863281, -11.45889663696289], [120.12818908691406, -11.45889663696289], [120.12818908691406, -11.375560760498047]]], [[[120.37821960449219, -10.958881378173828], [120.46156311035156, -10.958881378173828], [120.46156311035156, -11.042217254638672], [120.62825012207031, -11.042217254638672], [120.62825012207031, -11.125553131103516], [120.37821960449219, -11.125553131103516], [120.37821960449219, -10.958881378173828]]], [[[122.21177673339844, -11.292224884033203], [121.96174621582031, -11.292224884033203], [121.96174621582031, -11.20888900756836], [121.62837219238281, -11.20888900756836], [121.62837219238281, -11.292224884033203], [121.37834167480469, -11.292224884033203], [121.37834167480469, -11.375560760498047], [121.12831115722656, -11.375560760498047], [121.12831115722656, -11.125553131103516], [121.37834167480469, -11.125553131103516], [121.37834167480469, -11.042217254638672], [121.62837219238281, -11.042217254638672], [121.62837219238281, -10.958881378173828], [121.71171569824219, -10.958881378173828], [121.71171569824219, -10.875545501708984], [121.62837219238281, -10.875545501708984], [121.62837219238281, -10.79220962524414], [121.46168518066406, -10.79220962524414], [121.46168518066406, -10.708873748779297], [121.71171569824219, -10.708873748779297], [121.71171569824219, -10.79220962524414], [121.87840270996094, -10.79220962524414], [121.87840270996094, -11.125553131103516], [122.12843322753906, -11.125553131103516], [122.12843322753906, -10.79220962524414], [122.21177673339844, -10.79220962524414], [122.21177673339844, -10.708873748779297], [122.29512023925781, -10.708873748779297], [122.29512023925781, -10.625537872314453], [122.37846374511719, -10.625537872314453], [122.37846374511719, -11.125553131103516], [122.46180725097656, -11.125553131103516], [122.46180725097656, -11.20888900756836], [122.21177673339844, -11.20888900756836], [122.21177673339844, -11.292224884033203]]], [[[121.37834167480469, -10.708873748779297], [121.29499816894531, -10.708873748779297], [121.29499816894531, -10.625537872314453], [121.37834167480469, -10.625537872314453], [121.37834167480469, -10.708873748779297]]], [[[122.04508972167969, -10.375530242919922], [122.12843322753906, -10.375530242919922], [122.12843322753906, -10.625537872314453], [121.54502868652344, -10.625537872314453], [121.54502868652344, -10.54220199584961], [121.62837219238281, -10.54220199584961], [121.62837219238281, -10.375530242919922], [121.37834167480469, -10.375530242919922], [121.37834167480469, -10.292194366455078], [121.79505920410156, -10.292194366455078], [121.79505920410156, -10.375530242919922], [121.96174621582031, -10.375530242919922], [121.96174621582031, -10.458866119384766], [122.04508972167969, -10.458866119384766], [122.04508972167969, -10.375530242919922]]], [[[119.37809753417969, -10.375530242919922], [119.12806701660156, -10.375530242919922], [119.12806701660156, -10.12552261352539], [119.37809753417969, -10.12552261352539], [119.37809753417969, -10.375530242919922]]], [[[122.12843322753906, -10.292194366455078], [121.87840270996094, -10.292194366455078], [121.87840270996094, -10.12552261352539], [122.12843322753906, -10.12552261352539], [122.12843322753906, -10.292194366455078]]], [[[132.3796844482422, -9.375499725341797], [132.6297149658203, -9.375499725341797], [132.6297149658203, -9.625507354736328], [132.87974548339844, -9.625507354736328], [132.87974548339844, -9.87551498413086], [132.3796844482422, -9.87551498413086], [132.3796844482422, -9.375499725341797]]], [[[132.79640197753906, -9.20882797241211], [132.87974548339844, -9.20882797241211], [132.87974548339844, -9.375499725341797], [132.7130584716797, -9.375499725341797], [132.7130584716797, -9.292163848876953], [132.79640197753906, -9.292163848876953], [132.79640197753906, -9.20882797241211]]], [[[123.79530334472656, -8.958820343017578], [123.79530334472656, -8.875484466552734], [123.87864685058594, -8.875484466552734], [123.87864685058594, -8.958820343017578], [123.79530334472656, -8.958820343017578]]], [[[123.96199035644531, -8.958820343017578], [123.96199035644531, -8.875484466552734], [124.04533386230469, -8.875484466552734], [124.04533386230469, -8.958820343017578], [123.96199035644531, -8.958820343017578]]], [[[133.0464324951172, -7.792118072509766], [132.9630889892578, -7.792118072509766], [132.9630889892578, -7.708782196044922], [133.0464324951172, -7.708782196044922], [133.0464324951172, -7.792118072509766]]], [[[129.0459442138672, -5.792057037353516], [128.9626007080078, -5.792057037353516], [128.9626007080078, -5.625385284423828], [129.0459442138672, -5.625385284423828], [129.0459442138672, -5.792057037353516]]], [[[118.37797546386719, -5.458713531494141], [118.46131896972656, -5.458713531494141], [118.46131896972656, -5.625385284423828], [118.29463195800781, -5.625385284423828], [118.29463195800781, -5.542049407958984], [118.37797546386719, -5.542049407958984], [118.37797546386719, -5.458713531494141]]], [[[143.0476531982422, -12.042247772216797], [93.95832824707031, -12.042247772216797], [93.95832824707031, 7.041667938232422], [143.0476531982422, 7.041667938232422], [143.0476531982422, -12.042247772216797]], [[119.29475402832031, -11.87557601928711], [119.29475402832031, -11.958911895751953], [122.54515075683594, -11.958911895751953], [122.54515075683594, -11.87557601928711], [122.87852478027344, -11.87557601928711], [122.87852478027344, -11.792240142822266], [123.04521179199219, -11.792240142822266], [123.04521179199219, -11.708904266357422], [123.12855529785156, -11.708904266357422], [123.12855529785156, -11.625568389892578], [123.62861633300781, -11.625568389892578], [123.62861633300781, -11.45889663696289], [123.79530334472656, -11.45889663696289], [123.79530334472656, -11.375560760498047], [123.96199035644531, -11.375560760498047], [123.96199035644531, -11.292224884033203], [124.12867736816406, -11.292224884033203], [124.12867736816406, -11.20888900756836], [124.29536437988281, -11.20888900756836], [124.29536437988281, -11.125553131103516], [124.12867736816406, -11.125553131103516], [124.12867736816406, -10.958881378173828], [124.21202087402344, -10.958881378173828], [124.21202087402344, -10.875545501708984], [124.62873840332031, -10.875545501708984], [124.62873840332031, -10.625537872314453], [124.71208190917969, -10.625537872314453], [124.71208190917969, -10.54220199584961], [124.87876892089844, -10.54220199584961], [124.87876892089844, -10.458866119384766], [124.96211242675781, -10.458866119384766], [124.96211242675781, -10.375530242919922], [125.04545593261719, -10.375530242919922], [125.04545593261719, -10.292194366455078], [125.12879943847656, -10.292194366455078], [125.12879943847656, -10.208858489990234], [125.21214294433594, -10.208858489990234], [125.21214294433594, -10.12552261352539], [125.29548645019531, -10.12552261352539], [125.29548645019531, -10.042186737060547], [125.37882995605469, -10.042186737060547], [125.37882995605469, -9.792179107666016], [125.46217346191406, -9.792179107666016], [125.46217346191406, -9.708843231201172], [125.54551696777344, -9.708843231201172], [125.54551696777344, -9.625507354736328], [125.62886047363281, -9.625507354736328], [125.62886047363281, -9.542171478271484], [125.79554748535156, -9.542171478271484], [125.79554748535156, -9.45883560180664], [126.21226501464844, -9.45883560180664], [126.21226501464844, -9.375499725341797], [126.46229553222656, -9.375499725341797], [126.46229553222656, -9.292163848876953], [126.79566955566406, -9.292163848876953], [126.79566955566406, -9.375499725341797], [127.12904357910156, -9.375499725341797], [127.12904357910156, -9.292163848876953], [127.29573059082031, -9.292163848876953], [127.29573059082031, -9.20882797241211], [127.37907409667969, -9.20882797241211], [127.37907409667969, -9.125492095947266], [127.46241760253906, -9.125492095947266], [127.46241760253906, -9.042156219482422], [127.54576110839844, -9.042156219482422], [127.54576110839844, -8.79214859008789], [127.62910461425781, -8.79214859008789], [127.62910461425781, -8.625476837158203], [127.46241760253906, -8.625476837158203], [127.46241760253906, -8.79214859008789], [127.37907409667969, -8.79214859008789], [127.37907409667969, -8.875484466552734], [127.29573059082031, -8.875484466552734], [127.29573059082031, -8.958820343017578], [127.12904357910156, -8.958820343017578], [127.12904357910156, -9.042156219482422], [126.62898254394531, -9.042156219482422], [126.62898254394531, -9.125492095947266], [126.21226501464844, -9.125492095947266], [126.21226501464844, -9.20882797241211], [126.12892150878906, -9.20882797241211], [126.12892150878906, -9.375499725341797], [125.54551696777344, -9.375499725341797], [125.54551696777344, -9.45883560180664], [125.37882995605469, -9.45883560180664], [125.37882995605469, -9.625507354736328], [125.12879943847656, -9.625507354736328], [125.12879943847656, -9.87551498413086], [124.71208190917969, -9.87551498413086], [124.71208190917969, -9.958850860595703], [124.62873840332031, -9.958850860595703], [124.62873840332031, -10.12552261352539], [124.46205139160156, -10.12552261352539], [124.46205139160156, -10.208858489990234], [124.12867736816406, -10.208858489990234], [124.12867736816406, -10.375530242919922], [123.87864685058594, -10.375530242919922], [123.87864685058594, -10.54220199584961], [123.62861633300781, -10.54220199584961], [123.62861633300781, -10.708873748779297], [123.46192932128906, -10.708873748779297], [123.46192932128906, -10.79220962524414], [123.37858581542969, -10.79220962524414], [123.37858581542969, -10.875545501708984], [122.96186828613281, -10.875545501708984], [122.96186828613281, -10.958881378173828], [122.79518127441406, -10.958881378173828], [122.79518127441406, -11.042217254638672], [122.71183776855469, -11.042217254638672], [122.71183776855469, -11.125553131103516], [122.62849426269531, -11.125553131103516], [122.62849426269531, -10.875545501708984], [122.79518127441406, -10.875545501708984], [122.79518127441406, -10.79220962524414], [122.62849426269531, -10.79220962524414], [122.62849426269531, -10.458866119384766], [122.87852478027344, -10.458866119384766], [122.87852478027344, -10.54220199584961], [122.96186828613281, -10.54220199584961], [122.96186828613281, -10.458866119384766], [123.04521179199219, -10.458866119384766], [123.04521179199219, -10.625537872314453], [123.12855529785156, -10.625537872314453], [123.12855529785156, -10.375530242919922], [122.62849426269531, -10.375530242919922], [122.62849426269531, -10.292194366455078], [123.04521179199219, -10.292194366455078], [123.04521179199219, -10.208858489990234], [123.12855529785156, -10.208858489990234], [123.12855529785156, -10.042186737060547], [123.21189880371094, -10.042186737060547], [123.21189880371094, -9.87551498413086], [123.29524230957031, -9.87551498413086], [123.29524230957031, -9.792179107666016], [123.46192932128906, -9.792179107666016], [123.46192932128906, -9.708843231201172], [123.62861633300781, -9.708843231201172], [123.62861633300781, -9.542171478271484], [123.71195983886719, -9.542171478271484], [123.71195983886719, -9.45883560180664], [123.79530334472656, -9.45883560180664], [123.79530334472656, -9.375499725341797], [123.87864685058594, -9.375499725341797], [123.87864685058594, -9.292163848876953], [124.12867736816406, -9.292163848876953], [124.12867736816406, -9.125492095947266], [124.46205139160156, -9.125492095947266], [124.46205139160156, -9.042156219482422], [124.62873840332031, -9.042156219482422], [124.62873840332031, -8.875484466552734], [124.96211242675781, -8.875484466552734], [124.96211242675781, -8.79214859008789], [125.04545593261719, -8.79214859008789], [125.04545593261719, -8.875484466552734], [125.12879943847656, -8.875484466552734], [125.12879943847656, -8.625476837158203], [125.29548645019531, -8.625476837158203], [125.29548645019531, -8.458805084228516], [125.37882995605469, -8.458805084228516], [125.37882995605469, -8.375469207763672], [125.29548645019531, -8.375469207763672], [125.29548645019531, -8.12546157836914], [125.21214294433594, -8.12546157836914], [125.21214294433594, -8.042125701904297], [125.04545593261719, -8.042125701904297], [125.04545593261719, -8.12546157836914], [125.12879943847656, -8.12546157836914], [125.12879943847656, -8.208797454833984], [125.21214294433594, -8.208797454833984], [125.21214294433594, -8.458805084228516], [125.12879943847656, -8.458805084228516], [125.12879943847656, -8.375469207763672], [125.04545593261719, -8.375469207763672], [125.04545593261719, -8.54214096069336], [124.87876892089844, -8.54214096069336], [124.87876892089844, -8.625476837158203], [124.79542541503906, -8.625476837158203], [124.79542541503906, -8.708812713623047], [124.71208190917969, -8.708812713623047], [124.71208190917969, -8.79214859008789], [124.54539489746094, -8.79214859008789], [124.54539489746094, -8.875484466552734], [124.37870788574219, -8.875484466552734], [124.37870788574219, -8.625476837158203], [124.21202087402344, -8.625476837158203], [124.21202087402344, -8.875484466552734], [124.04533386230469, -8.875484466552734], [124.04533386230469, -8.79214859008789], [124.12867736816406, -8.79214859008789], [124.12867736816406, -8.54214096069336], [123.96199035644531, -8.54214096069336], [123.96199035644531, -8.708812713623047], [123.87864685058594, -8.708812713623047], [123.87864685058594, -8.625476837158203], [123.79530334472656, -8.625476837158203], [123.79530334472656, -8.54214096069336], [123.87864685058594, -8.54214096069336], [123.87864685058594, -8.458805084228516], [123.79530334472656, -8.458805084228516], [123.79530334472656, -8.375469207763672], [123.71195983886719, -8.375469207763672], [123.71195983886719, -8.458805084228516], [123.62861633300781, -8.458805084228516], [123.62861633300781, -8.625476837158203], [123.54527282714844, -8.625476837158203], [123.54527282714844, -8.708812713623047], [123.62861633300781, -8.708812713623047], [123.62861633300781, -8.79214859008789], [123.54527282714844, -8.79214859008789], [123.54527282714844, -8.958820343017578], [123.29524230957031, -8.958820343017578], [123.29524230957031, -9.042156219482422], [123.12855529785156, -9.042156219482422], [123.12855529785156, -9.125492095947266], [122.96186828613281, -9.125492095947266], [122.96186828613281, -9.20882797241211], [122.87852478027344, -9.20882797241211], [122.87852478027344, -9.292163848876953], [122.71183776855469, -9.292163848876953], [122.71183776855469, -9.375499725341797], [122.62849426269531, -9.375499725341797], [122.62849426269531, -9.542171478271484], [122.54515075683594, -9.542171478271484], [122.54515075683594, -9.625507354736328], [122.37846374511719, -9.625507354736328], [122.37846374511719, -9.375499725341797], [122.12843322753906, -9.375499725341797], [122.12843322753906, -9.45883560180664], [121.54502868652344, -9.45883560180664], [121.54502868652344, -9.542171478271484], [121.21165466308594, -9.542171478271484], [121.21165466308594, -9.625507354736328], [121.12831115722656, -9.625507354736328], [121.12831115722656, -9.708843231201172], [121.04496765136719, -9.708843231201172], [121.04496765136719, -9.792179107666016], [120.96162414550781, -9.792179107666016], [120.96162414550781, -9.87551498413086], [120.87828063964844, -9.87551498413086], [120.87828063964844, -10.12552261352539], [120.79493713378906, -10.12552261352539], [120.79493713378906, -10.208858489990234], [120.62825012207031, -10.208858489990234], [120.62825012207031, -10.375530242919922], [120.12818908691406, -10.375530242919922], [120.12818908691406, -10.12552261352539], [119.87815856933594, -10.12552261352539], [119.87815856933594, -9.958850860595703], [119.79481506347656, -9.958850860595703], [119.79481506347656, -9.87551498413086], [119.12806701660156, -9.87551498413086], [119.12806701660156, -9.708843231201172], [119.04472351074219, -9.708843231201172], [119.04472351074219, -9.625507354736328], [118.87803649902344, -9.625507354736328], [118.87803649902344, -9.375499725341797], [119.37809753417969, -9.375499725341797], [119.37809753417969, -9.20882797241211], [119.62812805175781, -9.20882797241211], [119.62812805175781, -9.292163848876953], [119.71147155761719, -9.292163848876953], [119.71147155761719, -9.375499725341797], [119.87815856933594, -9.375499725341797], [119.87815856933594, -9.292163848876953], [120.04484558105469, -9.292163848876953], [120.04484558105469, -9.20882797241211], [119.96150207519531, -9.20882797241211], [119.96150207519531, -9.125492095947266], [119.87815856933594, -9.125492095947266], [119.87815856933594, -8.875484466552734], [119.46144104003906, -8.875484466552734], [119.46144104003906, -8.958820343017578], [119.37809753417969, -8.958820343017578], [119.37809753417969, -8.708812713623047], [119.29475402832031, -8.708812713623047], [119.29475402832031, -8.625476837158203], [119.21141052246094, -8.625476837158203], [119.21141052246094, -8.79214859008789], [118.96138000488281, -8.79214859008789], [118.96138000488281, -8.875484466552734], [117.96125793457031, -8.875484466552734], [117.96125793457031, -8.958820343017578], [117.62788391113281, -8.958820343017578], [117.62788391113281, -9.125492095947266], [116.62776184082031, -9.125492095947266], [116.62776184082031, -8.875484466552734], [116.54441833496094, -8.875484466552734], [116.54441833496094, -8.958820343017578], [116.46107482910156, -8.958820343017578], [116.46107482910156, -8.875484466552734], [116.37773132324219, -8.875484466552734], [116.37773132324219, -8.958820343017578], [115.96101379394531, -8.958820343017578], [115.96101379394531, -8.875484466552734], [115.79432678222656, -8.875484466552734], [115.79432678222656, -8.79214859008789], [115.87767028808594, -8.79214859008789], [115.87767028808594, -8.625476837158203], [116.04435729980469, -8.625476837158203], [116.04435729980469, -8.375469207763672], [116.12770080566406, -8.375469207763672], [116.12770080566406, -8.208797454833984], [115.96101379394531, -8.208797454833984], [115.96101379394531, -8.292133331298828], [115.87767028808594, -8.292133331298828], [115.87767028808594, -8.208797454833984], [115.79432678222656, -8.208797454833984], [115.79432678222656, -8.12546157836914], [115.71098327636719, -8.12546157836914], [115.71098327636719, -8.042125701904297], [115.62763977050781, -8.042125701904297], [115.62763977050781, -8.375469207763672], [115.71098327636719, -8.375469207763672], [115.71098327636719, -8.458805084228516], [115.62763977050781, -8.458805084228516], [115.62763977050781, -8.875484466552734], [115.12757873535156, -8.875484466552734], [115.12757873535156, -8.708812713623047], [115.04423522949219, -8.708812713623047], [115.04423522949219, -8.54214096069336], [114.87754821777344, -8.54214096069336], [114.87754821777344, -8.458805084228516], [114.54417419433594, -8.458805084228516], [114.54417419433594, -8.375469207763672], [114.46083068847656, -8.375469207763672], [114.46083068847656, -8.458805084228516], [114.37748718261719, -8.458805084228516], [114.37748718261719, -8.54214096069336], [114.46083068847656, -8.54214096069336], [114.46083068847656, -8.625476837158203], [114.54417419433594, -8.625476837158203], [114.54417419433594, -8.54214096069336], [114.62751770019531, -8.54214096069336], [114.62751770019531, -8.875484466552734], [114.37748718261719, -8.875484466552734], [114.37748718261719, -8.625476837158203], [113.62739562988281, -8.625476837158203], [113.62739562988281, -8.458805084228516], [113.46070861816406, -8.458805084228516], [113.46070861816406, -8.375469207763672], [112.79396057128906, -8.375469207763672], [112.79396057128906, -8.458805084228516], [112.46058654785156, -8.458805084228516], [112.46058654785156, -8.375469207763672], [111.12709045410156, -8.375469207763672], [111.12709045410156, -8.292133331298828], [110.96040344238281, -8.292133331298828], [110.96040344238281, -8.208797454833984], [110.62702941894531, -8.208797454833984], [110.62702941894531, -8.12546157836914], [110.12696838378906, -8.12546157836914], [110.12696838378906, -7.958789825439453], [110.04362487792969, -7.958789825439453], [110.04362487792969, -7.875453948974609], [109.37687683105469, -7.875453948974609], [109.37687683105469, -7.708782196044922], [109.04350280761719, -7.708782196044922], [109.04350280761719, -7.792118072509766], [108.79347229003906, -7.792118072509766], [108.79347229003906, -7.708782196044922], [108.62678527832031, -7.708782196044922], [108.62678527832031, -7.875453948974609], [108.12672424316406, -7.875453948974609], [108.12672424316406, -7.792118072509766], [107.87669372558594, -7.792118072509766], [107.87669372558594, -7.708782196044922], [107.62666320800781, -7.708782196044922], [107.62666320800781, -7.625446319580078], [107.37663269042969, -7.625446319580078], [107.37663269042969, -7.542110443115234], [107.20994567871094, -7.542110443115234], [107.20994567871094, -7.458774566650391], [106.54319763183594, -7.458774566650391], [106.54319763183594, -7.375438690185547], [106.37651062011719, -7.375438690185547], [106.37651062011719, -7.042095184326172], [106.29316711425781, -7.042095184326172], [106.29316711425781, -6.958759307861328], [106.12648010253906, -6.958759307861328], [106.12648010253906, -6.875423431396484], [105.29304504394531, -6.875423431396484], [105.29304504394531, -6.792087554931641], [105.20970153808594, -6.792087554931641], [105.20970153808594, -6.708751678466797], [105.12635803222656, -6.708751678466797], [105.12635803222656, -6.542079925537109], [105.20970153808594, -6.542079925537109], [105.20970153808594, -6.458744049072266], [105.45973205566406, -6.458744049072266], [105.45973205566406, -6.375408172607422], [105.54307556152344, -6.375408172607422], [105.54307556152344, -6.292072296142578], [105.62641906738281, -6.292072296142578], [105.62641906738281, -6.042064666748047], [105.54307556152344, -6.042064666748047], [105.54307556152344, -6.125400543212891], [105.45973205566406, -6.125400543212891], [105.45973205566406, -6.208736419677734], [105.37638854980469, -6.208736419677734], [105.37638854980469, -5.875392913818359], [104.79298400878906, -5.875392913818359], [104.79298400878906, -5.792057037353516], [104.70964050292969, -5.792057037353516], [104.70964050292969, -5.958728790283203], [104.62629699707031, -5.958728790283203], [104.62629699707031, -5.875392913818359], [104.37626647949219, -5.875392913818359], [104.37626647949219, -5.625385284423828], [104.12623596191406, -5.625385284423828], [104.12623596191406, -5.375377655029297], [103.87620544433594, -5.375377655029297], [103.87620544433594, -5.042034149169922], [103.79286193847656, -5.042034149169922], [103.79286193847656, -4.958698272705078], [103.54283142089844, -4.958698272705078], [103.54283142089844, -4.875362396240234], [103.37614440917969, -4.875362396240234], [103.37614440917969, -4.792026519775391], [103.29280090332031, -4.792026519775391], [103.29280090332031, -4.708690643310547], [103.20945739746094, -4.708690643310547], [103.20945739746094, -4.625354766845703], [103.12611389160156, -4.625354766845703], [103.12611389160156, -4.542018890380859], [102.87608337402344, -4.542018890380859], [102.87608337402344, -4.375347137451172], [102.62605285644531, -4.375347137451172], [102.62605285644531, -4.208675384521484], [102.54270935058594, -4.208675384521484], [102.54270935058594, -4.125339508056641], [102.37602233886719, -4.125339508056641], [102.37602233886719, -4.042003631591797], [102.29267883300781, -4.042003631591797], [102.29267883300781, -3.708660125732422], [102.20933532714844, -3.708660125732422], [102.20933532714844, -3.625324249267578], [101.87596130371094, -3.625324249267578], [101.87596130371094, -3.375316619873047], [101.62593078613281, -3.375316619873047], [101.62593078613281, -3.2086448669433594], [101.54258728027344, -3.2086448669433594], [101.54258728027344, -3.1253089904785156], [101.37590026855469, -3.1253089904785156], [101.37590026855469, -2.8753013610839844], [101.12586975097656, -2.8753013610839844], [101.12586975097656, -2.5419578552246094], [101.04252624511719, -2.5419578552246094], [101.04252624511719, -2.4586219787597656], [100.95918273925781, -2.4586219787597656], [100.95918273925781, -2.375286102294922], [100.87583923339844, -2.375286102294922], [100.87583923339844, -1.8752708435058594], [100.62580871582031, -1.8752708435058594], [100.62580871582031, -2.041942596435547], [100.70915222167969, -2.041942596435547], [100.70915222167969, -2.1252784729003906], [100.37577819824219, -2.1252784729003906], [100.37577819824219, -1.6252632141113281], [100.12574768066406, -1.6252632141113281], [100.12574768066406, -1.8752708435058594], [99.87571716308594, -1.8752708435058594], [99.87571716308594, -2.375286102294922], [99.62568664550781, -2.375286102294922], [99.62568664550781, -2.2086143493652344], [99.54234313964844, -2.2086143493652344], [99.54234313964844, -2.1252784729003906], [99.37565612792969, -2.1252784729003906], [99.37565612792969, -1.9586067199707031], [99.45899963378906, -1.9586067199707031], [99.45899963378906, -2.041942596435547], [99.54234313964844, -2.041942596435547], [99.54234313964844, -1.9586067199707031], [99.62568664550781, -1.9586067199707031], [99.62568664550781, -1.8752708435058594], [99.70903015136719, -1.8752708435058594], [99.70903015136719, -1.7085990905761719], [99.62568664550781, -1.7085990905761719], [99.62568664550781, -1.3752555847167969], [99.37565612792969, -1.3752555847167969], [99.37565612792969, -1.8752708435058594], [98.87559509277344, -1.8752708435058594], [98.87559509277344, -1.6252632141113281], [98.79225158691406, -1.6252632141113281], [98.79225158691406, -1.5419273376464844], [98.70890808105469, -1.5419273376464844], [98.70890808105469, -1.3752555847167969], [98.62556457519531, -1.3752555847167969], [98.62556457519531, -0.6252326965332031], [98.37553405761719, -0.6252326965332031], [98.37553405761719, -0.12521743774414062], [98.12550354003906, -0.12521743774414062], [98.12550354003906, 0.6248054504394531], [97.87547302246094, 0.6248054504394531], [97.87547302246094, 0.5414695739746094], [97.70878601074219, 0.5414695739746094], [97.70878601074219, 0.6248054504394531], [97.62544250488281, 0.6248054504394531], [97.62544250488281, 0.8748130798339844], [97.37541198730469, 0.8748130798339844], [97.37541198730469, 1.1248207092285156], [97.12538146972656, 1.1248207092285156], [97.12538146972656, 1.6248359680175781], [97.37541198730469, 1.6248359680175781], [97.37541198730469, 1.7915077209472656], [97.20872497558594, 1.7915077209472656], [97.20872497558594, 1.9581794738769531], [97.29206848144531, 1.9581794738769531], [97.29206848144531, 2.1248512268066406], [97.12538146972656, 2.1248512268066406], [97.12538146972656, 2.624866485595703], [97.37541198730469, 2.624866485595703], [97.37541198730469, 2.7915382385253906], [97.29206848144531, 2.7915382385253906], [97.29206848144531, 2.958209991455078], [97.12538146972656, 2.958209991455078], [97.12538146972656, 3.374889373779297], [97.04203796386719, 3.374889373779297], [97.04203796386719, 3.291553497314453], [96.95869445800781, 3.291553497314453], [96.95869445800781, 3.1248817443847656], [96.87535095214844, 3.1248817443847656], [96.87535095214844, 2.7915382385253906], [96.62532043457031, 2.7915382385253906], [96.62532043457031, 2.374858856201172], [96.54197692871094, 2.374858856201172], [96.54197692871094, 2.291522979736328], [96.37528991699219, 2.291522979736328], [96.37528991699219, 2.374858856201172], [96.12525939941406, 2.374858856201172], [96.12525939941406, 2.5415306091308594], [95.87522888183594, 2.5415306091308594], [95.87522888183594, 2.624866485595703], [95.79188537597656, 2.624866485595703], [95.79188537597656, 2.708202362060547], [95.70854187011719, 2.708202362060547], [95.70854187011719, 2.7915382385253906], [95.79188537597656, 2.7915382385253906], [95.79188537597656, 2.958209991455078], [95.62519836425781, 2.958209991455078], [95.62519836425781, 3.624897003173828], [95.87522888183594, 3.624897003173828], [95.87522888183594, 4.374919891357422], [95.62519836425781, 4.374919891357422], [95.62519836425781, 4.624927520751953], [95.54185485839844, 4.624927520751953], [95.54185485839844, 4.708263397216797], [95.45851135253906, 4.708263397216797], [95.45851135253906, 4.791599273681641], [95.37516784667969, 4.791599273681641], [95.37516784667969, 5.041606903076172], [95.29182434082031, 5.041606903076172], [95.29182434082031, 5.124942779541016], [95.12513732910156, 5.124942779541016], [95.12513732910156, 5.624958038330078], [95.04179382324219, 5.624958038330078], [95.04179382324219, 5.708293914794922], [95.12513732910156, 5.708293914794922], [95.12513732910156, 5.874965667724609], [95.20848083496094, 5.874965667724609], [95.20848083496094, 5.791629791259766], [95.29182434082031, 5.791629791259766], [95.29182434082031, 5.958301544189453], [95.12513732910156, 5.958301544189453], [95.12513732910156, 6.124973297119141], [95.37516784667969, 6.124973297119141], [95.37516784667969, 6.374980926513672], [95.62519836425781, 6.374980926513672], [95.62519836425781, 6.458316802978516], [95.87522888183594, 6.458316802978516], [95.87522888183594, 6.624988555908203], [96.12525939941406, 6.624988555908203], [96.12525939941406, 6.874996185302734], [96.37528991699219, 6.874996185302734], [96.37528991699219, 6.958332061767578], [94.04167175292969, 6.958332061767578], [94.04167175292969, -11.958911895751953], [119.12806701660156, -11.958911895751953], [119.12806701660156, -11.792240142822266], [119.21141052246094, -11.792240142822266], [119.21141052246094, -11.87557601928711], [119.29475402832031, -11.87557601928711]], [[123.96199035644531, -8.458805084228516], [123.96199035644531, -8.375469207763672], [123.87864685058594, -8.375469207763672], [123.87864685058594, -8.458805084228516], [123.96199035644531, -8.458805084228516]], [[115.87767028808594, -8.042125701904297], [115.87767028808594, -7.792118072509766], [115.79432678222656, -7.792118072509766], [115.79432678222656, -7.708782196044922], [115.71098327636719, -7.708782196044922], [115.71098327636719, -7.625446319580078], [115.46095275878906, -7.625446319580078], [115.46095275878906, -7.708782196044922], [115.54429626464844, -7.708782196044922], [115.54429626464844, -7.875453948974609], [115.62763977050781, -7.875453948974609], [115.62763977050781, -7.958789825439453], [115.71098327636719, -7.958789825439453], [115.71098327636719, -8.042125701904297], [115.87767028808594, -8.042125701904297]], [[126.12892150878906, 6.124973297119141], [126.12892150878906, 6.041637420654297], [126.04557800292969, 6.041637420654297], [126.04557800292969, 5.874965667724609], [125.96223449707031, 5.874965667724609], [125.96223449707031, 5.791629791259766], [125.79554748535156, 5.791629791259766], [125.79554748535156, 5.708293914794922], [125.71220397949219, 5.708293914794922], [125.71220397949219, 5.458286285400391], [125.62886047363281, 5.458286285400391], [125.62886047363281, 5.374950408935547], [125.46217346191406, 5.374950408935547], [125.46217346191406, 5.291614532470703], [125.37882995605469, 5.291614532470703], [125.37882995605469, 5.208278656005859], [125.12879943847656, 5.208278656005859], [125.12879943847656, 5.124942779541016], [124.96211242675781, 5.124942779541016], [124.96211242675781, 5.041606903076172], [124.87876892089844, 5.041606903076172], [124.87876892089844, 4.874935150146484], [124.71208190917969, 4.874935150146484], [124.71208190917969, 4.791599273681641], [124.62873840332031, 4.791599273681641], [124.62873840332031, 4.708263397216797], [124.46205139160156, 4.708263397216797], [124.46205139160156, 4.624927520751953], [124.04533386230469, 4.624927520751953], [124.04533386230469, 4.708263397216797], [123.87864685058594, 4.708263397216797], [123.87864685058594, 4.791599273681641], [123.62861633300781, 4.791599273681641], [123.62861633300781, 4.874935150146484], [123.37858581542969, 4.874935150146484], [123.37858581542969, 4.791599273681641], [123.29524230957031, 4.791599273681641], [123.29524230957031, 4.708263397216797], [123.21189880371094, 4.708263397216797], [123.21189880371094, 4.624927520751953], [123.29524230957031, 4.624927520751953], [123.29524230957031, 4.541591644287109], [123.46192932128906, 4.541591644287109], [123.46192932128906, 4.458255767822266], [123.62861633300781, 4.458255767822266], [123.62861633300781, 4.374919891357422], [123.79530334472656, 4.374919891357422], [123.79530334472656, 4.291584014892578], [123.96199035644531, 4.291584014892578], [123.96199035644531, 4.208248138427734], [124.37870788574219, 4.208248138427734], [124.37870788574219, 4.291584014892578], [124.62873840332031, 4.291584014892578], [124.62873840332031, 4.374919891357422], [124.71208190917969, 4.374919891357422], [124.71208190917969, 4.541591644287109], [124.79542541503906, 4.541591644287109], [124.79542541503906, 4.624927520751953], [124.96211242675781, 4.624927520751953], [124.96211242675781, 4.708263397216797], [125.04545593261719, 4.708263397216797], [125.04545593261719, 4.791599273681641], [125.12879943847656, 4.791599273681641], [125.12879943847656, 4.874935150146484], [125.29548645019531, 4.874935150146484], [125.29548645019531, 4.958271026611328], [125.46217346191406, 4.958271026611328], [125.46217346191406, 4.874935150146484], [125.54551696777344, 4.874935150146484], [125.54551696777344, 4.791599273681641], [125.62886047363281, 4.791599273681641], [125.62886047363281, 4.708263397216797], [125.54551696777344, 4.708263397216797], [125.54551696777344, 4.624927520751953], [125.71220397949219, 4.624927520751953], [125.71220397949219, 3.7915687561035156], [125.62886047363281, 3.7915687561035156], [125.62886047363281, 3.708232879638672], [125.71220397949219, 3.708232879638672], [125.71220397949219, 3.5415611267089844], [125.79554748535156, 3.5415611267089844], [125.79554748535156, 3.4582252502441406], [125.96223449707031, 3.4582252502441406], [125.96223449707031, 3.2082176208496094], [126.04557800292969, 3.2082176208496094], [126.04557800292969, 3.041545867919922], [126.12892150878906, 3.041545867919922], [126.12892150878906, 2.958209991455078], [126.21226501464844, 2.958209991455078], [126.21226501464844, 2.708202362060547], [126.29560852050781, 2.708202362060547], [126.29560852050781, 2.624866485595703], [126.21226501464844, 2.624866485595703], [126.21226501464844, 2.5415306091308594], [126.29560852050781, 2.5415306091308594], [126.29560852050781, 2.4581947326660156], [126.04557800292969, 2.4581947326660156], [126.04557800292969, 2.5415306091308594], [125.87889099121094, 2.5415306091308594], [125.87889099121094, 2.4581947326660156], [125.79554748535156, 2.4581947326660156], [125.79554748535156, 2.374858856201172], [125.62886047363281, 2.374858856201172], [125.62886047363281, 2.291522979736328], [125.37882995605469, 2.291522979736328], [125.37882995605469, 2.2081871032714844], [125.62886047363281, 2.2081871032714844], [125.62886047363281, 2.1248512268066406], [125.79554748535156, 2.1248512268066406], [125.79554748535156, 2.041515350341797], [125.87889099121094, 2.041515350341797], [125.87889099121094, 1.9581794738769531], [126.04557800292969, 1.9581794738769531], [126.04557800292969, 1.8748435974121094], [126.12892150878906, 1.8748435974121094], [126.12892150878906, 1.9581794738769531], [126.29560852050781, 1.9581794738769531], [126.29560852050781, 2.2081871032714844], [126.37895202636719, 2.2081871032714844], [126.37895202636719, 2.291522979736328], [126.62898254394531, 2.291522979736328], [126.62898254394531, 2.2081871032714844], [126.71232604980469, 2.2081871032714844], [126.71232604980469, 2.1248512268066406], [126.87901306152344, 2.1248512268066406], [126.87901306152344, 2.291522979736328], [127.04570007324219, 2.291522979736328], [127.04570007324219, 2.2081871032714844], [127.12904357910156, 2.2081871032714844], [127.12904357910156, 2.374858856201172], [127.87913513183594, 2.374858856201172], [127.87913513183594, 2.5415306091308594], [128.21250915527344, 2.5415306091308594], [128.21250915527344, 2.4581947326660156], [128.3791961669922, 2.4581947326660156], [128.3791961669922, 2.624866485595703], [128.6292266845703, 2.624866485595703], [128.6292266845703, 2.8748741149902344], [128.7125701904297, 2.8748741149902344], [128.7125701904297, 2.291522979736328], [128.6292266845703, 2.291522979736328], [128.6292266845703, 1.6248359680175781], [128.7125701904297, 1.6248359680175781], [128.7125701904297, 1.5415000915527344], [128.79591369628906, 1.5415000915527344], [128.79591369628906, 1.6248359680175781], [129.0459442138672, 1.6248359680175781], [129.0459442138672, 1.5415000915527344], [129.12928771972656, 1.5415000915527344], [129.12928771972656, 1.2914924621582031], [129.21263122558594, 1.2914924621582031], [129.21263122558594, 1.1248207092285156], [129.12928771972656, 1.1248207092285156], [129.12928771972656, 0.8748130798339844], [129.3793182373047, 0.8748130798339844], [129.3793182373047, 0.7081413269042969], [129.46266174316406, 0.7081413269042969], [129.46266174316406, 0.6248054504394531], [129.6293487548828, 0.6248054504394531], [129.6293487548828, 0.4581336975097656], [129.7126922607422, 0.4581336975097656], [129.7126922607422, 0.3747978210449219], [129.87937927246094, 0.3747978210449219], [129.87937927246094, 0.7081413269042969], [130.12940979003906, 0.7081413269042969], [130.12940979003906, 0.6248054504394531], [130.79615783691406, 0.6248054504394531], [130.79615783691406, 0.7081413269042969], [131.0461883544922, 0.7081413269042969], [131.0461883544922, 0.6248054504394531], [131.12953186035156, 0.6248054504394531], [131.12953186035156, 0.3747978210449219], [130.6294708251953, 0.3747978210449219], [130.6294708251953, 0.2914619445800781], [130.54612731933594, 0.2914619445800781], [130.54612731933594, 0.20812606811523438], [130.2960968017578, 0.20812606811523438], [130.2960968017578, 0.2914619445800781], [130.21275329589844, 0.2914619445800781], [130.21275329589844, 0.12479019165039062], [129.87937927246094, 0.12479019165039062], [129.87937927246094, 0.041454315185546875], [129.7126922607422, 0.041454315185546875], [129.7126922607422, -0.041881561279296875], [129.6293487548828, -0.041881561279296875], [129.6293487548828, -0.12521743774414062], [129.87937927246094, -0.12521743774414062], [129.87937927246094, -0.041881561279296875], [130.12940979003906, -0.041881561279296875], [130.12940979003906, 0.041454315185546875], [130.2960968017578, 0.041454315185546875], [130.2960968017578, -0.041881561279296875], [130.3794403076172, -0.041881561279296875], [130.3794403076172, 0.041454315185546875], [130.6294708251953, 0.041454315185546875], [130.6294708251953, 0.12479019165039062], [131.3795623779297, 0.12479019165039062], [131.3795623779297, 0.2914619445800781], [131.2962188720703, 0.2914619445800781], [131.2962188720703, 0.4581336975097656], [131.3795623779297, 0.4581336975097656], [131.3795623779297, 0.3747978210449219], [131.6295928955078, 0.3747978210449219], [131.6295928955078, -0.20855331420898438], [131.87962341308594, -0.20855331420898438], [131.87962341308594, -0.2918891906738281], [132.12965393066406, -0.2918891906738281], [132.12965393066406, -0.3752250671386719], [133.12977600097656, -0.3752250671386719], [133.12977600097656, -0.5418968200683594], [133.21311950683594, -0.5418968200683594], [133.21311950683594, -0.6252326965332031], [133.87986755371094, -0.6252326965332031], [133.87986755371094, -0.7085685729980469], [133.9632110595703, -0.7085685729980469], [133.9632110595703, -0.7919044494628906], [134.12989807128906, -0.7919044494628906], [134.12989807128906, -1.1252479553222656], [134.3799285888672, -1.1252479553222656], [134.3799285888672, -0.9585762023925781], [134.46327209472656, -0.9585762023925781], [134.46327209472656, -1.0419120788574219], [134.54661560058594, -1.0419120788574219], [134.54661560058594, -1.1252479553222656], [134.6299591064453, -1.1252479553222656], [134.6299591064453, -1.2085838317871094], [134.79664611816406, -1.2085838317871094], [134.79664611816406, -1.0419120788574219], [134.6299591064453, -1.0419120788574219], [134.6299591064453, -0.9585762023925781], [134.54661560058594, -0.9585762023925781], [134.54661560058594, -0.8752403259277344], [134.6299591064453, -0.8752403259277344], [134.6299591064453, -0.7085685729980469], [134.54661560058594, -0.7085685729980469], [134.54661560058594, -0.6252326965332031], [134.7133026123047, -0.6252326965332031], [134.7133026123047, -0.7085685729980469], [134.79664611816406, -0.7085685729980469], [134.79664611816406, -0.7919044494628906], [134.87998962402344, -0.7919044494628906], [134.87998962402344, -0.8752403259277344], [135.0466766357422, -0.8752403259277344], [135.0466766357422, -0.6252326965332031], [134.9633331298828, -0.6252326965332031], [134.9633331298828, -0.5418968200683594], [135.13002014160156, -0.5418968200683594], [135.13002014160156, -0.6252326965332031], [135.88011169433594, -0.6252326965332031], [135.88011169433594, -0.7919044494628906], [135.9634552001953, -0.7919044494628906], [135.9634552001953, -0.8752403259277344], [136.3801727294922, -0.8752403259277344], [136.3801727294922, -1.1252479553222656], [136.6302032470703, -1.1252479553222656], [136.6302032470703, -1.2085838317871094], [136.7135467529297, -1.2085838317871094], [136.7135467529297, -1.2919197082519531], [136.6302032470703, -1.2919197082519531], [136.6302032470703, -1.4585914611816406], [136.46351623535156, -1.4585914611816406], [136.46351623535156, -1.5419273376464844], [136.2968292236328, -1.5419273376464844], [136.2968292236328, -1.4585914611816406], [136.13014221191406, -1.4585914611816406], [136.13014221191406, -1.3752555847167969], [135.6300811767578, -1.3752555847167969], [135.6300811767578, -1.2919197082519531], [135.3800506591797, -1.2919197082519531], [135.3800506591797, -1.2085838317871094], [134.9633331298828, -1.2085838317871094], [134.9633331298828, -1.3752555847167969], [135.54673767089844, -1.3752555847167969], [135.54673767089844, -1.5419273376464844], [135.79676818847656, -1.5419273376464844], [135.79676818847656, -1.6252632141113281], [136.54685974121094, -1.6252632141113281], [136.54685974121094, -1.5419273376464844], [136.6302032470703, -1.5419273376464844], [136.6302032470703, -1.6252632141113281], [137.0469207763672, -1.6252632141113281], [137.0469207763672, -1.5419273376464844], [137.13026428222656, -1.5419273376464844], [137.13026428222656, -1.6252632141113281], [137.6303253173828, -1.6252632141113281], [137.6303253173828, -1.4585914611816406], [137.54698181152344, -1.4585914611816406], [137.54698181152344, -1.3752555847167969], [137.88035583496094, -1.3752555847167969], [137.88035583496094, -1.4585914611816406], [137.9636993408203, -1.4585914611816406], [137.9636993408203, -1.5419273376464844], [138.0470428466797, -1.5419273376464844], [138.0470428466797, -1.6252632141113281], [138.21372985839844, -1.6252632141113281], [138.21372985839844, -1.5419273376464844], [138.46376037597656, -1.5419273376464844], [138.46376037597656, -1.6252632141113281], [138.3804168701172, -1.6252632141113281], [138.3804168701172, -1.7085990905761719], [138.46376037597656, -1.7085990905761719], [138.46376037597656, -1.7919349670410156], [138.7137908935547, -1.7919349670410156], [138.7137908935547, -1.8752708435058594], [139.13050842285156, -1.8752708435058594], [139.13050842285156, -2.041942596435547], [139.21385192871094, -2.041942596435547], [139.21385192871094, -1.9586067199707031], [139.2971954345703, -1.9586067199707031], [139.2971954345703, -2.1252784729003906], [139.6305694580078, -2.1252784729003906], [139.6305694580078, -2.2086143493652344], [139.9639434814453, -2.2086143493652344], [139.9639434814453, -2.291950225830078], [140.2973175048828, -2.291950225830078], [140.2973175048828, -2.375286102294922], [140.6306915283203, -2.375286102294922], [140.6306915283203, -2.4586219787597656], [140.88072204589844, -2.4586219787597656], [140.88072204589844, -2.625293731689453], [141.88084411621094, -2.625293731689453], [141.88084411621094, -2.7919654846191406], [141.9641876220703, -2.7919654846191406], [141.9641876220703, -2.8753013610839844], [142.0475311279297, -2.8753013610839844], [142.0475311279297, -2.7919654846191406], [142.21421813964844, -2.7919654846191406], [142.21421813964844, -2.8753013610839844], [142.9643096923828, -2.8753013610839844], [142.9643096923828, -2.1252784729003906], [142.88096618652344, -2.1252784729003906], [142.88096618652344, -1.6252632141113281], [142.6309356689453, -1.6252632141113281], [142.6309356689453, -1.3752555847167969], [142.9643096923828, -1.3752555847167969], [142.9643096923828, -1.2919197082519531], [142.88096618652344, -1.2919197082519531], [142.88096618652344, -1.2085838317871094], [142.7142791748047, -1.2085838317871094], [142.7142791748047, -1.1252479553222656], [142.13087463378906, -1.1252479553222656], [142.13087463378906, -1.3752555847167969], [141.9641876220703, -1.3752555847167969], [141.9641876220703, -1.2919197082519531], [141.88084411621094, -1.2919197082519531], [141.88084411621094, -1.1252479553222656], [141.6308135986328, -1.1252479553222656], [141.6308135986328, -1.2085838317871094], [141.3807830810547, -1.2085838317871094], [141.3807830810547, -1.1252479553222656], [140.88072204589844, -1.1252479553222656], [140.88072204589844, -0.9585762023925781], [140.79737854003906, -0.9585762023925781], [140.79737854003906, -1.0419120788574219], [140.46400451660156, -1.0419120788574219], [140.46400451660156, -0.9585762023925781], [140.3806610107422, -0.9585762023925781], [140.3806610107422, -1.1252479553222656], [140.13063049316406, -1.1252479553222656], [140.13063049316406, -0.6252326965332031], [140.6306915283203, -0.6252326965332031], [140.6306915283203, -0.12521743774414062], [140.3806610107422, -0.12521743774414062], [140.3806610107422, 0.12479019165039062], [140.13063049316406, 0.12479019165039062], [140.13063049316406, 0.3747978210449219], [139.88059997558594, 0.3747978210449219], [139.88059997558594, 0.6248054504394531], [139.6305694580078, 0.6248054504394531], [139.6305694580078, 0.8748130798339844], [138.88047790527344, 0.8748130798339844], [138.88047790527344, 1.2914924621582031], [138.79713439941406, 1.2914924621582031], [138.79713439941406, 1.3748283386230469], [138.7137908935547, 1.3748283386230469], [138.7137908935547, 1.4581642150878906], [138.6304473876953, 1.4581642150878906], [138.6304473876953, 1.3748283386230469], [138.13038635253906, 1.3748283386230469], [138.13038635253906, 1.5415000915527344], [138.0470428466797, 1.5415000915527344], [138.0470428466797, 1.3748283386230469], [137.88035583496094, 1.3748283386230469], [137.88035583496094, 1.1248207092285156], [137.3802947998047, 1.1248207092285156], [137.3802947998047, 0.8748130798339844], [137.13026428222656, 0.8748130798339844], [137.13026428222656, 0.7914772033691406], [137.0469207763672, 0.7914772033691406], [137.0469207763672, 1.0414848327636719], [136.88023376464844, 1.0414848327636719], [136.88023376464844, 1.1248207092285156], [136.6302032470703, 1.1248207092285156], [136.6302032470703, 1.0414848327636719], [136.54685974121094, 1.0414848327636719], [136.54685974121094, 0.9581489562988281], [136.2968292236328, 0.9581489562988281], [136.2968292236328, 1.1248207092285156], [136.3801727294922, 1.1248207092285156], [136.3801727294922, 1.2081565856933594], [135.79676818847656, 1.2081565856933594], [135.79676818847656, 1.2914924621582031], [135.7134246826172, 1.2914924621582031], [135.7134246826172, 1.3748283386230469], [135.6300811767578, 1.3748283386230469], [135.6300811767578, 1.4581642150878906], [135.46339416503906, 1.4581642150878906], [135.46339416503906, 1.5415000915527344], [135.3800506591797, 1.5415000915527344], [135.3800506591797, 1.6248359680175781], [135.46339416503906, 1.6248359680175781], [135.46339416503906, 1.7081718444824219], [135.54673767089844, 1.7081718444824219], [135.54673767089844, 1.8748435974121094], [135.46339416503906, 1.8748435974121094], [135.46339416503906, 1.9581794738769531], [135.3800506591797, 1.9581794738769531], [135.3800506591797, 1.8748435974121094], [135.13002014160156, 1.8748435974121094], [135.13002014160156, 1.7915077209472656], [135.0466766357422, 1.7915077209472656], [135.0466766357422, 1.7081718444824219], [134.9633331298828, 1.7081718444824219], [134.9633331298828, 1.6248359680175781], [134.79664611816406, 1.6248359680175781], [134.79664611816406, 1.5415000915527344], [134.6299591064453, 1.5415000915527344], [134.6299591064453, 1.4581642150878906], [134.54661560058594, 1.4581642150878906], [134.54661560058594, 1.3748283386230469], [134.2965850830078, 1.3748283386230469], [134.2965850830078, 1.2914924621582031], [134.12989807128906, 1.2914924621582031], [134.12989807128906, 1.2081565856933594], [134.0465545654297, 1.2081565856933594], [134.0465545654297, 1.1248207092285156], [133.9632110595703, 1.1248207092285156], [133.9632110595703, 1.0414848327636719], [133.7131805419922, 1.0414848327636719], [133.7131805419922, 0.9581489562988281], [133.6298370361328, 0.9581489562988281], [133.6298370361328, 1.1248207092285156], [133.3798065185547, 1.1248207092285156], [133.3798065185547, 1.3748283386230469], [133.87986755371094, 1.3748283386230469], [133.87986755371094, 1.5415000915527344], [133.7131805419922, 1.5415000915527344], [133.7131805419922, 1.7081718444824219], [133.79652404785156, 1.7081718444824219], [133.79652404785156, 1.7915077209472656], [133.9632110595703, 1.7915077209472656], [133.9632110595703, 1.8748435974121094], [134.0465545654297, 1.8748435974121094], [134.0465545654297, 2.1248512268066406], [133.87986755371094, 2.1248512268066406], [133.87986755371094, 2.4581947326660156], [133.9632110595703, 2.4581947326660156], [133.9632110595703, 2.5415306091308594], [134.0465545654297, 2.5415306091308594], [134.0465545654297, 2.624866485595703], [134.21324157714844, 2.624866485595703], [134.21324157714844, 2.708202362060547], [134.3799285888672, 2.708202362060547], [134.3799285888672, 2.7915382385253906], [135.21336364746094, 2.7915382385253906], [135.21336364746094, 2.708202362060547], [135.2967071533203, 2.708202362060547], [135.2967071533203, 2.5415306091308594], [135.7134246826172, 2.5415306091308594], [135.7134246826172, 2.624866485595703], [135.88011169433594, 2.624866485595703], [135.88011169433594, 2.708202362060547], [136.0467987060547, 2.708202362060547], [136.0467987060547, 2.624866485595703], [136.21348571777344, 2.624866485595703], [136.21348571777344, 2.5415306091308594], [136.46351623535156, 2.5415306091308594], [136.46351623535156, 2.624866485595703], [136.54685974121094, 2.624866485595703], [136.54685974121094, 2.708202362060547], [136.6302032470703, 2.708202362060547], [136.6302032470703, 2.7915382385253906], [136.79689025878906, 2.7915382385253906], [136.79689025878906, 2.708202362060547], [136.88023376464844, 2.708202362060547], [136.88023376464844, 3.1248817443847656], [136.3801727294922, 3.1248817443847656], [136.3801727294922, 3.5415611267089844], [136.7135467529297, 3.5415611267089844], [136.7135467529297, 3.624897003173828], [136.79689025878906, 3.624897003173828], [136.79689025878906, 3.708232879638672], [136.9635772705078, 3.708232879638672], [136.9635772705078, 3.7915687561035156], [137.13026428222656, 3.7915687561035156], [137.13026428222656, 3.708232879638672], [137.2969512939453, 3.708232879638672], [137.2969512939453, 3.624897003173828], [137.46363830566406, 3.624897003173828], [137.46363830566406, 3.708232879638672], [137.3802947998047, 3.708232879638672], [137.3802947998047, 3.7915687561035156], [137.21360778808594, 3.7915687561035156], [137.21360778808594, 3.8749046325683594], [137.13026428222656, 3.8749046325683594], [137.13026428222656, 3.958240509033203], [137.0469207763672, 3.958240509033203], [137.0469207763672, 4.041576385498047], [136.9635772705078, 4.041576385498047], [136.9635772705078, 4.124912261962891], [136.6302032470703, 4.124912261962891], [136.6302032470703, 4.208248138427734], [136.54685974121094, 4.208248138427734], [136.54685974121094, 4.291584014892578], [136.46351623535156, 4.291584014892578], [136.46351623535156, 4.374919891357422], [135.7134246826172, 4.374919891357422], [135.7134246826172, 4.291584014892578], [135.6300811767578, 4.291584014892578], [135.6300811767578, 4.374919891357422], [135.3800506591797, 4.374919891357422], [135.3800506591797, 4.124912261962891], [135.2967071533203, 4.124912261962891], [135.2967071533203, 4.041576385498047], [135.13002014160156, 4.041576385498047], [135.13002014160156, 4.124912261962891], [134.3799285888672, 4.124912261962891], [134.3799285888672, 4.041576385498047], [134.0465545654297, 4.041576385498047], [134.0465545654297, 4.124912261962891], [133.9632110595703, 4.124912261962891], [133.9632110595703, 4.208248138427734], [133.87986755371094, 4.208248138427734], [133.87986755371094, 4.291584014892578], [133.79652404785156, 4.291584014892578], [133.79652404785156, 4.374919891357422], [133.7131805419922, 4.374919891357422], [133.7131805419922, 4.458255767822266], [133.6298370361328, 4.458255767822266], [133.6298370361328, 4.624927520751953], [133.54649353027344, 4.624927520751953], [133.54649353027344, 4.791599273681641], [133.46315002441406, 4.791599273681641], [133.46315002441406, 4.874935150146484], [133.3798065185547, 4.874935150146484], [133.3798065185547, 4.958271026611328], [133.2964630126953, 4.958271026611328], [133.2964630126953, 5.041606903076172], [133.21311950683594, 5.041606903076172], [133.21311950683594, 5.208278656005859], [133.12977600097656, 5.208278656005859], [133.12977600097656, 5.458286285400391], [133.0464324951172, 5.458286285400391], [133.0464324951172, 5.708293914794922], [132.9630889892578, 5.708293914794922], [132.9630889892578, 5.791629791259766], [132.87974548339844, 5.791629791259766], [132.87974548339844, 5.874965667724609], [132.79640197753906, 5.874965667724609], [132.79640197753906, 6.041637420654297], [132.7130584716797, 6.041637420654297], [132.7130584716797, 6.124973297119141], [132.87974548339844, 6.124973297119141], [132.87974548339844, 6.374980926513672], [133.0464324951172, 6.374980926513672], [133.0464324951172, 6.458316802978516], [132.9630889892578, 6.458316802978516], [132.9630889892578, 6.541652679443359], [132.87974548339844, 6.541652679443359], [132.87974548339844, 6.708324432373047], [132.79640197753906, 6.708324432373047], [132.79640197753906, 6.791660308837891], [132.7130584716797, 6.791660308837891], [132.7130584716797, 6.874996185302734], [132.6297149658203, 6.874996185302734], [132.6297149658203, 6.958332061767578], [131.3795623779297, 6.958332061767578], [131.3795623779297, 6.708324432373047], [130.12940979003906, 6.708324432373047], [130.12940979003906, 6.958332061767578], [130.0460662841797, 6.958332061767578], [130.0460662841797, 6.874996185302734], [129.79603576660156, 6.874996185302734], [129.79603576660156, 6.791660308837891], [129.46266174316406, 6.791660308837891], [129.46266174316406, 6.708324432373047], [129.21263122558594, 6.708324432373047], [129.21263122558594, 6.624988555908203], [128.9626007080078, 6.624988555908203], [128.9626007080078, 6.541652679443359], [128.79591369628906, 6.541652679443359], [128.79591369628906, 6.458316802978516], [128.6292266845703, 6.458316802978516], [128.6292266845703, 6.374980926513672], [128.54588317871094, 6.374980926513672], [128.54588317871094, 6.291645050048828], [128.46253967285156, 6.291645050048828], [128.46253967285156, 6.208309173583984], [128.3791961669922, 6.208309173583984], [128.3791961669922, 6.041637420654297], [128.2958526611328, 6.041637420654297], [128.2958526611328, 5.874965667724609], [128.21250915527344, 5.874965667724609], [128.21250915527344, 5.624958038330078], [128.12916564941406, 5.624958038330078], [128.12916564941406, 5.541622161865234], [128.0458221435547, 5.541622161865234], [128.0458221435547, 5.374950408935547], [127.96247863769531, 5.374950408935547], [127.96247863769531, 5.291614532470703], [127.87913513183594, 5.291614532470703], [127.87913513183594, 4.708263397216797], [127.96247863769531, 4.708263397216797], [127.96247863769531, 4.624927520751953], [127.87913513183594, 4.624927520751953], [127.87913513183594, 3.958240509033203], [127.79579162597656, 3.958240509033203], [127.79579162597656, 3.7915687561035156], [127.71244812011719, 3.7915687561035156], [127.71244812011719, 3.624897003173828], [127.62910461425781, 3.624897003173828], [127.62910461425781, 3.4582252502441406], [127.54576110839844, 3.4582252502441406], [127.54576110839844, 3.374889373779297], [127.46241760253906, 3.374889373779297], [127.46241760253906, 3.291553497314453], [127.29573059082031, 3.291553497314453], [127.29573059082031, 3.2082176208496094], [127.21238708496094, 3.2082176208496094], [127.21238708496094, 3.291553497314453], [127.04570007324219, 3.291553497314453], [127.04570007324219, 3.374889373779297], [126.96235656738281, 3.374889373779297], [126.96235656738281, 3.4582252502441406], [126.87901306152344, 3.4582252502441406], [126.87901306152344, 3.1248817443847656], [126.71232604980469, 3.1248817443847656], [126.71232604980469, 3.4582252502441406], [126.62898254394531, 3.4582252502441406], [126.62898254394531, 3.5415611267089844], [126.29560852050781, 3.5415611267089844], [126.29560852050781, 3.624897003173828], [125.96223449707031, 3.624897003173828], [125.96223449707031, 3.7915687561035156], [126.21226501464844, 3.7915687561035156], [126.21226501464844, 4.374919891357422], [126.37895202636719, 4.374919891357422], [126.37895202636719, 4.624927520751953], [126.62898254394531, 4.624927520751953], [126.62898254394531, 4.708263397216797], [126.71232604980469, 4.708263397216797], [126.71232604980469, 4.791599273681641], [126.79566955566406, 4.791599273681641], [126.79566955566406, 4.874935150146484], [126.87901306152344, 4.874935150146484], [126.87901306152344, 5.041606903076172], [126.96235656738281, 5.041606903076172], [126.96235656738281, 5.124942779541016], [127.04570007324219, 5.124942779541016], [127.04570007324219, 5.208278656005859], [127.12904357910156, 5.208278656005859], [127.12904357910156, 5.291614532470703], [127.21238708496094, 5.291614532470703], [127.21238708496094, 5.458286285400391], [127.29573059082031, 5.458286285400391], [127.29573059082031, 5.541622161865234], [127.37907409667969, 5.541622161865234], [127.37907409667969, 5.624958038330078], [127.46241760253906, 5.624958038330078], [127.46241760253906, 5.791629791259766], [127.54576110839844, 5.791629791259766], [127.54576110839844, 6.041637420654297], [127.62910461425781, 6.041637420654297], [127.62910461425781, 6.208309173583984], [127.71244812011719, 6.208309173583984], [127.71244812011719, 6.291645050048828], [127.79579162597656, 6.291645050048828], [127.79579162597656, 6.374980926513672], [127.87913513183594, 6.374980926513672], [127.87913513183594, 6.458316802978516], [127.96247863769531, 6.458316802978516], [127.96247863769531, 6.624988555908203], [128.0458221435547, 6.624988555908203], [128.0458221435547, 6.791660308837891], [128.12916564941406, 6.791660308837891], [128.12916564941406, 6.874996185302734], [128.21250915527344, 6.874996185302734], [128.21250915527344, 6.958332061767578], [126.37895202636719, 6.958332061767578], [126.37895202636719, 6.458316802978516], [126.29560852050781, 6.458316802978516], [126.29560852050781, 6.374980926513672], [126.21226501464844, 6.374980926513672], [126.21226501464844, 6.124973297119141], [126.12892150878906, 6.124973297119141]], [[125.79554748535156, 2.5415306091308594], [125.29548645019531, 2.5415306091308594], [125.29548645019531, 2.624866485595703], [125.21214294433594, 2.624866485595703], [125.21214294433594, 2.291522979736328], [125.29548645019531, 2.291522979736328], [125.29548645019531, 2.374858856201172], [125.37882995605469, 2.374858856201172], [125.37882995605469, 2.4581947326660156], [125.79554748535156, 2.4581947326660156], [125.79554748535156, 2.5415306091308594]], [[130.21275329589844, -0.041881561279296875], [130.21275329589844, -0.12521743774414062], [130.2960968017578, -0.12521743774414062], [130.2960968017578, -0.041881561279296875], [130.21275329589844, -0.041881561279296875]], [[136.6302032470703, 1.2081565856933594], [136.6302032470703, 1.3748283386230469], [136.88023376464844, 1.3748283386230469], [136.88023376464844, 1.5415000915527344], [136.6302032470703, 1.5415000915527344], [136.6302032470703, 1.4581642150878906], [136.54685974121094, 1.4581642150878906], [136.54685974121094, 1.3748283386230469], [136.46351623535156, 1.3748283386230469], [136.46351623535156, 1.2914924621582031], [136.3801727294922, 1.2914924621582031], [136.3801727294922, 1.2081565856933594], [136.6302032470703, 1.2081565856933594]], [[137.46363830566406, 3.4582252502441406], [137.6303253173828, 3.4582252502441406], [137.6303253173828, 3.374889373779297], [137.7136688232422, 3.374889373779297], [137.7136688232422, 3.291553497314453], [138.0470428466797, 3.291553497314453], [138.0470428466797, 3.374889373779297], [138.13038635253906, 3.374889373779297], [138.13038635253906, 3.4582252502441406], [137.9636993408203, 3.4582252502441406], [137.9636993408203, 3.5415611267089844], [137.7136688232422, 3.5415611267089844], [137.7136688232422, 3.624897003173828], [137.46363830566406, 3.624897003173828], [137.46363830566406, 3.4582252502441406]], [[134.3799285888672, 4.374919891357422], [134.12989807128906, 4.374919891357422], [134.12989807128906, 4.124912261962891], [134.3799285888672, 4.124912261962891], [134.3799285888672, 4.374919891357422]], [[127.71244812011719, 3.8749046325683594], [127.62910461425781, 3.8749046325683594], [127.62910461425781, 4.208248138427734], [127.54576110839844, 4.208248138427734], [127.54576110839844, 4.291584014892578], [127.46241760253906, 4.291584014892578], [127.46241760253906, 4.374919891357422], [127.37907409667969, 4.374919891357422], [127.37907409667969, 4.458255767822266], [127.29573059082031, 4.458255767822266], [127.29573059082031, 4.541591644287109], [127.21238708496094, 4.541591644287109], [127.21238708496094, 4.624927520751953], [127.12904357910156, 4.624927520751953], [127.12904357910156, 4.291584014892578], [127.21238708496094, 4.291584014892578], [127.21238708496094, 4.208248138427734], [127.29573059082031, 4.208248138427734], [127.29573059082031, 4.124912261962891], [127.37907409667969, 4.124912261962891], [127.37907409667969, 3.7915687561035156], [127.29573059082031, 3.7915687561035156], [127.29573059082031, 3.708232879638672], [127.21238708496094, 3.708232879638672], [127.21238708496094, 3.5415611267089844], [127.46241760253906, 3.5415611267089844], [127.46241760253906, 3.624897003173828], [127.54576110839844, 3.624897003173828], [127.54576110839844, 3.708232879638672], [127.62910461425781, 3.708232879638672], [127.62910461425781, 3.7915687561035156], [127.71244812011719, 3.7915687561035156], [127.71244812011719, 3.8749046325683594]], [[137.21360778808594, 6.541652679443359], [137.21360778808594, 6.624988555908203], [137.3802947998047, 6.624988555908203], [137.3802947998047, 6.874996185302734], [137.6303253173828, 6.874996185302734], [137.6303253173828, 6.958332061767578], [136.88023376464844, 6.958332061767578], [136.88023376464844, 6.874996185302734], [137.13026428222656, 6.874996185302734], [137.13026428222656, 6.624988555908203], [136.88023376464844, 6.624988555908203], [136.88023376464844, 6.541652679443359], [137.21360778808594, 6.541652679443359]], [[116.37773132324219, 6.374980926513672], [116.37773132324219, 6.458316802978516], [116.29438781738281, 6.458316802978516], [116.29438781738281, 6.374980926513672], [116.37773132324219, 6.374980926513672]], [[103.95954895019531, 5.208278656005859], [103.95954895019531, 5.874965667724609], [103.87620544433594, 5.874965667724609], [103.87620544433594, 5.208278656005859], [103.95954895019531, 5.208278656005859]], [[119.54478454589844, 4.541591644287109], [119.54478454589844, 4.458255767822266], [119.46144104003906, 4.458255767822266], [119.46144104003906, 4.291584014892578], [119.37809753417969, 4.291584014892578], [119.37809753417969, 4.208248138427734], [119.29475402832031, 4.208248138427734], [119.29475402832031, 4.124912261962891], [119.12806701660156, 4.124912261962891], [119.12806701660156, 3.8749046325683594], [119.04472351074219, 3.8749046325683594], [119.04472351074219, 3.708232879638672], [118.96138000488281, 3.708232879638672], [118.96138000488281, 3.5415611267089844], [118.79469299316406, 3.5415611267089844], [118.79469299316406, 3.4582252502441406], [118.71134948730469, 3.4582252502441406], [118.71134948730469, 3.291553497314453], [118.79469299316406, 3.291553497314453], [118.79469299316406, 2.624866485595703], [118.87803649902344, 2.624866485595703], [118.87803649902344, 2.291522979736328], [118.96138000488281, 2.291522979736328], [118.96138000488281, 2.1248512268066406], [118.87803649902344, 2.1248512268066406], [118.87803649902344, 2.041515350341797], [118.96138000488281, 2.041515350341797], [118.96138000488281, 1.8748435974121094], [119.04472351074219, 1.8748435974121094], [119.04472351074219, 1.7915077209472656], [119.12806701660156, 1.7915077209472656], [119.12806701660156, 1.6248359680175781], [119.21141052246094, 1.6248359680175781], [119.21141052246094, 1.4581642150878906], [119.29475402832031, 1.4581642150878906], [119.29475402832031, 1.2914924621582031], [119.37809753417969, 1.2914924621582031], [119.37809753417969, 1.1248207092285156], [119.46144104003906, 1.1248207092285156], [119.46144104003906, 1.0414848327636719], [119.54478454589844, 1.0414848327636719], [119.54478454589844, 0.9581489562988281], [119.62812805175781, 0.9581489562988281], [119.62812805175781, 0.8748130798339844], [119.71147155761719, 0.8748130798339844], [119.71147155761719, 0.7914772033691406], [119.87815856933594, 0.7914772033691406], [119.87815856933594, 0.8748130798339844], [119.96150207519531, 0.8748130798339844], [119.96150207519531, 1.1248207092285156], [120.04484558105469, 1.1248207092285156], [120.04484558105469, 1.2081565856933594], [119.87815856933594, 1.2081565856933594], [119.87815856933594, 1.2914924621582031], [119.79481506347656, 1.2914924621582031], [119.79481506347656, 1.3748283386230469], [119.62812805175781, 1.3748283386230469], [119.62812805175781, 1.5415000915527344], [119.54478454589844, 1.5415000915527344], [119.54478454589844, 1.6248359680175781], [119.46144104003906, 1.6248359680175781], [119.46144104003906, 1.7081718444824219], [119.37809753417969, 1.7081718444824219], [119.37809753417969, 1.7915077209472656], [119.29475402832031, 1.7915077209472656], [119.29475402832031, 2.041515350341797], [119.37809753417969, 2.041515350341797], [119.37809753417969, 2.1248512268066406], [119.29475402832031, 2.1248512268066406], [119.29475402832031, 2.2081871032714844], [119.37809753417969, 2.2081871032714844], [119.37809753417969, 2.8748741149902344], [119.46144104003906, 2.8748741149902344], [119.46144104003906, 3.4582252502441406], [119.54478454589844, 3.4582252502441406], [119.54478454589844, 3.7915687561035156], [119.62812805175781, 3.7915687561035156], [119.62812805175781, 3.958240509033203], [119.71147155761719, 3.958240509033203], [119.71147155761719, 4.208248138427734], [119.79481506347656, 4.208248138427734], [119.79481506347656, 4.458255767822266], [119.71147155761719, 4.458255767822266], [119.71147155761719, 4.958271026611328], [119.62812805175781, 4.958271026611328], [119.62812805175781, 5.208278656005859], [119.54478454589844, 5.208278656005859], [119.54478454589844, 5.374950408935547], [119.46144104003906, 5.374950408935547], [119.46144104003906, 5.124942779541016], [119.54478454589844, 5.124942779541016], [119.54478454589844, 4.624927520751953], [119.37809753417969, 4.624927520751953], [119.37809753417969, 4.541591644287109], [119.54478454589844, 4.541591644287109]], [[119.12806701660156, 1.1248207092285156], [119.12806701660156, 1.2914924621582031], [119.04472351074219, 1.2914924621582031], [119.04472351074219, 1.3748283386230469], [118.96138000488281, 1.3748283386230469], [118.96138000488281, 1.2081565856933594], [119.04472351074219, 1.2081565856933594], [119.04472351074219, 1.0414848327636719], [119.12806701660156, 1.0414848327636719], [119.12806701660156, 0.8748130798339844], [119.37809753417969, 0.8748130798339844], [119.37809753417969, 1.1248207092285156], [119.12806701660156, 1.1248207092285156]], [[118.96138000488281, 1.5415000915527344], [118.79469299316406, 1.5415000915527344], [118.79469299316406, 1.4581642150878906], [118.87803649902344, 1.4581642150878906], [118.87803649902344, 1.3748283386230469], [118.96138000488281, 1.3748283386230469], [118.96138000488281, 1.5415000915527344]], [[136.9635772705078, 5.208278656005859], [136.9635772705078, 5.374950408935547], [136.88023376464844, 5.374950408935547], [136.88023376464844, 5.208278656005859], [136.9635772705078, 5.208278656005859]], [[127.37907409667969, 4.791599273681641], [127.37907409667969, 4.874935150146484], [127.21238708496094, 4.874935150146484], [127.21238708496094, 4.791599273681641], [127.37907409667969, 4.791599273681641]], [[127.37907409667969, 4.708263397216797], [127.54576110839844, 4.708263397216797], [127.54576110839844, 4.791599273681641], [127.37907409667969, 4.791599273681641], [127.37907409667969, 4.708263397216797]], [[119.12806701660156, 4.541591644287109], [119.12806701660156, 4.791599273681641], [119.04472351074219, 4.791599273681641], [119.04472351074219, 4.541591644287109], [119.12806701660156, 4.541591644287109]], [[118.96138000488281, 4.541591644287109], [118.96138000488281, 4.374919891357422], [119.04472351074219, 4.374919891357422], [119.04472351074219, 4.541591644287109], [118.96138000488281, 4.541591644287109]], [[126.87901306152344, 4.624927520751953], [126.87901306152344, 4.708263397216797], [126.79566955566406, 4.708263397216797], [126.79566955566406, 4.624927520751953], [126.87901306152344, 4.624927520751953]], [[118.96138000488281, 4.124912261962891], [118.96138000488281, 4.208248138427734], [118.87803649902344, 4.208248138427734], [118.87803649902344, 4.124912261962891], [118.96138000488281, 4.124912261962891]], [[96.12525939941406, 4.041576385498047], [96.12525939941406, 4.124912261962891], [96.04191589355469, 4.124912261962891], [96.04191589355469, 4.041576385498047], [96.12525939941406, 4.041576385498047]], [[120.21153259277344, 3.7915687561035156], [120.21153259277344, 3.8749046325683594], [120.29487609863281, 3.8749046325683594], [120.29487609863281, 3.958240509033203], [120.12818908691406, 3.958240509033203], [120.12818908691406, 3.8749046325683594], [119.96150207519531, 3.8749046325683594], [119.96150207519531, 3.708232879638672], [120.12818908691406, 3.708232879638672], [120.12818908691406, 3.7915687561035156], [120.21153259277344, 3.7915687561035156]], [[138.46376037597656, 3.041545867919922], [138.46376037597656, 3.1248817443847656], [138.6304473876953, 3.1248817443847656], [138.6304473876953, 2.958209991455078], [139.13050842285156, 2.958209991455078], [139.13050842285156, 3.041545867919922], [139.21385192871094, 3.041545867919922], [139.21385192871094, 3.1248817443847656], [139.2971954345703, 3.1248817443847656], [139.2971954345703, 3.2082176208496094], [139.3805389404297, 3.2082176208496094], [139.3805389404297, 3.374889373779297], [139.6305694580078, 3.374889373779297], [139.6305694580078, 3.624897003173828], [139.13050842285156, 3.624897003173828], [139.13050842285156, 3.4582252502441406], [138.88047790527344, 3.4582252502441406], [138.88047790527344, 3.5415611267089844], [138.7137908935547, 3.5415611267089844], [138.7137908935547, 3.624897003173828], [138.2970733642578, 3.624897003173828], [138.2970733642578, 3.374889373779297], [138.21372985839844, 3.374889373779297], [138.21372985839844, 3.1248817443847656], [138.13038635253906, 3.1248817443847656], [138.13038635253906, 3.041545867919922], [138.46376037597656, 3.041545867919922]], [[142.3809051513672, 3.2082176208496094], [142.3809051513672, 3.1248817443847656], [142.2975616455078, 3.1248817443847656], [142.2975616455078, 3.041545867919922], [142.13087463378906, 3.041545867919922], [142.13087463378906, 2.958209991455078], [142.0475311279297, 2.958209991455078], [142.0475311279297, 2.8748741149902344], [141.88084411621094, 2.8748741149902344], [141.88084411621094, 2.7915382385253906], [141.6308135986328, 2.7915382385253906], [141.6308135986328, 2.708202362060547], [141.13075256347656, 2.708202362060547], [141.13075256347656, 2.374858856201172], [141.0474090576172, 2.374858856201172], [141.0474090576172, 2.2081871032714844], [140.9640655517578, 2.2081871032714844], [140.9640655517578, 2.1248512268066406], [140.88072204589844, 2.1248512268066406], [140.88072204589844, 2.041515350341797], [140.7140350341797, 2.041515350341797], [140.7140350341797, 1.9581794738769531], [140.6306915283203, 1.9581794738769531], [140.6306915283203, 1.7915077209472656], [141.0474090576172, 1.7915077209472656], [141.0474090576172, 1.8748435974121094], [141.9641876220703, 1.8748435974121094], [141.9641876220703, 1.9581794738769531], [142.21421813964844, 1.9581794738769531], [142.21421813964844, 2.041515350341797], [142.54759216308594, 2.041515350341797], [142.54759216308594, 2.1248512268066406], [142.7142791748047, 2.1248512268066406], [142.7142791748047, 2.2081871032714844], [142.88096618652344, 2.2081871032714844], [142.88096618652344, 2.291522979736328], [142.9643096923828, 2.291522979736328], [142.9643096923828, 3.4582252502441406], [142.79762268066406, 3.4582252502441406], [142.79762268066406, 3.374889373779297], [142.6309356689453, 3.374889373779297], [142.6309356689453, 3.291553497314453], [142.54759216308594, 3.291553497314453], [142.54759216308594, 3.2082176208496094], [142.3809051513672, 3.2082176208496094]], [[137.3802947998047, 3.1248817443847656], [137.3802947998047, 3.374889373779297], [137.13026428222656, 3.374889373779297], [137.13026428222656, 3.1248817443847656], [137.3802947998047, 3.1248817443847656]], [[139.7139129638672, 2.958209991455078], [139.7139129638672, 3.2082176208496094], [139.54722595214844, 3.2082176208496094], [139.54722595214844, 3.1248817443847656], [139.46388244628906, 3.1248817443847656], [139.46388244628906, 3.041545867919922], [139.54722595214844, 3.041545867919922], [139.54722595214844, 2.958209991455078], [139.7139129638672, 2.958209991455078]], [[140.13063049316406, 2.8748741149902344], [140.13063049316406, 3.1248817443847656], [139.88059997558594, 3.1248817443847656], [139.88059997558594, 2.8748741149902344], [140.13063049316406, 2.8748741149902344]], [[139.3805389404297, 2.8748741149902344], [139.3805389404297, 2.624866485595703], [139.88059997558594, 2.624866485595703], [139.88059997558594, 2.8748741149902344], [139.3805389404297, 2.8748741149902344]], [[100.87583923339844, 2.708202362060547], [100.87583923339844, 2.7915382385253906], [101.04252624511719, 2.7915382385253906], [101.04252624511719, 2.708202362060547], [101.12586975097656, 2.708202362060547], [101.12586975097656, 2.624866485595703], [101.20921325683594, 2.624866485595703], [101.20921325683594, 2.5415306091308594], [101.37590026855469, 2.5415306091308594], [101.37590026855469, 2.291522979736328], [101.54258728027344, 2.291522979736328], [101.54258728027344, 2.2081871032714844], [101.62593078613281, 2.2081871032714844], [101.62593078613281, 2.1248512268066406], [102.04264831542969, 2.1248512268066406], [102.04264831542969, 1.9581794738769531], [102.12599182128906, 1.9581794738769531], [102.12599182128906, 1.7915077209472656], [102.20933532714844, 1.7915077209472656], [102.20933532714844, 1.7081718444824219], [102.29267883300781, 1.7081718444824219], [102.29267883300781, 1.6248359680175781], [102.37602233886719, 1.6248359680175781], [102.37602233886719, 1.5415000915527344], [102.45936584472656, 1.5415000915527344], [102.45936584472656, 1.4581642150878906], [102.54270935058594, 1.4581642150878906], [102.54270935058594, 1.5415000915527344], [102.62605285644531, 1.5415000915527344], [102.62605285644531, 1.7081718444824219], [102.70939636230469, 1.7081718444824219], [102.70939636230469, 1.7915077209472656], [102.54270935058594, 1.7915077209472656], [102.54270935058594, 1.8748435974121094], [102.45936584472656, 1.8748435974121094], [102.45936584472656, 1.9581794738769531], [102.37602233886719, 1.9581794738769531], [102.37602233886719, 2.041515350341797], [102.29267883300781, 2.041515350341797], [102.29267883300781, 2.1248512268066406], [102.12599182128906, 2.1248512268066406], [102.12599182128906, 2.291522979736328], [102.04264831542969, 2.291522979736328], [102.04264831542969, 2.374858856201172], [101.87596130371094, 2.374858856201172], [101.87596130371094, 2.4581947326660156], [101.79261779785156, 2.4581947326660156], [101.79261779785156, 2.5415306091308594], [101.62593078613281, 2.5415306091308594], [101.62593078613281, 2.624866485595703], [101.37590026855469, 2.624866485595703], [101.37590026855469, 2.7915382385253906], [101.29255676269531, 2.7915382385253906], [101.29255676269531, 2.8748741149902344], [101.12586975097656, 2.8748741149902344], [101.12586975097656, 2.958209991455078], [100.62580871582031, 2.958209991455078], [100.62580871582031, 2.8748741149902344], [100.70915222167969, 2.8748741149902344], [100.70915222167969, 2.7915382385253906], [100.79249572753906, 2.7915382385253906], [100.79249572753906, 2.708202362060547], [100.87583923339844, 2.708202362060547]], [[102.70939636230469, 1.5415000915527344], [102.79273986816406, 1.5415000915527344], [102.79273986816406, 1.3748283386230469], [102.87608337402344, 1.3748283386230469], [102.87608337402344, 1.6248359680175781], [102.79273986816406, 1.6248359680175781], [102.79273986816406, 1.7081718444824219], [102.70939636230469, 1.7081718444824219], [102.70939636230469, 1.5415000915527344]], [[102.87608337402344, 1.2914924621582031], [102.95942687988281, 1.2914924621582031], [102.95942687988281, 1.2081565856933594], [103.20945739746094, 1.2081565856933594], [103.20945739746094, 1.0414848327636719], [103.29280090332031, 1.0414848327636719], [103.29280090332031, 1.1248207092285156], [103.37614440917969, 1.1248207092285156], [103.37614440917969, 1.0414848327636719], [103.45948791503906, 1.0414848327636719], [103.45948791503906, 0.9581489562988281], [103.54283142089844, 0.9581489562988281], [103.54283142089844, 1.0414848327636719], [103.62617492675781, 1.0414848327636719], [103.62617492675781, 1.2914924621582031], [103.12611389160156, 1.2914924621582031], [103.12611389160156, 1.3748283386230469], [102.87608337402344, 1.3748283386230469], [102.87608337402344, 1.2914924621582031]], [[111.37712097167969, 2.8748741149902344], [111.37712097167969, 2.958209991455078], [111.21043395996094, 2.958209991455078], [111.21043395996094, 2.8748741149902344], [111.37712097167969, 2.8748741149902344]], [[125.12879943847656, 2.8748741149902344], [125.12879943847656, 2.7915382385253906], [125.21214294433594, 2.7915382385253906], [125.21214294433594, 2.708202362060547], [125.29548645019531, 2.708202362060547], [125.29548645019531, 2.8748741149902344], [125.12879943847656, 2.8748741149902344]], [[121.12831115722656, 2.291522979736328], [121.12831115722656, 2.374858856201172], [120.96162414550781, 2.374858856201172], [120.96162414550781, 2.1248512268066406], [121.12831115722656, 2.1248512268066406], [121.12831115722656, 2.041515350341797], [121.21165466308594, 2.041515350341797], [121.21165466308594, 2.1248512268066406], [121.29499816894531, 2.1248512268066406], [121.29499816894531, 2.2081871032714844], [121.37834167480469, 2.2081871032714844], [121.37834167480469, 2.4581947326660156], [121.46168518066406, 2.4581947326660156], [121.46168518066406, 2.5415306091308594], [121.54502868652344, 2.5415306091308594], [121.54502868652344, 2.708202362060547], [121.62837219238281, 2.708202362060547], [121.62837219238281, 2.7915382385253906], [121.37834167480469, 2.7915382385253906], [121.37834167480469, 2.708202362060547], [121.29499816894531, 2.708202362060547], [121.29499816894531, 2.5415306091308594], [121.21165466308594, 2.5415306091308594], [121.21165466308594, 2.291522979736328], [121.12831115722656, 2.291522979736328]], [[123.71195983886719, 2.1248512268066406], [123.71195983886719, 2.291522979736328], [123.62861633300781, 2.291522979736328], [123.62861633300781, 2.4581947326660156], [123.54527282714844, 2.4581947326660156], [123.54527282714844, 2.5415306091308594], [123.46192932128906, 2.5415306091308594], [123.46192932128906, 2.624866485595703], [123.21189880371094, 2.624866485595703], [123.21189880371094, 2.708202362060547], [123.12855529785156, 2.708202362060547], [123.12855529785156, 2.374858856201172], [123.37858581542969, 2.374858856201172], [123.37858581542969, 2.2081871032714844], [123.46192932128906, 2.2081871032714844], [123.46192932128906, 2.1248512268066406], [123.71195983886719, 2.1248512268066406]], [[139.88059997558594, 1.8748435974121094], [139.88059997558594, 2.374858856201172], [139.6305694580078, 2.374858856201172], [139.6305694580078, 1.8748435974121094], [139.88059997558594, 1.8748435974121094]], [[97.70878601074219, 2.2081871032714844], [97.70878601074219, 2.291522979736328], [97.62544250488281, 2.291522979736328], [97.62544250488281, 2.2081871032714844], [97.70878601074219, 2.2081871032714844]], [[109.37687683105469, 2.291522979736328], [109.37687683105469, 2.1248512268066406], [109.71025085449219, 2.1248512268066406], [109.71025085449219, 2.2081871032714844], [109.62690734863281, 2.2081871032714844], [109.62690734863281, 2.291522979736328], [109.37687683105469, 2.291522979736328]], [[118.29463195800781, 2.2081871032714844], [118.29463195800781, 2.291522979736328], [118.21128845214844, 2.291522979736328], [118.21128845214844, 2.2081871032714844], [118.29463195800781, 2.2081871032714844]], [[128.12916564941406, 2.1248512268066406], [128.12916564941406, 2.291522979736328], [128.0458221435547, 2.291522979736328], [128.0458221435547, 2.1248512268066406], [128.12916564941406, 2.1248512268066406]], [[118.37797546386719, 2.041515350341797], [118.37797546386719, 2.1248512268066406], [118.29463195800781, 2.1248512268066406], [118.29463195800781, 2.041515350341797], [118.37797546386719, 2.041515350341797]], [[118.79469299316406, 2.041515350341797], [118.79469299316406, 2.1248512268066406], [118.71134948730469, 2.1248512268066406], [118.71134948730469, 2.041515350341797], [118.79469299316406, 2.041515350341797]], [[125.21214294433594, 1.8748435974121094], [125.21214294433594, 1.6248359680175781], [125.87889099121094, 1.6248359680175781], [125.87889099121094, 1.8748435974121094], [125.79554748535156, 1.8748435974121094], [125.79554748535156, 1.9581794738769531], [125.62886047363281, 1.9581794738769531], [125.62886047363281, 2.041515350341797], [125.29548645019531, 2.041515350341797], [125.29548645019531, 2.1248512268066406], [124.96211242675781, 2.1248512268066406], [124.96211242675781, 1.8748435974121094], [125.04545593261719, 1.8748435974121094], [125.04545593261719, 1.9581794738769531], [125.12879943847656, 1.9581794738769531], [125.12879943847656, 1.8748435974121094], [125.21214294433594, 1.8748435974121094]], [[138.88047790527344, 1.8748435974121094], [138.88047790527344, 2.1248512268066406], [138.6304473876953, 2.1248512268066406], [138.6304473876953, 1.8748435974121094], [138.88047790527344, 1.8748435974121094]], [[138.88047790527344, 1.6248359680175781], [139.13050842285156, 1.6248359680175781], [139.13050842285156, 1.8748435974121094], [138.88047790527344, 1.8748435974121094], [138.88047790527344, 1.6248359680175781]], [[137.13026428222656, 1.8748435974121094], [137.13026428222656, 1.9581794738769531], [137.0469207763672, 1.9581794738769531], [137.0469207763672, 1.8748435974121094], [137.13026428222656, 1.8748435974121094]], [[137.13026428222656, 1.7915077209472656], [137.3802947998047, 1.7915077209472656], [137.3802947998047, 1.8748435974121094], [137.13026428222656, 1.8748435974121094], [137.13026428222656, 1.7915077209472656]], [[126.29560852050781, 1.5415000915527344], [126.29560852050781, 1.3748283386230469], [126.46229553222656, 1.3748283386230469], [126.46229553222656, 1.4581642150878906], [126.54563903808594, 1.4581642150878906], [126.54563903808594, 1.5415000915527344], [126.71232604980469, 1.5415000915527344], [126.71232604980469, 1.6248359680175781], [126.96235656738281, 1.6248359680175781], [126.96235656738281, 1.7915077209472656], [126.87901306152344, 1.7915077209472656], [126.87901306152344, 1.7081718444824219], [126.54563903808594, 1.7081718444824219], [126.54563903808594, 1.6248359680175781], [126.37895202636719, 1.6248359680175781], [126.37895202636719, 1.5415000915527344], [126.29560852050781, 1.5415000915527344]], [[138.79713439941406, 1.5415000915527344], [138.79713439941406, 1.6248359680175781], [138.6304473876953, 1.6248359680175781], [138.6304473876953, 1.5415000915527344], [138.79713439941406, 1.5415000915527344]], [[140.3806610107422, 1.3748283386230469], [140.3806610107422, 1.6248359680175781], [140.13063049316406, 1.6248359680175781], [140.13063049316406, 1.3748283386230469], [140.3806610107422, 1.3748283386230469]], [[140.88072204589844, 1.3748283386230469], [140.88072204589844, 1.6248359680175781], [140.6306915283203, 1.6248359680175781], [140.6306915283203, 1.3748283386230469], [140.88072204589844, 1.3748283386230469]], [[142.6309356689453, 1.3748283386230469], [142.6309356689453, 1.6248359680175781], [142.3809051513672, 1.6248359680175781], [142.3809051513672, 1.3748283386230469], [142.6309356689453, 1.3748283386230469]], [[98.12550354003906, 1.3748283386230469], [98.12550354003906, 1.1248207092285156], [98.29219055175781, 1.1248207092285156], [98.29219055175781, 1.2914924621582031], [98.20884704589844, 1.2914924621582031], [98.20884704589844, 1.3748283386230469], [98.12550354003906, 1.3748283386230469]], [[139.79725646972656, 1.2081565856933594], [139.79725646972656, 1.0414848327636719], [139.88059997558594, 1.0414848327636719], [139.88059997558594, 1.3748283386230469], [139.3805389404297, 1.3748283386230469], [139.3805389404297, 1.2081565856933594], [139.46388244628906, 1.2081565856933594], [139.46388244628906, 1.1248207092285156], [139.6305694580078, 1.1248207092285156], [139.6305694580078, 1.2081565856933594], [139.79725646972656, 1.2081565856933594]], [[142.13087463378906, 1.1248207092285156], [142.13087463378906, 1.3748283386230469], [141.88084411621094, 1.3748283386230469], [141.88084411621094, 1.1248207092285156], [142.13087463378906, 1.1248207092285156]], [[141.3807830810547, 1.1248207092285156], [141.3807830810547, 0.3747978210449219], [140.88072204589844, 0.3747978210449219], [140.88072204589844, 0.12479019165039062], [141.6308135986328, 0.12479019165039062], [141.6308135986328, 0.041454315185546875], [141.7141571044922, 0.041454315185546875], [141.7141571044922, -0.041881561279296875], [141.88084411621094, -0.041881561279296875], [141.88084411621094, 0.12479019165039062], [141.9641876220703, 0.12479019165039062], [141.9641876220703, 0.20812606811523438], [142.13087463378906, 0.20812606811523438], [142.13087463378906, 0.3747978210449219], [141.6308135986328, 0.3747978210449219], [141.6308135986328, 0.6248054504394531], [141.88084411621094, 0.6248054504394531], [141.88084411621094, 1.1248207092285156], [141.3807830810547, 1.1248207092285156]], [[142.3809051513672, 0.3747978210449219], [142.3809051513672, 0.6248054504394531], [142.13087463378906, 0.6248054504394531], [142.13087463378906, 0.3747978210449219], [142.3809051513672, 0.3747978210449219]], [[103.79286193847656, 1.2081565856933594], [103.79286193847656, 1.2914924621582031], [103.70951843261719, 1.2914924621582031], [103.70951843261719, 1.2081565856933594], [103.79286193847656, 1.2081565856933594]], [[104.04289245605469, 1.1248207092285156], [104.04289245605469, 1.2914924621582031], [103.95954895019531, 1.2914924621582031], [103.95954895019531, 1.1248207092285156], [104.04289245605469, 1.1248207092285156]], [[126.29560852050781, 1.2081565856933594], [126.29560852050781, 1.2914924621582031], [126.04557800292969, 1.2914924621582031], [126.04557800292969, 1.2081565856933594], [125.96223449707031, 1.2081565856933594], [125.96223449707031, 1.1248207092285156], [126.21226501464844, 1.1248207092285156], [126.21226501464844, 1.2081565856933594], [126.29560852050781, 1.2081565856933594]], [[126.71232604980469, 1.2081565856933594], [126.71232604980469, 1.2914924621582031], [126.37895202636719, 1.2914924621582031], [126.37895202636719, 1.2081565856933594], [126.71232604980469, 1.2081565856933594]], [[140.6306915283203, 1.1248207092285156], [140.6306915283203, 0.6248054504394531], [141.13075256347656, 0.6248054504394531], [141.13075256347656, 0.8748130798339844], [140.88072204589844, 0.8748130798339844], [140.88072204589844, 1.1248207092285156], [140.6306915283203, 1.1248207092285156]], [[125.71220397949219, 0.9581489562988281], [125.71220397949219, 1.0414848327636719], [125.54551696777344, 1.0414848327636719], [125.54551696777344, 0.9581489562988281], [125.71220397949219, 0.9581489562988281]], [[125.37882995605469, 0.9581489562988281], [125.37882995605469, 0.8748130798339844], [125.54551696777344, 0.8748130798339844], [125.54551696777344, 0.9581489562988281], [125.37882995605469, 0.9581489562988281]], [[125.29548645019531, 0.8748130798339844], [125.29548645019531, 0.7914772033691406], [125.21214294433594, 0.7914772033691406], [125.21214294433594, 0.7081413269042969], [125.12879943847656, 0.7081413269042969], [125.12879943847656, 0.6248054504394531], [125.29548645019531, 0.6248054504394531], [125.29548645019531, 0.7081413269042969], [125.37882995605469, 0.7081413269042969], [125.37882995605469, 0.8748130798339844], [125.29548645019531, 0.8748130798339844]], [[124.96211242675781, 0.6248054504394531], [124.96211242675781, 0.5414695739746094], [124.62873840332031, 0.5414695739746094], [124.62873840332031, 0.2914619445800781], [124.79542541503906, 0.2914619445800781], [124.79542541503906, 0.3747978210449219], [124.96211242675781, 0.3747978210449219], [124.96211242675781, 0.4581336975097656], [125.12879943847656, 0.4581336975097656], [125.12879943847656, 0.6248054504394531], [124.96211242675781, 0.6248054504394531]], [[103.79286193847656, 0.6248054504394531], [103.79286193847656, 0.7914772033691406], [103.70951843261719, 0.7914772033691406], [103.70951843261719, 0.7081413269042969], [103.62617492675781, 0.7081413269042969], [103.62617492675781, 0.5414695739746094], [103.70951843261719, 0.5414695739746094], [103.70951843261719, 0.6248054504394531], [103.79286193847656, 0.6248054504394531]], [[103.37614440917969, 0.6248054504394531], [103.37614440917969, 0.7081413269042969], [103.29280090332031, 0.7081413269042969], [103.29280090332031, 0.6248054504394531], [103.37614440917969, 0.6248054504394531]], [[103.37614440917969, 0.4581336975097656], [103.45948791503906, 0.4581336975097656], [103.45948791503906, 0.6248054504394531], [103.37614440917969, 0.6248054504394531], [103.37614440917969, 0.4581336975097656]], [[99.04228210449219, 0.2914619445800781], [99.04228210449219, 0.3747978210449219], [98.95893859863281, 0.3747978210449219], [98.95893859863281, 0.2914619445800781], [99.04228210449219, 0.2914619445800781]], [[99.04228210449219, 0.20812606811523438], [99.12562561035156, 0.20812606811523438], [99.12562561035156, 0.2914619445800781], [99.04228210449219, 0.2914619445800781], [99.04228210449219, 0.20812606811523438]], [[123.12855529785156, 0.12479019165039062], [123.12855529785156, 0.2914619445800781], [122.96186828613281, 0.2914619445800781], [122.96186828613281, 0.3747978210449219], [121.62837219238281, 0.3747978210449219], [121.62837219238281, 0.2914619445800781], [122.46180725097656, 0.2914619445800781], [122.46180725097656, 0.20812606811523438], [122.87852478027344, 0.20812606811523438], [122.87852478027344, 0.12479019165039062], [123.12855529785156, 0.12479019165039062]], [[99.29231262207031, -0.2918891906738281], [99.29231262207031, -0.3752250671386719], [99.37565612792969, -0.3752250671386719], [99.37565612792969, -0.6252326965332031], [99.45899963378906, -0.6252326965332031], [99.45899963378906, -0.7085685729980469], [99.54234313964844, -0.7085685729980469], [99.54234313964844, -0.7919044494628906], [99.62568664550781, -0.7919044494628906], [99.62568664550781, -0.8752403259277344], [99.79237365722656, -0.8752403259277344], [99.79237365722656, -0.9585762023925781], [99.87571716308594, -0.9585762023925781], [99.87571716308594, -1.0419120788574219], [100.04240417480469, -1.0419120788574219], [100.04240417480469, -1.1252479553222656], [100.29243469238281, -1.1252479553222656], [100.29243469238281, -0.9585762023925781], [100.20909118652344, -0.9585762023925781], [100.20909118652344, -0.8752403259277344], [100.12574768066406, -0.8752403259277344], [100.12574768066406, -0.7919044494628906], [100.04240417480469, -0.7919044494628906], [100.04240417480469, -0.7085685729980469], [100.12574768066406, -0.7085685729980469], [100.12574768066406, -0.5418968200683594], [100.04240417480469, -0.5418968200683594], [100.04240417480469, -0.4585609436035156], [99.87571716308594, -0.4585609436035156], [99.87571716308594, -0.3752250671386719], [99.79237365722656, -0.3752250671386719], [99.79237365722656, -0.4585609436035156], [99.70903015136719, -0.4585609436035156], [99.70903015136719, -0.3752250671386719], [99.62568664550781, -0.3752250671386719], [99.62568664550781, -0.2918891906738281], [99.54234313964844, -0.2918891906738281], [99.54234313964844, -0.12521743774414062], [99.37565612792969, -0.12521743774414062], [99.37565612792969, -0.20855331420898438], [99.29231262207031, -0.20855331420898438], [99.29231262207031, -0.041881561279296875], [99.37565612792969, -0.041881561279296875], [99.37565612792969, 0.041454315185546875], [99.29231262207031, 0.041454315185546875], [99.29231262207031, 0.12479019165039062], [99.04228210449219, 0.12479019165039062], [99.04228210449219, -0.041881561279296875], [99.12562561035156, -0.041881561279296875], [99.12562561035156, -0.20855331420898438], [99.20896911621094, -0.20855331420898438], [99.20896911621094, -0.2918891906738281], [99.29231262207031, -0.2918891906738281]], [[100.37577819824219, -0.9585762023925781], [100.37577819824219, -0.8752403259277344], [100.29243469238281, -0.8752403259277344], [100.29243469238281, -0.9585762023925781], [100.37577819824219, -0.9585762023925781]], [[119.04472351074219, -0.12521743774414062], [119.04472351074219, -0.20855331420898438], [118.96138000488281, -0.20855331420898438], [118.96138000488281, -0.2918891906738281], [118.87803649902344, -0.2918891906738281], [118.87803649902344, -0.3752250671386719], [118.79469299316406, -0.3752250671386719], [118.79469299316406, -0.6252326965332031], [118.87803649902344, -0.6252326965332031], [118.87803649902344, -0.7919044494628906], [118.79469299316406, -0.7919044494628906], [118.79469299316406, -0.8752403259277344], [118.71134948730469, -0.8752403259277344], [118.71134948730469, -0.9585762023925781], [118.62800598144531, -0.9585762023925781], [118.62800598144531, -0.8752403259277344], [118.21128845214844, -0.8752403259277344], [118.21128845214844, -1.0419120788574219], [118.12794494628906, -1.0419120788574219], [118.12794494628906, -1.7085990905761719], [118.21128845214844, -1.7085990905761719], [118.21128845214844, -2.375286102294922], [118.12794494628906, -2.375286102294922], [118.12794494628906, -2.5419578552246094], [118.04460144042969, -2.5419578552246094], [118.04460144042969, -2.958637237548828], [118.12794494628906, -2.958637237548828], [118.12794494628906, -3.291980743408203], [118.21128845214844, -3.291980743408203], [118.21128845214844, -2.8753013610839844], [118.29463195800781, -2.8753013610839844], [118.29463195800781, -3.041973114013672], [118.37797546386719, -3.041973114013672], [118.37797546386719, -3.2086448669433594], [118.46131896972656, -3.2086448669433594], [118.46131896972656, -3.5419883728027344], [118.37797546386719, -3.5419883728027344], [118.37797546386719, -3.625324249267578], [118.29463195800781, -3.625324249267578], [118.29463195800781, -3.7919960021972656], [118.21128845214844, -3.7919960021972656], [118.21128845214844, -3.8753318786621094], [118.12794494628906, -3.8753318786621094], [118.12794494628906, -4.125339508056641], [118.04460144042969, -4.125339508056641], [118.04460144042969, -4.292011260986328], [117.96125793457031, -4.292011260986328], [117.96125793457031, -4.375347137451172], [118.12794494628906, -4.375347137451172], [118.12794494628906, -5.125370025634766], [118.04460144042969, -5.125370025634766], [118.04460144042969, -5.208705902099609], [117.96125793457031, -5.208705902099609], [117.96125793457031, -5.375377655029297], [117.87791442871094, -5.375377655029297], [117.87791442871094, -5.542049407958984], [117.79457092285156, -5.542049407958984], [117.79457092285156, -5.625385284423828], [117.71122741699219, -5.625385284423828], [117.71122741699219, -5.708721160888672], [117.62788391113281, -5.708721160888672], [117.62788391113281, -5.875392913818359], [117.54454040527344, -5.875392913818359], [117.54454040527344, -6.042064666748047], [117.46119689941406, -6.042064666748047], [117.46119689941406, -6.208736419677734], [117.37785339355469, -6.208736419677734], [117.37785339355469, -6.625415802001953], [117.62788391113281, -6.625415802001953], [117.62788391113281, -6.375408172607422], [117.79457092285156, -6.375408172607422], [117.79457092285156, -6.625415802001953], [118.12794494628906, -6.625415802001953], [118.12794494628906, -6.792087554931641], [118.37797546386719, -6.792087554931641], [118.37797546386719, -6.542079925537109], [118.46131896972656, -6.542079925537109], [118.46131896972656, -6.375408172607422], [118.54466247558594, -6.375408172607422], [118.54466247558594, -6.208736419677734], [118.62800598144531, -6.208736419677734], [118.62800598144531, -6.042064666748047], [118.71134948730469, -6.042064666748047], [118.71134948730469, -5.958728790283203], [118.79469299316406, -5.958728790283203], [118.79469299316406, -5.875392913818359], [118.87803649902344, -5.875392913818359], [118.87803649902344, -5.458713531494141], [118.79469299316406, -5.458713531494141], [118.79469299316406, -5.375377655029297], [118.71134948730469, -5.375377655029297], [118.71134948730469, -4.458683013916016], [118.79469299316406, -4.458683013916016], [118.79469299316406, -3.625324249267578], [118.71134948730469, -3.625324249267578], [118.71134948730469, -3.1253089904785156], [118.62800598144531, -3.1253089904785156], [118.62800598144531, -2.625293731689453], [118.54466247558594, -2.625293731689453], [118.54466247558594, -2.5419578552246094], [118.46131896972656, -2.5419578552246094], [118.46131896972656, -2.375286102294922], [118.62800598144531, -2.375286102294922], [118.62800598144531, -2.1252784729003906], [118.37797546386719, -2.1252784729003906], [118.37797546386719, -1.3752555847167969], [118.46131896972656, -1.3752555847167969], [118.46131896972656, -1.6252632141113281], [118.54466247558594, -1.6252632141113281], [118.54466247558594, -1.7085990905761719], [118.62800598144531, -1.7085990905761719], [118.62800598144531, -1.7919349670410156], [118.71134948730469, -1.7919349670410156], [118.71134948730469, -1.7085990905761719], [118.79469299316406, -1.7085990905761719], [118.79469299316406, -1.4585914611816406], [118.87803649902344, -1.4585914611816406], [118.87803649902344, -1.2919197082519531], [118.96138000488281, -1.2919197082519531], [118.96138000488281, -1.1252479553222656], [119.04472351074219, -1.1252479553222656], [119.04472351074219, -0.9585762023925781], [119.12806701660156, -0.9585762023925781], [119.12806701660156, -0.8752403259277344], [119.21141052246094, -0.8752403259277344], [119.21141052246094, -0.7085685729980469], [119.29475402832031, -0.7085685729980469], [119.29475402832031, -0.5418968200683594], [119.37809753417969, -0.5418968200683594], [119.37809753417969, -0.3752250671386719], [119.46144104003906, -0.3752250671386719], [119.46144104003906, -0.20855331420898438], [119.54478454589844, -0.20855331420898438], [119.54478454589844, -0.041881561279296875], [119.62812805175781, -0.041881561279296875], [119.62812805175781, 0.041454315185546875], [119.71147155761719, 0.041454315185546875], [119.71147155761719, 0.12479019165039062], [119.46144104003906, 0.12479019165039062], [119.46144104003906, 0.041454315185546875], [119.37809753417969, 0.041454315185546875], [119.37809753417969, -0.041881561279296875], [119.12806701660156, -0.041881561279296875], [119.12806701660156, -0.12521743774414062], [119.04472351074219, -0.12521743774414062]], [[117.12782287597656, -6.625415802001953], [117.12782287597656, -6.458744049072266], [117.04447937011719, -6.458744049072266], [117.04447937011719, -6.542079925537109], [116.87779235839844, -6.542079925537109], [116.87779235839844, -6.125400543212891], [116.12770080566406, -6.125400543212891], [116.12770080566406, -6.625415802001953], [116.87779235839844, -6.625415802001953], [116.87779235839844, -6.875423431396484], [116.62776184082031, -6.875423431396484], [116.62776184082031, -7.125431060791016], [117.12782287597656, -7.125431060791016], [117.12782287597656, -6.875423431396484], [117.37785339355469, -6.875423431396484], [117.37785339355469, -6.625415802001953], [117.12782287597656, -6.625415802001953]], [[128.9626007080078, -0.041881561279296875], [128.9626007080078, 0.12479019165039062], [128.87925720214844, 0.12479019165039062], [128.87925720214844, -0.041881561279296875], [128.9626007080078, -0.041881561279296875]], [[123.79530334472656, -0.2918891906738281], [123.79530334472656, -0.3752250671386719], [123.62861633300781, -0.3752250671386719], [123.62861633300781, -0.7085685729980469], [123.71195983886719, -0.7085685729980469], [123.71195983886719, -0.9585762023925781], [123.79530334472656, -0.9585762023925781], [123.79530334472656, -1.2085838317871094], [123.62861633300781, -1.2085838317871094], [123.62861633300781, -1.2919197082519531], [123.71195983886719, -1.2919197082519531], [123.71195983886719, -1.3752555847167969], [123.87864685058594, -1.3752555847167969], [123.87864685058594, -1.2085838317871094], [123.96199035644531, -1.2085838317871094], [123.96199035644531, -0.8752403259277344], [124.04533386230469, -0.8752403259277344], [124.04533386230469, -0.4585609436035156], [124.12867736816406, -0.4585609436035156], [124.12867736816406, -0.12521743774414062], [124.21202087402344, -0.12521743774414062], [124.21202087402344, 0.041454315185546875], [124.04533386230469, 0.041454315185546875], [124.04533386230469, -0.041881561279296875], [123.96199035644531, -0.041881561279296875], [123.96199035644531, -0.20855331420898438], [123.87864685058594, -0.20855331420898438], [123.87864685058594, -0.2918891906738281], [123.79530334472656, -0.2918891906738281]], [[123.54527282714844, -0.7085685729980469], [123.54527282714844, -0.8752403259277344], [123.62861633300781, -0.8752403259277344], [123.62861633300781, -0.7085685729980469], [123.54527282714844, -0.7085685729980469]], [[142.9643096923828, -0.3752250671386719], [142.9643096923828, -0.12521743774414062], [142.6309356689453, -0.12521743774414062], [142.6309356689453, -0.3752250671386719], [142.9643096923828, -0.3752250671386719]], [[122.96186828613281, -0.5418968200683594], [122.96186828613281, -0.4585609436035156], [122.87852478027344, -0.4585609436035156], [122.87852478027344, -0.5418968200683594], [122.96186828613281, -0.5418968200683594]], [[123.21189880371094, -0.5418968200683594], [123.21189880371094, -0.4585609436035156], [123.12855529785156, -0.4585609436035156], [123.12855529785156, -0.5418968200683594], [123.21189880371094, -0.5418968200683594]], [[130.46278381347656, -0.7919044494628906], [130.46278381347656, -0.7085685729980469], [130.21275329589844, -0.7085685729980469], [130.21275329589844, -0.7919044494628906], [130.46278381347656, -0.7919044494628906]], [[128.54588317871094, -1.6252632141113281], [128.54588317871094, -1.4585914611816406], [128.6292266845703, -1.4585914611816406], [128.6292266845703, -1.2919197082519531], [128.54588317871094, -1.2919197082519531], [128.54588317871094, -1.2085838317871094], [128.46253967285156, -1.2085838317871094], [128.46253967285156, -1.3752555847167969], [128.3791961669922, -1.3752555847167969], [128.3791961669922, -1.5419273376464844], [128.46253967285156, -1.5419273376464844], [128.46253967285156, -1.6252632141113281], [128.54588317871094, -1.6252632141113281]], [[130.3794403076172, -1.3752555847167969], [130.3794403076172, -1.2085838317871094], [130.21275329589844, -1.2085838317871094], [130.21275329589844, -1.3752555847167969], [130.3794403076172, -1.3752555847167969]], [[130.3794403076172, -1.6252632141113281], [130.54612731933594, -1.6252632141113281], [130.54612731933594, -1.4585914611816406], [130.46278381347656, -1.4585914611816406], [130.46278381347656, -1.3752555847167969], [130.3794403076172, -1.3752555847167969], [130.3794403076172, -1.6252632141113281]], [[100.45912170410156, -1.4585914611816406], [100.45912170410156, -1.3752555847167969], [100.37577819824219, -1.3752555847167969], [100.37577819824219, -1.4585914611816406], [100.45912170410156, -1.4585914611816406]], [[100.62580871582031, -1.7085990905761719], [100.62580871582031, -1.3752555847167969], [100.54246520996094, -1.3752555847167969], [100.54246520996094, -1.7085990905761719], [100.62580871582031, -1.7085990905761719]], [[108.96015930175781, -1.3752555847167969], [108.96015930175781, -1.4585914611816406], [109.04350280761719, -1.4585914611816406], [109.04350280761719, -1.6252632141113281], [109.12684631347656, -1.6252632141113281], [109.12684631347656, -1.3752555847167969], [108.96015930175781, -1.3752555847167969]], [[116.79444885253906, -1.4585914611816406], [116.79444885253906, -1.3752555847167969], [116.62776184082031, -1.3752555847167969], [116.62776184082031, -1.4585914611816406], [116.79444885253906, -1.4585914611816406]], [[109.29353332519531, -1.5419273376464844], [109.29353332519531, -1.4585914611816406], [109.21018981933594, -1.4585914611816406], [109.21018981933594, -1.5419273376464844], [109.29353332519531, -1.5419273376464844]], [[109.29353332519531, -1.7919349670410156], [109.29353332519531, -1.6252632141113281], [109.21018981933594, -1.6252632141113281], [109.21018981933594, -1.7919349670410156], [109.29353332519531, -1.7919349670410156]], [[109.46022033691406, -1.7085990905761719], [109.46022033691406, -1.6252632141113281], [109.37687683105469, -1.6252632141113281], [109.37687683105469, -1.7085990905761719], [109.46022033691406, -1.7085990905761719]], [[131.6295928955078, -1.7085990905761719], [131.6295928955078, -1.6252632141113281], [131.46290588378906, -1.6252632141113281], [131.46290588378906, -1.7085990905761719], [131.6295928955078, -1.7085990905761719]], [[128.46253967285156, -1.8752708435058594], [128.46253967285156, -1.7085990905761719], [128.3791961669922, -1.7085990905761719], [128.3791961669922, -1.8752708435058594], [128.46253967285156, -1.8752708435058594]], [[108.62678527832031, -1.7919349670410156], [108.62678527832031, -1.9586067199707031], [108.87681579589844, -1.9586067199707031], [108.87681579589844, -1.8752708435058594], [108.71012878417969, -1.8752708435058594], [108.71012878417969, -1.7919349670410156], [108.62678527832031, -1.7919349670410156]], [[129.79603576660156, -1.9586067199707031], [129.79603576660156, -1.8752708435058594], [129.6293487548828, -1.8752708435058594], [129.6293487548828, -2.1252784729003906], [129.7126922607422, -2.1252784729003906], [129.7126922607422, -2.041942596435547], [129.87937927246094, -2.041942596435547], [129.87937927246094, -1.9586067199707031], [129.79603576660156, -1.9586067199707031]], [[131.12953186035156, -2.1252784729003906], [131.12953186035156, -2.2086143493652344], [131.21287536621094, -2.2086143493652344], [131.21287536621094, -2.291950225830078], [131.3795623779297, -2.291950225830078], [131.3795623779297, -2.5419578552246094], [131.46290588378906, -2.5419578552246094], [131.46290588378906, -2.625293731689453], [131.6295928955078, -2.625293731689453], [131.6295928955078, -2.1252784729003906], [131.46290588378906, -2.1252784729003906], [131.46290588378906, -2.041942596435547], [131.3795623779297, -2.041942596435547], [131.3795623779297, -1.9586067199707031], [131.0461883544922, -1.9586067199707031], [131.0461883544922, -1.8752708435058594], [130.6294708251953, -1.8752708435058594], [130.6294708251953, -2.1252784729003906], [130.79615783691406, -2.1252784729003906], [130.79615783691406, -2.041942596435547], [130.87950134277344, -2.041942596435547], [130.87950134277344, -2.1252784729003906], [131.12953186035156, -2.1252784729003906]], [[109.29353332519531, -2.375286102294922], [109.29353332519531, -2.5419578552246094], [109.37687683105469, -2.5419578552246094], [109.37687683105469, -2.708629608154297], [109.46022033691406, -2.708629608154297], [109.46022033691406, -2.7919654846191406], [109.54356384277344, -2.7919654846191406], [109.54356384277344, -2.8753013610839844], [109.12684631347656, -2.8753013610839844], [109.12684631347656, -2.625293731689453], [108.87681579589844, -2.625293731689453], [108.87681579589844, -2.8753013610839844], [108.71012878417969, -2.8753013610839844], [108.71012878417969, -2.958637237548828], [108.62678527832031, -2.958637237548828], [108.62678527832031, -3.041973114013672], [108.71012878417969, -3.041973114013672], [108.71012878417969, -3.2086448669433594], [108.62678527832031, -3.2086448669433594], [108.62678527832031, -3.4586524963378906], [108.71012878417969, -3.4586524963378906], [108.71012878417969, -3.375316619873047], [108.79347229003906, -3.375316619873047], [108.79347229003906, -3.5419883728027344], [108.87681579589844, -3.5419883728027344], [108.87681579589844, -3.4586524963378906], [108.96015930175781, -3.4586524963378906], [108.96015930175781, -3.5419883728027344], [109.04350280761719, -3.5419883728027344], [109.04350280761719, -3.8753318786621094], [108.96015930175781, -3.8753318786621094], [108.96015930175781, -3.958667755126953], [108.79347229003906, -3.958667755126953], [108.79347229003906, -4.042003631591797], [108.54344177246094, -4.042003631591797], [108.54344177246094, -4.208675384521484], [108.62678527832031, -4.208675384521484], [108.62678527832031, -4.292011260986328], [108.54344177246094, -4.292011260986328], [108.54344177246094, -4.625354766845703], [108.62678527832031, -4.625354766845703], [108.62678527832031, -4.958698272705078], [108.71012878417969, -4.958698272705078], [108.71012878417969, -4.792026519775391], [108.79347229003906, -4.792026519775391], [108.79347229003906, -4.542018890380859], [108.87681579589844, -4.542018890380859], [108.87681579589844, -4.375347137451172], [109.04350280761719, -4.375347137451172], [109.04350280761719, -4.458683013916016], [108.96015930175781, -4.458683013916016], [108.96015930175781, -5.208705902099609], [108.87681579589844, -5.208705902099609], [108.87681579589844, -5.292041778564453], [108.79347229003906, -5.292041778564453], [108.79347229003906, -5.375377655029297], [108.71012878417969, -5.375377655029297], [108.71012878417969, -5.542049407958984], [108.96015930175781, -5.542049407958984], [108.96015930175781, -5.458713531494141], [109.04350280761719, -5.458713531494141], [109.04350280761719, -5.292041778564453], [109.12684631347656, -5.292041778564453], [109.12684631347656, -5.042034149169922], [109.21018981933594, -5.042034149169922], [109.21018981933594, -4.958698272705078], [109.29353332519531, -4.958698272705078], [109.29353332519531, -4.708690643310547], [109.37687683105469, -4.708690643310547], [109.37687683105469, -4.625354766845703], [109.46022033691406, -4.625354766845703], [109.46022033691406, -4.542018890380859], [109.54356384277344, -4.542018890380859], [109.54356384277344, -4.208675384521484], [109.46022033691406, -4.208675384521484], [109.46022033691406, -4.042003631591797], [109.62690734863281, -4.042003631591797], [109.62690734863281, -4.208675384521484], [109.87693786621094, -4.208675384521484], [109.87693786621094, -4.542018890380859], [109.96028137207031, -4.542018890380859], [109.96028137207031, -4.625354766845703], [109.87693786621094, -4.625354766845703], [109.87693786621094, -4.708690643310547], [110.04362487792969, -4.708690643310547], [110.04362487792969, -4.792026519775391], [110.29365539550781, -4.792026519775391], [110.29365539550781, -4.625354766845703], [110.62702941894531, -4.625354766845703], [110.62702941894531, -4.375347137451172], [111.37712097167969, -4.375347137451172], [111.37712097167969, -4.625354766845703], [111.62715148925781, -4.625354766845703], [111.62715148925781, -4.375347137451172], [111.87718200683594, -4.375347137451172], [111.87718200683594, -4.125339508056641], [112.12721252441406, -4.125339508056641], [112.12721252441406, -4.958698272705078], [112.21055603027344, -4.958698272705078], [112.21055603027344, -5.042034149169922], [112.29389953613281, -5.042034149169922], [112.29389953613281, -4.958698272705078], [112.37724304199219, -4.958698272705078], [112.37724304199219, -4.875362396240234], [112.54393005371094, -4.875362396240234], [112.54393005371094, -4.792026519775391], [112.62727355957031, -4.792026519775391], [112.62727355957031, -4.708690643310547], [112.54393005371094, -4.708690643310547], [112.54393005371094, -4.625354766845703], [113.12733459472656, -4.625354766845703], [113.12733459472656, -4.875362396240234], [113.54405212402344, -4.875362396240234], [113.54405212402344, -4.792026519775391], [113.37736511230469, -4.792026519775391], [113.37736511230469, -4.458683013916016], [113.54405212402344, -4.458683013916016], [113.54405212402344, -4.375347137451172], [113.46070861816406, -4.375347137451172], [113.46070861816406, -4.292011260986328], [113.62739562988281, -4.292011260986328], [113.62739562988281, -4.208675384521484], [113.87742614746094, -4.208675384521484], [113.87742614746094, -4.292011260986328], [113.96076965332031, -4.292011260986328], [113.96076965332031, -4.125339508056641], [114.37748718261719, -4.125339508056641], [114.37748718261719, -3.8753318786621094], [113.37736511230469, -3.8753318786621094], [113.37736511230469, -3.625324249267578], [112.21055603027344, -3.625324249267578], [112.21055603027344, -3.5419883728027344], [112.79396057128906, -3.5419883728027344], [112.79396057128906, -3.4586524963378906], [113.37736511230469, -3.4586524963378906], [113.37736511230469, -3.5419883728027344], [113.54405212402344, -3.5419883728027344], [113.54405212402344, -3.625324249267578], [113.62739562988281, -3.625324249267578], [113.62739562988281, -3.2086448669433594], [113.37736511230469, -3.2086448669433594], [113.37736511230469, -3.291980743408203], [113.29402160644531, -3.291980743408203], [113.29402160644531, -3.2086448669433594], [113.21067810058594, -3.2086448669433594], [113.21067810058594, -3.1253089904785156], [112.96064758300781, -3.1253089904785156], [112.96064758300781, -3.2086448669433594], [112.87730407714844, -3.2086448669433594], [112.87730407714844, -3.375316619873047], [112.62727355957031, -3.375316619873047], [112.62727355957031, -3.4586524963378906], [112.46058654785156, -3.4586524963378906], [112.46058654785156, -3.375316619873047], [112.12721252441406, -3.375316619873047], [112.12721252441406, -3.625324249267578], [111.79383850097656, -3.625324249267578], [111.79383850097656, -3.5419883728027344], [111.71049499511719, -3.5419883728027344], [111.71049499511719, -3.625324249267578], [111.62715148925781, -3.625324249267578], [111.62715148925781, -3.4586524963378906], [111.87718200683594, -3.4586524963378906], [111.87718200683594, -3.375316619873047], [111.62715148925781, -3.375316619873047], [111.62715148925781, -3.1253089904785156], [111.37712097167969, -3.1253089904785156], [111.37712097167969, -2.958637237548828], [111.21043395996094, -2.958637237548828], [111.21043395996094, -3.041973114013672], [111.12709045410156, -3.041973114013672], [111.12709045410156, -3.1253089904785156], [110.87705993652344, -3.1253089904785156], [110.87705993652344, -3.375316619873047], [110.12696838378906, -3.375316619873047], [110.12696838378906, -2.625293731689453], [109.87693786621094, -2.625293731689453], [109.87693786621094, -2.4586219787597656], [109.79359436035156, -2.4586219787597656], [109.79359436035156, -2.5419578552246094], [109.71025085449219, -2.5419578552246094], [109.71025085449219, -2.2086143493652344], [109.62690734863281, -2.2086143493652344], [109.62690734863281, -1.9586067199707031], [109.46022033691406, -1.9586067199707031], [109.46022033691406, -2.041942596435547], [109.54356384277344, -2.041942596435547], [109.54356384277344, -2.1252784729003906], [109.37687683105469, -2.1252784729003906], [109.37687683105469, -2.375286102294922], [109.29353332519531, -2.375286102294922]], [[114.37748718261719, -4.292011260986328], [114.54417419433594, -4.292011260986328], [114.54417419433594, -4.375347137451172], [114.62751770019531, -4.375347137451172], [114.62751770019531, -4.292011260986328], [114.87754821777344, -4.292011260986328], [114.87754821777344, -4.125339508056641], [114.79420471191406, -4.125339508056641], [114.79420471191406, -4.208675384521484], [114.62751770019531, -4.208675384521484], [114.62751770019531, -4.125339508056641], [114.37748718261719, -4.125339508056641], [114.37748718261719, -4.292011260986328]], [[113.62739562988281, -3.708660125732422], [113.87742614746094, -3.708660125732422], [113.87742614746094, -3.625324249267578], [113.62739562988281, -3.625324249267578], [113.62739562988281, -3.708660125732422]], [[114.37748718261719, -3.625324249267578], [114.37748718261719, -3.4586524963378906], [114.29414367675781, -3.4586524963378906], [114.29414367675781, -3.375316619873047], [113.87742614746094, -3.375316619873047], [113.87742614746094, -3.625324249267578], [114.37748718261719, -3.625324249267578]], [[114.37748718261719, -3.708660125732422], [114.54417419433594, -3.708660125732422], [114.54417419433594, -3.958667755126953], [114.62751770019531, -3.958667755126953], [114.62751770019531, -3.625324249267578], [114.37748718261719, -3.625324249267578], [114.37748718261719, -3.708660125732422]], [[117.96125793457031, -2.708629608154297], [117.96125793457031, -2.5419578552246094], [117.87791442871094, -2.5419578552246094], [117.87791442871094, -2.708629608154297], [117.96125793457031, -2.708629608154297]], [[116.46107482910156, -2.708629608154297], [116.46107482910156, -2.625293731689453], [116.37773132324219, -2.625293731689453], [116.37773132324219, -2.708629608154297], [116.46107482910156, -2.708629608154297]], [[127.37907409667969, -3.2086448669433594], [127.37907409667969, -3.041973114013672], [127.62910461425781, -3.041973114013672], [127.62910461425781, -2.958637237548828], [127.71244812011719, -2.958637237548828], [127.71244812011719, -2.8753013610839844], [127.37907409667969, -2.8753013610839844], [127.37907409667969, -2.7919654846191406], [127.29573059082031, -2.7919654846191406], [127.29573059082031, -2.8753013610839844], [127.21238708496094, -2.8753013610839844], [127.21238708496094, -3.041973114013672], [127.29573059082031, -3.041973114013672], [127.29573059082031, -3.2086448669433594], [127.37907409667969, -3.2086448669433594]], [[130.79615783691406, -2.958637237548828], [130.79615783691406, -2.8753013610839844], [130.54612731933594, -2.8753013610839844], [130.54612731933594, -2.7919654846191406], [130.3794403076172, -2.7919654846191406], [130.3794403076172, -2.958637237548828], [130.6294708251953, -2.958637237548828], [130.6294708251953, -3.041973114013672], [130.9628448486328, -3.041973114013672], [130.9628448486328, -2.958637237548828], [130.79615783691406, -2.958637237548828]], [[130.9628448486328, -3.1253089904785156], [131.0461883544922, -3.1253089904785156], [131.0461883544922, -3.041973114013672], [130.9628448486328, -3.041973114013672], [130.9628448486328, -3.1253089904785156]], [[110.62702941894531, -3.041973114013672], [110.62702941894531, -2.8753013610839844], [110.37699890136719, -2.8753013610839844], [110.37699890136719, -3.041973114013672], [110.46034240722656, -3.041973114013672], [110.46034240722656, -2.958637237548828], [110.54368591308594, -2.958637237548828], [110.54368591308594, -3.041973114013672], [110.62702941894531, -3.041973114013672]], [[110.29365539550781, -3.041973114013672], [110.29365539550781, -2.958637237548828], [110.21031188964844, -2.958637237548828], [110.21031188964844, -3.041973114013672], [110.29365539550781, -3.041973114013672]], [[108.12672424316406, -4.375347137451172], [108.12672424316406, -4.625354766845703], [108.21006774902344, -4.625354766845703], [108.21006774902344, -4.792026519775391], [108.12672424316406, -4.792026519775391], [108.12672424316406, -5.292041778564453], [108.21006774902344, -5.292041778564453], [108.21006774902344, -5.042034149169922], [108.29341125488281, -5.042034149169922], [108.29341125488281, -4.875362396240234], [108.37675476074219, -4.875362396240234], [108.37675476074219, -4.708690643310547], [108.46009826660156, -4.708690643310547], [108.46009826660156, -4.625354766845703], [108.37675476074219, -4.625354766845703], [108.37675476074219, -4.542018890380859], [108.46009826660156, -4.542018890380859], [108.46009826660156, -4.375347137451172], [108.37675476074219, -4.375347137451172], [108.37675476074219, -4.208675384521484], [108.29341125488281, -4.208675384521484], [108.29341125488281, -4.125339508056641], [108.21006774902344, -4.125339508056641], [108.21006774902344, -4.042003631591797], [108.29341125488281, -4.042003631591797], [108.29341125488281, -3.958667755126953], [108.37675476074219, -3.958667755126953], [108.37675476074219, -3.7919960021972656], [108.46009826660156, -3.7919960021972656], [108.46009826660156, -3.708660125732422], [108.54344177246094, -3.708660125732422], [108.54344177246094, -3.625324249267578], [108.21006774902344, -3.625324249267578], [108.21006774902344, -3.708660125732422], [108.12672424316406, -3.708660125732422], [108.12672424316406, -4.125339508056641], [108.04338073730469, -4.125339508056641], [108.04338073730469, -4.375347137451172], [108.12672424316406, -4.375347137451172]], [[115.87767028808594, -3.708660125732422], [115.87767028808594, -3.625324249267578], [115.79432678222656, -3.625324249267578], [115.79432678222656, -3.708660125732422], [115.87767028808594, -3.708660125732422]], [[131.12953186035156, -3.958667755126953], [131.12953186035156, -3.8753318786621094], [131.0461883544922, -3.8753318786621094], [131.0461883544922, -3.958667755126953], [131.12953186035156, -3.958667755126953]], [[107.79335021972656, -4.125339508056641], [107.79335021972656, -4.458683013916016], [107.96003723144531, -4.458683013916016], [107.96003723144531, -4.208675384521484], [107.87669372558594, -4.208675384521484], [107.87669372558594, -4.125339508056641], [107.79335021972656, -4.125339508056641]], [[124.96211242675781, -4.125339508056641], [124.96211242675781, -4.208675384521484], [124.79542541503906, -4.208675384521484], [124.79542541503906, -4.375347137451172], [125.04545593261719, -4.375347137451172], [125.04545593261719, -4.125339508056641], [124.96211242675781, -4.125339508056641]], [[132.87974548339844, -4.625354766845703], [132.87974548339844, -4.542018890380859], [132.9630889892578, -4.542018890380859], [132.9630889892578, -4.375347137451172], [132.87974548339844, -4.375347137451172], [132.87974548339844, -4.292011260986328], [132.79640197753906, -4.292011260986328], [132.79640197753906, -4.125339508056641], [132.54637145996094, -4.125339508056641], [132.54637145996094, -4.208675384521484], [132.46302795410156, -4.208675384521484], [132.46302795410156, -4.458683013916016], [132.54637145996094, -4.458683013916016], [132.54637145996094, -4.625354766845703], [132.87974548339844, -4.625354766845703]], [[132.87974548339844, -4.792026519775391], [133.0464324951172, -4.792026519775391], [133.0464324951172, -4.625354766845703], [132.87974548339844, -4.625354766845703], [132.87974548339844, -4.792026519775391]], [[115.96101379394531, -4.625354766845703], [115.96101379394531, -4.708690643310547], [116.04435729980469, -4.708690643310547], [116.04435729980469, -4.792026519775391], [115.87767028808594, -4.792026519775391], [115.87767028808594, -4.875362396240234], [115.71098327636719, -4.875362396240234], [115.71098327636719, -4.958698272705078], [115.62763977050781, -4.958698272705078], [115.62763977050781, -4.875362396240234], [115.29426574707031, -4.875362396240234], [115.29426574707031, -4.958698272705078], [115.37760925292969, -4.958698272705078], [115.37760925292969, -5.042034149169922], [115.29426574707031, -5.042034149169922], [115.29426574707031, -5.125370025634766], [115.46095275878906, -5.125370025634766], [115.46095275878906, -5.042034149169922], [115.54429626464844, -5.042034149169922], [115.54429626464844, -5.292041778564453], [115.62763977050781, -5.292041778564453], [115.62763977050781, -5.375377655029297], [116.12770080566406, -5.375377655029297], [116.12770080566406, -5.292041778564453], [116.46107482910156, -5.292041778564453], [116.46107482910156, -5.458713531494141], [116.37773132324219, -5.458713531494141], [116.37773132324219, -5.542049407958984], [116.29438781738281, -5.542049407958984], [116.29438781738281, -5.625385284423828], [116.62776184082031, -5.625385284423828], [116.62776184082031, -5.875392913818359], [116.87779235839844, -5.875392913818359], [116.87779235839844, -6.042064666748047], [116.96113586425781, -6.042064666748047], [116.96113586425781, -5.958728790283203], [117.04447937011719, -5.958728790283203], [117.04447937011719, -5.708721160888672], [117.12782287597656, -5.708721160888672], [117.12782287597656, -5.625385284423828], [117.21116638183594, -5.625385284423828], [117.21116638183594, -5.458713531494141], [117.29450988769531, -5.458713531494141], [117.29450988769531, -5.375377655029297], [117.37785339355469, -5.375377655029297], [117.37785339355469, -5.292041778564453], [117.46119689941406, -5.292041778564453], [117.46119689941406, -5.208705902099609], [117.54454040527344, -5.208705902099609], [117.54454040527344, -5.125370025634766], [117.62788391113281, -5.125370025634766], [117.62788391113281, -4.958698272705078], [117.79457092285156, -4.958698272705078], [117.79457092285156, -4.875362396240234], [117.62788391113281, -4.875362396240234], [117.62788391113281, -4.625354766845703], [117.37785339355469, -4.625354766845703], [117.37785339355469, -4.375347137451172], [116.62776184082031, -4.375347137451172], [116.62776184082031, -4.625354766845703], [116.37773132324219, -4.625354766845703], [116.37773132324219, -4.875362396240234], [116.12770080566406, -4.875362396240234], [116.12770080566406, -4.625354766845703], [115.96101379394531, -4.625354766845703]], [[119.62812805175781, -4.625354766845703], [119.62812805175781, -4.458683013916016], [119.54478454589844, -4.458683013916016], [119.54478454589844, -4.625354766845703], [119.62812805175781, -4.625354766845703]], [[119.29475402832031, -4.875362396240234], [119.29475402832031, -4.708690643310547], [119.21141052246094, -4.708690643310547], [119.21141052246094, -4.875362396240234], [119.29475402832031, -4.875362396240234]], [[119.12806701660156, -4.875362396240234], [119.12806701660156, -5.042034149169922], [119.29475402832031, -5.042034149169922], [119.29475402832031, -4.958698272705078], [119.21141052246094, -4.958698272705078], [119.21141052246094, -4.875362396240234], [119.12806701660156, -4.875362396240234]], [[136.2968292236328, -4.792026519775391], [136.2968292236328, -4.708690643310547], [136.21348571777344, -4.708690643310547], [136.21348571777344, -4.792026519775391], [136.2968292236328, -4.792026519775391]], [[111.87718200683594, -4.875362396240234], [111.87718200683594, -4.958698272705078], [111.96052551269531, -4.958698272705078], [111.96052551269531, -5.042034149169922], [112.04386901855469, -5.042034149169922], [112.04386901855469, -4.875362396240234], [111.87718200683594, -4.875362396240234]], [[136.79689025878906, -4.958698272705078], [136.79689025878906, -4.875362396240234], [136.6302032470703, -4.875362396240234], [136.6302032470703, -4.958698272705078], [136.79689025878906, -4.958698272705078]], [[136.79689025878906, -5.042034149169922], [136.88023376464844, -5.042034149169922], [136.88023376464844, -4.958698272705078], [136.79689025878906, -4.958698272705078], [136.79689025878906, -5.042034149169922]], [[113.54405212402344, -5.125370025634766], [113.54405212402344, -5.042034149169922], [113.37736511230469, -5.042034149169922], [113.37736511230469, -5.125370025634766], [113.54405212402344, -5.125370025634766]], [[113.87742614746094, -5.125370025634766], [113.87742614746094, -5.042034149169922], [113.71073913574219, -5.042034149169922], [113.71073913574219, -5.125370025634766], [113.87742614746094, -5.125370025634766]], [[113.87742614746094, -5.292041778564453], [113.96076965332031, -5.292041778564453], [113.96076965332031, -5.125370025634766], [113.87742614746094, -5.125370025634766], [113.87742614746094, -5.292041778564453]], [[113.96076965332031, -5.375377655029297], [113.62739562988281, -5.375377655029297], [113.62739562988281, -5.542049407958984], [113.54405212402344, -5.542049407958984], [113.54405212402344, -5.625385284423828], [113.71073913574219, -5.625385284423828], [113.71073913574219, -5.708721160888672], [113.87742614746094, -5.708721160888672], [113.87742614746094, -5.625385284423828], [113.96076965332031, -5.625385284423828], [113.96076965332031, -5.708721160888672], [114.04411315917969, -5.708721160888672], [114.04411315917969, -5.792057037353516], [114.12745666503906, -5.792057037353516], [114.12745666503906, -5.958728790283203], [114.37748718261719, -5.958728790283203], [114.37748718261719, -6.042064666748047], [114.62751770019531, -6.042064666748047], [114.62751770019531, -5.958728790283203], [114.71086120605469, -5.958728790283203], [114.71086120605469, -5.875392913818359], [114.79420471191406, -5.875392913818359], [114.79420471191406, -5.708721160888672], [114.62751770019531, -5.708721160888672], [114.62751770019531, -5.625385284423828], [114.54417419433594, -5.625385284423828], [114.54417419433594, -5.542049407958984], [114.46083068847656, -5.542049407958984], [114.46083068847656, -5.458713531494141], [114.29414367675781, -5.458713531494141], [114.29414367675781, -5.375377655029297], [114.12745666503906, -5.375377655029297], [114.12745666503906, -5.292041778564453], [113.96076965332031, -5.292041778564453], [113.96076965332031, -5.375377655029297]], [[110.71037292480469, -5.458713531494141], [110.71037292480469, -5.375377655029297], [110.62702941894531, -5.375377655029297], [110.62702941894531, -5.458713531494141], [110.71037292480469, -5.458713531494141]], [[119.37809753417969, -5.542049407958984], [119.37809753417969, -5.458713531494141], [119.29475402832031, -5.458713531494141], [119.29475402832031, -5.542049407958984], [119.37809753417969, -5.542049407958984]], [[119.12806701660156, -5.708721160888672], [119.12806701660156, -5.542049407958984], [118.96138000488281, -5.542049407958984], [118.96138000488281, -5.708721160888672], [119.12806701660156, -5.708721160888672]], [[129.46266174316406, -5.958728790283203], [129.46266174316406, -5.792057037353516], [129.3793182373047, -5.792057037353516], [129.3793182373047, -5.625385284423828], [129.2959747314453, -5.625385284423828], [129.2959747314453, -5.542049407958984], [128.87925720214844, -5.542049407958984], [128.87925720214844, -6.125400543212891], [129.6293487548828, -6.125400543212891], [129.6293487548828, -6.042064666748047], [129.54600524902344, -6.042064666748047], [129.54600524902344, -5.958728790283203], [129.46266174316406, -5.958728790283203]], [[129.6293487548828, -6.458744049072266], [130.79615783691406, -6.458744049072266], [130.79615783691406, -6.292072296142578], [130.87950134277344, -6.292072296142578], [130.87950134277344, -6.375408172607422], [130.9628448486328, -6.375408172607422], [130.9628448486328, -6.292072296142578], [131.0461883544922, -6.292072296142578], [131.0461883544922, -6.458744049072266], [131.3795623779297, -6.458744049072266], [131.3795623779297, -6.542079925537109], [131.21287536621094, -6.542079925537109], [131.21287536621094, -6.625415802001953], [131.6295928955078, -6.625415802001953], [131.6295928955078, -6.708751678466797], [131.7129364013672, -6.708751678466797], [131.7129364013672, -6.542079925537109], [131.6295928955078, -6.542079925537109], [131.6295928955078, -6.458744049072266], [131.54624938964844, -6.458744049072266], [131.54624938964844, -6.375408172607422], [131.3795623779297, -6.375408172607422], [131.3795623779297, -6.292072296142578], [131.12953186035156, -6.292072296142578], [131.12953186035156, -6.208736419677734], [130.9628448486328, -6.208736419677734], [130.9628448486328, -6.125400543212891], [130.7128143310547, -6.125400543212891], [130.7128143310547, -6.042064666748047], [130.0460662841797, -6.042064666748047], [130.0460662841797, -6.125400543212891], [129.87937927246094, -6.125400543212891], [129.87937927246094, -6.208736419677734], [129.7126922607422, -6.208736419677734], [129.7126922607422, -6.125400543212891], [129.6293487548828, -6.125400543212891], [129.6293487548828, -6.458744049072266]], [[110.87705993652344, -5.708721160888672], [110.87705993652344, -5.625385284423828], [110.71037292480469, -5.625385284423828], [110.71037292480469, -5.708721160888672], [110.87705993652344, -5.708721160888672]], [[119.29475402832031, -5.625385284423828], [119.29475402832031, -5.875392913818359], [119.46144104003906, -5.875392913818359], [119.46144104003906, -5.708721160888672], [119.37809753417969, -5.708721160888672], [119.37809753417969, -5.625385284423828], [119.29475402832031, -5.625385284423828]], [[119.62812805175781, -5.708721160888672], [119.62812805175781, -5.625385284423828], [119.54478454589844, -5.625385284423828], [119.54478454589844, -5.708721160888672], [119.62812805175781, -5.708721160888672]], [[119.46144104003906, -5.958728790283203], [119.46144104003906, -6.125400543212891], [119.29475402832031, -6.125400543212891], [119.29475402832031, -6.208736419677734], [119.21141052246094, -6.208736419677734], [119.21141052246094, -6.292072296142578], [119.12806701660156, -6.292072296142578], [119.12806701660156, -6.375408172607422], [119.37809753417969, -6.375408172607422], [119.37809753417969, -6.292072296142578], [119.54478454589844, -6.292072296142578], [119.54478454589844, -6.125400543212891], [119.62812805175781, -6.125400543212891], [119.62812805175781, -5.875392913818359], [119.96150207519531, -5.875392913818359], [119.96150207519531, -5.792057037353516], [120.12818908691406, -5.792057037353516], [120.12818908691406, -5.625385284423828], [119.87815856933594, -5.625385284423828], [119.87815856933594, -5.708721160888672], [119.79481506347656, -5.708721160888672], [119.79481506347656, -5.792057037353516], [119.54478454589844, -5.792057037353516], [119.54478454589844, -5.958728790283203], [119.46144104003906, -5.958728790283203]], [[132.3796844482422, -5.708721160888672], [132.3796844482422, -5.625385284423828], [132.2963409423828, -5.625385284423828], [132.2963409423828, -5.708721160888672], [132.3796844482422, -5.708721160888672]], [[132.21299743652344, -5.708721160888672], [132.21299743652344, -5.792057037353516], [132.2963409423828, -5.792057037353516], [132.2963409423828, -5.708721160888672], [132.21299743652344, -5.708721160888672]], [[137.54698181152344, -6.042064666748047], [137.54698181152344, -6.292072296142578], [137.3802947998047, -6.292072296142578], [137.3802947998047, -6.208736419677734], [137.21360778808594, -6.208736419677734], [137.21360778808594, -6.125400543212891], [137.13026428222656, -6.125400543212891], [137.13026428222656, -6.292072296142578], [137.0469207763672, -6.292072296142578], [137.0469207763672, -6.375408172607422], [136.9635772705078, -6.375408172607422], [136.9635772705078, -6.458744049072266], [136.88023376464844, -6.458744049072266], [136.88023376464844, -6.542079925537109], [136.7135467529297, -6.542079925537109], [136.7135467529297, -6.625415802001953], [136.46351623535156, -6.625415802001953], [136.46351623535156, -6.708751678466797], [136.3801727294922, -6.708751678466797], [136.3801727294922, -6.875423431396484], [136.13014221191406, -6.875423431396484], [136.13014221191406, -6.625415802001953], [135.13002014160156, -6.625415802001953], [135.13002014160156, -6.875423431396484], [134.6299591064453, -6.875423431396484], [134.6299591064453, -7.125431060791016], [134.21324157714844, -7.125431060791016], [134.21324157714844, -7.042095184326172], [134.3799285888672, -7.042095184326172], [134.3799285888672, -6.875423431396484], [134.2965850830078, -6.875423431396484], [134.2965850830078, -6.958759307861328], [134.12989807128906, -6.958759307861328], [134.12989807128906, -6.875423431396484], [133.7131805419922, -6.875423431396484], [133.7131805419922, -6.958759307861328], [133.54649353027344, -6.958759307861328], [133.54649353027344, -6.875423431396484], [132.87974548339844, -6.875423431396484], [132.87974548339844, -7.125431060791016], [132.6297149658203, -7.125431060791016], [132.6297149658203, -7.375438690185547], [132.3796844482422, -7.375438690185547], [132.3796844482422, -7.625446319580078], [132.12965393066406, -7.625446319580078], [132.12965393066406, -7.875453948974609], [131.6295928955078, -7.875453948974609], [131.6295928955078, -8.12546157836914], [131.21287536621094, -8.12546157836914], [131.21287536621094, -8.208797454833984], [131.12953186035156, -8.208797454833984], [131.12953186035156, -8.375469207763672], [130.9628448486328, -8.375469207763672], [130.9628448486328, -8.292133331298828], [130.87950134277344, -8.292133331298828], [130.87950134277344, -8.375469207763672], [130.7128143310547, -8.375469207763672], [130.7128143310547, -8.458805084228516], [130.79615783691406, -8.458805084228516], [130.79615783691406, -8.54214096069336], [130.87950134277344, -8.54214096069336], [130.87950134277344, -8.708812713623047], [130.79615783691406, -8.708812713623047], [130.79615783691406, -8.625476837158203], [129.87937927246094, -8.625476837158203], [129.87937927246094, -8.708812713623047], [129.6293487548828, -8.708812713623047], [129.6293487548828, -8.79214859008789], [129.46266174316406, -8.79214859008789], [129.46266174316406, -8.875484466552734], [129.3793182373047, -8.875484466552734], [129.3793182373047, -8.958820343017578], [129.2959747314453, -8.958820343017578], [129.2959747314453, -9.042156219482422], [129.21263122558594, -9.042156219482422], [129.21263122558594, -9.125492095947266], [128.87925720214844, -9.125492095947266], [128.87925720214844, -9.375499725341797], [129.21263122558594, -9.375499725341797], [129.21263122558594, -9.625507354736328], [129.12928771972656, -9.625507354736328], [129.12928771972656, -9.87551498413086], [129.3793182373047, -9.87551498413086], [129.3793182373047, -9.625507354736328], [129.6293487548828, -9.625507354736328], [129.6293487548828, -9.292163848876953], [129.7126922607422, -9.292163848876953], [129.7126922607422, -9.20882797241211], [130.0460662841797, -9.20882797241211], [130.0460662841797, -9.125492095947266], [130.87950134277344, -9.125492095947266], [130.87950134277344, -9.042156219482422], [131.0461883544922, -9.042156219482422], [131.0461883544922, -8.958820343017578], [131.12953186035156, -8.958820343017578], [131.12953186035156, -8.875484466552734], [131.21287536621094, -8.875484466552734], [131.21287536621094, -8.708812713623047], [131.12953186035156, -8.708812713623047], [131.12953186035156, -8.625476837158203], [131.3795623779297, -8.625476837158203], [131.3795623779297, -8.958820343017578], [131.46290588378906, -8.958820343017578], [131.46290588378906, -8.875484466552734], [131.54624938964844, -8.875484466552734], [131.54624938964844, -8.708812713623047], [131.79627990722656, -8.708812713623047], [131.79627990722656, -8.79214859008789], [131.9629669189453, -8.79214859008789], [131.9629669189453, -9.042156219482422], [131.87962341308594, -9.042156219482422], [131.87962341308594, -9.125492095947266], [131.9629669189453, -9.125492095947266], [131.9629669189453, -9.375499725341797], [132.12965393066406, -9.375499725341797], [132.12965393066406, -9.625507354736328], [132.0463104248047, -9.625507354736328], [132.0463104248047, -9.708843231201172], [132.12965393066406, -9.708843231201172], [132.12965393066406, -9.792179107666016], [132.21299743652344, -9.792179107666016], [132.21299743652344, -9.87551498413086], [132.2963409423828, -9.87551498413086], [132.2963409423828, -9.958850860595703], [132.3796844482422, -9.958850860595703], [132.3796844482422, -10.042186737060547], [132.79640197753906, -10.042186737060547], [132.79640197753906, -9.958850860595703], [132.87974548339844, -9.958850860595703], [132.87974548339844, -9.87551498413086], [133.87986755371094, -9.87551498413086], [133.87986755371094, -10.12552261352539], [134.3799285888672, -10.12552261352539], [134.3799285888672, -10.375530242919922], [135.13002014160156, -10.375530242919922], [135.13002014160156, -10.625537872314453], [135.88011169433594, -10.625537872314453], [135.88011169433594, -10.875545501708984], [136.54685974121094, -10.875545501708984], [136.54685974121094, -10.958881378173828], [136.46351623535156, -10.958881378173828], [136.46351623535156, -11.125553131103516], [136.6302032470703, -11.125553131103516], [136.6302032470703, -11.20888900756836], [136.7135467529297, -11.20888900756836], [136.7135467529297, -11.292224884033203], [136.79689025878906, -11.292224884033203], [136.79689025878906, -11.20888900756836], [136.88023376464844, -11.20888900756836], [136.88023376464844, -11.625568389892578], [137.13026428222656, -11.625568389892578], [137.13026428222656, -11.292224884033203], [137.21360778808594, -11.292224884033203], [137.21360778808594, -11.125553131103516], [137.3802947998047, -11.125553131103516], [137.3802947998047, -11.375560760498047], [137.6303253173828, -11.375560760498047], [137.6303253173828, -11.125553131103516], [137.88035583496094, -11.125553131103516], [137.88035583496094, -11.375560760498047], [138.3804168701172, -11.375560760498047], [138.3804168701172, -11.625568389892578], [138.46376037597656, -11.625568389892578], [138.46376037597656, -11.708904266357422], [138.6304473876953, -11.708904266357422], [138.6304473876953, -11.87557601928711], [139.13050842285156, -11.87557601928711], [139.13050842285156, -11.625568389892578], [139.3805389404297, -11.625568389892578], [139.3805389404297, -11.375560760498047], [139.6305694580078, -11.375560760498047], [139.6305694580078, -10.625537872314453], [139.88059997558594, -10.625537872314453], [139.88059997558594, -10.375530242919922], [139.9639434814453, -10.375530242919922], [139.9639434814453, -10.458866119384766], [140.2973175048828, -10.458866119384766], [140.2973175048828, -10.54220199584961], [140.46400451660156, -10.54220199584961], [140.46400451660156, -10.625537872314453], [140.54734802246094, -10.625537872314453], [140.54734802246094, -10.708873748779297], [140.6306915283203, -10.708873748779297], [140.6306915283203, -10.79220962524414], [140.7140350341797, -10.79220962524414], [140.7140350341797, -10.875545501708984], [140.79737854003906, -10.875545501708984], [140.79737854003906, -10.958881378173828], [140.88072204589844, -10.958881378173828], [140.88072204589844, -10.625537872314453], [140.79737854003906, -10.625537872314453], [140.79737854003906, -10.54220199584961], [140.7140350341797, -10.54220199584961], [140.7140350341797, -10.458866119384766], [140.54734802246094, -10.458866119384766], [140.54734802246094, -10.375530242919922], [140.46400451660156, -10.375530242919922], [140.46400451660156, -10.292194366455078], [140.13063049316406, -10.292194366455078], [140.13063049316406, -10.208858489990234], [140.21397399902344, -10.208858489990234], [140.21397399902344, -9.87551498413086], [140.13063049316406, -9.87551498413086], [140.13063049316406, -9.792179107666016], [139.79725646972656, -9.792179107666016], [139.79725646972656, -9.87551498413086], [139.7139129638672, -9.87551498413086], [139.7139129638672, -9.792179107666016], [139.6305694580078, -9.792179107666016], [139.6305694580078, -9.375499725341797], [139.3805389404297, -9.375499725341797], [139.3805389404297, -9.125492095947266], [139.13050842285156, -9.125492095947266], [139.13050842285156, -8.875484466552734], [138.88047790527344, -8.875484466552734], [138.88047790527344, -8.375469207763672], [138.46376037597656, -8.375469207763672], [138.46376037597656, -8.458805084228516], [138.3804168701172, -8.458805084228516], [138.3804168701172, -8.625476837158203], [138.13038635253906, -8.625476837158203], [138.13038635253906, -8.458805084228516], [137.7136688232422, -8.458805084228516], [137.7136688232422, -8.375469207763672], [137.3802947998047, -8.375469207763672], [137.3802947998047, -7.875453948974609], [137.13026428222656, -7.875453948974609], [137.13026428222656, -7.625446319580078], [137.0469207763672, -7.625446319580078], [137.0469207763672, -7.458774566650391], [137.3802947998047, -7.458774566650391], [137.3802947998047, -7.375438690185547], [137.6303253173828, -7.375438690185547], [137.6303253173828, -7.208766937255859], [137.79701232910156, -7.208766937255859], [137.79701232910156, -7.292102813720703], [138.0470428466797, -7.292102813720703], [138.0470428466797, -7.208766937255859], [138.2970733642578, -7.208766937255859], [138.2970733642578, -7.125431060791016], [138.3804168701172, -7.125431060791016], [138.3804168701172, -6.125400543212891], [137.88035583496094, -6.125400543212891], [137.88035583496094, -5.625385284423828], [137.6303253173828, -5.625385284423828], [137.6303253173828, -5.708721160888672], [137.7136688232422, -5.708721160888672], [137.7136688232422, -5.958728790283203], [137.6303253173828, -5.958728790283203], [137.6303253173828, -6.042064666748047], [137.54698181152344, -6.042064666748047]], [[136.6302032470703, -11.292224884033203], [136.6302032470703, -11.625568389892578], [136.79689025878906, -11.625568389892578], [136.79689025878906, -11.45889663696289], [136.7135467529297, -11.45889663696289], [136.7135467529297, -11.292224884033203], [136.6302032470703, -11.292224884033203]], [[128.79591369628906, -5.792057037353516], [128.79591369628906, -5.708721160888672], [128.7125701904297, -5.708721160888672], [128.7125701904297, -5.792057037353516], [128.79591369628906, -5.792057037353516]], [[110.54368591308594, -5.875392913818359], [110.54368591308594, -5.792057037353516], [110.37699890136719, -5.792057037353516], [110.37699890136719, -5.875392913818359], [110.54368591308594, -5.875392913818359]], [[105.70976257324219, -5.875392913818359], [105.70976257324219, -5.958728790283203], [105.79310607910156, -5.958728790283203], [105.79310607910156, -6.042064666748047], [105.87644958496094, -6.042064666748047], [105.87644958496094, -5.875392913818359], [105.70976257324219, -5.875392913818359]], [[126.54563903808594, -6.208736419677734], [126.54563903808594, -6.625415802001953], [127.37907409667969, -6.625415802001953], [127.37907409667969, -6.375408172607422], [127.12904357910156, -6.375408172607422], [127.12904357910156, -6.125400543212891], [127.29573059082031, -6.125400543212891], [127.29573059082031, -5.958728790283203], [127.37907409667969, -5.958728790283203], [127.37907409667969, -5.875392913818359], [126.87901306152344, -5.875392913818359], [126.87901306152344, -5.958728790283203], [126.71232604980469, -5.958728790283203], [126.71232604980469, -6.042064666748047], [126.62898254394531, -6.042064666748047], [126.62898254394531, -6.208736419677734], [126.54563903808594, -6.208736419677734]], [[128.7125701904297, -6.042064666748047], [128.7125701904297, -5.958728790283203], [128.6292266845703, -5.958728790283203], [128.6292266845703, -6.042064666748047], [128.7125701904297, -6.042064666748047]], [[132.3796844482422, -5.958728790283203], [132.3796844482422, -6.042064666748047], [132.46302795410156, -6.042064666748047], [132.46302795410156, -6.125400543212891], [132.54637145996094, -6.125400543212891], [132.54637145996094, -5.958728790283203], [132.3796844482422, -5.958728790283203]], [[107.45997619628906, -6.125400543212891], [107.45997619628906, -6.042064666748047], [107.37663269042969, -6.042064666748047], [107.37663269042969, -6.125400543212891], [107.45997619628906, -6.125400543212891]], [[128.3791961669922, -6.375408172607422], [128.3791961669922, -6.208736419677734], [128.2958526611328, -6.208736419677734], [128.2958526611328, -6.375408172607422], [128.3791961669922, -6.375408172607422]], [[108.12672424316406, -6.375408172607422], [108.12672424316406, -6.292072296142578], [108.04338073730469, -6.292072296142578], [108.04338073730469, -6.375408172607422], [108.12672424316406, -6.375408172607422]], [[133.0464324951172, -6.708751678466797], [133.0464324951172, -6.625415802001953], [132.87974548339844, -6.625415802001953], [132.87974548339844, -6.708751678466797], [133.0464324951172, -6.708751678466797]], [[132.79640197753906, -6.708751678466797], [132.79640197753906, -6.792087554931641], [132.87974548339844, -6.792087554931641], [132.87974548339844, -6.708751678466797], [132.79640197753906, -6.708751678466797]], [[125.79554748535156, -6.792087554931641], [125.79554748535156, -6.708751678466797], [125.54551696777344, -6.708751678466797], [125.54551696777344, -6.792087554931641], [125.79554748535156, -6.792087554931641]], [[113.29402160644531, -7.292102813720703], [113.29402160644531, -7.208766937255859], [113.12733459472656, -7.208766937255859], [113.12733459472656, -7.292102813720703], [113.29402160644531, -7.292102813720703]], [[116.87779235839844, -7.375438690185547], [116.87779235839844, -7.292102813720703], [116.79444885253906, -7.292102813720703], [116.79444885253906, -7.375438690185547], [116.87779235839844, -7.375438690185547]], [[114.62751770019531, -7.625446319580078], [114.62751770019531, -7.375438690185547], [114.37748718261719, -7.375438690185547], [114.37748718261719, -7.458774566650391], [114.46083068847656, -7.458774566650391], [114.46083068847656, -7.542110443115234], [114.54417419433594, -7.542110443115234], [114.54417419433594, -7.625446319580078], [114.62751770019531, -7.625446319580078]], [[117.04447937011719, -7.875453948974609], [117.04447937011719, -7.625446319580078], [117.12782287597656, -7.625446319580078], [117.12782287597656, -7.458774566650391], [116.96113586425781, -7.458774566650391], [116.96113586425781, -7.542110443115234], [116.87779235839844, -7.542110443115234], [116.87779235839844, -7.958789825439453], [116.96113586425781, -7.958789825439453], [116.96113586425781, -7.875453948974609], [117.04447937011719, -7.875453948974609]], [[120.37821960449219, -7.875453948974609], [120.37821960449219, -7.958789825439453], [119.87815856933594, -7.958789825439453], [119.87815856933594, -8.12546157836914], [120.62825012207031, -8.12546157836914], [120.62825012207031, -7.875453948974609], [120.37821960449219, -7.875453948974609]], [[114.46083068847656, -8.12546157836914], [114.46083068847656, -8.042125701904297], [114.37748718261719, -8.042125701904297], [114.37748718261719, -8.12546157836914], [114.46083068847656, -8.12546157836914]], [[115.54429626464844, -8.12546157836914], [115.54429626464844, -8.042125701904297], [115.46095275878906, -8.042125701904297], [115.46095275878906, -8.12546157836914], [115.54429626464844, -8.12546157836914]], [[127.37907409667969, -8.375469207763672], [127.37907409667969, -8.292133331298828], [127.29573059082031, -8.292133331298828], [127.29573059082031, -8.375469207763672], [127.37907409667969, -8.375469207763672]], [[122.87852478027344, -8.708812713623047], [122.87852478027344, -8.625476837158203], [122.62849426269531, -8.625476837158203], [122.62849426269531, -8.708812713623047], [122.87852478027344, -8.708812713623047]], [[129.12928771972656, -8.875484466552734], [129.12928771972656, -8.625476837158203], [129.0459442138672, -8.625476837158203], [129.0459442138672, -8.708812713623047], [128.9626007080078, -8.708812713623047], [128.9626007080078, -8.79214859008789], [128.87925720214844, -8.79214859008789], [128.87925720214844, -8.875484466552734], [129.12928771972656, -8.875484466552734]], [[140.13063049316406, -9.042156219482422], [140.13063049316406, -9.125492095947266], [140.21397399902344, -9.125492095947266], [140.21397399902344, -9.20882797241211], [140.3806610107422, -9.20882797241211], [140.3806610107422, -9.292163848876953], [140.46400451660156, -9.292163848876953], [140.46400451660156, -9.375499725341797], [140.54734802246094, -9.375499725341797], [140.54734802246094, -9.45883560180664], [140.6306915283203, -9.45883560180664], [140.6306915283203, -8.875484466552734], [140.3806610107422, -8.875484466552734], [140.3806610107422, -8.625476837158203], [139.3805389404297, -8.625476837158203], [139.3805389404297, -8.875484466552734], [139.88059997558594, -8.875484466552734], [139.88059997558594, -8.958820343017578], [139.9639434814453, -8.958820343017578], [139.9639434814453, -9.042156219482422], [140.13063049316406, -9.042156219482422]], [[120.79493713378906, -8.875484466552734], [120.79493713378906, -9.042156219482422], [121.12831115722656, -9.042156219482422], [121.12831115722656, -8.958820343017578], [120.87828063964844, -8.958820343017578], [120.87828063964844, -8.875484466552734], [120.79493713378906, -8.875484466552734]], [[121.37834167480469, -9.125492095947266], [121.37834167480469, -9.20882797241211], [121.62837219238281, -9.20882797241211], [121.62837219238281, -9.125492095947266], [121.71171569824219, -9.125492095947266], [121.71171569824219, -9.042156219482422], [121.87840270996094, -9.042156219482422], [121.87840270996094, -8.875484466552734], [121.79505920410156, -8.875484466552734], [121.79505920410156, -8.958820343017578], [121.71171569824219, -8.958820343017578], [121.71171569824219, -8.875484466552734], [121.37834167480469, -8.875484466552734], [121.37834167480469, -8.958820343017578], [121.29499816894531, -8.958820343017578], [121.29499816894531, -9.042156219482422], [121.21165466308594, -9.042156219482422], [121.21165466308594, -9.125492095947266], [121.37834167480469, -9.125492095947266]], [[120.12818908691406, -9.125492095947266], [120.12818908691406, -9.375499725341797], [120.37821960449219, -9.375499725341797], [120.37821960449219, -9.20882797241211], [120.29487609863281, -9.20882797241211], [120.29487609863281, -9.125492095947266], [120.12818908691406, -9.125492095947266]], [[131.2962188720703, -9.292163848876953], [131.2962188720703, -9.125492095947266], [131.12953186035156, -9.125492095947266], [131.12953186035156, -9.292163848876953], [131.2962188720703, -9.292163848876953]], [[142.13087463378906, -9.45883560180664], [142.13087463378906, -9.20882797241211], [141.6308135986328, -9.20882797241211], [141.6308135986328, -9.292163848876953], [141.54747009277344, -9.292163848876953], [141.54747009277344, -9.375499725341797], [141.79750061035156, -9.375499725341797], [141.79750061035156, -9.45883560180664], [142.13087463378906, -9.45883560180664]], [[142.9643096923828, -9.292163848876953], [142.9643096923828, -9.20882797241211], [142.88096618652344, -9.20882797241211], [142.88096618652344, -9.292163848876953], [142.9643096923828, -9.292163848876953]], [[140.0472869873047, -9.45883560180664], [140.0472869873047, -9.375499725341797], [139.9639434814453, -9.375499725341797], [139.9639434814453, -9.45883560180664], [140.0472869873047, -9.45883560180664]], [[141.13075256347656, -9.375499725341797], [141.13075256347656, -9.625507354736328], [141.2974395751953, -9.625507354736328], [141.2974395751953, -9.542171478271484], [141.3807830810547, -9.542171478271484], [141.3807830810547, -9.375499725341797], [141.13075256347656, -9.375499725341797]], [[140.79737854003906, -9.625507354736328], [140.79737854003906, -9.708843231201172], [141.13075256347656, -9.708843231201172], [141.13075256347656, -9.625507354736328], [140.79737854003906, -9.625507354736328]], [[142.6309356689453, -9.625507354736328], [142.6309356689453, -9.375499725341797], [142.3809051513672, -9.375499725341797], [142.3809051513672, -9.625507354736328], [142.6309356689453, -9.625507354736328]], [[131.3795623779297, -9.625507354736328], [131.3795623779297, -9.542171478271484], [131.21287536621094, -9.542171478271484], [131.21287536621094, -9.625507354736328], [131.3795623779297, -9.625507354736328]], [[124.96211242675781, -9.792179107666016], [124.96211242675781, -9.708843231201172], [124.87876892089844, -9.708843231201172], [124.87876892089844, -9.792179107666016], [124.96211242675781, -9.792179107666016]], [[131.12953186035156, -10.12552261352539], [131.12953186035156, -9.87551498413086], [130.6294708251953, -9.87551498413086], [130.6294708251953, -10.12552261352539], [130.12940979003906, -10.12552261352539], [130.12940979003906, -9.958850860595703], [130.0460662841797, -9.958850860595703], [130.0460662841797, -9.87551498413086], [129.6293487548828, -9.87551498413086], [129.6293487548828, -10.292194366455078], [130.6294708251953, -10.292194366455078], [130.6294708251953, -10.208858489990234], [130.9628448486328, -10.208858489990234], [130.9628448486328, -10.12552261352539], [131.12953186035156, -10.12552261352539]], [[140.6306915283203, -9.87551498413086], [140.6306915283203, -9.958850860595703], [140.7140350341797, -9.958850860595703], [140.7140350341797, -10.042186737060547], [140.79737854003906, -10.042186737060547], [140.79737854003906, -9.87551498413086], [140.6306915283203, -9.87551498413086]], [[142.3809051513672, -9.958850860595703], [142.3809051513672, -9.87551498413086], [142.21421813964844, -9.87551498413086], [142.21421813964844, -9.958850860595703], [142.3809051513672, -9.958850860595703]], [[142.13087463378906, -9.958850860595703], [142.13087463378906, -10.042186737060547], [142.21421813964844, -10.042186737060547], [142.21421813964844, -9.958850860595703], [142.13087463378906, -9.958850860595703]], [[142.9643096923828, -9.958850860595703], [142.9643096923828, -9.87551498413086], [142.88096618652344, -9.87551498413086], [142.88096618652344, -9.958850860595703], [142.9643096923828, -9.958850860595703]], [[142.3809051513672, -10.375530242919922], [142.3809051513672, -10.625537872314453], [142.6309356689453, -10.625537872314453], [142.6309356689453, -10.875545501708984], [142.79762268066406, -10.875545501708984], [142.79762268066406, -10.708873748779297], [142.9643096923828, -10.708873748779297], [142.9643096923828, -10.625537872314453], [142.79762268066406, -10.625537872314453], [142.79762268066406, -10.54220199584961], [142.9643096923828, -10.54220199584961], [142.9643096923828, -10.042186737060547], [142.88096618652344, -10.042186737060547], [142.88096618652344, -10.12552261352539], [142.7142791748047, -10.12552261352539], [142.7142791748047, -10.292194366455078], [142.6309356689453, -10.292194366455078], [142.6309356689453, -10.375530242919922], [142.3809051513672, -10.375530242919922]], [[123.71195983886719, -10.458866119384766], [123.71195983886719, -10.375530242919922], [123.62861633300781, -10.375530242919922], [123.62861633300781, -10.458866119384766], [123.71195983886719, -10.458866119384766]], [[142.2975616455078, -10.54220199584961], [142.2975616455078, -10.375530242919922], [142.13087463378906, -10.375530242919922], [142.13087463378906, -10.54220199584961], [142.2975616455078, -10.54220199584961]], [[131.3795623779297, -10.708873748779297], [131.3795623779297, -10.79220962524414], [131.46290588378906, -10.79220962524414], [131.46290588378906, -10.875545501708984], [131.87962341308594, -10.875545501708984], [131.87962341308594, -10.708873748779297], [131.79627990722656, -10.708873748779297], [131.79627990722656, -10.458866119384766], [131.7129364013672, -10.458866119384766], [131.7129364013672, -10.54220199584961], [131.54624938964844, -10.54220199584961], [131.54624938964844, -10.625537872314453], [131.46290588378906, -10.625537872314453], [131.46290588378906, -10.708873748779297], [131.3795623779297, -10.708873748779297]], [[132.3796844482422, -10.708873748779297], [132.3796844482422, -10.79220962524414], [132.21299743652344, -10.79220962524414], [132.21299743652344, -10.875545501708984], [132.87974548339844, -10.875545501708984], [132.87974548339844, -10.708873748779297], [132.3796844482422, -10.708873748779297]], [[135.2967071533203, -11.125553131103516], [135.2967071533203, -10.958881378173828], [135.3800506591797, -10.958881378173828], [135.3800506591797, -10.79220962524414], [135.0466766357422, -10.79220962524414], [135.0466766357422, -10.708873748779297], [134.87998962402344, -10.708873748779297], [134.87998962402344, -10.79220962524414], [134.79664611816406, -10.79220962524414], [134.79664611816406, -10.708873748779297], [134.6299591064453, -10.708873748779297], [134.6299591064453, -10.958881378173828], [134.54661560058594, -10.958881378173828], [134.54661560058594, -11.042217254638672], [134.79664611816406, -11.042217254638672], [134.79664611816406, -11.125553131103516], [135.2967071533203, -11.125553131103516]], [[133.9632110595703, -10.958881378173828], [133.9632110595703, -10.875545501708984], [133.6298370361328, -10.875545501708984], [133.6298370361328, -11.125553131103516], [133.9632110595703, -11.125553131103516], [133.9632110595703, -11.042217254638672], [134.0465545654297, -11.042217254638672], [134.0465545654297, -10.958881378173828], [133.9632110595703, -10.958881378173828]], [[134.12989807128906, -10.958881378173828], [134.12989807128906, -11.042217254638672], [134.3799285888672, -11.042217254638672], [134.3799285888672, -10.958881378173828], [134.46327209472656, -10.958881378173828], [134.46327209472656, -10.875545501708984], [134.0465545654297, -10.875545501708984], [134.0465545654297, -10.958881378173828], [134.12989807128906, -10.958881378173828]], [[134.54661560058594, -11.292224884033203], [134.54661560058594, -11.125553131103516], [134.46327209472656, -11.125553131103516], [134.46327209472656, -11.292224884033203], [134.54661560058594, -11.292224884033203]], [[136.2968292236328, -11.20888900756836], [136.2968292236328, -11.292224884033203], [136.21348571777344, -11.292224884033203], [136.21348571777344, -11.375560760498047], [136.3801727294922, -11.375560760498047], [136.3801727294922, -11.20888900756836], [136.2968292236328, -11.20888900756836]], [[133.12977600097656, -11.375560760498047], [133.12977600097656, -11.292224884033203], [132.87974548339844, -11.292224884033203], [132.87974548339844, -11.375560760498047], [133.12977600097656, -11.375560760498047]], [[142.9643096923828, -11.87557601928711], [142.9643096923828, -11.292224884033203], [142.88096618652344, -11.292224884033203], [142.88096618652344, -11.87557601928711], [142.9643096923828, -11.87557601928711]], [[133.6298370361328, -11.45889663696289], [133.6298370361328, -11.625568389892578], [133.87986755371094, -11.625568389892578], [133.87986755371094, -11.542232513427734], [133.7131805419922, -11.542232513427734], [133.7131805419922, -11.45889663696289], [133.6298370361328, -11.45889663696289]], [[135.88011169433594, -11.625568389892578], [135.88011169433594, -11.542232513427734], [135.54673767089844, -11.542232513427734], [135.54673767089844, -11.625568389892578], [135.88011169433594, -11.625568389892578]]], [[[131.3795623779297, 0.6248054504394531], [131.2962188720703, 0.6248054504394531], [131.2962188720703, 0.7914772033691406], [131.3795623779297, 0.7914772033691406], [131.3795623779297, 0.6248054504394531]]], [[[129.6293487548828, 0.7081413269042969], [129.46266174316406, 0.7081413269042969], [129.46266174316406, 0.7914772033691406], [129.6293487548828, 0.7914772033691406], [129.6293487548828, 0.7081413269042969]]], [[[132.7130584716797, 1.4581642150878906], [132.87974548339844, 1.4581642150878906], [132.87974548339844, 1.2081565856933594], [132.79640197753906, 1.2081565856933594], [132.79640197753906, 1.2914924621582031], [132.7130584716797, 1.2914924621582031], [132.7130584716797, 1.4581642150878906]]], [[[130.12940979003906, 2.1248512268066406], [130.6294708251953, 2.1248512268066406], [130.6294708251953, 1.9581794738769531], [130.46278381347656, 1.9581794738769531], [130.46278381347656, 1.8748435974121094], [130.12940979003906, 1.8748435974121094], [130.12940979003906, 2.1248512268066406]]], [[[130.87950134277344, 2.1248512268066406], [130.6294708251953, 2.1248512268066406], [130.6294708251953, 2.374858856201172], [130.87950134277344, 2.374858856201172], [130.87950134277344, 2.1248512268066406]]], [[[129.9627227783203, 2.4581947326660156], [129.87937927246094, 2.4581947326660156], [129.87937927246094, 2.624866485595703], [129.9627227783203, 2.624866485595703], [129.9627227783203, 2.708202362060547], [130.0460662841797, 2.708202362060547], [130.0460662841797, 2.8748741149902344], [130.12940979003906, 2.8748741149902344], [130.12940979003906, 2.624866485595703], [130.3794403076172, 2.624866485595703], [130.3794403076172, 2.374858856201172], [129.9627227783203, 2.374858856201172], [129.9627227783203, 2.4581947326660156]]], [[[131.3795623779297, 4.624927520751953], [131.46290588378906, 4.624927520751953], [131.46290588378906, 4.541591644287109], [131.54624938964844, 4.541591644287109], [131.54624938964844, 4.208248138427734], [131.6295928955078, 4.208248138427734], [131.6295928955078, 4.124912261962891], [131.87962341308594, 4.124912261962891], [131.87962341308594, 3.8749046325683594], [131.9629669189453, 3.8749046325683594], [131.9629669189453, 3.7915687561035156], [132.0463104248047, 3.7915687561035156], [132.0463104248047, 3.708232879638672], [131.9629669189453, 3.708232879638672], [131.9629669189453, 3.624897003173828], [131.87962341308594, 3.624897003173828], [131.87962341308594, 3.5415611267089844], [131.9629669189453, 3.5415611267089844], [131.9629669189453, 3.374889373779297], [132.0463104248047, 3.374889373779297], [132.0463104248047, 2.958209991455078], [131.9629669189453, 2.958209991455078], [131.9629669189453, 2.8748741149902344], [131.6295928955078, 2.8748741149902344], [131.6295928955078, 2.624866485595703], [131.3795623779297, 2.624866485595703], [131.3795623779297, 3.1248817443847656], [131.12953186035156, 3.1248817443847656], [131.12953186035156, 2.8748741149902344], [130.87950134277344, 2.8748741149902344], [130.87950134277344, 2.624866485595703], [130.3794403076172, 2.624866485595703], [130.3794403076172, 2.8748741149902344], [130.2960968017578, 2.8748741149902344], [130.2960968017578, 3.041545867919922], [130.3794403076172, 3.041545867919922], [130.3794403076172, 3.2082176208496094], [130.46278381347656, 3.2082176208496094], [130.46278381347656, 3.624897003173828], [130.79615783691406, 3.624897003173828], [130.79615783691406, 3.8749046325683594], [130.46278381347656, 3.8749046325683594], [130.46278381347656, 4.458255767822266], [130.54612731933594, 4.458255767822266], [130.54612731933594, 4.541591644287109], [130.6294708251953, 4.541591644287109], [130.6294708251953, 4.624927520751953], [130.7128143310547, 4.624927520751953], [130.7128143310547, 4.708263397216797], [130.79615783691406, 4.708263397216797], [130.79615783691406, 4.791599273681641], [130.87950134277344, 4.791599273681641], [130.87950134277344, 4.874935150146484], [131.21287536621094, 4.874935150146484], [131.21287536621094, 4.791599273681641], [131.2962188720703, 4.791599273681641], [131.2962188720703, 4.708263397216797], [131.3795623779297, 4.708263397216797], [131.3795623779297, 4.624927520751953]], [[131.12953186035156, 4.374919891357422], [131.12953186035156, 4.291584014892578], [131.21287536621094, 4.291584014892578], [131.21287536621094, 4.124912261962891], [131.3795623779297, 4.124912261962891], [131.3795623779297, 4.374919891357422], [131.12953186035156, 4.374919891357422]]], [[[132.6297149658203, 6.291645050048828], [132.54637145996094, 6.291645050048828], [132.54637145996094, 6.374980926513672], [132.6297149658203, 6.374980926513672], [132.6297149658203, 6.291645050048828]]], [[[142.79762268066406, -10.708873748779297], [142.7142791748047, -10.708873748779297], [142.7142791748047, -10.625537872314453], [142.79762268066406, -10.625537872314453], [142.79762268066406, -10.708873748779297]]], [[[142.6309356689453, -10.54220199584961], [142.7142791748047, -10.54220199584961], [142.7142791748047, -10.625537872314453], [142.6309356689453, -10.625537872314453], [142.6309356689453, -10.54220199584961]]], [[[135.3800506591797, -9.125492095947266], [135.2967071533203, -9.125492095947266], [135.2967071533203, -8.958820343017578], [135.3800506591797, -8.958820343017578], [135.3800506591797, -9.125492095947266]]], [[[133.7131805419922, -8.54214096069336], [133.7131805419922, -8.625476837158203], [133.79652404785156, -8.625476837158203], [133.79652404785156, -8.875484466552734], [133.87986755371094, -8.875484466552734], [133.87986755371094, -8.958820343017578], [133.9632110595703, -8.958820343017578], [133.9632110595703, -9.042156219482422], [134.12989807128906, -9.042156219482422], [134.12989807128906, -9.125492095947266], [133.0464324951172, -9.125492095947266], [133.0464324951172, -9.042156219482422], [133.12977600097656, -9.042156219482422], [133.12977600097656, -8.958820343017578], [133.0464324951172, -8.958820343017578], [133.0464324951172, -8.875484466552734], [132.7130584716797, -8.875484466552734], [132.7130584716797, -8.79214859008789], [132.6297149658203, -8.79214859008789], [132.6297149658203, -8.625476837158203], [132.7130584716797, -8.625476837158203], [132.7130584716797, -8.54214096069336], [132.79640197753906, -8.54214096069336], [132.79640197753906, -8.458805084228516], [133.0464324951172, -8.458805084228516], [133.0464324951172, -8.54214096069336], [133.46315002441406, -8.54214096069336], [133.46315002441406, -8.458805084228516], [133.54649353027344, -8.458805084228516], [133.54649353027344, -8.54214096069336], [133.7131805419922, -8.54214096069336]]], [[[135.6300811767578, -7.458774566650391], [135.6300811767578, -7.708782196044922], [135.46339416503906, -7.708782196044922], [135.46339416503906, -7.792118072509766], [135.3800506591797, -7.792118072509766], [135.3800506591797, -7.875453948974609], [135.2967071533203, -7.875453948974609], [135.2967071533203, -7.958789825439453], [135.21336364746094, -7.958789825439453], [135.21336364746094, -8.042125701904297], [135.0466766357422, -8.042125701904297], [135.0466766357422, -8.12546157836914], [134.9633331298828, -8.12546157836914], [134.9633331298828, -8.375469207763672], [135.0466766357422, -8.375469207763672], [135.0466766357422, -8.458805084228516], [135.21336364746094, -8.458805084228516], [135.21336364746094, -8.54214096069336], [135.2967071533203, -8.54214096069336], [135.2967071533203, -8.625476837158203], [135.3800506591797, -8.625476837158203], [135.3800506591797, -8.708812713623047], [135.54673767089844, -8.708812713623047], [135.54673767089844, -8.875484466552734], [135.13002014160156, -8.875484466552734], [135.13002014160156, -8.958820343017578], [135.0466766357422, -8.958820343017578], [135.0466766357422, -9.20882797241211], [135.13002014160156, -9.20882797241211], [135.13002014160156, -9.375499725341797], [134.3799285888672, -9.375499725341797], [134.3799285888672, -9.20882797241211], [134.46327209472656, -9.20882797241211], [134.46327209472656, -9.125492095947266], [134.54661560058594, -9.125492095947266], [134.54661560058594, -9.042156219482422], [134.6299591064453, -9.042156219482422], [134.6299591064453, -8.958820343017578], [134.7133026123047, -8.958820343017578], [134.7133026123047, -8.875484466552734], [134.87998962402344, -8.875484466552734], [134.87998962402344, -8.79214859008789], [134.54661560058594, -8.79214859008789], [134.54661560058594, -8.708812713623047], [134.3799285888672, -8.708812713623047], [134.3799285888672, -8.79214859008789], [134.12989807128906, -8.79214859008789], [134.12989807128906, -8.708812713623047], [133.9632110595703, -8.708812713623047], [133.9632110595703, -8.625476837158203], [133.87986755371094, -8.625476837158203], [133.87986755371094, -8.458805084228516], [134.0465545654297, -8.458805084228516], [134.0465545654297, -8.292133331298828], [133.9632110595703, -8.292133331298828], [133.9632110595703, -8.12546157836914], [133.87986755371094, -8.12546157836914], [133.87986755371094, -7.958789825439453], [133.79652404785156, -7.958789825439453], [133.79652404785156, -7.875453948974609], [133.7131805419922, -7.875453948974609], [133.7131805419922, -7.792118072509766], [133.6298370361328, -7.792118072509766], [133.6298370361328, -7.708782196044922], [134.12989807128906, -7.708782196044922], [134.12989807128906, -7.792118072509766], [134.3799285888672, -7.792118072509766], [134.3799285888672, -7.875453948974609], [134.6299591064453, -7.875453948974609], [134.6299591064453, -7.625446319580078], [134.54661560058594, -7.625446319580078], [134.54661560058594, -7.542110443115234], [134.46327209472656, -7.542110443115234], [134.46327209472656, -7.458774566650391], [134.6299591064453, -7.458774566650391], [134.6299591064453, -7.542110443115234], [134.7133026123047, -7.542110443115234], [134.7133026123047, -7.458774566650391], [134.79664611816406, -7.458774566650391], [134.79664611816406, -7.375438690185547], [134.87998962402344, -7.375438690185547], [134.87998962402344, -7.625446319580078], [135.13002014160156, -7.625446319580078], [135.13002014160156, -7.375438690185547], [135.0466766357422, -7.375438690185547], [135.0466766357422, -7.292102813720703], [135.13002014160156, -7.292102813720703], [135.13002014160156, -7.125431060791016], [135.46339416503906, -7.125431060791016], [135.46339416503906, -7.208766937255859], [135.7134246826172, -7.208766937255859], [135.7134246826172, -7.375438690185547], [135.79676818847656, -7.375438690185547], [135.79676818847656, -7.458774566650391], [135.6300811767578, -7.458774566650391]], [[134.87998962402344, -8.12546157836914], [134.79664611816406, -8.12546157836914], [134.79664611816406, -8.208797454833984], [134.87998962402344, -8.208797454833984], [134.87998962402344, -8.12546157836914]], [[134.3799285888672, -8.375469207763672], [134.2965850830078, -8.375469207763672], [134.2965850830078, -8.458805084228516], [134.3799285888672, -8.458805084228516], [134.3799285888672, -8.375469207763672]]], [[[136.7135467529297, -7.208766937255859], [136.9635772705078, -7.208766937255859], [136.9635772705078, -7.375438690185547], [136.6302032470703, -7.375438690185547], [136.6302032470703, -7.292102813720703], [136.7135467529297, -7.292102813720703], [136.7135467529297, -7.208766937255859]]], [[[133.46315002441406, -7.125431060791016], [133.3798065185547, -7.125431060791016], [133.3798065185547, -7.042095184326172], [133.46315002441406, -7.042095184326172], [133.46315002441406, -7.125431060791016]]], [[[137.46363830566406, -6.542079925537109], [137.46363830566406, -6.625415802001953], [137.54698181152344, -6.625415802001953], [137.54698181152344, -6.708751678466797], [137.3802947998047, -6.708751678466797], [137.3802947998047, -6.542079925537109], [137.46363830566406, -6.542079925537109]]], [[[137.54698181152344, -6.458744049072266], [137.54698181152344, -6.542079925537109], [137.46363830566406, -6.542079925537109], [137.46363830566406, -6.458744049072266], [137.54698181152344, -6.458744049072266]]], [[[138.6304473876953, -1.7085990905761719], [138.46376037597656, -1.7085990905761719], [138.46376037597656, -1.6252632141113281], [138.6304473876953, -1.6252632141113281], [138.6304473876953, -1.7085990905761719]]], [[[137.54698181152344, -1.5419273376464844], [137.3802947998047, -1.5419273376464844], [137.3802947998047, -1.4585914611816406], [137.54698181152344, -1.4585914611816406], [137.54698181152344, -1.5419273376464844]]], [[[135.21336364746094, -0.4585609436035156], [135.0466766357422, -0.4585609436035156], [135.0466766357422, -0.3752250671386719], [135.21336364746094, -0.3752250671386719], [135.21336364746094, -0.4585609436035156]]], [[[138.3804168701172, -0.3752250671386719], [138.13038635253906, -0.3752250671386719], [138.13038635253906, -0.12521743774414062], [138.3804168701172, -0.12521743774414062], [138.3804168701172, -0.3752250671386719]]], [[[141.3807830810547, 0.20812606811523438], [141.2974395751953, 0.20812606811523438], [141.2974395751953, 0.2914619445800781], [141.3807830810547, 0.2914619445800781], [141.3807830810547, 0.20812606811523438]]], [[[137.13026428222656, 0.3747978210449219], [136.88023376464844, 0.3747978210449219], [136.88023376464844, 0.6248054504394531], [137.13026428222656, 0.6248054504394531], [137.13026428222656, 0.3747978210449219]]], [[[134.3799285888672, 0.6248054504394531], [134.12989807128906, 0.6248054504394531], [134.12989807128906, 0.8748130798339844], [134.3799285888672, 0.8748130798339844], [134.3799285888672, 0.6248054504394531]]], [[[134.54661560058594, 1.0414848327636719], [134.46327209472656, 1.0414848327636719], [134.46327209472656, 1.1248207092285156], [134.54661560058594, 1.1248207092285156], [134.54661560058594, 1.0414848327636719]]], [[[133.3798065185547, 1.3748283386230469], [133.21311950683594, 1.3748283386230469], [133.21311950683594, 1.4581642150878906], [133.3798065185547, 1.4581642150878906], [133.3798065185547, 1.3748283386230469]]], [[[134.46327209472656, 3.041545867919922], [134.6299591064453, 3.041545867919922], [134.6299591064453, 2.8748741149902344], [134.2965850830078, 2.8748741149902344], [134.2965850830078, 2.958209991455078], [134.46327209472656, 2.958209991455078], [134.46327209472656, 3.041545867919922]]], [[[135.6300811767578, 2.624866485595703], [135.3800506591797, 2.624866485595703], [135.3800506591797, 2.8748741149902344], [134.87998962402344, 2.8748741149902344], [134.87998962402344, 3.1248817443847656], [135.3800506591797, 3.1248817443847656], [135.3800506591797, 3.5415611267089844], [135.6300811767578, 3.5415611267089844], [135.6300811767578, 3.374889373779297], [135.88011169433594, 3.374889373779297], [135.88011169433594, 3.1248817443847656], [135.6300811767578, 3.1248817443847656], [135.6300811767578, 2.624866485595703]]], [[[134.2965850830078, 3.5415611267089844], [134.2965850830078, 3.374889373779297], [134.12989807128906, 3.374889373779297], [134.12989807128906, 3.4582252502441406], [134.21324157714844, 3.4582252502441406], [134.21324157714844, 3.5415611267089844], [134.2965850830078, 3.5415611267089844]]], [[[135.9634552001953, 3.624897003173828], [135.9634552001953, 3.708232879638672], [136.13014221191406, 3.708232879638672], [136.13014221191406, 3.624897003173828], [135.9634552001953, 3.624897003173828]]]]}}, {"type": "Feature", "properties": {"date": "2026-10-12", "category_id": 1, "level": "waspada", "kategori": "Waspada Aktivitas Snorkling", "color": "#FFFF00"}, "geometry": {"type": "MultiPolygon", "coordinates": [[[[113.12733459472656, -7.292102813720703], [113.12733459472656, -7.208766937255859], [113.29402160644531, -7.208766937255859], [113.29402160644531, -7.292102813720703], [113.12733459472656, -7.292102813720703]]], [[[108.04338073730469, -6.292072296142578], [108.12672424316406, -6.292072296142578], [108.12672424316406, -6.375408172607422], [108.04338073730469, -6.375408172607422], [108.04338073730469, -6.292072296142578]]], [[[105.54307556152344, -6.042064666748047], [105.62641906738281, -6.042064666748047], [105.62641906738281, -6.292072296142578], [105.54307556152344, -6.292072296142578], [105.54307556152344, -6.375408172607422], [105.45973205566406, -6.375408172607422], [105.45973205566406, -6.458744049072266], [105.20970153808594, -6.458744049072266], [105.20970153808594, -6.542079925537109], [105.12635803222656, -6.542079925537109], [105.12635803222656, -6.292072296142578], [104.79298400878906, -6.292072296142578], [104.79298400878906, -6.125400543212891], [104.87632751464844, -6.125400543212891], [104.87632751464844, -5.958728790283203], [104.70964050292969, -5.958728790283203], [104.70964050292969, -5.792057037353516], [104.79298400878906, -5.792057037353516], [104.79298400878906, -5.875392913818359], [105.37638854980469, -5.875392913818359], [105.37638854980469, -6.208736419677734], [105.45973205566406, -6.208736419677734], [105.45973205566406, -6.125400543212891], [105.54307556152344, -6.125400543212891], [105.54307556152344, -6.042064666748047]]], [[[107.37663269042969, -6.125400543212891], [107.37663269042969, -6.042064666748047], [107.45997619628906, -6.042064666748047], [107.45997619628906, -6.125400543212891], [107.37663269042969, -6.125400543212891]]], [[[105.87644958496094, -6.042064666748047], [105.79310607910156, -6.042064666748047], [105.79310607910156, -5.958728790283203], [105.70976257324219, -5.958728790283203], [105.70976257324219, -5.875392913818359], [105.87644958496094, -5.875392913818359], [105.87644958496094, -6.042064666748047]]], [[[110.37699890136719, -5.792057037353516], [110.54368591308594, -5.792057037353516], [110.54368591308594, -5.875392913818359], [110.37699890136719, -5.875392913818359], [110.37699890136719, -5.792057037353516]]], [[[110.71037292480469, -5.708721160888672], [110.71037292480469, -5.625385284423828], [110.87705993652344, -5.625385284423828], [110.87705993652344, -5.708721160888672], [110.71037292480469, -5.708721160888672]]], [[[110.62702941894531, -5.375377655029297], [110.71037292480469, -5.375377655029297], [110.71037292480469, -5.458713531494141], [110.62702941894531, -5.458713531494141], [110.62702941894531, -5.375377655029297]]], [[[113.37736511230469, -5.042034149169922], [113.54405212402344, -5.042034149169922], [113.54405212402344, -5.125370025634766], [113.37736511230469, -5.125370025634766], [113.37736511230469, -5.042034149169922]]], [[[112.04386901855469, -5.042034149169922], [111.96052551269531, -5.042034149169922], [111.96052551269531, -4.958698272705078], [111.87718200683594, -4.958698272705078], [111.87718200683594, -4.875362396240234], [112.04386901855469, -4.875362396240234], [112.04386901855469, -5.042034149169922]]], [[[108.29341125488281, -4.042003631591797], [108.21006774902344, -4.042003631591797], [108.21006774902344, -4.125339508056641], [108.29341125488281, -4.125339508056641], [108.29341125488281, -4.208675384521484], [108.37675476074219, -4.208675384521484], [108.37675476074219, -4.375347137451172], [108.46009826660156, -4.375347137451172], [108.46009826660156, -4.542018890380859], [108.37675476074219, -4.542018890380859], [108.37675476074219, -4.625354766845703], [108.46009826660156, -4.625354766845703], [108.46009826660156, -4.708690643310547], [108.37675476074219, -4.708690643310547], [108.37675476074219, -4.875362396240234], [108.29341125488281, -4.875362396240234], [108.29341125488281, -5.042034149169922], [108.21006774902344, -5.042034149169922], [108.21006774902344, -5.292041778564453], [108.12672424316406, -5.292041778564453], [108.12672424316406, -4.792026519775391], [108.21006774902344, -4.792026519775391], [108.21006774902344, -4.625354766845703], [108.12672424316406, -4.625354766845703], [108.12672424316406, -4.375347137451172], [108.04338073730469, -4.375347137451172], [108.04338073730469, -4.125339508056641], [108.12672424316406, -4.125339508056641], [108.12672424316406, -3.708660125732422], [108.21006774902344, -3.708660125732422], [108.21006774902344, -3.625324249267578], [108.54344177246094, -3.625324249267578], [108.54344177246094, -3.708660125732422], [108.46009826660156, -3.708660125732422], [108.46009826660156, -3.7919960021972656], [108.37675476074219, -3.7919960021972656], [108.37675476074219, -3.958667755126953], [108.29341125488281, -3.958667755126953], [108.29341125488281, -4.042003631591797]]], [[[107.87669372558594, -4.208675384521484], [107.96003723144531, -4.208675384521484], [107.96003723144531, -4.458683013916016], [107.79335021972656, -4.458683013916016], [107.79335021972656, -4.125339508056641], [107.87669372558594, -4.125339508056641], [107.87669372558594, -4.208675384521484]]], [[[109.87693786621094, -2.625293731689453], [110.12696838378906, -2.625293731689453], [110.12696838378906, -3.375316619873047], [110.87705993652344, -3.375316619873047], [110.87705993652344, -3.1253089904785156], [111.12709045410156, -3.1253089904785156], [111.12709045410156, -3.041973114013672], [111.21043395996094, -3.041973114013672], [111.21043395996094, -2.958637237548828], [111.37712097167969, -2.958637237548828], [111.37712097167969, -3.1253089904785156], [111.62715148925781, -3.1253089904785156], [111.62715148925781, -3.375316619873047], [111.87718200683594, -3.375316619873047], [111.87718200683594, -3.4586524963378906], [111.62715148925781, -3.4586524963378906], [111.62715148925781, -3.625324249267578], [111.71049499511719, -3.625324249267578], [111.71049499511719, -3.5419883728027344], [111.79383850097656, -3.5419883728027344], [111.79383850097656, -3.625324249267578], [112.12721252441406, -3.625324249267578], [112.12721252441406, -3.375316619873047], [112.46058654785156, -3.375316619873047], [112.46058654785156, -3.4586524963378906], [112.62727355957031, -3.4586524963378906], [112.62727355957031, -3.375316619873047], [112.87730407714844, -3.375316619873047], [112.87730407714844, -3.2086448669433594], [112.96064758300781, -3.2086448669433594], [112.96064758300781, -3.1253089904785156], [113.21067810058594, -3.1253089904785156], [113.21067810058594, -3.2086448669433594], [113.29402160644531, -3.2086448669433594], [113.29402160644531, -3.291980743408203], [113.37736511230469, -3.291980743408203], [113.37736511230469, -3.2086448669433594], [113.62739562988281, -3.2086448669433594], [113.62739562988281, -3.625324249267578], [113.54405212402344, -3.625324249267578], [113.54405212402344, -3.5419883728027344], [113.37736511230469, -3.5419883728027344], [113.37736511230469, -3.4586524963378906], [112.79396057128906, -3.4586524963378906], [112.79396057128906, -3.5419883728027344], [112.21055603027344, -3.5419883728027344], [112.21055603027344, -3.625324249267578], [113.37736511230469, -3.625324249267578], [113.37736511230469, -3.8753318786621094], [114.37748718261719, -3.8753318786621094], [114.37748718261719, -4.125339508056641], [113.96076965332031, -4.125339508056641], [113.96076965332031, -4.292011260986328], [113.87742614746094, -4.292011260986328], [113.87742614746094, -4.208675384521484], [113.62739562988281, -4.208675384521484], [113.62739562988281, -4.292011260986328], [113.46070861816406, -4.292011260986328], [113.46070861816406, -4.375347137451172], [113.54405212402344, -4.375347137451172], [113.54405212402344, -4.458683013916016], [113.37736511230469, -4.458683013916016], [113.37736511230469, -4.792026519775391], [113.54405212402344, -4.792026519775391], [113.54405212402344, -4.875362396240234], [113.12733459472656, -4.875362396240234], [113.12733459472656, -4.625354766845703], [112.54393005371094, -4.625354766845703], [112.54393005371094, -4.708690643310547], [112.62727355957031, -4.708690643310547], [112.62727355957031, -4.792026519775391], [112.54393005371094, -4.792026519775391], [112.54393005371094, -4.875362396240234], [112.37724304199219, -4.875362396240234], [112.37724304199219, -4.958698272705078], [112.29389953613281, -4.958698272705078], [112.29389953613281, -5.042034149169922], [112.21055603027344, -5.042034149169922], [112.21055603027344, -4.958698272705078], [112.12721252441406, -4.958698272705078], [112.12721252441406, -4.125339508056641], [111.87718200683594, -4.125339508056641], [111.87718200683594, -4.375347137451172], [111.62715148925781, -4.375347137451172], [111.62715148925781, -4.625354766845703], [111.37712097167969, -4.625354766845703], [111.37712097167969, -4.375347137451172], [110.62702941894531, -4.375347137451172], [110.62702941894531, -4.625354766845703], [110.29365539550781, -4.625354766845703], [110.29365539550781, -4.792026519775391], [110.04362487792969, -4.792026519775391], [110.04362487792969, -4.708690643310547], [109.87693786621094, -4.708690643310547], [109.87693786621094, -4.625354766845703], [109.96028137207031, -4.625354766845703], [109.96028137207031, -4.542018890380859], [109.87693786621094, -4.542018890380859], [109.87693786621094, -4.208675384521484], [109.62690734863281, -4.208675384521484], [109.62690734863281, -4.042003631591797], [109.46022033691406, -4.042003631591797], [109.46022033691406, -4.208675384521484], [109.54356384277344, -4.208675384521484], [109.54356384277344, -4.542018890380859], [109.46022033691406, -4.542018890380859], [109.46022033691406, -4.625354766845703], [109.37687683105469, -4.625354766845703], [109.37687683105469, -4.708690643310547], [109.29353332519531, -4.708690643310547], [109.29353332519531, -4.958698272705078], [109.21018981933594, -4.958698272705078], [109.21018981933594, -5.042034149169922], [109.12684631347656, -5.042034149169922], [109.12684631347656, -5.292041778564453], [109.04350280761719, -5.292041778564453], [109.04350280761719, -5.458713531494141], [108.96015930175781, -5.458713531494141], [108.96015930175781, -5.542049407958984], [108.71012878417969, -5.542049407958984], [108.71012878417969, -5.375377655029297], [108.79347229003906, -5.375377655029297], [108.79347229003906, -5.292041778564453], [108.87681579589844, -5.292041778564453], [108.87681579589844, -5.208705902099609], [108.96015930175781, -5.208705902099609], [108.96015930175781, -4.458683013916016], [109.04350280761719, -4.458683013916016], [109.04350280761719, -4.375347137451172], [108.87681579589844, -4.375347137451172], [108.87681579589844, -4.542018890380859], [108.79347229003906, -4.542018890380859], [108.79347229003906, -4.792026519775391], [108.71012878417969, -4.792026519775391], [108.71012878417969, -4.958698272705078], [108.62678527832031, -4.958698272705078], [108.62678527832031, -4.625354766845703], [108.54344177246094, -4.625354766845703], [108.54344177246094, -4.292011260986328], [108.62678527832031, -4.292011260986328], [108.62678527832031, -4.208675384521484], [108.54344177246094, -4.208675384521484], [108.54344177246094, -4.042003631591797], [108.79347229003906, -4.042003631591797], [108.79347229003906, -3.958667755126953], [108.96015930175781, -3.958667755126953], [108.96015930175781, -3.8753318786621094], [109.04350280761719, -3.8753318786621094], [109.04350280761719, -3.5419883728027344], [108.96015930175781, -3.5419883728027344], [108.96015930175781, -3.4586524963378906], [108.87681579589844, -3.4586524963378906], [108.87681579589844, -3.5419883728027344], [108.79347229003906, -3.5419883728027344], [108.79347229003906, -3.375316619873047], [108.71012878417969, -3.375316619873047], [108.71012878417969, -3.4586524963378906], [108.62678527832031, -3.4586524963378906], [108.62678527832031, -3.2086448669433594], [108.71012878417969, -3.2086448669433594], [108.71012878417969, -3.041973114013672], [108.62678527832031, -3.041973114013672], [108.62678527832031, -2.958637237548828], [108.71012878417969, -2.958637237548828], [108.71012878417969, -2.8753013610839844], [108.87681579589844, -2.8753013610839844], [108.87681579589844, -2.625293731689453], [109.12684631347656, -2.625293731689453], [109.12684631347656, -2.8753013610839844], [109.54356384277344, -2.8753013610839844], [109.54356384277344, -2.7919654846191406], [109.46022033691406, -2.7919654846191406], [109.46022033691406, -2.708629608154297], [109.37687683105469, -2.708629608154297], [109.37687683105469, -2.5419578552246094], [109.29353332519531, -2.5419578552246094], [109.29353332519531, -2.375286102294922], [109.37687683105469, -2.375286102294922], [109.37687683105469, -2.1252784729003906], [109.54356384277344, -2.1252784729003906], [109.54356384277344, -2.041942596435547], [109.46022033691406, -2.041942596435547], [109.46022033691406, -1.9586067199707031], [109.62690734863281, -1.9586067199707031], [109.62690734863281, -2.2086143493652344], [109.71025085449219, -2.2086143493652344], [109.71025085449219, -2.5419578552246094], [109.79359436035156, -2.5419578552246094], [109.79359436035156, -2.4586219787597656], [109.87693786621094, -2.4586219787597656], [109.87693786621094, -2.625293731689453]], [[113.46070861816406, -4.208675384521484], [113.37736511230469, -4.208675384521484], [113.37736511230469, -4.292011260986328], [113.46070861816406, -4.292011260986328], [113.46070861816406, -4.208675384521484]], [[109.62690734863281, -2.625293731689453], [109.62690734863281, -2.8753013610839844], [109.79359436035156, -2.8753013610839844], [109.79359436035156, -2.7919654846191406], [109.71025085449219, -2.7919654846191406], [109.71025085449219, -2.708629608154297], [109.79359436035156, -2.708629608154297], [109.79359436035156, -2.625293731689453], [109.62690734863281, -2.625293731689453]], [[108.96015930175781, -3.2086448669433594], [108.96015930175781, -3.291980743408203], [109.04350280761719, -3.291980743408203], [109.04350280761719, -3.2086448669433594], [108.96015930175781, -3.2086448669433594]], [[109.12684631347656, -3.2086448669433594], [109.12684631347656, -3.5419883728027344], [109.21018981933594, -3.5419883728027344], [109.21018981933594, -3.2086448669433594], [109.12684631347656, -3.2086448669433594]], [[111.37712097167969, -3.291980743408203], [111.37712097167969, -3.375316619873047], [111.54380798339844, -3.375316619873047], [111.54380798339844, -3.291980743408203], [111.37712097167969, -3.291980743408203]], [[109.12684631347656, -3.708660125732422], [109.12684631347656, -3.958667755126953], [109.21018981933594, -3.958667755126953], [109.21018981933594, -3.708660125732422], [109.12684631347656, -3.708660125732422]], [[113.21067810058594, -3.958667755126953], [113.21067810058594, -4.042003631591797], [113.29402160644531, -4.042003631591797], [113.29402160644531, -3.958667755126953], [113.21067810058594, -3.958667755126953]], [[109.12684631347656, -4.125339508056641], [109.12684631347656, -4.375347137451172], [109.37687683105469, -4.375347137451172], [109.37687683105469, -4.125339508056641], [109.12684631347656, -4.125339508056641]]], [[[110.21031188964844, -3.041973114013672], [110.21031188964844, -2.958637237548828], [110.29365539550781, -2.958637237548828], [110.29365539550781, -3.041973114013672], [110.21031188964844, -3.041973114013672]]], [[[110.37699890136719, -2.8753013610839844], [110.62702941894531, -2.8753013610839844], [110.62702941894531, -3.041973114013672], [110.54368591308594, -3.041973114013672], [110.54368591308594, -2.958637237548828], [110.46034240722656, -2.958637237548828], [110.46034240722656, -3.041973114013672], [110.37699890136719, -3.041973114013672], [110.37699890136719, -2.8753013610839844]]], [[[100.62580871582031, -2.041942596435547], [100.62580871582031, -1.8752708435058594], [100.87583923339844, -1.8752708435058594], [100.87583923339844, -2.375286102294922], [100.95918273925781, -2.375286102294922], [100.95918273925781, -2.4586219787597656], [101.04252624511719, -2.4586219787597656], [101.04252624511719, -2.5419578552246094], [101.12586975097656, -2.5419578552246094], [101.12586975097656, -2.8753013610839844], [101.37590026855469, -2.8753013610839844], [101.37590026855469, -3.1253089904785156], [101.54258728027344, -3.1253089904785156], [101.54258728027344, -3.291980743408203], [101.62593078613281, -3.291980743408203], [101.62593078613281, -3.375316619873047], [101.79261779785156, -3.375316619873047], [101.79261779785156, -3.4586524963378906], [101.87596130371094, -3.4586524963378906], [101.87596130371094, -3.625324249267578], [102.04264831542969, -3.625324249267578], [102.04264831542969, -3.708660125732422], [102.12599182128906, -3.708660125732422], [102.12599182128906, -3.625324249267578], [102.20933532714844, -3.625324249267578], [102.20933532714844, -3.708660125732422], [102.29267883300781, -3.708660125732422], [102.29267883300781, -4.042003631591797], [102.37602233886719, -4.042003631591797], [102.37602233886719, -4.125339508056641], [102.54270935058594, -4.125339508056641], [102.54270935058594, -4.208675384521484], [102.62605285644531, -4.208675384521484], [102.62605285644531, -4.375347137451172], [102.87608337402344, -4.375347137451172], [102.87608337402344, -4.542018890380859], [103.12611389160156, -4.542018890380859], [103.12611389160156, -4.625354766845703], [103.20945739746094, -4.625354766845703], [103.20945739746094, -4.708690643310547], [103.29280090332031, -4.708690643310547], [103.29280090332031, -4.792026519775391], [103.37614440917969, -4.792026519775391], [103.37614440917969, -4.875362396240234], [103.54283142089844, -4.875362396240234], [103.54283142089844, -4.958698272705078], [103.79286193847656, -4.958698272705078], [103.79286193847656, -5.042034149169922], [103.87620544433594, -5.042034149169922], [103.87620544433594, -5.375377655029297], [104.12623596191406, -5.375377655029297], [104.12623596191406, -5.625385284423828], [104.37626647949219, -5.625385284423828], [104.37626647949219, -5.958728790283203], [104.29292297363281, -5.958728790283203], [104.29292297363281, -6.042064666748047], [104.20957946777344, -6.042064666748047], [104.20957946777344, -6.292072296142578], [104.12623596191406, -6.292072296142578], [104.12623596191406, -6.375408172607422], [104.20957946777344, -6.375408172607422], [104.20957946777344, -6.458744049072266], [104.12623596191406, -6.458744049072266], [104.12623596191406, -6.542079925537109], [104.20957946777344, -6.542079925537109], [104.20957946777344, -6.625415802001953], [104.12623596191406, -6.625415802001953], [104.12623596191406, -6.708751678466797], [104.20957946777344, -6.708751678466797], [104.20957946777344, -6.875423431396484], [104.45960998535156, -6.875423431396484], [104.45960998535156, -6.792087554931641], [104.54295349121094, -6.792087554931641], [104.54295349121094, -6.708751678466797], [104.79298400878906, -6.708751678466797], [104.79298400878906, -6.625415802001953], [104.87632751464844, -6.625415802001953], [104.87632751464844, -6.542079925537109], [105.12635803222656, -6.542079925537109], [105.12635803222656, -6.708751678466797], [105.20970153808594, -6.708751678466797], [105.20970153808594, -6.792087554931641], [105.29304504394531, -6.792087554931641], [105.29304504394531, -6.875423431396484], [106.12648010253906, -6.875423431396484], [106.12648010253906, -6.958759307861328], [106.29316711425781, -6.958759307861328], [106.29316711425781, -7.042095184326172], [106.37651062011719, -7.042095184326172], [106.37651062011719, -7.458774566650391], [107.20994567871094, -7.458774566650391], [107.20994567871094, -7.542110443115234], [107.37663269042969, -7.542110443115234], [107.37663269042969, -7.625446319580078], [107.62666320800781, -7.625446319580078], [107.62666320800781, -7.708782196044922], [107.87669372558594, -7.708782196044922], [107.87669372558594, -7.792118072509766], [108.12672424316406, -7.792118072509766], [108.12672424316406, -7.875453948974609], [108.62678527832031, -7.875453948974609], [108.62678527832031, -7.708782196044922], [108.79347229003906, -7.708782196044922], [108.79347229003906, -7.792118072509766], [109.04350280761719, -7.792118072509766], [109.04350280761719, -7.708782196044922], [109.37687683105469, -7.708782196044922], [109.37687683105469, -7.875453948974609], [110.04362487792969, -7.875453948974609], [110.04362487792969, -7.958789825439453], [110.12696838378906, -7.958789825439453], [110.12696838378906, -8.12546157836914], [110.62702941894531, -8.12546157836914], [110.62702941894531, -8.208797454833984], [110.96040344238281, -8.208797454833984], [110.96040344238281, -8.292133331298828], [111.12709045410156, -8.292133331298828], [111.12709045410156, -8.375469207763672], [112.46058654785156, -8.375469207763672], [112.46058654785156, -8.458805084228516], [112.12721252441406, -8.458805084228516], [112.12721252441406, -8.54214096069336], [111.62715148925781, -8.54214096069336], [111.62715148925781, -8.625476837158203], [111.54380798339844, -8.625476837158203], [111.54380798339844, -8.708812713623047], [111.29377746582031, -8.708812713623047], [111.29377746582031, -8.79214859008789], [111.04374694824219, -8.79214859008789], [111.04374694824219, -8.875484466552734], [110.96040344238281, -8.875484466552734], [110.96040344238281, -9.375499725341797], [111.21043395996094, -9.375499725341797], [111.21043395996094, -9.292163848876953], [111.37712097167969, -9.292163848876953], [111.37712097167969, -9.20882797241211], [111.46046447753906, -9.20882797241211], [111.46046447753906, -9.125492095947266], [111.54380798339844, -9.125492095947266], [111.54380798339844, -9.042156219482422], [111.62715148925781, -9.042156219482422], [111.62715148925781, -8.958820343017578], [111.71049499511719, -8.958820343017578], [111.71049499511719, -8.875484466552734], [111.79383850097656, -8.875484466552734], [111.79383850097656, -8.79214859008789], [111.87718200683594, -8.79214859008789], [111.87718200683594, -8.708812713623047], [111.96052551269531, -8.708812713623047], [111.96052551269531, -8.625476837158203], [112.12721252441406, -8.625476837158203], [112.12721252441406, -8.875484466552734], [112.29389953613281, -8.875484466552734], [112.29389953613281, -8.79214859008789], [112.46058654785156, -8.79214859008789], [112.46058654785156, -8.708812713623047], [112.62727355957031, -8.708812713623047], [112.62727355957031, -8.458805084228516], [112.79396057128906, -8.458805084228516], [112.79396057128906, -8.375469207763672], [113.46070861816406, -8.375469207763672], [113.46070861816406, -8.458805084228516], [113.29402160644531, -8.458805084228516], [113.29402160644531, -8.54214096069336], [113.37736511230469, -8.54214096069336], [113.37736511230469, -8.625476837158203], [113.12733459472656, -8.625476837158203], [113.12733459472656, -8.79214859008789], [113.62739562988281, -8.79214859008789], [113.62739562988281, -8.625476837158203], [114.12745666503906, -8.625476837158203], [114.12745666503906, -8.708812713623047], [114.37748718261719, -8.708812713623047], [114.37748718261719, -8.875484466552734], [114.62751770019531, -8.875484466552734], [114.62751770019531, -8.54214096069336], [114.54417419433594, -8.54214096069336], [114.54417419433594, -8.625476837158203], [114.46083068847656, -8.625476837158203], [114.46083068847656, -8.54214096069336], [114.37748718261719, -8.54214096069336], [114.37748718261719, -8.458805084228516], [114.46083068847656, -8.458805084228516], [114.46083068847656, -8.375469207763672], [114.54417419433594, -8.375469207763672], [114.54417419433594, -8.458805084228516], [114.87754821777344, -8.458805084228516], [114.87754821777344, -8.54214096069336], [115.04423522949219, -8.54214096069336], [115.04423522949219, -8.625476837158203], [114.87754821777344, -8.625476837158203], [114.87754821777344, -8.875484466552734], [115.62763977050781, -8.875484466552734], [115.62763977050781, -8.958820343017578], [115.54429626464844, -8.958820343017578], [115.54429626464844, -9.375499725341797], [115.46095275878906, -9.375499725341797], [115.46095275878906, -9.87551498413086], [115.37760925292969, -9.87551498413086], [115.37760925292969, -9.958850860595703], [115.29426574707031, -9.958850860595703], [115.29426574707031, -10.042186737060547], [115.21092224121094, -10.042186737060547], [115.21092224121094, -10.12552261352539], [114.96089172363281, -10.12552261352539], [114.96089172363281, -10.208858489990234], [114.87754821777344, -10.208858489990234], [114.87754821777344, -10.375530242919922], [114.79420471191406, -10.375530242919922], [114.79420471191406, -10.458866119384766], [114.71086120605469, -10.458866119384766], [114.71086120605469, -10.625537872314453], [114.62751770019531, -10.625537872314453], [114.62751770019531, -10.708873748779297], [114.54417419433594, -10.708873748779297], [114.54417419433594, -10.958881378173828], [114.46083068847656, -10.958881378173828], [114.46083068847656, -11.125553131103516], [114.37748718261719, -11.125553131103516], [114.37748718261719, -11.375560760498047], [114.12745666503906, -11.375560760498047], [114.12745666503906, -11.292224884033203], [114.04411315917969, -11.292224884033203], [114.04411315917969, -11.375560760498047], [113.79408264160156, -11.375560760498047], [113.79408264160156, -11.45889663696289], [113.62739562988281, -11.45889663696289], [113.62739562988281, -11.375560760498047], [113.46070861816406, -11.375560760498047], [113.46070861816406, -11.292224884033203], [113.37736511230469, -11.292224884033203], [113.37736511230469, -11.20888900756836], [113.29402160644531, -11.20888900756836], [113.29402160644531, -11.125553131103516], [112.87730407714844, -11.125553131103516], [112.87730407714844, -11.292224884033203], [112.96064758300781, -11.292224884033203], [112.96064758300781, -11.45889663696289], [113.04399108886719, -11.45889663696289], [113.04399108886719, -11.542232513427734], [113.21067810058594, -11.542232513427734], [113.21067810058594, -11.625568389892578], [113.37736511230469, -11.625568389892578], [113.37736511230469, -11.708904266357422], [113.54405212402344, -11.708904266357422], [113.54405212402344, -11.792240142822266], [114.12745666503906, -11.792240142822266], [114.12745666503906, -11.625568389892578], [114.37748718261719, -11.625568389892578], [114.37748718261719, -11.792240142822266], [114.46083068847656, -11.792240142822266], [114.46083068847656, -11.708904266357422], [114.96089172363281, -11.708904266357422], [114.96089172363281, -11.958911895751953], [108.62678527832031, -11.958911895751953], [108.62678527832031, -11.542232513427734], [108.71012878417969, -11.542232513427734], [108.71012878417969, -11.292224884033203], [108.79347229003906, -11.292224884033203], [108.79347229003906, -11.125553131103516], [108.71012878417969, -11.125553131103516], [108.71012878417969, -10.708873748779297], [108.79347229003906, -10.708873748779297], [108.79347229003906, -10.54220199584961], [108.87681579589844, -10.54220199584961], [108.87681579589844, -10.375530242919922], [108.96015930175781, -10.375530242919922], [108.96015930175781, -10.292194366455078], [109.04350280761719, -10.292194366455078], [109.04350280761719, -10.208858489990234], [109.12684631347656, -10.208858489990234], [109.12684631347656, -10.12552261352539], [109.21018981933594, -10.12552261352539], [109.21018981933594, -10.042186737060547], [109.29353332519531, -10.042186737060547], [109.29353332519531, -9.958850860595703], [109.37687683105469, -9.958850860595703], [109.37687683105469, -9.87551498413086], [109.54356384277344, -9.87551498413086], [109.54356384277344, -9.792179107666016], [109.62690734863281, -9.792179107666016], [109.62690734863281, -9.708843231201172], [109.71025085449219, -9.708843231201172], [109.71025085449219, -9.625507354736328], [109.87693786621094, -9.625507354736328], [109.87693786621094, -9.542171478271484], [110.04362487792969, -9.542171478271484], [110.04362487792969, -9.45883560180664], [110.21031188964844, -9.45883560180664], [110.21031188964844, -9.292163848876953], [110.12696838378906, -9.292163848876953], [110.12696838378906, -9.20882797241211], [110.04362487792969, -9.20882797241211], [110.04362487792969, -9.042156219482422], [109.71025085449219, -9.042156219482422], [109.71025085449219, -9.125492095947266], [109.54356384277344, -9.125492095947266], [109.54356384277344, -9.20882797241211], [109.37687683105469, -9.20882797241211], [109.37687683105469, -9.292163848876953], [109.21018981933594, -9.292163848876953], [109.21018981933594, -9.375499725341797], [109.12684631347656, -9.375499725341797], [109.12684631347656, -9.45883560180664], [108.96015930175781, -9.45883560180664], [108.96015930175781, -9.542171478271484], [108.87681579589844, -9.542171478271484], [108.87681579589844, -9.625507354736328], [108.79347229003906, -9.625507354736328], [108.79347229003906, -9.708843231201172], [108.71012878417969, -9.708843231201172], [108.71012878417969, -9.792179107666016], [108.62678527832031, -9.792179107666016], [108.62678527832031, -9.87551498413086], [108.54344177246094, -9.87551498413086], [108.54344177246094, -10.042186737060547], [108.46009826660156, -10.042186737060547], [108.46009826660156, -10.208858489990234], [108.37675476074219, -10.208858489990234], [108.37675476074219, -10.375530242919922], [108.29341125488281, -10.375530242919922], [108.29341125488281, -10.54220199584961], [108.21006774902344, -10.54220199584961], [108.21006774902344, -10.708873748779297], [108.12672424316406, -10.708873748779297], [108.12672424316406, -10.79220962524414], [108.04338073730469, -10.79220962524414], [108.04338073730469, -10.958881378173828], [107.96003723144531, -10.958881378173828], [107.96003723144531, -11.125553131103516], [107.87669372558594, -11.125553131103516], [107.87669372558594, -11.20888900756836], [107.79335021972656, -11.20888900756836], [107.79335021972656, -11.292224884033203], [107.71000671386719, -11.292224884033203], [107.71000671386719, -11.45889663696289], [107.62666320800781, -11.45889663696289], [107.62666320800781, -11.542232513427734], [107.54331970214844, -11.542232513427734], [107.54331970214844, -11.625568389892578], [107.45997619628906, -11.625568389892578], [107.45997619628906, -11.708904266357422], [107.37663269042969, -11.708904266357422], [107.37663269042969, -11.792240142822266], [107.29328918457031, -11.792240142822266], [107.29328918457031, -11.87557601928711], [107.20994567871094, -11.87557601928711], [107.20994567871094, -11.958911895751953], [94.04167175292969, -11.958911895751953], [94.04167175292969, 4.458255767822266], [94.12501525878906, 4.458255767822266], [94.12501525878906, 4.541591644287109], [94.29170227050781, 4.541591644287109], [94.29170227050781, 4.708263397216797], [94.45838928222656, 4.708263397216797], [94.45838928222656, 4.791599273681641], [94.54173278808594, 4.791599273681641], [94.54173278808594, 4.958271026611328], [94.62507629394531, 4.958271026611328], [94.62507629394531, 5.208278656005859], [94.29170227050781, 5.208278656005859], [94.29170227050781, 5.124942779541016], [94.04167175292969, 5.124942779541016], [94.04167175292969, 6.958332061767578], [96.37528991699219, 6.958332061767578], [96.37528991699219, 6.874996185302734], [96.12525939941406, 6.874996185302734], [96.12525939941406, 6.624988555908203], [95.87522888183594, 6.624988555908203], [95.87522888183594, 6.458316802978516], [95.62519836425781, 6.458316802978516], [95.62519836425781, 6.374980926513672], [95.37516784667969, 6.374980926513672], [95.37516784667969, 6.124973297119141], [95.12513732910156, 6.124973297119141], [95.12513732910156, 5.958301544189453], [95.29182434082031, 5.958301544189453], [95.29182434082031, 5.791629791259766], [95.20848083496094, 5.791629791259766], [95.20848083496094, 5.874965667724609], [95.12513732910156, 5.874965667724609], [95.12513732910156, 5.708293914794922], [95.04179382324219, 5.708293914794922], [95.04179382324219, 5.624958038330078], [95.12513732910156, 5.624958038330078], [95.12513732910156, 5.124942779541016], [95.29182434082031, 5.124942779541016], [95.29182434082031, 5.041606903076172], [95.37516784667969, 5.041606903076172], [95.37516784667969, 4.791599273681641], [95.45851135253906, 4.791599273681641], [95.45851135253906, 4.708263397216797], [95.54185485839844, 4.708263397216797], [95.54185485839844, 4.624927520751953], [95.62519836425781, 4.624927520751953], [95.62519836425781, 4.374919891357422], [95.87522888183594, 4.374919891357422], [95.87522888183594, 3.624897003173828], [95.62519836425781, 3.624897003173828], [95.62519836425781, 2.958209991455078], [95.79188537597656, 2.958209991455078], [95.79188537597656, 2.7915382385253906], [95.70854187011719, 2.7915382385253906], [95.70854187011719, 2.708202362060547], [95.79188537597656, 2.708202362060547], [95.79188537597656, 2.624866485595703], [95.87522888183594, 2.624866485595703], [95.87522888183594, 2.5415306091308594], [96.12525939941406, 2.5415306091308594], [96.12525939941406, 2.374858856201172], [96.37528991699219, 2.374858856201172], [96.37528991699219, 2.291522979736328], [96.54197692871094, 2.291522979736328], [96.54197692871094, 2.374858856201172], [96.62532043457031, 2.374858856201172], [96.62532043457031, 2.7915382385253906], [96.87535095214844, 2.7915382385253906], [96.87535095214844, 3.1248817443847656], [96.95869445800781, 3.1248817443847656], [96.95869445800781, 3.291553497314453], [97.04203796386719, 3.291553497314453], [97.04203796386719, 3.374889373779297], [97.12538146972656, 3.374889373779297], [97.12538146972656, 2.958209991455078], [97.29206848144531, 2.958209991455078], [97.29206848144531, 2.7915382385253906], [97.37541198730469, 2.7915382385253906], [97.37541198730469, 2.624866485595703], [97.12538146972656, 2.624866485595703], [97.12538146972656, 2.1248512268066406], [97.29206848144531, 2.1248512268066406], [97.29206848144531, 1.9581794738769531], [97.20872497558594, 1.9581794738769531], [97.20872497558594, 1.7915077209472656], [97.37541198730469, 1.7915077209472656], [97.37541198730469, 1.6248359680175781], [97.12538146972656, 1.6248359680175781], [97.12538146972656, 1.1248207092285156], [97.37541198730469, 1.1248207092285156], [97.37541198730469, 0.8748130798339844], [97.62544250488281, 0.8748130798339844], [97.62544250488281, 0.6248054504394531], [97.70878601074219, 0.6248054504394531], [97.70878601074219, 0.5414695739746094], [97.87547302246094, 0.5414695739746094], [97.87547302246094, 0.6248054504394531], [98.12550354003906, 0.6248054504394531], [98.12550354003906, -0.12521743774414062], [98.37553405761719, -0.12521743774414062], [98.37553405761719, -0.6252326965332031], [98.62556457519531, -0.6252326965332031], [98.62556457519531, -1.3752555847167969], [98.70890808105469, -1.3752555847167969], [98.70890808105469, -1.5419273376464844], [98.79225158691406, -1.5419273376464844], [98.79225158691406, -1.6252632141113281], [98.87559509277344, -1.6252632141113281], [98.87559509277344, -1.8752708435058594], [99.37565612792969, -1.8752708435058594], [99.37565612792969, -1.3752555847167969], [99.62568664550781, -1.3752555847167969], [99.62568664550781, -1.7085990905761719], [99.70903015136719, -1.7085990905761719], [99.70903015136719, -1.8752708435058594], [99.62568664550781, -1.8752708435058594], [99.62568664550781, -1.9586067199707031], [99.54234313964844, -1.9586067199707031], [99.54234313964844, -2.041942596435547], [99.45899963378906, -2.041942596435547], [99.45899963378906, -1.9586067199707031], [99.37565612792969, -1.9586067199707031], [99.37565612792969, -2.1252784729003906], [99.54234313964844, -2.1252784729003906], [99.54234313964844, -2.2086143493652344], [99.62568664550781, -2.2086143493652344], [99.62568664550781, -2.375286102294922], [99.87571716308594, -2.375286102294922], [99.87571716308594, -1.8752708435058594], [100.12574768066406, -1.8752708435058594], [100.12574768066406, -1.6252632141113281], [100.37577819824219, -1.6252632141113281], [100.37577819824219, -2.1252784729003906], [100.70915222167969, -2.1252784729003906], [100.70915222167969, -2.041942596435547], [100.62580871582031, -2.041942596435547]], [[97.04203796386719, 2.1248512268066406], [97.04203796386719, 2.041515350341797], [97.12538146972656, 2.041515350341797], [97.12538146972656, 2.1248512268066406], [97.04203796386719, 2.1248512268066406]], [[99.87571716308594, -2.625293731689453], [99.95906066894531, -2.625293731689453], [99.95906066894531, -2.7919654846191406], [100.04240417480469, -2.7919654846191406], [100.04240417480469, -2.8753013610839844], [100.12574768066406, -2.8753013610839844], [100.12574768066406, -3.1253089904785156], [100.29243469238281, -3.1253089904785156], [100.29243469238281, -3.2086448669433594], [100.37577819824219, -3.2086448669433594], [100.37577819824219, -3.375316619873047], [100.45912170410156, -3.375316619873047], [100.45912170410156, -3.2086448669433594], [100.54246520996094, -3.2086448669433594], [100.54246520996094, -3.1253089904785156], [100.62580871582031, -3.1253089904785156], [100.62580871582031, -2.375286102294922], [99.87571716308594, -2.375286102294922], [99.87571716308594, -2.625293731689453]], [[96.62532043457031, 2.1248512268066406], [96.62532043457031, 2.041515350341797], [96.70866394042969, 2.041515350341797], [96.70866394042969, 2.1248512268066406], [96.62532043457031, 2.1248512268066406]], [[97.62544250488281, 0.3747978210449219], [97.62544250488281, 0.12479019165039062], [97.87547302246094, 0.12479019165039062], [97.87547302246094, 0.3747978210449219], [97.62544250488281, 0.3747978210449219]], [[102.29267883300781, -5.458713531494141], [102.29267883300781, -5.542049407958984], [102.37602233886719, -5.542049407958984], [102.37602233886719, -5.125370025634766], [102.12599182128906, -5.125370025634766], [102.12599182128906, -5.458713531494141], [102.29267883300781, -5.458713531494141]], [[103.95954895019531, -6.458744049072266], [103.95954895019531, -6.542079925537109], [104.04289245605469, -6.542079925537109], [104.04289245605469, -6.458744049072266], [103.95954895019531, -6.458744049072266]], [[105.70976257324219, -7.042095184326172], [105.70976257324219, -7.125431060791016], [105.79310607910156, -7.125431060791016], [105.79310607910156, -7.042095184326172], [105.70976257324219, -7.042095184326172]], [[106.87657165527344, -7.792118072509766], [106.87657165527344, -7.875453948974609], [106.95991516113281, -7.875453948974609], [106.95991516113281, -7.792118072509766], [106.87657165527344, -7.792118072509766]], [[115.04423522949219, -8.958820343017578], [115.04423522949219, -9.042156219482422], [115.12757873535156, -9.042156219482422], [115.12757873535156, -8.958820343017578], [115.04423522949219, -8.958820343017578]], [[105.54307556152344, -10.458866119384766], [105.54307556152344, -10.54220199584961], [105.70976257324219, -10.54220199584961], [105.70976257324219, -10.458866119384766], [105.54307556152344, -10.458866119384766]]], [[[108.71012878417969, -1.7919349670410156], [108.71012878417969, -1.8752708435058594], [108.87681579589844, -1.8752708435058594], [108.87681579589844, -1.9586067199707031], [108.62678527832031, -1.9586067199707031], [108.62678527832031, -1.7919349670410156], [108.71012878417969, -1.7919349670410156]]], [[[109.21018981933594, -1.6252632141113281], [109.29353332519531, -1.6252632141113281], [109.29353332519531, -1.7919349670410156], [109.21018981933594, -1.7919349670410156], [109.21018981933594, -1.6252632141113281]]], [[[109.37687683105469, -1.6252632141113281], [109.46022033691406, -1.6252632141113281], [109.46022033691406, -1.7085990905761719], [109.37687683105469, -1.7085990905761719], [109.37687683105469, -1.6252632141113281]]], [[[100.54246520996094, -1.7085990905761719], [100.54246520996094, -1.3752555847167969], [100.62580871582031, -1.3752555847167969], [100.62580871582031, -1.7085990905761719], [100.54246520996094, -1.7085990905761719]]], [[[109.12684631347656, -1.6252632141113281], [109.04350280761719, -1.6252632141113281], [109.04350280761719, -1.4585914611816406], [108.96015930175781, -1.4585914611816406], [108.96015930175781, -1.3752555847167969], [109.12684631347656, -1.3752555847167969], [109.12684631347656, -1.6252632141113281]]], [[[109.21018981933594, -1.4585914611816406], [109.29353332519531, -1.4585914611816406], [109.29353332519531, -1.5419273376464844], [109.21018981933594, -1.5419273376464844], [109.21018981933594, -1.4585914611816406]]], [[[100.37577819824219, -1.3752555847167969], [100.45912170410156, -1.3752555847167969], [100.45912170410156, -1.4585914611816406], [100.37577819824219, -1.4585914611816406], [100.37577819824219, -1.3752555847167969]]], [[[100.29243469238281, -0.8752403259277344], [100.37577819824219, -0.8752403259277344], [100.37577819824219, -0.9585762023925781], [100.29243469238281, -0.9585762023925781], [100.29243469238281, -0.8752403259277344]]], [[[99.95906066894531, -0.6252326965332031], [99.95906066894531, -0.5418968200683594], [99.87571716308594, -0.5418968200683594], [99.87571716308594, -0.4585609436035156], [100.04240417480469, -0.4585609436035156], [100.04240417480469, -0.5418968200683594], [100.12574768066406, -0.5418968200683594], [100.12574768066406, -0.7085685729980469], [100.04240417480469, -0.7085685729980469], [100.04240417480469, -0.6252326965332031], [99.95906066894531, -0.6252326965332031]]], [[[100.04240417480469, -1.1252479553222656], [100.04240417480469, -1.0419120788574219], [99.87571716308594, -1.0419120788574219], [99.87571716308594, -0.9585762023925781], [99.79237365722656, -0.9585762023925781], [99.79237365722656, -0.8752403259277344], [99.62568664550781, -0.8752403259277344], [99.62568664550781, -0.7919044494628906], [99.54234313964844, -0.7919044494628906], [99.54234313964844, -0.7085685729980469], [99.45899963378906, -0.7085685729980469], [99.45899963378906, -0.6252326965332031], [99.37565612792969, -0.6252326965332031], [99.37565612792969, -0.3752250671386719], [99.29231262207031, -0.3752250671386719], [99.29231262207031, -0.2918891906738281], [99.20896911621094, -0.2918891906738281], [99.20896911621094, -0.20855331420898438], [99.12562561035156, -0.20855331420898438], [99.12562561035156, -0.041881561279296875], [99.04228210449219, -0.041881561279296875], [99.04228210449219, 0.12479019165039062], [99.29231262207031, 0.12479019165039062], [99.29231262207031, 0.041454315185546875], [99.37565612792969, 0.041454315185546875], [99.37565612792969, -0.041881561279296875], [99.29231262207031, -0.041881561279296875], [99.29231262207031, -0.20855331420898438], [99.37565612792969, -0.20855331420898438], [99.37565612792969, -0.12521743774414062], [99.54234313964844, -0.12521743774414062], [99.54234313964844, -0.2918891906738281], [99.62568664550781, -0.2918891906738281], [99.62568664550781, -0.3752250671386719], [99.70903015136719, -0.3752250671386719], [99.70903015136719, -0.4585609436035156], [99.79237365722656, -0.4585609436035156], [99.79237365722656, -0.5418968200683594], [99.87571716308594, -0.5418968200683594], [99.87571716308594, -0.6252326965332031], [99.95906066894531, -0.6252326965332031], [99.95906066894531, -0.7085685729980469], [100.04240417480469, -0.7085685729980469], [100.04240417480469, -0.7919044494628906], [100.12574768066406, -0.7919044494628906], [100.12574768066406, -0.8752403259277344], [100.20909118652344, -0.8752403259277344], [100.20909118652344, -0.9585762023925781], [100.29243469238281, -0.9585762023925781], [100.29243469238281, -1.1252479553222656], [100.04240417480469, -1.1252479553222656]]], [[[99.79237365722656, -0.4585609436035156], [99.79237365722656, -0.3752250671386719], [99.87571716308594, -0.3752250671386719], [99.87571716308594, -0.4585609436035156], [99.79237365722656, -0.4585609436035156]]], [[[99.04228210449219, 0.2914619445800781], [99.12562561035156, 0.2914619445800781], [99.12562561035156, 0.20812606811523438], [99.04228210449219, 0.20812606811523438], [99.04228210449219, 0.2914619445800781]]], [[[99.04228210449219, 0.2914619445800781], [98.95893859863281, 0.2914619445800781], [98.95893859863281, 0.3747978210449219], [99.04228210449219, 0.3747978210449219], [99.04228210449219, 0.2914619445800781]]], [[[103.37614440917969, 0.4581336975097656], [103.37614440917969, 0.6248054504394531], [103.45948791503906, 0.6248054504394531], [103.45948791503906, 0.4581336975097656], [103.37614440917969, 0.4581336975097656]]], [[[103.70951843261719, 0.7914772033691406], [103.79286193847656, 0.7914772033691406], [103.79286193847656, 0.6248054504394531], [103.70951843261719, 0.6248054504394531], [103.70951843261719, 0.5414695739746094], [103.62617492675781, 0.5414695739746094], [103.62617492675781, 0.7081413269042969], [103.70951843261719, 0.7081413269042969], [103.70951843261719, 0.7914772033691406]]], [[[103.29280090332031, 0.7081413269042969], [103.37614440917969, 0.7081413269042969], [103.37614440917969, 0.6248054504394531], [103.29280090332031, 0.6248054504394531], [103.29280090332031, 0.7081413269042969]]], [[[103.45948791503906, 0.9581489562988281], [103.45948791503906, 1.0414848327636719], [103.37614440917969, 1.0414848327636719], [103.37614440917969, 1.1248207092285156], [103.29280090332031, 1.1248207092285156], [103.29280090332031, 1.0414848327636719], [103.20945739746094, 1.0414848327636719], [103.20945739746094, 1.2081565856933594], [102.95942687988281, 1.2081565856933594], [102.95942687988281, 1.2914924621582031], [102.87608337402344, 1.2914924621582031], [102.87608337402344, 1.3748283386230469], [103.12611389160156, 1.3748283386230469], [103.12611389160156, 1.2914924621582031], [103.62617492675781, 1.2914924621582031], [103.62617492675781, 1.0414848327636719], [103.54283142089844, 1.0414848327636719], [103.54283142089844, 0.9581489562988281], [103.45948791503906, 0.9581489562988281]]], [[[103.95954895019531, 1.2914924621582031], [104.04289245605469, 1.2914924621582031], [104.04289245605469, 1.1248207092285156], [103.95954895019531, 1.1248207092285156], [103.95954895019531, 1.2914924621582031]]], [[[98.20884704589844, 1.2914924621582031], [98.29219055175781, 1.2914924621582031], [98.29219055175781, 1.1248207092285156], [98.12550354003906, 1.1248207092285156], [98.12550354003906, 1.3748283386230469], [98.20884704589844, 1.3748283386230469], [98.20884704589844, 1.2914924621582031]]], [[[103.70951843261719, 1.2914924621582031], [103.79286193847656, 1.2914924621582031], [103.79286193847656, 1.2081565856933594], [103.70951843261719, 1.2081565856933594], [103.70951843261719, 1.2914924621582031]]], [[[102.70939636230469, 1.7081718444824219], [102.79273986816406, 1.7081718444824219], [102.79273986816406, 1.6248359680175781], [102.87608337402344, 1.6248359680175781], [102.87608337402344, 1.3748283386230469], [102.79273986816406, 1.3748283386230469], [102.79273986816406, 1.5415000915527344], [102.70939636230469, 1.5415000915527344], [102.70939636230469, 1.7081718444824219]]], [[[102.45936584472656, 1.5415000915527344], [102.37602233886719, 1.5415000915527344], [102.37602233886719, 1.6248359680175781], [102.29267883300781, 1.6248359680175781], [102.29267883300781, 1.7081718444824219], [102.20933532714844, 1.7081718444824219], [102.20933532714844, 1.7915077209472656], [102.12599182128906, 1.7915077209472656], [102.12599182128906, 1.9581794738769531], [102.04264831542969, 1.9581794738769531], [102.04264831542969, 2.1248512268066406], [101.62593078613281, 2.1248512268066406], [101.62593078613281, 2.2081871032714844], [101.54258728027344, 2.2081871032714844], [101.54258728027344, 2.291522979736328], [101.37590026855469, 2.291522979736328], [101.37590026855469, 2.5415306091308594], [101.20921325683594, 2.5415306091308594], [101.20921325683594, 2.624866485595703], [101.12586975097656, 2.624866485595703], [101.12586975097656, 2.708202362060547], [101.04252624511719, 2.708202362060547], [101.04252624511719, 2.7915382385253906], [100.87583923339844, 2.7915382385253906], [100.87583923339844, 2.708202362060547], [100.79249572753906, 2.708202362060547], [100.79249572753906, 2.7915382385253906], [100.70915222167969, 2.7915382385253906], [100.70915222167969, 2.8748741149902344], [100.62580871582031, 2.8748741149902344], [100.62580871582031, 2.958209991455078], [101.12586975097656, 2.958209991455078], [101.12586975097656, 2.8748741149902344], [101.29255676269531, 2.8748741149902344], [101.29255676269531, 2.7915382385253906], [101.37590026855469, 2.7915382385253906], [101.37590026855469, 2.624866485595703], [101.62593078613281, 2.624866485595703], [101.62593078613281, 2.5415306091308594], [101.79261779785156, 2.5415306091308594], [101.79261779785156, 2.4581947326660156], [101.87596130371094, 2.4581947326660156], [101.87596130371094, 2.374858856201172], [102.04264831542969, 2.374858856201172], [102.04264831542969, 2.291522979736328], [102.12599182128906, 2.291522979736328], [102.12599182128906, 2.1248512268066406], [102.29267883300781, 2.1248512268066406], [102.29267883300781, 2.041515350341797], [102.37602233886719, 2.041515350341797], [102.37602233886719, 1.9581794738769531], [102.45936584472656, 1.9581794738769531], [102.45936584472656, 1.8748435974121094], [102.54270935058594, 1.8748435974121094], [102.54270935058594, 1.7915077209472656], [102.70939636230469, 1.7915077209472656], [102.70939636230469, 1.7081718444824219], [102.62605285644531, 1.7081718444824219], [102.62605285644531, 1.5415000915527344], [102.54270935058594, 1.5415000915527344], [102.54270935058594, 1.4581642150878906], [102.45936584472656, 1.4581642150878906], [102.45936584472656, 1.5415000915527344]], [[102.45936584472656, 1.7915077209472656], [102.45936584472656, 1.7081718444824219], [102.54270935058594, 1.7081718444824219], [102.54270935058594, 1.7915077209472656], [102.45936584472656, 1.7915077209472656]]], [[[109.62690734863281, 2.2081871032714844], [109.71025085449219, 2.2081871032714844], [109.71025085449219, 2.1248512268066406], [109.37687683105469, 2.1248512268066406], [109.37687683105469, 2.291522979736328], [109.62690734863281, 2.291522979736328], [109.62690734863281, 2.2081871032714844]]], [[[97.62544250488281, 2.2081871032714844], [97.62544250488281, 2.291522979736328], [97.70878601074219, 2.291522979736328], [97.70878601074219, 2.2081871032714844], [97.62544250488281, 2.2081871032714844]]], [[[111.21043395996094, 2.958209991455078], [111.37712097167969, 2.958209991455078], [111.37712097167969, 2.8748741149902344], [111.21043395996094, 2.8748741149902344], [111.21043395996094, 2.958209991455078]]], [[[96.04191589355469, 4.124912261962891], [96.12525939941406, 4.124912261962891], [96.12525939941406, 4.041576385498047], [96.04191589355469, 4.041576385498047], [96.04191589355469, 4.124912261962891]]], [[[103.87620544433594, 5.874965667724609], [103.95954895019531, 5.874965667724609], [103.95954895019531, 5.208278656005859], [103.87620544433594, 5.208278656005859], [103.87620544433594, 5.874965667724609]]], [[[120.29487609863281, -9.20882797241211], [120.37821960449219, -9.20882797241211], [120.37821960449219, -9.375499725341797], [120.12818908691406, -9.375499725341797], [120.12818908691406, -9.125492095947266], [120.29487609863281, -9.125492095947266], [120.29487609863281, -9.20882797241211]]], [[[115.62763977050781, -8.458805084228516], [115.71098327636719, -8.458805084228516], [115.71098327636719, -8.625476837158203], [115.62763977050781, -8.625476837158203], [115.62763977050781, -8.458805084228516]]], [[[113.46070861816406, -8.458805084228516], [113.62739562988281, -8.458805084228516], [113.62739562988281, -8.54214096069336], [113.46070861816406, -8.54214096069336], [113.46070861816406, -8.458805084228516]]], [[[115.96101379394531, -8.292133331298828], [115.96101379394531, -8.208797454833984], [116.12770080566406, -8.208797454833984], [116.12770080566406, -8.375469207763672], [116.04435729980469, -8.375469207763672], [116.04435729980469, -8.625476837158203], [115.79432678222656, -8.625476837158203], [115.79432678222656, -8.375469207763672], [115.62763977050781, -8.375469207763672], [115.62763977050781, -8.042125701904297], [115.71098327636719, -8.042125701904297], [115.71098327636719, -8.12546157836914], [115.79432678222656, -8.12546157836914], [115.79432678222656, -8.208797454833984], [115.87767028808594, -8.208797454833984], [115.87767028808594, -8.292133331298828], [115.96101379394531, -8.292133331298828]]], [[[115.46095275878906, -8.042125701904297], [115.54429626464844, -8.042125701904297], [115.54429626464844, -8.12546157836914], [115.46095275878906, -8.12546157836914], [115.46095275878906, -8.042125701904297]]], [[[114.37748718261719, -8.042125701904297], [114.46083068847656, -8.042125701904297], [114.46083068847656, -8.12546157836914], [114.37748718261719, -8.12546157836914], [114.37748718261719, -8.042125701904297]]], [[[115.71098327636719, -7.958789825439453], [115.62763977050781, -7.958789825439453], [115.62763977050781, -7.875453948974609], [115.54429626464844, -7.875453948974609], [115.54429626464844, -7.708782196044922], [115.46095275878906, -7.708782196044922], [115.46095275878906, -7.625446319580078], [115.71098327636719, -7.625446319580078], [115.71098327636719, -7.708782196044922], [115.79432678222656, -7.708782196044922], [115.79432678222656, -7.792118072509766], [115.87767028808594, -7.792118072509766], [115.87767028808594, -8.042125701904297], [115.71098327636719, -8.042125701904297], [115.71098327636719, -7.958789825439453]]], [[[116.87779235839844, -7.542110443115234], [116.96113586425781, -7.542110443115234], [116.96113586425781, -7.458774566650391], [117.12782287597656, -7.458774566650391], [117.12782287597656, -7.625446319580078], [117.04447937011719, -7.625446319580078], [117.04447937011719, -7.875453948974609], [116.96113586425781, -7.875453948974609], [116.96113586425781, -7.958789825439453], [116.87779235839844, -7.958789825439453], [116.87779235839844, -7.542110443115234]]], [[[114.37748718261719, -7.375438690185547], [114.62751770019531, -7.375438690185547], [114.62751770019531, -7.625446319580078], [114.54417419433594, -7.625446319580078], [114.54417419433594, -7.542110443115234], [114.46083068847656, -7.542110443115234], [114.46083068847656, -7.458774566650391], [114.37748718261719, -7.458774566650391], [114.37748718261719, -7.375438690185547]]], [[[116.79444885253906, -7.292102813720703], [116.87779235839844, -7.292102813720703], [116.87779235839844, -7.375438690185547], [116.79444885253906, -7.375438690185547], [116.79444885253906, -7.292102813720703]]], [[[117.37785339355469, -6.625415802001953], [117.37785339355469, -6.875423431396484], [117.12782287597656, -6.875423431396484], [117.12782287597656, -7.125431060791016], [116.62776184082031, -7.125431060791016], [116.62776184082031, -6.875423431396484], [116.87779235839844, -6.875423431396484], [116.87779235839844, -6.625415802001953], [116.12770080566406, -6.625415802001953], [116.12770080566406, -6.125400543212891], [116.87779235839844, -6.125400543212891], [116.87779235839844, -6.542079925537109], [117.04447937011719, -6.542079925537109], [117.04447937011719, -6.458744049072266], [117.12782287597656, -6.458744049072266], [117.12782287597656, -6.625415802001953], [117.37785339355469, -6.625415802001953]]], [[[119.54478454589844, -6.292072296142578], [119.37809753417969, -6.292072296142578], [119.37809753417969, -6.375408172607422], [119.12806701660156, -6.375408172607422], [119.12806701660156, -6.292072296142578], [119.21141052246094, -6.292072296142578], [119.21141052246094, -6.208736419677734], [119.29475402832031, -6.208736419677734], [119.29475402832031, -6.125400543212891], [119.46144104003906, -6.125400543212891], [119.46144104003906, -5.958728790283203], [119.54478454589844, -5.958728790283203], [119.54478454589844, -5.792057037353516], [119.79481506347656, -5.792057037353516], [119.79481506347656, -5.708721160888672], [119.87815856933594, -5.708721160888672], [119.87815856933594, -5.625385284423828], [120.12818908691406, -5.625385284423828], [120.12818908691406, -5.792057037353516], [119.96150207519531, -5.792057037353516], [119.96150207519531, -5.875392913818359], [119.62812805175781, -5.875392913818359], [119.62812805175781, -6.125400543212891], [119.54478454589844, -6.125400543212891], [119.54478454589844, -6.292072296142578]]], [[[119.37809753417969, -5.708721160888672], [119.46144104003906, -5.708721160888672], [119.46144104003906, -5.875392913818359], [119.29475402832031, -5.875392913818359], [119.29475402832031, -5.625385284423828], [119.37809753417969, -5.625385284423828], [119.37809753417969, -5.708721160888672]]], [[[114.54417419433594, -5.542049407958984], [114.54417419433594, -5.625385284423828], [114.62751770019531, -5.625385284423828], [114.62751770019531, -5.708721160888672], [114.79420471191406, -5.708721160888672], [114.79420471191406, -5.875392913818359], [114.71086120605469, -5.875392913818359], [114.71086120605469, -5.958728790283203], [114.62751770019531, -5.958728790283203], [114.62751770019531, -6.042064666748047], [114.37748718261719, -6.042064666748047], [114.37748718261719, -5.958728790283203], [114.12745666503906, -5.958728790283203], [114.12745666503906, -5.792057037353516], [114.04411315917969, -5.792057037353516], [114.04411315917969, -5.708721160888672], [113.96076965332031, -5.708721160888672], [113.96076965332031, -5.625385284423828], [113.87742614746094, -5.625385284423828], [113.87742614746094, -5.708721160888672], [113.71073913574219, -5.708721160888672], [113.71073913574219, -5.625385284423828], [113.54405212402344, -5.625385284423828], [113.54405212402344, -5.542049407958984], [113.62739562988281, -5.542049407958984], [113.62739562988281, -5.375377655029297], [113.96076965332031, -5.375377655029297], [113.96076965332031, -5.292041778564453], [114.12745666503906, -5.292041778564453], [114.12745666503906, -5.375377655029297], [114.29414367675781, -5.375377655029297], [114.29414367675781, -5.458713531494141], [114.46083068847656, -5.458713531494141], [114.46083068847656, -5.542049407958984], [114.54417419433594, -5.542049407958984]], [[113.79408264160156, -5.625385284423828], [113.79408264160156, -5.542049407958984], [113.71073913574219, -5.542049407958984], [113.71073913574219, -5.625385284423828], [113.79408264160156, -5.625385284423828]], [[114.37748718261719, -5.542049407958984], [114.37748718261719, -5.625385284423828], [114.46083068847656, -5.625385284423828], [114.46083068847656, -5.542049407958984], [114.37748718261719, -5.542049407958984]]], [[[119.54478454589844, -5.625385284423828], [119.62812805175781, -5.625385284423828], [119.62812805175781, -5.708721160888672], [119.54478454589844, -5.708721160888672], [119.54478454589844, -5.625385284423828]]], [[[118.96138000488281, -5.542049407958984], [119.12806701660156, -5.542049407958984], [119.12806701660156, -5.708721160888672], [118.96138000488281, -5.708721160888672], [118.96138000488281, -5.542049407958984]]], [[[119.29475402832031, -5.542049407958984], [119.29475402832031, -5.458713531494141], [119.37809753417969, -5.458713531494141], [119.37809753417969, -5.542049407958984], [119.29475402832031, -5.542049407958984]]], [[[113.87742614746094, -5.125370025634766], [113.96076965332031, -5.125370025634766], [113.96076965332031, -5.292041778564453], [113.87742614746094, -5.292041778564453], [113.87742614746094, -5.125370025634766]]], [[[117.62788391113281, -5.125370025634766], [117.54454040527344, -5.125370025634766], [117.54454040527344, -5.208705902099609], [117.46119689941406, -5.208705902099609], [117.46119689941406, -5.292041778564453], [117.37785339355469, -5.292041778564453], [117.37785339355469, -5.375377655029297], [117.29450988769531, -5.375377655029297], [117.29450988769531, -5.458713531494141], [117.21116638183594, -5.458713531494141], [117.21116638183594, -5.625385284423828], [117.12782287597656, -5.625385284423828], [117.12782287597656, -5.708721160888672], [117.04447937011719, -5.708721160888672], [117.04447937011719, -5.958728790283203], [116.96113586425781, -5.958728790283203], [116.96113586425781, -6.042064666748047], [116.87779235839844, -6.042064666748047], [116.87779235839844, -5.875392913818359], [116.62776184082031, -5.875392913818359], [116.62776184082031, -5.625385284423828], [116.29438781738281, -5.625385284423828], [116.29438781738281, -5.542049407958984], [116.37773132324219, -5.542049407958984], [116.37773132324219, -5.458713531494141], [116.46107482910156, -5.458713531494141], [116.46107482910156, -5.292041778564453], [116.12770080566406, -5.292041778564453], [116.12770080566406, -5.375377655029297], [115.62763977050781, -5.375377655029297], [115.62763977050781, -5.292041778564453], [115.54429626464844, -5.292041778564453], [115.54429626464844, -5.042034149169922], [115.46095275878906, -5.042034149169922], [115.46095275878906, -5.125370025634766], [115.29426574707031, -5.125370025634766], [115.29426574707031, -5.042034149169922], [115.37760925292969, -5.042034149169922], [115.37760925292969, -4.958698272705078], [115.29426574707031, -4.958698272705078], [115.29426574707031, -4.875362396240234], [115.62763977050781, -4.875362396240234], [115.62763977050781, -4.958698272705078], [115.71098327636719, -4.958698272705078], [115.71098327636719, -4.875362396240234], [115.87767028808594, -4.875362396240234], [115.87767028808594, -4.792026519775391], [116.04435729980469, -4.792026519775391], [116.04435729980469, -4.708690643310547], [115.96101379394531, -4.708690643310547], [115.96101379394531, -4.625354766845703], [116.12770080566406, -4.625354766845703], [116.12770080566406, -4.875362396240234], [116.37773132324219, -4.875362396240234], [116.37773132324219, -4.625354766845703], [116.62776184082031, -4.625354766845703], [116.62776184082031, -4.375347137451172], [117.37785339355469, -4.375347137451172], [117.37785339355469, -4.625354766845703], [117.62788391113281, -4.625354766845703], [117.62788391113281, -4.875362396240234], [117.79457092285156, -4.875362396240234], [117.79457092285156, -4.958698272705078], [117.62788391113281, -4.958698272705078], [117.62788391113281, -5.125370025634766]], [[116.87779235839844, -4.875362396240234], [116.87779235839844, -5.125370025634766], [117.12782287597656, -5.125370025634766], [117.12782287597656, -4.875362396240234], [116.87779235839844, -4.875362396240234]]], [[[113.71073913574219, -5.042034149169922], [113.87742614746094, -5.042034149169922], [113.87742614746094, -5.125370025634766], [113.71073913574219, -5.125370025634766], [113.71073913574219, -5.042034149169922]]], [[[119.21141052246094, -4.958698272705078], [119.29475402832031, -4.958698272705078], [119.29475402832031, -5.042034149169922], [119.12806701660156, -5.042034149169922], [119.12806701660156, -4.875362396240234], [119.21141052246094, -4.875362396240234], [119.21141052246094, -4.958698272705078]]], [[[119.21141052246094, -4.708690643310547], [119.29475402832031, -4.708690643310547], [119.29475402832031, -4.875362396240234], [119.21141052246094, -4.875362396240234], [119.21141052246094, -4.708690643310547]]], [[[119.54478454589844, -4.458683013916016], [119.62812805175781, -4.458683013916016], [119.62812805175781, -4.625354766845703], [119.54478454589844, -4.625354766845703], [119.54478454589844, -4.458683013916016]]], [[[114.62751770019531, -4.292011260986328], [114.62751770019531, -4.375347137451172], [114.54417419433594, -4.375347137451172], [114.54417419433594, -4.292011260986328], [114.37748718261719, -4.292011260986328], [114.37748718261719, -4.125339508056641], [114.62751770019531, -4.125339508056641], [114.62751770019531, -4.208675384521484], [114.79420471191406, -4.208675384521484], [114.79420471191406, -4.125339508056641], [114.87754821777344, -4.125339508056641], [114.87754821777344, -4.292011260986328], [114.62751770019531, -4.292011260986328]]], [[[114.62751770019531, -3.958667755126953], [114.54417419433594, -3.958667755126953], [114.54417419433594, -3.708660125732422], [114.37748718261719, -3.708660125732422], [114.37748718261719, -3.625324249267578], [114.62751770019531, -3.625324249267578], [114.62751770019531, -3.958667755126953]]], [[[113.62739562988281, -3.625324249267578], [113.87742614746094, -3.625324249267578], [113.87742614746094, -3.708660125732422], [113.62739562988281, -3.708660125732422], [113.62739562988281, -3.625324249267578]]], [[[115.79432678222656, -3.708660125732422], [115.79432678222656, -3.625324249267578], [115.87767028808594, -3.625324249267578], [115.87767028808594, -3.708660125732422], [115.79432678222656, -3.708660125732422]]], [[[114.29414367675781, -3.4586524963378906], [114.37748718261719, -3.4586524963378906], [114.37748718261719, -3.625324249267578], [113.87742614746094, -3.625324249267578], [113.87742614746094, -3.375316619873047], [114.29414367675781, -3.375316619873047], [114.29414367675781, -3.4586524963378906]]], [[[119.46144104003906, -0.3752250671386719], [119.37809753417969, -0.3752250671386719], [119.37809753417969, -0.5418968200683594], [119.29475402832031, -0.5418968200683594], [119.29475402832031, -0.7085685729980469], [119.21141052246094, -0.7085685729980469], [119.21141052246094, -0.8752403259277344], [119.12806701660156, -0.8752403259277344], [119.12806701660156, -0.9585762023925781], [119.04472351074219, -0.9585762023925781], [119.04472351074219, -1.1252479553222656], [118.96138000488281, -1.1252479553222656], [118.96138000488281, -1.2919197082519531], [118.87803649902344, -1.2919197082519531], [118.87803649902344, -1.4585914611816406], [118.79469299316406, -1.4585914611816406], [118.79469299316406, -1.7085990905761719], [118.71134948730469, -1.7085990905761719], [118.71134948730469, -1.7919349670410156], [118.62800598144531, -1.7919349670410156], [118.62800598144531, -1.7085990905761719], [118.54466247558594, -1.7085990905761719], [118.54466247558594, -1.6252632141113281], [118.46131896972656, -1.6252632141113281], [118.46131896972656, -1.3752555847167969], [118.37797546386719, -1.3752555847167969], [118.37797546386719, -2.1252784729003906], [118.62800598144531, -2.1252784729003906], [118.62800598144531, -2.375286102294922], [118.46131896972656, -2.375286102294922], [118.46131896972656, -2.5419578552246094], [118.54466247558594, -2.5419578552246094], [118.54466247558594, -2.625293731689453], [118.62800598144531, -2.625293731689453], [118.62800598144531, -3.1253089904785156], [118.71134948730469, -3.1253089904785156], [118.71134948730469, -3.625324249267578], [118.79469299316406, -3.625324249267578], [118.79469299316406, -4.458683013916016], [118.71134948730469, -4.458683013916016], [118.71134948730469, -5.375377655029297], [118.79469299316406, -5.375377655029297], [118.79469299316406, -5.458713531494141], [118.87803649902344, -5.458713531494141], [118.87803649902344, -5.875392913818359], [118.79469299316406, -5.875392913818359], [118.79469299316406, -5.958728790283203], [118.71134948730469, -5.958728790283203], [118.71134948730469, -6.042064666748047], [118.62800598144531, -6.042064666748047], [118.62800598144531, -6.208736419677734], [118.54466247558594, -6.208736419677734], [118.54466247558594, -6.375408172607422], [118.46131896972656, -6.375408172607422], [118.46131896972656, -6.542079925537109], [118.37797546386719, -6.542079925537109], [118.37797546386719, -6.792087554931641], [118.12794494628906, -6.792087554931641], [118.12794494628906, -6.625415802001953], [117.79457092285156, -6.625415802001953], [117.79457092285156, -6.375408172607422], [117.62788391113281, -6.375408172607422], [117.62788391113281, -6.625415802001953], [117.37785339355469, -6.625415802001953], [117.37785339355469, -6.208736419677734], [117.46119689941406, -6.208736419677734], [117.46119689941406, -6.042064666748047], [117.54454040527344, -6.042064666748047], [117.54454040527344, -5.875392913818359], [117.62788391113281, -5.875392913818359], [117.62788391113281, -5.708721160888672], [117.71122741699219, -5.708721160888672], [117.71122741699219, -5.625385284423828], [117.79457092285156, -5.625385284423828], [117.79457092285156, -5.542049407958984], [117.87791442871094, -5.542049407958984], [117.87791442871094, -5.375377655029297], [117.96125793457031, -5.375377655029297], [117.96125793457031, -5.208705902099609], [118.04460144042969, -5.208705902099609], [118.04460144042969, -5.125370025634766], [118.12794494628906, -5.125370025634766], [118.12794494628906, -4.375347137451172], [117.96125793457031, -4.375347137451172], [117.96125793457031, -4.292011260986328], [118.04460144042969, -4.292011260986328], [118.04460144042969, -4.125339508056641], [118.12794494628906, -4.125339508056641], [118.12794494628906, -3.8753318786621094], [118.21128845214844, -3.8753318786621094], [118.21128845214844, -3.7919960021972656], [118.29463195800781, -3.7919960021972656], [118.29463195800781, -3.625324249267578], [118.37797546386719, -3.625324249267578], [118.37797546386719, -3.5419883728027344], [118.46131896972656, -3.5419883728027344], [118.46131896972656, -3.2086448669433594], [118.37797546386719, -3.2086448669433594], [118.37797546386719, -3.041973114013672], [118.29463195800781, -3.041973114013672], [118.29463195800781, -2.8753013610839844], [118.21128845214844, -2.8753013610839844], [118.21128845214844, -3.291980743408203], [118.12794494628906, -3.291980743408203], [118.12794494628906, -2.958637237548828], [118.04460144042969, -2.958637237548828], [118.04460144042969, -2.5419578552246094], [118.12794494628906, -2.5419578552246094], [118.12794494628906, -2.375286102294922], [118.21128845214844, -2.375286102294922], [118.21128845214844, -1.7085990905761719], [118.12794494628906, -1.7085990905761719], [118.12794494628906, -1.0419120788574219], [118.21128845214844, -1.0419120788574219], [118.21128845214844, -0.8752403259277344], [118.62800598144531, -0.8752403259277344], [118.62800598144531, -0.9585762023925781], [118.71134948730469, -0.9585762023925781], [118.71134948730469, -0.8752403259277344], [118.79469299316406, -0.8752403259277344], [118.79469299316406, -0.7919044494628906], [118.87803649902344, -0.7919044494628906], [118.87803649902344, -0.6252326965332031], [118.79469299316406, -0.6252326965332031], [118.79469299316406, -0.3752250671386719], [118.87803649902344, -0.3752250671386719], [118.87803649902344, -0.2918891906738281], [118.96138000488281, -0.2918891906738281], [118.96138000488281, -0.20855331420898438], [119.04472351074219, -0.20855331420898438], [119.04472351074219, -0.12521743774414062], [119.12806701660156, -0.12521743774414062], [119.12806701660156, -0.041881561279296875], [119.37809753417969, -0.041881561279296875], [119.37809753417969, 0.041454315185546875], [119.46144104003906, 0.041454315185546875], [119.46144104003906, 0.12479019165039062], [119.71147155761719, 0.12479019165039062], [119.71147155761719, 0.041454315185546875], [119.62812805175781, 0.041454315185546875], [119.62812805175781, -0.041881561279296875], [119.54478454589844, -0.041881561279296875], [119.54478454589844, -0.20855331420898438], [119.46144104003906, -0.20855331420898438], [119.46144104003906, -0.3752250671386719]], [[118.12794494628906, -5.208705902099609], [118.21128845214844, -5.208705902099609], [118.21128845214844, -5.125370025634766], [118.12794494628906, -5.125370025634766], [118.12794494628906, -5.208705902099609]], [[118.29463195800781, -5.542049407958984], [118.29463195800781, -5.625385284423828], [118.46131896972656, -5.625385284423828], [118.46131896972656, -5.458713531494141], [118.37797546386719, -5.458713531494141], [118.37797546386719, -5.542049407958984], [118.29463195800781, -5.542049407958984]]], [[[116.37773132324219, -2.708629608154297], [116.37773132324219, -2.625293731689453], [116.46107482910156, -2.625293731689453], [116.46107482910156, -2.708629608154297], [116.37773132324219, -2.708629608154297]]], [[[117.87791442871094, -2.5419578552246094], [117.96125793457031, -2.5419578552246094], [117.96125793457031, -2.708629608154297], [117.87791442871094, -2.708629608154297], [117.87791442871094, -2.5419578552246094]]], [[[116.62776184082031, -1.3752555847167969], [116.79444885253906, -1.3752555847167969], [116.79444885253906, -1.4585914611816406], [116.62776184082031, -1.4585914611816406], [116.62776184082031, -1.3752555847167969]]], [[[119.12806701660156, 1.0414848327636719], [119.04472351074219, 1.0414848327636719], [119.04472351074219, 1.2081565856933594], [118.96138000488281, 1.2081565856933594], [118.96138000488281, 1.3748283386230469], [119.04472351074219, 1.3748283386230469], [119.04472351074219, 1.2914924621582031], [119.12806701660156, 1.2914924621582031], [119.12806701660156, 1.1248207092285156], [119.37809753417969, 1.1248207092285156], [119.37809753417969, 0.8748130798339844], [119.12806701660156, 0.8748130798339844], [119.12806701660156, 1.0414848327636719]]], [[[118.87803649902344, 1.4581642150878906], [118.79469299316406, 1.4581642150878906], [118.79469299316406, 1.5415000915527344], [118.96138000488281, 1.5415000915527344], [118.96138000488281, 1.3748283386230469], [118.87803649902344, 1.3748283386230469], [118.87803649902344, 1.4581642150878906]]], [[[118.29463195800781, 2.1248512268066406], [118.37797546386719, 2.1248512268066406], [118.37797546386719, 2.041515350341797], [118.29463195800781, 2.041515350341797], [118.29463195800781, 2.1248512268066406]]], [[[118.71134948730469, 2.1248512268066406], [118.79469299316406, 2.1248512268066406], [118.79469299316406, 2.041515350341797], [118.71134948730469, 2.041515350341797], [118.71134948730469, 2.1248512268066406]]], [[[118.21128845214844, 2.2081871032714844], [118.21128845214844, 2.291522979736328], [118.29463195800781, 2.291522979736328], [118.29463195800781, 2.2081871032714844], [118.21128845214844, 2.2081871032714844]]], [[[119.79481506347656, 4.208248138427734], [119.71147155761719, 4.208248138427734], [119.71147155761719, 3.958240509033203], [119.62812805175781, 3.958240509033203], [119.62812805175781, 3.7915687561035156], [119.54478454589844, 3.7915687561035156], [119.54478454589844, 3.4582252502441406], [119.46144104003906, 3.4582252502441406], [119.46144104003906, 2.8748741149902344], [119.37809753417969, 2.8748741149902344], [119.37809753417969, 2.2081871032714844], [119.29475402832031, 2.2081871032714844], [119.29475402832031, 2.1248512268066406], [119.37809753417969, 2.1248512268066406], [119.37809753417969, 2.041515350341797], [119.29475402832031, 2.041515350341797], [119.29475402832031, 1.7915077209472656], [119.37809753417969, 1.7915077209472656], [119.37809753417969, 1.7081718444824219], [119.46144104003906, 1.7081718444824219], [119.46144104003906, 1.6248359680175781], [119.54478454589844, 1.6248359680175781], [119.54478454589844, 1.5415000915527344], [119.62812805175781, 1.5415000915527344], [119.62812805175781, 1.3748283386230469], [119.79481506347656, 1.3748283386230469], [119.79481506347656, 1.2914924621582031], [119.87815856933594, 1.2914924621582031], [119.87815856933594, 1.2081565856933594], [120.04484558105469, 1.2081565856933594], [120.04484558105469, 1.1248207092285156], [119.96150207519531, 1.1248207092285156], [119.96150207519531, 0.8748130798339844], [119.87815856933594, 0.8748130798339844], [119.87815856933594, 0.7914772033691406], [119.71147155761719, 0.7914772033691406], [119.71147155761719, 0.8748130798339844], [119.62812805175781, 0.8748130798339844], [119.62812805175781, 0.9581489562988281], [119.54478454589844, 0.9581489562988281], [119.54478454589844, 1.0414848327636719], [119.46144104003906, 1.0414848327636719], [119.46144104003906, 1.1248207092285156], [119.37809753417969, 1.1248207092285156], [119.37809753417969, 1.2914924621582031], [119.29475402832031, 1.2914924621582031], [119.29475402832031, 1.4581642150878906], [119.21141052246094, 1.4581642150878906], [119.21141052246094, 1.6248359680175781], [119.12806701660156, 1.6248359680175781], [119.12806701660156, 1.7915077209472656], [119.04472351074219, 1.7915077209472656], [119.04472351074219, 1.8748435974121094], [118.96138000488281, 1.8748435974121094], [118.96138000488281, 2.041515350341797], [118.87803649902344, 2.041515350341797], [118.87803649902344, 2.1248512268066406], [118.96138000488281, 2.1248512268066406], [118.96138000488281, 2.291522979736328], [118.87803649902344, 2.291522979736328], [118.87803649902344, 2.624866485595703], [118.79469299316406, 2.624866485595703], [118.79469299316406, 3.291553497314453], [118.71134948730469, 3.291553497314453], [118.71134948730469, 3.4582252502441406], [118.79469299316406, 3.4582252502441406], [118.79469299316406, 3.5415611267089844], [118.96138000488281, 3.5415611267089844], [118.96138000488281, 3.708232879638672], [119.04472351074219, 3.708232879638672], [119.04472351074219, 3.8749046325683594], [119.12806701660156, 3.8749046325683594], [119.12806701660156, 4.124912261962891], [119.29475402832031, 4.124912261962891], [119.29475402832031, 4.208248138427734], [119.37809753417969, 4.208248138427734], [119.37809753417969, 4.291584014892578], [119.46144104003906, 4.291584014892578], [119.46144104003906, 4.458255767822266], [119.54478454589844, 4.458255767822266], [119.54478454589844, 4.541591644287109], [119.37809753417969, 4.541591644287109], [119.37809753417969, 4.624927520751953], [119.54478454589844, 4.624927520751953], [119.54478454589844, 5.124942779541016], [119.46144104003906, 5.124942779541016], [119.46144104003906, 5.374950408935547], [119.54478454589844, 5.374950408935547], [119.54478454589844, 5.208278656005859], [119.62812805175781, 5.208278656005859], [119.62812805175781, 4.958271026611328], [119.71147155761719, 4.958271026611328], [119.71147155761719, 4.458255767822266], [119.79481506347656, 4.458255767822266], [119.79481506347656, 4.208248138427734]]], [[[119.96150207519531, 3.8749046325683594], [120.12818908691406, 3.8749046325683594], [120.12818908691406, 3.958240509033203], [120.29487609863281, 3.958240509033203], [120.29487609863281, 3.8749046325683594], [120.21153259277344, 3.8749046325683594], [120.21153259277344, 3.7915687561035156], [120.12818908691406, 3.7915687561035156], [120.12818908691406, 3.708232879638672], [119.96150207519531, 3.708232879638672], [119.96150207519531, 3.8749046325683594]]], [[[118.87803649902344, 4.124912261962891], [118.87803649902344, 4.208248138427734], [118.96138000488281, 4.208248138427734], [118.96138000488281, 4.124912261962891], [118.87803649902344, 4.124912261962891]]], [[[119.04472351074219, 4.541591644287109], [119.04472351074219, 4.374919891357422], [118.96138000488281, 4.374919891357422], [118.96138000488281, 4.541591644287109], [119.04472351074219, 4.541591644287109]]], [[[119.04472351074219, 4.541591644287109], [119.04472351074219, 4.791599273681641], [119.12806701660156, 4.791599273681641], [119.12806701660156, 4.541591644287109], [119.04472351074219, 4.541591644287109]]], [[[116.29438781738281, 6.374980926513672], [116.29438781738281, 6.458316802978516], [116.37773132324219, 6.458316802978516], [116.37773132324219, 6.374980926513672], [116.29438781738281, 6.374980926513672]]], [[[123.62861633300781, -10.375530242919922], [123.71195983886719, -10.375530242919922], [123.71195983886719, -10.458866119384766], [123.62861633300781, -10.458866119384766], [123.62861633300781, -10.375530242919922]]], [[[125.29548645019531, -8.625476837158203], [125.12879943847656, -8.625476837158203], [125.12879943847656, -8.875484466552734], [125.04545593261719, -8.875484466552734], [125.04545593261719, -8.79214859008789], [124.96211242675781, -8.79214859008789], [124.96211242675781, -8.875484466552734], [124.62873840332031, -8.875484466552734], [124.62873840332031, -9.042156219482422], [124.46205139160156, -9.042156219482422], [124.46205139160156, -9.125492095947266], [124.12867736816406, -9.125492095947266], [124.12867736816406, -9.292163848876953], [123.87864685058594, -9.292163848876953], [123.87864685058594, -9.375499725341797], [123.79530334472656, -9.375499725341797], [123.79530334472656, -9.45883560180664], [123.71195983886719, -9.45883560180664], [123.71195983886719, -9.542171478271484], [123.62861633300781, -9.542171478271484], [123.62861633300781, -9.708843231201172], [123.46192932128906, -9.708843231201172], [123.46192932128906, -9.792179107666016], [123.29524230957031, -9.792179107666016], [123.29524230957031, -9.87551498413086], [123.21189880371094, -9.87551498413086], [123.21189880371094, -10.042186737060547], [123.12855529785156, -10.042186737060547], [123.12855529785156, -10.208858489990234], [123.04521179199219, -10.208858489990234], [123.04521179199219, -10.292194366455078], [122.62849426269531, -10.292194366455078], [122.62849426269531, -10.375530242919922], [123.12855529785156, -10.375530242919922], [123.12855529785156, -10.625537872314453], [123.04521179199219, -10.625537872314453], [123.04521179199219, -10.458866119384766], [122.96186828613281, -10.458866119384766], [122.96186828613281, -10.54220199584961], [122.87852478027344, -10.54220199584961], [122.87852478027344, -10.458866119384766], [122.62849426269531, -10.458866119384766], [122.62849426269531, -10.79220962524414], [122.79518127441406, -10.79220962524414], [122.79518127441406, -10.875545501708984], [122.62849426269531, -10.875545501708984], [122.62849426269531, -11.125553131103516], [122.71183776855469, -11.125553131103516], [122.71183776855469, -11.042217254638672], [122.79518127441406, -11.042217254638672], [122.79518127441406, -10.958881378173828], [122.96186828613281, -10.958881378173828], [122.96186828613281, -10.875545501708984], [123.37858581542969, -10.875545501708984], [123.37858581542969, -10.79220962524414], [123.46192932128906, -10.79220962524414], [123.46192932128906, -10.708873748779297], [123.62861633300781, -10.708873748779297], [123.62861633300781, -10.54220199584961], [123.87864685058594, -10.54220199584961], [123.87864685058594, -10.375530242919922], [124.12867736816406, -10.375530242919922], [124.12867736816406, -10.208858489990234], [124.46205139160156, -10.208858489990234], [124.46205139160156, -10.12552261352539], [124.62873840332031, -10.12552261352539], [124.62873840332031, -9.958850860595703], [124.71208190917969, -9.958850860595703], [124.71208190917969, -9.87551498413086], [125.12879943847656, -9.87551498413086], [125.12879943847656, -9.625507354736328], [125.37882995605469, -9.625507354736328], [125.37882995605469, -9.45883560180664], [125.54551696777344, -9.45883560180664], [125.54551696777344, -9.375499725341797], [126.12892150878906, -9.375499725341797], [126.12892150878906, -9.20882797241211], [126.21226501464844, -9.20882797241211], [126.21226501464844, -9.125492095947266], [126.62898254394531, -9.125492095947266], [126.62898254394531, -9.042156219482422], [127.12904357910156, -9.042156219482422], [127.12904357910156, -8.958820343017578], [127.29573059082031, -8.958820343017578], [127.29573059082031, -8.875484466552734], [127.37907409667969, -8.875484466552734], [127.37907409667969, -8.79214859008789], [127.46241760253906, -8.79214859008789], [127.46241760253906, -8.625476837158203], [127.62910461425781, -8.625476837158203], [127.62910461425781, -8.79214859008789], [127.54576110839844, -8.79214859008789], [127.54576110839844, -9.042156219482422], [127.46241760253906, -9.042156219482422], [127.46241760253906, -9.125492095947266], [127.37907409667969, -9.125492095947266], [127.37907409667969, -9.20882797241211], [127.29573059082031, -9.20882797241211], [127.29573059082031, -9.292163848876953], [127.12904357910156, -9.292163848876953], [127.12904357910156, -9.375499725341797], [126.79566955566406, -9.375499725341797], [126.79566955566406, -9.292163848876953], [126.46229553222656, -9.292163848876953], [126.46229553222656, -9.375499725341797], [126.21226501464844, -9.375499725341797], [126.21226501464844, -9.45883560180664], [125.79554748535156, -9.45883560180664], [125.79554748535156, -9.542171478271484], [125.62886047363281, -9.542171478271484], [125.62886047363281, -9.625507354736328], [125.54551696777344, -9.625507354736328], [125.54551696777344, -9.708843231201172], [125.46217346191406, -9.708843231201172], [125.46217346191406, -9.792179107666016], [125.37882995605469, -9.792179107666016], [125.37882995605469, -10.042186737060547], [125.29548645019531, -10.042186737060547], [125.29548645019531, -10.12552261352539], [125.21214294433594, -10.12552261352539], [125.21214294433594, -10.208858489990234], [125.12879943847656, -10.208858489990234], [125.12879943847656, -10.292194366455078], [125.04545593261719, -10.292194366455078], [125.04545593261719, -10.375530242919922], [124.96211242675781, -10.375530242919922], [124.96211242675781, -10.458866119384766], [124.87876892089844, -10.458866119384766], [124.87876892089844, -10.54220199584961], [124.71208190917969, -10.54220199584961], [124.71208190917969, -10.625537872314453], [124.62873840332031, -10.625537872314453], [124.62873840332031, -10.875545501708984], [124.21202087402344, -10.875545501708984], [124.21202087402344, -10.958881378173828], [124.12867736816406, -10.958881378173828], [124.12867736816406, -11.125553131103516], [124.29536437988281, -11.125553131103516], [124.29536437988281, -11.20888900756836], [124.12867736816406, -11.20888900756836], [124.12867736816406, -11.292224884033203], [123.96199035644531, -11.292224884033203], [123.96199035644531, -11.375560760498047], [123.79530334472656, -11.375560760498047], [123.79530334472656, -11.45889663696289], [123.62861633300781, -11.45889663696289], [123.62861633300781, -11.625568389892578], [123.12855529785156, -11.625568389892578], [123.12855529785156, -11.708904266357422], [123.04521179199219, -11.708904266357422], [123.04521179199219, -11.792240142822266], [122.87852478027344, -11.792240142822266], [122.87852478027344, -11.87557601928711], [122.54515075683594, -11.87557601928711], [122.54515075683594, -11.958911895751953], [119.29475402832031, -11.958911895751953], [119.29475402832031, -11.87557601928711], [119.21141052246094, -11.87557601928711], [119.21141052246094, -11.792240142822266], [119.12806701660156, -11.792240142822266], [119.12806701660156, -11.958911895751953], [115.79432678222656, -11.958911895751953], [115.79432678222656, -11.792240142822266], [115.87767028808594, -11.792240142822266], [115.87767028808594, -11.625568389892578], [115.62763977050781, -11.625568389892578], [115.62763977050781, -11.292224884033203], [115.71098327636719, -11.292224884033203], [115.71098327636719, -11.125553131103516], [115.62763977050781, -11.125553131103516], [115.62763977050781, -10.875545501708984], [115.54429626464844, -10.875545501708984], [115.54429626464844, -11.042217254638672], [115.46095275878906, -11.042217254638672], [115.46095275878906, -11.125553131103516], [115.37760925292969, -11.125553131103516], [115.37760925292969, -11.20888900756836], [115.29426574707031, -11.20888900756836], [115.29426574707031, -11.375560760498047], [115.21092224121094, -11.375560760498047], [115.21092224121094, -11.45889663696289], [115.12757873535156, -11.45889663696289], [115.12757873535156, -11.542232513427734], [115.04423522949219, -11.542232513427734], [115.04423522949219, -11.375560760498047], [115.12757873535156, -11.375560760498047], [115.12757873535156, -11.125553131103516], [115.21092224121094, -11.125553131103516], [115.21092224121094, -11.042217254638672], [115.29426574707031, -11.042217254638672], [115.29426574707031, -10.875545501708984], [115.37760925292969, -10.875545501708984], [115.37760925292969, -10.208858489990234], [115.46095275878906, -10.208858489990234], [115.46095275878906, -9.958850860595703], [115.54429626464844, -9.958850860595703], [115.54429626464844, -9.542171478271484], [115.62763977050781, -9.542171478271484], [115.62763977050781, -9.20882797241211], [115.71098327636719, -9.20882797241211], [115.71098327636719, -8.875484466552734], [115.96101379394531, -8.875484466552734], [115.96101379394531, -8.958820343017578], [116.37773132324219, -8.958820343017578], [116.37773132324219, -8.875484466552734], [116.46107482910156, -8.875484466552734], [116.46107482910156, -8.958820343017578], [116.54441833496094, -8.958820343017578], [116.54441833496094, -8.875484466552734], [116.62776184082031, -8.875484466552734], [116.62776184082031, -9.125492095947266], [117.62788391113281, -9.125492095947266], [117.62788391113281, -8.958820343017578], [117.96125793457031, -8.958820343017578], [117.96125793457031, -8.875484466552734], [118.96138000488281, -8.875484466552734], [118.96138000488281, -8.79214859008789], [119.21141052246094, -8.79214859008789], [119.21141052246094, -8.625476837158203], [119.29475402832031, -8.625476837158203], [119.29475402832031, -8.708812713623047], [119.37809753417969, -8.708812713623047], [119.37809753417969, -8.958820343017578], [119.46144104003906, -8.958820343017578], [119.46144104003906, -8.875484466552734], [119.87815856933594, -8.875484466552734], [119.87815856933594, -9.125492095947266], [119.96150207519531, -9.125492095947266], [119.96150207519531, -9.20882797241211], [120.04484558105469, -9.20882797241211], [120.04484558105469, -9.292163848876953], [119.87815856933594, -9.292163848876953], [119.87815856933594, -9.375499725341797], [119.71147155761719, -9.375499725341797], [119.71147155761719, -9.292163848876953], [119.62812805175781, -9.292163848876953], [119.62812805175781, -9.20882797241211], [119.37809753417969, -9.20882797241211], [119.37809753417969, -9.375499725341797], [118.87803649902344, -9.375499725341797], [118.87803649902344, -9.625507354736328], [119.04472351074219, -9.625507354736328], [119.04472351074219, -9.708843231201172], [119.12806701660156, -9.708843231201172], [119.12806701660156, -9.87551498413086], [119.79481506347656, -9.87551498413086], [119.79481506347656, -9.958850860595703], [119.87815856933594, -9.958850860595703], [119.87815856933594, -10.12552261352539], [120.12818908691406, -10.12552261352539], [120.12818908691406, -10.375530242919922], [120.62825012207031, -10.375530242919922], [120.62825012207031, -10.208858489990234], [120.79493713378906, -10.208858489990234], [120.79493713378906, -10.12552261352539], [120.87828063964844, -10.12552261352539], [120.87828063964844, -9.87551498413086], [120.96162414550781, -9.87551498413086], [120.96162414550781, -9.792179107666016], [121.04496765136719, -9.792179107666016], [121.04496765136719, -9.708843231201172], [121.12831115722656, -9.708843231201172], [121.12831115722656, -9.625507354736328], [121.21165466308594, -9.625507354736328], [121.21165466308594, -9.542171478271484], [121.54502868652344, -9.542171478271484], [121.54502868652344, -9.45883560180664], [122.12843322753906, -9.45883560180664], [122.12843322753906, -9.375499725341797], [122.37846374511719, -9.375499725341797], [122.37846374511719, -9.625507354736328], [122.54515075683594, -9.625507354736328], [122.54515075683594, -9.542171478271484], [122.62849426269531, -9.542171478271484], [122.62849426269531, -9.375499725341797], [122.71183776855469, -9.375499725341797], [122.71183776855469, -9.292163848876953], [122.87852478027344, -9.292163848876953], [122.87852478027344, -9.20882797241211], [122.96186828613281, -9.20882797241211], [122.96186828613281, -9.125492095947266], [123.12855529785156, -9.125492095947266], [123.12855529785156, -9.042156219482422], [123.29524230957031, -9.042156219482422], [123.29524230957031, -8.958820343017578], [123.54527282714844, -8.958820343017578], [123.54527282714844, -8.79214859008789], [123.62861633300781, -8.79214859008789], [123.62861633300781, -8.708812713623047], [123.54527282714844, -8.708812713623047], [123.54527282714844, -8.625476837158203], [123.62861633300781, -8.625476837158203], [123.62861633300781, -8.458805084228516], [123.71195983886719, -8.458805084228516], [123.71195983886719, -8.375469207763672], [123.79530334472656, -8.375469207763672], [123.79530334472656, -8.458805084228516], [123.87864685058594, -8.458805084228516], [123.87864685058594, -8.54214096069336], [123.79530334472656, -8.54214096069336], [123.79530334472656, -8.625476837158203], [123.87864685058594, -8.625476837158203], [123.87864685058594, -8.708812713623047], [123.96199035644531, -8.708812713623047], [123.96199035644531, -8.54214096069336], [124.12867736816406, -8.54214096069336], [124.12867736816406, -8.79214859008789], [124.04533386230469, -8.79214859008789], [124.04533386230469, -8.875484466552734], [124.21202087402344, -8.875484466552734], [124.21202087402344, -8.625476837158203], [124.37870788574219, -8.625476837158203], [124.37870788574219, -8.875484466552734], [124.54539489746094, -8.875484466552734], [124.54539489746094, -8.79214859008789], [124.71208190917969, -8.79214859008789], [124.71208190917969, -8.708812713623047], [124.79542541503906, -8.708812713623047], [124.79542541503906, -8.625476837158203], [124.87876892089844, -8.625476837158203], [124.87876892089844, -8.54214096069336], [125.04545593261719, -8.54214096069336], [125.04545593261719, -8.375469207763672], [125.12879943847656, -8.375469207763672], [125.12879943847656, -8.458805084228516], [125.21214294433594, -8.458805084228516], [125.21214294433594, -8.208797454833984], [125.12879943847656, -8.208797454833984], [125.12879943847656, -8.12546157836914], [125.04545593261719, -8.12546157836914], [125.04545593261719, -8.042125701904297], [125.21214294433594, -8.042125701904297], [125.21214294433594, -8.12546157836914], [125.29548645019531, -8.12546157836914], [125.29548645019531, -8.375469207763672], [125.37882995605469, -8.375469207763672], [125.37882995605469, -8.458805084228516], [125.29548645019531, -8.458805084228516], [125.29548645019531, -8.625476837158203]], [[123.96199035644531, -8.875484466552734], [123.96199035644531, -8.958820343017578], [124.04533386230469, -8.958820343017578], [124.04533386230469, -8.875484466552734], [123.96199035644531, -8.875484466552734]], [[123.79530334472656, -8.875484466552734], [123.79530334472656, -8.958820343017578], [123.87864685058594, -8.958820343017578], [123.87864685058594, -8.875484466552734], [123.79530334472656, -8.875484466552734]], [[116.62776184082031, -10.12552261352539], [116.62776184082031, -10.375530242919922], [116.87779235839844, -10.375530242919922], [116.87779235839844, -10.292194366455078], [116.96113586425781, -10.292194366455078], [116.96113586425781, -10.208858489990234], [117.04447937011719, -10.208858489990234], [117.04447937011719, -10.12552261352539], [116.62776184082031, -10.12552261352539]], [[119.12806701660156, -10.12552261352539], [119.12806701660156, -10.375530242919922], [119.37809753417969, -10.375530242919922], [119.37809753417969, -10.12552261352539], [119.12806701660156, -10.12552261352539]], [[121.87840270996094, -10.12552261352539], [121.87840270996094, -10.292194366455078], [122.12843322753906, -10.292194366455078], [122.12843322753906, -10.12552261352539], [121.87840270996094, -10.12552261352539]], [[122.04508972167969, -10.375530242919922], [122.04508972167969, -10.458866119384766], [121.96174621582031, -10.458866119384766], [121.96174621582031, -10.375530242919922], [121.79505920410156, -10.375530242919922], [121.79505920410156, -10.292194366455078], [121.37834167480469, -10.292194366455078], [121.37834167480469, -10.375530242919922], [121.62837219238281, -10.375530242919922], [121.62837219238281, -10.54220199584961], [121.54502868652344, -10.54220199584961], [121.54502868652344, -10.625537872314453], [122.12843322753906, -10.625537872314453], [122.12843322753906, -10.375530242919922], [122.04508972167969, -10.375530242919922]], [[121.29499816894531, -10.625537872314453], [121.29499816894531, -10.708873748779297], [121.37834167480469, -10.708873748779297], [121.37834167480469, -10.625537872314453], [121.29499816894531, -10.625537872314453]], [[121.71171569824219, -10.79220962524414], [121.71171569824219, -10.708873748779297], [121.46168518066406, -10.708873748779297], [121.46168518066406, -10.79220962524414], [121.62837219238281, -10.79220962524414], [121.62837219238281, -10.875545501708984], [121.71171569824219, -10.875545501708984], [121.71171569824219, -10.958881378173828], [121.62837219238281, -10.958881378173828], [121.62837219238281, -11.042217254638672], [121.37834167480469, -11.042217254638672], [121.37834167480469, -11.125553131103516], [121.12831115722656, -11.125553131103516], [121.12831115722656, -11.375560760498047], [121.37834167480469, -11.375560760498047], [121.37834167480469, -11.292224884033203], [121.62837219238281, -11.292224884033203], [121.62837219238281, -11.20888900756836], [121.96174621582031, -11.20888900756836], [121.96174621582031, -11.292224884033203], [122.21177673339844, -11.292224884033203], [122.21177673339844, -11.20888900756836], [122.46180725097656, -11.20888900756836], [122.46180725097656, -11.125553131103516], [122.37846374511719, -11.125553131103516], [122.37846374511719, -10.625537872314453], [122.29512023925781, -10.625537872314453], [122.29512023925781, -10.708873748779297], [122.21177673339844, -10.708873748779297], [122.21177673339844, -10.79220962524414], [122.12843322753906, -10.79220962524414], [122.12843322753906, -11.125553131103516], [121.87840270996094, -11.125553131103516], [121.87840270996094, -10.79220962524414], [121.71171569824219, -10.79220962524414]], [[120.62825012207031, -11.125553131103516], [120.62825012207031, -11.042217254638672], [120.46156311035156, -11.042217254638672], [120.46156311035156, -10.958881378173828], [120.37821960449219, -10.958881378173828], [120.37821960449219, -11.125553131103516], [120.62825012207031, -11.125553131103516]], [[120.29487609863281, -11.45889663696289], [120.29487609863281, -11.625568389892578], [120.37821960449219, -11.625568389892578], [120.37821960449219, -11.375560760498047], [120.12818908691406, -11.375560760498047], [120.12818908691406, -11.45889663696289], [120.29487609863281, -11.45889663696289]]], [[[124.87876892089844, -9.708843231201172], [124.96211242675781, -9.708843231201172], [124.96211242675781, -9.792179107666016], [124.87876892089844, -9.792179107666016], [124.87876892089844, -9.708843231201172]]], [[[121.71171569824219, -9.125492095947266], [121.62837219238281, -9.125492095947266], [121.62837219238281, -9.20882797241211], [121.37834167480469, -9.20882797241211], [121.37834167480469, -9.125492095947266], [121.21165466308594, -9.125492095947266], [121.21165466308594, -9.042156219482422], [121.29499816894531, -9.042156219482422], [121.29499816894531, -8.958820343017578], [121.37834167480469, -8.958820343017578], [121.37834167480469, -8.875484466552734], [121.71171569824219, -8.875484466552734], [121.71171569824219, -8.958820343017578], [121.79505920410156, -8.958820343017578], [121.79505920410156, -8.875484466552734], [121.87840270996094, -8.875484466552734], [121.87840270996094, -9.042156219482422], [121.71171569824219, -9.042156219482422], [121.71171569824219, -9.125492095947266]]], [[[120.87828063964844, -8.958820343017578], [121.12831115722656, -8.958820343017578], [121.12831115722656, -9.042156219482422], [120.79493713378906, -9.042156219482422], [120.79493713378906, -8.875484466552734], [120.87828063964844, -8.875484466552734], [120.87828063964844, -8.958820343017578]]], [[[129.0459442138672, -8.625476837158203], [129.12928771972656, -8.625476837158203], [129.12928771972656, -8.875484466552734], [128.87925720214844, -8.875484466552734], [128.87925720214844, -8.79214859008789], [128.9626007080078, -8.79214859008789], [128.9626007080078, -8.708812713623047], [129.0459442138672, -8.708812713623047], [129.0459442138672, -8.625476837158203]]], [[[122.62849426269531, -8.708812713623047], [122.62849426269531, -8.625476837158203], [122.87852478027344, -8.625476837158203], [122.87852478027344, -8.708812713623047], [122.62849426269531, -8.708812713623047]]], [[[123.87864685058594, -8.375469207763672], [123.96199035644531, -8.375469207763672], [123.96199035644531, -8.458805084228516], [123.87864685058594, -8.458805084228516], [123.87864685058594, -8.375469207763672]]], [[[127.29573059082031, -8.292133331298828], [127.37907409667969, -8.292133331298828], [127.37907409667969, -8.375469207763672], [127.29573059082031, -8.375469207763672], [127.29573059082031, -8.292133331298828]]], [[[120.62825012207031, -8.12546157836914], [119.87815856933594, -8.12546157836914], [119.87815856933594, -7.958789825439453], [120.37821960449219, -7.958789825439453], [120.37821960449219, -7.875453948974609], [120.62825012207031, -7.875453948974609], [120.62825012207031, -8.12546157836914]]], [[[125.54551696777344, -6.708751678466797], [125.79554748535156, -6.708751678466797], [125.79554748535156, -6.792087554931641], [125.54551696777344, -6.792087554931641], [125.54551696777344, -6.708751678466797]]], [[[128.2958526611328, -6.208736419677734], [128.3791961669922, -6.208736419677734], [128.3791961669922, -6.375408172607422], [128.2958526611328, -6.375408172607422], [128.2958526611328, -6.208736419677734]]], [[[127.37907409667969, -6.625415802001953], [126.54563903808594, -6.625415802001953], [126.54563903808594, -6.208736419677734], [126.62898254394531, -6.208736419677734], [126.62898254394531, -6.042064666748047], [126.71232604980469, -6.042064666748047], [126.71232604980469, -5.958728790283203], [126.87901306152344, -5.958728790283203], [126.87901306152344, -5.875392913818359], [127.37907409667969, -5.875392913818359], [127.37907409667969, -5.958728790283203], [127.29573059082031, -5.958728790283203], [127.29573059082031, -6.125400543212891], [127.12904357910156, -6.125400543212891], [127.12904357910156, -6.375408172607422], [127.37907409667969, -6.375408172607422], [127.37907409667969, -6.625415802001953]]], [[[128.6292266845703, -6.042064666748047], [128.6292266845703, -5.958728790283203], [128.7125701904297, -5.958728790283203], [128.7125701904297, -6.042064666748047], [128.6292266845703, -6.042064666748047]]], [[[129.54600524902344, -6.042064666748047], [129.6293487548828, -6.042064666748047], [129.6293487548828, -6.125400543212891], [128.87925720214844, -6.125400543212891], [128.87925720214844, -5.542049407958984], [129.2959747314453, -5.542049407958984], [129.2959747314453, -5.625385284423828], [129.3793182373047, -5.625385284423828], [129.3793182373047, -5.792057037353516], [129.46266174316406, -5.792057037353516], [129.46266174316406, -5.958728790283203], [129.54600524902344, -5.958728790283203], [129.54600524902344, -6.042064666748047]], [[128.9626007080078, -5.625385284423828], [128.9626007080078, -5.792057037353516], [129.0459442138672, -5.792057037353516], [129.0459442138672, -5.625385284423828], [128.9626007080078, -5.625385284423828]]], [[[128.7125701904297, -5.708721160888672], [128.79591369628906, -5.708721160888672], [128.79591369628906, -5.792057037353516], [128.7125701904297, -5.792057037353516], [128.7125701904297, -5.708721160888672]]], [[[125.04545593261719, -4.375347137451172], [124.79542541503906, -4.375347137451172], [124.79542541503906, -4.208675384521484], [124.96211242675781, -4.208675384521484], [124.96211242675781, -4.125339508056641], [125.04545593261719, -4.125339508056641], [125.04545593261719, -4.375347137451172]]], [[[127.37907409667969, -3.2086448669433594], [127.29573059082031, -3.2086448669433594], [127.29573059082031, -3.041973114013672], [127.21238708496094, -3.041973114013672], [127.21238708496094, -2.8753013610839844], [127.29573059082031, -2.8753013610839844], [127.29573059082031, -2.7919654846191406], [127.37907409667969, -2.7919654846191406], [127.37907409667969, -2.8753013610839844], [127.71244812011719, -2.8753013610839844], [127.71244812011719, -2.958637237548828], [127.62910461425781, -2.958637237548828], [127.62910461425781, -3.041973114013672], [127.37907409667969, -3.041973114013672], [127.37907409667969, -3.2086448669433594]]], [[[128.3791961669922, -1.7085990905761719], [128.46253967285156, -1.7085990905761719], [128.46253967285156, -1.8752708435058594], [128.3791961669922, -1.8752708435058594], [128.3791961669922, -1.7085990905761719]]], [[[128.46253967285156, -1.5419273376464844], [128.3791961669922, -1.5419273376464844], [128.3791961669922, -1.3752555847167969], [128.46253967285156, -1.3752555847167969], [128.46253967285156, -1.2085838317871094], [128.54588317871094, -1.2085838317871094], [128.54588317871094, -1.2919197082519531], [128.6292266845703, -1.2919197082519531], [128.6292266845703, -1.4585914611816406], [128.54588317871094, -1.4585914611816406], [128.54588317871094, -1.6252632141113281], [128.46253967285156, -1.6252632141113281], [128.46253967285156, -1.5419273376464844]]], [[[123.54527282714844, -0.7085685729980469], [123.62861633300781, -0.7085685729980469], [123.62861633300781, -0.8752403259277344], [123.54527282714844, -0.8752403259277344], [123.54527282714844, -0.7085685729980469]]], [[[123.96199035644531, -1.2085838317871094], [123.87864685058594, -1.2085838317871094], [123.87864685058594, -1.3752555847167969], [123.71195983886719, -1.3752555847167969], [123.71195983886719, -1.2919197082519531], [123.62861633300781, -1.2919197082519531], [123.62861633300781, -1.2085838317871094], [123.79530334472656, -1.2085838317871094], [123.79530334472656, -0.9585762023925781], [123.71195983886719, -0.9585762023925781], [123.71195983886719, -0.7085685729980469], [123.62861633300781, -0.7085685729980469], [123.62861633300781, -0.3752250671386719], [123.79530334472656, -0.3752250671386719], [123.79530334472656, -0.2918891906738281], [123.87864685058594, -0.2918891906738281], [123.87864685058594, -0.20855331420898438], [123.96199035644531, -0.20855331420898438], [123.96199035644531, -0.041881561279296875], [124.04533386230469, -0.041881561279296875], [124.04533386230469, 0.041454315185546875], [124.21202087402344, 0.041454315185546875], [124.21202087402344, -0.12521743774414062], [124.12867736816406, -0.12521743774414062], [124.12867736816406, -0.4585609436035156], [124.04533386230469, -0.4585609436035156], [124.04533386230469, -0.8752403259277344], [123.96199035644531, -0.8752403259277344], [123.96199035644531, -1.2085838317871094]]], [[[123.12855529785156, -0.4585609436035156], [123.21189880371094, -0.4585609436035156], [123.21189880371094, -0.5418968200683594], [123.12855529785156, -0.5418968200683594], [123.12855529785156, -0.4585609436035156]]], [[[122.87852478027344, -0.5418968200683594], [122.87852478027344, -0.4585609436035156], [122.96186828613281, -0.4585609436035156], [122.96186828613281, -0.5418968200683594], [122.87852478027344, -0.5418968200683594]]], [[[128.87925720214844, 0.12479019165039062], [128.9626007080078, 0.12479019165039062], [128.9626007080078, -0.041881561279296875], [128.87925720214844, -0.041881561279296875], [128.87925720214844, 0.12479019165039062]]], [[[122.46180725097656, 0.2914619445800781], [121.62837219238281, 0.2914619445800781], [121.62837219238281, 0.3747978210449219], [122.96186828613281, 0.3747978210449219], [122.96186828613281, 0.2914619445800781], [123.12855529785156, 0.2914619445800781], [123.12855529785156, 0.12479019165039062], [122.87852478027344, 0.12479019165039062], [122.87852478027344, 0.20812606811523438], [122.46180725097656, 0.20812606811523438], [122.46180725097656, 0.2914619445800781]]], [[[124.62873840332031, 0.2914619445800781], [124.62873840332031, 0.5414695739746094], [124.96211242675781, 0.5414695739746094], [124.96211242675781, 0.6248054504394531], [125.12879943847656, 0.6248054504394531], [125.12879943847656, 0.4581336975097656], [124.96211242675781, 0.4581336975097656], [124.96211242675781, 0.3747978210449219], [124.79542541503906, 0.3747978210449219], [124.79542541503906, 0.2914619445800781], [124.62873840332031, 0.2914619445800781]]], [[[125.21214294433594, 0.7914772033691406], [125.29548645019531, 0.7914772033691406], [125.29548645019531, 0.8748130798339844], [125.37882995605469, 0.8748130798339844], [125.37882995605469, 0.7081413269042969], [125.29548645019531, 0.7081413269042969], [125.29548645019531, 0.6248054504394531], [125.12879943847656, 0.6248054504394531], [125.12879943847656, 0.7081413269042969], [125.21214294433594, 0.7081413269042969], [125.21214294433594, 0.7914772033691406]]], [[[125.37882995605469, 0.8748130798339844], [125.37882995605469, 0.9581489562988281], [125.54551696777344, 0.9581489562988281], [125.54551696777344, 0.8748130798339844], [125.37882995605469, 0.8748130798339844]]], [[[125.54551696777344, 1.0414848327636719], [125.71220397949219, 1.0414848327636719], [125.71220397949219, 0.9581489562988281], [125.54551696777344, 0.9581489562988281], [125.54551696777344, 1.0414848327636719]]], [[[126.04557800292969, 1.2914924621582031], [126.29560852050781, 1.2914924621582031], [126.29560852050781, 1.2081565856933594], [126.21226501464844, 1.2081565856933594], [126.21226501464844, 1.1248207092285156], [125.96223449707031, 1.1248207092285156], [125.96223449707031, 1.2081565856933594], [126.04557800292969, 1.2081565856933594], [126.04557800292969, 1.2914924621582031]]], [[[126.37895202636719, 1.2914924621582031], [126.71232604980469, 1.2914924621582031], [126.71232604980469, 1.2081565856933594], [126.37895202636719, 1.2081565856933594], [126.37895202636719, 1.2914924621582031]]], [[[126.46229553222656, 1.3748283386230469], [126.29560852050781, 1.3748283386230469], [126.29560852050781, 1.5415000915527344], [126.37895202636719, 1.5415000915527344], [126.37895202636719, 1.6248359680175781], [126.54563903808594, 1.6248359680175781], [126.54563903808594, 1.7081718444824219], [126.87901306152344, 1.7081718444824219], [126.87901306152344, 1.7915077209472656], [126.96235656738281, 1.7915077209472656], [126.96235656738281, 1.6248359680175781], [126.71232604980469, 1.6248359680175781], [126.71232604980469, 1.5415000915527344], [126.54563903808594, 1.5415000915527344], [126.54563903808594, 1.4581642150878906], [126.46229553222656, 1.4581642150878906], [126.46229553222656, 1.3748283386230469]]], [[[125.87889099121094, 1.8748435974121094], [125.87889099121094, 1.6248359680175781], [125.21214294433594, 1.6248359680175781], [125.21214294433594, 1.8748435974121094], [125.12879943847656, 1.8748435974121094], [125.12879943847656, 1.9581794738769531], [125.04545593261719, 1.9581794738769531], [125.04545593261719, 1.8748435974121094], [124.96211242675781, 1.8748435974121094], [124.96211242675781, 2.1248512268066406], [125.29548645019531, 2.1248512268066406], [125.29548645019531, 2.041515350341797], [125.62886047363281, 2.041515350341797], [125.62886047363281, 1.9581794738769531], [125.79554748535156, 1.9581794738769531], [125.79554748535156, 1.8748435974121094], [125.87889099121094, 1.8748435974121094]]], [[[128.0458221435547, 2.291522979736328], [128.12916564941406, 2.291522979736328], [128.12916564941406, 2.1248512268066406], [128.0458221435547, 2.1248512268066406], [128.0458221435547, 2.291522979736328]]], [[[121.37834167480469, 2.2081871032714844], [121.29499816894531, 2.2081871032714844], [121.29499816894531, 2.1248512268066406], [121.21165466308594, 2.1248512268066406], [121.21165466308594, 2.041515350341797], [121.12831115722656, 2.041515350341797], [121.12831115722656, 2.1248512268066406], [120.96162414550781, 2.1248512268066406], [120.96162414550781, 2.374858856201172], [121.12831115722656, 2.374858856201172], [121.12831115722656, 2.291522979736328], [121.21165466308594, 2.291522979736328], [121.21165466308594, 2.5415306091308594], [121.29499816894531, 2.5415306091308594], [121.29499816894531, 2.708202362060547], [121.37834167480469, 2.708202362060547], [121.37834167480469, 2.7915382385253906], [121.62837219238281, 2.7915382385253906], [121.62837219238281, 2.708202362060547], [121.54502868652344, 2.708202362060547], [121.54502868652344, 2.5415306091308594], [121.46168518066406, 2.5415306091308594], [121.46168518066406, 2.4581947326660156], [121.37834167480469, 2.4581947326660156], [121.37834167480469, 2.2081871032714844]]], [[[123.62861633300781, 2.4581947326660156], [123.62861633300781, 2.291522979736328], [123.71195983886719, 2.291522979736328], [123.71195983886719, 2.1248512268066406], [123.46192932128906, 2.1248512268066406], [123.46192932128906, 2.2081871032714844], [123.37858581542969, 2.2081871032714844], [123.37858581542969, 2.374858856201172], [123.12855529785156, 2.374858856201172], [123.12855529785156, 2.708202362060547], [123.21189880371094, 2.708202362060547], [123.21189880371094, 2.624866485595703], [123.46192932128906, 2.624866485595703], [123.46192932128906, 2.5415306091308594], [123.54527282714844, 2.5415306091308594], [123.54527282714844, 2.4581947326660156], [123.62861633300781, 2.4581947326660156]]], [[[125.29548645019531, 2.291522979736328], [125.21214294433594, 2.291522979736328], [125.21214294433594, 2.624866485595703], [125.29548645019531, 2.624866485595703], [125.29548645019531, 2.5415306091308594], [125.79554748535156, 2.5415306091308594], [125.79554748535156, 2.4581947326660156], [125.37882995605469, 2.4581947326660156], [125.37882995605469, 2.374858856201172], [125.29548645019531, 2.374858856201172], [125.29548645019531, 2.291522979736328]]], [[[125.29548645019531, 2.708202362060547], [125.21214294433594, 2.708202362060547], [125.21214294433594, 2.7915382385253906], [125.12879943847656, 2.7915382385253906], [125.12879943847656, 2.8748741149902344], [125.29548645019531, 2.8748741149902344], [125.29548645019531, 2.708202362060547]]], [[[127.46241760253906, 4.374919891357422], [127.46241760253906, 4.291584014892578], [127.54576110839844, 4.291584014892578], [127.54576110839844, 4.208248138427734], [127.62910461425781, 4.208248138427734], [127.62910461425781, 3.8749046325683594], [127.71244812011719, 3.8749046325683594], [127.71244812011719, 3.7915687561035156], [127.62910461425781, 3.7915687561035156], [127.62910461425781, 3.708232879638672], [127.54576110839844, 3.708232879638672], [127.54576110839844, 3.624897003173828], [127.46241760253906, 3.624897003173828], [127.46241760253906, 3.5415611267089844], [127.21238708496094, 3.5415611267089844], [127.21238708496094, 3.708232879638672], [127.29573059082031, 3.708232879638672], [127.29573059082031, 3.7915687561035156], [127.37907409667969, 3.7915687561035156], [127.37907409667969, 4.124912261962891], [127.29573059082031, 4.124912261962891], [127.29573059082031, 4.208248138427734], [127.21238708496094, 4.208248138427734], [127.21238708496094, 4.291584014892578], [127.12904357910156, 4.291584014892578], [127.12904357910156, 4.624927520751953], [127.21238708496094, 4.624927520751953], [127.21238708496094, 4.541591644287109], [127.29573059082031, 4.541591644287109], [127.29573059082031, 4.458255767822266], [127.37907409667969, 4.458255767822266], [127.37907409667969, 4.374919891357422], [127.46241760253906, 4.374919891357422]]], [[[126.79566955566406, 4.708263397216797], [126.87901306152344, 4.708263397216797], [126.87901306152344, 4.624927520751953], [126.79566955566406, 4.624927520751953], [126.79566955566406, 4.708263397216797]]], [[[127.37907409667969, 4.791599273681641], [127.54576110839844, 4.791599273681641], [127.54576110839844, 4.708263397216797], [127.37907409667969, 4.708263397216797], [127.37907409667969, 4.791599273681641]]], [[[127.21238708496094, 4.874935150146484], [127.37907409667969, 4.874935150146484], [127.37907409667969, 4.791599273681641], [127.21238708496094, 4.791599273681641], [127.21238708496094, 4.874935150146484]]], [[[135.54673767089844, -11.542232513427734], [135.88011169433594, -11.542232513427734], [135.88011169433594, -11.625568389892578], [135.54673767089844, -11.625568389892578], [135.54673767089844, -11.542232513427734]]], [[[133.7131805419922, -11.542232513427734], [133.87986755371094, -11.542232513427734], [133.87986755371094, -11.625568389892578], [133.6298370361328, -11.625568389892578], [133.6298370361328, -11.45889663696289], [133.7131805419922, -11.45889663696289], [133.7131805419922, -11.542232513427734]]], [[[136.7135467529297, -11.45889663696289], [136.79689025878906, -11.45889663696289], [136.79689025878906, -11.625568389892578], [136.6302032470703, -11.625568389892578], [136.6302032470703, -11.292224884033203], [136.7135467529297, -11.292224884033203], [136.7135467529297, -11.45889663696289]]], [[[132.87974548339844, -11.375560760498047], [132.87974548339844, -11.292224884033203], [133.12977600097656, -11.292224884033203], [133.12977600097656, -11.375560760498047], [132.87974548339844, -11.375560760498047]]], [[[136.3801727294922, -11.375560760498047], [136.21348571777344, -11.375560760498047], [136.21348571777344, -11.292224884033203], [136.2968292236328, -11.292224884033203], [136.2968292236328, -11.20888900756836], [136.3801727294922, -11.20888900756836], [136.3801727294922, -11.375560760498047]]], [[[134.46327209472656, -11.125553131103516], [134.54661560058594, -11.125553131103516], [134.54661560058594, -11.292224884033203], [134.46327209472656, -11.292224884033203], [134.46327209472656, -11.125553131103516]]], [[[133.9632110595703, -10.958881378173828], [134.0465545654297, -10.958881378173828], [134.0465545654297, -11.042217254638672], [133.9632110595703, -11.042217254638672], [133.9632110595703, -11.125553131103516], [133.6298370361328, -11.125553131103516], [133.6298370361328, -10.875545501708984], [133.9632110595703, -10.875545501708984], [133.9632110595703, -10.958881378173828]]], [[[134.0465545654297, -10.875545501708984], [134.46327209472656, -10.875545501708984], [134.46327209472656, -10.958881378173828], [134.3799285888672, -10.958881378173828], [134.3799285888672, -11.042217254638672], [134.12989807128906, -11.042217254638672], [134.12989807128906, -10.958881378173828], [134.0465545654297, -10.958881378173828], [134.0465545654297, -10.875545501708984]]], [[[135.3800506591797, -10.958881378173828], [135.2967071533203, -10.958881378173828], [135.2967071533203, -11.125553131103516], [134.79664611816406, -11.125553131103516], [134.79664611816406, -11.042217254638672], [134.54661560058594, -11.042217254638672], [134.54661560058594, -10.958881378173828], [134.6299591064453, -10.958881378173828], [134.6299591064453, -10.708873748779297], [134.79664611816406, -10.708873748779297], [134.79664611816406, -10.79220962524414], [134.87998962402344, -10.79220962524414], [134.87998962402344, -10.708873748779297], [135.0466766357422, -10.708873748779297], [135.0466766357422, -10.79220962524414], [135.3800506591797, -10.79220962524414], [135.3800506591797, -10.958881378173828]]], [[[132.87974548339844, -10.708873748779297], [132.87974548339844, -10.875545501708984], [132.21299743652344, -10.875545501708984], [132.21299743652344, -10.79220962524414], [132.3796844482422, -10.79220962524414], [132.3796844482422, -10.708873748779297], [132.87974548339844, -10.708873748779297]]], [[[131.3795623779297, -10.708873748779297], [131.46290588378906, -10.708873748779297], [131.46290588378906, -10.625537872314453], [131.54624938964844, -10.625537872314453], [131.54624938964844, -10.54220199584961], [131.7129364013672, -10.54220199584961], [131.7129364013672, -10.458866119384766], [131.79627990722656, -10.458866119384766], [131.79627990722656, -10.708873748779297], [131.87962341308594, -10.708873748779297], [131.87962341308594, -10.875545501708984], [131.46290588378906, -10.875545501708984], [131.46290588378906, -10.79220962524414], [131.3795623779297, -10.79220962524414], [131.3795623779297, -10.708873748779297]]], [[[131.12953186035156, -10.12552261352539], [130.9628448486328, -10.12552261352539], [130.9628448486328, -10.208858489990234], [130.6294708251953, -10.208858489990234], [130.6294708251953, -10.292194366455078], [129.6293487548828, -10.292194366455078], [129.6293487548828, -9.87551498413086], [130.0460662841797, -9.87551498413086], [130.0460662841797, -9.958850860595703], [130.12940979003906, -9.958850860595703], [130.12940979003906, -10.12552261352539], [130.6294708251953, -10.12552261352539], [130.6294708251953, -9.87551498413086], [131.12953186035156, -9.87551498413086], [131.12953186035156, -10.12552261352539]]], [[[131.21287536621094, -9.542171478271484], [131.3795623779297, -9.542171478271484], [131.3795623779297, -9.625507354736328], [131.21287536621094, -9.625507354736328], [131.21287536621094, -9.542171478271484]]], [[[131.12953186035156, -9.125492095947266], [131.2962188720703, -9.125492095947266], [131.2962188720703, -9.292163848876953], [131.12953186035156, -9.292163848876953], [131.12953186035156, -9.125492095947266]]], [[[138.0470428466797, -7.292102813720703], [137.79701232910156, -7.292102813720703], [137.79701232910156, -7.208766937255859], [137.6303253173828, -7.208766937255859], [137.6303253173828, -7.375438690185547], [137.3802947998047, -7.375438690185547], [137.3802947998047, -7.458774566650391], [137.0469207763672, -7.458774566650391], [137.0469207763672, -7.625446319580078], [137.13026428222656, -7.625446319580078], [137.13026428222656, -7.875453948974609], [137.3802947998047, -7.875453948974609], [137.3802947998047, -8.375469207763672], [137.7136688232422, -8.375469207763672], [137.7136688232422, -8.458805084228516], [138.13038635253906, -8.458805084228516], [138.13038635253906, -8.625476837158203], [138.3804168701172, -8.625476837158203], [138.3804168701172, -8.458805084228516], [138.46376037597656, -8.458805084228516], [138.46376037597656, -8.375469207763672], [138.88047790527344, -8.375469207763672], [138.88047790527344, -8.875484466552734], [139.13050842285156, -8.875484466552734], [139.13050842285156, -9.125492095947266], [139.3805389404297, -9.125492095947266], [139.3805389404297, -9.375499725341797], [139.6305694580078, -9.375499725341797], [139.6305694580078, -9.792179107666016], [139.7139129638672, -9.792179107666016], [139.7139129638672, -9.87551498413086], [139.79725646972656, -9.87551498413086], [139.79725646972656, -9.792179107666016], [140.13063049316406, -9.792179107666016], [140.13063049316406, -9.87551498413086], [140.21397399902344, -9.87551498413086], [140.21397399902344, -10.208858489990234], [140.13063049316406, -10.208858489990234], [140.13063049316406, -10.292194366455078], [140.46400451660156, -10.292194366455078], [140.46400451660156, -10.375530242919922], [140.54734802246094, -10.375530242919922], [140.54734802246094, -10.458866119384766], [140.7140350341797, -10.458866119384766], [140.7140350341797, -10.54220199584961], [140.79737854003906, -10.54220199584961], [140.79737854003906, -10.625537872314453], [140.88072204589844, -10.625537872314453], [140.88072204589844, -10.958881378173828], [140.79737854003906, -10.958881378173828], [140.79737854003906, -10.875545501708984], [140.7140350341797, -10.875545501708984], [140.7140350341797, -10.79220962524414], [140.6306915283203, -10.79220962524414], [140.6306915283203, -10.708873748779297], [140.54734802246094, -10.708873748779297], [140.54734802246094, -10.625537872314453], [140.46400451660156, -10.625537872314453], [140.46400451660156, -10.54220199584961], [140.2973175048828, -10.54220199584961], [140.2973175048828, -10.458866119384766], [139.9639434814453, -10.458866119384766], [139.9639434814453, -10.375530242919922], [139.88059997558594, -10.375530242919922], [139.88059997558594, -10.625537872314453], [139.6305694580078, -10.625537872314453], [139.6305694580078, -11.375560760498047], [139.3805389404297, -11.375560760498047], [139.3805389404297, -11.625568389892578], [139.13050842285156, -11.625568389892578], [139.13050842285156, -11.87557601928711], [138.6304473876953, -11.87557601928711], [138.6304473876953, -11.708904266357422], [138.46376037597656, -11.708904266357422], [138.46376037597656, -11.625568389892578], [138.3804168701172, -11.625568389892578], [138.3804168701172, -11.375560760498047], [137.88035583496094, -11.375560760498047], [137.88035583496094, -11.125553131103516], [137.6303253173828, -11.125553131103516], [137.6303253173828, -11.375560760498047], [137.3802947998047, -11.375560760498047], [137.3802947998047, -11.125553131103516], [137.21360778808594, -11.125553131103516], [137.21360778808594, -11.292224884033203], [137.13026428222656, -11.292224884033203], [137.13026428222656, -11.625568389892578], [136.88023376464844, -11.625568389892578], [136.88023376464844, -11.20888900756836], [136.79689025878906, -11.20888900756836], [136.79689025878906, -11.292224884033203], [136.7135467529297, -11.292224884033203], [136.7135467529297, -11.20888900756836], [136.6302032470703, -11.20888900756836], [136.6302032470703, -11.125553131103516], [136.46351623535156, -11.125553131103516], [136.46351623535156, -10.958881378173828], [136.54685974121094, -10.958881378173828], [136.54685974121094, -10.875545501708984], [135.88011169433594, -10.875545501708984], [135.88011169433594, -10.625537872314453], [135.13002014160156, -10.625537872314453], [135.13002014160156, -10.375530242919922], [134.3799285888672, -10.375530242919922], [134.3799285888672, -10.12552261352539], [133.87986755371094, -10.12552261352539], [133.87986755371094, -9.87551498413086], [132.87974548339844, -9.87551498413086], [132.87974548339844, -9.958850860595703], [132.79640197753906, -9.958850860595703], [132.79640197753906, -10.042186737060547], [132.3796844482422, -10.042186737060547], [132.3796844482422, -9.958850860595703], [132.2963409423828, -9.958850860595703], [132.2963409423828, -9.87551498413086], [132.21299743652344, -9.87551498413086], [132.21299743652344, -9.792179107666016], [132.12965393066406, -9.792179107666016], [132.12965393066406, -9.708843231201172], [132.0463104248047, -9.708843231201172], [132.0463104248047, -9.625507354736328], [132.12965393066406, -9.625507354736328], [132.12965393066406, -9.375499725341797], [131.9629669189453, -9.375499725341797], [131.9629669189453, -9.125492095947266], [131.87962341308594, -9.125492095947266], [131.87962341308594, -9.042156219482422], [131.9629669189453, -9.042156219482422], [131.9629669189453, -8.79214859008789], [131.79627990722656, -8.79214859008789], [131.79627990722656, -8.708812713623047], [131.54624938964844, -8.708812713623047], [131.54624938964844, -8.875484466552734], [131.46290588378906, -8.875484466552734], [131.46290588378906, -8.958820343017578], [131.3795623779297, -8.958820343017578], [131.3795623779297, -8.625476837158203], [131.12953186035156, -8.625476837158203], [131.12953186035156, -8.708812713623047], [131.21287536621094, -8.708812713623047], [131.21287536621094, -8.875484466552734], [131.12953186035156, -8.875484466552734], [131.12953186035156, -8.958820343017578], [131.0461883544922, -8.958820343017578], [131.0461883544922, -9.042156219482422], [130.87950134277344, -9.042156219482422], [130.87950134277344, -9.125492095947266], [130.0460662841797, -9.125492095947266], [130.0460662841797, -9.20882797241211], [129.7126922607422, -9.20882797241211], [129.7126922607422, -9.292163848876953], [129.6293487548828, -9.292163848876953], [129.6293487548828, -9.625507354736328], [129.3793182373047, -9.625507354736328], [129.3793182373047, -9.87551498413086], [129.12928771972656, -9.87551498413086], [129.12928771972656, -9.625507354736328], [129.21263122558594, -9.625507354736328], [129.21263122558594, -9.375499725341797], [128.87925720214844, -9.375499725341797], [128.87925720214844, -9.125492095947266], [129.21263122558594, -9.125492095947266], [129.21263122558594, -9.042156219482422], [129.2959747314453, -9.042156219482422], [129.2959747314453, -8.958820343017578], [129.3793182373047, -8.958820343017578], [129.3793182373047, -8.875484466552734], [129.46266174316406, -8.875484466552734], [129.46266174316406, -8.79214859008789], [129.6293487548828, -8.79214859008789], [129.6293487548828, -8.708812713623047], [129.87937927246094, -8.708812713623047], [129.87937927246094, -8.625476837158203], [130.79615783691406, -8.625476837158203], [130.79615783691406, -8.708812713623047], [130.87950134277344, -8.708812713623047], [130.87950134277344, -8.54214096069336], [130.79615783691406, -8.54214096069336], [130.79615783691406, -8.458805084228516], [130.7128143310547, -8.458805084228516], [130.7128143310547, -8.375469207763672], [130.87950134277344, -8.375469207763672], [130.87950134277344, -8.292133331298828], [130.9628448486328, -8.292133331298828], [130.9628448486328, -8.375469207763672], [131.12953186035156, -8.375469207763672], [131.12953186035156, -8.208797454833984], [131.21287536621094, -8.208797454833984], [131.21287536621094, -8.12546157836914], [131.6295928955078, -8.12546157836914], [131.6295928955078, -7.875453948974609], [132.12965393066406, -7.875453948974609], [132.12965393066406, -7.625446319580078], [132.3796844482422, -7.625446319580078], [132.3796844482422, -7.375438690185547], [132.6297149658203, -7.375438690185547], [132.6297149658203, -7.125431060791016], [132.87974548339844, -7.125431060791016], [132.87974548339844, -6.875423431396484], [133.54649353027344, -6.875423431396484], [133.54649353027344, -6.958759307861328], [133.7131805419922, -6.958759307861328], [133.7131805419922, -6.875423431396484], [134.12989807128906, -6.875423431396484], [134.12989807128906, -6.958759307861328], [134.2965850830078, -6.958759307861328], [134.2965850830078, -6.875423431396484], [134.3799285888672, -6.875423431396484], [134.3799285888672, -7.042095184326172], [134.21324157714844, -7.042095184326172], [134.21324157714844, -7.125431060791016], [134.6299591064453, -7.125431060791016], [134.6299591064453, -6.875423431396484], [135.13002014160156, -6.875423431396484], [135.13002014160156, -6.625415802001953], [136.13014221191406, -6.625415802001953], [136.13014221191406, -6.875423431396484], [136.3801727294922, -6.875423431396484], [136.3801727294922, -6.708751678466797], [136.46351623535156, -6.708751678466797], [136.46351623535156, -6.625415802001953], [136.7135467529297, -6.625415802001953], [136.7135467529297, -6.542079925537109], [136.88023376464844, -6.542079925537109], [136.88023376464844, -6.458744049072266], [136.9635772705078, -6.458744049072266], [136.9635772705078, -6.375408172607422], [137.0469207763672, -6.375408172607422], [137.0469207763672, -6.292072296142578], [137.13026428222656, -6.292072296142578], [137.13026428222656, -6.125400543212891], [137.21360778808594, -6.125400543212891], [137.21360778808594, -6.208736419677734], [137.3802947998047, -6.208736419677734], [137.3802947998047, -6.292072296142578], [137.54698181152344, -6.292072296142578], [137.54698181152344, -6.042064666748047], [137.6303253173828, -6.042064666748047], [137.6303253173828, -5.958728790283203], [137.7136688232422, -5.958728790283203], [137.7136688232422, -5.708721160888672], [137.6303253173828, -5.708721160888672], [137.6303253173828, -5.625385284423828], [137.88035583496094, -5.625385284423828], [137.88035583496094, -6.125400543212891], [138.3804168701172, -6.125400543212891], [138.3804168701172, -7.125431060791016], [138.2970733642578, -7.125431060791016], [138.2970733642578, -7.208766937255859], [138.0470428466797, -7.208766937255859], [138.0470428466797, -7.292102813720703]], [[132.87974548339844, -9.625507354736328], [132.6297149658203, -9.625507354736328], [132.6297149658203, -9.375499725341797], [132.3796844482422, -9.375499725341797], [132.3796844482422, -9.87551498413086], [132.87974548339844, -9.87551498413086], [132.87974548339844, -9.625507354736328]], [[137.46363830566406, -6.458744049072266], [137.46363830566406, -6.542079925537109], [137.54698181152344, -6.542079925537109], [137.54698181152344, -6.458744049072266], [137.46363830566406, -6.458744049072266]], [[137.3802947998047, -6.542079925537109], [137.3802947998047, -6.708751678466797], [137.54698181152344, -6.708751678466797], [137.54698181152344, -6.625415802001953], [137.46363830566406, -6.625415802001953], [137.46363830566406, -6.542079925537109], [137.3802947998047, -6.542079925537109]], [[133.3798065185547, -7.042095184326172], [133.3798065185547, -7.125431060791016], [133.46315002441406, -7.125431060791016], [133.46315002441406, -7.042095184326172], [133.3798065185547, -7.042095184326172]], [[134.79664611816406, -7.375438690185547], [134.79664611816406, -7.458774566650391], [134.7133026123047, -7.458774566650391], [134.7133026123047, -7.542110443115234], [134.6299591064453, -7.542110443115234], [134.6299591064453, -7.458774566650391], [134.46327209472656, -7.458774566650391], [134.46327209472656, -7.542110443115234], [134.54661560058594, -7.542110443115234], [134.54661560058594, -7.625446319580078], [134.6299591064453, -7.625446319580078], [134.6299591064453, -7.875453948974609], [134.3799285888672, -7.875453948974609], [134.3799285888672, -7.792118072509766], [134.12989807128906, -7.792118072509766], [134.12989807128906, -7.708782196044922], [133.6298370361328, -7.708782196044922], [133.6298370361328, -7.792118072509766], [133.7131805419922, -7.792118072509766], [133.7131805419922, -7.875453948974609], [133.79652404785156, -7.875453948974609], [133.79652404785156, -7.958789825439453], [133.87986755371094, -7.958789825439453], [133.87986755371094, -8.12546157836914], [133.9632110595703, -8.12546157836914], [133.9632110595703, -8.292133331298828], [134.0465545654297, -8.292133331298828], [134.0465545654297, -8.458805084228516], [133.87986755371094, -8.458805084228516], [133.87986755371094, -8.625476837158203], [133.9632110595703, -8.625476837158203], [133.9632110595703, -8.708812713623047], [134.12989807128906, -8.708812713623047], [134.12989807128906, -8.79214859008789], [134.3799285888672, -8.79214859008789], [134.3799285888672, -8.708812713623047], [134.54661560058594, -8.708812713623047], [134.54661560058594, -8.79214859008789], [134.87998962402344, -8.79214859008789], [134.87998962402344, -8.875484466552734], [134.7133026123047, -8.875484466552734], [134.7133026123047, -8.958820343017578], [134.6299591064453, -8.958820343017578], [134.6299591064453, -9.042156219482422], [134.54661560058594, -9.042156219482422], [134.54661560058594, -9.125492095947266], [134.46327209472656, -9.125492095947266], [134.46327209472656, -9.20882797241211], [134.3799285888672, -9.20882797241211], [134.3799285888672, -9.375499725341797], [135.13002014160156, -9.375499725341797], [135.13002014160156, -9.20882797241211], [135.0466766357422, -9.20882797241211], [135.0466766357422, -8.958820343017578], [135.13002014160156, -8.958820343017578], [135.13002014160156, -8.875484466552734], [135.54673767089844, -8.875484466552734], [135.54673767089844, -8.708812713623047], [135.3800506591797, -8.708812713623047], [135.3800506591797, -8.625476837158203], [135.2967071533203, -8.625476837158203], [135.2967071533203, -8.54214096069336], [135.21336364746094, -8.54214096069336], [135.21336364746094, -8.458805084228516], [135.0466766357422, -8.458805084228516], [135.0466766357422, -8.375469207763672], [134.9633331298828, -8.375469207763672], [134.9633331298828, -8.12546157836914], [135.0466766357422, -8.12546157836914], [135.0466766357422, -8.042125701904297], [135.21336364746094, -8.042125701904297], [135.21336364746094, -7.958789825439453], [135.2967071533203, -7.958789825439453], [135.2967071533203, -7.875453948974609], [135.3800506591797, -7.875453948974609], [135.3800506591797, -7.792118072509766], [135.46339416503906, -7.792118072509766], [135.46339416503906, -7.708782196044922], [135.6300811767578, -7.708782196044922], [135.6300811767578, -7.458774566650391], [135.79676818847656, -7.458774566650391], [135.79676818847656, -7.375438690185547], [135.7134246826172, -7.375438690185547], [135.7134246826172, -7.208766937255859], [135.46339416503906, -7.208766937255859], [135.46339416503906, -7.125431060791016], [135.13002014160156, -7.125431060791016], [135.13002014160156, -7.292102813720703], [135.0466766357422, -7.292102813720703], [135.0466766357422, -7.375438690185547], [135.13002014160156, -7.375438690185547], [135.13002014160156, -7.625446319580078], [134.87998962402344, -7.625446319580078], [134.87998962402344, -7.375438690185547], [134.79664611816406, -7.375438690185547]], [[136.6302032470703, -7.292102813720703], [136.6302032470703, -7.375438690185547], [136.9635772705078, -7.375438690185547], [136.9635772705078, -7.208766937255859], [136.7135467529297, -7.208766937255859], [136.7135467529297, -7.292102813720703], [136.6302032470703, -7.292102813720703]], [[132.9630889892578, -7.708782196044922], [132.9630889892578, -7.792118072509766], [133.0464324951172, -7.792118072509766], [133.0464324951172, -7.708782196044922], [132.9630889892578, -7.708782196044922]], [[133.0464324951172, -8.875484466552734], [133.0464324951172, -8.958820343017578], [133.12977600097656, -8.958820343017578], [133.12977600097656, -9.042156219482422], [133.0464324951172, -9.042156219482422], [133.0464324951172, -9.125492095947266], [134.12989807128906, -9.125492095947266], [134.12989807128906, -9.042156219482422], [133.9632110595703, -9.042156219482422], [133.9632110595703, -8.958820343017578], [133.87986755371094, -8.958820343017578], [133.87986755371094, -8.875484466552734], [133.79652404785156, -8.875484466552734], [133.79652404785156, -8.625476837158203], [133.7131805419922, -8.625476837158203], [133.7131805419922, -8.54214096069336], [133.54649353027344, -8.54214096069336], [133.54649353027344, -8.458805084228516], [133.46315002441406, -8.458805084228516], [133.46315002441406, -8.54214096069336], [133.0464324951172, -8.54214096069336], [133.0464324951172, -8.458805084228516], [132.79640197753906, -8.458805084228516], [132.79640197753906, -8.54214096069336], [132.7130584716797, -8.54214096069336], [132.7130584716797, -8.625476837158203], [132.6297149658203, -8.625476837158203], [132.6297149658203, -8.79214859008789], [132.7130584716797, -8.79214859008789], [132.7130584716797, -8.875484466552734], [133.0464324951172, -8.875484466552734]], [[135.2967071533203, -8.958820343017578], [135.2967071533203, -9.125492095947266], [135.3800506591797, -9.125492095947266], [135.3800506591797, -8.958820343017578], [135.2967071533203, -8.958820343017578]], [[132.7130584716797, -9.292163848876953], [132.7130584716797, -9.375499725341797], [132.87974548339844, -9.375499725341797], [132.87974548339844, -9.20882797241211], [132.79640197753906, -9.20882797241211], [132.79640197753906, -9.292163848876953], [132.7130584716797, -9.292163848876953]]], [[[134.2965850830078, -8.375469207763672], [134.3799285888672, -8.375469207763672], [134.3799285888672, -8.458805084228516], [134.2965850830078, -8.458805084228516], [134.2965850830078, -8.375469207763672]]], [[[134.79664611816406, -8.208797454833984], [134.79664611816406, -8.12546157836914], [134.87998962402344, -8.12546157836914], [134.87998962402344, -8.208797454833984], [134.79664611816406, -8.208797454833984]]], [[[132.87974548339844, -6.708751678466797], [132.87974548339844, -6.792087554931641], [132.79640197753906, -6.792087554931641], [132.79640197753906, -6.708751678466797], [132.87974548339844, -6.708751678466797]]], [[[132.87974548339844, -6.708751678466797], [132.87974548339844, -6.625415802001953], [133.0464324951172, -6.625415802001953], [133.0464324951172, -6.708751678466797], [132.87974548339844, -6.708751678466797]]], [[[131.3795623779297, -6.375408172607422], [131.54624938964844, -6.375408172607422], [131.54624938964844, -6.458744049072266], [131.6295928955078, -6.458744049072266], [131.6295928955078, -6.542079925537109], [131.7129364013672, -6.542079925537109], [131.7129364013672, -6.708751678466797], [131.6295928955078, -6.708751678466797], [131.6295928955078, -6.625415802001953], [131.21287536621094, -6.625415802001953], [131.21287536621094, -6.542079925537109], [131.3795623779297, -6.542079925537109], [131.3795623779297, -6.458744049072266], [131.0461883544922, -6.458744049072266], [131.0461883544922, -6.292072296142578], [130.9628448486328, -6.292072296142578], [130.9628448486328, -6.375408172607422], [130.87950134277344, -6.375408172607422], [130.87950134277344, -6.292072296142578], [130.79615783691406, -6.292072296142578], [130.79615783691406, -6.458744049072266], [129.6293487548828, -6.458744049072266], [129.6293487548828, -6.125400543212891], [129.7126922607422, -6.125400543212891], [129.7126922607422, -6.208736419677734], [129.87937927246094, -6.208736419677734], [129.87937927246094, -6.125400543212891], [130.0460662841797, -6.125400543212891], [130.0460662841797, -6.042064666748047], [130.7128143310547, -6.042064666748047], [130.7128143310547, -6.125400543212891], [130.9628448486328, -6.125400543212891], [130.9628448486328, -6.208736419677734], [131.12953186035156, -6.208736419677734], [131.12953186035156, -6.292072296142578], [131.3795623779297, -6.292072296142578], [131.3795623779297, -6.375408172607422]]], [[[132.54637145996094, -6.125400543212891], [132.46302795410156, -6.125400543212891], [132.46302795410156, -6.042064666748047], [132.3796844482422, -6.042064666748047], [132.3796844482422, -5.958728790283203], [132.54637145996094, -5.958728790283203], [132.54637145996094, -6.125400543212891]]], [[[132.2963409423828, -5.708721160888672], [132.2963409423828, -5.792057037353516], [132.21299743652344, -5.792057037353516], [132.21299743652344, -5.708721160888672], [132.2963409423828, -5.708721160888672]]], [[[132.2963409423828, -5.708721160888672], [132.2963409423828, -5.625385284423828], [132.3796844482422, -5.625385284423828], [132.3796844482422, -5.708721160888672], [132.2963409423828, -5.708721160888672]]], [[[136.79689025878906, -5.042034149169922], [136.79689025878906, -4.958698272705078], [136.88023376464844, -4.958698272705078], [136.88023376464844, -5.042034149169922], [136.79689025878906, -5.042034149169922]]], [[[136.6302032470703, -4.875362396240234], [136.79689025878906, -4.875362396240234], [136.79689025878906, -4.958698272705078], [136.6302032470703, -4.958698272705078], [136.6302032470703, -4.875362396240234]]], [[[136.21348571777344, -4.708690643310547], [136.2968292236328, -4.708690643310547], [136.2968292236328, -4.792026519775391], [136.21348571777344, -4.792026519775391], [136.21348571777344, -4.708690643310547]]], [[[132.87974548339844, -4.625354766845703], [133.0464324951172, -4.625354766845703], [133.0464324951172, -4.792026519775391], [132.87974548339844, -4.792026519775391], [132.87974548339844, -4.625354766845703]]], [[[132.87974548339844, -4.625354766845703], [132.54637145996094, -4.625354766845703], [132.54637145996094, -4.458683013916016], [132.46302795410156, -4.458683013916016], [132.46302795410156, -4.208675384521484], [132.54637145996094, -4.208675384521484], [132.54637145996094, -4.125339508056641], [132.79640197753906, -4.125339508056641], [132.79640197753906, -4.292011260986328], [132.87974548339844, -4.292011260986328], [132.87974548339844, -4.375347137451172], [132.9630889892578, -4.375347137451172], [132.9630889892578, -4.542018890380859], [132.87974548339844, -4.542018890380859], [132.87974548339844, -4.625354766845703]]], [[[131.0461883544922, -3.8753318786621094], [131.12953186035156, -3.8753318786621094], [131.12953186035156, -3.958667755126953], [131.0461883544922, -3.958667755126953], [131.0461883544922, -3.8753318786621094]]], [[[130.9628448486328, -3.041973114013672], [131.0461883544922, -3.041973114013672], [131.0461883544922, -3.1253089904785156], [130.9628448486328, -3.1253089904785156], [130.9628448486328, -3.041973114013672]]], [[[130.6294708251953, -3.041973114013672], [130.6294708251953, -2.958637237548828], [130.3794403076172, -2.958637237548828], [130.3794403076172, -2.7919654846191406], [130.54612731933594, -2.7919654846191406], [130.54612731933594, -2.8753013610839844], [130.79615783691406, -2.8753013610839844], [130.79615783691406, -2.958637237548828], [130.9628448486328, -2.958637237548828], [130.9628448486328, -3.041973114013672], [130.6294708251953, -3.041973114013672]]], [[[131.6295928955078, -2.625293731689453], [131.46290588378906, -2.625293731689453], [131.46290588378906, -2.5419578552246094], [131.3795623779297, -2.5419578552246094], [131.3795623779297, -2.291950225830078], [131.21287536621094, -2.291950225830078], [131.21287536621094, -2.2086143493652344], [131.12953186035156, -2.2086143493652344], [131.12953186035156, -2.1252784729003906], [130.87950134277344, -2.1252784729003906], [130.87950134277344, -2.041942596435547], [130.79615783691406, -2.041942596435547], [130.79615783691406, -2.1252784729003906], [130.6294708251953, -2.1252784729003906], [130.6294708251953, -1.8752708435058594], [131.0461883544922, -1.8752708435058594], [131.0461883544922, -1.9586067199707031], [131.3795623779297, -1.9586067199707031], [131.3795623779297, -2.041942596435547], [131.46290588378906, -2.041942596435547], [131.46290588378906, -2.1252784729003906], [131.6295928955078, -2.1252784729003906], [131.6295928955078, -2.625293731689453]]], [[[129.6293487548828, -1.8752708435058594], [129.79603576660156, -1.8752708435058594], [129.79603576660156, -1.9586067199707031], [129.87937927246094, -1.9586067199707031], [129.87937927246094, -2.041942596435547], [129.7126922607422, -2.041942596435547], [129.7126922607422, -2.1252784729003906], [129.6293487548828, -2.1252784729003906], [129.6293487548828, -1.8752708435058594]]], [[[131.46290588378906, -1.7085990905761719], [131.46290588378906, -1.6252632141113281], [131.6295928955078, -1.6252632141113281], [131.6295928955078, -1.7085990905761719], [131.46290588378906, -1.7085990905761719]]], [[[130.46278381347656, -1.4585914611816406], [130.54612731933594, -1.4585914611816406], [130.54612731933594, -1.6252632141113281], [130.3794403076172, -1.6252632141113281], [130.3794403076172, -1.3752555847167969], [130.46278381347656, -1.3752555847167969], [130.46278381347656, -1.4585914611816406]]], [[[130.3794403076172, -1.3752555847167969], [130.21275329589844, -1.3752555847167969], [130.21275329589844, -1.2085838317871094], [130.3794403076172, -1.2085838317871094], [130.3794403076172, -1.3752555847167969]]], [[[130.21275329589844, -0.7919044494628906], [130.21275329589844, -0.7085685729980469], [130.46278381347656, -0.7085685729980469], [130.46278381347656, -0.7919044494628906], [130.21275329589844, -0.7919044494628906]]], [[[130.21275329589844, -0.041881561279296875], [130.2960968017578, -0.041881561279296875], [130.2960968017578, -0.12521743774414062], [130.21275329589844, -0.12521743774414062], [130.21275329589844, -0.041881561279296875]]], [[[136.46351623535156, 1.3748283386230469], [136.54685974121094, 1.3748283386230469], [136.54685974121094, 1.4581642150878906], [136.6302032470703, 1.4581642150878906], [136.6302032470703, 1.5415000915527344], [136.88023376464844, 1.5415000915527344], [136.88023376464844, 1.3748283386230469], [136.6302032470703, 1.3748283386230469], [136.6302032470703, 1.2081565856933594], [136.3801727294922, 1.2081565856933594], [136.3801727294922, 1.2914924621582031], [136.46351623535156, 1.2914924621582031], [136.46351623535156, 1.3748283386230469]]], [[[127.96247863769531, 6.458316802978516], [127.87913513183594, 6.458316802978516], [127.87913513183594, 6.374980926513672], [127.79579162597656, 6.374980926513672], [127.79579162597656, 6.291645050048828], [127.71244812011719, 6.291645050048828], [127.71244812011719, 6.208309173583984], [127.62910461425781, 6.208309173583984], [127.62910461425781, 6.041637420654297], [127.54576110839844, 6.041637420654297], [127.54576110839844, 5.791629791259766], [127.46241760253906, 5.791629791259766], [127.46241760253906, 5.624958038330078], [127.37907409667969, 5.624958038330078], [127.37907409667969, 5.541622161865234], [127.29573059082031, 5.541622161865234], [127.29573059082031, 5.458286285400391], [127.21238708496094, 5.458286285400391], [127.21238708496094, 5.291614532470703], [127.12904357910156, 5.291614532470703], [127.12904357910156, 5.208278656005859], [127.04570007324219, 5.208278656005859], [127.04570007324219, 5.124942779541016], [126.96235656738281, 5.124942779541016], [126.96235656738281, 5.041606903076172], [126.87901306152344, 5.041606903076172], [126.87901306152344, 4.874935150146484], [126.79566955566406, 4.874935150146484], [126.79566955566406, 4.791599273681641], [126.71232604980469, 4.791599273681641], [126.71232604980469, 4.708263397216797], [126.62898254394531, 4.708263397216797], [126.62898254394531, 4.624927520751953], [126.37895202636719, 4.624927520751953], [126.37895202636719, 4.374919891357422], [126.21226501464844, 4.374919891357422], [126.21226501464844, 3.7915687561035156], [125.96223449707031, 3.7915687561035156], [125.96223449707031, 3.624897003173828], [126.29560852050781, 3.624897003173828], [126.29560852050781, 3.5415611267089844], [126.62898254394531, 3.5415611267089844], [126.62898254394531, 3.4582252502441406], [126.71232604980469, 3.4582252502441406], [126.71232604980469, 3.1248817443847656], [126.87901306152344, 3.1248817443847656], [126.87901306152344, 3.4582252502441406], [126.96235656738281, 3.4582252502441406], [126.96235656738281, 3.374889373779297], [127.04570007324219, 3.374889373779297], [127.04570007324219, 3.291553497314453], [127.21238708496094, 3.291553497314453], [127.21238708496094, 3.2082176208496094], [127.29573059082031, 3.2082176208496094], [127.29573059082031, 3.291553497314453], [127.46241760253906, 3.291553497314453], [127.46241760253906, 3.374889373779297], [127.54576110839844, 3.374889373779297], [127.54576110839844, 3.4582252502441406], [127.62910461425781, 3.4582252502441406], [127.62910461425781, 3.624897003173828], [127.71244812011719, 3.624897003173828], [127.71244812011719, 3.7915687561035156], [127.79579162597656, 3.7915687561035156], [127.79579162597656, 3.958240509033203], [127.87913513183594, 3.958240509033203], [127.87913513183594, 4.624927520751953], [127.96247863769531, 4.624927520751953], [127.96247863769531, 4.708263397216797], [127.87913513183594, 4.708263397216797], [127.87913513183594, 5.291614532470703], [127.96247863769531, 5.291614532470703], [127.96247863769531, 5.374950408935547], [128.0458221435547, 5.374950408935547], [128.0458221435547, 5.541622161865234], [128.12916564941406, 5.541622161865234], [128.12916564941406, 5.624958038330078], [128.21250915527344, 5.624958038330078], [128.21250915527344, 5.874965667724609], [128.2958526611328, 5.874965667724609], [128.2958526611328, 6.041637420654297], [128.3791961669922, 6.041637420654297], [128.3791961669922, 6.208309173583984], [128.46253967285156, 6.208309173583984], [128.46253967285156, 6.291645050048828], [128.54588317871094, 6.291645050048828], [128.54588317871094, 6.374980926513672], [128.6292266845703, 6.374980926513672], [128.6292266845703, 6.458316802978516], [128.79591369628906, 6.458316802978516], [128.79591369628906, 6.541652679443359], [128.9626007080078, 6.541652679443359], [128.9626007080078, 6.624988555908203], [129.21263122558594, 6.624988555908203], [129.21263122558594, 6.708324432373047], [129.46266174316406, 6.708324432373047], [129.46266174316406, 6.791660308837891], [129.79603576660156, 6.791660308837891], [129.79603576660156, 6.874996185302734], [130.0460662841797, 6.874996185302734], [130.0460662841797, 6.958332061767578], [130.12940979003906, 6.958332061767578], [130.12940979003906, 6.708324432373047], [131.3795623779297, 6.708324432373047], [131.3795623779297, 6.958332061767578], [132.6297149658203, 6.958332061767578], [132.6297149658203, 6.874996185302734], [132.7130584716797, 6.874996185302734], [132.7130584716797, 6.791660308837891], [132.79640197753906, 6.791660308837891], [132.79640197753906, 6.708324432373047], [132.87974548339844, 6.708324432373047], [132.87974548339844, 6.541652679443359], [132.9630889892578, 6.541652679443359], [132.9630889892578, 6.458316802978516], [133.0464324951172, 6.458316802978516], [133.0464324951172, 6.374980926513672], [132.87974548339844, 6.374980926513672], [132.87974548339844, 6.124973297119141], [132.7130584716797, 6.124973297119141], [132.7130584716797, 6.041637420654297], [132.79640197753906, 6.041637420654297], [132.79640197753906, 5.874965667724609], [132.87974548339844, 5.874965667724609], [132.87974548339844, 5.791629791259766], [132.9630889892578, 5.791629791259766], [132.9630889892578, 5.708293914794922], [133.0464324951172, 5.708293914794922], [133.0464324951172, 5.458286285400391], [133.12977600097656, 5.458286285400391], [133.12977600097656, 5.208278656005859], [133.21311950683594, 5.208278656005859], [133.21311950683594, 5.041606903076172], [133.2964630126953, 5.041606903076172], [133.2964630126953, 4.958271026611328], [133.3798065185547, 4.958271026611328], [133.3798065185547, 4.874935150146484], [133.46315002441406, 4.874935150146484], [133.46315002441406, 4.791599273681641], [133.54649353027344, 4.791599273681641], [133.54649353027344, 4.624927520751953], [133.6298370361328, 4.624927520751953], [133.6298370361328, 4.458255767822266], [133.7131805419922, 4.458255767822266], [133.7131805419922, 4.374919891357422], [133.79652404785156, 4.374919891357422], [133.79652404785156, 4.291584014892578], [133.87986755371094, 4.291584014892578], [133.87986755371094, 4.208248138427734], [133.9632110595703, 4.208248138427734], [133.9632110595703, 4.124912261962891], [134.0465545654297, 4.124912261962891], [134.0465545654297, 4.041576385498047], [134.3799285888672, 4.041576385498047], [134.3799285888672, 4.124912261962891], [135.13002014160156, 4.124912261962891], [135.13002014160156, 4.041576385498047], [135.2967071533203, 4.041576385498047], [135.2967071533203, 4.124912261962891], [135.3800506591797, 4.124912261962891], [135.3800506591797, 4.374919891357422], [135.6300811767578, 4.374919891357422], [135.6300811767578, 4.291584014892578], [135.7134246826172, 4.291584014892578], [135.7134246826172, 4.374919891357422], [136.46351623535156, 4.374919891357422], [136.46351623535156, 4.291584014892578], [136.54685974121094, 4.291584014892578], [136.54685974121094, 4.208248138427734], [136.6302032470703, 4.208248138427734], [136.6302032470703, 4.124912261962891], [136.9635772705078, 4.124912261962891], [136.9635772705078, 4.041576385498047], [137.0469207763672, 4.041576385498047], [137.0469207763672, 3.958240509033203], [137.13026428222656, 3.958240509033203], [137.13026428222656, 3.8749046325683594], [137.21360778808594, 3.8749046325683594], [137.21360778808594, 3.7915687561035156], [137.3802947998047, 3.7915687561035156], [137.3802947998047, 3.708232879638672], [137.46363830566406, 3.708232879638672], [137.46363830566406, 3.624897003173828], [137.2969512939453, 3.624897003173828], [137.2969512939453, 3.708232879638672], [137.13026428222656, 3.708232879638672], [137.13026428222656, 3.7915687561035156], [136.9635772705078, 3.7915687561035156], [136.9635772705078, 3.708232879638672], [136.79689025878906, 3.708232879638672], [136.79689025878906, 3.624897003173828], [136.7135467529297, 3.624897003173828], [136.7135467529297, 3.5415611267089844], [136.3801727294922, 3.5415611267089844], [136.3801727294922, 3.1248817443847656], [136.88023376464844, 3.1248817443847656], [136.88023376464844, 2.708202362060547], [136.79689025878906, 2.708202362060547], [136.79689025878906, 2.7915382385253906], [136.6302032470703, 2.7915382385253906], [136.6302032470703, 2.708202362060547], [136.54685974121094, 2.708202362060547], [136.54685974121094, 2.624866485595703], [136.46351623535156, 2.624866485595703], [136.46351623535156, 2.5415306091308594], [136.21348571777344, 2.5415306091308594], [136.21348571777344, 2.624866485595703], [136.0467987060547, 2.624866485595703], [136.0467987060547, 2.708202362060547], [135.88011169433594, 2.708202362060547], [135.88011169433594, 2.624866485595703], [135.7134246826172, 2.624866485595703], [135.7134246826172, 2.5415306091308594], [135.2967071533203, 2.5415306091308594], [135.2967071533203, 2.708202362060547], [135.21336364746094, 2.708202362060547], [135.21336364746094, 2.7915382385253906], [134.3799285888672, 2.7915382385253906], [134.3799285888672, 2.708202362060547], [134.21324157714844, 2.708202362060547], [134.21324157714844, 2.624866485595703], [134.0465545654297, 2.624866485595703], [134.0465545654297, 2.5415306091308594], [133.9632110595703, 2.5415306091308594], [133.9632110595703, 2.4581947326660156], [133.87986755371094, 2.4581947326660156], [133.87986755371094, 2.1248512268066406], [134.0465545654297, 2.1248512268066406], [134.0465545654297, 1.8748435974121094], [133.9632110595703, 1.8748435974121094], [133.9632110595703, 1.7915077209472656], [133.79652404785156, 1.7915077209472656], [133.79652404785156, 1.7081718444824219], [133.7131805419922, 1.7081718444824219], [133.7131805419922, 1.5415000915527344], [133.87986755371094, 1.5415000915527344], [133.87986755371094, 1.3748283386230469], [133.3798065185547, 1.3748283386230469], [133.3798065185547, 1.1248207092285156], [133.6298370361328, 1.1248207092285156], [133.6298370361328, 0.9581489562988281], [133.7131805419922, 0.9581489562988281], [133.7131805419922, 1.0414848327636719], [133.9632110595703, 1.0414848327636719], [133.9632110595703, 1.1248207092285156], [134.0465545654297, 1.1248207092285156], [134.0465545654297, 1.2081565856933594], [134.12989807128906, 1.2081565856933594], [134.12989807128906, 1.2914924621582031], [134.2965850830078, 1.2914924621582031], [134.2965850830078, 1.3748283386230469], [134.54661560058594, 1.3748283386230469], [134.54661560058594, 1.4581642150878906], [134.6299591064453, 1.4581642150878906], [134.6299591064453, 1.5415000915527344], [134.79664611816406, 1.5415000915527344], [134.79664611816406, 1.6248359680175781], [134.9633331298828, 1.6248359680175781], [134.9633331298828, 1.7081718444824219], [135.0466766357422, 1.7081718444824219], [135.0466766357422, 1.7915077209472656], [135.13002014160156, 1.7915077209472656], [135.13002014160156, 1.8748435974121094], [135.3800506591797, 1.8748435974121094], [135.3800506591797, 1.9581794738769531], [135.46339416503906, 1.9581794738769531], [135.46339416503906, 1.8748435974121094], [135.54673767089844, 1.8748435974121094], [135.54673767089844, 1.7081718444824219], [135.46339416503906, 1.7081718444824219], [135.46339416503906, 1.6248359680175781], [135.3800506591797, 1.6248359680175781], [135.3800506591797, 1.5415000915527344], [135.46339416503906, 1.5415000915527344], [135.46339416503906, 1.4581642150878906], [135.6300811767578, 1.4581642150878906], [135.6300811767578, 1.3748283386230469], [135.7134246826172, 1.3748283386230469], [135.7134246826172, 1.2914924621582031], [135.79676818847656, 1.2914924621582031], [135.79676818847656, 1.2081565856933594], [136.3801727294922, 1.2081565856933594], [136.3801727294922, 1.1248207092285156], [136.2968292236328, 1.1248207092285156], [136.2968292236328, 0.9581489562988281], [136.54685974121094, 0.9581489562988281], [136.54685974121094, 1.0414848327636719], [136.6302032470703, 1.0414848327636719], [136.6302032470703, 1.1248207092285156], [136.88023376464844, 1.1248207092285156], [136.88023376464844, 1.0414848327636719], [137.0469207763672, 1.0414848327636719], [137.0469207763672, 0.7914772033691406], [137.13026428222656, 0.7914772033691406], [137.13026428222656, 0.8748130798339844], [137.3802947998047, 0.8748130798339844], [137.3802947998047, 1.1248207092285156], [137.88035583496094, 1.1248207092285156], [137.88035583496094, 1.3748283386230469], [138.0470428466797, 1.3748283386230469], [138.0470428466797, 1.5415000915527344], [138.13038635253906, 1.5415000915527344], [138.13038635253906, 1.3748283386230469], [138.6304473876953, 1.3748283386230469], [138.6304473876953, 1.4581642150878906], [138.7137908935547, 1.4581642150878906], [138.7137908935547, 1.3748283386230469], [138.79713439941406, 1.3748283386230469], [138.79713439941406, 1.2914924621582031], [138.88047790527344, 1.2914924621582031], [138.88047790527344, 0.8748130798339844], [139.6305694580078, 0.8748130798339844], [139.6305694580078, 0.6248054504394531], [139.88059997558594, 0.6248054504394531], [139.88059997558594, 0.3747978210449219], [140.13063049316406, 0.3747978210449219], [140.13063049316406, 0.12479019165039062], [140.3806610107422, 0.12479019165039062], [140.3806610107422, -0.12521743774414062], [140.6306915283203, -0.12521743774414062], [140.6306915283203, -0.6252326965332031], [140.13063049316406, -0.6252326965332031], [140.13063049316406, -1.1252479553222656], [140.3806610107422, -1.1252479553222656], [140.3806610107422, -0.9585762023925781], [140.46400451660156, -0.9585762023925781], [140.46400451660156, -1.0419120788574219], [140.79737854003906, -1.0419120788574219], [140.79737854003906, -0.9585762023925781], [140.88072204589844, -0.9585762023925781], [140.88072204589844, -1.1252479553222656], [141.3807830810547, -1.1252479553222656], [141.3807830810547, -1.2085838317871094], [141.6308135986328, -1.2085838317871094], [141.6308135986328, -1.1252479553222656], [141.88084411621094, -1.1252479553222656], [141.88084411621094, -1.2919197082519531], [141.9641876220703, -1.2919197082519531], [141.9641876220703, -1.3752555847167969], [142.13087463378906, -1.3752555847167969], [142.13087463378906, -1.1252479553222656], [142.7142791748047, -1.1252479553222656], [142.7142791748047, -1.2085838317871094], [142.88096618652344, -1.2085838317871094], [142.88096618652344, -1.2919197082519531], [142.9643096923828, -1.2919197082519531], [142.9643096923828, -1.3752555847167969], [142.6309356689453, -1.3752555847167969], [142.6309356689453, -1.6252632141113281], [142.88096618652344, -1.6252632141113281], [142.88096618652344, -2.1252784729003906], [142.9643096923828, -2.1252784729003906], [142.9643096923828, -2.8753013610839844], [142.21421813964844, -2.8753013610839844], [142.21421813964844, -2.7919654846191406], [142.0475311279297, -2.7919654846191406], [142.0475311279297, -2.8753013610839844], [141.9641876220703, -2.8753013610839844], [141.9641876220703, -2.7919654846191406], [141.88084411621094, -2.7919654846191406], [141.88084411621094, -2.625293731689453], [140.88072204589844, -2.625293731689453], [140.88072204589844, -2.4586219787597656], [140.6306915283203, -2.4586219787597656], [140.6306915283203, -2.375286102294922], [140.2973175048828, -2.375286102294922], [140.2973175048828, -2.291950225830078], [139.9639434814453, -2.291950225830078], [139.9639434814453, -2.2086143493652344], [139.6305694580078, -2.2086143493652344], [139.6305694580078, -2.1252784729003906], [139.2971954345703, -2.1252784729003906], [139.2971954345703, -1.9586067199707031], [139.21385192871094, -1.9586067199707031], [139.21385192871094, -2.041942596435547], [139.13050842285156, -2.041942596435547], [139.13050842285156, -1.8752708435058594], [138.7137908935547, -1.8752708435058594], [138.7137908935547, -1.7919349670410156], [138.46376037597656, -1.7919349670410156], [138.46376037597656, -1.7085990905761719], [138.6304473876953, -1.7085990905761719], [138.6304473876953, -1.6252632141113281], [138.46376037597656, -1.6252632141113281], [138.46376037597656, -1.5419273376464844], [138.21372985839844, -1.5419273376464844], [138.21372985839844, -1.6252632141113281], [138.0470428466797, -1.6252632141113281], [138.0470428466797, -1.5419273376464844], [137.9636993408203, -1.5419273376464844], [137.9636993408203, -1.4585914611816406], [137.88035583496094, -1.4585914611816406], [137.88035583496094, -1.3752555847167969], [137.54698181152344, -1.3752555847167969], [137.54698181152344, -1.4585914611816406], [137.6303253173828, -1.4585914611816406], [137.6303253173828, -1.6252632141113281], [137.13026428222656, -1.6252632141113281], [137.13026428222656, -1.5419273376464844], [137.0469207763672, -1.5419273376464844], [137.0469207763672, -1.6252632141113281], [136.6302032470703, -1.6252632141113281], [136.6302032470703, -1.5419273376464844], [136.54685974121094, -1.5419273376464844], [136.54685974121094, -1.6252632141113281], [135.79676818847656, -1.6252632141113281], [135.79676818847656, -1.5419273376464844], [135.54673767089844, -1.5419273376464844], [135.54673767089844, -1.3752555847167969], [134.9633331298828, -1.3752555847167969], [134.9633331298828, -1.2085838317871094], [135.3800506591797, -1.2085838317871094], [135.3800506591797, -1.2919197082519531], [135.6300811767578, -1.2919197082519531], [135.6300811767578, -1.3752555847167969], [136.13014221191406, -1.3752555847167969], [136.13014221191406, -1.4585914611816406], [136.2968292236328, -1.4585914611816406], [136.2968292236328, -1.5419273376464844], [136.46351623535156, -1.5419273376464844], [136.46351623535156, -1.4585914611816406], [136.6302032470703, -1.4585914611816406], [136.6302032470703, -1.2919197082519531], [136.7135467529297, -1.2919197082519531], [136.7135467529297, -1.2085838317871094], [136.6302032470703, -1.2085838317871094], [136.6302032470703, -1.1252479553222656], [136.3801727294922, -1.1252479553222656], [136.3801727294922, -0.8752403259277344], [135.9634552001953, -0.8752403259277344], [135.9634552001953, -0.7919044494628906], [135.88011169433594, -0.7919044494628906], [135.88011169433594, -0.6252326965332031], [135.13002014160156, -0.6252326965332031], [135.13002014160156, -0.5418968200683594], [134.9633331298828, -0.5418968200683594], [134.9633331298828, -0.6252326965332031], [135.0466766357422, -0.6252326965332031], [135.0466766357422, -0.8752403259277344], [134.87998962402344, -0.8752403259277344], [134.87998962402344, -0.7919044494628906], [134.79664611816406, -0.7919044494628906], [134.79664611816406, -0.7085685729980469], [134.7133026123047, -0.7085685729980469], [134.7133026123047, -0.6252326965332031], [134.54661560058594, -0.6252326965332031], [134.54661560058594, -0.7085685729980469], [134.6299591064453, -0.7085685729980469], [134.6299591064453, -0.8752403259277344], [134.54661560058594, -0.8752403259277344], [134.54661560058594, -0.9585762023925781], [134.6299591064453, -0.9585762023925781], [134.6299591064453, -1.0419120788574219], [134.79664611816406, -1.0419120788574219], [134.79664611816406, -1.2085838317871094], [134.6299591064453, -1.2085838317871094], [134.6299591064453, -1.1252479553222656], [134.54661560058594, -1.1252479553222656], [134.54661560058594, -1.0419120788574219], [134.46327209472656, -1.0419120788574219], [134.46327209472656, -0.9585762023925781], [134.3799285888672, -0.9585762023925781], [134.3799285888672, -1.1252479553222656], [134.12989807128906, -1.1252479553222656], [134.12989807128906, -0.7919044494628906], [133.9632110595703, -0.7919044494628906], [133.9632110595703, -0.7085685729980469], [133.87986755371094, -0.7085685729980469], [133.87986755371094, -0.6252326965332031], [133.21311950683594, -0.6252326965332031], [133.21311950683594, -0.5418968200683594], [133.12977600097656, -0.5418968200683594], [133.12977600097656, -0.3752250671386719], [132.12965393066406, -0.3752250671386719], [132.12965393066406, -0.2918891906738281], [131.87962341308594, -0.2918891906738281], [131.87962341308594, -0.20855331420898438], [131.6295928955078, -0.20855331420898438], [131.6295928955078, 0.3747978210449219], [131.3795623779297, 0.3747978210449219], [131.3795623779297, 0.4581336975097656], [131.2962188720703, 0.4581336975097656], [131.2962188720703, 0.2914619445800781], [131.3795623779297, 0.2914619445800781], [131.3795623779297, 0.12479019165039062], [130.6294708251953, 0.12479019165039062], [130.6294708251953, 0.041454315185546875], [130.3794403076172, 0.041454315185546875], [130.3794403076172, -0.041881561279296875], [130.2960968017578, -0.041881561279296875], [130.2960968017578, 0.041454315185546875], [130.12940979003906, 0.041454315185546875], [130.12940979003906, -0.041881561279296875], [129.87937927246094, -0.041881561279296875], [129.87937927246094, -0.12521743774414062], [129.6293487548828, -0.12521743774414062], [129.6293487548828, -0.041881561279296875], [129.7126922607422, -0.041881561279296875], [129.7126922607422, 0.041454315185546875], [129.87937927246094, 0.041454315185546875], [129.87937927246094, 0.12479019165039062], [130.21275329589844, 0.12479019165039062], [130.21275329589844, 0.2914619445800781], [130.2960968017578, 0.2914619445800781], [130.2960968017578, 0.20812606811523438], [130.54612731933594, 0.20812606811523438], [130.54612731933594, 0.2914619445800781], [130.6294708251953, 0.2914619445800781], [130.6294708251953, 0.3747978210449219], [131.12953186035156, 0.3747978210449219], [131.12953186035156, 0.6248054504394531], [131.0461883544922, 0.6248054504394531], [131.0461883544922, 0.7081413269042969], [130.79615783691406, 0.7081413269042969], [130.79615783691406, 0.6248054504394531], [130.12940979003906, 0.6248054504394531], [130.12940979003906, 0.7081413269042969], [129.87937927246094, 0.7081413269042969], [129.87937927246094, 0.3747978210449219], [129.7126922607422, 0.3747978210449219], [129.7126922607422, 0.4581336975097656], [129.6293487548828, 0.4581336975097656], [129.6293487548828, 0.6248054504394531], [129.46266174316406, 0.6248054504394531], [129.46266174316406, 0.7081413269042969], [129.3793182373047, 0.7081413269042969], [129.3793182373047, 0.8748130798339844], [129.12928771972656, 0.8748130798339844], [129.12928771972656, 1.1248207092285156], [129.21263122558594, 1.1248207092285156], [129.21263122558594, 1.2914924621582031], [129.12928771972656, 1.2914924621582031], [129.12928771972656, 1.5415000915527344], [129.0459442138672, 1.5415000915527344], [129.0459442138672, 1.6248359680175781], [128.79591369628906, 1.6248359680175781], [128.79591369628906, 1.5415000915527344], [128.7125701904297, 1.5415000915527344], [128.7125701904297, 1.6248359680175781], [128.6292266845703, 1.6248359680175781], [128.6292266845703, 2.291522979736328], [128.7125701904297, 2.291522979736328], [128.7125701904297, 2.8748741149902344], [128.6292266845703, 2.8748741149902344], [128.6292266845703, 2.624866485595703], [128.3791961669922, 2.624866485595703], [128.3791961669922, 2.4581947326660156], [128.21250915527344, 2.4581947326660156], [128.21250915527344, 2.5415306091308594], [127.87913513183594, 2.5415306091308594], [127.87913513183594, 2.374858856201172], [127.12904357910156, 2.374858856201172], [127.12904357910156, 2.2081871032714844], [127.04570007324219, 2.2081871032714844], [127.04570007324219, 2.291522979736328], [126.87901306152344, 2.291522979736328], [126.87901306152344, 2.1248512268066406], [126.71232604980469, 2.1248512268066406], [126.71232604980469, 2.2081871032714844], [126.62898254394531, 2.2081871032714844], [126.62898254394531, 2.291522979736328], [126.37895202636719, 2.291522979736328], [126.37895202636719, 2.2081871032714844], [126.29560852050781, 2.2081871032714844], [126.29560852050781, 1.9581794738769531], [126.12892150878906, 1.9581794738769531], [126.12892150878906, 1.8748435974121094], [126.04557800292969, 1.8748435974121094], [126.04557800292969, 1.9581794738769531], [125.87889099121094, 1.9581794738769531], [125.87889099121094, 2.041515350341797], [125.79554748535156, 2.041515350341797], [125.79554748535156, 2.1248512268066406], [125.62886047363281, 2.1248512268066406], [125.62886047363281, 2.2081871032714844], [125.37882995605469, 2.2081871032714844], [125.37882995605469, 2.291522979736328], [125.62886047363281, 2.291522979736328], [125.62886047363281, 2.374858856201172], [125.79554748535156, 2.374858856201172], [125.79554748535156, 2.4581947326660156], [125.87889099121094, 2.4581947326660156], [125.87889099121094, 2.5415306091308594], [126.04557800292969, 2.5415306091308594], [126.04557800292969, 2.4581947326660156], [126.29560852050781, 2.4581947326660156], [126.29560852050781, 2.5415306091308594], [126.21226501464844, 2.5415306091308594], [126.21226501464844, 2.624866485595703], [126.29560852050781, 2.624866485595703], [126.29560852050781, 2.708202362060547], [126.21226501464844, 2.708202362060547], [126.21226501464844, 2.958209991455078], [126.12892150878906, 2.958209991455078], [126.12892150878906, 3.041545867919922], [126.04557800292969, 3.041545867919922], [126.04557800292969, 3.2082176208496094], [125.96223449707031, 3.2082176208496094], [125.96223449707031, 3.4582252502441406], [125.79554748535156, 3.4582252502441406], [125.79554748535156, 3.5415611267089844], [125.71220397949219, 3.5415611267089844], [125.71220397949219, 3.708232879638672], [125.62886047363281, 3.708232879638672], [125.62886047363281, 3.7915687561035156], [125.71220397949219, 3.7915687561035156], [125.71220397949219, 4.624927520751953], [125.54551696777344, 4.624927520751953], [125.54551696777344, 4.708263397216797], [125.62886047363281, 4.708263397216797], [125.62886047363281, 4.791599273681641], [125.54551696777344, 4.791599273681641], [125.54551696777344, 4.874935150146484], [125.46217346191406, 4.874935150146484], [125.46217346191406, 4.958271026611328], [125.29548645019531, 4.958271026611328], [125.29548645019531, 4.874935150146484], [125.12879943847656, 4.874935150146484], [125.12879943847656, 4.791599273681641], [125.04545593261719, 4.791599273681641], [125.04545593261719, 4.708263397216797], [124.96211242675781, 4.708263397216797], [124.96211242675781, 4.624927520751953], [124.79542541503906, 4.624927520751953], [124.79542541503906, 4.541591644287109], [124.71208190917969, 4.541591644287109], [124.71208190917969, 4.374919891357422], [124.62873840332031, 4.374919891357422], [124.62873840332031, 4.291584014892578], [124.37870788574219, 4.291584014892578], [124.37870788574219, 4.208248138427734], [123.96199035644531, 4.208248138427734], [123.96199035644531, 4.291584014892578], [123.79530334472656, 4.291584014892578], [123.79530334472656, 4.374919891357422], [123.62861633300781, 4.374919891357422], [123.62861633300781, 4.458255767822266], [123.46192932128906, 4.458255767822266], [123.46192932128906, 4.541591644287109], [123.29524230957031, 4.541591644287109], [123.29524230957031, 4.624927520751953], [123.21189880371094, 4.624927520751953], [123.21189880371094, 4.708263397216797], [123.29524230957031, 4.708263397216797], [123.29524230957031, 4.791599273681641], [123.37858581542969, 4.791599273681641], [123.37858581542969, 4.874935150146484], [123.62861633300781, 4.874935150146484], [123.62861633300781, 4.791599273681641], [123.87864685058594, 4.791599273681641], [123.87864685058594, 4.708263397216797], [124.04533386230469, 4.708263397216797], [124.04533386230469, 4.624927520751953], [124.46205139160156, 4.624927520751953], [124.46205139160156, 4.708263397216797], [124.62873840332031, 4.708263397216797], [124.62873840332031, 4.791599273681641], [124.71208190917969, 4.791599273681641], [124.71208190917969, 4.874935150146484], [124.87876892089844, 4.874935150146484], [124.87876892089844, 5.041606903076172], [124.96211242675781, 5.041606903076172], [124.96211242675781, 5.124942779541016], [125.12879943847656, 5.124942779541016], [125.12879943847656, 5.208278656005859], [125.37882995605469, 5.208278656005859], [125.37882995605469, 5.291614532470703], [125.46217346191406, 5.291614532470703], [125.46217346191406, 5.374950408935547], [125.62886047363281, 5.374950408935547], [125.62886047363281, 5.458286285400391], [125.71220397949219, 5.458286285400391], [125.71220397949219, 5.708293914794922], [125.79554748535156, 5.708293914794922], [125.79554748535156, 5.791629791259766], [125.96223449707031, 5.791629791259766], [125.96223449707031, 5.874965667724609], [126.04557800292969, 5.874965667724609], [126.04557800292969, 6.041637420654297], [126.12892150878906, 6.041637420654297], [126.12892150878906, 6.124973297119141], [126.21226501464844, 6.124973297119141], [126.21226501464844, 6.374980926513672], [126.29560852050781, 6.374980926513672], [126.29560852050781, 6.458316802978516], [126.37895202636719, 6.458316802978516], [126.37895202636719, 6.958332061767578], [128.21250915527344, 6.958332061767578], [128.21250915527344, 6.874996185302734], [128.12916564941406, 6.874996185302734], [128.12916564941406, 6.791660308837891], [128.0458221435547, 6.791660308837891], [128.0458221435547, 6.624988555908203], [127.96247863769531, 6.624988555908203], [127.96247863769531, 6.458316802978516]], [[133.3798065185547, 1.4581642150878906], [133.21311950683594, 1.4581642150878906], [133.21311950683594, 1.3748283386230469], [133.3798065185547, 1.3748283386230469], [133.3798065185547, 1.4581642150878906]], [[137.3802947998047, -1.4585914611816406], [137.3802947998047, -1.5419273376464844], [137.54698181152344, -1.5419273376464844], [137.54698181152344, -1.4585914611816406], [137.3802947998047, -1.4585914611816406]], [[129.6293487548828, 0.7081413269042969], [129.6293487548828, 0.7914772033691406], [129.46266174316406, 0.7914772033691406], [129.46266174316406, 0.7081413269042969], [129.6293487548828, 0.7081413269042969]], [[126.62898254394531, 6.874996185302734], [126.62898254394531, 6.624988555908203], [126.87901306152344, 6.624988555908203], [126.87901306152344, 6.874996185302734], [126.62898254394531, 6.874996185302734]], [[132.54637145996094, 6.374980926513672], [132.54637145996094, 6.291645050048828], [132.6297149658203, 6.291645050048828], [132.6297149658203, 6.374980926513672], [132.54637145996094, 6.374980926513672]], [[130.54612731933594, 4.541591644287109], [130.54612731933594, 4.458255767822266], [130.46278381347656, 4.458255767822266], [130.46278381347656, 3.8749046325683594], [130.79615783691406, 3.8749046325683594], [130.79615783691406, 3.624897003173828], [130.46278381347656, 3.624897003173828], [130.46278381347656, 3.2082176208496094], [130.3794403076172, 3.2082176208496094], [130.3794403076172, 3.041545867919922], [130.2960968017578, 3.041545867919922], [130.2960968017578, 2.8748741149902344], [130.3794403076172, 2.8748741149902344], [130.3794403076172, 2.624866485595703], [130.87950134277344, 2.624866485595703], [130.87950134277344, 2.8748741149902344], [131.12953186035156, 2.8748741149902344], [131.12953186035156, 3.1248817443847656], [131.3795623779297, 3.1248817443847656], [131.3795623779297, 2.624866485595703], [131.6295928955078, 2.624866485595703], [131.6295928955078, 2.8748741149902344], [131.9629669189453, 2.8748741149902344], [131.9629669189453, 2.958209991455078], [132.0463104248047, 2.958209991455078], [132.0463104248047, 3.374889373779297], [131.9629669189453, 3.374889373779297], [131.9629669189453, 3.5415611267089844], [131.87962341308594, 3.5415611267089844], [131.87962341308594, 3.624897003173828], [131.9629669189453, 3.624897003173828], [131.9629669189453, 3.708232879638672], [132.0463104248047, 3.708232879638672], [132.0463104248047, 3.7915687561035156], [131.9629669189453, 3.7915687561035156], [131.9629669189453, 3.8749046325683594], [131.87962341308594, 3.8749046325683594], [131.87962341308594, 4.124912261962891], [131.6295928955078, 4.124912261962891], [131.6295928955078, 4.208248138427734], [131.54624938964844, 4.208248138427734], [131.54624938964844, 4.541591644287109], [131.46290588378906, 4.541591644287109], [131.46290588378906, 4.624927520751953], [131.3795623779297, 4.624927520751953], [131.3795623779297, 4.708263397216797], [131.2962188720703, 4.708263397216797], [131.2962188720703, 4.791599273681641], [131.21287536621094, 4.791599273681641], [131.21287536621094, 4.874935150146484], [130.87950134277344, 4.874935150146484], [130.87950134277344, 4.791599273681641], [130.79615783691406, 4.791599273681641], [130.79615783691406, 4.708263397216797], [130.7128143310547, 4.708263397216797], [130.7128143310547, 4.624927520751953], [130.6294708251953, 4.624927520751953], [130.6294708251953, 4.541591644287109], [130.54612731933594, 4.541591644287109]], [[130.12940979003906, 2.624866485595703], [130.12940979003906, 2.8748741149902344], [130.0460662841797, 2.8748741149902344], [130.0460662841797, 2.708202362060547], [129.9627227783203, 2.708202362060547], [129.9627227783203, 2.624866485595703], [129.87937927246094, 2.624866485595703], [129.87937927246094, 2.4581947326660156], [129.9627227783203, 2.4581947326660156], [129.9627227783203, 2.374858856201172], [130.3794403076172, 2.374858856201172], [130.3794403076172, 2.624866485595703], [130.12940979003906, 2.624866485595703]], [[135.9634552001953, 3.708232879638672], [135.9634552001953, 3.624897003173828], [136.13014221191406, 3.624897003173828], [136.13014221191406, 3.708232879638672], [135.9634552001953, 3.708232879638672]], [[134.12989807128906, 3.4582252502441406], [134.12989807128906, 3.374889373779297], [134.2965850830078, 3.374889373779297], [134.2965850830078, 3.5415611267089844], [134.21324157714844, 3.5415611267089844], [134.21324157714844, 3.4582252502441406], [134.12989807128906, 3.4582252502441406]], [[135.88011169433594, 3.1248817443847656], [135.88011169433594, 3.374889373779297], [135.6300811767578, 3.374889373779297], [135.6300811767578, 3.5415611267089844], [135.3800506591797, 3.5415611267089844], [135.3800506591797, 3.1248817443847656], [134.87998962402344, 3.1248817443847656], [134.87998962402344, 2.8748741149902344], [135.3800506591797, 2.8748741149902344], [135.3800506591797, 2.624866485595703], [135.6300811767578, 2.624866485595703], [135.6300811767578, 3.1248817443847656], [135.88011169433594, 3.1248817443847656]], [[134.2965850830078, 2.958209991455078], [134.2965850830078, 2.8748741149902344], [134.6299591064453, 2.8748741149902344], [134.6299591064453, 3.041545867919922], [134.46327209472656, 3.041545867919922], [134.46327209472656, 2.958209991455078], [134.2965850830078, 2.958209991455078]], [[130.6294708251953, 2.374858856201172], [130.6294708251953, 2.1248512268066406], [130.87950134277344, 2.1248512268066406], [130.87950134277344, 2.374858856201172], [130.6294708251953, 2.374858856201172]], [[130.12940979003906, 2.1248512268066406], [130.12940979003906, 1.8748435974121094], [130.46278381347656, 1.8748435974121094], [130.46278381347656, 1.9581794738769531], [130.6294708251953, 1.9581794738769531], [130.6294708251953, 2.1248512268066406], [130.12940979003906, 2.1248512268066406]], [[132.79640197753906, 1.2914924621582031], [132.79640197753906, 1.2081565856933594], [132.87974548339844, 1.2081565856933594], [132.87974548339844, 1.4581642150878906], [132.7130584716797, 1.4581642150878906], [132.7130584716797, 1.2914924621582031], [132.79640197753906, 1.2914924621582031]], [[134.46327209472656, 1.1248207092285156], [134.46327209472656, 1.0414848327636719], [134.54661560058594, 1.0414848327636719], [134.54661560058594, 1.1248207092285156], [134.46327209472656, 1.1248207092285156]], [[134.12989807128906, 0.8748130798339844], [134.12989807128906, 0.6248054504394531], [134.3799285888672, 0.6248054504394531], [134.3799285888672, 0.8748130798339844], [134.12989807128906, 0.8748130798339844]], [[131.2962188720703, 0.7914772033691406], [131.2962188720703, 0.6248054504394531], [131.3795623779297, 0.6248054504394531], [131.3795623779297, 0.7914772033691406], [131.2962188720703, 0.7914772033691406]], [[136.88023376464844, 0.6248054504394531], [136.88023376464844, 0.3747978210449219], [137.13026428222656, 0.3747978210449219], [137.13026428222656, 0.6248054504394531], [136.88023376464844, 0.6248054504394531]], [[138.13038635253906, -0.12521743774414062], [138.13038635253906, -0.3752250671386719], [138.3804168701172, -0.3752250671386719], [138.3804168701172, -0.12521743774414062], [138.13038635253906, -0.12521743774414062]], [[135.0466766357422, -0.3752250671386719], [135.0466766357422, -0.4585609436035156], [135.21336364746094, -0.4585609436035156], [135.21336364746094, -0.3752250671386719], [135.0466766357422, -0.3752250671386719]], [[137.7136688232422, -1.1252479553222656], [137.7136688232422, -1.2085838317871094], [137.79701232910156, -1.2085838317871094], [137.79701232910156, -1.1252479553222656], [137.7136688232422, -1.1252479553222656]], [[137.79701232910156, -1.2919197082519531], [137.88035583496094, -1.2919197082519531], [137.88035583496094, -1.2085838317871094], [137.79701232910156, -1.2085838317871094], [137.79701232910156, -1.2919197082519531]]], [[[134.3799285888672, 4.124912261962891], [134.12989807128906, 4.124912261962891], [134.12989807128906, 4.374919891357422], [134.3799285888672, 4.374919891357422], [134.3799285888672, 4.124912261962891]]], [[[131.3795623779297, 4.124912261962891], [131.21287536621094, 4.124912261962891], [131.21287536621094, 4.291584014892578], [131.12953186035156, 4.291584014892578], [131.12953186035156, 4.374919891357422], [131.3795623779297, 4.374919891357422], [131.3795623779297, 4.124912261962891]]], [[[136.88023376464844, 5.374950408935547], [136.9635772705078, 5.374950408935547], [136.9635772705078, 5.208278656005859], [136.88023376464844, 5.208278656005859], [136.88023376464844, 5.374950408935547]]], [[[142.88096618652344, -11.87557601928711], [142.88096618652344, -11.292224884033203], [142.9643096923828, -11.292224884033203], [142.9643096923828, -11.87557601928711], [142.88096618652344, -11.87557601928711]]], [[[142.6309356689453, -10.875545501708984], [142.6309356689453, -10.625537872314453], [142.7142791748047, -10.625537872314453], [142.7142791748047, -10.708873748779297], [142.79762268066406, -10.708873748779297], [142.79762268066406, -10.875545501708984], [142.6309356689453, -10.875545501708984]]], [[[142.79762268066406, -10.708873748779297], [142.79762268066406, -10.625537872314453], [142.9643096923828, -10.625537872314453], [142.9643096923828, -10.708873748779297], [142.79762268066406, -10.708873748779297]]], [[[142.13087463378906, -10.54220199584961], [142.13087463378906, -10.375530242919922], [142.2975616455078, -10.375530242919922], [142.2975616455078, -10.54220199584961], [142.13087463378906, -10.54220199584961]]], [[[142.6309356689453, -10.625537872314453], [142.3809051513672, -10.625537872314453], [142.3809051513672, -10.375530242919922], [142.6309356689453, -10.375530242919922], [142.6309356689453, -10.292194366455078], [142.7142791748047, -10.292194366455078], [142.7142791748047, -10.12552261352539], [142.88096618652344, -10.12552261352539], [142.88096618652344, -10.042186737060547], [142.9643096923828, -10.042186737060547], [142.9643096923828, -10.54220199584961], [142.79762268066406, -10.54220199584961], [142.79762268066406, -10.625537872314453], [142.7142791748047, -10.625537872314453], [142.7142791748047, -10.54220199584961], [142.6309356689453, -10.54220199584961], [142.6309356689453, -10.625537872314453]]], [[[142.13087463378906, -9.958850860595703], [142.21421813964844, -9.958850860595703], [142.21421813964844, -10.042186737060547], [142.13087463378906, -10.042186737060547], [142.13087463378906, -9.958850860595703]]], [[[140.79737854003906, -9.87551498413086], [140.79737854003906, -10.042186737060547], [140.7140350341797, -10.042186737060547], [140.7140350341797, -9.958850860595703], [140.6306915283203, -9.958850860595703], [140.6306915283203, -9.87551498413086], [140.79737854003906, -9.87551498413086]]], [[[142.88096618652344, -9.87551498413086], [142.9643096923828, -9.87551498413086], [142.9643096923828, -9.958850860595703], [142.88096618652344, -9.958850860595703], [142.88096618652344, -9.87551498413086]]], [[[142.21421813964844, -9.87551498413086], [142.3809051513672, -9.87551498413086], [142.3809051513672, -9.958850860595703], [142.21421813964844, -9.958850860595703], [142.21421813964844, -9.87551498413086]]], [[[140.79737854003906, -9.625507354736328], [141.13075256347656, -9.625507354736328], [141.13075256347656, -9.708843231201172], [140.79737854003906, -9.708843231201172], [140.79737854003906, -9.625507354736328]]], [[[142.3809051513672, -9.375499725341797], [142.6309356689453, -9.375499725341797], [142.6309356689453, -9.625507354736328], [142.3809051513672, -9.625507354736328], [142.3809051513672, -9.375499725341797]]], [[[141.3807830810547, -9.542171478271484], [141.2974395751953, -9.542171478271484], [141.2974395751953, -9.625507354736328], [141.13075256347656, -9.625507354736328], [141.13075256347656, -9.375499725341797], [141.3807830810547, -9.375499725341797], [141.3807830810547, -9.542171478271484]]], [[[139.9639434814453, -9.375499725341797], [140.0472869873047, -9.375499725341797], [140.0472869873047, -9.45883560180664], [139.9639434814453, -9.45883560180664], [139.9639434814453, -9.375499725341797]]], [[[141.6308135986328, -9.292163848876953], [141.6308135986328, -9.20882797241211], [142.13087463378906, -9.20882797241211], [142.13087463378906, -9.45883560180664], [141.79750061035156, -9.45883560180664], [141.79750061035156, -9.375499725341797], [141.54747009277344, -9.375499725341797], [141.54747009277344, -9.292163848876953], [141.6308135986328, -9.292163848876953]]], [[[142.88096618652344, -9.20882797241211], [142.9643096923828, -9.20882797241211], [142.9643096923828, -9.292163848876953], [142.88096618652344, -9.292163848876953], [142.88096618652344, -9.20882797241211]]], [[[140.46400451660156, -9.292163848876953], [140.3806610107422, -9.292163848876953], [140.3806610107422, -9.20882797241211], [140.21397399902344, -9.20882797241211], [140.21397399902344, -9.125492095947266], [140.13063049316406, -9.125492095947266], [140.13063049316406, -9.042156219482422], [139.9639434814453, -9.042156219482422], [139.9639434814453, -8.958820343017578], [139.88059997558594, -8.958820343017578], [139.88059997558594, -8.875484466552734], [139.3805389404297, -8.875484466552734], [139.3805389404297, -8.625476837158203], [140.3806610107422, -8.625476837158203], [140.3806610107422, -8.875484466552734], [140.6306915283203, -8.875484466552734], [140.6306915283203, -9.45883560180664], [140.54734802246094, -9.45883560180664], [140.54734802246094, -9.375499725341797], [140.46400451660156, -9.375499725341797], [140.46400451660156, -9.292163848876953]]], [[[138.3804168701172, -1.7085990905761719], [138.3804168701172, -1.6252632141113281], [138.46376037597656, -1.6252632141113281], [138.46376037597656, -1.7085990905761719], [138.3804168701172, -1.7085990905761719]]], [[[142.6309356689453, -0.12521743774414062], [142.9643096923828, -0.12521743774414062], [142.9643096923828, -0.3752250671386719], [142.6309356689453, -0.3752250671386719], [142.6309356689453, -0.12521743774414062]]], [[[142.13087463378906, 0.6248054504394531], [142.3809051513672, 0.6248054504394531], [142.3809051513672, 0.3747978210449219], [142.13087463378906, 0.3747978210449219], [142.13087463378906, 0.6248054504394531]]], [[[141.9641876220703, 0.20812606811523438], [141.9641876220703, 0.12479019165039062], [141.88084411621094, 0.12479019165039062], [141.88084411621094, -0.041881561279296875], [141.7141571044922, -0.041881561279296875], [141.7141571044922, 0.041454315185546875], [141.6308135986328, 0.041454315185546875], [141.6308135986328, 0.12479019165039062], [140.88072204589844, 0.12479019165039062], [140.88072204589844, 0.3747978210449219], [141.3807830810547, 0.3747978210449219], [141.3807830810547, 1.1248207092285156], [141.88084411621094, 1.1248207092285156], [141.88084411621094, 0.6248054504394531], [141.6308135986328, 0.6248054504394531], [141.6308135986328, 0.3747978210449219], [142.13087463378906, 0.3747978210449219], [142.13087463378906, 0.20812606811523438], [141.9641876220703, 0.20812606811523438]], [[141.3807830810547, 0.2914619445800781], [141.2974395751953, 0.2914619445800781], [141.2974395751953, 0.20812606811523438], [141.3807830810547, 0.20812606811523438], [141.3807830810547, 0.2914619445800781]]], [[[140.88072204589844, 0.8748130798339844], [141.13075256347656, 0.8748130798339844], [141.13075256347656, 0.6248054504394531], [140.6306915283203, 0.6248054504394531], [140.6306915283203, 1.1248207092285156], [140.88072204589844, 1.1248207092285156], [140.88072204589844, 0.8748130798339844]]], [[[139.46388244628906, 1.2081565856933594], [139.3805389404297, 1.2081565856933594], [139.3805389404297, 1.3748283386230469], [139.88059997558594, 1.3748283386230469], [139.88059997558594, 1.0414848327636719], [139.79725646972656, 1.0414848327636719], [139.79725646972656, 1.2081565856933594], [139.6305694580078, 1.2081565856933594], [139.6305694580078, 1.1248207092285156], [139.46388244628906, 1.1248207092285156], [139.46388244628906, 1.2081565856933594]]], [[[141.88084411621094, 1.3748283386230469], [142.13087463378906, 1.3748283386230469], [142.13087463378906, 1.1248207092285156], [141.88084411621094, 1.1248207092285156], [141.88084411621094, 1.3748283386230469]]], [[[140.6306915283203, 1.6248359680175781], [140.88072204589844, 1.6248359680175781], [140.88072204589844, 1.3748283386230469], [140.6306915283203, 1.3748283386230469], [140.6306915283203, 1.6248359680175781]]], [[[140.13063049316406, 1.6248359680175781], [140.3806610107422, 1.6248359680175781], [140.3806610107422, 1.3748283386230469], [140.13063049316406, 1.3748283386230469], [140.13063049316406, 1.6248359680175781]]], [[[142.3809051513672, 1.6248359680175781], [142.6309356689453, 1.6248359680175781], [142.6309356689453, 1.3748283386230469], [142.3809051513672, 1.3748283386230469], [142.3809051513672, 1.6248359680175781]]], [[[138.6304473876953, 1.5415000915527344], [138.6304473876953, 1.6248359680175781], [138.79713439941406, 1.6248359680175781], [138.79713439941406, 1.5415000915527344], [138.6304473876953, 1.5415000915527344]]], [[[138.88047790527344, 1.8748435974121094], [139.13050842285156, 1.8748435974121094], [139.13050842285156, 1.6248359680175781], [138.88047790527344, 1.6248359680175781], [138.88047790527344, 1.8748435974121094]]], [[[137.13026428222656, 1.8748435974121094], [137.3802947998047, 1.8748435974121094], [137.3802947998047, 1.7915077209472656], [137.13026428222656, 1.7915077209472656], [137.13026428222656, 1.8748435974121094]]], [[[137.0469207763672, 1.9581794738769531], [137.13026428222656, 1.9581794738769531], [137.13026428222656, 1.8748435974121094], [137.0469207763672, 1.8748435974121094], [137.0469207763672, 1.9581794738769531]]], [[[138.6304473876953, 2.1248512268066406], [138.88047790527344, 2.1248512268066406], [138.88047790527344, 1.8748435974121094], [138.6304473876953, 1.8748435974121094], [138.6304473876953, 2.1248512268066406]]], [[[139.6305694580078, 2.374858856201172], [139.88059997558594, 2.374858856201172], [139.88059997558594, 1.8748435974121094], [139.6305694580078, 1.8748435974121094], [139.6305694580078, 2.374858856201172]]], [[[142.54759216308594, 2.041515350341797], [142.21421813964844, 2.041515350341797], [142.21421813964844, 1.9581794738769531], [141.9641876220703, 1.9581794738769531], [141.9641876220703, 1.8748435974121094], [141.0474090576172, 1.8748435974121094], [141.0474090576172, 1.7915077209472656], [140.6306915283203, 1.7915077209472656], [140.6306915283203, 1.9581794738769531], [140.7140350341797, 1.9581794738769531], [140.7140350341797, 2.041515350341797], [140.88072204589844, 2.041515350341797], [140.88072204589844, 2.1248512268066406], [140.9640655517578, 2.1248512268066406], [140.9640655517578, 2.2081871032714844], [141.0474090576172, 2.2081871032714844], [141.0474090576172, 2.374858856201172], [141.13075256347656, 2.374858856201172], [141.13075256347656, 2.708202362060547], [141.6308135986328, 2.708202362060547], [141.6308135986328, 2.7915382385253906], [141.88084411621094, 2.7915382385253906], [141.88084411621094, 2.8748741149902344], [142.0475311279297, 2.8748741149902344], [142.0475311279297, 2.958209991455078], [142.13087463378906, 2.958209991455078], [142.13087463378906, 3.041545867919922], [142.2975616455078, 3.041545867919922], [142.2975616455078, 3.1248817443847656], [142.3809051513672, 3.1248817443847656], [142.3809051513672, 3.2082176208496094], [142.54759216308594, 3.2082176208496094], [142.54759216308594, 3.291553497314453], [142.6309356689453, 3.291553497314453], [142.6309356689453, 3.374889373779297], [142.79762268066406, 3.374889373779297], [142.79762268066406, 3.4582252502441406], [142.9643096923828, 3.4582252502441406], [142.9643096923828, 2.291522979736328], [142.88096618652344, 2.291522979736328], [142.88096618652344, 2.2081871032714844], [142.7142791748047, 2.2081871032714844], [142.7142791748047, 2.1248512268066406], [142.54759216308594, 2.1248512268066406], [142.54759216308594, 2.041515350341797]]], [[[139.3805389404297, 2.8748741149902344], [139.88059997558594, 2.8748741149902344], [139.88059997558594, 2.624866485595703], [139.3805389404297, 2.624866485595703], [139.3805389404297, 2.8748741149902344]]], [[[139.88059997558594, 3.1248817443847656], [140.13063049316406, 3.1248817443847656], [140.13063049316406, 2.8748741149902344], [139.88059997558594, 2.8748741149902344], [139.88059997558594, 3.1248817443847656]]], [[[139.54722595214844, 3.2082176208496094], [139.7139129638672, 3.2082176208496094], [139.7139129638672, 2.958209991455078], [139.54722595214844, 2.958209991455078], [139.54722595214844, 3.041545867919922], [139.46388244628906, 3.041545867919922], [139.46388244628906, 3.1248817443847656], [139.54722595214844, 3.1248817443847656], [139.54722595214844, 3.2082176208496094]]], [[[137.13026428222656, 3.374889373779297], [137.3802947998047, 3.374889373779297], [137.3802947998047, 3.1248817443847656], [137.13026428222656, 3.1248817443847656], [137.13026428222656, 3.374889373779297]]], [[[139.6305694580078, 3.374889373779297], [139.3805389404297, 3.374889373779297], [139.3805389404297, 3.2082176208496094], [139.2971954345703, 3.2082176208496094], [139.2971954345703, 3.1248817443847656], [139.21385192871094, 3.1248817443847656], [139.21385192871094, 3.041545867919922], [139.13050842285156, 3.041545867919922], [139.13050842285156, 2.958209991455078], [138.6304473876953, 2.958209991455078], [138.6304473876953, 3.1248817443847656], [138.46376037597656, 3.1248817443847656], [138.46376037597656, 3.041545867919922], [138.13038635253906, 3.041545867919922], [138.13038635253906, 3.1248817443847656], [138.21372985839844, 3.1248817443847656], [138.21372985839844, 3.374889373779297], [138.2970733642578, 3.374889373779297], [138.2970733642578, 3.624897003173828], [138.7137908935547, 3.624897003173828], [138.7137908935547, 3.5415611267089844], [138.88047790527344, 3.5415611267089844], [138.88047790527344, 3.4582252502441406], [139.13050842285156, 3.4582252502441406], [139.13050842285156, 3.624897003173828], [139.6305694580078, 3.624897003173828], [139.6305694580078, 3.374889373779297]]], [[[138.0470428466797, 3.291553497314453], [137.7136688232422, 3.291553497314453], [137.7136688232422, 3.374889373779297], [137.6303253173828, 3.374889373779297], [137.6303253173828, 3.4582252502441406], [137.46363830566406, 3.4582252502441406], [137.46363830566406, 3.624897003173828], [137.7136688232422, 3.624897003173828], [137.7136688232422, 3.5415611267089844], [137.9636993408203, 3.5415611267089844], [137.9636993408203, 3.4582252502441406], [138.13038635253906, 3.4582252502441406], [138.13038635253906, 3.374889373779297], [138.0470428466797, 3.374889373779297], [138.0470428466797, 3.291553497314453]]], [[[136.88023376464844, 6.624988555908203], [137.13026428222656, 6.624988555908203], [137.13026428222656, 6.874996185302734], [136.88023376464844, 6.874996185302734], [136.88023376464844, 6.958332061767578], [137.6303253173828, 6.958332061767578], [137.6303253173828, 6.874996185302734], [137.3802947998047, 6.874996185302734], [137.3802947998047, 6.624988555908203], [137.21360778808594, 6.624988555908203], [137.21360778808594, 6.541652679443359], [136.88023376464844, 6.541652679443359], [136.88023376464844, 6.624988555908203]]]]}}, {"type": "Feature", "properties": {"date": "2026-10-12", "category_id": 2, "level": "siaga", "kategori": "Siaga Aktivitas Snorkling", "color": "#FFA500"}, "geometry": {"type": "MultiPolygon", "coordinates": [[[[110.12696838378906, -9.292163848876953], [110.21031188964844, -9.292163848876953], [110.21031188964844, -9.45883560180664], [110.04362487792969, -9.45883560180664], [110.04362487792969, -9.542171478271484], [109.87693786621094, -9.542171478271484], [109.87693786621094, -9.625507354736328], [109.71025085449219, -9.625507354736328], [109.71025085449219, -9.708843231201172], [109.62690734863281, -9.708843231201172], [109.62690734863281, -9.792179107666016], [109.54356384277344, -9.792179107666016], [109.54356384277344, -9.87551498413086], [109.37687683105469, -9.87551498413086], [109.37687683105469, -9.958850860595703], [109.29353332519531, -9.958850860595703], [109.29353332519531, -10.042186737060547], [109.21018981933594, -10.042186737060547], [109.21018981933594, -10.12552261352539], [109.12684631347656, -10.12552261352539], [109.12684631347656, -10.208858489990234], [109.04350280761719, -10.208858489990234], [109.04350280761719, -10.292194366455078], [108.96015930175781, -10.292194366455078], [108.96015930175781, -10.375530242919922], [108.87681579589844, -10.375530242919922], [108.87681579589844, -10.54220199584961], [108.79347229003906, -10.54220199584961], [108.79347229003906, -10.708873748779297], [108.71012878417969, -10.708873748779297], [108.71012878417969, -11.125553131103516], [108.79347229003906, -11.125553131103516], [108.79347229003906, -11.292224884033203], [108.71012878417969, -11.292224884033203], [108.71012878417969, -11.542232513427734], [108.62678527832031, -11.542232513427734], [108.62678527832031, -11.958911895751953], [107.20994567871094, -11.958911895751953], [107.20994567871094, -11.87557601928711], [107.29328918457031, -11.87557601928711], [107.29328918457031, -11.792240142822266], [107.37663269042969, -11.792240142822266], [107.37663269042969, -11.708904266357422], [107.45997619628906, -11.708904266357422], [107.45997619628906, -11.625568389892578], [107.54331970214844, -11.625568389892578], [107.54331970214844, -11.542232513427734], [107.62666320800781, -11.542232513427734], [107.62666320800781, -11.45889663696289], [107.71000671386719, -11.45889663696289], [107.71000671386719, -11.292224884033203], [107.79335021972656, -11.292224884033203], [107.79335021972656, -11.20888900756836], [107.87669372558594, -11.20888900756836], [107.87669372558594, -11.125553131103516], [107.96003723144531, -11.125553131103516], [107.96003723144531, -10.958881378173828], [108.04338073730469, -10.958881378173828], [108.04338073730469, -10.79220962524414], [108.12672424316406, -10.79220962524414], [108.12672424316406, -10.708873748779297], [108.21006774902344, -10.708873748779297], [108.21006774902344, -10.54220199584961], [108.29341125488281, -10.54220199584961], [108.29341125488281, -10.375530242919922], [108.37675476074219, -10.375530242919922], [108.37675476074219, -10.208858489990234], [108.46009826660156, -10.208858489990234], [108.46009826660156, -10.042186737060547], [108.54344177246094, -10.042186737060547], [108.54344177246094, -9.87551498413086], [108.62678527832031, -9.87551498413086], [108.62678527832031, -9.792179107666016], [108.71012878417969, -9.792179107666016], [108.71012878417969, -9.708843231201172], [108.79347229003906, -9.708843231201172], [108.79347229003906, -9.625507354736328], [108.87681579589844, -9.625507354736328], [108.87681579589844, -9.542171478271484], [108.96015930175781, -9.542171478271484], [108.96015930175781, -9.45883560180664], [109.12684631347656, -9.45883560180664], [109.12684631347656, -9.375499725341797], [109.21018981933594, -9.375499725341797], [109.21018981933594, -9.292163848876953], [109.37687683105469, -9.292163848876953], [109.37687683105469, -9.20882797241211], [109.54356384277344, -9.20882797241211], [109.54356384277344, -9.125492095947266], [109.71025085449219, -9.125492095947266], [109.71025085449219, -9.042156219482422], [110.04362487792969, -9.042156219482422], [110.04362487792969, -9.20882797241211], [110.12696838378906, -9.20882797241211], [110.12696838378906, -9.292163848876953]]], [[[106.87657165527344, -7.792118072509766], [106.95991516113281, -7.792118072509766], [106.95991516113281, -7.875453948974609], [106.87657165527344, -7.875453948974609], [106.87657165527344, -7.792118072509766]]], [[[106.37651062011719, -7.375438690185547], [106.54319763183594, -7.375438690185547], [106.54319763183594, -7.458774566650391], [106.37651062011719, -7.458774566650391], [106.37651062011719, -7.375438690185547]]], [[[105.79310607910156, -7.042095184326172], [105.79310607910156, -7.125431060791016], [105.70976257324219, -7.125431060791016], [105.70976257324219, -7.042095184326172], [105.79310607910156, -7.042095184326172]]], [[[104.04289245605469, -6.458744049072266], [104.04289245605469, -6.542079925537109], [103.95954895019531, -6.542079925537109], [103.95954895019531, -6.458744049072266], [104.04289245605469, -6.458744049072266]]], [[[104.87632751464844, -6.125400543212891], [104.79298400878906, -6.125400543212891], [104.79298400878906, -6.292072296142578], [105.12635803222656, -6.292072296142578], [105.12635803222656, -6.542079925537109], [104.87632751464844, -6.542079925537109], [104.87632751464844, -6.625415802001953], [104.79298400878906, -6.625415802001953], [104.79298400878906, -6.708751678466797], [104.54295349121094, -6.708751678466797], [104.54295349121094, -6.792087554931641], [104.45960998535156, -6.792087554931641], [104.45960998535156, -6.875423431396484], [104.20957946777344, -6.875423431396484], [104.20957946777344, -6.708751678466797], [104.12623596191406, -6.708751678466797], [104.12623596191406, -6.625415802001953], [104.20957946777344, -6.625415802001953], [104.20957946777344, -6.542079925537109], [104.12623596191406, -6.542079925537109], [104.12623596191406, -6.458744049072266], [104.20957946777344, -6.458744049072266], [104.20957946777344, -6.375408172607422], [104.12623596191406, -6.375408172607422], [104.12623596191406, -6.292072296142578], [104.20957946777344, -6.292072296142578], [104.20957946777344, -6.042064666748047], [104.29292297363281, -6.042064666748047], [104.29292297363281, -5.958728790283203], [104.37626647949219, -5.958728790283203], [104.37626647949219, -5.875392913818359], [104.62629699707031, -5.875392913818359], [104.62629699707031, -5.958728790283203], [104.87632751464844, -5.958728790283203], [104.87632751464844, -6.125400543212891]]], [[[102.04264831542969, -3.625324249267578], [102.12599182128906, -3.625324249267578], [102.12599182128906, -3.708660125732422], [102.04264831542969, -3.708660125732422], [102.04264831542969, -3.625324249267578]]], [[[101.79261779785156, -3.375316619873047], [101.87596130371094, -3.375316619873047], [101.87596130371094, -3.4586524963378906], [101.79261779785156, -3.4586524963378906], [101.79261779785156, -3.375316619873047]]], [[[101.62593078613281, -3.2086448669433594], [101.62593078613281, -3.291980743408203], [101.54258728027344, -3.291980743408203], [101.54258728027344, -3.2086448669433594], [101.62593078613281, -3.2086448669433594]]], [[[94.45838928222656, 4.791599273681641], [94.45838928222656, 4.708263397216797], [94.29170227050781, 4.708263397216797], [94.29170227050781, 4.541591644287109], [94.12501525878906, 4.541591644287109], [94.12501525878906, 4.458255767822266], [94.04167175292969, 4.458255767822266], [94.04167175292969, 5.124942779541016], [94.29170227050781, 5.124942779541016], [94.29170227050781, 5.208278656005859], [94.62507629394531, 5.208278656005859], [94.62507629394531, 4.958271026611328], [94.54173278808594, 4.958271026611328], [94.54173278808594, 4.791599273681641], [94.45838928222656, 4.791599273681641]]], [[[116.96113586425781, -10.292194366455078], [116.87779235839844, -10.292194366455078], [116.87779235839844, -10.375530242919922], [116.62776184082031, -10.375530242919922], [116.62776184082031, -10.12552261352539], [117.04447937011719, -10.12552261352539], [117.04447937011719, -10.208858489990234], [116.96113586425781, -10.208858489990234], [116.96113586425781, -10.292194366455078]]], [[[115.87767028808594, -8.79214859008789], [115.79432678222656, -8.79214859008789], [115.79432678222656, -8.875484466552734], [115.71098327636719, -8.875484466552734], [115.71098327636719, -9.20882797241211], [115.62763977050781, -9.20882797241211], [115.62763977050781, -9.542171478271484], [115.54429626464844, -9.542171478271484], [115.54429626464844, -9.958850860595703], [115.46095275878906, -9.958850860595703], [115.46095275878906, -10.208858489990234], [115.37760925292969, -10.208858489990234], [115.37760925292969, -10.875545501708984], [115.29426574707031, -10.875545501708984], [115.29426574707031, -11.042217254638672], [115.21092224121094, -11.042217254638672], [115.21092224121094, -11.125553131103516], [115.12757873535156, -11.125553131103516], [115.12757873535156, -11.375560760498047], [115.04423522949219, -11.375560760498047], [115.04423522949219, -11.542232513427734], [115.12757873535156, -11.542232513427734], [115.12757873535156, -11.45889663696289], [115.21092224121094, -11.45889663696289], [115.21092224121094, -11.375560760498047], [115.29426574707031, -11.375560760498047], [115.29426574707031, -11.20888900756836], [115.37760925292969, -11.20888900756836], [115.37760925292969, -11.125553131103516], [115.46095275878906, -11.125553131103516], [115.46095275878906, -11.042217254638672], [115.54429626464844, -11.042217254638672], [115.54429626464844, -10.875545501708984], [115.62763977050781, -10.875545501708984], [115.62763977050781, -11.125553131103516], [115.71098327636719, -11.125553131103516], [115.71098327636719, -11.292224884033203], [115.62763977050781, -11.292224884033203], [115.62763977050781, -11.625568389892578], [115.87767028808594, -11.625568389892578], [115.87767028808594, -11.792240142822266], [115.79432678222656, -11.792240142822266], [115.79432678222656, -11.958911895751953], [114.96089172363281, -11.958911895751953], [114.96089172363281, -11.708904266357422], [114.46083068847656, -11.708904266357422], [114.46083068847656, -11.792240142822266], [114.37748718261719, -11.792240142822266], [114.37748718261719, -11.625568389892578], [114.12745666503906, -11.625568389892578], [114.12745666503906, -11.792240142822266], [113.54405212402344, -11.792240142822266], [113.54405212402344, -11.708904266357422], [113.37736511230469, -11.708904266357422], [113.37736511230469, -11.625568389892578], [113.21067810058594, -11.625568389892578], [113.21067810058594, -11.542232513427734], [113.04399108886719, -11.542232513427734], [113.04399108886719, -11.45889663696289], [112.96064758300781, -11.45889663696289], [112.96064758300781, -11.292224884033203], [112.87730407714844, -11.292224884033203], [112.87730407714844, -11.125553131103516], [113.29402160644531, -11.125553131103516], [113.29402160644531, -11.20888900756836], [113.37736511230469, -11.20888900756836], [113.37736511230469, -11.292224884033203], [113.46070861816406, -11.292224884033203], [113.46070861816406, -11.375560760498047], [113.62739562988281, -11.375560760498047], [113.62739562988281, -11.45889663696289], [113.79408264160156, -11.45889663696289], [113.79408264160156, -11.375560760498047], [114.04411315917969, -11.375560760498047], [114.04411315917969, -11.292224884033203], [114.12745666503906, -11.292224884033203], [114.12745666503906, -11.375560760498047], [114.37748718261719, -11.375560760498047], [114.37748718261719, -11.125553131103516], [114.46083068847656, -11.125553131103516], [114.46083068847656, -10.958881378173828], [114.54417419433594, -10.958881378173828], [114.54417419433594, -10.708873748779297], [114.62751770019531, -10.708873748779297], [114.62751770019531, -10.625537872314453], [114.71086120605469, -10.625537872314453], [114.71086120605469, -10.458866119384766], [114.79420471191406, -10.458866119384766], [114.79420471191406, -10.375530242919922], [114.87754821777344, -10.375530242919922], [114.87754821777344, -10.208858489990234], [114.96089172363281, -10.208858489990234], [114.96089172363281, -10.12552261352539], [115.21092224121094, -10.12552261352539], [115.21092224121094, -10.042186737060547], [115.29426574707031, -10.042186737060547], [115.29426574707031, -9.958850860595703], [115.37760925292969, -9.958850860595703], [115.37760925292969, -9.87551498413086], [115.46095275878906, -9.87551498413086], [115.46095275878906, -9.375499725341797], [115.54429626464844, -9.375499725341797], [115.54429626464844, -8.958820343017578], [115.62763977050781, -8.958820343017578], [115.62763977050781, -8.625476837158203], [115.71098327636719, -8.625476837158203], [115.71098327636719, -8.375469207763672], [115.79432678222656, -8.375469207763672], [115.79432678222656, -8.625476837158203], [115.87767028808594, -8.625476837158203], [115.87767028808594, -8.79214859008789]]], [[[115.04423522949219, -8.958820343017578], [115.12757873535156, -8.958820343017578], [115.12757873535156, -9.042156219482422], [115.04423522949219, -9.042156219482422], [115.04423522949219, -8.958820343017578]]], [[[112.29389953613281, -8.79214859008789], [112.29389953613281, -8.875484466552734], [112.12721252441406, -8.875484466552734], [112.12721252441406, -8.625476837158203], [111.96052551269531, -8.625476837158203], [111.96052551269531, -8.708812713623047], [111.87718200683594, -8.708812713623047], [111.87718200683594, -8.79214859008789], [111.79383850097656, -8.79214859008789], [111.79383850097656, -8.875484466552734], [111.71049499511719, -8.875484466552734], [111.71049499511719, -8.958820343017578], [111.62715148925781, -8.958820343017578], [111.62715148925781, -9.042156219482422], [111.54380798339844, -9.042156219482422], [111.54380798339844, -9.125492095947266], [111.46046447753906, -9.125492095947266], [111.46046447753906, -9.20882797241211], [111.37712097167969, -9.20882797241211], [111.37712097167969, -9.292163848876953], [111.21043395996094, -9.292163848876953], [111.21043395996094, -9.375499725341797], [110.96040344238281, -9.375499725341797], [110.96040344238281, -8.875484466552734], [111.04374694824219, -8.875484466552734], [111.04374694824219, -8.79214859008789], [111.29377746582031, -8.79214859008789], [111.29377746582031, -8.708812713623047], [111.54380798339844, -8.708812713623047], [111.54380798339844, -8.625476837158203], [111.62715148925781, -8.625476837158203], [111.62715148925781, -8.54214096069336], [112.12721252441406, -8.54214096069336], [112.12721252441406, -8.458805084228516], [112.62727355957031, -8.458805084228516], [112.62727355957031, -8.708812713623047], [112.46058654785156, -8.708812713623047], [112.46058654785156, -8.79214859008789], [112.29389953613281, -8.79214859008789]]], [[[114.87754821777344, -8.875484466552734], [114.87754821777344, -8.625476837158203], [115.04423522949219, -8.625476837158203], [115.04423522949219, -8.708812713623047], [115.12757873535156, -8.708812713623047], [115.12757873535156, -8.875484466552734], [114.87754821777344, -8.875484466552734]]], [[[114.12745666503906, -8.625476837158203], [114.37748718261719, -8.625476837158203], [114.37748718261719, -8.708812713623047], [114.12745666503906, -8.708812713623047], [114.12745666503906, -8.625476837158203]]], [[[113.62739562988281, -8.79214859008789], [113.12733459472656, -8.79214859008789], [113.12733459472656, -8.625476837158203], [113.37736511230469, -8.625476837158203], [113.37736511230469, -8.458805084228516], [113.46070861816406, -8.458805084228516], [113.46070861816406, -8.54214096069336], [113.62739562988281, -8.54214096069336], [113.62739562988281, -8.79214859008789]]], [[[137.79701232910156, -1.2085838317871094], [137.88035583496094, -1.2085838317871094], [137.88035583496094, -1.2919197082519531], [137.79701232910156, -1.2919197082519531], [137.79701232910156, -1.2085838317871094]]], [[[137.79701232910156, -1.1252479553222656], [137.79701232910156, -1.2085838317871094], [137.7136688232422, -1.2085838317871094], [137.7136688232422, -1.1252479553222656], [137.79701232910156, -1.1252479553222656]]], [[[126.87901306152344, 6.874996185302734], [126.87901306152344, 6.624988555908203], [126.62898254394531, 6.624988555908203], [126.62898254394531, 6.874996185302734], [126.87901306152344, 6.874996185302734]]]]}}]}