{"type": "FeatureCollection", "features": [{"type": "Feature", "properties": {"date": "2026-10-05", "category_id": 0, "level": "normal", "kategori": "Aman untuk Snorkling", "color": "#00FF00"}, "geometry": {"type": "MultiPolygon", "coordinates": [[[[105.70976257324219, -10.458866119384766], [105.70976257324219, -10.54220199584961], [105.54307556152344, -10.54220199584961], [105.54307556152344, -10.458866119384766], [105.70976257324219, -10.458866119384766]]], [[[122.21177673339844, -10.375530242919922], [122.37846374511719, -10.375530242919922], [122.37846374511719, -10.54220199584961], [122.29512023925781, -10.54220199584961], [122.29512023925781, -10.458866119384766], [122.21177673339844, -10.458866119384766], [122.21177673339844, -10.375530242919922]]], [[[113.37736511230469, -8.54214096069336], [113.29402160644531, -8.54214096069336], [113.29402160644531, -8.458805084228516], [113.37736511230469, -8.458805084228516], [113.37736511230469, -8.54214096069336]]], [[[102.12599182128906, -5.458713531494141], [102.12599182128906, -5.292041778564453], [102.37602233886719, -5.292041778564453], [102.37602233886719, -5.542049407958984], [102.29267883300781, -5.542049407958984], [102.29267883300781, -5.458713531494141], [102.12599182128906, -5.458713531494141]]], [[[102.37602233886719, -5.208705902099609], [102.12599182128906, -5.208705902099609], [102.12599182128906, -5.125370025634766], [102.37602233886719, -5.125370025634766], [102.37602233886719, -5.208705902099609]]], [[[102.29267883300781, -4.125339508056641], [102.12599182128906, -4.125339508056641], [102.12599182128906, -4.042003631591797], [102.29267883300781, -4.042003631591797], [102.29267883300781, -4.125339508056641]]], [[[102.04264831542969, -3.7919960021972656], [102.04264831542969, -3.8753318786621094], [101.87596130371094, -3.8753318786621094], [101.87596130371094, -3.7919960021972656], [102.04264831542969, -3.7919960021972656]]], [[[118.46131896972656, -3.708660125732422], [118.37797546386719, -3.708660125732422], [118.37797546386719, -3.625324249267578], [118.46131896972656, -3.625324249267578], [118.46131896972656, -3.708660125732422]]], [[[118.37797546386719, -3.2086448669433594], [118.29463195800781, -3.2086448669433594], [118.29463195800781, -3.041973114013672], [118.37797546386719, -3.041973114013672], [118.37797546386719, -3.2086448669433594]]], [[[143.0476531982422, 7.041667938232422], [143.0476531982422, -12.042247772216797], [93.95832824707031, -12.042247772216797], [93.95832824707031, 7.041667938232422], [143.0476531982422, 7.041667938232422]], [[119.12806701660156, -11.958911895751953], [119.62812805175781, -11.958911895751953], [119.62812805175781, -11.87557601928711], [119.79481506347656, -11.87557601928711], [119.79481506347656, -11.792240142822266], [119.87815856933594, -11.792240142822266], [119.87815856933594, -10.958881378173828], [120.12818908691406, -10.958881378173828], [120.12818908691406, -11.042217254638672], [120.54490661621094, -11.042217254638672], [120.54490661621094, -10.958881378173828], [120.71159362792969, -10.958881378173828], [120.71159362792969, -10.875545501708984], [120.87828063964844, -10.875545501708984], [120.87828063964844, -10.625537872314453], [121.12831115722656, -10.625537872314453], [121.12831115722656, -10.54220199584961], [121.29499816894531, -10.54220199584961], [121.29499816894531, -10.458866119384766], [121.46168518066406, -10.458866119384766], [121.46168518066406, -10.54220199584961], [121.37834167480469, -10.54220199584961], [121.37834167480469, -10.625537872314453], [121.54502868652344, -10.625537872314453], [121.54502868652344, -10.54220199584961], [121.62837219238281, -10.54220199584961], [121.62837219238281, -10.375530242919922], [121.87840270996094, -10.375530242919922], [121.87840270996094, -10.12552261352539], [122.12843322753906, -10.12552261352539], [122.12843322753906, -10.54220199584961], [122.21177673339844, -10.54220199584961], [122.21177673339844, -10.625537872314453], [122.46180725097656, -10.625537872314453], [122.46180725097656, -10.54220199584961], [122.62849426269531, -10.54220199584961], [122.62849426269531, -10.458866119384766], [122.87852478027344, -10.458866119384766], [122.87852478027344, -10.042186737060547], [122.96186828613281, -10.042186737060547], [122.96186828613281, -9.958850860595703], [123.12855529785156, -9.958850860595703], [123.12855529785156, -9.87551498413086], [123.37858581542969, -9.87551498413086], [123.37858581542969, -9.708843231201172], [123.46192932128906, -9.708843231201172], [123.46192932128906, -9.625507354736328], [123.62861633300781, -9.625507354736328], [123.62861633300781, -9.45883560180664], [123.79530334472656, -9.45883560180664], [123.79530334472656, -9.375499725341797], [124.12867736816406, -9.375499725341797], [124.12867736816406, -9.125492095947266], [124.54539489746094, -9.125492095947266], [124.54539489746094, -9.042156219482422], [124.71208190917969, -9.042156219482422], [124.71208190917969, -8.875484466552734], [124.87876892089844, -8.875484466552734], [124.87876892089844, -8.79214859008789], [125.04545593261719, -8.79214859008789], [125.04545593261719, -8.875484466552734], [125.12879943847656, -8.875484466552734], [125.12879943847656, -8.625476837158203], [125.29548645019531, -8.625476837158203], [125.29548645019531, -8.54214096069336], [125.37882995605469, -8.54214096069336], [125.37882995605469, -8.292133331298828], [125.29548645019531, -8.292133331298828], [125.29548645019531, -8.12546157836914], [125.12879943847656, -8.12546157836914], [125.12879943847656, -8.208797454833984], [125.21214294433594, -8.208797454833984], [125.21214294433594, -8.375469207763672], [125.12879943847656, -8.375469207763672], [125.12879943847656, -8.54214096069336], [124.96211242675781, -8.54214096069336], [124.96211242675781, -8.625476837158203], [124.71208190917969, -8.625476837158203], [124.71208190917969, -8.708812713623047], [124.62873840332031, -8.708812713623047], [124.62873840332031, -8.79214859008789], [124.12867736816406, -8.79214859008789], [124.12867736816406, -8.708812713623047], [124.37870788574219, -8.708812713623047], [124.37870788574219, -8.625476837158203], [123.87864685058594, -8.625476837158203], [123.87864685058594, -8.458805084228516], [123.79530334472656, -8.458805084228516], [123.79530334472656, -8.375469207763672], [123.71195983886719, -8.375469207763672], [123.71195983886719, -8.458805084228516], [123.62861633300781, -8.458805084228516], [123.62861633300781, -8.625476837158203], [122.62849426269531, -8.625476837158203], [122.62849426269531, -8.875484466552734], [122.79518127441406, -8.875484466552734], [122.79518127441406, -8.79214859008789], [122.87852478027344, -8.79214859008789], [122.87852478027344, -8.958820343017578], [122.71183776855469, -8.958820343017578], [122.71183776855469, -9.042156219482422], [122.79518127441406, -9.042156219482422], [122.79518127441406, -9.125492095947266], [123.12855529785156, -9.125492095947266], [123.12855529785156, -9.20882797241211], [122.96186828613281, -9.20882797241211], [122.96186828613281, -9.292163848876953], [122.29512023925781, -9.292163848876953], [122.29512023925781, -9.375499725341797], [122.04508972167969, -9.375499725341797], [122.04508972167969, -9.45883560180664], [121.79505920410156, -9.45883560180664], [121.79505920410156, -9.542171478271484], [121.37834167480469, -9.542171478271484], [121.37834167480469, -9.625507354736328], [121.04496765136719, -9.625507354736328], [121.04496765136719, -9.542171478271484], [120.87828063964844, -9.542171478271484], [120.87828063964844, -9.87551498413086], [121.12831115722656, -9.87551498413086], [121.12831115722656, -10.12552261352539], [120.79493713378906, -10.12552261352539], [120.79493713378906, -10.208858489990234], [120.62825012207031, -10.208858489990234], [120.62825012207031, -10.375530242919922], [120.12818908691406, -10.375530242919922], [120.12818908691406, -10.12552261352539], [119.87815856933594, -10.12552261352539], [119.87815856933594, -9.958850860595703], [119.79481506347656, -9.958850860595703], [119.79481506347656, -9.87551498413086], [119.12806701660156, -9.87551498413086], [119.12806701660156, -9.708843231201172], [119.04472351074219, -9.708843231201172], [119.04472351074219, -9.625507354736328], [118.87803649902344, -9.625507354736328], [118.87803649902344, -9.375499725341797], [119.21141052246094, -9.375499725341797], [119.21141052246094, -9.292163848876953], [119.62812805175781, -9.292163848876953], [119.62812805175781, -9.375499725341797], [119.87815856933594, -9.375499725341797], [119.87815856933594, -9.292163848876953], [119.96150207519531, -9.292163848876953], [119.96150207519531, -9.375499725341797], [120.62825012207031, -9.375499725341797], [120.62825012207031, -9.292163848876953], [120.46156311035156, -9.292163848876953], [120.46156311035156, -9.20882797241211], [120.29487609863281, -9.20882797241211], [120.29487609863281, -9.125492095947266], [120.12818908691406, -9.125492095947266], [120.12818908691406, -9.042156219482422], [119.96150207519531, -9.042156219482422], [119.96150207519531, -8.958820343017578], [119.87815856933594, -8.958820343017578], [119.87815856933594, -8.875484466552734], [119.37809753417969, -8.875484466552734], [119.37809753417969, -8.958820343017578], [119.29475402832031, -8.958820343017578], [119.29475402832031, -9.042156219482422], [119.21141052246094, -9.042156219482422], [119.21141052246094, -8.958820343017578], [119.12806701660156, -8.958820343017578], [119.12806701660156, -8.79214859008789], [118.96138000488281, -8.79214859008789], [118.96138000488281, -8.875484466552734], [117.96125793457031, -8.875484466552734], [117.96125793457031, -8.958820343017578], [117.62788391113281, -8.958820343017578], [117.62788391113281, -9.125492095947266], [116.62776184082031, -9.125492095947266], [116.62776184082031, -8.875484466552734], [116.54441833496094, -8.875484466552734], [116.54441833496094, -8.958820343017578], [116.46107482910156, -8.958820343017578], [116.46107482910156, -8.875484466552734], [116.37773132324219, -8.875484466552734], [116.37773132324219, -8.958820343017578], [115.96101379394531, -8.958820343017578], [115.96101379394531, -8.875484466552734], [115.79432678222656, -8.875484466552734], [115.79432678222656, -8.79214859008789], [115.87767028808594, -8.79214859008789], [115.87767028808594, -8.625476837158203], [116.04435729980469, -8.625476837158203], [116.04435729980469, -8.375469207763672], [115.87767028808594, -8.375469207763672], [115.87767028808594, -8.208797454833984], [115.62763977050781, -8.208797454833984], [115.62763977050781, -8.375469207763672], [115.71098327636719, -8.375469207763672], [115.71098327636719, -8.458805084228516], [115.62763977050781, -8.458805084228516], [115.62763977050781, -8.875484466552734], [115.12757873535156, -8.875484466552734], [115.12757873535156, -8.708812713623047], [115.04423522949219, -8.708812713623047], [115.04423522949219, -8.54214096069336], [114.87754821777344, -8.54214096069336], [114.87754821777344, -8.458805084228516], [114.62751770019531, -8.458805084228516], [114.62751770019531, -8.875484466552734], [114.37748718261719, -8.875484466552734], [114.37748718261719, -8.625476837158203], [113.62739562988281, -8.625476837158203], [113.62739562988281, -8.458805084228516], [113.46070861816406, -8.458805084228516], [113.46070861816406, -8.375469207763672], [112.79396057128906, -8.375469207763672], [112.79396057128906, -8.458805084228516], [112.46058654785156, -8.458805084228516], [112.46058654785156, -8.375469207763672], [111.12709045410156, -8.375469207763672], [111.12709045410156, -8.292133331298828], [110.96040344238281, -8.292133331298828], [110.96040344238281, -8.208797454833984], [110.62702941894531, -8.208797454833984], [110.62702941894531, -8.12546157836914], [110.12696838378906, -8.12546157836914], [110.12696838378906, -7.958789825439453], [110.04362487792969, -7.958789825439453], [110.04362487792969, -7.875453948974609], [109.37687683105469, -7.875453948974609], [109.37687683105469, -7.708782196044922], [109.04350280761719, -7.708782196044922], [109.04350280761719, -7.792118072509766], [108.79347229003906, -7.792118072509766], [108.79347229003906, -7.708782196044922], [108.62678527832031, -7.708782196044922], [108.62678527832031, -7.875453948974609], [108.12672424316406, -7.875453948974609], [108.12672424316406, -7.792118072509766], [107.87669372558594, -7.792118072509766], [107.87669372558594, -7.708782196044922], [107.62666320800781, -7.708782196044922], [107.62666320800781, -7.625446319580078], [107.37663269042969, -7.625446319580078], [107.37663269042969, -7.542110443115234], [107.20994567871094, -7.542110443115234], [107.20994567871094, -7.458774566650391], [106.54319763183594, -7.458774566650391], [106.54319763183594, -7.375438690185547], [106.37651062011719, -7.375438690185547], [106.37651062011719, -7.042095184326172], [106.29316711425781, -7.042095184326172], [106.29316711425781, -6.958759307861328], [106.12648010253906, -6.958759307861328], [106.12648010253906, -6.875423431396484], [105.12635803222656, -6.875423431396484], [105.12635803222656, -6.542079925537109], [105.20970153808594, -6.542079925537109], [105.20970153808594, -6.458744049072266], [105.29304504394531, -6.458744049072266], [105.29304504394531, -6.375408172607422], [105.45973205566406, -6.375408172607422], [105.45973205566406, -6.292072296142578], [105.54307556152344, -6.292072296142578], [105.54307556152344, -6.208736419677734], [105.62641906738281, -6.208736419677734], [105.62641906738281, -6.125400543212891], [105.45973205566406, -6.125400543212891], [105.45973205566406, -6.208736419677734], [105.37638854980469, -6.208736419677734], [105.37638854980469, -6.292072296142578], [105.12635803222656, -6.292072296142578], [105.12635803222656, -6.125400543212891], [105.37638854980469, -6.125400543212891], [105.37638854980469, -5.875392913818359], [104.70964050292969, -5.875392913818359], [104.70964050292969, -5.958728790283203], [104.62629699707031, -5.958728790283203], [104.62629699707031, -5.875392913818359], [104.37626647949219, -5.875392913818359], [104.37626647949219, -5.625385284423828], [104.12623596191406, -5.625385284423828], [104.12623596191406, -5.375377655029297], [103.87620544433594, -5.375377655029297], [103.87620544433594, -5.042034149169922], [103.79286193847656, -5.042034149169922], [103.79286193847656, -4.958698272705078], [103.54283142089844, -4.958698272705078], [103.54283142089844, -4.875362396240234], [103.37614440917969, -4.875362396240234], [103.37614440917969, -4.792026519775391], [103.29280090332031, -4.792026519775391], [103.29280090332031, -4.708690643310547], [103.20945739746094, -4.708690643310547], [103.20945739746094, -4.625354766845703], [103.12611389160156, -4.625354766845703], [103.12611389160156, -4.542018890380859], [102.87608337402344, -4.542018890380859], [102.87608337402344, -4.375347137451172], [102.62605285644531, -4.375347137451172], [102.62605285644531, -4.208675384521484], [102.54270935058594, -4.208675384521484], [102.54270935058594, -4.125339508056641], [102.37602233886719, -4.125339508056641], [102.37602233886719, -4.042003631591797], [102.29267883300781, -4.042003631591797], [102.29267883300781, -3.8753318786621094], [102.12599182128906, -3.8753318786621094], [102.12599182128906, -3.7919960021972656], [102.29267883300781, -3.7919960021972656], [102.29267883300781, -3.708660125732422], [102.20933532714844, -3.708660125732422], [102.20933532714844, -3.625324249267578], [101.87596130371094, -3.625324249267578], [101.87596130371094, -3.375316619873047], [101.62593078613281, -3.375316619873047], [101.62593078613281, -3.2086448669433594], [101.54258728027344, -3.2086448669433594], [101.54258728027344, -3.1253089904785156], [101.37590026855469, -3.1253089904785156], [101.37590026855469, -2.8753013610839844], [101.12586975097656, -2.8753013610839844], [101.12586975097656, -2.5419578552246094], [101.04252624511719, -2.5419578552246094], [101.04252624511719, -2.4586219787597656], [100.95918273925781, -2.4586219787597656], [100.95918273925781, -2.625293731689453], [100.87583923339844, -2.625293731689453], [100.87583923339844, -2.7919654846191406], [100.79249572753906, -2.7919654846191406], [100.79249572753906, -2.8753013610839844], [100.62580871582031, -2.8753013610839844], [100.62580871582031, -3.1253089904785156], [100.54246520996094, -3.1253089904785156], [100.54246520996094, -3.2086448669433594], [100.62580871582031, -3.2086448669433594], [100.62580871582031, -3.375316619873047], [100.37577819824219, -3.375316619873047], [100.37577819824219, -3.2086448669433594], [100.29243469238281, -3.2086448669433594], [100.29243469238281, -3.1253089904785156], [100.12574768066406, -3.1253089904785156], [100.12574768066406, -2.8753013610839844], [99.87571716308594, -2.8753013610839844], [99.87571716308594, -2.375286102294922], [99.62568664550781, -2.375286102294922], [99.62568664550781, -2.2086143493652344], [99.54234313964844, -2.2086143493652344], [99.54234313964844, -2.1252784729003906], [99.37565612792969, -2.1252784729003906], [99.37565612792969, -1.9586067199707031], [99.45899963378906, -1.9586067199707031], [99.45899963378906, -1.7919349670410156], [99.37565612792969, -1.7919349670410156], [99.37565612792969, -1.8752708435058594], [98.87559509277344, -1.8752708435058594], [98.87559509277344, -1.6252632141113281], [98.62556457519531, -1.6252632141113281], [98.62556457519531, -1.1252479553222656], [98.37553405761719, -1.1252479553222656], [98.37553405761719, -0.3752250671386719], [98.12550354003906, -0.3752250671386719], [98.12550354003906, -0.12521743774414062], [97.79212951660156, -0.12521743774414062], [97.79212951660156, -0.041881561279296875], [97.70878601074219, -0.041881561279296875], [97.70878601074219, 0.041454315185546875], [97.62544250488281, 0.041454315185546875], [97.62544250488281, 0.6248054504394531], [97.45875549316406, 0.6248054504394531], [97.45875549316406, 0.7081413269042969], [97.37541198730469, 0.7081413269042969], [97.37541198730469, 0.8748130798339844], [97.12538146972656, 0.8748130798339844], [97.12538146972656, 1.3748283386230469], [97.04203796386719, 1.3748283386230469], [97.04203796386719, 1.5415000915527344], [97.12538146972656, 1.5415000915527344], [97.12538146972656, 2.041515350341797], [97.04203796386719, 2.041515350341797], [97.04203796386719, 2.1248512268066406], [96.95869445800781, 2.1248512268066406], [96.95869445800781, 2.4581947326660156], [96.87535095214844, 2.4581947326660156], [96.87535095214844, 2.1248512268066406], [96.79200744628906, 2.1248512268066406], [96.79200744628906, 2.041515350341797], [96.70866394042969, 2.041515350341797], [96.70866394042969, 1.9581794738769531], [96.79200744628906, 1.9581794738769531], [96.79200744628906, 1.8748435974121094], [96.62532043457031, 1.8748435974121094], [96.62532043457031, 2.2081871032714844], [96.70866394042969, 2.2081871032714844], [96.70866394042969, 2.291522979736328], [96.37528991699219, 2.291522979736328], [96.37528991699219, 2.374858856201172], [96.29194641113281, 2.374858856201172], [96.29194641113281, 2.1248512268066406], [96.12525939941406, 2.1248512268066406], [96.12525939941406, 1.6248359680175781], [95.87522888183594, 1.6248359680175781], [95.87522888183594, 1.3748283386230469], [95.62519836425781, 1.3748283386230469], [95.62519836425781, 1.6248359680175781], [95.54185485839844, 1.6248359680175781], [95.54185485839844, 1.7915077209472656], [95.45851135253906, 1.7915077209472656], [95.45851135253906, 1.8748435974121094], [95.37516784667969, 1.8748435974121094], [95.37516784667969, 2.708202362060547], [95.45851135253906, 2.708202362060547], [95.45851135253906, 2.7915382385253906], [95.37516784667969, 2.7915382385253906], [95.37516784667969, 3.1248817443847656], [95.12513732910156, 3.1248817443847656], [95.12513732910156, 3.624897003173828], [95.45851135253906, 3.624897003173828], [95.45851135253906, 3.708232879638672], [95.54185485839844, 3.708232879638672], [95.54185485839844, 4.041576385498047], [95.45851135253906, 4.041576385498047], [95.45851135253906, 4.124912261962891], [95.37516784667969, 4.124912261962891], [95.37516784667969, 4.208248138427734], [95.29182434082031, 4.208248138427734], [95.29182434082031, 4.374919891357422], [95.12513732910156, 4.374919891357422], [95.12513732910156, 4.458255767822266], [95.04179382324219, 4.458255767822266], [95.04179382324219, 4.791599273681641], [95.20848083496094, 4.791599273681641], [95.20848083496094, 4.708263397216797], [95.29182434082031, 4.708263397216797], [95.29182434082031, 4.541591644287109], [95.37516784667969, 4.541591644287109], [95.37516784667969, 4.458255767822266], [95.45851135253906, 4.458255767822266], [95.45851135253906, 4.374919891357422], [95.62519836425781, 4.374919891357422], [95.62519836425781, 4.624927520751953], [95.37516784667969, 4.624927520751953], [95.37516784667969, 4.958271026611328], [95.29182434082031, 4.958271026611328], [95.29182434082031, 5.124942779541016], [95.12513732910156, 5.124942779541016], [95.12513732910156, 5.624958038330078], [94.87510681152344, 5.624958038330078], [94.87510681152344, 5.874965667724609], [95.37516784667969, 5.874965667724609], [95.37516784667969, 5.708293914794922], [95.54185485839844, 5.708293914794922], [95.54185485839844, 5.624958038330078], [96.12525939941406, 5.624958038330078], [96.12525939941406, 5.708293914794922], [95.95857238769531, 5.708293914794922], [95.95857238769531, 5.791629791259766], [95.79188537597656, 5.791629791259766], [95.79188537597656, 5.874965667724609], [95.62519836425781, 5.874965667724609], [95.62519836425781, 5.958301544189453], [95.29182434082031, 5.958301544189453], [95.29182434082031, 6.041637420654297], [94.87510681152344, 6.041637420654297], [94.87510681152344, 6.124973297119141], [95.12513732910156, 6.124973297119141], [95.12513732910156, 6.291645050048828], [94.70841979980469, 6.291645050048828], [94.70841979980469, 6.208309173583984], [94.62507629394531, 6.208309173583984], [94.62507629394531, 6.374980926513672], [94.37504577636719, 6.374980926513672], [94.37504577636719, 6.624988555908203], [94.54173278808594, 6.624988555908203], [94.54173278808594, 6.708324432373047], [94.62507629394531, 6.708324432373047], [94.62507629394531, 6.874996185302734], [94.70841979980469, 6.874996185302734], [94.70841979980469, 6.958332061767578], [94.04167175292969, 6.958332061767578], [94.04167175292969, -11.958911895751953], [118.62800598144531, -11.958911895751953], [118.62800598144531, -11.87557601928711], [119.12806701660156, -11.87557601928711], [119.12806701660156, -11.958911895751953]], [[100.95918273925781, -2.375286102294922], [100.87583923339844, -2.375286102294922], [100.87583923339844, -2.4586219787597656], [100.95918273925781, -2.4586219787597656], [100.95918273925781, -2.375286102294922]], [[116.54441833496094, 6.874996185302734], [116.62776184082031, 6.874996185302734], [116.62776184082031, 6.958332061767578], [116.46107482910156, 6.958332061767578], [116.46107482910156, 6.791660308837891], [116.37773132324219, 6.791660308837891], [116.37773132324219, 6.624988555908203], [116.54441833496094, 6.624988555908203], [116.54441833496094, 6.874996185302734]], [[117.62788391113281, 6.874996185302734], [117.71122741699219, 6.874996185302734], [117.71122741699219, 6.958332061767578], [117.62788391113281, 6.958332061767578], [117.62788391113281, 6.874996185302734]], [[118.37797546386719, 6.624988555908203], [118.46131896972656, 6.624988555908203], [118.46131896972656, 6.541652679443359], [118.54466247558594, 6.541652679443359], [118.54466247558594, 6.458316802978516], [118.62800598144531, 6.458316802978516], [118.62800598144531, 6.708324432373047], [118.54466247558594, 6.708324432373047], [118.54466247558594, 6.791660308837891], [118.46131896972656, 6.791660308837891], [118.46131896972656, 6.874996185302734], [118.37797546386719, 6.874996185302734], [118.37797546386719, 6.958332061767578], [118.12794494628906, 6.958332061767578], [118.12794494628906, 6.791660308837891], [118.29463195800781, 6.791660308837891], [118.29463195800781, 6.708324432373047], [118.37797546386719, 6.708324432373047], [118.37797546386719, 6.624988555908203]], [[118.87803649902344, 6.624988555908203], [118.96138000488281, 6.624988555908203], [118.96138000488281, 6.458316802978516], [119.04472351074219, 6.458316802978516], [119.04472351074219, 6.374980926513672], [119.12806701660156, 6.374980926513672], [119.12806701660156, 6.124973297119141], [119.29475402832031, 6.124973297119141], [119.29475402832031, 6.208309173583984], [119.21141052246094, 6.208309173583984], [119.21141052246094, 6.541652679443359], [119.12806701660156, 6.541652679443359], [119.12806701660156, 6.624988555908203], [119.04472351074219, 6.624988555908203], [119.04472351074219, 6.874996185302734], [119.12806701660156, 6.874996185302734], [119.12806701660156, 6.958332061767578], [118.62800598144531, 6.958332061767578], [118.62800598144531, 6.874996185302734], [118.79469299316406, 6.874996185302734], [118.79469299316406, 6.708324432373047], [118.87803649902344, 6.708324432373047], [118.87803649902344, 6.624988555908203]], [[126.21226501464844, 6.291645050048828], [126.12892150878906, 6.291645050048828], [126.12892150878906, 6.374980926513672], [125.87889099121094, 6.374980926513672], [125.87889099121094, 5.791629791259766], [125.79554748535156, 5.791629791259766], [125.79554748535156, 5.708293914794922], [125.71220397949219, 5.708293914794922], [125.71220397949219, 5.541622161865234], [125.62886047363281, 5.541622161865234], [125.62886047363281, 5.458286285400391], [125.54551696777344, 5.458286285400391], [125.54551696777344, 5.374950408935547], [125.37882995605469, 5.374950408935547], [125.37882995605469, 5.541622161865234], [125.29548645019531, 5.541622161865234], [125.29548645019531, 5.624958038330078], [125.12879943847656, 5.624958038330078], [125.12879943847656, 4.958271026611328], [124.87876892089844, 4.958271026611328], [124.87876892089844, 4.874935150146484], [124.46205139160156, 4.874935150146484], [124.46205139160156, 4.958271026611328], [124.71208190917969, 4.958271026611328], [124.71208190917969, 5.124942779541016], [124.37870788574219, 5.124942779541016], [124.37870788574219, 5.041606903076172], [124.12867736816406, 5.041606903076172], [124.12867736816406, 5.291614532470703], [124.29536437988281, 5.291614532470703], [124.29536437988281, 5.708293914794922], [124.21202087402344, 5.708293914794922], [124.21202087402344, 6.041637420654297], [124.12867736816406, 6.041637420654297], [124.12867736816406, 6.124973297119141], [124.04533386230469, 6.124973297119141], [124.04533386230469, 6.041637420654297], [123.96199035644531, 6.041637420654297], [123.96199035644531, 5.708293914794922], [123.87864685058594, 5.708293914794922], [123.87864685058594, 5.791629791259766], [123.79530334472656, 5.791629791259766], [123.79530334472656, 5.874965667724609], [123.71195983886719, 5.874965667724609], [123.71195983886719, 5.958301544189453], [123.62861633300781, 5.958301544189453], [123.62861633300781, 6.041637420654297], [123.54527282714844, 6.041637420654297], [123.54527282714844, 6.124973297119141], [123.37858581542969, 6.124973297119141], [123.37858581542969, 6.458316802978516], [123.46192932128906, 6.458316802978516], [123.46192932128906, 6.624988555908203], [123.29524230957031, 6.624988555908203], [123.29524230957031, 6.708324432373047], [123.21189880371094, 6.708324432373047], [123.21189880371094, 6.791660308837891], [122.54515075683594, 6.791660308837891], [122.54515075683594, 6.874996185302734], [122.12843322753906, 6.874996185302734], [122.12843322753906, 6.708324432373047], [122.37846374511719, 6.708324432373047], [122.37846374511719, 6.624988555908203], [122.87852478027344, 6.624988555908203], [122.87852478027344, 6.374980926513672], [122.79518127441406, 6.374980926513672], [122.79518127441406, 6.291645050048828], [122.37846374511719, 6.291645050048828], [122.37846374511719, 6.124973297119141], [122.21177673339844, 6.124973297119141], [122.21177673339844, 6.041637420654297], [122.12843322753906, 6.041637420654297], [122.12843322753906, 5.791629791259766], [122.21177673339844, 5.791629791259766], [122.21177673339844, 5.624958038330078], [122.12843322753906, 5.624958038330078], [122.12843322753906, 5.458286285400391], [122.04508972167969, 5.458286285400391], [122.04508972167969, 5.041606903076172], [122.12843322753906, 5.041606903076172], [122.12843322753906, 4.791599273681641], [122.21177673339844, 4.791599273681641], [122.21177673339844, 4.624927520751953], [122.29512023925781, 4.624927520751953], [122.29512023925781, 4.541591644287109], [122.37846374511719, 4.541591644287109], [122.37846374511719, 4.458255767822266], [122.46180725097656, 4.458255767822266], [122.46180725097656, 4.374919891357422], [122.62849426269531, 4.374919891357422], [122.62849426269531, 4.291584014892578], [122.71183776855469, 4.291584014892578], [122.71183776855469, 4.208248138427734], [122.87852478027344, 4.208248138427734], [122.87852478027344, 4.124912261962891], [123.12855529785156, 4.124912261962891], [123.12855529785156, 4.208248138427734], [123.37858581542969, 4.208248138427734], [123.37858581542969, 4.291584014892578], [123.54527282714844, 4.291584014892578], [123.54527282714844, 4.374919891357422], [124.37870788574219, 4.374919891357422], [124.37870788574219, 4.458255767822266], [124.71208190917969, 4.458255767822266], [124.71208190917969, 4.541591644287109], [124.87876892089844, 4.541591644287109], [124.87876892089844, 4.624927520751953], [125.37882995605469, 4.624927520751953], [125.37882995605469, 4.374919891357422], [125.62886047363281, 4.374919891357422], [125.62886047363281, 4.041576385498047], [125.71220397949219, 4.041576385498047], [125.71220397949219, 3.7915687561035156], [125.62886047363281, 3.7915687561035156], [125.62886047363281, 3.708232879638672], [125.71220397949219, 3.708232879638672], [125.71220397949219, 3.5415611267089844], [125.79554748535156, 3.5415611267089844], [125.79554748535156, 3.4582252502441406], [125.71220397949219, 3.4582252502441406], [125.71220397949219, 3.374889373779297], [125.79554748535156, 3.374889373779297], [125.79554748535156, 3.2082176208496094], [125.87889099121094, 3.2082176208496094], [125.87889099121094, 3.041545867919922], [125.96223449707031, 3.041545867919922], [125.96223449707031, 2.8748741149902344], [126.04557800292969, 2.8748741149902344], [126.04557800292969, 2.7915382385253906], [126.21226501464844, 2.7915382385253906], [126.21226501464844, 2.624866485595703], [125.62886047363281, 2.624866485595703], [125.62886047363281, 2.5415306091308594], [125.54551696777344, 2.5415306091308594], [125.54551696777344, 2.624866485595703], [125.46217346191406, 2.624866485595703], [125.46217346191406, 2.5415306091308594], [125.37882995605469, 2.5415306091308594], [125.37882995605469, 2.374858856201172], [125.46217346191406, 2.374858856201172], [125.46217346191406, 2.291522979736328], [125.37882995605469, 2.291522979736328], [125.37882995605469, 2.2081871032714844], [125.46217346191406, 2.2081871032714844], [125.46217346191406, 2.1248512268066406], [125.54551696777344, 2.1248512268066406], [125.54551696777344, 2.2081871032714844], [125.62886047363281, 2.2081871032714844], [125.62886047363281, 2.1248512268066406], [125.87889099121094, 2.1248512268066406], [125.87889099121094, 2.041515350341797], [125.71220397949219, 2.041515350341797], [125.71220397949219, 1.9581794738769531], [125.54551696777344, 1.9581794738769531], [125.54551696777344, 2.041515350341797], [125.29548645019531, 2.041515350341797], [125.29548645019531, 2.1248512268066406], [125.12879943847656, 2.1248512268066406], [125.12879943847656, 1.8748435974121094], [125.21214294433594, 1.8748435974121094], [125.21214294433594, 1.6248359680175781], [125.37882995605469, 1.6248359680175781], [125.37882995605469, 1.3748283386230469], [125.12879943847656, 1.3748283386230469], [125.12879943847656, 1.1248207092285156], [125.04545593261719, 1.1248207092285156], [125.04545593261719, 1.0414848327636719], [124.87876892089844, 1.0414848327636719], [124.87876892089844, 0.8748130798339844], [124.71208190917969, 0.8748130798339844], [124.71208190917969, 0.7914772033691406], [124.62873840332031, 0.7914772033691406], [124.62873840332031, 0.6248054504394531], [124.54539489746094, 0.6248054504394531], [124.54539489746094, 0.4581336975097656], [124.37870788574219, 0.4581336975097656], [124.37870788574219, 0.3747978210449219], [124.21202087402344, 0.3747978210449219], [124.21202087402344, 0.2914619445800781], [124.87876892089844, 0.2914619445800781], [124.87876892089844, 0.3747978210449219], [125.04545593261719, 0.3747978210449219], [125.04545593261719, 0.4581336975097656], [125.12879943847656, 0.4581336975097656], [125.12879943847656, 0.12479019165039062], [125.37882995605469, 0.12479019165039062], [125.37882995605469, 0.3747978210449219], [125.62886047363281, 0.3747978210449219], [125.62886047363281, 0.6248054504394531], [125.87889099121094, 0.6248054504394531], [125.87889099121094, 0.8748130798339844], [126.12892150878906, 0.8748130798339844], [126.12892150878906, 1.1248207092285156], [126.21226501464844, 1.1248207092285156], [126.21226501464844, 1.2914924621582031], [126.29560852050781, 1.2914924621582031], [126.29560852050781, 1.3748283386230469], [126.37895202636719, 1.3748283386230469], [126.37895202636719, 1.4581642150878906], [126.54563903808594, 1.4581642150878906], [126.54563903808594, 1.5415000915527344], [126.62898254394531, 1.5415000915527344], [126.62898254394531, 1.3748283386230469], [126.46229553222656, 1.3748283386230469], [126.46229553222656, 1.2914924621582031], [126.37895202636719, 1.2914924621582031], [126.37895202636719, 1.2081565856933594], [126.46229553222656, 1.2081565856933594], [126.46229553222656, 1.1248207092285156], [126.79566955566406, 1.1248207092285156], [126.79566955566406, 1.2081565856933594], [126.87901306152344, 1.2081565856933594], [126.87901306152344, 1.2914924621582031], [126.96235656738281, 1.2914924621582031], [126.96235656738281, 1.4581642150878906], [127.04570007324219, 1.4581642150878906], [127.04570007324219, 1.6248359680175781], [127.12904357910156, 1.6248359680175781], [127.12904357910156, 1.7081718444824219], [127.21238708496094, 1.7081718444824219], [127.21238708496094, 1.7915077209472656], [127.37907409667969, 1.7915077209472656], [127.37907409667969, 1.8748435974121094], [127.46241760253906, 1.8748435974121094], [127.46241760253906, 1.9581794738769531], [127.54576110839844, 1.9581794738769531], [127.54576110839844, 2.041515350341797], [127.62910461425781, 2.041515350341797], [127.62910461425781, 2.2081871032714844], [127.71244812011719, 2.2081871032714844], [127.71244812011719, 2.291522979736328], [127.79579162597656, 2.291522979736328], [127.79579162597656, 2.1248512268066406], [127.87913513183594, 2.1248512268066406], [127.87913513183594, 2.374858856201172], [128.2958526611328, 2.374858856201172], [128.2958526611328, 2.4581947326660156], [128.3791961669922, 2.4581947326660156], [128.3791961669922, 2.624866485595703], [128.46253967285156, 2.624866485595703], [128.46253967285156, 2.708202362060547], [128.6292266845703, 2.708202362060547], [128.6292266845703, 2.7915382385253906], [128.7125701904297, 2.7915382385253906], [128.7125701904297, 1.5415000915527344], [128.87925720214844, 1.5415000915527344], [128.87925720214844, 1.1248207092285156], [128.79591369628906, 1.1248207092285156], [128.79591369628906, 1.0414848327636719], [129.0459442138672, 1.0414848327636719], [129.0459442138672, 0.9581489562988281], [129.3793182373047, 0.9581489562988281], [129.3793182373047, 1.1248207092285156], [129.6293487548828, 1.1248207092285156], [129.6293487548828, 0.8748130798339844], [129.87937927246094, 0.8748130798339844], [129.87937927246094, 0.6248054504394531], [130.12940979003906, 0.6248054504394531], [130.12940979003906, 0.3747978210449219], [130.3794403076172, 0.3747978210449219], [130.3794403076172, 0.6248054504394531], [130.21275329589844, 0.6248054504394531], [130.21275329589844, 0.7914772033691406], [130.12940979003906, 0.7914772033691406], [130.12940979003906, 0.8748130798339844], [130.21275329589844, 0.8748130798339844], [130.21275329589844, 0.9581489562988281], [130.87950134277344, 0.9581489562988281], [130.87950134277344, 1.1248207092285156], [131.3795623779297, 1.1248207092285156], [131.3795623779297, 0.20812606811523438], [131.2962188720703, 0.20812606811523438], [131.2962188720703, 0.12479019165039062], [131.3795623779297, 0.12479019165039062], [131.3795623779297, -0.2918891906738281], [131.46290588378906, -0.2918891906738281], [131.46290588378906, -0.20855331420898438], [131.54624938964844, -0.20855331420898438], [131.54624938964844, -0.12521743774414062], [132.12965393066406, -0.12521743774414062], [132.12965393066406, 0.12479019165039062], [132.3796844482422, 0.12479019165039062], [132.3796844482422, 0.3747978210449219], [132.6297149658203, 0.3747978210449219], [132.6297149658203, 0.6248054504394531], [132.87974548339844, 0.6248054504394531], [132.87974548339844, 0.9581489562988281], [132.7130584716797, 0.9581489562988281], [132.7130584716797, 1.0414848327636719], [132.6297149658203, 1.0414848327636719], [132.6297149658203, 1.1248207092285156], [132.7130584716797, 1.1248207092285156], [132.7130584716797, 1.2914924621582031], [132.9630889892578, 1.2914924621582031], [132.9630889892578, 1.4581642150878906], [132.79640197753906, 1.4581642150878906], [132.79640197753906, 1.6248359680175781], [132.87974548339844, 1.6248359680175781], [132.87974548339844, 1.7081718444824219], [132.9630889892578, 1.7081718444824219], [132.9630889892578, 1.7915077209472656], [132.46302795410156, 1.7915077209472656], [132.46302795410156, 1.8748435974121094], [132.2963409423828, 1.8748435974121094], [132.2963409423828, 1.9581794738769531], [132.12965393066406, 1.9581794738769531], [132.12965393066406, 2.1248512268066406], [132.0463104248047, 2.1248512268066406], [132.0463104248047, 2.2081871032714844], [132.12965393066406, 2.2081871032714844], [132.12965393066406, 2.291522979736328], [132.21299743652344, 2.291522979736328], [132.21299743652344, 2.374858856201172], [131.9629669189453, 2.374858856201172], [131.9629669189453, 2.4581947326660156], [131.87962341308594, 2.4581947326660156], [131.87962341308594, 2.5415306091308594], [131.2962188720703, 2.5415306091308594], [131.2962188720703, 2.624866485595703], [131.21287536621094, 2.624866485595703], [131.21287536621094, 2.708202362060547], [131.12953186035156, 2.708202362060547], [131.12953186035156, 2.7915382385253906], [131.0461883544922, 2.7915382385253906], [131.0461883544922, 2.8748741149902344], [130.87950134277344, 2.8748741149902344], [130.87950134277344, 2.958209991455078], [130.7128143310547, 2.958209991455078], [130.7128143310547, 3.1248817443847656], [130.6294708251953, 3.1248817443847656], [130.6294708251953, 3.708232879638672], [130.7128143310547, 3.708232879638672], [130.7128143310547, 3.7915687561035156], [130.79615783691406, 3.7915687561035156], [130.79615783691406, 3.708232879638672], [131.12953186035156, 3.708232879638672], [131.12953186035156, 3.624897003173828], [131.21287536621094, 3.624897003173828], [131.21287536621094, 3.5415611267089844], [131.2962188720703, 3.5415611267089844], [131.2962188720703, 3.4582252502441406], [131.3795623779297, 3.4582252502441406], [131.3795623779297, 3.291553497314453], [131.46290588378906, 3.291553497314453], [131.46290588378906, 3.2082176208496094], [131.6295928955078, 3.2082176208496094], [131.6295928955078, 3.1248817443847656], [131.9629669189453, 3.1248817443847656], [131.9629669189453, 3.041545867919922], [132.0463104248047, 3.041545867919922], [132.0463104248047, 2.958209991455078], [132.12965393066406, 2.958209991455078], [132.12965393066406, 2.8748741149902344], [132.21299743652344, 2.8748741149902344], [132.21299743652344, 2.7915382385253906], [132.3796844482422, 2.7915382385253906], [132.3796844482422, 2.708202362060547], [132.6297149658203, 2.708202362060547], [132.6297149658203, 2.624866485595703], [133.0464324951172, 2.624866485595703], [133.0464324951172, 2.5415306091308594], [133.12977600097656, 2.5415306091308594], [133.12977600097656, 2.4581947326660156], [133.21311950683594, 2.4581947326660156], [133.21311950683594, 2.5415306091308594], [133.54649353027344, 2.5415306091308594], [133.54649353027344, 2.4581947326660156], [133.3798065185547, 2.4581947326660156], [133.3798065185547, 2.374858856201172], [132.9630889892578, 2.374858856201172], [132.9630889892578, 2.291522979736328], [132.87974548339844, 2.291522979736328], [132.87974548339844, 2.2081871032714844], [132.9630889892578, 2.2081871032714844], [132.9630889892578, 1.8748435974121094], [133.12977600097656, 1.8748435974121094], [133.12977600097656, 1.7915077209472656], [133.3798065185547, 1.7915077209472656], [133.3798065185547, 1.8748435974121094], [133.54649353027344, 1.8748435974121094], [133.54649353027344, 1.7915077209472656], [133.6298370361328, 1.7915077209472656], [133.6298370361328, 2.1248512268066406], [135.6300811767578, 2.1248512268066406], [135.6300811767578, 1.8748435974121094], [136.13014221191406, 1.8748435974121094], [136.13014221191406, 1.6248359680175781], [136.3801727294922, 1.6248359680175781], [136.3801727294922, 1.2081565856933594], [136.54685974121094, 1.2081565856933594], [136.54685974121094, 1.2914924621582031], [137.3802947998047, 1.2914924621582031], [137.3802947998047, 1.6248359680175781], [137.13026428222656, 1.6248359680175781], [137.13026428222656, 1.8748435974121094], [137.3802947998047, 1.8748435974121094], [137.3802947998047, 2.041515350341797], [137.88035583496094, 2.041515350341797], [137.88035583496094, 1.9581794738769531], [138.13038635253906, 1.9581794738769531], [138.13038635253906, 1.8748435974121094], [138.46376037597656, 1.8748435974121094], [138.46376037597656, 1.7915077209472656], [139.2971954345703, 1.7915077209472656], [139.2971954345703, 1.8748435974121094], [139.7139129638672, 1.8748435974121094], [139.7139129638672, 1.9581794738769531], [140.3806610107422, 1.9581794738769531], [140.3806610107422, 1.6248359680175781], [140.6306915283203, 1.6248359680175781], [140.6306915283203, 1.1248207092285156], [140.88072204589844, 1.1248207092285156], [140.88072204589844, 0.8748130798339844], [141.13075256347656, 0.8748130798339844], [141.13075256347656, 0.7914772033691406], [141.2974395751953, 0.7914772033691406], [141.2974395751953, 0.7081413269042969], [141.6308135986328, 0.7081413269042969], [141.6308135986328, 1.1248207092285156], [141.88084411621094, 1.1248207092285156], [141.88084411621094, 0.8748130798339844], [142.13087463378906, 0.8748130798339844], [142.13087463378906, 0.6248054504394531], [142.3809051513672, 0.6248054504394531], [142.3809051513672, 0.8748130798339844], [142.9643096923828, 0.8748130798339844], [142.9643096923828, 3.8749046325683594], [142.88096618652344, 3.8749046325683594], [142.88096618652344, 4.124912261962891], [142.9643096923828, 4.124912261962891], [142.9643096923828, 6.958332061767578], [126.37895202636719, 6.958332061767578], [126.37895202636719, 6.624988555908203], [126.29560852050781, 6.624988555908203], [126.29560852050781, 6.458316802978516], [126.21226501464844, 6.458316802978516], [126.21226501464844, 6.291645050048828]], [[124.79542541503906, 5.124942779541016], [124.79542541503906, 5.208278656005859], [124.71208190917969, 5.208278656005859], [124.71208190917969, 5.124942779541016], [124.79542541503906, 5.124942779541016]], [[119.37809753417969, 6.624988555908203], [119.46144104003906, 6.624988555908203], [119.46144104003906, 6.874996185302734], [119.37809753417969, 6.874996185302734], [119.37809753417969, 6.624988555908203]], [[111.29377746582031, 6.624988555908203], [111.12709045410156, 6.624988555908203], [111.12709045410156, 6.374980926513672], [111.37712097167969, 6.374980926513672], [111.37712097167969, 6.541652679443359], [111.29377746582031, 6.541652679443359], [111.29377746582031, 6.624988555908203]], [[110.87705993652344, 6.374980926513672], [110.87705993652344, 6.208309173583984], [110.96040344238281, 6.208309173583984], [110.96040344238281, 6.124973297119141], [111.12709045410156, 6.124973297119141], [111.12709045410156, 6.374980926513672], [110.87705993652344, 6.374980926513672]], [[121.71171569824219, 6.124973297119141], [121.79505920410156, 6.124973297119141], [121.79505920410156, 6.208309173583984], [121.87840270996094, 6.208309173583984], [121.87840270996094, 6.124973297119141], [121.96174621582031, 6.124973297119141], [121.96174621582031, 6.208309173583984], [122.04508972167969, 6.208309173583984], [122.04508972167969, 6.291645050048828], [121.96174621582031, 6.291645050048828], [121.96174621582031, 6.374980926513672], [121.87840270996094, 6.374980926513672], [121.87840270996094, 6.541652679443359], [121.71171569824219, 6.541652679443359], [121.71171569824219, 6.458316802978516], [121.62837219238281, 6.458316802978516], [121.62837219238281, 6.291645050048828], [121.71171569824219, 6.291645050048828], [121.71171569824219, 6.124973297119141]], [[116.29438781738281, 6.374980926513672], [116.37773132324219, 6.374980926513672], [116.37773132324219, 6.458316802978516], [116.29438781738281, 6.458316802978516], [116.29438781738281, 6.374980926513672]], [[115.29426574707031, 5.374950408935547], [115.37760925292969, 5.374950408935547], [115.37760925292969, 5.458286285400391], [115.29426574707031, 5.458286285400391], [115.29426574707031, 5.374950408935547]], [[119.21141052246094, 4.958271026611328], [119.12806701660156, 4.958271026611328], [119.12806701660156, 4.791599273681641], [119.04472351074219, 4.791599273681641], [119.04472351074219, 4.541591644287109], [118.96138000488281, 4.541591644287109], [118.96138000488281, 4.291584014892578], [118.87803649902344, 4.291584014892578], [118.87803649902344, 3.624897003173828], [118.71134948730469, 3.624897003173828], [118.71134948730469, 3.374889373779297], [118.62800598144531, 3.374889373779297], [118.62800598144531, 3.1248817443847656], [118.71134948730469, 3.1248817443847656], [118.71134948730469, 3.041545867919922], [118.62800598144531, 3.041545867919922], [118.62800598144531, 2.624866485595703], [118.54466247558594, 2.624866485595703], [118.54466247558594, 2.5415306091308594], [118.62800598144531, 2.5415306091308594], [118.62800598144531, 2.374858856201172], [118.71134948730469, 2.374858856201172], [118.71134948730469, 2.1248512268066406], [118.62800598144531, 2.1248512268066406], [118.62800598144531, 2.291522979736328], [118.54466247558594, 2.291522979736328], [118.54466247558594, 1.9581794738769531], [118.62800598144531, 1.9581794738769531], [118.62800598144531, 2.041515350341797], [118.71134948730469, 2.041515350341797], [118.71134948730469, 1.9581794738769531], [118.79469299316406, 1.9581794738769531], [118.79469299316406, 2.041515350341797], [118.87803649902344, 2.041515350341797], [118.87803649902344, 1.9581794738769531], [118.96138000488281, 1.9581794738769531], [118.96138000488281, 1.7081718444824219], [118.79469299316406, 1.7081718444824219], [118.79469299316406, 1.8748435974121094], [118.62800598144531, 1.8748435974121094], [118.62800598144531, 1.6248359680175781], [118.87803649902344, 1.6248359680175781], [118.87803649902344, 1.5415000915527344], [118.79469299316406, 1.5415000915527344], [118.79469299316406, 1.4581642150878906], [118.87803649902344, 1.4581642150878906], [118.87803649902344, 1.3748283386230469], [118.96138000488281, 1.3748283386230469], [118.96138000488281, 1.2081565856933594], [119.04472351074219, 1.2081565856933594], [119.04472351074219, 1.0414848327636719], [119.12806701660156, 1.0414848327636719], [119.12806701660156, 0.6248054504394531], [119.37809753417969, 0.6248054504394531], [119.37809753417969, 0.2914619445800781], [119.21141052246094, 0.2914619445800781], [119.21141052246094, 0.3747978210449219], [119.12806701660156, 0.3747978210449219], [119.12806701660156, 0.2914619445800781], [118.96138000488281, 0.2914619445800781], [118.96138000488281, 0.20812606811523438], [118.87803649902344, 0.20812606811523438], [118.87803649902344, 0.041454315185546875], [118.79469299316406, 0.041454315185546875], [118.79469299316406, -0.041881561279296875], [118.71134948730469, -0.041881561279296875], [118.71134948730469, -0.12521743774414062], [118.62800598144531, -0.12521743774414062], [118.62800598144531, -0.20855331420898438], [118.54466247558594, -0.20855331420898438], [118.54466247558594, -0.2918891906738281], [118.46131896972656, -0.2918891906738281], [118.46131896972656, -0.4585609436035156], [118.37797546386719, -0.4585609436035156], [118.37797546386719, -0.3752250671386719], [118.29463195800781, -0.3752250671386719], [118.29463195800781, -0.4585609436035156], [118.21128845214844, -0.4585609436035156], [118.21128845214844, -0.5418968200683594], [118.12794494628906, -0.5418968200683594], [118.12794494628906, -0.6252326965332031], [118.04460144042969, -0.6252326965332031], [118.04460144042969, -0.7919044494628906], [117.96125793457031, -0.7919044494628906], [117.96125793457031, -1.1252479553222656], [117.87791442871094, -1.1252479553222656], [117.87791442871094, -1.2919197082519531], [117.79457092285156, -1.2919197082519531], [117.79457092285156, -1.3752555847167969], [117.62788391113281, -1.3752555847167969], [117.62788391113281, -1.8752708435058594], [117.37785339355469, -1.8752708435058594], [117.37785339355469, -2.375286102294922], [117.46119689941406, -2.375286102294922], [117.46119689941406, -2.4586219787597656], [117.37785339355469, -2.4586219787597656], [117.37785339355469, -2.5419578552246094], [117.54454040527344, -2.5419578552246094], [117.54454040527344, -2.291950225830078], [117.62788391113281, -2.291950225830078], [117.62788391113281, -2.5419578552246094], [117.79457092285156, -2.5419578552246094], [117.79457092285156, -2.4586219787597656], [117.87791442871094, -2.4586219787597656], [117.87791442871094, -2.708629608154297], [118.04460144042969, -2.708629608154297], [118.04460144042969, -3.375316619873047], [118.12794494628906, -3.375316619873047], [118.12794494628906, -3.4586524963378906], [118.21128845214844, -3.4586524963378906], [118.21128845214844, -3.625324249267578], [118.29463195800781, -3.625324249267578], [118.29463195800781, -3.708660125732422], [118.21128845214844, -3.708660125732422], [118.21128845214844, -3.958667755126953], [118.29463195800781, -3.958667755126953], [118.29463195800781, -4.125339508056641], [118.37797546386719, -4.125339508056641], [118.37797546386719, -4.542018890380859], [118.29463195800781, -4.542018890380859], [118.29463195800781, -4.708690643310547], [118.21128845214844, -4.708690643310547], [118.21128845214844, -4.958698272705078], [118.12794494628906, -4.958698272705078], [118.12794494628906, -5.125370025634766], [118.04460144042969, -5.125370025634766], [118.04460144042969, -5.292041778564453], [117.96125793457031, -5.292041778564453], [117.96125793457031, -5.542049407958984], [117.87791442871094, -5.542049407958984], [117.87791442871094, -5.625385284423828], [117.79457092285156, -5.625385284423828], [117.79457092285156, -5.708721160888672], [117.71122741699219, -5.708721160888672], [117.71122741699219, -5.958728790283203], [117.62788391113281, -5.958728790283203], [117.62788391113281, -6.125400543212891], [117.54454040527344, -6.125400543212891], [117.54454040527344, -6.292072296142578], [117.46119689941406, -6.292072296142578], [117.46119689941406, -6.542079925537109], [117.37785339355469, -6.542079925537109], [117.37785339355469, -6.708751678466797], [117.29450988769531, -6.708751678466797], [117.29450988769531, -6.958759307861328], [117.37785339355469, -6.958759307861328], [117.37785339355469, -6.875423431396484], [117.46119689941406, -6.875423431396484], [117.46119689941406, -6.792087554931641], [117.54454040527344, -6.792087554931641], [117.54454040527344, -6.708751678466797], [117.62788391113281, -6.708751678466797], [117.62788391113281, -6.625415802001953], [117.71122741699219, -6.625415802001953], [117.71122741699219, -6.542079925537109], [117.79457092285156, -6.542079925537109], [117.79457092285156, -6.458744049072266], [117.87791442871094, -6.458744049072266], [117.87791442871094, -6.375408172607422], [117.96125793457031, -6.375408172607422], [117.96125793457031, -6.208736419677734], [118.04460144042969, -6.208736419677734], [118.04460144042969, -6.042064666748047], [118.12794494628906, -6.042064666748047], [118.12794494628906, -5.792057037353516], [118.21128845214844, -5.792057037353516], [118.21128845214844, -6.375408172607422], [118.12794494628906, -6.375408172607422], [118.12794494628906, -6.542079925537109], [118.21128845214844, -6.542079925537109], [118.21128845214844, -6.458744049072266], [118.29463195800781, -6.458744049072266], [118.29463195800781, -6.208736419677734], [118.37797546386719, -6.208736419677734], [118.37797546386719, -5.458713531494141], [118.54466247558594, -5.458713531494141], [118.54466247558594, -5.292041778564453], [118.46131896972656, -5.292041778564453], [118.46131896972656, -5.208705902099609], [118.54466247558594, -5.208705902099609], [118.54466247558594, -5.042034149169922], [118.62800598144531, -5.042034149169922], [118.62800598144531, -4.958698272705078], [118.71134948730469, -4.958698272705078], [118.71134948730469, -4.792026519775391], [118.79469299316406, -4.792026519775391], [118.79469299316406, -4.458683013916016], [118.87803649902344, -4.458683013916016], [118.87803649902344, -3.8753318786621094], [118.79469299316406, -3.8753318786621094], [118.79469299316406, -3.625324249267578], [118.87803649902344, -3.625324249267578], [118.87803649902344, -3.4586524963378906], [118.79469299316406, -3.4586524963378906], [118.79469299316406, -3.1253089904785156], [118.62800598144531, -3.1253089904785156], [118.62800598144531, -2.625293731689453], [118.46131896972656, -2.625293731689453], [118.46131896972656, -2.375286102294922], [118.37797546386719, -2.375286102294922], [118.37797546386719, -1.9586067199707031], [118.46131896972656, -1.9586067199707031], [118.46131896972656, -1.7919349670410156], [118.54466247558594, -1.7919349670410156], [118.54466247558594, -1.7085990905761719], [118.62800598144531, -1.7085990905761719], [118.62800598144531, -1.5419273376464844], [118.71134948730469, -1.5419273376464844], [118.71134948730469, -1.4585914611816406], [118.79469299316406, -1.4585914611816406], [118.79469299316406, -1.2919197082519531], [118.87803649902344, -1.2919197082519531], [118.87803649902344, -1.2085838317871094], [118.96138000488281, -1.2085838317871094], [118.96138000488281, -1.0419120788574219], [119.04472351074219, -1.0419120788574219], [119.04472351074219, -0.8752403259277344], [119.12806701660156, -0.8752403259277344], [119.12806701660156, -0.7085685729980469], [119.21141052246094, -0.7085685729980469], [119.21141052246094, -0.5418968200683594], [119.29475402832031, -0.5418968200683594], [119.29475402832031, -0.3752250671386719], [119.46144104003906, -0.3752250671386719], [119.46144104003906, -0.20855331420898438], [119.54478454589844, -0.20855331420898438], [119.54478454589844, -0.12521743774414062], [119.62812805175781, -0.12521743774414062], [119.62812805175781, 0.2914619445800781], [119.71147155761719, 0.2914619445800781], [119.71147155761719, 0.7081413269042969], [119.79481506347656, 0.7081413269042969], [119.79481506347656, 0.8748130798339844], [119.87815856933594, 0.8748130798339844], [119.87815856933594, 0.9581489562988281], [120.04484558105469, 0.9581489562988281], [120.04484558105469, 1.0414848327636719], [120.37821960449219, 1.0414848327636719], [120.37821960449219, 1.1248207092285156], [120.62825012207031, 1.1248207092285156], [120.62825012207031, 1.3748283386230469], [120.87828063964844, 1.3748283386230469], [120.87828063964844, 1.4581642150878906], [120.96162414550781, 1.4581642150878906], [120.96162414550781, 1.5415000915527344], [121.12831115722656, 1.5415000915527344], [121.12831115722656, 1.6248359680175781], [120.87828063964844, 1.6248359680175781], [120.87828063964844, 1.7081718444824219], [120.79493713378906, 1.7081718444824219], [120.79493713378906, 1.6248359680175781], [120.62825012207031, 1.6248359680175781], [120.62825012207031, 1.8748435974121094], [120.46156311035156, 1.8748435974121094], [120.46156311035156, 1.7915077209472656], [120.37821960449219, 1.7915077209472656], [120.37821960449219, 1.7081718444824219], [120.29487609863281, 1.7081718444824219], [120.29487609863281, 1.7915077209472656], [120.12818908691406, 1.7915077209472656], [120.12818908691406, 1.8748435974121094], [120.04484558105469, 1.8748435974121094], [120.04484558105469, 2.1248512268066406], [119.96150207519531, 2.1248512268066406], [119.96150207519531, 2.4581947326660156], [119.87815856933594, 2.4581947326660156], [119.87815856933594, 2.708202362060547], [119.79481506347656, 2.708202362060547], [119.79481506347656, 2.8748741149902344], [119.71147155761719, 2.8748741149902344], [119.71147155761719, 3.291553497314453], [119.79481506347656, 3.291553497314453], [119.79481506347656, 3.374889373779297], [119.87815856933594, 3.374889373779297], [119.87815856933594, 3.4582252502441406], [119.96150207519531, 3.4582252502441406], [119.96150207519531, 3.5415611267089844], [120.04484558105469, 3.5415611267089844], [120.04484558105469, 3.708232879638672], [120.12818908691406, 3.708232879638672], [120.12818908691406, 3.8749046325683594], [120.21153259277344, 3.8749046325683594], [120.21153259277344, 3.958240509033203], [120.29487609863281, 3.958240509033203], [120.29487609863281, 4.041576385498047], [120.37821960449219, 4.041576385498047], [120.37821960449219, 4.124912261962891], [120.46156311035156, 4.124912261962891], [120.46156311035156, 4.208248138427734], [120.62825012207031, 4.208248138427734], [120.62825012207031, 4.291584014892578], [120.71159362792969, 4.291584014892578], [120.71159362792969, 4.374919891357422], [120.79493713378906, 4.374919891357422], [120.79493713378906, 4.541591644287109], [120.87828063964844, 4.541591644287109], [120.87828063964844, 4.624927520751953], [120.96162414550781, 4.624927520751953], [120.96162414550781, 4.708263397216797], [121.21165466308594, 4.708263397216797], [121.21165466308594, 4.874935150146484], [121.29499816894531, 4.874935150146484], [121.29499816894531, 5.041606903076172], [121.37834167480469, 5.041606903076172], [121.37834167480469, 5.291614532470703], [121.46168518066406, 5.291614532470703], [121.46168518066406, 5.374950408935547], [121.12831115722656, 5.374950408935547], [121.12831115722656, 5.208278656005859], [120.96162414550781, 5.208278656005859], [120.96162414550781, 5.124942779541016], [120.79493713378906, 5.124942779541016], [120.79493713378906, 5.374950408935547], [120.71159362792969, 5.374950408935547], [120.71159362792969, 5.208278656005859], [120.62825012207031, 5.208278656005859], [120.62825012207031, 4.874935150146484], [120.46156311035156, 4.874935150146484], [120.46156311035156, 4.791599273681641], [120.37821960449219, 4.791599273681641], [120.37821960449219, 4.708263397216797], [120.29487609863281, 4.708263397216797], [120.29487609863281, 4.624927520751953], [120.21153259277344, 4.624927520751953], [120.21153259277344, 4.541591644287109], [120.12818908691406, 4.541591644287109], [120.12818908691406, 4.458255767822266], [120.04484558105469, 4.458255767822266], [120.04484558105469, 4.374919891357422], [119.96150207519531, 4.374919891357422], [119.96150207519531, 4.291584014892578], [119.87815856933594, 4.291584014892578], [119.87815856933594, 4.624927520751953], [119.79481506347656, 4.624927520751953], [119.79481506347656, 4.874935150146484], [119.71147155761719, 4.874935150146484], [119.71147155761719, 5.124942779541016], [119.62812805175781, 5.124942779541016], [119.62812805175781, 4.958271026611328], [119.54478454589844, 4.958271026611328], [119.54478454589844, 4.624927520751953], [119.12806701660156, 4.624927520751953], [119.12806701660156, 4.708263397216797], [119.21141052246094, 4.708263397216797], [119.21141052246094, 4.791599273681641], [119.37809753417969, 4.791599273681641], [119.37809753417969, 4.958271026611328], [119.46144104003906, 4.958271026611328], [119.46144104003906, 5.374950408935547], [119.37809753417969, 5.374950408935547], [119.37809753417969, 5.124942779541016], [119.29475402832031, 5.124942779541016], [119.29475402832031, 5.041606903076172], [119.21141052246094, 5.041606903076172], [119.21141052246094, 4.958271026611328]], [[120.87828063964844, 1.8748435974121094], [120.87828063964844, 2.1248512268066406], [120.79493713378906, 2.1248512268066406], [120.79493713378906, 2.041515350341797], [120.71159362792969, 2.041515350341797], [120.71159362792969, 1.9581794738769531], [120.62825012207031, 1.9581794738769531], [120.62825012207031, 1.8748435974121094], [120.87828063964844, 1.8748435974121094]], [[121.12831115722656, 2.1248512268066406], [121.12831115722656, 2.374858856201172], [121.37834167480469, 2.374858856201172], [121.37834167480469, 2.624866485595703], [121.87840270996094, 2.624866485595703], [121.87840270996094, 2.8748741149902344], [122.62849426269531, 2.8748741149902344], [122.62849426269531, 3.1248817443847656], [122.79518127441406, 3.1248817443847656], [122.79518127441406, 3.2082176208496094], [122.62849426269531, 3.2082176208496094], [122.62849426269531, 3.374889373779297], [121.54502868652344, 3.374889373779297], [121.54502868652344, 3.291553497314453], [121.37834167480469, 3.291553497314453], [121.37834167480469, 3.041545867919922], [121.46168518066406, 3.041545867919922], [121.46168518066406, 2.8748741149902344], [121.37834167480469, 2.8748741149902344], [121.37834167480469, 2.7915382385253906], [121.29499816894531, 2.7915382385253906], [121.29499816894531, 2.708202362060547], [121.21165466308594, 2.708202362060547], [121.21165466308594, 2.624866485595703], [121.12831115722656, 2.624866485595703], [121.12831115722656, 2.5415306091308594], [121.04496765136719, 2.5415306091308594], [121.04496765136719, 2.4581947326660156], [120.96162414550781, 2.4581947326660156], [120.96162414550781, 2.291522979736328], [120.87828063964844, 2.291522979736328], [120.87828063964844, 2.1248512268066406], [121.12831115722656, 2.1248512268066406]], [[114.71086120605469, 4.874935150146484], [114.79420471191406, 4.874935150146484], [114.79420471191406, 4.958271026611328], [114.71086120605469, 4.958271026611328], [114.71086120605469, 4.874935150146484]], [[114.54417419433594, 4.708263397216797], [114.62751770019531, 4.708263397216797], [114.62751770019531, 4.791599273681641], [114.54417419433594, 4.791599273681641], [114.54417419433594, 4.708263397216797]], [[114.37748718261719, 4.708263397216797], [114.37748718261719, 4.624927520751953], [114.54417419433594, 4.624927520751953], [114.54417419433594, 4.708263397216797], [114.37748718261719, 4.708263397216797]], [[95.79188537597656, 4.041576385498047], [95.87522888183594, 4.041576385498047], [95.87522888183594, 4.124912261962891], [95.79188537597656, 4.124912261962891], [95.79188537597656, 4.041576385498047]], [[123.04521179199219, 2.041515350341797], [123.12855529785156, 2.041515350341797], [123.12855529785156, 2.291522979736328], [123.29524230957031, 2.291522979736328], [123.29524230957031, 2.374858856201172], [123.37858581542969, 2.374858856201172], [123.37858581542969, 2.4581947326660156], [123.46192932128906, 2.4581947326660156], [123.46192932128906, 2.5415306091308594], [123.54527282714844, 2.5415306091308594], [123.54527282714844, 2.624866485595703], [123.46192932128906, 2.624866485595703], [123.46192932128906, 2.7915382385253906], [123.37858581542969, 2.7915382385253906], [123.37858581542969, 2.8748741149902344], [124.04533386230469, 2.8748741149902344], [124.04533386230469, 3.041545867919922], [123.96199035644531, 3.041545867919922], [123.96199035644531, 3.1248817443847656], [123.71195983886719, 3.1248817443847656], [123.71195983886719, 3.041545867919922], [123.54527282714844, 3.041545867919922], [123.54527282714844, 3.1248817443847656], [123.46192932128906, 3.1248817443847656], [123.46192932128906, 3.2082176208496094], [123.37858581542969, 3.2082176208496094], [123.37858581542969, 3.1248817443847656], [123.12855529785156, 3.1248817443847656], [123.12855529785156, 3.291553497314453], [122.87852478027344, 3.291553497314453], [122.87852478027344, 2.374858856201172], [122.62849426269531, 2.374858856201172], [122.62849426269531, 2.1248512268066406], [123.04521179199219, 2.1248512268066406], [123.04521179199219, 2.041515350341797]], [[125.62886047363281, 3.041545867919922], [125.71220397949219, 3.041545867919922], [125.71220397949219, 3.291553497314453], [125.62886047363281, 3.291553497314453], [125.62886047363281, 3.041545867919922]], [[100.87583923339844, 2.958209991455078], [100.70915222167969, 2.958209991455078], [100.70915222167969, 2.7915382385253906], [100.95918273925781, 2.7915382385253906], [100.95918273925781, 2.8748741149902344], [100.87583923339844, 2.8748741149902344], [100.87583923339844, 2.958209991455078]], [[101.37590026855469, 2.708202362060547], [101.29255676269531, 2.708202362060547], [101.29255676269531, 2.7915382385253906], [101.20921325683594, 2.7915382385253906], [101.20921325683594, 2.8748741149902344], [101.04252624511719, 2.8748741149902344], [101.04252624511719, 2.708202362060547], [101.12586975097656, 2.708202362060547], [101.12586975097656, 2.624866485595703], [101.37590026855469, 2.624866485595703], [101.37590026855469, 2.708202362060547]], [[121.46168518066406, 2.1248512268066406], [121.37834167480469, 2.1248512268066406], [121.37834167480469, 1.8748435974121094], [121.54502868652344, 1.8748435974121094], [121.54502868652344, 1.9581794738769531], [121.71171569824219, 1.9581794738769531], [121.71171569824219, 2.041515350341797], [121.79505920410156, 2.041515350341797], [121.79505920410156, 2.1248512268066406], [121.87840270996094, 2.1248512268066406], [121.87840270996094, 2.2081871032714844], [121.96174621582031, 2.2081871032714844], [121.96174621582031, 2.374858856201172], [121.71171569824219, 2.374858856201172], [121.71171569824219, 2.291522979736328], [121.54502868652344, 2.291522979736328], [121.54502868652344, 2.2081871032714844], [121.46168518066406, 2.2081871032714844], [121.46168518066406, 2.1248512268066406]], [[95.79188537597656, 2.1248512268066406], [95.87522888183594, 2.1248512268066406], [95.87522888183594, 2.2081871032714844], [95.79188537597656, 2.2081871032714844], [95.79188537597656, 2.291522979736328], [95.62519836425781, 2.291522979736328], [95.62519836425781, 2.1248512268066406], [95.54185485839844, 2.1248512268066406], [95.54185485839844, 2.041515350341797], [95.79188537597656, 2.041515350341797], [95.79188537597656, 2.1248512268066406]], [[95.45851135253906, 2.041515350341797], [95.45851135253906, 1.9581794738769531], [95.54185485839844, 1.9581794738769531], [95.54185485839844, 2.041515350341797], [95.45851135253906, 2.041515350341797]], [[128.0458221435547, 2.1248512268066406], [128.12916564941406, 2.1248512268066406], [128.12916564941406, 2.291522979736328], [128.0458221435547, 2.291522979736328], [128.0458221435547, 2.1248512268066406]], [[118.37797546386719, 1.8748435974121094], [118.46131896972656, 1.8748435974121094], [118.46131896972656, 2.2081871032714844], [118.37797546386719, 2.2081871032714844], [118.37797546386719, 1.8748435974121094]], [[128.21250915527344, 2.041515350341797], [128.2958526611328, 2.041515350341797], [128.2958526611328, 2.1248512268066406], [128.21250915527344, 2.1248512268066406], [128.21250915527344, 2.041515350341797]], [[102.45936584472656, 1.5415000915527344], [102.62605285644531, 1.5415000915527344], [102.62605285644531, 1.6248359680175781], [102.45936584472656, 1.6248359680175781], [102.45936584472656, 1.5415000915527344]], [[103.37614440917969, 1.0414848327636719], [103.62617492675781, 1.0414848327636719], [103.62617492675781, 1.2914924621582031], [103.12611389160156, 1.2914924621582031], [103.12611389160156, 1.2081565856933594], [103.29280090332031, 1.2081565856933594], [103.29280090332031, 1.1248207092285156], [103.37614440917969, 1.1248207092285156], [103.37614440917969, 1.0414848327636719]], [[103.70951843261719, 1.2081565856933594], [103.79286193847656, 1.2081565856933594], [103.79286193847656, 1.2914924621582031], [103.70951843261719, 1.2914924621582031], [103.70951843261719, 1.2081565856933594]], [[128.0458221435547, 1.2081565856933594], [128.12916564941406, 1.2081565856933594], [128.12916564941406, 1.2914924621582031], [127.96247863769531, 1.2914924621582031], [127.96247863769531, 1.2081565856933594], [127.87913513183594, 1.2081565856933594], [127.87913513183594, 1.1248207092285156], [128.0458221435547, 1.1248207092285156], [128.0458221435547, 1.2081565856933594]], [[127.79579162597656, 1.1248207092285156], [127.79579162597656, 1.0414848327636719], [127.71244812011719, 1.0414848327636719], [127.71244812011719, 0.9581489562988281], [127.87913513183594, 0.9581489562988281], [127.87913513183594, 1.1248207092285156], [127.79579162597656, 1.1248207092285156]], [[104.95967102050781, 0.8748130798339844], [105.04301452636719, 0.8748130798339844], [105.04301452636719, 1.0414848327636719], [104.95967102050781, 1.0414848327636719], [104.95967102050781, 0.8748130798339844]], [[133.54649353027344, 0.7081413269042969], [133.6298370361328, 0.7081413269042969], [133.6298370361328, 0.6248054504394531], [133.79652404785156, 0.6248054504394531], [133.79652404785156, 0.7081413269042969], [134.2965850830078, 0.7081413269042969], [134.2965850830078, 0.6248054504394531], [134.3799285888672, 0.6248054504394531], [134.3799285888672, 0.5414695739746094], [134.46327209472656, 0.5414695739746094], [134.46327209472656, 0.4581336975097656], [134.54661560058594, 0.4581336975097656], [134.54661560058594, 0.3747978210449219], [134.6299591064453, 0.3747978210449219], [134.6299591064453, 0.2914619445800781], [134.7133026123047, 0.2914619445800781], [134.7133026123047, 0.20812606811523438], [134.79664611816406, 0.20812606811523438], [134.79664611816406, 0.12479019165039062], [134.87998962402344, 0.12479019165039062], [134.87998962402344, -0.041881561279296875], [135.0466766357422, -0.041881561279296875], [135.0466766357422, 0.041454315185546875], [135.13002014160156, 0.041454315185546875], [135.13002014160156, -0.041881561279296875], [135.21336364746094, -0.041881561279296875], [135.21336364746094, -0.12521743774414062], [135.2967071533203, -0.12521743774414062], [135.2967071533203, -0.20855331420898438], [135.46339416503906, -0.20855331420898438], [135.46339416503906, -0.2918891906738281], [135.54673767089844, -0.2918891906738281], [135.54673767089844, -0.3752250671386719], [135.7134246826172, -0.3752250671386719], [135.7134246826172, -0.4585609436035156], [135.88011169433594, -0.4585609436035156], [135.88011169433594, -0.6252326965332031], [135.9634552001953, -0.6252326965332031], [135.9634552001953, -0.7085685729980469], [136.0467987060547, -0.7085685729980469], [136.0467987060547, -0.5418968200683594], [136.13014221191406, -0.5418968200683594], [136.13014221191406, -0.3752250671386719], [136.0467987060547, -0.3752250671386719], [136.0467987060547, -0.2918891906738281], [135.9634552001953, -0.2918891906738281], [135.9634552001953, -0.20855331420898438], [135.79676818847656, -0.20855331420898438], [135.79676818847656, -0.12521743774414062], [135.6300811767578, -0.12521743774414062], [135.6300811767578, -0.041881561279296875], [135.54673767089844, -0.041881561279296875], [135.54673767089844, 0.041454315185546875], [135.46339416503906, 0.041454315185546875], [135.46339416503906, 0.12479019165039062], [135.3800506591797, 0.12479019165039062], [135.3800506591797, 0.20812606811523438], [135.2967071533203, 0.20812606811523438], [135.2967071533203, 0.2914619445800781], [135.0466766357422, 0.2914619445800781], [135.0466766357422, 0.3747978210449219], [134.9633331298828, 0.3747978210449219], [134.9633331298828, 0.4581336975097656], [134.87998962402344, 0.4581336975097656], [134.87998962402344, 0.5414695739746094], [134.6299591064453, 0.5414695739746094], [134.6299591064453, 0.6248054504394531], [134.54661560058594, 0.6248054504394531], [134.54661560058594, 0.7081413269042969], [134.3799285888672, 0.7081413269042969], [134.3799285888672, 0.7914772033691406], [134.2965850830078, 0.7914772033691406], [134.2965850830078, 0.8748130798339844], [134.3799285888672, 0.8748130798339844], [134.3799285888672, 0.9581489562988281], [134.0465545654297, 0.9581489562988281], [134.0465545654297, 1.0414848327636719], [133.7131805419922, 1.0414848327636719], [133.7131805419922, 0.9581489562988281], [133.6298370361328, 0.9581489562988281], [133.6298370361328, 0.7914772033691406], [133.54649353027344, 0.7914772033691406], [133.54649353027344, 0.7081413269042969]], [[120.21153259277344, 0.8748130798339844], [120.29487609863281, 0.8748130798339844], [120.29487609863281, 0.9581489562988281], [120.21153259277344, 0.9581489562988281], [120.21153259277344, 0.8748130798339844]], [[97.95881652832031, 0.7914772033691406], [98.04216003417969, 0.7914772033691406], [98.04216003417969, 0.8748130798339844], [97.95881652832031, 0.8748130798339844], [97.95881652832031, 0.7914772033691406]], [[103.79286193847656, 0.7914772033691406], [103.70951843261719, 0.7914772033691406], [103.70951843261719, 0.7081413269042969], [103.62617492675781, 0.7081413269042969], [103.62617492675781, 0.6248054504394531], [103.79286193847656, 0.6248054504394531], [103.79286193847656, 0.7914772033691406]], [[131.21287536621094, 0.6248054504394531], [131.2962188720703, 0.6248054504394531], [131.2962188720703, 0.7081413269042969], [131.21287536621094, 0.7081413269042969], [131.21287536621094, 0.6248054504394531]], [[117.71122741699219, 0.5414695739746094], [117.79457092285156, 0.5414695739746094], [117.79457092285156, 0.6248054504394531], [117.71122741699219, 0.6248054504394531], [117.71122741699219, 0.5414695739746094]], [[117.62788391113281, -0.041881561279296875], [117.71122741699219, -0.041881561279296875], [117.71122741699219, -0.2918891906738281], [117.62788391113281, -0.2918891906738281], [117.62788391113281, -0.3752250671386719], [117.71122741699219, -0.3752250671386719], [117.71122741699219, -0.7085685729980469], [117.62788391113281, -0.7085685729980469], [117.62788391113281, -0.8752403259277344], [117.71122741699219, -0.8752403259277344], [117.71122741699219, -0.7919044494628906], [117.79457092285156, -0.7919044494628906], [117.79457092285156, -0.7085685729980469], [117.87791442871094, -0.7085685729980469], [117.87791442871094, 0.041454315185546875], [117.96125793457031, 0.041454315185546875], [117.96125793457031, 0.4581336975097656], [117.79457092285156, 0.4581336975097656], [117.79457092285156, 0.3747978210449219], [117.71122741699219, 0.3747978210449219], [117.71122741699219, 0.20812606811523438], [117.62788391113281, 0.20812606811523438], [117.62788391113281, -0.041881561279296875]], [[117.54454040527344, -0.8752403259277344], [117.54454040527344, -0.9585762023925781], [117.46119689941406, -0.9585762023925781], [117.46119689941406, -1.0419120788574219], [117.62788391113281, -1.0419120788574219], [117.62788391113281, -0.8752403259277344], [117.54454040527344, -0.8752403259277344]], [[130.7128143310547, 0.3747978210449219], [130.87950134277344, 0.3747978210449219], [130.87950134277344, 0.4581336975097656], [130.7128143310547, 0.4581336975097656], [130.7128143310547, 0.3747978210449219]], [[122.37846374511719, 0.2914619445800781], [122.54515075683594, 0.2914619445800781], [122.54515075683594, 0.3747978210449219], [122.37846374511719, 0.3747978210449219], [122.37846374511719, 0.2914619445800781]], [[123.29524230957031, 0.3747978210449219], [123.21189880371094, 0.3747978210449219], [123.21189880371094, 0.2914619445800781], [122.87852478027344, 0.2914619445800781], [122.87852478027344, 0.3747978210449219], [122.62849426269531, 0.3747978210449219], [122.62849426269531, 0.2914619445800781], [122.79518127441406, 0.2914619445800781], [122.79518127441406, 0.20812606811523438], [123.29524230957031, 0.20812606811523438], [123.29524230957031, 0.3747978210449219]], [[130.3794403076172, 0.12479019165039062], [130.46278381347656, 0.12479019165039062], [130.46278381347656, 0.20812606811523438], [130.3794403076172, 0.20812606811523438], [130.3794403076172, 0.12479019165039062]], [[123.62861633300781, -0.12521743774414062], [123.37858581542969, -0.12521743774414062], [123.37858581542969, -0.20855331420898438], [123.29524230957031, -0.20855331420898438], [123.29524230957031, -0.2918891906738281], [123.12855529785156, -0.2918891906738281], [123.12855529785156, -0.5418968200683594], [123.37858581542969, -0.5418968200683594], [123.37858581542969, -0.6252326965332031], [123.62861633300781, -0.6252326965332031], [123.62861633300781, -0.7085685729980469], [123.54527282714844, -0.7085685729980469], [123.54527282714844, -0.9585762023925781], [123.62861633300781, -0.9585762023925781], [123.62861633300781, -1.8752708435058594], [123.79530334472656, -1.8752708435058594], [123.79530334472656, -1.7919349670410156], [123.96199035644531, -1.7919349670410156], [123.96199035644531, -1.6252632141113281], [124.04533386230469, -1.6252632141113281], [124.04533386230469, -1.7085990905761719], [124.21202087402344, -1.7085990905761719], [124.21202087402344, -1.7919349670410156], [124.12867736816406, -1.7919349670410156], [124.12867736816406, -1.8752708435058594], [124.29536437988281, -1.8752708435058594], [124.29536437988281, -1.7919349670410156], [124.37870788574219, -1.7919349670410156], [124.37870788574219, -1.7085990905761719], [124.29536437988281, -1.7085990905761719], [124.29536437988281, -1.4585914611816406], [124.21202087402344, -1.4585914611816406], [124.21202087402344, -1.3752555847167969], [124.29536437988281, -1.3752555847167969], [124.29536437988281, -1.2085838317871094], [124.37870788574219, -1.2085838317871094], [124.37870788574219, -0.8752403259277344], [124.46205139160156, -0.8752403259277344], [124.46205139160156, -0.6252326965332031], [124.21202087402344, -0.6252326965332031], [124.21202087402344, -0.5418968200683594], [124.29536437988281, -0.5418968200683594], [124.29536437988281, -0.3752250671386719], [124.37870788574219, -0.3752250671386719], [124.37870788574219, -0.12521743774414062], [124.46205139160156, -0.12521743774414062], [124.46205139160156, -0.041881561279296875], [124.54539489746094, -0.041881561279296875], [124.54539489746094, 0.041454315185546875], [124.62873840332031, 0.041454315185546875], [124.62873840332031, 0.12479019165039062], [124.29536437988281, 0.12479019165039062], [124.29536437988281, 0.041454315185546875], [123.79530334472656, 0.041454315185546875], [123.79530334472656, -0.041881561279296875], [123.62861633300781, -0.041881561279296875], [123.62861633300781, -0.12521743774414062]], [[124.29536437988281, -1.9586067199707031], [124.37870788574219, -1.9586067199707031], [124.37870788574219, -1.8752708435058594], [124.29536437988281, -1.8752708435058594], [124.29536437988281, -1.9586067199707031]], [[130.21275329589844, -0.4585609436035156], [130.2960968017578, -0.4585609436035156], [130.2960968017578, -0.3752250671386719], [130.21275329589844, -0.3752250671386719], [130.21275329589844, -0.4585609436035156]], [[130.12940979003906, -0.8752403259277344], [130.21275329589844, -0.8752403259277344], [130.21275329589844, -0.7919044494628906], [130.2960968017578, -0.7919044494628906], [130.2960968017578, -0.8752403259277344], [130.3794403076172, -0.8752403259277344], [130.3794403076172, -0.7919044494628906], [130.6294708251953, -0.7919044494628906], [130.6294708251953, -0.7085685729980469], [130.54612731933594, -0.7085685729980469], [130.54612731933594, -0.6252326965332031], [130.2960968017578, -0.6252326965332031], [130.2960968017578, -0.7085685729980469], [130.21275329589844, -0.7085685729980469], [130.21275329589844, -0.6252326965332031], [130.12940979003906, -0.6252326965332031], [130.12940979003906, -0.7085685729980469], [130.0460662841797, -0.7085685729980469], [130.0460662841797, -0.6252326965332031], [129.79603576660156, -0.6252326965332031], [129.79603576660156, -0.7085685729980469], [129.87937927246094, -0.7085685729980469], [129.87937927246094, -0.7919044494628906], [130.12940979003906, -0.7919044494628906], [130.12940979003906, -0.8752403259277344]], [[117.12782287597656, -1.0419120788574219], [117.21116638183594, -1.0419120788574219], [117.21116638183594, -0.9585762023925781], [117.12782287597656, -0.9585762023925781], [117.12782287597656, -1.0419120788574219]], [[117.29450988769531, -1.1252479553222656], [117.37785339355469, -1.1252479553222656], [117.37785339355469, -1.0419120788574219], [117.29450988769531, -1.0419120788574219], [117.29450988769531, -1.1252479553222656]], [[123.37858581542969, -1.1252479553222656], [123.54527282714844, -1.1252479553222656], [123.54527282714844, -1.0419120788574219], [123.37858581542969, -1.0419120788574219], [123.37858581542969, -1.1252479553222656]], [[128.46253967285156, -1.7919349670410156], [128.3791961669922, -1.7919349670410156], [128.3791961669922, -1.8752708435058594], [128.6292266845703, -1.8752708435058594], [128.6292266845703, -1.6252632141113281], [128.7125701904297, -1.6252632141113281], [128.7125701904297, -1.0419120788574219], [128.6292266845703, -1.0419120788574219], [128.6292266845703, -1.3752555847167969], [128.54588317871094, -1.3752555847167969], [128.54588317871094, -1.5419273376464844], [128.46253967285156, -1.5419273376464844], [128.46253967285156, -1.7919349670410156]], [[130.2960968017578, -1.5419273376464844], [130.21275329589844, -1.5419273376464844], [130.21275329589844, -1.4585914611816406], [130.12940979003906, -1.4585914611816406], [130.12940979003906, -1.6252632141113281], [130.46278381347656, -1.6252632141113281], [130.46278381347656, -1.8752708435058594], [130.7128143310547, -1.8752708435058594], [130.7128143310547, -1.7919349670410156], [130.6294708251953, -1.7919349670410156], [130.6294708251953, -1.5419273376464844], [130.7128143310547, -1.5419273376464844], [130.7128143310547, -1.6252632141113281], [130.87950134277344, -1.6252632141113281], [130.87950134277344, -1.3752555847167969], [130.6294708251953, -1.3752555847167969], [130.6294708251953, -1.0419120788574219], [130.54612731933594, -1.0419120788574219], [130.54612731933594, -1.2085838317871094], [130.46278381347656, -1.2085838317871094], [130.46278381347656, -1.0419120788574219], [130.0460662841797, -1.0419120788574219], [130.0460662841797, -1.2919197082519531], [130.12940979003906, -1.2919197082519531], [130.12940979003906, -1.3752555847167969], [130.2960968017578, -1.3752555847167969], [130.2960968017578, -1.5419273376464844]], [[137.2969512939453, -1.2919197082519531], [137.3802947998047, -1.2919197082519531], [137.3802947998047, -1.2085838317871094], [137.2969512939453, -1.2085838317871094], [137.2969512939453, -1.2919197082519531]], [[137.9636993408203, -1.4585914611816406], [138.0470428466797, -1.4585914611816406], [138.0470428466797, -1.2919197082519531], [137.9636993408203, -1.2919197082519531], [137.9636993408203, -1.2085838317871094], [137.6303253173828, -1.2085838317871094], [137.6303253173828, -1.2919197082519531], [137.7136688232422, -1.2919197082519531], [137.7136688232422, -1.3752555847167969], [137.9636993408203, -1.3752555847167969], [137.9636993408203, -1.4585914611816406]], [[116.96113586425781, -1.3752555847167969], [117.04447937011719, -1.3752555847167969], [117.04447937011719, -1.2919197082519531], [116.96113586425781, -1.2919197082519531], [116.96113586425781, -1.3752555847167969]], [[116.62776184082031, -1.4585914611816406], [116.79444885253906, -1.4585914611816406], [116.79444885253906, -1.3752555847167969], [116.62776184082031, -1.3752555847167969], [116.62776184082031, -1.4585914611816406]], [[116.79444885253906, -1.5419273376464844], [116.87779235839844, -1.5419273376464844], [116.87779235839844, -1.4585914611816406], [116.79444885253906, -1.4585914611816406], [116.79444885253906, -1.5419273376464844]], [[124.37870788574219, -1.6252632141113281], [124.62873840332031, -1.6252632141113281], [124.62873840332031, -1.3752555847167969], [124.37870788574219, -1.3752555847167969], [124.37870788574219, -1.6252632141113281]], [[109.12684631347656, -1.5419273376464844], [109.29353332519531, -1.5419273376464844], [109.29353332519531, -1.4585914611816406], [109.12684631347656, -1.4585914611816406], [109.12684631347656, -1.5419273376464844]], [[109.37687683105469, -1.7085990905761719], [109.29353332519531, -1.7085990905761719], [109.29353332519531, -1.6252632141113281], [109.12684631347656, -1.6252632141113281], [109.12684631347656, -1.7919349670410156], [109.29353332519531, -1.7919349670410156], [109.29353332519531, -1.8752708435058594], [109.37687683105469, -1.8752708435058594], [109.37687683105469, -1.7085990905761719]], [[116.46107482910156, -2.1252784729003906], [116.54441833496094, -2.1252784729003906], [116.54441833496094, -1.8752708435058594], [116.62776184082031, -1.8752708435058594], [116.62776184082031, -1.6252632141113281], [116.46107482910156, -1.6252632141113281], [116.46107482910156, -1.7085990905761719], [116.37773132324219, -1.7085990905761719], [116.37773132324219, -1.7919349670410156], [116.46107482910156, -1.7919349670410156], [116.46107482910156, -2.1252784729003906]], [[131.79627990722656, -1.8752708435058594], [131.87962341308594, -1.8752708435058594], [131.87962341308594, -1.6252632141113281], [131.46290588378906, -1.6252632141113281], [131.46290588378906, -1.7085990905761719], [131.7129364013672, -1.7085990905761719], [131.7129364013672, -1.7919349670410156], [131.79627990722656, -1.7919349670410156], [131.79627990722656, -1.8752708435058594]], [[131.87962341308594, -1.9586067199707031], [131.9629669189453, -1.9586067199707031], [131.9629669189453, -1.8752708435058594], [131.87962341308594, -1.8752708435058594], [131.87962341308594, -1.9586067199707031]], [[131.9629669189453, -2.1252784729003906], [131.79627990722656, -2.1252784729003906], [131.79627990722656, -2.2086143493652344], [131.6295928955078, -2.2086143493652344], [131.6295928955078, -2.1252784729003906], [131.21287536621094, -2.1252784729003906], [131.21287536621094, -2.041942596435547], [131.0461883544922, -2.041942596435547], [131.0461883544922, -1.9586067199707031], [130.87950134277344, -1.9586067199707031], [130.87950134277344, -2.1252784729003906], [131.12953186035156, -2.1252784729003906], [131.12953186035156, -2.291950225830078], [131.21287536621094, -2.291950225830078], [131.21287536621094, -2.375286102294922], [131.2962188720703, -2.375286102294922], [131.2962188720703, -2.291950225830078], [131.3795623779297, -2.291950225830078], [131.3795623779297, -2.5419578552246094], [131.46290588378906, -2.5419578552246094], [131.46290588378906, -2.625293731689453], [131.6295928955078, -2.625293731689453], [131.6295928955078, -2.8753013610839844], [131.7129364013672, -2.8753013610839844], [131.7129364013672, -2.958637237548828], [131.9629669189453, -2.958637237548828], [131.9629669189453, -3.041973114013672], [132.0463104248047, -3.041973114013672], [132.0463104248047, -3.1253089904785156], [132.12965393066406, -3.1253089904785156], [132.12965393066406, -2.958637237548828], [132.0463104248047, -2.958637237548828], [132.0463104248047, -2.7919654846191406], [132.12965393066406, -2.7919654846191406], [132.12965393066406, -2.1252784729003906], [132.0463104248047, -2.1252784729003906], [132.0463104248047, -1.9586067199707031], [131.9629669189453, -1.9586067199707031], [131.9629669189453, -2.1252784729003906]], [[131.54624938964844, -2.958637237548828], [131.54624938964844, -3.1253089904785156], [131.46290588378906, -3.1253089904785156], [131.46290588378906, -3.041973114013672], [131.2962188720703, -3.041973114013672], [131.2962188720703, -2.958637237548828], [131.0461883544922, -2.958637237548828], [131.0461883544922, -2.8753013610839844], [130.87950134277344, -2.8753013610839844], [130.87950134277344, -2.5419578552246094], [130.79615783691406, -2.5419578552246094], [130.79615783691406, -2.4586219787597656], [130.6294708251953, -2.4586219787597656], [130.6294708251953, -2.625293731689453], [130.3794403076172, -2.625293731689453], [130.3794403076172, -2.708629608154297], [130.12940979003906, -2.708629608154297], [130.12940979003906, -2.8753013610839844], [130.3794403076172, -2.8753013610839844], [130.3794403076172, -3.041973114013672], [130.7128143310547, -3.041973114013672], [130.7128143310547, -3.1253089904785156], [130.9628448486328, -3.1253089904785156], [130.9628448486328, -3.2086448669433594], [131.21287536621094, -3.2086448669433594], [131.21287536621094, -3.291980743408203], [131.3795623779297, -3.291980743408203], [131.3795623779297, -3.375316619873047], [131.46290588378906, -3.375316619873047], [131.46290588378906, -3.4586524963378906], [131.6295928955078, -3.4586524963378906], [131.6295928955078, -3.625324249267578], [131.7129364013672, -3.625324249267578], [131.7129364013672, -3.708660125732422], [131.79627990722656, -3.708660125732422], [131.79627990722656, -3.7919960021972656], [131.87962341308594, -3.7919960021972656], [131.87962341308594, -3.958667755126953], [131.9629669189453, -3.958667755126953], [131.9629669189453, -4.375347137451172], [132.12965393066406, -4.375347137451172], [132.12965393066406, -3.8753318786621094], [132.46302795410156, -3.8753318786621094], [132.46302795410156, -3.7919960021972656], [132.3796844482422, -3.7919960021972656], [132.3796844482422, -3.625324249267578], [132.2963409423828, -3.625324249267578], [132.2963409423828, -3.5419883728027344], [132.21299743652344, -3.5419883728027344], [132.21299743652344, -3.4586524963378906], [132.12965393066406, -3.4586524963378906], [132.12965393066406, -3.375316619873047], [132.0463104248047, -3.375316619873047], [132.0463104248047, -3.291980743408203], [131.9629669189453, -3.291980743408203], [131.9629669189453, -3.2086448669433594], [131.79627990722656, -3.2086448669433594], [131.79627990722656, -3.1253089904785156], [131.7129364013672, -3.1253089904785156], [131.7129364013672, -2.958637237548828], [131.54624938964844, -2.958637237548828]], [[131.54624938964844, -2.8753013610839844], [131.46290588378906, -2.8753013610839844], [131.46290588378906, -2.958637237548828], [131.54624938964844, -2.958637237548828], [131.54624938964844, -2.8753013610839844]], [[109.79359436035156, -1.8752708435058594], [109.87693786621094, -1.8752708435058594], [109.87693786621094, -1.7085990905761719], [109.79359436035156, -1.7085990905761719], [109.79359436035156, -1.8752708435058594]], [[109.87693786621094, -2.041942596435547], [110.04362487792969, -2.041942596435547], [110.04362487792969, -2.1252784729003906], [109.87693786621094, -2.1252784729003906], [109.87693786621094, -2.625293731689453], [109.62690734863281, -2.625293731689453], [109.62690734863281, -2.8753013610839844], [110.12696838378906, -2.8753013610839844], [110.12696838378906, -1.9586067199707031], [110.04362487792969, -1.9586067199707031], [110.04362487792969, -1.8752708435058594], [109.87693786621094, -1.8752708435058594], [109.87693786621094, -2.041942596435547]], [[100.54246520996094, -2.375286102294922], [100.62580871582031, -2.375286102294922], [100.62580871582031, -2.4586219787597656], [100.70915222167969, -2.4586219787597656], [100.70915222167969, -2.1252784729003906], [100.62580871582031, -2.1252784729003906], [100.62580871582031, -1.9586067199707031], [100.54246520996094, -1.9586067199707031], [100.54246520996094, -1.8752708435058594], [100.37577819824219, -1.8752708435058594], [100.37577819824219, -2.2086143493652344], [100.45912170410156, -2.2086143493652344], [100.45912170410156, -2.291950225830078], [100.54246520996094, -2.291950225830078], [100.54246520996094, -2.375286102294922]], [[129.79603576660156, -1.8752708435058594], [129.6293487548828, -1.8752708435058594], [129.6293487548828, -2.041942596435547], [129.87937927246094, -2.041942596435547], [129.87937927246094, -1.9586067199707031], [129.79603576660156, -1.9586067199707031], [129.79603576660156, -1.8752708435058594]], [[130.7128143310547, -1.9586067199707031], [130.6294708251953, -1.9586067199707031], [130.6294708251953, -2.1252784729003906], [130.79615783691406, -2.1252784729003906], [130.79615783691406, -2.041942596435547], [130.7128143310547, -2.041942596435547], [130.7128143310547, -1.9586067199707031]], [[116.96113586425781, -2.1252784729003906], [117.04447937011719, -2.1252784729003906], [117.04447937011719, -2.041942596435547], [116.96113586425781, -2.041942596435547], [116.96113586425781, -2.1252784729003906]], [[123.87864685058594, -2.1252784729003906], [123.96199035644531, -2.1252784729003906], [123.96199035644531, -2.041942596435547], [123.87864685058594, -2.041942596435547], [123.87864685058594, -2.1252784729003906]], [[128.2958526611328, -2.1252784729003906], [128.3791961669922, -2.1252784729003906], [128.3791961669922, -2.041942596435547], [128.2958526611328, -2.041942596435547], [128.2958526611328, -2.1252784729003906]], [[128.3791961669922, -2.375286102294922], [128.54588317871094, -2.375286102294922], [128.54588317871094, -2.291950225830078], [128.6292266845703, -2.291950225830078], [128.6292266845703, -2.1252784729003906], [128.3791961669922, -2.1252784729003906], [128.3791961669922, -2.375286102294922]], [[128.12916564941406, -2.375286102294922], [128.12916564941406, -2.4586219787597656], [128.0458221435547, -2.4586219787597656], [128.0458221435547, -2.5419578552246094], [127.54576110839844, -2.5419578552246094], [127.54576110839844, -2.625293731689453], [127.12904357910156, -2.625293731689453], [127.12904357910156, -2.708629608154297], [126.87901306152344, -2.708629608154297], [126.87901306152344, -2.8753013610839844], [126.96235656738281, -2.8753013610839844], [126.96235656738281, -2.958637237548828], [127.12904357910156, -2.958637237548828], [127.12904357910156, -3.375316619873047], [127.37907409667969, -3.375316619873047], [127.37907409667969, -3.1253089904785156], [127.54576110839844, -3.1253089904785156], [127.54576110839844, -3.041973114013672], [127.79579162597656, -3.041973114013672], [127.79579162597656, -2.958637237548828], [127.87913513183594, -2.958637237548828], [127.87913513183594, -2.8753013610839844], [128.0458221435547, -2.8753013610839844], [128.0458221435547, -2.7919654846191406], [128.12916564941406, -2.7919654846191406], [128.12916564941406, -2.625293731689453], [128.2958526611328, -2.625293731689453], [128.2958526611328, -2.5419578552246094], [128.3791961669922, -2.5419578552246094], [128.3791961669922, -2.375286102294922], [128.12916564941406, -2.375286102294922]], [[100.79249572753906, -2.291950225830078], [100.87583923339844, -2.291950225830078], [100.87583923339844, -2.1252784729003906], [100.79249572753906, -2.1252784729003906], [100.79249572753906, -2.291950225830078]], [[109.12684631347656, -2.291950225830078], [108.87681579589844, -2.291950225830078], [108.87681579589844, -2.1252784729003906], [108.71012878417969, -2.1252784729003906], [108.71012878417969, -2.375286102294922], [108.87681579589844, -2.375286102294922], [108.87681579589844, -2.4586219787597656], [109.12684631347656, -2.4586219787597656], [109.12684631347656, -2.291950225830078]], [[130.46278381347656, -2.2086143493652344], [130.54612731933594, -2.2086143493652344], [130.54612731933594, -2.1252784729003906], [130.46278381347656, -2.1252784729003906], [130.46278381347656, -2.2086143493652344]], [[105.79310607910156, -2.4586219787597656], [105.87644958496094, -2.4586219787597656], [105.87644958496094, -2.375286102294922], [105.79310607910156, -2.375286102294922], [105.79310607910156, -2.4586219787597656]], [[129.87937927246094, -2.625293731689453], [130.0460662841797, -2.625293731689453], [130.0460662841797, -2.5419578552246094], [129.87937927246094, -2.5419578552246094], [129.87937927246094, -2.625293731689453]], [[116.37773132324219, -2.708629608154297], [116.46107482910156, -2.708629608154297], [116.46107482910156, -2.625293731689453], [116.37773132324219, -2.625293731689453], [116.37773132324219, -2.708629608154297]], [[141.88084411621094, -2.8753013610839844], [142.13087463378906, -2.8753013610839844], [142.13087463378906, -2.7919654846191406], [142.0475311279297, -2.7919654846191406], [142.0475311279297, -2.625293731689453], [141.6308135986328, -2.625293731689453], [141.6308135986328, -2.708629608154297], [141.7141571044922, -2.708629608154297], [141.7141571044922, -2.7919654846191406], [141.88084411621094, -2.7919654846191406], [141.88084411621094, -2.8753013610839844]], [[117.87791442871094, -2.8753013610839844], [117.96125793457031, -2.8753013610839844], [117.96125793457031, -2.7919654846191406], [117.87791442871094, -2.7919654846191406], [117.87791442871094, -2.8753013610839844]], [[125.37882995605469, -3.1253089904785156], [125.54551696777344, -3.1253089904785156], [125.54551696777344, -3.2086448669433594], [125.46217346191406, -3.2086448669433594], [125.46217346191406, -3.375316619873047], [125.37882995605469, -3.375316619873047], [125.37882995605469, -3.4586524963378906], [125.29548645019531, -3.4586524963378906], [125.29548645019531, -3.5419883728027344], [125.21214294433594, -3.5419883728027344], [125.21214294433594, -3.625324249267578], [125.12879943847656, -3.625324249267578], [125.12879943847656, -3.4586524963378906], [124.96211242675781, -3.4586524963378906], [124.96211242675781, -3.375316619873047], [124.87876892089844, -3.375316619873047], [124.87876892089844, -3.4586524963378906], [124.79542541503906, -3.4586524963378906], [124.79542541503906, -3.625324249267578], [124.62873840332031, -3.625324249267578], [124.62873840332031, -4.042003631591797], [124.71208190917969, -4.042003631591797], [124.71208190917969, -3.8753318786621094], [124.87876892089844, -3.8753318786621094], [124.87876892089844, -4.042003631591797], [124.79542541503906, -4.042003631591797], [124.79542541503906, -4.125339508056641], [124.71208190917969, -4.125339508056641], [124.71208190917969, -4.208675384521484], [124.62873840332031, -4.208675384521484], [124.62873840332031, -4.458683013916016], [124.87876892089844, -4.458683013916016], [124.87876892089844, -4.375347137451172], [124.96211242675781, -4.375347137451172], [124.96211242675781, -4.542018890380859], [125.04545593261719, -4.542018890380859], [125.04545593261719, -4.292011260986328], [125.12879943847656, -4.292011260986328], [125.12879943847656, -4.375347137451172], [125.37882995605469, -4.375347137451172], [125.37882995605469, -4.542018890380859], [125.46217346191406, -4.542018890380859], [125.46217346191406, -4.458683013916016], [125.62886047363281, -4.458683013916016], [125.62886047363281, -4.375347137451172], [125.71220397949219, -4.375347137451172], [125.71220397949219, -4.292011260986328], [125.79554748535156, -4.292011260986328], [125.79554748535156, -4.208675384521484], [125.96223449707031, -4.208675384521484], [125.96223449707031, -4.125339508056641], [126.04557800292969, -4.125339508056641], [126.04557800292969, -4.042003631591797], [126.21226501464844, -4.042003631591797], [126.21226501464844, -3.958667755126953], [126.37895202636719, -3.958667755126953], [126.37895202636719, -3.7919960021972656], [125.79554748535156, -3.7919960021972656], [125.79554748535156, -3.8753318786621094], [125.62886047363281, -3.8753318786621094], [125.62886047363281, -3.7919960021972656], [125.54551696777344, -3.7919960021972656], [125.54551696777344, -3.8753318786621094], [125.37882995605469, -3.8753318786621094], [125.37882995605469, -3.7919960021972656], [125.46217346191406, -3.7919960021972656], [125.46217346191406, -3.708660125732422], [125.54551696777344, -3.708660125732422], [125.54551696777344, -3.625324249267578], [125.79554748535156, -3.625324249267578], [125.79554748535156, -3.5419883728027344], [125.87889099121094, -3.5419883728027344], [125.87889099121094, -3.291980743408203], [125.96223449707031, -3.291980743408203], [125.96223449707031, -3.2086448669433594], [126.04557800292969, -3.2086448669433594], [126.04557800292969, -3.1253089904785156], [125.96223449707031, -3.1253089904785156], [125.96223449707031, -3.041973114013672], [125.87889099121094, -3.041973114013672], [125.87889099121094, -2.7919654846191406], [125.62886047363281, -2.7919654846191406], [125.62886047363281, -2.8753013610839844], [125.54551696777344, -2.8753013610839844], [125.54551696777344, -2.958637237548828], [125.37882995605469, -2.958637237548828], [125.37882995605469, -3.1253089904785156]], [[125.71220397949219, -3.7919960021972656], [125.71220397949219, -3.708660125732422], [125.62886047363281, -3.708660125732422], [125.62886047363281, -3.7919960021972656], [125.71220397949219, -3.7919960021972656]], [[126.04557800292969, -2.8753013610839844], [126.12892150878906, -2.8753013610839844], [126.12892150878906, -2.7919654846191406], [126.04557800292969, -2.7919654846191406], [126.04557800292969, -2.8753013610839844]], [[106.29316711425781, -2.8753013610839844], [106.12648010253906, -2.8753013610839844], [106.12648010253906, -3.1253089904785156], [106.37651062011719, -3.1253089904785156], [106.37651062011719, -2.958637237548828], [106.29316711425781, -2.958637237548828], [106.29316711425781, -2.8753013610839844]], [[110.54368591308594, -3.041973114013672], [110.62702941894531, -3.041973114013672], [110.62702941894531, -2.8753013610839844], [110.37699890136719, -2.8753013610839844], [110.37699890136719, -3.041973114013672], [110.46034240722656, -3.041973114013672], [110.46034240722656, -2.958637237548828], [110.54368591308594, -2.958637237548828], [110.54368591308594, -3.041973114013672]], [[110.21031188964844, -3.041973114013672], [110.29365539550781, -3.041973114013672], [110.29365539550781, -2.958637237548828], [110.21031188964844, -2.958637237548828], [110.21031188964844, -3.041973114013672]], [[111.37712097167969, -3.291980743408203], [111.54380798339844, -3.291980743408203], [111.54380798339844, -3.375316619873047], [111.62715148925781, -3.375316619873047], [111.62715148925781, -3.1253089904785156], [111.37712097167969, -3.1253089904785156], [111.37712097167969, -2.958637237548828], [111.21043395996094, -2.958637237548828], [111.21043395996094, -3.041973114013672], [111.12709045410156, -3.041973114013672], [111.12709045410156, -3.2086448669433594], [111.37712097167969, -3.2086448669433594], [111.37712097167969, -3.291980743408203]], [[111.62715148925781, -3.4586524963378906], [111.87718200683594, -3.4586524963378906], [111.87718200683594, -3.375316619873047], [111.62715148925781, -3.375316619873047], [111.62715148925781, -3.4586524963378906]], [[112.62727355957031, -3.4586524963378906], [112.46058654785156, -3.4586524963378906], [112.46058654785156, -3.375316619873047], [112.12721252441406, -3.375316619873047], [112.12721252441406, -3.625324249267578], [112.21055603027344, -3.625324249267578], [112.21055603027344, -3.5419883728027344], [112.79396057128906, -3.5419883728027344], [112.79396057128906, -3.4586524963378906], [113.37736511230469, -3.4586524963378906], [113.37736511230469, -3.7919960021972656], [113.54405212402344, -3.7919960021972656], [113.54405212402344, -3.8753318786621094], [114.37748718261719, -3.8753318786621094], [114.37748718261719, -4.042003631591797], [114.46083068847656, -4.042003631591797], [114.46083068847656, -4.125339508056641], [114.62751770019531, -4.125339508056641], [114.62751770019531, -3.625324249267578], [114.37748718261719, -3.625324249267578], [114.37748718261719, -3.4586524963378906], [114.29414367675781, -3.4586524963378906], [114.29414367675781, -3.375316619873047], [113.87742614746094, -3.375316619873047], [113.87742614746094, -3.625324249267578], [113.62739562988281, -3.625324249267578], [113.62739562988281, -3.2086448669433594], [113.37736511230469, -3.2086448669433594], [113.37736511230469, -3.291980743408203], [113.29402160644531, -3.291980743408203], [113.29402160644531, -3.2086448669433594], [113.21067810058594, -3.2086448669433594], [113.21067810058594, -3.1253089904785156], [112.96064758300781, -3.1253089904785156], [112.96064758300781, -3.2086448669433594], [112.87730407714844, -3.2086448669433594], [112.87730407714844, -3.375316619873047], [112.62727355957031, -3.375316619873047], [112.62727355957031, -3.4586524963378906]], [[111.46046447753906, -3.625324249267578], [111.62715148925781, -3.625324249267578], [111.62715148925781, -3.5419883728027344], [111.46046447753906, -3.5419883728027344], [111.46046447753906, -3.625324249267578]], [[111.62715148925781, -3.708660125732422], [111.96052551269531, -3.708660125732422], [111.96052551269531, -3.625324249267578], [111.79383850097656, -3.625324249267578], [111.79383850097656, -3.5419883728027344], [111.71049499511719, -3.5419883728027344], [111.71049499511719, -3.625324249267578], [111.62715148925781, -3.625324249267578], [111.62715148925781, -3.708660125732422]], [[127.29573059082031, -4.125339508056641], [127.21238708496094, -4.125339508056641], [127.21238708496094, -4.208675384521484], [127.29573059082031, -4.208675384521484], [127.29573059082031, -4.375347137451172], [127.37907409667969, -4.375347137451172], [127.37907409667969, -4.542018890380859], [127.46241760253906, -4.542018890380859], [127.46241760253906, -4.625354766845703], [127.54576110839844, -4.625354766845703], [127.54576110839844, -4.708690643310547], [127.62910461425781, -4.708690643310547], [127.62910461425781, -4.625354766845703], [127.71244812011719, -4.625354766845703], [127.71244812011719, -4.542018890380859], [127.87913513183594, -4.542018890380859], [127.87913513183594, -4.292011260986328], [127.79579162597656, -4.292011260986328], [127.79579162597656, -4.125339508056641], [127.71244812011719, -4.125339508056641], [127.71244812011719, -3.958667755126953], [127.62910461425781, -3.958667755126953], [127.62910461425781, -3.8753318786621094], [127.54576110839844, -3.8753318786621094], [127.54576110839844, -3.708660125732422], [127.46241760253906, -3.708660125732422], [127.46241760253906, -3.5419883728027344], [127.37907409667969, -3.5419883728027344], [127.37907409667969, -3.708660125732422], [127.21238708496094, -3.708660125732422], [127.21238708496094, -3.958667755126953], [127.29573059082031, -3.958667755126953], [127.29573059082031, -4.125339508056641]], [[115.79432678222656, -3.708660125732422], [115.87767028808594, -3.708660125732422], [115.87767028808594, -3.625324249267578], [115.79432678222656, -3.625324249267578], [115.79432678222656, -3.708660125732422]], [[133.6298370361328, -3.625324249267578], [133.46315002441406, -3.625324249267578], [133.46315002441406, -3.7919960021972656], [133.54649353027344, -3.7919960021972656], [133.54649353027344, -3.708660125732422], [133.6298370361328, -3.708660125732422], [133.6298370361328, -3.625324249267578]], [[131.3795623779297, -3.958667755126953], [131.46290588378906, -3.958667755126953], [131.46290588378906, -4.042003631591797], [131.54624938964844, -4.042003631591797], [131.54624938964844, -3.7919960021972656], [131.46290588378906, -3.7919960021972656], [131.46290588378906, -3.8753318786621094], [131.2962188720703, -3.8753318786621094], [131.2962188720703, -4.125339508056641], [131.3795623779297, -4.125339508056641], [131.3795623779297, -3.958667755126953]], [[120.46156311035156, -4.125339508056641], [120.62825012207031, -4.125339508056641], [120.62825012207031, -3.8753318786621094], [120.46156311035156, -3.8753318786621094], [120.46156311035156, -4.125339508056641]], [[128.21250915527344, -3.958667755126953], [128.3791961669922, -3.958667755126953], [128.3791961669922, -3.8753318786621094], [128.21250915527344, -3.8753318786621094], [128.21250915527344, -3.958667755126953]], [[132.87974548339844, -3.958667755126953], [132.7130584716797, -3.958667755126953], [132.7130584716797, -4.208675384521484], [132.79640197753906, -4.208675384521484], [132.79640197753906, -4.042003631591797], [132.87974548339844, -4.042003631591797], [132.87974548339844, -3.958667755126953]], [[133.7131805419922, -4.042003631591797], [133.87986755371094, -4.042003631591797], [133.87986755371094, -3.958667755126953], [133.7131805419922, -3.958667755126953], [133.7131805419922, -4.042003631591797]], [[132.2963409423828, -4.208675384521484], [132.3796844482422, -4.208675384521484], [132.3796844482422, -4.125339508056641], [132.2963409423828, -4.125339508056641], [132.2963409423828, -4.208675384521484]], [[132.46302795410156, -4.375347137451172], [132.3796844482422, -4.375347137451172], [132.3796844482422, -4.625354766845703], [132.54637145996094, -4.625354766845703], [132.54637145996094, -4.542018890380859], [132.46302795410156, -4.542018890380859], [132.46302795410156, -4.375347137451172]], [[132.87974548339844, -4.542018890380859], [132.9630889892578, -4.542018890380859], [132.9630889892578, -4.458683013916016], [132.87974548339844, -4.458683013916016], [132.87974548339844, -4.542018890380859]], [[116.87779235839844, -5.625385284423828], [117.21116638183594, -5.625385284423828], [117.21116638183594, -5.542049407958984], [117.29450988769531, -5.542049407958984], [117.29450988769531, -5.458713531494141], [117.37785339355469, -5.458713531494141], [117.37785339355469, -5.292041778564453], [117.46119689941406, -5.292041778564453], [117.46119689941406, -5.208705902099609], [117.62788391113281, -5.208705902099609], [117.62788391113281, -4.958698272705078], [117.79457092285156, -4.958698272705078], [117.79457092285156, -4.875362396240234], [118.12794494628906, -4.875362396240234], [118.12794494628906, -4.625354766845703], [118.04460144042969, -4.625354766845703], [118.04460144042969, -4.708690643310547], [117.29450988769531, -4.708690643310547], [117.29450988769531, -4.792026519775391], [117.04447937011719, -4.792026519775391], [117.04447937011719, -4.625354766845703], [116.96113586425781, -4.625354766845703], [116.96113586425781, -4.542018890380859], [116.87779235839844, -4.542018890380859], [116.87779235839844, -4.875362396240234], [117.12782287597656, -4.875362396240234], [117.12782287597656, -5.125370025634766], [116.87779235839844, -5.125370025634766], [116.87779235839844, -5.625385284423828]], [[132.0463104248047, -4.625354766845703], [132.12965393066406, -4.625354766845703], [132.12965393066406, -4.542018890380859], [132.0463104248047, -4.542018890380859], [132.0463104248047, -4.625354766845703]], [[136.21348571777344, -4.792026519775391], [136.2968292236328, -4.792026519775391], [136.2968292236328, -4.708690643310547], [136.21348571777344, -4.708690643310547], [136.21348571777344, -4.792026519775391]], [[133.46315002441406, -5.542049407958984], [133.6298370361328, -5.542049407958984], [133.6298370361328, -5.375377655029297], [133.79652404785156, -5.375377655029297], [133.79652404785156, -5.125370025634766], [133.46315002441406, -5.125370025634766], [133.46315002441406, -5.375377655029297], [133.3798065185547, -5.375377655029297], [133.3798065185547, -5.458713531494141], [133.46315002441406, -5.458713531494141], [133.46315002441406, -5.542049407958984]], [[134.6299591064453, -5.292041778564453], [134.79664611816406, -5.292041778564453], [134.79664611816406, -5.208705902099609], [134.6299591064453, -5.208705902099609], [134.6299591064453, -5.292041778564453]], [[134.79664611816406, -5.375377655029297], [134.87998962402344, -5.375377655029297], [134.87998962402344, -5.292041778564453], [134.79664611816406, -5.292041778564453], [134.79664611816406, -5.375377655029297]], [[118.96138000488281, -5.708721160888672], [119.12806701660156, -5.708721160888672], [119.12806701660156, -5.792057037353516], [119.04472351074219, -5.792057037353516], [119.04472351074219, -5.875392913818359], [119.12806701660156, -5.875392913818359], [119.12806701660156, -5.958728790283203], [119.29475402832031, -5.958728790283203], [119.29475402832031, -5.875392913818359], [119.37809753417969, -5.875392913818359], [119.37809753417969, -5.792057037353516], [119.46144104003906, -5.792057037353516], [119.46144104003906, -5.625385284423828], [119.37809753417969, -5.625385284423828], [119.37809753417969, -5.375377655029297], [119.29475402832031, -5.375377655029297], [119.29475402832031, -5.458713531494141], [119.12806701660156, -5.458713531494141], [119.12806701660156, -5.542049407958984], [118.96138000488281, -5.542049407958984], [118.96138000488281, -5.708721160888672]], [[136.88023376464844, -5.458713531494141], [137.0469207763672, -5.458713531494141], [137.0469207763672, -5.375377655029297], [136.88023376464844, -5.375377655029297], [136.88023376464844, -5.458713531494141]], [[131.79627990722656, -5.792057037353516], [131.6295928955078, -5.792057037353516], [131.6295928955078, -5.875392913818359], [131.54624938964844, -5.875392913818359], [131.54624938964844, -5.958728790283203], [131.7129364013672, -5.958728790283203], [131.7129364013672, -6.042064666748047], [131.46290588378906, -6.042064666748047], [131.46290588378906, -5.958728790283203], [131.3795623779297, -5.958728790283203], [131.3795623779297, -6.125400543212891], [130.54612731933594, -6.125400543212891], [130.54612731933594, -6.042064666748047], [130.3794403076172, -6.042064666748047], [130.3794403076172, -5.875392913818359], [130.12940979003906, -5.875392913818359], [130.12940979003906, -6.125400543212891], [129.9627227783203, -6.125400543212891], [129.9627227783203, -6.292072296142578], [129.79603576660156, -6.292072296142578], [129.79603576660156, -6.375408172607422], [129.3793182373047, -6.375408172607422], [129.3793182373047, -6.125400543212891], [129.87937927246094, -6.125400543212891], [129.87937927246094, -5.875392913818359], [129.79603576660156, -5.875392913818359], [129.79603576660156, -5.792057037353516], [129.6293487548828, -5.792057037353516], [129.6293487548828, -5.708721160888672], [129.46266174316406, -5.708721160888672], [129.46266174316406, -5.625385284423828], [129.12928771972656, -5.625385284423828], [129.12928771972656, -5.875392913818359], [128.79591369628906, -5.875392913818359], [128.79591369628906, -5.958728790283203], [128.54588317871094, -5.958728790283203], [128.54588317871094, -6.042064666748047], [128.46253967285156, -6.042064666748047], [128.46253967285156, -6.125400543212891], [128.2958526611328, -6.125400543212891], [128.2958526611328, -6.208736419677734], [128.21250915527344, -6.208736419677734], [128.21250915527344, -6.292072296142578], [128.12916564941406, -6.292072296142578], [128.12916564941406, -6.375408172607422], [128.2958526611328, -6.375408172607422], [128.2958526611328, -6.458744049072266], [128.3791961669922, -6.458744049072266], [128.3791961669922, -6.542079925537109], [129.0459442138672, -6.542079925537109], [129.0459442138672, -6.625415802001953], [129.12928771972656, -6.625415802001953], [129.12928771972656, -6.375408172607422], [129.2959747314453, -6.375408172607422], [129.2959747314453, -6.458744049072266], [129.3793182373047, -6.458744049072266], [129.3793182373047, -6.625415802001953], [129.6293487548828, -6.625415802001953], [129.6293487548828, -6.542079925537109], [130.0460662841797, -6.542079925537109], [130.0460662841797, -6.458744049072266], [130.3794403076172, -6.458744049072266], [130.3794403076172, -6.375408172607422], [130.79615783691406, -6.375408172607422], [130.79615783691406, -6.292072296142578], [130.87950134277344, -6.292072296142578], [130.87950134277344, -6.375408172607422], [130.9628448486328, -6.375408172607422], [130.9628448486328, -6.292072296142578], [131.0461883544922, -6.292072296142578], [131.0461883544922, -6.375408172607422], [131.12953186035156, -6.375408172607422], [131.12953186035156, -6.625415802001953], [131.6295928955078, -6.625415802001953], [131.6295928955078, -6.792087554931641], [131.7129364013672, -6.792087554931641], [131.7129364013672, -6.875423431396484], [132.0463104248047, -6.875423431396484], [132.0463104248047, -6.792087554931641], [131.87962341308594, -6.792087554931641], [131.87962341308594, -6.625415802001953], [131.7129364013672, -6.625415802001953], [131.7129364013672, -6.542079925537109], [131.6295928955078, -6.542079925537109], [131.6295928955078, -6.458744049072266], [131.79627990722656, -6.458744049072266], [131.79627990722656, -6.542079925537109], [131.87962341308594, -6.542079925537109], [131.87962341308594, -6.375408172607422], [131.79627990722656, -6.375408172607422], [131.79627990722656, -6.292072296142578], [131.9629669189453, -6.292072296142578], [131.9629669189453, -6.208736419677734], [132.2963409423828, -6.208736419677734], [132.2963409423828, -6.125400543212891], [132.3796844482422, -6.125400543212891], [132.3796844482422, -6.042064666748047], [132.46302795410156, -6.042064666748047], [132.46302795410156, -5.625385284423828], [132.6297149658203, -5.625385284423828], [132.6297149658203, -5.542049407958984], [132.3796844482422, -5.542049407958984], [132.3796844482422, -5.625385284423828], [132.2963409423828, -5.625385284423828], [132.2963409423828, -5.708721160888672], [132.21299743652344, -5.708721160888672], [132.21299743652344, -5.875392913818359], [132.12965393066406, -5.875392913818359], [132.12965393066406, -5.542049407958984], [132.0463104248047, -5.542049407958984], [132.0463104248047, -5.625385284423828], [131.87962341308594, -5.625385284423828], [131.87962341308594, -5.708721160888672], [131.79627990722656, -5.708721160888672], [131.79627990722656, -5.792057037353516]], [[132.2963409423828, -5.542049407958984], [132.21299743652344, -5.542049407958984], [132.21299743652344, -5.625385284423828], [132.2963409423828, -5.625385284423828], [132.2963409423828, -5.542049407958984]], [[119.54478454589844, -5.708721160888672], [119.62812805175781, -5.708721160888672], [119.62812805175781, -5.625385284423828], [119.54478454589844, -5.625385284423828], [119.54478454589844, -5.708721160888672]], [[120.04484558105469, -5.792057037353516], [120.12818908691406, -5.792057037353516], [120.12818908691406, -5.625385284423828], [119.87815856933594, -5.625385284423828], [119.87815856933594, -5.792057037353516], [119.79481506347656, -5.792057037353516], [119.79481506347656, -5.875392913818359], [120.04484558105469, -5.875392913818359], [120.04484558105469, -5.792057037353516]], [[128.3791961669922, -5.792057037353516], [128.54588317871094, -5.792057037353516], [128.54588317871094, -5.625385284423828], [128.3791961669922, -5.625385284423828], [128.3791961669922, -5.792057037353516]], [[128.87925720214844, -5.625385284423828], [128.7125701904297, -5.625385284423828], [128.7125701904297, -5.792057037353516], [128.79591369628906, -5.792057037353516], [128.79591369628906, -5.708721160888672], [128.87925720214844, -5.708721160888672], [128.87925720214844, -5.625385284423828]], [[106.04313659667969, -5.708721160888672], [105.95979309082031, -5.708721160888672], [105.95979309082031, -5.792057037353516], [105.87644958496094, -5.792057037353516], [105.87644958496094, -5.875392913818359], [106.04313659667969, -5.875392913818359], [106.04313659667969, -5.708721160888672]], [[105.79310607910156, -5.875392913818359], [105.79310607910156, -6.042064666748047], [105.87644958496094, -6.042064666748047], [105.87644958496094, -5.875392913818359], [105.79310607910156, -5.875392913818359]], [[128.12916564941406, -5.792057037353516], [128.21250915527344, -5.792057037353516], [128.21250915527344, -5.708721160888672], [128.12916564941406, -5.708721160888672], [128.12916564941406, -5.792057037353516]], [[132.54637145996094, -5.792057037353516], [132.6297149658203, -5.792057037353516], [132.6297149658203, -5.708721160888672], [132.54637145996094, -5.708721160888672], [132.54637145996094, -5.792057037353516]], [[132.87974548339844, -5.792057037353516], [132.9630889892578, -5.792057037353516], [132.9630889892578, -5.708721160888672], [132.87974548339844, -5.708721160888672], [132.87974548339844, -5.792057037353516]], [[106.29316711425781, -5.875392913818359], [106.37651062011719, -5.875392913818359], [106.37651062011719, -5.792057037353516], [106.29316711425781, -5.792057037353516], [106.29316711425781, -5.875392913818359]], [[132.6297149658203, -6.375408172607422], [132.87974548339844, -6.375408172607422], [132.87974548339844, -5.875392913818359], [132.79640197753906, -5.875392913818359], [132.79640197753906, -5.958728790283203], [132.7130584716797, -5.958728790283203], [132.7130584716797, -6.292072296142578], [132.6297149658203, -6.292072296142578], [132.6297149658203, -6.375408172607422]], [[137.54698181152344, -6.292072296142578], [137.46363830566406, -6.292072296142578], [137.46363830566406, -6.458744049072266], [137.54698181152344, -6.458744049072266], [137.54698181152344, -6.542079925537109], [137.46363830566406, -6.542079925537109], [137.46363830566406, -6.708751678466797], [137.2969512939453, -6.708751678466797], [137.2969512939453, -6.792087554931641], [137.21360778808594, -6.792087554931641], [137.21360778808594, -6.875423431396484], [137.13026428222656, -6.875423431396484], [137.13026428222656, -6.958759307861328], [137.0469207763672, -6.958759307861328], [137.0469207763672, -7.292102813720703], [137.13026428222656, -7.292102813720703], [137.13026428222656, -7.375438690185547], [136.6302032470703, -7.375438690185547], [136.6302032470703, -7.125431060791016], [136.13014221191406, -7.125431060791016], [136.13014221191406, -6.875423431396484], [135.13002014160156, -6.875423431396484], [135.13002014160156, -7.125431060791016], [134.6299591064453, -7.125431060791016], [134.6299591064453, -7.292102813720703], [134.12989807128906, -7.292102813720703], [134.12989807128906, -7.125431060791016], [134.21324157714844, -7.125431060791016], [134.21324157714844, -7.042095184326172], [134.3799285888672, -7.042095184326172], [134.3799285888672, -6.875423431396484], [134.2965850830078, -6.875423431396484], [134.2965850830078, -6.958759307861328], [134.12989807128906, -6.958759307861328], [134.12989807128906, -6.875423431396484], [133.9632110595703, -6.875423431396484], [133.9632110595703, -7.042095184326172], [133.87986755371094, -7.042095184326172], [133.87986755371094, -7.125431060791016], [133.12977600097656, -7.125431060791016], [133.12977600097656, -7.625446319580078], [132.6297149658203, -7.625446319580078], [132.6297149658203, -7.875453948974609], [132.21299743652344, -7.875453948974609], [132.21299743652344, -8.042125701904297], [132.12965393066406, -8.042125701904297], [132.12965393066406, -8.12546157836914], [132.0463104248047, -8.12546157836914], [132.0463104248047, -8.208797454833984], [131.9629669189453, -8.208797454833984], [131.9629669189453, -8.292133331298828], [131.87962341308594, -8.292133331298828], [131.87962341308594, -8.375469207763672], [131.7129364013672, -8.375469207763672], [131.7129364013672, -8.458805084228516], [131.54624938964844, -8.458805084228516], [131.54624938964844, -8.375469207763672], [131.3795623779297, -8.375469207763672], [131.3795623779297, -8.875484466552734], [131.6295928955078, -8.875484466552734], [131.6295928955078, -9.125492095947266], [131.87962341308594, -9.125492095947266], [131.87962341308594, -9.042156219482422], [131.79627990722656, -9.042156219482422], [131.79627990722656, -8.875484466552734], [131.7129364013672, -8.875484466552734], [131.7129364013672, -8.79214859008789], [131.6295928955078, -8.79214859008789], [131.6295928955078, -8.708812713623047], [131.46290588378906, -8.708812713623047], [131.46290588378906, -8.54214096069336], [131.87962341308594, -8.54214096069336], [131.87962341308594, -8.708812713623047], [131.9629669189453, -8.708812713623047], [131.9629669189453, -8.79214859008789], [132.0463104248047, -8.79214859008789], [132.0463104248047, -8.958820343017578], [131.9629669189453, -8.958820343017578], [131.9629669189453, -9.125492095947266], [132.0463104248047, -9.125492095947266], [132.0463104248047, -9.45883560180664], [132.12965393066406, -9.45883560180664], [132.12965393066406, -9.708843231201172], [132.21299743652344, -9.708843231201172], [132.21299743652344, -9.87551498413086], [132.2963409423828, -9.87551498413086], [132.2963409423828, -9.958850860595703], [132.3796844482422, -9.958850860595703], [132.3796844482422, -10.042186737060547], [132.79640197753906, -10.042186737060547], [132.79640197753906, -9.958850860595703], [132.7130584716797, -9.958850860595703], [132.7130584716797, -9.708843231201172], [132.6297149658203, -9.708843231201172], [132.6297149658203, -9.792179107666016], [132.54637145996094, -9.792179107666016], [132.54637145996094, -9.292163848876953], [132.6297149658203, -9.292163848876953], [132.6297149658203, -8.958820343017578], [132.79640197753906, -8.958820343017578], [132.79640197753906, -8.875484466552734], [133.0464324951172, -8.875484466552734], [133.0464324951172, -8.79214859008789], [133.2964630126953, -8.79214859008789], [133.2964630126953, -8.708812713623047], [133.46315002441406, -8.708812713623047], [133.46315002441406, -8.54214096069336], [133.7131805419922, -8.54214096069336], [133.7131805419922, -8.625476837158203], [133.79652404785156, -8.625476837158203], [133.79652404785156, -8.708812713623047], [133.87986755371094, -8.708812713623047], [133.87986755371094, -8.79214859008789], [134.0465545654297, -8.79214859008789], [134.0465545654297, -8.875484466552734], [134.12989807128906, -8.875484466552734], [134.12989807128906, -8.958820343017578], [134.2965850830078, -8.958820343017578], [134.2965850830078, -9.042156219482422], [134.46327209472656, -9.042156219482422], [134.46327209472656, -9.125492095947266], [134.54661560058594, -9.125492095947266], [134.54661560058594, -9.20882797241211], [135.21336364746094, -9.20882797241211], [135.21336364746094, -9.125492095947266], [135.88011169433594, -9.125492095947266], [135.88011169433594, -9.292163848876953], [136.0467987060547, -9.292163848876953], [136.0467987060547, -9.375499725341797], [136.21348571777344, -9.375499725341797], [136.21348571777344, -9.20882797241211], [136.0467987060547, -9.20882797241211], [136.0467987060547, -9.125492095947266], [135.9634552001953, -9.125492095947266], [135.9634552001953, -8.958820343017578], [136.21348571777344, -8.958820343017578], [136.21348571777344, -9.042156219482422], [136.46351623535156, -9.042156219482422], [136.46351623535156, -9.125492095947266], [136.6302032470703, -9.125492095947266], [136.6302032470703, -9.292163848876953], [136.54685974121094, -9.292163848876953], [136.54685974121094, -9.375499725341797], [136.46351623535156, -9.375499725341797], [136.46351623535156, -9.45883560180664], [136.6302032470703, -9.45883560180664], [136.6302032470703, -9.625507354736328], [136.54685974121094, -9.625507354736328], [136.54685974121094, -9.708843231201172], [136.79689025878906, -9.708843231201172], [136.79689025878906, -9.792179107666016], [137.0469207763672, -9.792179107666016], [137.0469207763672, -9.87551498413086], [137.21360778808594, -9.87551498413086], [137.21360778808594, -9.958850860595703], [137.2969512939453, -9.958850860595703], [137.2969512939453, -10.042186737060547], [137.3802947998047, -10.042186737060547], [137.3802947998047, -10.12552261352539], [137.46363830566406, -10.12552261352539], [137.46363830566406, -10.375530242919922], [137.54698181152344, -10.375530242919922], [137.54698181152344, -10.458866119384766], [137.6303253173828, -10.458866119384766], [137.6303253173828, -10.54220199584961], [137.7136688232422, -10.54220199584961], [137.7136688232422, -10.625537872314453], [137.9636993408203, -10.625537872314453], [137.9636993408203, -10.708873748779297], [137.79701232910156, -10.708873748779297], [137.79701232910156, -10.79220962524414], [137.9636993408203, -10.79220962524414], [137.9636993408203, -10.958881378173828], [138.0470428466797, -10.958881378173828], [138.0470428466797, -11.125553131103516], [138.13038635253906, -11.125553131103516], [138.13038635253906, -11.20888900756836], [138.3804168701172, -11.20888900756836], [138.3804168701172, -11.375560760498047], [138.46376037597656, -11.375560760498047], [138.46376037597656, -11.45889663696289], [138.54710388183594, -11.45889663696289], [138.54710388183594, -11.542232513427734], [138.46376037597656, -11.542232513427734], [138.46376037597656, -11.708904266357422], [138.6304473876953, -11.708904266357422], [138.6304473876953, -11.87557601928711], [138.7137908935547, -11.87557601928711], [138.7137908935547, -11.625568389892578], [138.79713439941406, -11.625568389892578], [138.79713439941406, -11.542232513427734], [138.6304473876953, -11.542232513427734], [138.6304473876953, -11.375560760498047], [138.7137908935547, -11.375560760498047], [138.7137908935547, -11.20888900756836], [138.6304473876953, -11.20888900756836], [138.6304473876953, -11.042217254638672], [138.54710388183594, -11.042217254638672], [138.54710388183594, -10.958881378173828], [138.46376037597656, -10.958881378173828], [138.46376037597656, -10.79220962524414], [138.3804168701172, -10.79220962524414], [138.3804168701172, -10.625537872314453], [138.2970733642578, -10.625537872314453], [138.2970733642578, -10.54220199584961], [138.13038635253906, -10.54220199584961], [138.13038635253906, -10.375530242919922], [138.0470428466797, -10.375530242919922], [138.0470428466797, -9.87551498413086], [137.9636993408203, -9.87551498413086], [137.9636993408203, -9.792179107666016], [137.88035583496094, -9.792179107666016], [137.88035583496094, -9.708843231201172], [137.7136688232422, -9.708843231201172], [137.7136688232422, -9.625507354736328], [137.79701232910156, -9.625507354736328], [137.79701232910156, -9.542171478271484], [137.6303253173828, -9.542171478271484], [137.6303253173828, -9.292163848876953], [137.7136688232422, -9.292163848876953], [137.7136688232422, -9.375499725341797], [137.9636993408203, -9.375499725341797], [137.9636993408203, -9.45883560180664], [138.13038635253906, -9.45883560180664], [138.13038635253906, -9.375499725341797], [138.3804168701172, -9.375499725341797], [138.3804168701172, -9.292163848876953], [138.46376037597656, -9.292163848876953], [138.46376037597656, -9.20882797241211], [138.54710388183594, -9.20882797241211], [138.54710388183594, -9.125492095947266], [138.46376037597656, -9.125492095947266], [138.46376037597656, -8.958820343017578], [138.7137908935547, -8.958820343017578], [138.7137908935547, -8.875484466552734], [139.88059997558594, -8.875484466552734], [139.88059997558594, -8.958820343017578], [139.9639434814453, -8.958820343017578], [139.9639434814453, -9.042156219482422], [140.13063049316406, -9.042156219482422], [140.13063049316406, -9.125492095947266], [140.21397399902344, -9.125492095947266], [140.21397399902344, -9.20882797241211], [140.3806610107422, -9.20882797241211], [140.3806610107422, -9.292163848876953], [140.46400451660156, -9.292163848876953], [140.46400451660156, -9.375499725341797], [140.54734802246094, -9.375499725341797], [140.54734802246094, -9.45883560180664], [140.6306915283203, -9.45883560180664], [140.6306915283203, -8.79214859008789], [140.54734802246094, -8.79214859008789], [140.54734802246094, -8.625476837158203], [140.3806610107422, -8.625476837158203], [140.3806610107422, -8.458805084228516], [140.2973175048828, -8.458805084228516], [140.2973175048828, -8.375469207763672], [139.6305694580078, -8.375469207763672], [139.6305694580078, -8.625476837158203], [138.13038635253906, -8.625476837158203], [138.13038635253906, -8.458805084228516], [137.7136688232422, -8.458805084228516], [137.7136688232422, -8.375469207763672], [137.3802947998047, -8.375469207763672], [137.3802947998047, -7.625446319580078], [136.9635772705078, -7.625446319580078], [136.9635772705078, -7.458774566650391], [137.2969512939453, -7.458774566650391], [137.2969512939453, -7.375438690185547], [137.3802947998047, -7.375438690185547], [137.3802947998047, -7.292102813720703], [137.54698181152344, -7.292102813720703], [137.54698181152344, -7.208766937255859], [137.6303253173828, -7.208766937255859], [137.6303253173828, -7.125431060791016], [137.7136688232422, -7.125431060791016], [137.7136688232422, -7.208766937255859], [137.79701232910156, -7.208766937255859], [137.79701232910156, -7.292102813720703], [138.0470428466797, -7.292102813720703], [138.0470428466797, -7.208766937255859], [138.2970733642578, -7.208766937255859], [138.2970733642578, -7.125431060791016], [138.3804168701172, -7.125431060791016], [138.3804168701172, -6.375408172607422], [138.13038635253906, -6.375408172607422], [138.13038635253906, -6.125400543212891], [137.88035583496094, -6.125400543212891], [137.88035583496094, -5.875392913818359], [137.7136688232422, -5.875392913818359], [137.7136688232422, -5.958728790283203], [137.6303253173828, -5.958728790283203], [137.6303253173828, -6.042064666748047], [137.54698181152344, -6.042064666748047], [137.54698181152344, -6.292072296142578]], [[138.3804168701172, -10.375530242919922], [138.3804168701172, -10.12552261352539], [138.13038635253906, -10.12552261352539], [138.13038635253906, -10.375530242919922], [138.3804168701172, -10.375530242919922]], [[128.12916564941406, -5.958728790283203], [128.0458221435547, -5.958728790283203], [128.0458221435547, -6.042064666748047], [127.87913513183594, -6.042064666748047], [127.87913513183594, -6.125400543212891], [128.12916564941406, -6.125400543212891], [128.12916564941406, -5.958728790283203]], [[127.79579162597656, -6.125400543212891], [127.79579162597656, -6.208736419677734], [127.71244812011719, -6.208736419677734], [127.71244812011719, -6.375408172607422], [127.62910461425781, -6.375408172607422], [127.62910461425781, -6.542079925537109], [127.79579162597656, -6.542079925537109], [127.79579162597656, -6.458744049072266], [127.87913513183594, -6.458744049072266], [127.87913513183594, -6.125400543212891], [127.79579162597656, -6.125400543212891]], [[135.79676818847656, -6.292072296142578], [135.88011169433594, -6.292072296142578], [135.88011169433594, -6.208736419677734], [135.79676818847656, -6.208736419677734], [135.79676818847656, -6.292072296142578]], [[135.88011169433594, -6.458744049072266], [135.9634552001953, -6.458744049072266], [135.9634552001953, -6.292072296142578], [135.88011169433594, -6.292072296142578], [135.88011169433594, -6.458744049072266]], [[135.54673767089844, -6.458744049072266], [135.79676818847656, -6.458744049072266], [135.79676818847656, -6.375408172607422], [135.54673767089844, -6.375408172607422], [135.54673767089844, -6.458744049072266]], [[131.9629669189453, -6.625415802001953], [132.0463104248047, -6.625415802001953], [132.0463104248047, -6.542079925537109], [131.9629669189453, -6.542079925537109], [131.9629669189453, -6.625415802001953]], [[132.54637145996094, -6.625415802001953], [132.6297149658203, -6.625415802001953], [132.6297149658203, -6.542079925537109], [132.54637145996094, -6.542079925537109], [132.54637145996094, -6.625415802001953]], [[136.79689025878906, -6.708751678466797], [136.21348571777344, -6.708751678466797], [136.21348571777344, -7.042095184326172], [136.6302032470703, -7.042095184326172], [136.6302032470703, -6.875423431396484], [136.79689025878906, -6.875423431396484], [136.79689025878906, -6.708751678466797]], [[112.46058654785156, -6.875423431396484], [112.62727355957031, -6.875423431396484], [112.62727355957031, -6.792087554931641], [112.46058654785156, -6.792087554931641], [112.46058654785156, -6.875423431396484]], [[133.79652404785156, -6.875423431396484], [133.7131805419922, -6.875423431396484], [133.7131805419922, -6.958759307861328], [133.54649353027344, -6.958759307861328], [133.54649353027344, -7.042095184326172], [133.79652404785156, -7.042095184326172], [133.79652404785156, -6.875423431396484]], [[106.45985412597656, -7.125431060791016], [106.54319763183594, -7.125431060791016], [106.54319763183594, -6.958759307861328], [106.45985412597656, -6.958759307861328], [106.45985412597656, -7.125431060791016]], [[138.54710388183594, -7.208766937255859], [138.6304473876953, -7.208766937255859], [138.6304473876953, -7.125431060791016], [138.54710388183594, -7.125431060791016], [138.54710388183594, -7.208766937255859]], [[116.62776184082031, -7.625446319580078], [117.04447937011719, -7.625446319580078], [117.04447937011719, -7.542110443115234], [117.12782287597656, -7.542110443115234], [117.12782287597656, -7.375438690185547], [116.79444885253906, -7.375438690185547], [116.79444885253906, -7.458774566650391], [116.71110534667969, -7.458774566650391], [116.71110534667969, -7.542110443115234], [116.62776184082031, -7.542110443115234], [116.62776184082031, -7.625446319580078]], [[126.37895202636719, -7.625446319580078], [126.54563903808594, -7.625446319580078], [126.54563903808594, -7.542110443115234], [126.37895202636719, -7.542110443115234], [126.37895202636719, -7.625446319580078]], [[114.37748718261719, -8.12546157836914], [114.54417419433594, -8.12546157836914], [114.54417419433594, -8.042125701904297], [114.37748718261719, -8.042125701904297], [114.37748718261719, -8.12546157836914]], [[125.62886047363281, -8.12546157836914], [125.71220397949219, -8.12546157836914], [125.71220397949219, -8.042125701904297], [125.62886047363281, -8.042125701904297], [125.62886047363281, -8.12546157836914]], [[125.87889099121094, -8.292133331298828], [126.04557800292969, -8.292133331298828], [126.04557800292969, -8.208797454833984], [125.87889099121094, -8.208797454833984], [125.87889099121094, -8.292133331298828]], [[126.21226501464844, -8.375469207763672], [126.37895202636719, -8.375469207763672], [126.37895202636719, -8.208797454833984], [126.21226501464844, -8.208797454833984], [126.21226501464844, -8.375469207763672]], [[123.87864685058594, -8.375469207763672], [123.96199035644531, -8.375469207763672], [123.96199035644531, -8.292133331298828], [123.87864685058594, -8.292133331298828], [123.87864685058594, -8.375469207763672]], [[127.46241760253906, -8.625476837158203], [127.37907409667969, -8.625476837158203], [127.37907409667969, -8.875484466552734], [127.12904357910156, -8.875484466552734], [127.12904357910156, -9.125492095947266], [127.62910461425781, -9.125492095947266], [127.62910461425781, -9.20882797241211], [127.71244812011719, -9.20882797241211], [127.71244812011719, -8.875484466552734], [127.62910461425781, -8.875484466552734], [127.62910461425781, -8.708812713623047], [127.71244812011719, -8.708812713623047], [127.71244812011719, -8.625476837158203], [127.62910461425781, -8.625476837158203], [127.62910461425781, -8.375469207763672], [127.54576110839844, -8.375469207763672], [127.54576110839844, -8.292133331298828], [127.21238708496094, -8.292133331298828], [127.21238708496094, -8.375469207763672], [127.37907409667969, -8.375469207763672], [127.37907409667969, -8.458805084228516], [127.46241760253906, -8.458805084228516], [127.46241760253906, -8.625476837158203]], [[126.62898254394531, -9.125492095947266], [126.62898254394531, -9.375499725341797], [126.12892150878906, -9.375499725341797], [126.12892150878906, -9.625507354736328], [125.87889099121094, -9.625507354736328], [125.87889099121094, -9.292163848876953], [125.71220397949219, -9.292163848876953], [125.71220397949219, -9.375499725341797], [125.54551696777344, -9.375499725341797], [125.54551696777344, -9.45883560180664], [125.46217346191406, -9.45883560180664], [125.46217346191406, -9.542171478271484], [125.37882995605469, -9.542171478271484], [125.37882995605469, -9.87551498413086], [125.12879943847656, -9.87551498413086], [125.12879943847656, -9.792179107666016], [125.04545593261719, -9.792179107666016], [125.04545593261719, -9.87551498413086], [124.96211242675781, -9.87551498413086], [124.96211242675781, -9.958850860595703], [124.87876892089844, -9.958850860595703], [124.87876892089844, -10.12552261352539], [124.46205139160156, -10.12552261352539], [124.46205139160156, -10.208858489990234], [124.37870788574219, -10.208858489990234], [124.37870788574219, -10.292194366455078], [124.29536437988281, -10.292194366455078], [124.29536437988281, -10.375530242919922], [123.87864685058594, -10.375530242919922], [123.87864685058594, -10.625537872314453], [123.62861633300781, -10.625537872314453], [123.62861633300781, -10.875545501708984], [122.96186828613281, -10.875545501708984], [122.96186828613281, -10.958881378173828], [122.87852478027344, -10.958881378173828], [122.87852478027344, -11.042217254638672], [122.79518127441406, -11.042217254638672], [122.79518127441406, -11.125553131103516], [122.62849426269531, -11.125553131103516], [122.62849426269531, -11.20888900756836], [122.54515075683594, -11.20888900756836], [122.54515075683594, -11.292224884033203], [122.37846374511719, -11.292224884033203], [122.37846374511719, -11.45889663696289], [122.29512023925781, -11.45889663696289], [122.29512023925781, -11.542232513427734], [122.21177673339844, -11.542232513427734], [122.21177673339844, -11.625568389892578], [121.96174621582031, -11.625568389892578], [121.96174621582031, -11.708904266357422], [121.87840270996094, -11.708904266357422], [121.87840270996094, -11.375560760498047], [122.29512023925781, -11.375560760498047], [122.29512023925781, -11.292224884033203], [122.21177673339844, -11.292224884033203], [122.21177673339844, -11.20888900756836], [122.12843322753906, -11.20888900756836], [122.12843322753906, -10.875545501708984], [121.87840270996094, -10.875545501708984], [121.87840270996094, -11.125553131103516], [121.37834167480469, -11.125553131103516], [121.37834167480469, -11.375560760498047], [121.12831115722656, -11.375560760498047], [121.12831115722656, -11.292224884033203], [120.87828063964844, -11.292224884033203], [120.87828063964844, -11.542232513427734], [120.71159362792969, -11.542232513427734], [120.71159362792969, -11.625568389892578], [120.62825012207031, -11.625568389892578], [120.62825012207031, -11.87557601928711], [120.37821960449219, -11.87557601928711], [120.37821960449219, -11.958911895751953], [122.37846374511719, -11.958911895751953], [122.37846374511719, -11.87557601928711], [122.62849426269531, -11.87557601928711], [122.62849426269531, -11.792240142822266], [122.71183776855469, -11.792240142822266], [122.71183776855469, -11.708904266357422], [122.79518127441406, -11.708904266357422], [122.79518127441406, -11.625568389892578], [122.96186828613281, -11.625568389892578], [122.96186828613281, -11.542232513427734], [123.12855529785156, -11.542232513427734], [123.12855529785156, -11.625568389892578], [123.21189880371094, -11.625568389892578], [123.21189880371094, -11.542232513427734], [123.37858581542969, -11.542232513427734], [123.37858581542969, -11.45889663696289], [123.54527282714844, -11.45889663696289], [123.54527282714844, -11.375560760498047], [123.79530334472656, -11.375560760498047], [123.79530334472656, -11.292224884033203], [123.96199035644531, -11.292224884033203], [123.96199035644531, -11.20888900756836], [124.12867736816406, -11.20888900756836], [124.12867736816406, -11.125553131103516], [124.29536437988281, -11.125553131103516], [124.29536437988281, -11.042217254638672], [124.46205139160156, -11.042217254638672], [124.46205139160156, -10.958881378173828], [124.62873840332031, -10.958881378173828], [124.62873840332031, -10.875545501708984], [124.29536437988281, -10.875545501708984], [124.29536437988281, -10.79220962524414], [124.46205139160156, -10.79220962524414], [124.46205139160156, -10.708873748779297], [124.54539489746094, -10.708873748779297], [124.54539489746094, -10.625537872314453], [124.62873840332031, -10.625537872314453], [124.62873840332031, -10.54220199584961], [124.79542541503906, -10.54220199584961], [124.79542541503906, -10.458866119384766], [124.87876892089844, -10.458866119384766], [124.87876892089844, -10.79220962524414], [125.04545593261719, -10.79220962524414], [125.04545593261719, -10.708873748779297], [125.12879943847656, -10.708873748779297], [125.12879943847656, -10.625537872314453], [125.04545593261719, -10.625537872314453], [125.04545593261719, -10.54220199584961], [125.12879943847656, -10.54220199584961], [125.12879943847656, -10.375530242919922], [124.96211242675781, -10.375530242919922], [124.96211242675781, -10.292194366455078], [125.04545593261719, -10.292194366455078], [125.04545593261719, -10.208858489990234], [125.12879943847656, -10.208858489990234], [125.12879943847656, -10.12552261352539], [125.21214294433594, -10.12552261352539], [125.21214294433594, -10.042186737060547], [125.37882995605469, -10.042186737060547], [125.37882995605469, -9.958850860595703], [125.46217346191406, -9.958850860595703], [125.46217346191406, -9.87551498413086], [125.87889099121094, -9.87551498413086], [125.87889099121094, -10.042186737060547], [126.04557800292969, -10.042186737060547], [126.04557800292969, -9.958850860595703], [126.12892150878906, -9.958850860595703], [126.12892150878906, -9.87551498413086], [126.62898254394531, -9.87551498413086], [126.62898254394531, -9.625507354736328], [126.87901306152344, -9.625507354736328], [126.87901306152344, -9.292163848876953], [126.96235656738281, -9.292163848876953], [126.96235656738281, -9.20882797241211], [127.12904357910156, -9.20882797241211], [127.12904357910156, -9.125492095947266], [126.62898254394531, -9.125492095947266]], [[130.9628448486328, -8.375469207763672], [131.0461883544922, -8.375469207763672], [131.0461883544922, -8.292133331298828], [130.87950134277344, -8.292133331298828], [130.87950134277344, -8.375469207763672], [130.7128143310547, -8.375469207763672], [130.7128143310547, -8.458805084228516], [130.9628448486328, -8.458805084228516], [130.9628448486328, -8.375469207763672]], [[114.54417419433594, -8.458805084228516], [114.37748718261719, -8.458805084228516], [114.37748718261719, -8.54214096069336], [114.46083068847656, -8.54214096069336], [114.46083068847656, -8.625476837158203], [114.54417419433594, -8.625476837158203], [114.54417419433594, -8.458805084228516]], [[119.21141052246094, -8.79214859008789], [119.29475402832031, -8.79214859008789], [119.29475402832031, -8.625476837158203], [119.21141052246094, -8.625476837158203], [119.21141052246094, -8.79214859008789]], [[120.79493713378906, -8.958820343017578], [120.87828063964844, -8.958820343017578], [120.87828063964844, -8.875484466552734], [120.79493713378906, -8.875484466552734], [120.79493713378906, -8.958820343017578]], [[122.12843322753906, -8.958820343017578], [122.54515075683594, -8.958820343017578], [122.54515075683594, -8.875484466552734], [122.12843322753906, -8.875484466552734], [122.12843322753906, -8.958820343017578]], [[129.9627227783203, -9.042156219482422], [130.0460662841797, -9.042156219482422], [130.0460662841797, -8.958820343017578], [130.12940979003906, -8.958820343017578], [130.12940979003906, -8.875484466552734], [129.9627227783203, -8.875484466552734], [129.9627227783203, -8.958820343017578], [129.87937927246094, -8.958820343017578], [129.87937927246094, -9.125492095947266], [129.9627227783203, -9.125492095947266], [129.9627227783203, -9.042156219482422]], [[129.79603576660156, -9.125492095947266], [129.79603576660156, -9.20882797241211], [129.87937927246094, -9.20882797241211], [129.87937927246094, -9.125492095947266], [129.79603576660156, -9.125492095947266]], [[129.7126922607422, -9.20882797241211], [129.7126922607422, -9.292163848876953], [129.79603576660156, -9.292163848876953], [129.79603576660156, -9.20882797241211], [129.7126922607422, -9.20882797241211]], [[120.96162414550781, -9.042156219482422], [121.12831115722656, -9.042156219482422], [121.12831115722656, -8.958820343017578], [120.96162414550781, -8.958820343017578], [120.96162414550781, -9.042156219482422]], [[141.6308135986328, -9.625507354736328], [141.79750061035156, -9.625507354736328], [141.79750061035156, -9.708843231201172], [142.0475311279297, -9.708843231201172], [142.0475311279297, -9.87551498413086], [142.21421813964844, -9.87551498413086], [142.21421813964844, -9.958850860595703], [142.3809051513672, -9.958850860595703], [142.3809051513672, -9.87551498413086], [142.46424865722656, -9.87551498413086], [142.46424865722656, -9.708843231201172], [142.6309356689453, -9.708843231201172], [142.6309356689453, -9.375499725341797], [142.13087463378906, -9.375499725341797], [142.13087463378906, -9.20882797241211], [141.54747009277344, -9.20882797241211], [141.54747009277344, -9.292163848876953], [141.46412658691406, -9.292163848876953], [141.46412658691406, -9.375499725341797], [141.6308135986328, -9.375499725341797], [141.6308135986328, -9.625507354736328]], [[141.54747009277344, -9.625507354736328], [141.54747009277344, -9.792179107666016], [141.6308135986328, -9.792179107666016], [141.6308135986328, -9.625507354736328], [141.54747009277344, -9.625507354736328]], [[142.13087463378906, -9.958850860595703], [142.13087463378906, -10.042186737060547], [142.21421813964844, -10.042186737060547], [142.21421813964844, -9.958850860595703], [142.13087463378906, -9.958850860595703]], [[142.88096618652344, -9.292163848876953], [142.9643096923828, -9.292163848876953], [142.9643096923828, -9.20882797241211], [142.88096618652344, -9.20882797241211], [142.88096618652344, -9.292163848876953]], [[127.62910461425781, -9.375499725341797], [127.71244812011719, -9.375499725341797], [127.71244812011719, -9.292163848876953], [127.62910461425781, -9.292163848876953], [127.62910461425781, -9.375499725341797]], [[127.37907409667969, -9.375499725341797], [127.37907409667969, -9.625507354736328], [127.62910461425781, -9.625507354736328], [127.62910461425781, -9.375499725341797], [127.37907409667969, -9.375499725341797]], [[138.46376037597656, -9.542171478271484], [138.3804168701172, -9.542171478271484], [138.3804168701172, -9.625507354736328], [138.46376037597656, -9.625507354736328], [138.46376037597656, -9.708843231201172], [138.6304473876953, -9.708843231201172], [138.6304473876953, -9.792179107666016], [138.7137908935547, -9.792179107666016], [138.7137908935547, -9.708843231201172], [138.88047790527344, -9.708843231201172], [138.88047790527344, -9.625507354736328], [139.21385192871094, -9.625507354736328], [139.21385192871094, -9.45883560180664], [139.13050842285156, -9.45883560180664], [139.13050842285156, -9.375499725341797], [139.0471649169922, -9.375499725341797], [139.0471649169922, -9.292163848876953], [138.7137908935547, -9.292163848876953], [138.7137908935547, -9.375499725341797], [138.6304473876953, -9.375499725341797], [138.6304473876953, -9.45883560180664], [138.46376037597656, -9.45883560180664], [138.46376037597656, -9.542171478271484]], [[139.9639434814453, -9.45883560180664], [140.0472869873047, -9.45883560180664], [140.0472869873047, -9.375499725341797], [139.9639434814453, -9.375499725341797], [139.9639434814453, -9.45883560180664]], [[141.3807830810547, -9.375499725341797], [141.13075256347656, -9.375499725341797], [141.13075256347656, -9.625507354736328], [141.2974395751953, -9.625507354736328], [141.2974395751953, -9.542171478271484], [141.3807830810547, -9.542171478271484], [141.3807830810547, -9.375499725341797]], [[140.79737854003906, -9.625507354736328], [140.79737854003906, -9.708843231201172], [141.13075256347656, -9.708843231201172], [141.13075256347656, -9.625507354736328], [140.79737854003906, -9.625507354736328]], [[142.88096618652344, -9.792179107666016], [142.9643096923828, -9.792179107666016], [142.9643096923828, -9.708843231201172], [142.88096618652344, -9.708843231201172], [142.88096618652344, -9.792179107666016]], [[139.21385192871094, -10.042186737060547], [139.2971954345703, -10.042186737060547], [139.2971954345703, -10.12552261352539], [139.6305694580078, -10.12552261352539], [139.6305694580078, -10.208858489990234], [139.7139129638672, -10.208858489990234], [139.7139129638672, -10.458866119384766], [139.79725646972656, -10.458866119384766], [139.79725646972656, -10.375530242919922], [139.9639434814453, -10.375530242919922], [139.9639434814453, -10.292194366455078], [140.13063049316406, -10.292194366455078], [140.13063049316406, -9.87551498413086], [140.0472869873047, -9.87551498413086], [140.0472869873047, -9.792179107666016], [139.46388244628906, -9.792179107666016], [139.46388244628906, -9.87551498413086], [139.2971954345703, -9.87551498413086], [139.2971954345703, -9.958850860595703], [139.21385192871094, -9.958850860595703], [139.21385192871094, -10.042186737060547]], [[139.9639434814453, -10.458866119384766], [140.0472869873047, -10.458866119384766], [140.0472869873047, -10.375530242919922], [139.9639434814453, -10.375530242919922], [139.9639434814453, -10.458866119384766]], [[140.79737854003906, -9.87551498413086], [140.7140350341797, -9.87551498413086], [140.7140350341797, -9.792179107666016], [140.6306915283203, -9.792179107666016], [140.6306915283203, -9.958850860595703], [140.7140350341797, -9.958850860595703], [140.7140350341797, -10.042186737060547], [140.79737854003906, -10.042186737060547], [140.79737854003906, -9.87551498413086]], [[142.88096618652344, -9.958850860595703], [142.9643096923828, -9.958850860595703], [142.9643096923828, -9.87551498413086], [142.88096618652344, -9.87551498413086], [142.88096618652344, -9.958850860595703]], [[142.7142791748047, -10.625537872314453], [142.6309356689453, -10.625537872314453], [142.6309356689453, -10.875545501708984], [142.79762268066406, -10.875545501708984], [142.79762268066406, -10.708873748779297], [142.9643096923828, -10.708873748779297], [142.9643096923828, -10.625537872314453], [142.79762268066406, -10.625537872314453], [142.79762268066406, -10.54220199584961], [142.9643096923828, -10.54220199584961], [142.9643096923828, -10.042186737060547], [142.88096618652344, -10.042186737060547], [142.88096618652344, -10.375530242919922], [142.6309356689453, -10.375530242919922], [142.6309356689453, -10.54220199584961], [142.7142791748047, -10.54220199584961], [142.7142791748047, -10.625537872314453]], [[125.62886047363281, -10.208858489990234], [125.79554748535156, -10.208858489990234], [125.79554748535156, -10.12552261352539], [125.62886047363281, -10.12552261352539], [125.62886047363281, -10.208858489990234]], [[130.3794403076172, -10.292194366455078], [130.7128143310547, -10.292194366455078], [130.7128143310547, -10.208858489990234], [130.3794403076172, -10.208858489990234], [130.3794403076172, -10.292194366455078]], [[140.46400451660156, -10.54220199584961], [140.7140350341797, -10.54220199584961], [140.7140350341797, -10.708873748779297], [140.79737854003906, -10.708873748779297], [140.79737854003906, -10.875545501708984], [140.9640655517578, -10.875545501708984], [140.9640655517578, -10.625537872314453], [140.88072204589844, -10.625537872314453], [140.88072204589844, -10.54220199584961], [140.79737854003906, -10.54220199584961], [140.79737854003906, -10.458866119384766], [140.7140350341797, -10.458866119384766], [140.7140350341797, -10.375530242919922], [140.54734802246094, -10.375530242919922], [140.54734802246094, -10.292194366455078], [140.21397399902344, -10.292194366455078], [140.21397399902344, -10.375530242919922], [140.13063049316406, -10.375530242919922], [140.13063049316406, -10.458866119384766], [140.46400451660156, -10.458866119384766], [140.46400451660156, -10.54220199584961]], [[141.79750061035156, -10.54220199584961], [141.88084411621094, -10.54220199584961], [141.88084411621094, -10.375530242919922], [141.79750061035156, -10.375530242919922], [141.79750061035156, -10.54220199584961]], [[142.13087463378906, -10.54220199584961], [142.2975616455078, -10.54220199584961], [142.2975616455078, -10.375530242919922], [142.13087463378906, -10.375530242919922], [142.13087463378906, -10.54220199584961]], [[142.2975616455078, -10.625537872314453], [142.3809051513672, -10.625537872314453], [142.3809051513672, -10.54220199584961], [142.2975616455078, -10.54220199584961], [142.2975616455078, -10.625537872314453]], [[139.46388244628906, -10.54220199584961], [139.2971954345703, -10.54220199584961], [139.2971954345703, -10.708873748779297], [139.3805389404297, -10.708873748779297], [139.3805389404297, -10.625537872314453], [139.46388244628906, -10.625537872314453], [139.46388244628906, -10.54220199584961]], [[142.0475311279297, -10.79220962524414], [142.13087463378906, -10.79220962524414], [142.13087463378906, -10.625537872314453], [142.0475311279297, -10.625537872314453], [142.0475311279297, -10.79220962524414]], [[132.54637145996094, -10.79220962524414], [132.6297149658203, -10.79220962524414], [132.6297149658203, -10.708873748779297], [132.46302795410156, -10.708873748779297], [132.46302795410156, -10.79220962524414], [132.3796844482422, -10.79220962524414], [132.3796844482422, -10.875545501708984], [132.54637145996094, -10.875545501708984], [132.54637145996094, -10.79220962524414]], [[134.54661560058594, -11.042217254638672], [134.79664611816406, -11.042217254638672], [134.79664611816406, -11.125553131103516], [135.2967071533203, -11.125553131103516], [135.2967071533203, -10.958881378173828], [135.3800506591797, -10.958881378173828], [135.3800506591797, -10.79220962524414], [135.0466766357422, -10.79220962524414], [135.0466766357422, -10.708873748779297], [134.87998962402344, -10.708873748779297], [134.87998962402344, -10.875545501708984], [134.6299591064453, -10.875545501708984], [134.6299591064453, -10.958881378173828], [134.54661560058594, -10.958881378173828], [134.54661560058594, -11.042217254638672]], [[136.6302032470703, -10.875545501708984], [136.54685974121094, -10.875545501708984], [136.54685974121094, -10.958881378173828], [136.46351623535156, -10.958881378173828], [136.46351623535156, -11.125553131103516], [136.6302032470703, -11.125553131103516], [136.6302032470703, -11.20888900756836], [136.7135467529297, -11.20888900756836], [136.7135467529297, -11.292224884033203], [136.79689025878906, -11.292224884033203], [136.79689025878906, -11.20888900756836], [136.88023376464844, -11.20888900756836], [136.88023376464844, -11.125553131103516], [136.9635772705078, -11.125553131103516], [136.9635772705078, -11.20888900756836], [137.0469207763672, -11.20888900756836], [137.0469207763672, -11.292224884033203], [137.13026428222656, -11.292224884033203], [137.13026428222656, -11.375560760498047], [137.21360778808594, -11.375560760498047], [137.21360778808594, -10.958881378173828], [137.13026428222656, -10.958881378173828], [137.13026428222656, -10.79220962524414], [137.0469207763672, -10.79220962524414], [137.0469207763672, -10.708873748779297], [136.9635772705078, -10.708873748779297], [136.9635772705078, -10.875545501708984], [136.88023376464844, -10.875545501708984], [136.88023376464844, -10.79220962524414], [136.6302032470703, -10.79220962524414], [136.6302032470703, -10.875545501708984]], [[136.6302032470703, -11.292224884033203], [136.6302032470703, -11.375560760498047], [136.7135467529297, -11.375560760498047], [136.7135467529297, -11.292224884033203], [136.6302032470703, -11.292224884033203]], [[134.3799285888672, -10.958881378173828], [134.46327209472656, -10.958881378173828], [134.46327209472656, -10.875545501708984], [134.3799285888672, -10.875545501708984], [134.3799285888672, -10.958881378173828]], [[142.0475311279297, -11.042217254638672], [142.13087463378906, -11.042217254638672], [142.13087463378906, -10.875545501708984], [142.0475311279297, -10.875545501708984], [142.0475311279297, -11.042217254638672]], [[120.12818908691406, -11.375560760498047], [120.21153259277344, -11.375560760498047], [120.21153259277344, -11.292224884033203], [120.12818908691406, -11.292224884033203], [120.12818908691406, -11.375560760498047]], [[142.88096618652344, -11.87557601928711], [142.9643096923828, -11.87557601928711], [142.9643096923828, -11.292224884033203], [142.88096618652344, -11.292224884033203], [142.88096618652344, -11.87557601928711]], [[137.21360778808594, -11.45889663696289], [137.13026428222656, -11.45889663696289], [137.13026428222656, -11.87557601928711], [137.2969512939453, -11.87557601928711], [137.2969512939453, -11.708904266357422], [137.21360778808594, -11.708904266357422], [137.21360778808594, -11.45889663696289]], [[137.6303253173828, -11.87557601928711], [137.7136688232422, -11.87557601928711], [137.7136688232422, -11.792240142822266], [137.6303253173828, -11.792240142822266], [137.6303253173828, -11.87557601928711]], [[135.88011169433594, -11.958911895751953], [136.13014221191406, -11.958911895751953], [136.13014221191406, -11.87557601928711], [135.88011169433594, -11.87557601928711], [135.88011169433594, -11.958911895751953]]], [[[117.71122741699219, -2.291950225830078], [117.62788391113281, -2.291950225830078], [117.62788391113281, -2.2086143493652344], [117.71122741699219, -2.2086143493652344], [117.71122741699219, -2.291950225830078]]], [[[119.04472351074219, 1.5415000915527344], [118.96138000488281, 1.5415000915527344], [118.96138000488281, 1.7081718444824219], [119.04472351074219, 1.7081718444824219], [119.04472351074219, 1.6248359680175781], [119.12806701660156, 1.6248359680175781], [119.12806701660156, 1.4581642150878906], [119.04472351074219, 1.4581642150878906], [119.04472351074219, 1.5415000915527344]]], [[[119.04472351074219, 3.374889373779297], [119.04472351074219, 3.291553497314453], [118.87803649902344, 3.291553497314453], [118.87803649902344, 3.374889373779297], [119.04472351074219, 3.374889373779297]]], [[[94.95845031738281, 3.8749046325683594], [94.87510681152344, 3.8749046325683594], [94.87510681152344, 3.958240509033203], [94.95845031738281, 3.958240509033203], [94.95845031738281, 3.8749046325683594]]], [[[119.29475402832031, 4.041576385498047], [119.21141052246094, 4.041576385498047], [119.21141052246094, 3.8749046325683594], [119.12806701660156, 3.8749046325683594], [119.12806701660156, 4.208248138427734], [119.21141052246094, 4.208248138427734], [119.21141052246094, 4.374919891357422], [119.29475402832031, 4.374919891357422], [119.29475402832031, 4.458255767822266], [119.46144104003906, 4.458255767822266], [119.46144104003906, 4.374919891357422], [119.37809753417969, 4.374919891357422], [119.37809753417969, 4.208248138427734], [119.29475402832031, 4.208248138427734], [119.29475402832031, 4.041576385498047]]], [[[119.21141052246094, 4.541591644287109], [119.21141052246094, 4.374919891357422], [119.12806701660156, 4.374919891357422], [119.12806701660156, 4.541591644287109], [119.21141052246094, 4.541591644287109]]], [[[94.45838928222656, 5.208278656005859], [94.54173278808594, 5.208278656005859], [94.54173278808594, 5.291614532470703], [94.62507629394531, 5.291614532470703], [94.62507629394531, 5.124942779541016], [94.54173278808594, 5.124942779541016], [94.54173278808594, 5.041606903076172], [94.45838928222656, 5.041606903076172], [94.45838928222656, 5.208278656005859]]], [[[123.37858581542969, -8.875484466552734], [123.62861633300781, -8.875484466552734], [123.62861633300781, -8.958820343017578], [123.54527282714844, -8.958820343017578], [123.54527282714844, -9.042156219482422], [123.37858581542969, -9.042156219482422], [123.37858581542969, -8.875484466552734]]], [[[123.87864685058594, -8.875484466552734], [123.87864685058594, -9.042156219482422], [123.79530334472656, -9.042156219482422], [123.79530334472656, -8.875484466552734], [123.87864685058594, -8.875484466552734]]], [[[125.04545593261719, -3.7919960021972656], [124.96211242675781, -3.7919960021972656], [124.96211242675781, -3.708660125732422], [125.04545593261719, -3.708660125732422], [125.04545593261719, -3.7919960021972656]]], [[[130.54612731933594, -1.3752555847167969], [130.46278381347656, -1.3752555847167969], [130.46278381347656, -1.2919197082519531], [130.54612731933594, -1.2919197082519531], [130.54612731933594, -1.3752555847167969]]], [[[128.87925720214844, 1.8748435974121094], [128.79591369628906, 1.8748435974121094], [128.79591369628906, 2.041515350341797], [128.87925720214844, 2.041515350341797], [128.87925720214844, 1.8748435974121094]]], [[[127.37907409667969, 2.1248512268066406], [127.46241760253906, 2.1248512268066406], [127.46241760253906, 2.2081871032714844], [127.54576110839844, 2.2081871032714844], [127.54576110839844, 2.041515350341797], [127.46241760253906, 2.041515350341797], [127.46241760253906, 1.9581794738769531], [127.37907409667969, 1.9581794738769531], [127.37907409667969, 2.1248512268066406]]], [[[123.12855529785156, 3.041545867919922], [123.04521179199219, 3.041545867919922], [123.04521179199219, 3.1248817443847656], [123.12855529785156, 3.1248817443847656], [123.12855529785156, 3.041545867919922]]], [[[126.96235656738281, 4.374919891357422], [127.04570007324219, 4.374919891357422], [127.04570007324219, 4.208248138427734], [127.12904357910156, 4.208248138427734], [127.12904357910156, 3.8749046325683594], [126.87901306152344, 3.8749046325683594], [126.87901306152344, 3.708232879638672], [126.79566955566406, 3.708232879638672], [126.79566955566406, 3.7915687561035156], [126.62898254394531, 3.7915687561035156], [126.62898254394531, 4.624927520751953], [126.79566955566406, 4.624927520751953], [126.79566955566406, 4.541591644287109], [126.87901306152344, 4.541591644287109], [126.87901306152344, 4.458255767822266], [126.96235656738281, 4.458255767822266], [126.96235656738281, 4.374919891357422]]], [[[125.71220397949219, 4.458255767822266], [125.71220397949219, 4.374919891357422], [125.62886047363281, 4.374919891357422], [125.62886047363281, 4.458255767822266], [125.71220397949219, 4.458255767822266]]], [[[125.71220397949219, 4.541591644287109], [125.62886047363281, 4.541591644287109], [125.62886047363281, 4.624927520751953], [125.71220397949219, 4.624927520751953], [125.71220397949219, 4.541591644287109]]], [[[125.46217346191406, 4.624927520751953], [125.37882995605469, 4.624927520751953], [125.37882995605469, 4.708263397216797], [125.46217346191406, 4.708263397216797], [125.46217346191406, 4.624927520751953]]], [[[127.29573059082031, 4.708263397216797], [127.29573059082031, 4.624927520751953], [127.12904357910156, 4.624927520751953], [127.12904357910156, 4.708263397216797], [127.29573059082031, 4.708263397216797]]], [[[125.54551696777344, 4.708263397216797], [125.46217346191406, 4.708263397216797], [125.46217346191406, 4.791599273681641], [125.54551696777344, 4.791599273681641], [125.54551696777344, 4.708263397216797]]], [[[127.12904357910156, 4.708263397216797], [127.04570007324219, 4.708263397216797], [127.04570007324219, 4.791599273681641], [127.12904357910156, 4.791599273681641], [127.12904357910156, 4.708263397216797]]], [[[123.21189880371094, 5.708293914794922], [123.21189880371094, 5.624958038330078], [123.29524230957031, 5.624958038330078], [123.29524230957031, 5.541622161865234], [123.37858581542969, 5.541622161865234], [123.37858581542969, 5.374950408935547], [123.46192932128906, 5.374950408935547], [123.46192932128906, 5.208278656005859], [123.37858581542969, 5.208278656005859], [123.37858581542969, 5.124942779541016], [123.21189880371094, 5.124942779541016], [123.21189880371094, 5.041606903076172], [122.96186828613281, 5.041606903076172], [122.96186828613281, 4.958271026611328], [122.54515075683594, 4.958271026611328], [122.54515075683594, 5.041606903076172], [122.46180725097656, 5.041606903076172], [122.46180725097656, 5.124942779541016], [122.37846374511719, 5.124942779541016], [122.37846374511719, 5.791629791259766], [122.54515075683594, 5.791629791259766], [122.54515075683594, 5.874965667724609], [123.04521179199219, 5.874965667724609], [123.04521179199219, 5.791629791259766], [123.12855529785156, 5.791629791259766], [123.12855529785156, 5.708293914794922], [123.21189880371094, 5.708293914794922]]], [[[124.04533386230469, 5.624958038330078], [123.96199035644531, 5.624958038330078], [123.96199035644531, 5.708293914794922], [124.04533386230469, 5.708293914794922], [124.04533386230469, 5.624958038330078]]], [[[123.12855529785156, 6.291645050048828], [122.87852478027344, 6.291645050048828], [122.87852478027344, 6.374980926513672], [123.12855529785156, 6.374980926513672], [123.12855529785156, 6.291645050048828]]], [[[142.79762268066406, -10.708873748779297], [142.7142791748047, -10.708873748779297], [142.7142791748047, -10.625537872314453], [142.79762268066406, -10.625537872314453], [142.79762268066406, -10.708873748779297]]], [[[142.2975616455078, -9.708843231201172], [142.21421813964844, -9.708843231201172], [142.21421813964844, -9.625507354736328], [142.3809051513672, -9.625507354736328], [142.3809051513672, -9.87551498413086], [142.21421813964844, -9.87551498413086], [142.21421813964844, -9.792179107666016], [142.2975616455078, -9.792179107666016], [142.2975616455078, -9.708843231201172]]], [[[136.7135467529297, -9.45883560180664], [136.6302032470703, -9.45883560180664], [136.6302032470703, -9.375499725341797], [136.7135467529297, -9.375499725341797], [136.7135467529297, -9.45883560180664]]], [[[138.2970733642578, -9.125492095947266], [138.21372985839844, -9.125492095947266], [138.21372985839844, -9.042156219482422], [138.2970733642578, -9.042156219482422], [138.2970733642578, -9.125492095947266]]], [[[133.12977600097656, -8.458805084228516], [133.12977600097656, -8.54214096069336], [132.87974548339844, -8.54214096069336], [132.87974548339844, -8.625476837158203], [132.6297149658203, -8.625476837158203], [132.6297149658203, -8.54214096069336], [132.54637145996094, -8.54214096069336], [132.54637145996094, -8.458805084228516], [132.6297149658203, -8.458805084228516], [132.6297149658203, -8.375469207763672], [132.87974548339844, -8.375469207763672], [132.87974548339844, -8.292133331298828], [133.12977600097656, -8.292133331298828], [133.12977600097656, -8.375469207763672], [133.21311950683594, -8.375469207763672], [133.21311950683594, -8.458805084228516], [133.12977600097656, -8.458805084228516]]], [[[134.54661560058594, -8.12546157836914], [134.79664611816406, -8.12546157836914], [134.79664611816406, -8.208797454833984], [134.7133026123047, -8.208797454833984], [134.7133026123047, -8.292133331298828], [134.6299591064453, -8.292133331298828], [134.6299591064453, -8.458805084228516], [134.87998962402344, -8.458805084228516], [134.87998962402344, -8.375469207763672], [135.0466766357422, -8.375469207763672], [135.0466766357422, -8.458805084228516], [135.21336364746094, -8.458805084228516], [135.21336364746094, -8.54214096069336], [135.2967071533203, -8.54214096069336], [135.2967071533203, -8.625476837158203], [135.3800506591797, -8.625476837158203], [135.3800506591797, -8.79214859008789], [135.21336364746094, -8.79214859008789], [135.21336364746094, -8.875484466552734], [135.0466766357422, -8.875484466552734], [135.0466766357422, -8.958820343017578], [134.87998962402344, -8.958820343017578], [134.87998962402344, -9.042156219482422], [134.79664611816406, -9.042156219482422], [134.79664611816406, -8.875484466552734], [134.87998962402344, -8.875484466552734], [134.87998962402344, -8.79214859008789], [134.7133026123047, -8.79214859008789], [134.7133026123047, -8.708812713623047], [134.54661560058594, -8.708812713623047], [134.54661560058594, -8.625476837158203], [134.46327209472656, -8.625476837158203], [134.46327209472656, -8.54214096069336], [134.3799285888672, -8.54214096069336], [134.3799285888672, -8.458805084228516], [134.2965850830078, -8.458805084228516], [134.2965850830078, -8.292133331298828], [134.21324157714844, -8.292133331298828], [134.21324157714844, -8.12546157836914], [134.12989807128906, -8.12546157836914], [134.12989807128906, -7.958789825439453], [134.0465545654297, -7.958789825439453], [134.0465545654297, -7.875453948974609], [133.9632110595703, -7.875453948974609], [133.9632110595703, -7.792118072509766], [133.87986755371094, -7.792118072509766], [133.87986755371094, -7.625446319580078], [134.12989807128906, -7.625446319580078], [134.12989807128906, -7.792118072509766], [134.3799285888672, -7.792118072509766], [134.3799285888672, -7.875453948974609], [134.54661560058594, -7.875453948974609], [134.54661560058594, -8.12546157836914]]], [[[132.46302795410156, -8.042125701904297], [132.3796844482422, -8.042125701904297], [132.3796844482422, -7.958789825439453], [132.46302795410156, -7.958789825439453], [132.46302795410156, -8.042125701904297]]], [[[133.0464324951172, -7.792118072509766], [133.0464324951172, -7.875453948974609], [132.87974548339844, -7.875453948974609], [132.87974548339844, -7.792118072509766], [133.0464324951172, -7.792118072509766]]], [[[133.3798065185547, -7.875453948974609], [133.12977600097656, -7.875453948974609], [133.12977600097656, -7.625446319580078], [133.3798065185547, -7.625446319580078], [133.3798065185547, -7.875453948974609]]], [[[135.79676818847656, -7.458774566650391], [135.6300811767578, -7.458774566650391], [135.6300811767578, -7.542110443115234], [135.3800506591797, -7.542110443115234], [135.3800506591797, -7.625446319580078], [135.2967071533203, -7.625446319580078], [135.2967071533203, -7.792118072509766], [135.21336364746094, -7.792118072509766], [135.21336364746094, -7.875453948974609], [134.87998962402344, -7.875453948974609], [134.87998962402344, -7.458774566650391], [134.9633331298828, -7.458774566650391], [134.9633331298828, -7.375438690185547], [135.13002014160156, -7.375438690185547], [135.13002014160156, -7.125431060791016], [135.46339416503906, -7.125431060791016], [135.46339416503906, -7.208766937255859], [135.7134246826172, -7.208766937255859], [135.7134246826172, -7.375438690185547], [135.79676818847656, -7.375438690185547], [135.79676818847656, -7.458774566650391]]], [[[137.21360778808594, -7.208766937255859], [137.21360778808594, -7.292102813720703], [137.13026428222656, -7.292102813720703], [137.13026428222656, -7.208766937255859], [137.21360778808594, -7.208766937255859]]], [[[131.9629669189453, -6.042064666748047], [131.79627990722656, -6.042064666748047], [131.79627990722656, -5.958728790283203], [131.9629669189453, -5.958728790283203], [131.9629669189453, -6.042064666748047]]], [[[132.0463104248047, -2.7919654846191406], [131.9629669189453, -2.7919654846191406], [131.9629669189453, -2.708629608154297], [132.0463104248047, -2.708629608154297], [132.0463104248047, -2.7919654846191406]]], [[[132.0463104248047, -2.5419578552246094], [131.9629669189453, -2.5419578552246094], [131.9629669189453, -2.4586219787597656], [131.87962341308594, -2.4586219787597656], [131.87962341308594, -2.375286102294922], [131.79627990722656, -2.375286102294922], [131.79627990722656, -2.2086143493652344], [131.87962341308594, -2.2086143493652344], [131.87962341308594, -2.291950225830078], [131.9629669189453, -2.291950225830078], [131.9629669189453, -2.375286102294922], [132.0463104248047, -2.375286102294922], [132.0463104248047, -2.5419578552246094]]], [[[138.46376037597656, 2.374858856201172], [138.2970733642578, 2.374858856201172], [138.2970733642578, 2.4581947326660156], [138.13038635253906, 2.4581947326660156], [138.13038635253906, 2.624866485595703], [138.6304473876953, 2.624866485595703], [138.6304473876953, 2.374858856201172], [138.9638214111328, 2.374858856201172], [138.9638214111328, 2.291522979736328], [138.46376037597656, 2.291522979736328], [138.46376037597656, 2.374858856201172]]], [[[141.88084411621094, 4.374919891357422], [142.13087463378906, 4.374919891357422], [142.13087463378906, 4.124912261962891], [142.6309356689453, 4.124912261962891], [142.6309356689453, 3.8749046325683594], [142.46424865722656, 3.8749046325683594], [142.46424865722656, 3.7915687561035156], [140.9640655517578, 3.7915687561035156], [140.9640655517578, 3.8749046325683594], [140.7140350341797, 3.8749046325683594], [140.7140350341797, 3.958240509033203], [140.6306915283203, 3.958240509033203], [140.6306915283203, 4.041576385498047], [140.54734802246094, 4.041576385498047], [140.54734802246094, 4.124912261962891], [140.6306915283203, 4.124912261962891], [140.6306915283203, 4.291584014892578], [140.46400451660156, 4.291584014892578], [140.46400451660156, 4.374919891357422], [139.88059997558594, 4.374919891357422], [139.88059997558594, 4.458255767822266], [139.6305694580078, 4.458255767822266], [139.6305694580078, 4.541591644287109], [139.46388244628906, 4.541591644287109], [139.46388244628906, 4.624927520751953], [139.2971954345703, 4.624927520751953], [139.2971954345703, 4.708263397216797], [139.0471649169922, 4.708263397216797], [139.0471649169922, 4.791599273681641], [138.9638214111328, 4.791599273681641], [138.9638214111328, 4.958271026611328], [138.88047790527344, 4.958271026611328], [138.88047790527344, 5.208278656005859], [138.7137908935547, 5.208278656005859], [138.7137908935547, 5.291614532470703], [138.6304473876953, 5.291614532470703], [138.6304473876953, 5.624958038330078], [139.6305694580078, 5.624958038330078], [139.6305694580078, 5.874965667724609], [141.3807830810547, 5.874965667724609], [141.3807830810547, 5.124942779541016], [141.6308135986328, 5.124942779541016], [141.6308135986328, 4.874935150146484], [141.88084411621094, 4.874935150146484], [141.88084411621094, 4.374919891357422]]], [[[138.46376037597656, 4.874935150146484], [138.54710388183594, 4.874935150146484], [138.54710388183594, 4.791599273681641], [138.6304473876953, 4.791599273681641], [138.6304473876953, 4.708263397216797], [138.54710388183594, 4.708263397216797], [138.54710388183594, 4.624927520751953], [138.3804168701172, 4.624927520751953], [138.3804168701172, 4.541591644287109], [138.21372985839844, 4.541591644287109], [138.21372985839844, 4.458255767822266], [137.3802947998047, 4.458255767822266], [137.3802947998047, 4.624927520751953], [137.88035583496094, 4.624927520751953], [137.88035583496094, 4.874935150146484], [136.88023376464844, 4.874935150146484], [136.88023376464844, 4.624927520751953], [136.13014221191406, 4.624927520751953], [136.13014221191406, 4.708263397216797], [135.79676818847656, 4.708263397216797], [135.79676818847656, 4.791599273681641], [135.3800506591797, 4.791599273681641], [135.3800506591797, 4.874935150146484], [136.3801727294922, 4.874935150146484], [136.3801727294922, 5.124942779541016], [138.13038635253906, 5.124942779541016], [138.13038635253906, 5.374950408935547], [138.2970733642578, 5.374950408935547], [138.2970733642578, 5.124942779541016], [138.3804168701172, 5.124942779541016], [138.3804168701172, 4.958271026611328], [138.46376037597656, 4.958271026611328], [138.46376037597656, 4.874935150146484]]]]}}, {"type": "Feature", "properties": {"date": "2026-10-05", "category_id": 1, "level": "waspada", "kategori": "Waspada Aktivitas Snorkling", "color": "#FFFF00"}, "geometry": {"type": "MultiPolygon", "coordinates": [[[[94.62507629394531, -11.958911895751953], [94.62507629394531, -11.87557601928711], [94.87510681152344, -11.87557601928711], [94.87510681152344, -11.958911895751953], [94.62507629394531, -11.958911895751953]]], [[[113.79408264160156, -9.542171478271484], [113.87742614746094, -9.542171478271484], [113.87742614746094, -9.625507354736328], [113.79408264160156, -9.625507354736328], [113.79408264160156, -9.542171478271484]]], [[[114.37748718261719, -8.042125701904297], [114.54417419433594, -8.042125701904297], [114.54417419433594, -8.12546157836914], [114.37748718261719, -8.12546157836914], [114.37748718261719, -8.042125701904297]]], [[[107.62666320800781, -7.875453948974609], [107.62666320800781, -7.792118072509766], [107.54331970214844, -7.792118072509766], [107.54331970214844, -7.625446319580078], [107.62666320800781, -7.625446319580078], [107.62666320800781, -7.708782196044922], [107.87669372558594, -7.708782196044922], [107.87669372558594, -7.792118072509766], [108.12672424316406, -7.792118072509766], [108.12672424316406, -7.875453948974609], [107.62666320800781, -7.875453948974609]]], [[[106.45985412597656, -6.958759307861328], [106.54319763183594, -6.958759307861328], [106.54319763183594, -7.125431060791016], [106.45985412597656, -7.125431060791016], [106.45985412597656, -6.958759307861328]]], [[[103.95954895019531, -6.792087554931641], [104.04289245605469, -6.792087554931641], [104.04289245605469, -6.958759307861328], [103.95954895019531, -6.958759307861328], [103.95954895019531, -6.792087554931641]]], [[[112.46058654785156, -6.875423431396484], [112.46058654785156, -6.792087554931641], [112.62727355957031, -6.792087554931641], [112.62727355957031, -6.875423431396484], [112.46058654785156, -6.875423431396484]]], [[[104.37626647949219, -6.375408172607422], [104.45960998535156, -6.375408172607422], [104.45960998535156, -6.458744049072266], [104.37626647949219, -6.458744049072266], [104.37626647949219, -6.375408172607422]]], [[[104.62629699707031, -6.292072296142578], [104.70964050292969, -6.292072296142578], [104.70964050292969, -6.375408172607422], [104.62629699707031, -6.375408172607422], [104.62629699707031, -6.292072296142578]]], [[[105.45973205566406, -6.125400543212891], [105.62641906738281, -6.125400543212891], [105.62641906738281, -6.208736419677734], [105.54307556152344, -6.208736419677734], [105.54307556152344, -6.292072296142578], [105.45973205566406, -6.292072296142578], [105.45973205566406, -6.375408172607422], [105.29304504394531, -6.375408172607422], [105.29304504394531, -6.458744049072266], [105.20970153808594, -6.458744049072266], [105.20970153808594, -6.542079925537109], [105.12635803222656, -6.542079925537109], [105.12635803222656, -6.375408172607422], [104.79298400878906, -6.375408172607422], [104.79298400878906, -6.125400543212891], [104.87632751464844, -6.125400543212891], [104.87632751464844, -5.958728790283203], [104.79298400878906, -5.958728790283203], [104.79298400878906, -6.042064666748047], [104.62629699707031, -6.042064666748047], [104.62629699707031, -5.958728790283203], [104.70964050292969, -5.958728790283203], [104.70964050292969, -5.875392913818359], [105.37638854980469, -5.875392913818359], [105.37638854980469, -6.125400543212891], [105.12635803222656, -6.125400543212891], [105.12635803222656, -6.292072296142578], [105.37638854980469, -6.292072296142578], [105.37638854980469, -6.208736419677734], [105.45973205566406, -6.208736419677734], [105.45973205566406, -6.125400543212891]]], [[[105.79310607910156, -5.875392913818359], [105.87644958496094, -5.875392913818359], [105.87644958496094, -6.042064666748047], [105.79310607910156, -6.042064666748047], [105.79310607910156, -5.875392913818359]]], [[[106.29316711425781, -5.792057037353516], [106.37651062011719, -5.792057037353516], [106.37651062011719, -5.875392913818359], [106.29316711425781, -5.875392913818359], [106.29316711425781, -5.792057037353516]]], [[[106.04313659667969, -5.875392913818359], [105.87644958496094, -5.875392913818359], [105.87644958496094, -5.792057037353516], [105.95979309082031, -5.792057037353516], [105.95979309082031, -5.708721160888672], [106.04313659667969, -5.708721160888672], [106.04313659667969, -5.875392913818359]]], [[[113.62739562988281, -3.2086448669433594], [113.62739562988281, -3.625324249267578], [113.87742614746094, -3.625324249267578], [113.87742614746094, -3.375316619873047], [114.29414367675781, -3.375316619873047], [114.29414367675781, -3.4586524963378906], [114.37748718261719, -3.4586524963378906], [114.37748718261719, -3.625324249267578], [114.62751770019531, -3.625324249267578], [114.62751770019531, -4.125339508056641], [114.46083068847656, -4.125339508056641], [114.46083068847656, -4.042003631591797], [114.37748718261719, -4.042003631591797], [114.37748718261719, -3.8753318786621094], [113.54405212402344, -3.8753318786621094], [113.54405212402344, -3.7919960021972656], [113.37736511230469, -3.7919960021972656], [113.37736511230469, -3.4586524963378906], [112.79396057128906, -3.4586524963378906], [112.79396057128906, -3.5419883728027344], [112.21055603027344, -3.5419883728027344], [112.21055603027344, -3.625324249267578], [112.12721252441406, -3.625324249267578], [112.12721252441406, -3.375316619873047], [112.46058654785156, -3.375316619873047], [112.46058654785156, -3.4586524963378906], [112.62727355957031, -3.4586524963378906], [112.62727355957031, -3.375316619873047], [112.87730407714844, -3.375316619873047], [112.87730407714844, -3.2086448669433594], [112.96064758300781, -3.2086448669433594], [112.96064758300781, -3.1253089904785156], [113.21067810058594, -3.1253089904785156], [113.21067810058594, -3.2086448669433594], [113.29402160644531, -3.2086448669433594], [113.29402160644531, -3.291980743408203], [113.37736511230469, -3.291980743408203], [113.37736511230469, -3.2086448669433594], [113.62739562988281, -3.2086448669433594]]], [[[111.71049499511719, -3.5419883728027344], [111.79383850097656, -3.5419883728027344], [111.79383850097656, -3.625324249267578], [111.96052551269531, -3.625324249267578], [111.96052551269531, -3.708660125732422], [111.62715148925781, -3.708660125732422], [111.62715148925781, -3.625324249267578], [111.71049499511719, -3.625324249267578], [111.71049499511719, -3.5419883728027344]]], [[[111.62715148925781, -3.625324249267578], [111.46046447753906, -3.625324249267578], [111.46046447753906, -3.5419883728027344], [111.62715148925781, -3.5419883728027344], [111.62715148925781, -3.625324249267578]]], [[[111.62715148925781, -3.375316619873047], [111.87718200683594, -3.375316619873047], [111.87718200683594, -3.4586524963378906], [111.62715148925781, -3.4586524963378906], [111.62715148925781, -3.375316619873047]]], [[[111.37712097167969, -3.2086448669433594], [111.12709045410156, -3.2086448669433594], [111.12709045410156, -3.041973114013672], [111.21043395996094, -3.041973114013672], [111.21043395996094, -2.958637237548828], [111.37712097167969, -2.958637237548828], [111.37712097167969, -3.1253089904785156], [111.62715148925781, -3.1253089904785156], [111.62715148925781, -3.375316619873047], [111.54380798339844, -3.375316619873047], [111.54380798339844, -3.291980743408203], [111.37712097167969, -3.291980743408203], [111.37712097167969, -3.2086448669433594]]], [[[110.21031188964844, -2.958637237548828], [110.29365539550781, -2.958637237548828], [110.29365539550781, -3.041973114013672], [110.21031188964844, -3.041973114013672], [110.21031188964844, -2.958637237548828]]], [[[106.29316711425781, -2.958637237548828], [106.37651062011719, -2.958637237548828], [106.37651062011719, -3.1253089904785156], [106.12648010253906, -3.1253089904785156], [106.12648010253906, -2.8753013610839844], [106.29316711425781, -2.8753013610839844], [106.29316711425781, -2.958637237548828]]], [[[110.37699890136719, -3.041973114013672], [110.37699890136719, -2.8753013610839844], [110.62702941894531, -2.8753013610839844], [110.62702941894531, -3.041973114013672], [110.54368591308594, -3.041973114013672], [110.54368591308594, -2.958637237548828], [110.46034240722656, -2.958637237548828], [110.46034240722656, -3.041973114013672], [110.37699890136719, -3.041973114013672]]], [[[103.95954895019531, -7.375438690185547], [104.04289245605469, -7.375438690185547], [104.04289245605469, -7.042095184326172], [104.12623596191406, -7.042095184326172], [104.12623596191406, -6.875423431396484], [104.29292297363281, -6.875423431396484], [104.29292297363281, -6.958759307861328], [104.37626647949219, -6.958759307861328], [104.37626647949219, -6.875423431396484], [104.45960998535156, -6.875423431396484], [104.45960998535156, -7.125431060791016], [104.62629699707031, -7.125431060791016], [104.62629699707031, -6.958759307861328], [104.70964050292969, -6.958759307861328], [104.70964050292969, -6.875423431396484], [104.87632751464844, -6.875423431396484], [104.87632751464844, -6.708751678466797], [104.95967102050781, -6.708751678466797], [104.95967102050781, -6.625415802001953], [105.12635803222656, -6.625415802001953], [105.12635803222656, -6.875423431396484], [106.12648010253906, -6.875423431396484], [106.12648010253906, -6.958759307861328], [106.29316711425781, -6.958759307861328], [106.29316711425781, -7.042095184326172], [106.37651062011719, -7.042095184326172], [106.37651062011719, -7.458774566650391], [107.20994567871094, -7.458774566650391], [107.20994567871094, -7.542110443115234], [107.37663269042969, -7.542110443115234], [107.37663269042969, -7.708782196044922], [107.20994567871094, -7.708782196044922], [107.20994567871094, -7.792118072509766], [107.04325866699219, -7.792118072509766], [107.04325866699219, -7.875453948974609], [107.37663269042969, -7.875453948974609], [107.37663269042969, -7.958789825439453], [108.12672424316406, -7.958789825439453], [108.12672424316406, -7.875453948974609], [108.62678527832031, -7.875453948974609], [108.62678527832031, -7.708782196044922], [108.79347229003906, -7.708782196044922], [108.79347229003906, -7.792118072509766], [109.04350280761719, -7.792118072509766], [109.04350280761719, -7.708782196044922], [109.37687683105469, -7.708782196044922], [109.37687683105469, -7.875453948974609], [110.04362487792969, -7.875453948974609], [110.04362487792969, -7.958789825439453], [110.12696838378906, -7.958789825439453], [110.12696838378906, -8.12546157836914], [110.62702941894531, -8.12546157836914], [110.62702941894531, -8.208797454833984], [110.96040344238281, -8.208797454833984], [110.96040344238281, -8.292133331298828], [111.12709045410156, -8.292133331298828], [111.12709045410156, -8.375469207763672], [112.46058654785156, -8.375469207763672], [112.46058654785156, -8.458805084228516], [112.12721252441406, -8.458805084228516], [112.12721252441406, -8.54214096069336], [111.87718200683594, -8.54214096069336], [111.87718200683594, -8.625476837158203], [111.62715148925781, -8.625476837158203], [111.62715148925781, -8.458805084228516], [111.46046447753906, -8.458805084228516], [111.46046447753906, -8.54214096069336], [111.37712097167969, -8.54214096069336], [111.37712097167969, -8.625476837158203], [111.29377746582031, -8.625476837158203], [111.29377746582031, -8.708812713623047], [111.37712097167969, -8.708812713623047], [111.37712097167969, -8.79214859008789], [111.21043395996094, -8.79214859008789], [111.21043395996094, -8.875484466552734], [110.96040344238281, -8.875484466552734], [110.96040344238281, -8.958820343017578], [110.79371643066406, -8.958820343017578], [110.79371643066406, -9.042156219482422], [110.62702941894531, -9.042156219482422], [110.62702941894531, -9.125492095947266], [110.46034240722656, -9.125492095947266], [110.46034240722656, -9.20882797241211], [110.29365539550781, -9.20882797241211], [110.29365539550781, -9.292163848876953], [110.12696838378906, -9.292163848876953], [110.12696838378906, -9.375499725341797], [109.96028137207031, -9.375499725341797], [109.96028137207031, -9.45883560180664], [109.87693786621094, -9.45883560180664], [109.87693786621094, -9.542171478271484], [109.79359436035156, -9.542171478271484], [109.79359436035156, -9.625507354736328], [109.71025085449219, -9.625507354736328], [109.71025085449219, -9.708843231201172], [109.62690734863281, -9.708843231201172], [109.62690734863281, -9.792179107666016], [109.46022033691406, -9.792179107666016], [109.46022033691406, -9.87551498413086], [109.37687683105469, -9.87551498413086], [109.37687683105469, -9.958850860595703], [109.29353332519531, -9.958850860595703], [109.29353332519531, -10.042186737060547], [109.21018981933594, -10.042186737060547], [109.21018981933594, -10.12552261352539], [109.12684631347656, -10.12552261352539], [109.12684631347656, -10.208858489990234], [109.04350280761719, -10.208858489990234], [109.04350280761719, -10.292194366455078], [108.96015930175781, -10.292194366455078], [108.96015930175781, -10.375530242919922], [108.87681579589844, -10.375530242919922], [108.87681579589844, -10.458866119384766], [108.79347229003906, -10.458866119384766], [108.79347229003906, -10.54220199584961], [108.71012878417969, -10.54220199584961], [108.71012878417969, -10.708873748779297], [108.62678527832031, -10.708873748779297], [108.62678527832031, -10.79220962524414], [108.54344177246094, -10.79220962524414], [108.54344177246094, -10.958881378173828], [108.46009826660156, -10.958881378173828], [108.46009826660156, -11.042217254638672], [108.37675476074219, -11.042217254638672], [108.37675476074219, -11.125553131103516], [108.04338073730469, -11.125553131103516], [108.04338073730469, -11.20888900756836], [107.96003723144531, -11.20888900756836], [107.96003723144531, -11.292224884033203], [107.87669372558594, -11.292224884033203], [107.87669372558594, -11.45889663696289], [107.79335021972656, -11.45889663696289], [107.79335021972656, -11.542232513427734], [107.71000671386719, -11.542232513427734], [107.71000671386719, -11.708904266357422], [107.62666320800781, -11.708904266357422], [107.62666320800781, -11.958911895751953], [106.29316711425781, -11.958911895751953], [106.29316711425781, -11.708904266357422], [106.20982360839844, -11.708904266357422], [106.20982360839844, -11.45889663696289], [106.12648010253906, -11.45889663696289], [106.12648010253906, -11.375560760498047], [105.87644958496094, -11.375560760498047], [105.87644958496094, -11.292224884033203], [105.79310607910156, -11.292224884033203], [105.79310607910156, -11.375560760498047], [105.70976257324219, -11.375560760498047], [105.70976257324219, -11.45889663696289], [105.62641906738281, -11.45889663696289], [105.62641906738281, -11.625568389892578], [105.54307556152344, -11.625568389892578], [105.54307556152344, -11.87557601928711], [105.45973205566406, -11.87557601928711], [105.45973205566406, -11.958911895751953], [95.62519836425781, -11.958911895751953], [95.62519836425781, -11.87557601928711], [95.45851135253906, -11.87557601928711], [95.45851135253906, -11.708904266357422], [95.29182434082031, -11.708904266357422], [95.29182434082031, -11.625568389892578], [95.12513732910156, -11.625568389892578], [95.12513732910156, -11.542232513427734], [94.95845031738281, -11.542232513427734], [94.95845031738281, -11.45889663696289], [94.87510681152344, -11.45889663696289], [94.87510681152344, -11.625568389892578], [94.62507629394531, -11.625568389892578], [94.62507629394531, -11.45889663696289], [94.12501525878906, -11.45889663696289], [94.12501525878906, -11.542232513427734], [94.04167175292969, -11.542232513427734], [94.04167175292969, 6.958332061767578], [94.70841979980469, 6.958332061767578], [94.70841979980469, 6.874996185302734], [94.62507629394531, 6.874996185302734], [94.62507629394531, 6.708324432373047], [94.54173278808594, 6.708324432373047], [94.54173278808594, 6.624988555908203], [94.37504577636719, 6.624988555908203], [94.37504577636719, 6.374980926513672], [94.62507629394531, 6.374980926513672], [94.62507629394531, 6.208309173583984], [94.70841979980469, 6.208309173583984], [94.70841979980469, 6.291645050048828], [95.12513732910156, 6.291645050048828], [95.12513732910156, 6.124973297119141], [94.87510681152344, 6.124973297119141], [94.87510681152344, 6.041637420654297], [95.29182434082031, 6.041637420654297], [95.29182434082031, 5.958301544189453], [95.62519836425781, 5.958301544189453], [95.62519836425781, 5.874965667724609], [95.79188537597656, 5.874965667724609], [95.79188537597656, 5.791629791259766], [95.95857238769531, 5.791629791259766], [95.95857238769531, 5.708293914794922], [96.12525939941406, 5.708293914794922], [96.12525939941406, 5.624958038330078], [95.54185485839844, 5.624958038330078], [95.54185485839844, 5.708293914794922], [95.37516784667969, 5.708293914794922], [95.37516784667969, 5.874965667724609], [94.87510681152344, 5.874965667724609], [94.87510681152344, 5.624958038330078], [95.12513732910156, 5.624958038330078], [95.12513732910156, 5.124942779541016], [95.29182434082031, 5.124942779541016], [95.29182434082031, 4.958271026611328], [95.37516784667969, 4.958271026611328], [95.37516784667969, 4.624927520751953], [95.62519836425781, 4.624927520751953], [95.62519836425781, 4.374919891357422], [95.45851135253906, 4.374919891357422], [95.45851135253906, 4.458255767822266], [95.37516784667969, 4.458255767822266], [95.37516784667969, 4.541591644287109], [95.29182434082031, 4.541591644287109], [95.29182434082031, 4.708263397216797], [95.20848083496094, 4.708263397216797], [95.20848083496094, 4.791599273681641], [95.04179382324219, 4.791599273681641], [95.04179382324219, 4.458255767822266], [95.12513732910156, 4.458255767822266], [95.12513732910156, 4.374919891357422], [95.29182434082031, 4.374919891357422], [95.29182434082031, 4.208248138427734], [95.37516784667969, 4.208248138427734], [95.37516784667969, 4.124912261962891], [95.45851135253906, 4.124912261962891], [95.45851135253906, 4.041576385498047], [95.54185485839844, 4.041576385498047], [95.54185485839844, 3.708232879638672], [95.45851135253906, 3.708232879638672], [95.45851135253906, 3.624897003173828], [95.12513732910156, 3.624897003173828], [95.12513732910156, 3.1248817443847656], [95.37516784667969, 3.1248817443847656], [95.37516784667969, 2.7915382385253906], [95.45851135253906, 2.7915382385253906], [95.45851135253906, 2.708202362060547], [95.37516784667969, 2.708202362060547], [95.37516784667969, 1.8748435974121094], [95.45851135253906, 1.8748435974121094], [95.45851135253906, 1.7915077209472656], [95.54185485839844, 1.7915077209472656], [95.54185485839844, 1.6248359680175781], [95.62519836425781, 1.6248359680175781], [95.62519836425781, 1.3748283386230469], [95.87522888183594, 1.3748283386230469], [95.87522888183594, 1.6248359680175781], [96.12525939941406, 1.6248359680175781], [96.12525939941406, 2.1248512268066406], [96.29194641113281, 2.1248512268066406], [96.29194641113281, 2.374858856201172], [96.37528991699219, 2.374858856201172], [96.37528991699219, 2.291522979736328], [96.70866394042969, 2.291522979736328], [96.70866394042969, 2.2081871032714844], [96.62532043457031, 2.2081871032714844], [96.62532043457031, 1.8748435974121094], [96.79200744628906, 1.8748435974121094], [96.79200744628906, 1.9581794738769531], [96.70866394042969, 1.9581794738769531], [96.70866394042969, 2.041515350341797], [96.79200744628906, 2.041515350341797], [96.79200744628906, 2.1248512268066406], [96.87535095214844, 2.1248512268066406], [96.87535095214844, 2.4581947326660156], [96.95869445800781, 2.4581947326660156], [96.95869445800781, 2.1248512268066406], [97.04203796386719, 2.1248512268066406], [97.04203796386719, 2.041515350341797], [97.12538146972656, 2.041515350341797], [97.12538146972656, 1.5415000915527344], [97.04203796386719, 1.5415000915527344], [97.04203796386719, 1.3748283386230469], [97.12538146972656, 1.3748283386230469], [97.12538146972656, 0.8748130798339844], [97.37541198730469, 0.8748130798339844], [97.37541198730469, 0.7081413269042969], [97.45875549316406, 0.7081413269042969], [97.45875549316406, 0.6248054504394531], [97.62544250488281, 0.6248054504394531], [97.62544250488281, 0.041454315185546875], [97.70878601074219, 0.041454315185546875], [97.70878601074219, -0.041881561279296875], [97.79212951660156, -0.041881561279296875], [97.79212951660156, -0.12521743774414062], [98.12550354003906, -0.12521743774414062], [98.12550354003906, -0.3752250671386719], [98.37553405761719, -0.3752250671386719], [98.37553405761719, -1.1252479553222656], [98.62556457519531, -1.1252479553222656], [98.62556457519531, -1.6252632141113281], [98.87559509277344, -1.6252632141113281], [98.87559509277344, -1.8752708435058594], [99.37565612792969, -1.8752708435058594], [99.37565612792969, -1.7919349670410156], [99.45899963378906, -1.7919349670410156], [99.45899963378906, -1.9586067199707031], [99.37565612792969, -1.9586067199707031], [99.37565612792969, -2.1252784729003906], [99.54234313964844, -2.1252784729003906], [99.54234313964844, -2.2086143493652344], [99.62568664550781, -2.2086143493652344], [99.62568664550781, -2.375286102294922], [99.87571716308594, -2.375286102294922], [99.87571716308594, -2.8753013610839844], [100.12574768066406, -2.8753013610839844], [100.12574768066406, -3.1253089904785156], [100.29243469238281, -3.1253089904785156], [100.29243469238281, -3.2086448669433594], [100.37577819824219, -3.2086448669433594], [100.37577819824219, -3.375316619873047], [100.62580871582031, -3.375316619873047], [100.62580871582031, -3.2086448669433594], [100.54246520996094, -3.2086448669433594], [100.54246520996094, -3.1253089904785156], [100.62580871582031, -3.1253089904785156], [100.62580871582031, -2.8753013610839844], [100.79249572753906, -2.8753013610839844], [100.79249572753906, -2.7919654846191406], [100.87583923339844, -2.7919654846191406], [100.87583923339844, -2.625293731689453], [100.95918273925781, -2.625293731689453], [100.95918273925781, -2.4586219787597656], [101.04252624511719, -2.4586219787597656], [101.04252624511719, -2.5419578552246094], [101.12586975097656, -2.5419578552246094], [101.12586975097656, -2.8753013610839844], [101.37590026855469, -2.8753013610839844], [101.37590026855469, -3.1253089904785156], [101.54258728027344, -3.1253089904785156], [101.54258728027344, -3.2086448669433594], [101.62593078613281, -3.2086448669433594], [101.62593078613281, -3.375316619873047], [101.87596130371094, -3.375316619873047], [101.87596130371094, -3.625324249267578], [102.20933532714844, -3.625324249267578], [102.20933532714844, -3.708660125732422], [102.29267883300781, -3.708660125732422], [102.29267883300781, -3.7919960021972656], [102.12599182128906, -3.7919960021972656], [102.12599182128906, -3.8753318786621094], [102.29267883300781, -3.8753318786621094], [102.29267883300781, -4.042003631591797], [102.37602233886719, -4.042003631591797], [102.37602233886719, -4.125339508056641], [102.54270935058594, -4.125339508056641], [102.54270935058594, -4.208675384521484], [102.62605285644531, -4.208675384521484], [102.62605285644531, -4.375347137451172], [102.87608337402344, -4.375347137451172], [102.87608337402344, -4.542018890380859], [103.12611389160156, -4.542018890380859], [103.12611389160156, -4.625354766845703], [103.20945739746094, -4.625354766845703], [103.20945739746094, -4.708690643310547], [103.29280090332031, -4.708690643310547], [103.29280090332031, -4.792026519775391], [103.37614440917969, -4.792026519775391], [103.37614440917969, -4.875362396240234], [103.54283142089844, -4.875362396240234], [103.54283142089844, -4.958698272705078], [103.79286193847656, -4.958698272705078], [103.79286193847656, -5.042034149169922], [103.87620544433594, -5.042034149169922], [103.87620544433594, -5.375377655029297], [104.12623596191406, -5.375377655029297], [104.12623596191406, -5.625385284423828], [104.37626647949219, -5.625385284423828], [104.37626647949219, -5.875392913818359], [104.62629699707031, -5.875392913818359], [104.62629699707031, -5.958728790283203], [104.54295349121094, -5.958728790283203], [104.54295349121094, -6.125400543212891], [104.45960998535156, -6.125400543212891], [104.45960998535156, -6.042064666748047], [104.37626647949219, -6.042064666748047], [104.37626647949219, -6.375408172607422], [104.29292297363281, -6.375408172607422], [104.29292297363281, -6.292072296142578], [104.12623596191406, -6.292072296142578], [104.12623596191406, -6.375408172607422], [104.20957946777344, -6.375408172607422], [104.20957946777344, -6.458744049072266], [104.12623596191406, -6.458744049072266], [104.12623596191406, -6.625415802001953], [104.04289245605469, -6.625415802001953], [104.04289245605469, -6.708751678466797], [103.95954895019531, -6.708751678466797], [103.95954895019531, -6.792087554931641], [103.79286193847656, -6.792087554931641], [103.79286193847656, -6.875423431396484], [103.87620544433594, -6.875423431396484], [103.87620544433594, -6.958759307861328], [103.95954895019531, -6.958759307861328], [103.95954895019531, -7.125431060791016], [103.87620544433594, -7.125431060791016], [103.87620544433594, -7.458774566650391], [103.95954895019531, -7.458774566650391], [103.95954895019531, -7.375438690185547]], [[102.12599182128906, -4.042003631591797], [102.12599182128906, -4.125339508056641], [102.29267883300781, -4.125339508056641], [102.29267883300781, -4.042003631591797], [102.12599182128906, -4.042003631591797]], [[103.62617492675781, -6.875423431396484], [103.62617492675781, -6.958759307861328], [103.79286193847656, -6.958759307861328], [103.79286193847656, -6.875423431396484], [103.62617492675781, -6.875423431396484]], [[94.20835876464844, 5.458286285400391], [94.20835876464844, 5.374950408935547], [94.29170227050781, 5.374950408935547], [94.29170227050781, 5.458286285400391], [94.20835876464844, 5.458286285400391]], [[94.54173278808594, 5.291614532470703], [94.54173278808594, 5.208278656005859], [94.45838928222656, 5.208278656005859], [94.45838928222656, 5.041606903076172], [94.54173278808594, 5.041606903076172], [94.54173278808594, 5.124942779541016], [94.62507629394531, 5.124942779541016], [94.62507629394531, 5.291614532470703], [94.54173278808594, 5.291614532470703]], [[94.87510681152344, 3.958240509033203], [94.87510681152344, 3.8749046325683594], [94.95845031738281, 3.8749046325683594], [94.95845031738281, 3.958240509033203], [94.87510681152344, 3.958240509033203]], [[101.87596130371094, -3.7919960021972656], [101.87596130371094, -3.8753318786621094], [102.04264831542969, -3.8753318786621094], [102.04264831542969, -3.7919960021972656], [101.87596130371094, -3.7919960021972656]], [[102.12599182128906, -5.125370025634766], [102.12599182128906, -5.208705902099609], [102.37602233886719, -5.208705902099609], [102.37602233886719, -5.125370025634766], [102.12599182128906, -5.125370025634766]], [[102.29267883300781, -5.458713531494141], [102.29267883300781, -5.542049407958984], [102.37602233886719, -5.542049407958984], [102.37602233886719, -5.292041778564453], [102.12599182128906, -5.292041778564453], [102.12599182128906, -5.458713531494141], [102.29267883300781, -5.458713531494141]], [[103.87620544433594, -6.625415802001953], [103.87620544433594, -6.208736419677734], [103.70951843261719, -6.208736419677734], [103.70951843261719, -6.125400543212891], [103.62617492675781, -6.125400543212891], [103.62617492675781, -6.625415802001953], [103.87620544433594, -6.625415802001953]], [[103.95954895019531, -6.458744049072266], [103.95954895019531, -6.542079925537109], [104.04289245605469, -6.542079925537109], [104.04289245605469, -6.458744049072266], [103.95954895019531, -6.458744049072266]], [[103.62617492675781, -6.708751678466797], [103.62617492675781, -6.792087554931641], [103.70951843261719, -6.792087554931641], [103.70951843261719, -6.708751678466797], [103.62617492675781, -6.708751678466797]], [[110.79371643066406, -8.375469207763672], [110.79371643066406, -8.458805084228516], [110.87705993652344, -8.458805084228516], [110.87705993652344, -8.375469207763672], [110.79371643066406, -8.375469207763672]], [[104.87632751464844, -8.875484466552734], [104.87632751464844, -9.125492095947266], [105.12635803222656, -9.125492095947266], [105.12635803222656, -8.875484466552734], [104.87632751464844, -8.875484466552734]], [[105.12635803222656, -9.375499725341797], [105.37638854980469, -9.375499725341797], [105.37638854980469, -9.292163848876953], [105.45973205566406, -9.292163848876953], [105.45973205566406, -9.20882797241211], [105.54307556152344, -9.20882797241211], [105.54307556152344, -9.125492095947266], [105.12635803222656, -9.125492095947266], [105.12635803222656, -9.375499725341797]], [[104.87632751464844, -9.375499725341797], [104.87632751464844, -9.625507354736328], [105.12635803222656, -9.625507354736328], [105.12635803222656, -9.375499725341797], [104.87632751464844, -9.375499725341797]], [[105.12635803222656, -9.87551498413086], [105.37638854980469, -9.87551498413086], [105.37638854980469, -9.792179107666016], [105.20970153808594, -9.792179107666016], [105.20970153808594, -9.625507354736328], [105.12635803222656, -9.625507354736328], [105.12635803222656, -9.87551498413086]], [[104.37626647949219, -9.125492095947266], [104.37626647949219, -9.375499725341797], [104.62629699707031, -9.375499725341797], [104.62629699707031, -9.125492095947266], [104.37626647949219, -9.125492095947266]], [[105.54307556152344, -10.458866119384766], [105.54307556152344, -10.54220199584961], [105.70976257324219, -10.54220199584961], [105.70976257324219, -10.458866119384766], [105.54307556152344, -10.458866119384766]], [[103.79286193847656, -10.958881378173828], [103.79286193847656, -11.042217254638672], [103.87620544433594, -11.042217254638672], [103.87620544433594, -10.875545501708984], [103.62617492675781, -10.875545501708984], [103.62617492675781, -10.958881378173828], [103.79286193847656, -10.958881378173828]], [[101.87596130371094, -11.708904266357422], [101.87596130371094, -11.625568389892578], [101.95930480957031, -11.625568389892578], [101.95930480957031, -11.542232513427734], [102.04264831542969, -11.542232513427734], [102.04264831542969, -11.375560760498047], [101.95930480957031, -11.375560760498047], [101.95930480957031, -11.125553131103516], [101.87596130371094, -11.125553131103516], [101.87596130371094, -11.375560760498047], [101.62593078613281, -11.375560760498047], [101.62593078613281, -11.87557601928711], [101.70927429199219, -11.87557601928711], [101.70927429199219, -11.792240142822266], [101.79261779785156, -11.792240142822266], [101.79261779785156, -11.708904266357422], [101.87596130371094, -11.708904266357422]], [[104.79298400878906, -11.125553131103516], [104.79298400878906, -11.20888900756836], [104.87632751464844, -11.20888900756836], [104.87632751464844, -11.125553131103516], [104.79298400878906, -11.125553131103516]], [[104.87632751464844, -11.375560760498047], [104.87632751464844, -11.45889663696289], [104.95967102050781, -11.45889663696289], [104.95967102050781, -11.375560760498047], [104.87632751464844, -11.375560760498047]], [[104.79298400878906, -11.45889663696289], [104.79298400878906, -11.542232513427734], [104.87632751464844, -11.542232513427734], [104.87632751464844, -11.45889663696289], [104.79298400878906, -11.45889663696289]], [[101.12586975097656, -11.625568389892578], [101.12586975097656, -11.87557601928711], [101.37590026855469, -11.87557601928711], [101.37590026855469, -11.625568389892578], [101.12586975097656, -11.625568389892578]]], [[[100.95918273925781, -2.4586219787597656], [100.87583923339844, -2.4586219787597656], [100.87583923339844, -2.375286102294922], [100.95918273925781, -2.375286102294922], [100.95918273925781, -2.4586219787597656]]], [[[105.79310607910156, -2.375286102294922], [105.87644958496094, -2.375286102294922], [105.87644958496094, -2.4586219787597656], [105.79310607910156, -2.4586219787597656], [105.79310607910156, -2.375286102294922]]], [[[109.87693786621094, -2.1252784729003906], [110.04362487792969, -2.1252784729003906], [110.04362487792969, -2.041942596435547], [109.87693786621094, -2.041942596435547], [109.87693786621094, -1.8752708435058594], [110.04362487792969, -1.8752708435058594], [110.04362487792969, -1.9586067199707031], [110.12696838378906, -1.9586067199707031], [110.12696838378906, -2.8753013610839844], [109.62690734863281, -2.8753013610839844], [109.62690734863281, -2.625293731689453], [109.87693786621094, -2.625293731689453], [109.87693786621094, -2.1252784729003906]]], [[[108.71012878417969, -2.1252784729003906], [108.87681579589844, -2.1252784729003906], [108.87681579589844, -2.291950225830078], [109.12684631347656, -2.291950225830078], [109.12684631347656, -2.4586219787597656], [108.87681579589844, -2.4586219787597656], [108.87681579589844, -2.375286102294922], [108.71012878417969, -2.375286102294922], [108.71012878417969, -2.1252784729003906]]], [[[100.79249572753906, -2.1252784729003906], [100.87583923339844, -2.1252784729003906], [100.87583923339844, -2.291950225830078], [100.79249572753906, -2.291950225830078], [100.79249572753906, -2.1252784729003906]]], [[[100.62580871582031, -2.4586219787597656], [100.62580871582031, -2.375286102294922], [100.54246520996094, -2.375286102294922], [100.54246520996094, -2.291950225830078], [100.45912170410156, -2.291950225830078], [100.45912170410156, -2.2086143493652344], [100.37577819824219, -2.2086143493652344], [100.37577819824219, -1.8752708435058594], [100.54246520996094, -1.8752708435058594], [100.54246520996094, -1.9586067199707031], [100.62580871582031, -1.9586067199707031], [100.62580871582031, -2.1252784729003906], [100.70915222167969, -2.1252784729003906], [100.70915222167969, -2.4586219787597656], [100.62580871582031, -2.4586219787597656]]], [[[109.79359436035156, -1.7085990905761719], [109.87693786621094, -1.7085990905761719], [109.87693786621094, -1.8752708435058594], [109.79359436035156, -1.8752708435058594], [109.79359436035156, -1.7085990905761719]]], [[[109.12684631347656, -1.6252632141113281], [109.29353332519531, -1.6252632141113281], [109.29353332519531, -1.7085990905761719], [109.37687683105469, -1.7085990905761719], [109.37687683105469, -1.8752708435058594], [109.29353332519531, -1.8752708435058594], [109.29353332519531, -1.7919349670410156], [109.12684631347656, -1.7919349670410156], [109.12684631347656, -1.6252632141113281]]], [[[109.12684631347656, -1.4585914611816406], [109.29353332519531, -1.4585914611816406], [109.29353332519531, -1.5419273376464844], [109.12684631347656, -1.5419273376464844], [109.12684631347656, -1.4585914611816406]]], [[[103.79286193847656, 0.6248054504394531], [103.62617492675781, 0.6248054504394531], [103.62617492675781, 0.7081413269042969], [103.70951843261719, 0.7081413269042969], [103.70951843261719, 0.7914772033691406], [103.79286193847656, 0.7914772033691406], [103.79286193847656, 0.6248054504394531]]], [[[97.95881652832031, 0.8748130798339844], [98.04216003417969, 0.8748130798339844], [98.04216003417969, 0.7914772033691406], [97.95881652832031, 0.7914772033691406], [97.95881652832031, 0.8748130798339844]]], [[[104.95967102050781, 1.0414848327636719], [105.04301452636719, 1.0414848327636719], [105.04301452636719, 0.8748130798339844], [104.95967102050781, 0.8748130798339844], [104.95967102050781, 1.0414848327636719]]], [[[103.12611389160156, 1.2081565856933594], [103.12611389160156, 1.2914924621582031], [103.62617492675781, 1.2914924621582031], [103.62617492675781, 1.0414848327636719], [103.37614440917969, 1.0414848327636719], [103.37614440917969, 1.1248207092285156], [103.29280090332031, 1.1248207092285156], [103.29280090332031, 1.2081565856933594], [103.12611389160156, 1.2081565856933594]]], [[[103.70951843261719, 1.2914924621582031], [103.79286193847656, 1.2914924621582031], [103.79286193847656, 1.2081565856933594], [103.70951843261719, 1.2081565856933594], [103.70951843261719, 1.2914924621582031]]], [[[102.45936584472656, 1.6248359680175781], [102.62605285644531, 1.6248359680175781], [102.62605285644531, 1.5415000915527344], [102.45936584472656, 1.5415000915527344], [102.45936584472656, 1.6248359680175781]]], [[[95.54185485839844, 2.041515350341797], [95.54185485839844, 1.9581794738769531], [95.45851135253906, 1.9581794738769531], [95.45851135253906, 2.041515350341797], [95.54185485839844, 2.041515350341797]]], [[[95.54185485839844, 2.1248512268066406], [95.62519836425781, 2.1248512268066406], [95.62519836425781, 2.291522979736328], [95.79188537597656, 2.291522979736328], [95.79188537597656, 2.2081871032714844], [95.87522888183594, 2.2081871032714844], [95.87522888183594, 2.1248512268066406], [95.79188537597656, 2.1248512268066406], [95.79188537597656, 2.041515350341797], [95.54185485839844, 2.041515350341797], [95.54185485839844, 2.1248512268066406]]], [[[101.12586975097656, 2.708202362060547], [101.04252624511719, 2.708202362060547], [101.04252624511719, 2.8748741149902344], [101.20921325683594, 2.8748741149902344], [101.20921325683594, 2.7915382385253906], [101.29255676269531, 2.7915382385253906], [101.29255676269531, 2.708202362060547], [101.37590026855469, 2.708202362060547], [101.37590026855469, 2.624866485595703], [101.12586975097656, 2.624866485595703], [101.12586975097656, 2.708202362060547]]], [[[100.87583923339844, 2.8748741149902344], [100.95918273925781, 2.8748741149902344], [100.95918273925781, 2.7915382385253906], [100.70915222167969, 2.7915382385253906], [100.70915222167969, 2.958209991455078], [100.87583923339844, 2.958209991455078], [100.87583923339844, 2.8748741149902344]]], [[[95.79188537597656, 4.041576385498047], [95.79188537597656, 4.124912261962891], [95.87522888183594, 4.124912261962891], [95.87522888183594, 4.041576385498047], [95.79188537597656, 4.041576385498047]]], [[[114.37748718261719, 4.708263397216797], [114.54417419433594, 4.708263397216797], [114.54417419433594, 4.624927520751953], [114.37748718261719, 4.624927520751953], [114.37748718261719, 4.708263397216797]]], [[[111.12709045410156, 6.124973297119141], [110.96040344238281, 6.124973297119141], [110.96040344238281, 6.208309173583984], [110.87705993652344, 6.208309173583984], [110.87705993652344, 6.374980926513672], [111.12709045410156, 6.374980926513672], [111.12709045410156, 6.124973297119141]]], [[[111.29377746582031, 6.541652679443359], [111.37712097167969, 6.541652679443359], [111.37712097167969, 6.374980926513672], [111.12709045410156, 6.374980926513672], [111.12709045410156, 6.624988555908203], [111.29377746582031, 6.624988555908203], [111.29377746582031, 6.541652679443359]]], [[[120.12818908691406, -11.292224884033203], [120.21153259277344, -11.292224884033203], [120.21153259277344, -11.375560760498047], [120.12818908691406, -11.375560760498047], [120.12818908691406, -11.292224884033203]]], [[[125.12879943847656, -8.875484466552734], [125.04545593261719, -8.875484466552734], [125.04545593261719, -8.79214859008789], [124.87876892089844, -8.79214859008789], [124.87876892089844, -8.875484466552734], [124.71208190917969, -8.875484466552734], [124.71208190917969, -9.042156219482422], [124.54539489746094, -9.042156219482422], [124.54539489746094, -9.125492095947266], [124.12867736816406, -9.125492095947266], [124.12867736816406, -9.375499725341797], [123.79530334472656, -9.375499725341797], [123.79530334472656, -9.45883560180664], [123.62861633300781, -9.45883560180664], [123.62861633300781, -9.625507354736328], [123.46192932128906, -9.625507354736328], [123.46192932128906, -9.708843231201172], [123.37858581542969, -9.708843231201172], [123.37858581542969, -9.87551498413086], [123.12855529785156, -9.87551498413086], [123.12855529785156, -9.958850860595703], [122.96186828613281, -9.958850860595703], [122.96186828613281, -10.042186737060547], [122.87852478027344, -10.042186737060547], [122.87852478027344, -10.458866119384766], [122.62849426269531, -10.458866119384766], [122.62849426269531, -10.54220199584961], [122.46180725097656, -10.54220199584961], [122.46180725097656, -10.625537872314453], [122.21177673339844, -10.625537872314453], [122.21177673339844, -10.54220199584961], [122.12843322753906, -10.54220199584961], [122.12843322753906, -10.12552261352539], [121.87840270996094, -10.12552261352539], [121.87840270996094, -10.375530242919922], [121.62837219238281, -10.375530242919922], [121.62837219238281, -10.54220199584961], [121.54502868652344, -10.54220199584961], [121.54502868652344, -10.625537872314453], [121.37834167480469, -10.625537872314453], [121.37834167480469, -10.54220199584961], [121.46168518066406, -10.54220199584961], [121.46168518066406, -10.458866119384766], [121.29499816894531, -10.458866119384766], [121.29499816894531, -10.54220199584961], [121.12831115722656, -10.54220199584961], [121.12831115722656, -10.625537872314453], [120.87828063964844, -10.625537872314453], [120.87828063964844, -10.875545501708984], [120.71159362792969, -10.875545501708984], [120.71159362792969, -10.958881378173828], [120.54490661621094, -10.958881378173828], [120.54490661621094, -11.042217254638672], [120.12818908691406, -11.042217254638672], [120.12818908691406, -10.958881378173828], [119.87815856933594, -10.958881378173828], [119.87815856933594, -11.792240142822266], [119.79481506347656, -11.792240142822266], [119.79481506347656, -11.87557601928711], [119.62812805175781, -11.87557601928711], [119.62812805175781, -11.958911895751953], [119.12806701660156, -11.958911895751953], [119.12806701660156, -11.87557601928711], [118.62800598144531, -11.87557601928711], [118.62800598144531, -11.958911895751953], [110.37699890136719, -11.958911895751953], [110.37699890136719, -11.87557601928711], [110.62702941894531, -11.87557601928711], [110.62702941894531, -11.625568389892578], [110.12696838378906, -11.625568389892578], [110.12696838378906, -11.45889663696289], [110.21031188964844, -11.45889663696289], [110.21031188964844, -11.375560760498047], [110.29365539550781, -11.375560760498047], [110.29365539550781, -11.292224884033203], [110.46034240722656, -11.292224884033203], [110.46034240722656, -11.20888900756836], [110.54368591308594, -11.20888900756836], [110.54368591308594, -11.125553131103516], [109.87693786621094, -11.125553131103516], [109.87693786621094, -11.042217254638672], [109.79359436035156, -11.042217254638672], [109.79359436035156, -10.875545501708984], [109.87693786621094, -10.875545501708984], [109.87693786621094, -10.458866119384766], [109.96028137207031, -10.458866119384766], [109.96028137207031, -10.375530242919922], [110.04362487792969, -10.375530242919922], [110.04362487792969, -10.292194366455078], [110.21031188964844, -10.292194366455078], [110.21031188964844, -10.208858489990234], [110.29365539550781, -10.208858489990234], [110.29365539550781, -10.12552261352539], [110.46034240722656, -10.12552261352539], [110.46034240722656, -10.042186737060547], [110.62702941894531, -10.042186737060547], [110.62702941894531, -9.958850860595703], [110.79371643066406, -9.958850860595703], [110.79371643066406, -9.87551498413086], [110.87705993652344, -9.87551498413086], [110.87705993652344, -9.792179107666016], [111.04374694824219, -9.792179107666016], [111.04374694824219, -9.708843231201172], [111.12709045410156, -9.708843231201172], [111.12709045410156, -9.375499725341797], [111.37712097167969, -9.375499725341797], [111.37712097167969, -9.20882797241211], [111.46046447753906, -9.20882797241211], [111.46046447753906, -9.125492095947266], [111.62715148925781, -9.125492095947266], [111.62715148925781, -9.042156219482422], [112.04386901855469, -9.042156219482422], [112.04386901855469, -9.125492095947266], [112.12721252441406, -9.125492095947266], [112.12721252441406, -9.042156219482422], [112.21055603027344, -9.042156219482422], [112.21055603027344, -9.125492095947266], [112.29389953613281, -9.125492095947266], [112.29389953613281, -9.042156219482422], [112.46058654785156, -9.042156219482422], [112.46058654785156, -8.958820343017578], [112.54393005371094, -8.958820343017578], [112.54393005371094, -8.875484466552734], [112.62727355957031, -8.875484466552734], [112.62727355957031, -8.79214859008789], [112.71061706542969, -8.79214859008789], [112.71061706542969, -8.708812713623047], [112.87730407714844, -8.708812713623047], [112.87730407714844, -8.79214859008789], [113.04399108886719, -8.79214859008789], [113.04399108886719, -8.708812713623047], [113.12733459472656, -8.708812713623047], [113.12733459472656, -8.79214859008789], [113.21067810058594, -8.79214859008789], [113.21067810058594, -8.625476837158203], [112.87730407714844, -8.625476837158203], [112.87730407714844, -8.54214096069336], [112.54393005371094, -8.54214096069336], [112.54393005371094, -8.458805084228516], [112.79396057128906, -8.458805084228516], [112.79396057128906, -8.375469207763672], [113.46070861816406, -8.375469207763672], [113.46070861816406, -8.458805084228516], [113.62739562988281, -8.458805084228516], [113.62739562988281, -8.625476837158203], [114.37748718261719, -8.625476837158203], [114.37748718261719, -8.875484466552734], [114.62751770019531, -8.875484466552734], [114.62751770019531, -8.458805084228516], [114.87754821777344, -8.458805084228516], [114.87754821777344, -8.54214096069336], [115.04423522949219, -8.54214096069336], [115.04423522949219, -8.708812713623047], [115.12757873535156, -8.708812713623047], [115.12757873535156, -8.875484466552734], [115.54429626464844, -8.875484466552734], [115.54429626464844, -9.292163848876953], [115.46095275878906, -9.292163848876953], [115.46095275878906, -9.45883560180664], [115.37760925292969, -9.45883560180664], [115.37760925292969, -9.542171478271484], [115.29426574707031, -9.542171478271484], [115.29426574707031, -9.792179107666016], [115.21092224121094, -9.792179107666016], [115.21092224121094, -9.87551498413086], [115.29426574707031, -9.87551498413086], [115.29426574707031, -10.12552261352539], [115.37760925292969, -10.12552261352539], [115.37760925292969, -10.292194366455078], [115.29426574707031, -10.292194366455078], [115.29426574707031, -10.375530242919922], [115.21092224121094, -10.375530242919922], [115.21092224121094, -10.458866119384766], [115.04423522949219, -10.458866119384766], [115.04423522949219, -10.54220199584961], [114.96089172363281, -10.54220199584961], [114.96089172363281, -10.625537872314453], [114.87754821777344, -10.625537872314453], [114.87754821777344, -10.79220962524414], [114.79420471191406, -10.79220962524414], [114.79420471191406, -11.125553131103516], [114.87754821777344, -11.125553131103516], [114.87754821777344, -11.20888900756836], [114.96089172363281, -11.20888900756836], [114.96089172363281, -11.292224884033203], [115.21092224121094, -11.292224884033203], [115.21092224121094, -11.20888900756836], [115.29426574707031, -11.20888900756836], [115.29426574707031, -11.125553131103516], [115.37760925292969, -11.125553131103516], [115.37760925292969, -10.958881378173828], [115.54429626464844, -10.958881378173828], [115.54429626464844, -10.875545501708984], [115.62763977050781, -10.875545501708984], [115.62763977050781, -10.292194366455078], [115.71098327636719, -10.292194366455078], [115.71098327636719, -9.125492095947266], [115.79432678222656, -9.125492095947266], [115.79432678222656, -8.875484466552734], [115.96101379394531, -8.875484466552734], [115.96101379394531, -8.958820343017578], [116.37773132324219, -8.958820343017578], [116.37773132324219, -8.875484466552734], [116.46107482910156, -8.875484466552734], [116.46107482910156, -9.042156219482422], [116.54441833496094, -9.042156219482422], [116.54441833496094, -9.20882797241211], [116.62776184082031, -9.20882797241211], [116.62776184082031, -9.125492095947266], [117.62788391113281, -9.125492095947266], [117.62788391113281, -8.958820343017578], [117.96125793457031, -8.958820343017578], [117.96125793457031, -8.875484466552734], [118.96138000488281, -8.875484466552734], [118.96138000488281, -8.79214859008789], [119.12806701660156, -8.79214859008789], [119.12806701660156, -8.958820343017578], [119.21141052246094, -8.958820343017578], [119.21141052246094, -9.042156219482422], [119.29475402832031, -9.042156219482422], [119.29475402832031, -8.958820343017578], [119.37809753417969, -8.958820343017578], [119.37809753417969, -8.875484466552734], [119.87815856933594, -8.875484466552734], [119.87815856933594, -8.958820343017578], [119.96150207519531, -8.958820343017578], [119.96150207519531, -9.042156219482422], [120.12818908691406, -9.042156219482422], [120.12818908691406, -9.125492095947266], [120.29487609863281, -9.125492095947266], [120.29487609863281, -9.20882797241211], [120.46156311035156, -9.20882797241211], [120.46156311035156, -9.292163848876953], [120.62825012207031, -9.292163848876953], [120.62825012207031, -9.375499725341797], [119.96150207519531, -9.375499725341797], [119.96150207519531, -9.292163848876953], [119.87815856933594, -9.292163848876953], [119.87815856933594, -9.375499725341797], [119.62812805175781, -9.375499725341797], [119.62812805175781, -9.292163848876953], [119.21141052246094, -9.292163848876953], [119.21141052246094, -9.375499725341797], [118.87803649902344, -9.375499725341797], [118.87803649902344, -9.125492095947266], [118.37797546386719, -9.125492095947266], [118.37797546386719, -9.20882797241211], [118.46131896972656, -9.20882797241211], [118.46131896972656, -9.375499725341797], [118.37797546386719, -9.375499725341797], [118.37797546386719, -9.45883560180664], [118.62800598144531, -9.45883560180664], [118.62800598144531, -9.375499725341797], [118.71134948730469, -9.375499725341797], [118.71134948730469, -9.45883560180664], [118.87803649902344, -9.45883560180664], [118.87803649902344, -9.625507354736328], [119.04472351074219, -9.625507354736328], [119.04472351074219, -9.708843231201172], [119.12806701660156, -9.708843231201172], [119.12806701660156, -9.87551498413086], [119.79481506347656, -9.87551498413086], [119.79481506347656, -9.958850860595703], [119.87815856933594, -9.958850860595703], [119.87815856933594, -10.12552261352539], [120.12818908691406, -10.12552261352539], [120.12818908691406, -10.375530242919922], [120.62825012207031, -10.375530242919922], [120.62825012207031, -10.208858489990234], [120.79493713378906, -10.208858489990234], [120.79493713378906, -10.12552261352539], [121.12831115722656, -10.12552261352539], [121.12831115722656, -9.87551498413086], [120.87828063964844, -9.87551498413086], [120.87828063964844, -9.542171478271484], [121.04496765136719, -9.542171478271484], [121.04496765136719, -9.625507354736328], [121.37834167480469, -9.625507354736328], [121.37834167480469, -9.542171478271484], [121.79505920410156, -9.542171478271484], [121.79505920410156, -9.45883560180664], [122.04508972167969, -9.45883560180664], [122.04508972167969, -9.375499725341797], [122.29512023925781, -9.375499725341797], [122.29512023925781, -9.292163848876953], [122.96186828613281, -9.292163848876953], [122.96186828613281, -9.20882797241211], [123.12855529785156, -9.20882797241211], [123.12855529785156, -9.125492095947266], [122.79518127441406, -9.125492095947266], [122.79518127441406, -9.042156219482422], [122.71183776855469, -9.042156219482422], [122.71183776855469, -8.958820343017578], [122.87852478027344, -8.958820343017578], [122.87852478027344, -8.79214859008789], [122.79518127441406, -8.79214859008789], [122.79518127441406, -8.875484466552734], [122.62849426269531, -8.875484466552734], [122.62849426269531, -8.625476837158203], [123.62861633300781, -8.625476837158203], [123.62861633300781, -8.458805084228516], [123.71195983886719, -8.458805084228516], [123.71195983886719, -8.375469207763672], [123.79530334472656, -8.375469207763672], [123.79530334472656, -8.458805084228516], [123.87864685058594, -8.458805084228516], [123.87864685058594, -8.625476837158203], [124.37870788574219, -8.625476837158203], [124.37870788574219, -8.708812713623047], [124.12867736816406, -8.708812713623047], [124.12867736816406, -8.79214859008789], [124.62873840332031, -8.79214859008789], [124.62873840332031, -8.708812713623047], [124.71208190917969, -8.708812713623047], [124.71208190917969, -8.625476837158203], [124.96211242675781, -8.625476837158203], [124.96211242675781, -8.54214096069336], [125.12879943847656, -8.54214096069336], [125.12879943847656, -8.375469207763672], [125.21214294433594, -8.375469207763672], [125.21214294433594, -8.208797454833984], [125.12879943847656, -8.208797454833984], [125.12879943847656, -8.12546157836914], [125.29548645019531, -8.12546157836914], [125.29548645019531, -8.292133331298828], [125.37882995605469, -8.292133331298828], [125.37882995605469, -8.54214096069336], [125.29548645019531, -8.54214096069336], [125.29548645019531, -8.625476837158203], [125.12879943847656, -8.625476837158203], [125.12879943847656, -8.875484466552734]], [[124.12867736816406, -9.042156219482422], [124.04533386230469, -9.042156219482422], [124.04533386230469, -9.125492095947266], [124.12867736816406, -9.125492095947266], [124.12867736816406, -9.042156219482422]], [[115.04423522949219, -8.875484466552734], [115.04423522949219, -8.79214859008789], [114.87754821777344, -8.79214859008789], [114.87754821777344, -9.125492095947266], [114.96089172363281, -9.125492095947266], [114.96089172363281, -9.292163848876953], [115.04423522949219, -9.292163848876953], [115.04423522949219, -9.125492095947266], [115.12757873535156, -9.125492095947266], [115.12757873535156, -8.875484466552734], [115.04423522949219, -8.875484466552734]], [[115.12757873535156, -9.87551498413086], [115.12757873535156, -9.958850860595703], [115.21092224121094, -9.958850860595703], [115.21092224121094, -9.87551498413086], [115.12757873535156, -9.87551498413086]], [[113.29402160644531, -8.458805084228516], [113.29402160644531, -8.54214096069336], [113.37736511230469, -8.54214096069336], [113.37736511230469, -8.458805084228516], [113.29402160644531, -8.458805084228516]], [[123.71195983886719, -8.625476837158203], [123.71195983886719, -8.875484466552734], [123.79530334472656, -8.875484466552734], [123.79530334472656, -8.625476837158203], [123.71195983886719, -8.625476837158203]], [[123.79530334472656, -9.042156219482422], [123.87864685058594, -9.042156219482422], [123.87864685058594, -8.875484466552734], [123.79530334472656, -8.875484466552734], [123.79530334472656, -9.042156219482422]], [[123.54527282714844, -9.042156219482422], [123.54527282714844, -8.958820343017578], [123.62861633300781, -8.958820343017578], [123.62861633300781, -8.875484466552734], [123.37858581542969, -8.875484466552734], [123.37858581542969, -9.042156219482422], [123.54527282714844, -9.042156219482422]], [[113.54405212402344, -9.87551498413086], [113.54405212402344, -9.958850860595703], [113.71073913574219, -9.958850860595703], [113.71073913574219, -10.042186737060547], [113.96076965332031, -10.042186737060547], [113.96076965332031, -9.792179107666016], [114.04411315917969, -9.792179107666016], [114.04411315917969, -9.708843231201172], [114.12745666503906, -9.708843231201172], [114.12745666503906, -9.625507354736328], [113.96076965332031, -9.625507354736328], [113.96076965332031, -9.542171478271484], [113.87742614746094, -9.542171478271484], [113.87742614746094, -9.45883560180664], [113.54405212402344, -9.45883560180664], [113.54405212402344, -9.375499725341797], [113.46070861816406, -9.375499725341797], [113.46070861816406, -9.45883560180664], [113.37736511230469, -9.45883560180664], [113.37736511230469, -9.542171478271484], [113.29402160644531, -9.542171478271484], [113.29402160644531, -9.792179107666016], [113.37736511230469, -9.792179107666016], [113.37736511230469, -9.87551498413086], [113.54405212402344, -9.87551498413086]], [[113.29402160644531, -9.45883560180664], [113.12733459472656, -9.45883560180664], [113.12733459472656, -9.625507354736328], [113.21067810058594, -9.625507354736328], [113.21067810058594, -9.542171478271484], [113.29402160644531, -9.542171478271484], [113.29402160644531, -9.45883560180664]], [[115.04423522949219, -9.375499725341797], [115.04423522949219, -9.45883560180664], [115.12757873535156, -9.45883560180664], [115.12757873535156, -9.375499725341797], [115.04423522949219, -9.375499725341797]], [[114.21080017089844, -10.208858489990234], [114.21080017089844, -10.292194366455078], [114.29414367675781, -10.292194366455078], [114.29414367675781, -10.12552261352539], [114.12745666503906, -10.12552261352539], [114.12745666503906, -10.208858489990234], [114.21080017089844, -10.208858489990234]], [[117.29450988769531, -10.958881378173828], [117.29450988769531, -10.875545501708984], [117.46119689941406, -10.875545501708984], [117.46119689941406, -10.79220962524414], [117.62788391113281, -10.79220962524414], [117.62788391113281, -10.708873748779297], [117.79457092285156, -10.708873748779297], [117.79457092285156, -10.625537872314453], [118.04460144042969, -10.625537872314453], [118.04460144042969, -10.54220199584961], [118.12794494628906, -10.54220199584961], [118.12794494628906, -10.292194366455078], [117.21116638183594, -10.292194366455078], [117.21116638183594, -10.375530242919922], [116.96113586425781, -10.375530242919922], [116.96113586425781, -10.458866119384766], [116.87779235839844, -10.458866119384766], [116.87779235839844, -10.79220962524414], [116.96113586425781, -10.79220962524414], [116.96113586425781, -10.958881378173828], [117.29450988769531, -10.958881378173828]], [[122.29512023925781, -10.458866119384766], [122.29512023925781, -10.54220199584961], [122.37846374511719, -10.54220199584961], [122.37846374511719, -10.375530242919922], [122.21177673339844, -10.375530242919922], [122.21177673339844, -10.458866119384766], [122.29512023925781, -10.458866119384766]], [[114.54417419433594, -11.20888900756836], [114.54417419433594, -11.292224884033203], [114.71086120605469, -11.292224884033203], [114.71086120605469, -11.042217254638672], [114.62751770019531, -11.042217254638672], [114.62751770019531, -10.875545501708984], [114.54417419433594, -10.875545501708984], [114.54417419433594, -10.708873748779297], [114.46083068847656, -10.708873748779297], [114.46083068847656, -10.54220199584961], [114.29414367675781, -10.54220199584961], [114.29414367675781, -10.79220962524414], [114.21080017089844, -10.79220962524414], [114.21080017089844, -10.875545501708984], [114.29414367675781, -10.875545501708984], [114.29414367675781, -11.125553131103516], [114.37748718261719, -11.125553131103516], [114.37748718261719, -11.20888900756836], [114.54417419433594, -11.20888900756836]]], [[[120.96162414550781, -8.958820343017578], [121.12831115722656, -8.958820343017578], [121.12831115722656, -9.042156219482422], [120.96162414550781, -9.042156219482422], [120.96162414550781, -8.958820343017578]]], [[[116.54441833496094, -8.958820343017578], [116.54441833496094, -8.875484466552734], [116.62776184082031, -8.875484466552734], [116.62776184082031, -8.958820343017578], [116.54441833496094, -8.958820343017578]]], [[[122.12843322753906, -8.875484466552734], [122.54515075683594, -8.875484466552734], [122.54515075683594, -8.958820343017578], [122.12843322753906, -8.958820343017578], [122.12843322753906, -8.875484466552734]]], [[[120.79493713378906, -8.875484466552734], [120.87828063964844, -8.875484466552734], [120.87828063964844, -8.958820343017578], [120.79493713378906, -8.958820343017578], [120.79493713378906, -8.875484466552734]]], [[[119.21141052246094, -8.625476837158203], [119.29475402832031, -8.625476837158203], [119.29475402832031, -8.79214859008789], [119.21141052246094, -8.79214859008789], [119.21141052246094, -8.625476837158203]]], [[[114.54417419433594, -8.625476837158203], [114.46083068847656, -8.625476837158203], [114.46083068847656, -8.54214096069336], [114.37748718261719, -8.54214096069336], [114.37748718261719, -8.458805084228516], [114.54417419433594, -8.458805084228516], [114.54417419433594, -8.625476837158203]]], [[[115.79432678222656, -8.625476837158203], [115.62763977050781, -8.625476837158203], [115.62763977050781, -8.458805084228516], [115.71098327636719, -8.458805084228516], [115.71098327636719, -8.375469207763672], [115.62763977050781, -8.375469207763672], [115.62763977050781, -8.208797454833984], [115.87767028808594, -8.208797454833984], [115.87767028808594, -8.375469207763672], [116.04435729980469, -8.375469207763672], [116.04435729980469, -8.625476837158203], [115.87767028808594, -8.625476837158203], [115.87767028808594, -8.708812713623047], [115.79432678222656, -8.708812713623047], [115.79432678222656, -8.625476837158203]]], [[[116.71110534667969, -7.458774566650391], [116.79444885253906, -7.458774566650391], [116.79444885253906, -7.375438690185547], [117.12782287597656, -7.375438690185547], [117.12782287597656, -7.542110443115234], [117.04447937011719, -7.542110443115234], [117.04447937011719, -7.625446319580078], [116.62776184082031, -7.625446319580078], [116.62776184082031, -7.542110443115234], [116.71110534667969, -7.542110443115234], [116.71110534667969, -7.458774566650391]]], [[[119.87815856933594, -5.792057037353516], [119.87815856933594, -5.625385284423828], [120.12818908691406, -5.625385284423828], [120.12818908691406, -5.792057037353516], [120.04484558105469, -5.792057037353516], [120.04484558105469, -5.875392913818359], [119.79481506347656, -5.875392913818359], [119.79481506347656, -5.792057037353516], [119.87815856933594, -5.792057037353516]]], [[[119.54478454589844, -5.625385284423828], [119.62812805175781, -5.625385284423828], [119.62812805175781, -5.708721160888672], [119.54478454589844, -5.708721160888672], [119.54478454589844, -5.625385284423828]]], [[[119.29475402832031, -5.958728790283203], [119.12806701660156, -5.958728790283203], [119.12806701660156, -5.875392913818359], [119.04472351074219, -5.875392913818359], [119.04472351074219, -5.792057037353516], [119.12806701660156, -5.792057037353516], [119.12806701660156, -5.708721160888672], [118.96138000488281, -5.708721160888672], [118.96138000488281, -5.542049407958984], [119.12806701660156, -5.542049407958984], [119.12806701660156, -5.458713531494141], [119.29475402832031, -5.458713531494141], [119.29475402832031, -5.375377655029297], [119.37809753417969, -5.375377655029297], [119.37809753417969, -5.625385284423828], [119.46144104003906, -5.625385284423828], [119.46144104003906, -5.792057037353516], [119.37809753417969, -5.792057037353516], [119.37809753417969, -5.875392913818359], [119.29475402832031, -5.875392913818359], [119.29475402832031, -5.958728790283203]]], [[[118.04460144042969, -4.708690643310547], [118.04460144042969, -4.625354766845703], [118.12794494628906, -4.625354766845703], [118.12794494628906, -4.875362396240234], [117.79457092285156, -4.875362396240234], [117.79457092285156, -4.958698272705078], [117.62788391113281, -4.958698272705078], [117.62788391113281, -5.208705902099609], [117.46119689941406, -5.208705902099609], [117.46119689941406, -5.292041778564453], [117.37785339355469, -5.292041778564453], [117.37785339355469, -5.458713531494141], [117.29450988769531, -5.458713531494141], [117.29450988769531, -5.542049407958984], [117.21116638183594, -5.542049407958984], [117.21116638183594, -5.625385284423828], [116.87779235839844, -5.625385284423828], [116.87779235839844, -5.125370025634766], [117.12782287597656, -5.125370025634766], [117.12782287597656, -4.875362396240234], [116.87779235839844, -4.875362396240234], [116.87779235839844, -4.542018890380859], [116.96113586425781, -4.542018890380859], [116.96113586425781, -4.625354766845703], [117.04447937011719, -4.625354766845703], [117.04447937011719, -4.792026519775391], [117.29450988769531, -4.792026519775391], [117.29450988769531, -4.708690643310547], [118.04460144042969, -4.708690643310547]]], [[[120.46156311035156, -3.8753318786621094], [120.62825012207031, -3.8753318786621094], [120.62825012207031, -4.125339508056641], [120.46156311035156, -4.125339508056641], [120.46156311035156, -3.8753318786621094]]], [[[115.79432678222656, -3.625324249267578], [115.87767028808594, -3.625324249267578], [115.87767028808594, -3.708660125732422], [115.79432678222656, -3.708660125732422], [115.79432678222656, -3.625324249267578]]], [[[117.87791442871094, -2.8753013610839844], [117.87791442871094, -2.7919654846191406], [117.96125793457031, -2.7919654846191406], [117.96125793457031, -2.8753013610839844], [117.87791442871094, -2.8753013610839844]]], [[[116.37773132324219, -2.625293731689453], [116.46107482910156, -2.625293731689453], [116.46107482910156, -2.708629608154297], [116.37773132324219, -2.708629608154297], [116.37773132324219, -2.625293731689453]]], [[[116.96113586425781, -2.041942596435547], [117.04447937011719, -2.041942596435547], [117.04447937011719, -2.1252784729003906], [116.96113586425781, -2.1252784729003906], [116.96113586425781, -2.041942596435547]]], [[[116.37773132324219, -1.7085990905761719], [116.46107482910156, -1.7085990905761719], [116.46107482910156, -1.6252632141113281], [116.62776184082031, -1.6252632141113281], [116.62776184082031, -1.8752708435058594], [116.54441833496094, -1.8752708435058594], [116.54441833496094, -2.1252784729003906], [116.46107482910156, -2.1252784729003906], [116.46107482910156, -1.7919349670410156], [116.37773132324219, -1.7919349670410156], [116.37773132324219, -1.7085990905761719]]], [[[116.79444885253906, -1.4585914611816406], [116.87779235839844, -1.4585914611816406], [116.87779235839844, -1.5419273376464844], [116.79444885253906, -1.5419273376464844], [116.79444885253906, -1.4585914611816406]]], [[[116.62776184082031, -1.3752555847167969], [116.79444885253906, -1.3752555847167969], [116.79444885253906, -1.4585914611816406], [116.62776184082031, -1.4585914611816406], [116.62776184082031, -1.3752555847167969]]], [[[116.96113586425781, -1.2919197082519531], [117.04447937011719, -1.2919197082519531], [117.04447937011719, -1.3752555847167969], [116.96113586425781, -1.3752555847167969], [116.96113586425781, -1.2919197082519531]]], [[[117.29450988769531, -1.1252479553222656], [117.29450988769531, -1.0419120788574219], [117.37785339355469, -1.0419120788574219], [117.37785339355469, -1.1252479553222656], [117.29450988769531, -1.1252479553222656]]], [[[117.12782287597656, -0.9585762023925781], [117.21116638183594, -0.9585762023925781], [117.21116638183594, -1.0419120788574219], [117.12782287597656, -1.0419120788574219], [117.12782287597656, -0.9585762023925781]]], [[[117.62788391113281, -1.0419120788574219], [117.46119689941406, -1.0419120788574219], [117.46119689941406, -0.9585762023925781], [117.54454040527344, -0.9585762023925781], [117.54454040527344, -0.8752403259277344], [117.62788391113281, -0.8752403259277344], [117.62788391113281, -1.0419120788574219]]], [[[119.12806701660156, 4.624927520751953], [119.54478454589844, 4.624927520751953], [119.54478454589844, 4.958271026611328], [119.62812805175781, 4.958271026611328], [119.62812805175781, 5.124942779541016], [119.71147155761719, 5.124942779541016], [119.71147155761719, 4.874935150146484], [119.79481506347656, 4.874935150146484], [119.79481506347656, 4.624927520751953], [119.87815856933594, 4.624927520751953], [119.87815856933594, 4.291584014892578], [119.96150207519531, 4.291584014892578], [119.96150207519531, 4.374919891357422], [120.04484558105469, 4.374919891357422], [120.04484558105469, 4.458255767822266], [120.12818908691406, 4.458255767822266], [120.12818908691406, 4.541591644287109], [120.21153259277344, 4.541591644287109], [120.21153259277344, 4.624927520751953], [120.29487609863281, 4.624927520751953], [120.29487609863281, 4.708263397216797], [120.37821960449219, 4.708263397216797], [120.37821960449219, 4.791599273681641], [120.46156311035156, 4.791599273681641], [120.46156311035156, 4.874935150146484], [120.62825012207031, 4.874935150146484], [120.62825012207031, 5.208278656005859], [120.71159362792969, 5.208278656005859], [120.71159362792969, 5.374950408935547], [120.79493713378906, 5.374950408935547], [120.79493713378906, 5.124942779541016], [120.96162414550781, 5.124942779541016], [120.96162414550781, 5.208278656005859], [121.12831115722656, 5.208278656005859], [121.12831115722656, 5.374950408935547], [121.46168518066406, 5.374950408935547], [121.46168518066406, 5.291614532470703], [121.37834167480469, 5.291614532470703], [121.37834167480469, 5.041606903076172], [121.29499816894531, 5.041606903076172], [121.29499816894531, 4.874935150146484], [121.21165466308594, 4.874935150146484], [121.21165466308594, 4.708263397216797], [120.96162414550781, 4.708263397216797], [120.96162414550781, 4.624927520751953], [120.87828063964844, 4.624927520751953], [120.87828063964844, 4.541591644287109], [120.79493713378906, 4.541591644287109], [120.79493713378906, 4.374919891357422], [120.71159362792969, 4.374919891357422], [120.71159362792969, 4.291584014892578], [120.62825012207031, 4.291584014892578], [120.62825012207031, 4.208248138427734], [120.46156311035156, 4.208248138427734], [120.46156311035156, 4.124912261962891], [120.37821960449219, 4.124912261962891], [120.37821960449219, 4.041576385498047], [120.29487609863281, 4.041576385498047], [120.29487609863281, 3.958240509033203], [120.21153259277344, 3.958240509033203], [120.21153259277344, 3.8749046325683594], [120.12818908691406, 3.8749046325683594], [120.12818908691406, 3.708232879638672], [120.04484558105469, 3.708232879638672], [120.04484558105469, 3.5415611267089844], [119.96150207519531, 3.5415611267089844], [119.96150207519531, 3.4582252502441406], [119.87815856933594, 3.4582252502441406], [119.87815856933594, 3.374889373779297], [119.79481506347656, 3.374889373779297], [119.79481506347656, 3.291553497314453], [119.71147155761719, 3.291553497314453], [119.71147155761719, 2.8748741149902344], [119.79481506347656, 2.8748741149902344], [119.79481506347656, 2.708202362060547], [119.87815856933594, 2.708202362060547], [119.87815856933594, 2.4581947326660156], [119.96150207519531, 2.4581947326660156], [119.96150207519531, 2.1248512268066406], [120.04484558105469, 2.1248512268066406], [120.04484558105469, 1.8748435974121094], [120.12818908691406, 1.8748435974121094], [120.12818908691406, 1.7915077209472656], [120.29487609863281, 1.7915077209472656], [120.29487609863281, 1.7081718444824219], [120.37821960449219, 1.7081718444824219], [120.37821960449219, 1.7915077209472656], [120.46156311035156, 1.7915077209472656], [120.46156311035156, 1.8748435974121094], [120.62825012207031, 1.8748435974121094], [120.62825012207031, 1.6248359680175781], [120.79493713378906, 1.6248359680175781], [120.79493713378906, 1.7081718444824219], [120.87828063964844, 1.7081718444824219], [120.87828063964844, 1.6248359680175781], [121.12831115722656, 1.6248359680175781], [121.12831115722656, 1.5415000915527344], [120.96162414550781, 1.5415000915527344], [120.96162414550781, 1.4581642150878906], [120.87828063964844, 1.4581642150878906], [120.87828063964844, 1.3748283386230469], [120.62825012207031, 1.3748283386230469], [120.62825012207031, 1.1248207092285156], [120.37821960449219, 1.1248207092285156], [120.37821960449219, 1.0414848327636719], [120.04484558105469, 1.0414848327636719], [120.04484558105469, 0.9581489562988281], [119.87815856933594, 0.9581489562988281], [119.87815856933594, 0.8748130798339844], [119.79481506347656, 0.8748130798339844], [119.79481506347656, 0.7081413269042969], [119.71147155761719, 0.7081413269042969], [119.71147155761719, 0.2914619445800781], [119.62812805175781, 0.2914619445800781], [119.62812805175781, -0.12521743774414062], [119.54478454589844, -0.12521743774414062], [119.54478454589844, -0.20855331420898438], [119.46144104003906, -0.20855331420898438], [119.46144104003906, -0.3752250671386719], [119.29475402832031, -0.3752250671386719], [119.29475402832031, -0.5418968200683594], [119.21141052246094, -0.5418968200683594], [119.21141052246094, -0.7085685729980469], [119.12806701660156, -0.7085685729980469], [119.12806701660156, -0.8752403259277344], [119.04472351074219, -0.8752403259277344], [119.04472351074219, -1.0419120788574219], [118.96138000488281, -1.0419120788574219], [118.96138000488281, -1.2085838317871094], [118.87803649902344, -1.2085838317871094], [118.87803649902344, -1.2919197082519531], [118.79469299316406, -1.2919197082519531], [118.79469299316406, -1.4585914611816406], [118.71134948730469, -1.4585914611816406], [118.71134948730469, -1.5419273376464844], [118.62800598144531, -1.5419273376464844], [118.62800598144531, -1.7085990905761719], [118.54466247558594, -1.7085990905761719], [118.54466247558594, -1.7919349670410156], [118.46131896972656, -1.7919349670410156], [118.46131896972656, -1.9586067199707031], [118.37797546386719, -1.9586067199707031], [118.37797546386719, -2.375286102294922], [118.46131896972656, -2.375286102294922], [118.46131896972656, -2.625293731689453], [118.62800598144531, -2.625293731689453], [118.62800598144531, -3.1253089904785156], [118.79469299316406, -3.1253089904785156], [118.79469299316406, -3.4586524963378906], [118.87803649902344, -3.4586524963378906], [118.87803649902344, -3.625324249267578], [118.79469299316406, -3.625324249267578], [118.79469299316406, -3.8753318786621094], [118.87803649902344, -3.8753318786621094], [118.87803649902344, -4.458683013916016], [118.79469299316406, -4.458683013916016], [118.79469299316406, -4.792026519775391], [118.71134948730469, -4.792026519775391], [118.71134948730469, -4.958698272705078], [118.62800598144531, -4.958698272705078], [118.62800598144531, -5.042034149169922], [118.54466247558594, -5.042034149169922], [118.54466247558594, -5.208705902099609], [118.46131896972656, -5.208705902099609], [118.46131896972656, -5.292041778564453], [118.54466247558594, -5.292041778564453], [118.54466247558594, -5.458713531494141], [118.37797546386719, -5.458713531494141], [118.37797546386719, -6.208736419677734], [118.29463195800781, -6.208736419677734], [118.29463195800781, -6.458744049072266], [118.21128845214844, -6.458744049072266], [118.21128845214844, -6.542079925537109], [118.12794494628906, -6.542079925537109], [118.12794494628906, -6.375408172607422], [118.21128845214844, -6.375408172607422], [118.21128845214844, -5.792057037353516], [118.12794494628906, -5.792057037353516], [118.12794494628906, -6.042064666748047], [118.04460144042969, -6.042064666748047], [118.04460144042969, -6.208736419677734], [117.96125793457031, -6.208736419677734], [117.96125793457031, -6.375408172607422], [117.87791442871094, -6.375408172607422], [117.87791442871094, -6.458744049072266], [117.79457092285156, -6.458744049072266], [117.79457092285156, -6.542079925537109], [117.71122741699219, -6.542079925537109], [117.71122741699219, -6.625415802001953], [117.62788391113281, -6.625415802001953], [117.62788391113281, -6.708751678466797], [117.54454040527344, -6.708751678466797], [117.54454040527344, -6.792087554931641], [117.46119689941406, -6.792087554931641], [117.46119689941406, -6.875423431396484], [117.37785339355469, -6.875423431396484], [117.37785339355469, -6.958759307861328], [117.29450988769531, -6.958759307861328], [117.29450988769531, -6.708751678466797], [117.37785339355469, -6.708751678466797], [117.37785339355469, -6.542079925537109], [117.46119689941406, -6.542079925537109], [117.46119689941406, -6.292072296142578], [117.54454040527344, -6.292072296142578], [117.54454040527344, -6.125400543212891], [117.62788391113281, -6.125400543212891], [117.62788391113281, -5.958728790283203], [117.71122741699219, -5.958728790283203], [117.71122741699219, -5.708721160888672], [117.79457092285156, -5.708721160888672], [117.79457092285156, -5.625385284423828], [117.87791442871094, -5.625385284423828], [117.87791442871094, -5.542049407958984], [117.96125793457031, -5.542049407958984], [117.96125793457031, -5.292041778564453], [118.04460144042969, -5.292041778564453], [118.04460144042969, -5.125370025634766], [118.12794494628906, -5.125370025634766], [118.12794494628906, -4.958698272705078], [118.21128845214844, -4.958698272705078], [118.21128845214844, -4.708690643310547], [118.29463195800781, -4.708690643310547], [118.29463195800781, -4.542018890380859], [118.37797546386719, -4.542018890380859], [118.37797546386719, -4.125339508056641], [118.29463195800781, -4.125339508056641], [118.29463195800781, -3.958667755126953], [118.21128845214844, -3.958667755126953], [118.21128845214844, -3.708660125732422], [118.29463195800781, -3.708660125732422], [118.29463195800781, -3.625324249267578], [118.21128845214844, -3.625324249267578], [118.21128845214844, -3.4586524963378906], [118.12794494628906, -3.4586524963378906], [118.12794494628906, -3.375316619873047], [118.04460144042969, -3.375316619873047], [118.04460144042969, -2.708629608154297], [117.87791442871094, -2.708629608154297], [117.87791442871094, -2.4586219787597656], [117.79457092285156, -2.4586219787597656], [117.79457092285156, -2.5419578552246094], [117.62788391113281, -2.5419578552246094], [117.62788391113281, -2.291950225830078], [117.54454040527344, -2.291950225830078], [117.54454040527344, -2.5419578552246094], [117.37785339355469, -2.5419578552246094], [117.37785339355469, -2.4586219787597656], [117.46119689941406, -2.4586219787597656], [117.46119689941406, -2.375286102294922], [117.37785339355469, -2.375286102294922], [117.37785339355469, -1.8752708435058594], [117.62788391113281, -1.8752708435058594], [117.62788391113281, -1.3752555847167969], [117.79457092285156, -1.3752555847167969], [117.79457092285156, -1.2919197082519531], [117.87791442871094, -1.2919197082519531], [117.87791442871094, -1.1252479553222656], [117.96125793457031, -1.1252479553222656], [117.96125793457031, -0.7919044494628906], [118.04460144042969, -0.7919044494628906], [118.04460144042969, -0.6252326965332031], [118.12794494628906, -0.6252326965332031], [118.12794494628906, -0.5418968200683594], [118.21128845214844, -0.5418968200683594], [118.21128845214844, -0.4585609436035156], [118.29463195800781, -0.4585609436035156], [118.29463195800781, -0.3752250671386719], [118.37797546386719, -0.3752250671386719], [118.37797546386719, -0.4585609436035156], [118.46131896972656, -0.4585609436035156], [118.46131896972656, -0.2918891906738281], [118.54466247558594, -0.2918891906738281], [118.54466247558594, -0.20855331420898438], [118.62800598144531, -0.20855331420898438], [118.62800598144531, -0.12521743774414062], [118.71134948730469, -0.12521743774414062], [118.71134948730469, -0.041881561279296875], [118.79469299316406, -0.041881561279296875], [118.79469299316406, 0.041454315185546875], [118.87803649902344, 0.041454315185546875], [118.87803649902344, 0.20812606811523438], [118.96138000488281, 0.20812606811523438], [118.96138000488281, 0.2914619445800781], [119.12806701660156, 0.2914619445800781], [119.12806701660156, 0.3747978210449219], [119.21141052246094, 0.3747978210449219], [119.21141052246094, 0.2914619445800781], [119.37809753417969, 0.2914619445800781], [119.37809753417969, 0.6248054504394531], [119.12806701660156, 0.6248054504394531], [119.12806701660156, 1.0414848327636719], [119.04472351074219, 1.0414848327636719], [119.04472351074219, 1.2081565856933594], [118.96138000488281, 1.2081565856933594], [118.96138000488281, 1.3748283386230469], [118.87803649902344, 1.3748283386230469], [118.87803649902344, 1.4581642150878906], [118.79469299316406, 1.4581642150878906], [118.79469299316406, 1.5415000915527344], [118.87803649902344, 1.5415000915527344], [118.87803649902344, 1.6248359680175781], [118.62800598144531, 1.6248359680175781], [118.62800598144531, 1.8748435974121094], [118.79469299316406, 1.8748435974121094], [118.79469299316406, 1.7081718444824219], [118.96138000488281, 1.7081718444824219], [118.96138000488281, 1.9581794738769531], [118.87803649902344, 1.9581794738769531], [118.87803649902344, 2.041515350341797], [118.79469299316406, 2.041515350341797], [118.79469299316406, 1.9581794738769531], [118.71134948730469, 1.9581794738769531], [118.71134948730469, 2.041515350341797], [118.62800598144531, 2.041515350341797], [118.62800598144531, 1.9581794738769531], [118.54466247558594, 1.9581794738769531], [118.54466247558594, 2.291522979736328], [118.62800598144531, 2.291522979736328], [118.62800598144531, 2.1248512268066406], [118.71134948730469, 2.1248512268066406], [118.71134948730469, 2.374858856201172], [118.62800598144531, 2.374858856201172], [118.62800598144531, 2.5415306091308594], [118.54466247558594, 2.5415306091308594], [118.54466247558594, 2.624866485595703], [118.62800598144531, 2.624866485595703], [118.62800598144531, 3.041545867919922], [118.71134948730469, 3.041545867919922], [118.71134948730469, 3.1248817443847656], [118.62800598144531, 3.1248817443847656], [118.62800598144531, 3.374889373779297], [118.71134948730469, 3.374889373779297], [118.71134948730469, 3.624897003173828], [118.87803649902344, 3.624897003173828], [118.87803649902344, 4.291584014892578], [118.96138000488281, 4.291584014892578], [118.96138000488281, 4.541591644287109], [119.04472351074219, 4.541591644287109], [119.04472351074219, 4.791599273681641], [119.12806701660156, 4.791599273681641], [119.12806701660156, 4.958271026611328], [119.21141052246094, 4.958271026611328], [119.21141052246094, 5.041606903076172], [119.29475402832031, 5.041606903076172], [119.29475402832031, 5.124942779541016], [119.37809753417969, 5.124942779541016], [119.37809753417969, 5.374950408935547], [119.46144104003906, 5.374950408935547], [119.46144104003906, 4.958271026611328], [119.37809753417969, 4.958271026611328], [119.37809753417969, 4.791599273681641], [119.21141052246094, 4.791599273681641], [119.21141052246094, 4.708263397216797], [119.12806701660156, 4.708263397216797], [119.12806701660156, 4.624927520751953]], [[117.71122741699219, -2.291950225830078], [117.71122741699219, -2.2086143493652344], [117.62788391113281, -2.2086143493652344], [117.62788391113281, -2.291950225830078], [117.71122741699219, -2.291950225830078]], [[118.96138000488281, 1.5415000915527344], [119.04472351074219, 1.5415000915527344], [119.04472351074219, 1.4581642150878906], [119.12806701660156, 1.4581642150878906], [119.12806701660156, 1.6248359680175781], [119.04472351074219, 1.6248359680175781], [119.04472351074219, 1.7081718444824219], [118.96138000488281, 1.7081718444824219], [118.96138000488281, 1.5415000915527344]], [[119.12806701660156, 4.541591644287109], [119.12806701660156, 4.374919891357422], [119.21141052246094, 4.374919891357422], [119.21141052246094, 4.541591644287109], [119.12806701660156, 4.541591644287109]], [[119.21141052246094, 4.208248138427734], [119.12806701660156, 4.208248138427734], [119.12806701660156, 3.8749046325683594], [119.21141052246094, 3.8749046325683594], [119.21141052246094, 4.041576385498047], [119.29475402832031, 4.041576385498047], [119.29475402832031, 4.208248138427734], [119.37809753417969, 4.208248138427734], [119.37809753417969, 4.374919891357422], [119.46144104003906, 4.374919891357422], [119.46144104003906, 4.458255767822266], [119.29475402832031, 4.458255767822266], [119.29475402832031, 4.374919891357422], [119.21141052246094, 4.374919891357422], [119.21141052246094, 4.208248138427734]], [[118.87803649902344, 3.374889373779297], [118.87803649902344, 3.291553497314453], [119.04472351074219, 3.291553497314453], [119.04472351074219, 3.374889373779297], [118.87803649902344, 3.374889373779297]], [[118.29463195800781, -3.041973114013672], [118.29463195800781, -3.2086448669433594], [118.37797546386719, -3.2086448669433594], [118.37797546386719, -3.041973114013672], [118.29463195800781, -3.041973114013672]], [[118.37797546386719, -3.625324249267578], [118.37797546386719, -3.708660125732422], [118.46131896972656, -3.708660125732422], [118.46131896972656, -3.625324249267578], [118.37797546386719, -3.625324249267578]]], [[[117.71122741699219, -0.8752403259277344], [117.62788391113281, -0.8752403259277344], [117.62788391113281, -0.7085685729980469], [117.71122741699219, -0.7085685729980469], [117.71122741699219, -0.3752250671386719], [117.62788391113281, -0.3752250671386719], [117.62788391113281, -0.2918891906738281], [117.71122741699219, -0.2918891906738281], [117.71122741699219, -0.041881561279296875], [117.62788391113281, -0.041881561279296875], [117.62788391113281, 0.20812606811523438], [117.71122741699219, 0.20812606811523438], [117.71122741699219, 0.3747978210449219], [117.79457092285156, 0.3747978210449219], [117.79457092285156, 0.4581336975097656], [117.96125793457031, 0.4581336975097656], [117.96125793457031, 0.041454315185546875], [117.87791442871094, 0.041454315185546875], [117.87791442871094, -0.7085685729980469], [117.79457092285156, -0.7085685729980469], [117.79457092285156, -0.7919044494628906], [117.71122741699219, -0.7919044494628906], [117.71122741699219, -0.8752403259277344]]], [[[122.37846374511719, 0.3747978210449219], [122.54515075683594, 0.3747978210449219], [122.54515075683594, 0.2914619445800781], [122.37846374511719, 0.2914619445800781], [122.37846374511719, 0.3747978210449219]]], [[[117.71122741699219, 0.6248054504394531], [117.79457092285156, 0.6248054504394531], [117.79457092285156, 0.5414695739746094], [117.71122741699219, 0.5414695739746094], [117.71122741699219, 0.6248054504394531]]], [[[120.21153259277344, 0.8748130798339844], [120.21153259277344, 0.9581489562988281], [120.29487609863281, 0.9581489562988281], [120.29487609863281, 0.8748130798339844], [120.21153259277344, 0.8748130798339844]]], [[[120.79493713378906, 2.1248512268066406], [120.87828063964844, 2.1248512268066406], [120.87828063964844, 1.8748435974121094], [120.62825012207031, 1.8748435974121094], [120.62825012207031, 1.9581794738769531], [120.71159362792969, 1.9581794738769531], [120.71159362792969, 2.041515350341797], [120.79493713378906, 2.041515350341797], [120.79493713378906, 2.1248512268066406]]], [[[118.37797546386719, 2.2081871032714844], [118.46131896972656, 2.2081871032714844], [118.46131896972656, 1.8748435974121094], [118.37797546386719, 1.8748435974121094], [118.37797546386719, 2.2081871032714844]]], [[[121.71171569824219, 1.9581794738769531], [121.54502868652344, 1.9581794738769531], [121.54502868652344, 1.8748435974121094], [121.37834167480469, 1.8748435974121094], [121.37834167480469, 2.1248512268066406], [121.46168518066406, 2.1248512268066406], [121.46168518066406, 2.2081871032714844], [121.54502868652344, 2.2081871032714844], [121.54502868652344, 2.291522979736328], [121.71171569824219, 2.291522979736328], [121.71171569824219, 2.374858856201172], [121.96174621582031, 2.374858856201172], [121.96174621582031, 2.2081871032714844], [121.87840270996094, 2.2081871032714844], [121.87840270996094, 2.1248512268066406], [121.79505920410156, 2.1248512268066406], [121.79505920410156, 2.041515350341797], [121.71171569824219, 2.041515350341797], [121.71171569824219, 1.9581794738769531]]], [[[121.87840270996094, 2.624866485595703], [121.37834167480469, 2.624866485595703], [121.37834167480469, 2.374858856201172], [121.12831115722656, 2.374858856201172], [121.12831115722656, 2.1248512268066406], [120.87828063964844, 2.1248512268066406], [120.87828063964844, 2.291522979736328], [120.96162414550781, 2.291522979736328], [120.96162414550781, 2.4581947326660156], [121.04496765136719, 2.4581947326660156], [121.04496765136719, 2.5415306091308594], [121.12831115722656, 2.5415306091308594], [121.12831115722656, 2.624866485595703], [121.21165466308594, 2.624866485595703], [121.21165466308594, 2.708202362060547], [121.29499816894531, 2.708202362060547], [121.29499816894531, 2.7915382385253906], [121.37834167480469, 2.7915382385253906], [121.37834167480469, 2.8748741149902344], [121.46168518066406, 2.8748741149902344], [121.46168518066406, 3.041545867919922], [121.37834167480469, 3.041545867919922], [121.37834167480469, 3.291553497314453], [121.54502868652344, 3.291553497314453], [121.54502868652344, 3.374889373779297], [122.62849426269531, 3.374889373779297], [122.62849426269531, 3.2082176208496094], [122.79518127441406, 3.2082176208496094], [122.79518127441406, 3.1248817443847656], [122.62849426269531, 3.1248817443847656], [122.62849426269531, 2.8748741149902344], [121.87840270996094, 2.8748741149902344], [121.87840270996094, 2.624866485595703]]], [[[114.54417419433594, 4.791599273681641], [114.62751770019531, 4.791599273681641], [114.62751770019531, 4.708263397216797], [114.54417419433594, 4.708263397216797], [114.54417419433594, 4.791599273681641]]], [[[114.71086120605469, 4.958271026611328], [114.79420471191406, 4.958271026611328], [114.79420471191406, 4.874935150146484], [114.71086120605469, 4.874935150146484], [114.71086120605469, 4.958271026611328]]], [[[115.29426574707031, 5.374950408935547], [115.29426574707031, 5.458286285400391], [115.37760925292969, 5.458286285400391], [115.37760925292969, 5.374950408935547], [115.29426574707031, 5.374950408935547]]], [[[121.96174621582031, 6.124973297119141], [121.87840270996094, 6.124973297119141], [121.87840270996094, 6.208309173583984], [121.79505920410156, 6.208309173583984], [121.79505920410156, 6.124973297119141], [121.71171569824219, 6.124973297119141], [121.71171569824219, 6.291645050048828], [121.62837219238281, 6.291645050048828], [121.62837219238281, 6.458316802978516], [121.71171569824219, 6.458316802978516], [121.71171569824219, 6.541652679443359], [121.87840270996094, 6.541652679443359], [121.87840270996094, 6.374980926513672], [121.96174621582031, 6.374980926513672], [121.96174621582031, 6.291645050048828], [122.04508972167969, 6.291645050048828], [122.04508972167969, 6.208309173583984], [121.96174621582031, 6.208309173583984], [121.96174621582031, 6.124973297119141]]], [[[116.29438781738281, 6.458316802978516], [116.37773132324219, 6.458316802978516], [116.37773132324219, 6.374980926513672], [116.29438781738281, 6.374980926513672], [116.29438781738281, 6.458316802978516]]], [[[119.21141052246094, 6.208309173583984], [119.29475402832031, 6.208309173583984], [119.29475402832031, 6.124973297119141], [119.12806701660156, 6.124973297119141], [119.12806701660156, 6.374980926513672], [119.04472351074219, 6.374980926513672], [119.04472351074219, 6.458316802978516], [118.96138000488281, 6.458316802978516], [118.96138000488281, 6.624988555908203], [118.87803649902344, 6.624988555908203], [118.87803649902344, 6.708324432373047], [118.79469299316406, 6.708324432373047], [118.79469299316406, 6.874996185302734], [118.62800598144531, 6.874996185302734], [118.62800598144531, 6.958332061767578], [119.12806701660156, 6.958332061767578], [119.12806701660156, 6.874996185302734], [119.04472351074219, 6.874996185302734], [119.04472351074219, 6.624988555908203], [119.12806701660156, 6.624988555908203], [119.12806701660156, 6.541652679443359], [119.21141052246094, 6.541652679443359], [119.21141052246094, 6.208309173583984]]], [[[118.62800598144531, 6.458316802978516], [118.54466247558594, 6.458316802978516], [118.54466247558594, 6.541652679443359], [118.46131896972656, 6.541652679443359], [118.46131896972656, 6.624988555908203], [118.37797546386719, 6.624988555908203], [118.37797546386719, 6.708324432373047], [118.29463195800781, 6.708324432373047], [118.29463195800781, 6.791660308837891], [118.12794494628906, 6.791660308837891], [118.12794494628906, 6.958332061767578], [118.37797546386719, 6.958332061767578], [118.37797546386719, 6.874996185302734], [118.46131896972656, 6.874996185302734], [118.46131896972656, 6.791660308837891], [118.54466247558594, 6.791660308837891], [118.54466247558594, 6.708324432373047], [118.62800598144531, 6.708324432373047], [118.62800598144531, 6.458316802978516]]], [[[119.37809753417969, 6.874996185302734], [119.46144104003906, 6.874996185302734], [119.46144104003906, 6.624988555908203], [119.37809753417969, 6.624988555908203], [119.37809753417969, 6.874996185302734]]], [[[116.46107482910156, 6.958332061767578], [116.62776184082031, 6.958332061767578], [116.62776184082031, 6.874996185302734], [116.54441833496094, 6.874996185302734], [116.54441833496094, 6.624988555908203], [116.37773132324219, 6.624988555908203], [116.37773132324219, 6.791660308837891], [116.46107482910156, 6.791660308837891], [116.46107482910156, 6.958332061767578]]], [[[117.62788391113281, 6.874996185302734], [117.62788391113281, 6.958332061767578], [117.71122741699219, 6.958332061767578], [117.71122741699219, 6.874996185302734], [117.62788391113281, 6.874996185302734]]], [[[126.62898254394531, -9.87551498413086], [126.12892150878906, -9.87551498413086], [126.12892150878906, -9.958850860595703], [126.04557800292969, -9.958850860595703], [126.04557800292969, -10.042186737060547], [125.87889099121094, -10.042186737060547], [125.87889099121094, -9.87551498413086], [125.46217346191406, -9.87551498413086], [125.46217346191406, -9.958850860595703], [125.37882995605469, -9.958850860595703], [125.37882995605469, -10.042186737060547], [125.21214294433594, -10.042186737060547], [125.21214294433594, -10.12552261352539], [125.12879943847656, -10.12552261352539], [125.12879943847656, -10.208858489990234], [125.04545593261719, -10.208858489990234], [125.04545593261719, -10.292194366455078], [124.96211242675781, -10.292194366455078], [124.96211242675781, -10.375530242919922], [125.12879943847656, -10.375530242919922], [125.12879943847656, -10.54220199584961], [125.04545593261719, -10.54220199584961], [125.04545593261719, -10.625537872314453], [125.12879943847656, -10.625537872314453], [125.12879943847656, -10.708873748779297], [125.04545593261719, -10.708873748779297], [125.04545593261719, -10.79220962524414], [124.87876892089844, -10.79220962524414], [124.87876892089844, -10.458866119384766], [124.79542541503906, -10.458866119384766], [124.79542541503906, -10.54220199584961], [124.62873840332031, -10.54220199584961], [124.62873840332031, -10.625537872314453], [124.54539489746094, -10.625537872314453], [124.54539489746094, -10.708873748779297], [124.46205139160156, -10.708873748779297], [124.46205139160156, -10.79220962524414], [124.29536437988281, -10.79220962524414], [124.29536437988281, -10.875545501708984], [124.62873840332031, -10.875545501708984], [124.62873840332031, -10.958881378173828], [124.46205139160156, -10.958881378173828], [124.46205139160156, -11.042217254638672], [124.29536437988281, -11.042217254638672], [124.29536437988281, -11.125553131103516], [124.12867736816406, -11.125553131103516], [124.12867736816406, -11.20888900756836], [123.96199035644531, -11.20888900756836], [123.96199035644531, -11.292224884033203], [123.79530334472656, -11.292224884033203], [123.79530334472656, -11.375560760498047], [123.54527282714844, -11.375560760498047], [123.54527282714844, -11.45889663696289], [123.37858581542969, -11.45889663696289], [123.37858581542969, -11.542232513427734], [123.21189880371094, -11.542232513427734], [123.21189880371094, -11.625568389892578], [123.12855529785156, -11.625568389892578], [123.12855529785156, -11.542232513427734], [122.96186828613281, -11.542232513427734], [122.96186828613281, -11.625568389892578], [122.79518127441406, -11.625568389892578], [122.79518127441406, -11.708904266357422], [122.71183776855469, -11.708904266357422], [122.71183776855469, -11.792240142822266], [122.62849426269531, -11.792240142822266], [122.62849426269531, -11.87557601928711], [122.37846374511719, -11.87557601928711], [122.37846374511719, -11.958911895751953], [120.37821960449219, -11.958911895751953], [120.37821960449219, -11.87557601928711], [120.62825012207031, -11.87557601928711], [120.62825012207031, -11.625568389892578], [120.71159362792969, -11.625568389892578], [120.71159362792969, -11.542232513427734], [120.87828063964844, -11.542232513427734], [120.87828063964844, -11.292224884033203], [121.12831115722656, -11.292224884033203], [121.12831115722656, -11.375560760498047], [121.37834167480469, -11.375560760498047], [121.37834167480469, -11.125553131103516], [121.87840270996094, -11.125553131103516], [121.87840270996094, -10.875545501708984], [122.12843322753906, -10.875545501708984], [122.12843322753906, -11.20888900756836], [122.21177673339844, -11.20888900756836], [122.21177673339844, -11.292224884033203], [122.29512023925781, -11.292224884033203], [122.29512023925781, -11.375560760498047], [121.87840270996094, -11.375560760498047], [121.87840270996094, -11.708904266357422], [121.96174621582031, -11.708904266357422], [121.96174621582031, -11.625568389892578], [122.21177673339844, -11.625568389892578], [122.21177673339844, -11.542232513427734], [122.29512023925781, -11.542232513427734], [122.29512023925781, -11.45889663696289], [122.37846374511719, -11.45889663696289], [122.37846374511719, -11.292224884033203], [122.54515075683594, -11.292224884033203], [122.54515075683594, -11.20888900756836], [122.62849426269531, -11.20888900756836], [122.62849426269531, -11.125553131103516], [122.79518127441406, -11.125553131103516], [122.79518127441406, -11.042217254638672], [122.87852478027344, -11.042217254638672], [122.87852478027344, -10.958881378173828], [122.96186828613281, -10.958881378173828], [122.96186828613281, -10.875545501708984], [123.62861633300781, -10.875545501708984], [123.62861633300781, -10.625537872314453], [123.87864685058594, -10.625537872314453], [123.87864685058594, -10.375530242919922], [124.29536437988281, -10.375530242919922], [124.29536437988281, -10.292194366455078], [124.37870788574219, -10.292194366455078], [124.37870788574219, -10.208858489990234], [124.46205139160156, -10.208858489990234], [124.46205139160156, -10.12552261352539], [124.87876892089844, -10.12552261352539], [124.87876892089844, -9.958850860595703], [124.96211242675781, -9.958850860595703], [124.96211242675781, -9.87551498413086], [125.04545593261719, -9.87551498413086], [125.04545593261719, -9.792179107666016], [125.12879943847656, -9.792179107666016], [125.12879943847656, -9.87551498413086], [125.37882995605469, -9.87551498413086], [125.37882995605469, -9.542171478271484], [125.46217346191406, -9.542171478271484], [125.46217346191406, -9.45883560180664], [125.54551696777344, -9.45883560180664], [125.54551696777344, -9.375499725341797], [125.71220397949219, -9.375499725341797], [125.71220397949219, -9.292163848876953], [125.87889099121094, -9.292163848876953], [125.87889099121094, -9.625507354736328], [126.12892150878906, -9.625507354736328], [126.12892150878906, -9.375499725341797], [126.62898254394531, -9.375499725341797], [126.62898254394531, -9.125492095947266], [127.12904357910156, -9.125492095947266], [127.12904357910156, -9.20882797241211], [126.96235656738281, -9.20882797241211], [126.96235656738281, -9.292163848876953], [126.87901306152344, -9.292163848876953], [126.87901306152344, -9.625507354736328], [126.62898254394531, -9.625507354736328], [126.62898254394531, -9.87551498413086]]], [[[125.62886047363281, -10.12552261352539], [125.79554748535156, -10.12552261352539], [125.79554748535156, -10.208858489990234], [125.62886047363281, -10.208858489990234], [125.62886047363281, -10.12552261352539]]], [[[127.62910461425781, -9.375499725341797], [127.62910461425781, -9.625507354736328], [127.37907409667969, -9.625507354736328], [127.37907409667969, -9.375499725341797], [127.62910461425781, -9.375499725341797]]], [[[127.62910461425781, -9.375499725341797], [127.62910461425781, -9.292163848876953], [127.71244812011719, -9.292163848876953], [127.71244812011719, -9.375499725341797], [127.62910461425781, -9.375499725341797]]], [[[129.79603576660156, -9.20882797241211], [129.79603576660156, -9.292163848876953], [129.7126922607422, -9.292163848876953], [129.7126922607422, -9.20882797241211], [129.79603576660156, -9.20882797241211]]], [[[129.79603576660156, -9.20882797241211], [129.79603576660156, -9.125492095947266], [129.87937927246094, -9.125492095947266], [129.87937927246094, -9.20882797241211], [129.79603576660156, -9.20882797241211]]], [[[127.62910461425781, -8.708812713623047], [127.62910461425781, -8.875484466552734], [127.71244812011719, -8.875484466552734], [127.71244812011719, -9.20882797241211], [127.62910461425781, -9.20882797241211], [127.62910461425781, -9.125492095947266], [127.12904357910156, -9.125492095947266], [127.12904357910156, -8.875484466552734], [127.37907409667969, -8.875484466552734], [127.37907409667969, -8.625476837158203], [127.46241760253906, -8.625476837158203], [127.46241760253906, -8.458805084228516], [127.37907409667969, -8.458805084228516], [127.37907409667969, -8.375469207763672], [127.21238708496094, -8.375469207763672], [127.21238708496094, -8.292133331298828], [127.54576110839844, -8.292133331298828], [127.54576110839844, -8.375469207763672], [127.62910461425781, -8.375469207763672], [127.62910461425781, -8.625476837158203], [127.71244812011719, -8.625476837158203], [127.71244812011719, -8.708812713623047], [127.62910461425781, -8.708812713623047]]], [[[123.87864685058594, -8.292133331298828], [123.96199035644531, -8.292133331298828], [123.96199035644531, -8.375469207763672], [123.87864685058594, -8.375469207763672], [123.87864685058594, -8.292133331298828]]], [[[126.21226501464844, -8.208797454833984], [126.37895202636719, -8.208797454833984], [126.37895202636719, -8.375469207763672], [126.21226501464844, -8.375469207763672], [126.21226501464844, -8.208797454833984]]], [[[125.87889099121094, -8.208797454833984], [126.04557800292969, -8.208797454833984], [126.04557800292969, -8.292133331298828], [125.87889099121094, -8.292133331298828], [125.87889099121094, -8.208797454833984]]], [[[125.62886047363281, -8.042125701904297], [125.71220397949219, -8.042125701904297], [125.71220397949219, -8.12546157836914], [125.62886047363281, -8.12546157836914], [125.62886047363281, -8.042125701904297]]], [[[126.37895202636719, -7.542110443115234], [126.54563903808594, -7.542110443115234], [126.54563903808594, -7.625446319580078], [126.37895202636719, -7.625446319580078], [126.37895202636719, -7.542110443115234]]], [[[127.71244812011719, -6.208736419677734], [127.79579162597656, -6.208736419677734], [127.79579162597656, -6.125400543212891], [127.87913513183594, -6.125400543212891], [127.87913513183594, -6.458744049072266], [127.79579162597656, -6.458744049072266], [127.79579162597656, -6.542079925537109], [127.62910461425781, -6.542079925537109], [127.62910461425781, -6.375408172607422], [127.71244812011719, -6.375408172607422], [127.71244812011719, -6.208736419677734]]], [[[128.12916564941406, -5.958728790283203], [128.12916564941406, -6.125400543212891], [127.87913513183594, -6.125400543212891], [127.87913513183594, -6.042064666748047], [128.0458221435547, -6.042064666748047], [128.0458221435547, -5.958728790283203], [128.12916564941406, -5.958728790283203]]], [[[128.12916564941406, -5.708721160888672], [128.21250915527344, -5.708721160888672], [128.21250915527344, -5.792057037353516], [128.12916564941406, -5.792057037353516], [128.12916564941406, -5.708721160888672]]], [[[128.3791961669922, -5.625385284423828], [128.54588317871094, -5.625385284423828], [128.54588317871094, -5.792057037353516], [128.3791961669922, -5.792057037353516], [128.3791961669922, -5.625385284423828]]], [[[128.87925720214844, -5.708721160888672], [128.79591369628906, -5.708721160888672], [128.79591369628906, -5.792057037353516], [128.7125701904297, -5.792057037353516], [128.7125701904297, -5.625385284423828], [128.87925720214844, -5.625385284423828], [128.87925720214844, -5.708721160888672]]], [[[127.71244812011719, -4.125339508056641], [127.79579162597656, -4.125339508056641], [127.79579162597656, -4.292011260986328], [127.87913513183594, -4.292011260986328], [127.87913513183594, -4.542018890380859], [127.71244812011719, -4.542018890380859], [127.71244812011719, -4.625354766845703], [127.62910461425781, -4.625354766845703], [127.62910461425781, -4.708690643310547], [127.54576110839844, -4.708690643310547], [127.54576110839844, -4.625354766845703], [127.46241760253906, -4.625354766845703], [127.46241760253906, -4.542018890380859], [127.37907409667969, -4.542018890380859], [127.37907409667969, -4.375347137451172], [127.29573059082031, -4.375347137451172], [127.29573059082031, -4.208675384521484], [127.21238708496094, -4.208675384521484], [127.21238708496094, -4.125339508056641], [127.29573059082031, -4.125339508056641], [127.29573059082031, -3.958667755126953], [127.21238708496094, -3.958667755126953], [127.21238708496094, -3.708660125732422], [127.37907409667969, -3.708660125732422], [127.37907409667969, -3.5419883728027344], [127.46241760253906, -3.5419883728027344], [127.46241760253906, -3.708660125732422], [127.54576110839844, -3.708660125732422], [127.54576110839844, -3.8753318786621094], [127.62910461425781, -3.8753318786621094], [127.62910461425781, -3.958667755126953], [127.71244812011719, -3.958667755126953], [127.71244812011719, -4.125339508056641]]], [[[128.21250915527344, -3.8753318786621094], [128.3791961669922, -3.8753318786621094], [128.3791961669922, -3.958667755126953], [128.21250915527344, -3.958667755126953], [128.21250915527344, -3.8753318786621094]]], [[[125.62886047363281, -3.708660125732422], [125.71220397949219, -3.708660125732422], [125.71220397949219, -3.7919960021972656], [125.62886047363281, -3.7919960021972656], [125.62886047363281, -3.708660125732422]]], [[[125.96223449707031, -3.2086448669433594], [125.96223449707031, -3.291980743408203], [125.87889099121094, -3.291980743408203], [125.87889099121094, -3.5419883728027344], [125.79554748535156, -3.5419883728027344], [125.79554748535156, -3.625324249267578], [125.54551696777344, -3.625324249267578], [125.54551696777344, -3.708660125732422], [125.46217346191406, -3.708660125732422], [125.46217346191406, -3.7919960021972656], [125.37882995605469, -3.7919960021972656], [125.37882995605469, -3.8753318786621094], [125.54551696777344, -3.8753318786621094], [125.54551696777344, -3.7919960021972656], [125.62886047363281, -3.7919960021972656], [125.62886047363281, -3.8753318786621094], [125.79554748535156, -3.8753318786621094], [125.79554748535156, -3.7919960021972656], [126.37895202636719, -3.7919960021972656], [126.37895202636719, -3.958667755126953], [126.21226501464844, -3.958667755126953], [126.21226501464844, -4.042003631591797], [126.04557800292969, -4.042003631591797], [126.04557800292969, -4.125339508056641], [125.96223449707031, -4.125339508056641], [125.96223449707031, -4.208675384521484], [125.79554748535156, -4.208675384521484], [125.79554748535156, -4.292011260986328], [125.71220397949219, -4.292011260986328], [125.71220397949219, -4.375347137451172], [125.62886047363281, -4.375347137451172], [125.62886047363281, -4.458683013916016], [125.46217346191406, -4.458683013916016], [125.46217346191406, -4.542018890380859], [125.37882995605469, -4.542018890380859], [125.37882995605469, -4.375347137451172], [125.12879943847656, -4.375347137451172], [125.12879943847656, -4.292011260986328], [125.04545593261719, -4.292011260986328], [125.04545593261719, -4.542018890380859], [124.96211242675781, -4.542018890380859], [124.96211242675781, -4.375347137451172], [124.87876892089844, -4.375347137451172], [124.87876892089844, -4.458683013916016], [124.62873840332031, -4.458683013916016], [124.62873840332031, -4.208675384521484], [124.71208190917969, -4.208675384521484], [124.71208190917969, -4.125339508056641], [124.79542541503906, -4.125339508056641], [124.79542541503906, -4.042003631591797], [124.87876892089844, -4.042003631591797], [124.87876892089844, -3.8753318786621094], [124.71208190917969, -3.8753318786621094], [124.71208190917969, -4.042003631591797], [124.62873840332031, -4.042003631591797], [124.62873840332031, -3.625324249267578], [124.79542541503906, -3.625324249267578], [124.79542541503906, -3.4586524963378906], [124.87876892089844, -3.4586524963378906], [124.87876892089844, -3.375316619873047], [124.96211242675781, -3.375316619873047], [124.96211242675781, -3.4586524963378906], [125.12879943847656, -3.4586524963378906], [125.12879943847656, -3.625324249267578], [125.21214294433594, -3.625324249267578], [125.21214294433594, -3.5419883728027344], [125.29548645019531, -3.5419883728027344], [125.29548645019531, -3.4586524963378906], [125.37882995605469, -3.4586524963378906], [125.37882995605469, -3.375316619873047], [125.46217346191406, -3.375316619873047], [125.46217346191406, -3.2086448669433594], [125.54551696777344, -3.2086448669433594], [125.54551696777344, -3.1253089904785156], [125.37882995605469, -3.1253089904785156], [125.37882995605469, -2.958637237548828], [125.54551696777344, -2.958637237548828], [125.54551696777344, -2.8753013610839844], [125.62886047363281, -2.8753013610839844], [125.62886047363281, -2.7919654846191406], [125.87889099121094, -2.7919654846191406], [125.87889099121094, -3.041973114013672], [125.96223449707031, -3.041973114013672], [125.96223449707031, -3.1253089904785156], [126.04557800292969, -3.1253089904785156], [126.04557800292969, -3.2086448669433594], [125.96223449707031, -3.2086448669433594]], [[125.04545593261719, -3.708660125732422], [124.96211242675781, -3.708660125732422], [124.96211242675781, -3.7919960021972656], [125.04545593261719, -3.7919960021972656], [125.04545593261719, -3.708660125732422]]], [[[128.0458221435547, -2.8753013610839844], [127.87913513183594, -2.8753013610839844], [127.87913513183594, -2.958637237548828], [127.79579162597656, -2.958637237548828], [127.79579162597656, -3.041973114013672], [127.54576110839844, -3.041973114013672], [127.54576110839844, -3.1253089904785156], [127.37907409667969, -3.1253089904785156], [127.37907409667969, -3.375316619873047], [127.12904357910156, -3.375316619873047], [127.12904357910156, -2.958637237548828], [126.96235656738281, -2.958637237548828], [126.96235656738281, -2.8753013610839844], [126.87901306152344, -2.8753013610839844], [126.87901306152344, -2.708629608154297], [127.12904357910156, -2.708629608154297], [127.12904357910156, -2.625293731689453], [127.54576110839844, -2.625293731689453], [127.54576110839844, -2.5419578552246094], [128.0458221435547, -2.5419578552246094], [128.0458221435547, -2.4586219787597656], [128.12916564941406, -2.4586219787597656], [128.12916564941406, -2.375286102294922], [128.3791961669922, -2.375286102294922], [128.3791961669922, -2.5419578552246094], [128.2958526611328, -2.5419578552246094], [128.2958526611328, -2.625293731689453], [128.12916564941406, -2.625293731689453], [128.12916564941406, -2.7919654846191406], [128.0458221435547, -2.7919654846191406], [128.0458221435547, -2.8753013610839844]]], [[[126.04557800292969, -2.7919654846191406], [126.12892150878906, -2.7919654846191406], [126.12892150878906, -2.8753013610839844], [126.04557800292969, -2.8753013610839844], [126.04557800292969, -2.7919654846191406]]], [[[128.6292266845703, -2.1252784729003906], [128.6292266845703, -2.291950225830078], [128.54588317871094, -2.291950225830078], [128.54588317871094, -2.375286102294922], [128.3791961669922, -2.375286102294922], [128.3791961669922, -2.1252784729003906], [128.6292266845703, -2.1252784729003906]]], [[[123.87864685058594, -2.041942596435547], [123.96199035644531, -2.041942596435547], [123.96199035644531, -2.1252784729003906], [123.87864685058594, -2.1252784729003906], [123.87864685058594, -2.041942596435547]]], [[[128.2958526611328, -2.041942596435547], [128.3791961669922, -2.041942596435547], [128.3791961669922, -2.1252784729003906], [128.2958526611328, -2.1252784729003906], [128.2958526611328, -2.041942596435547]]], [[[129.79603576660156, -1.8752708435058594], [129.79603576660156, -1.9586067199707031], [129.87937927246094, -1.9586067199707031], [129.87937927246094, -2.041942596435547], [129.6293487548828, -2.041942596435547], [129.6293487548828, -1.8752708435058594], [129.79603576660156, -1.8752708435058594]]], [[[124.29536437988281, -1.8752708435058594], [124.37870788574219, -1.8752708435058594], [124.37870788574219, -1.9586067199707031], [124.29536437988281, -1.9586067199707031], [124.29536437988281, -1.8752708435058594]]], [[[124.37870788574219, -1.3752555847167969], [124.62873840332031, -1.3752555847167969], [124.62873840332031, -1.6252632141113281], [124.37870788574219, -1.6252632141113281], [124.37870788574219, -1.3752555847167969]]], [[[128.46253967285156, -1.5419273376464844], [128.54588317871094, -1.5419273376464844], [128.54588317871094, -1.3752555847167969], [128.6292266845703, -1.3752555847167969], [128.6292266845703, -1.0419120788574219], [128.7125701904297, -1.0419120788574219], [128.7125701904297, -1.6252632141113281], [128.6292266845703, -1.6252632141113281], [128.6292266845703, -1.8752708435058594], [128.3791961669922, -1.8752708435058594], [128.3791961669922, -1.7919349670410156], [128.46253967285156, -1.7919349670410156], [128.46253967285156, -1.5419273376464844]]], [[[123.37858581542969, -1.0419120788574219], [123.54527282714844, -1.0419120788574219], [123.54527282714844, -1.1252479553222656], [123.37858581542969, -1.1252479553222656], [123.37858581542969, -1.0419120788574219]]], [[[124.37870788574219, -0.3752250671386719], [124.29536437988281, -0.3752250671386719], [124.29536437988281, -0.5418968200683594], [124.21202087402344, -0.5418968200683594], [124.21202087402344, -0.6252326965332031], [124.46205139160156, -0.6252326965332031], [124.46205139160156, -0.8752403259277344], [124.37870788574219, -0.8752403259277344], [124.37870788574219, -1.2085838317871094], [124.29536437988281, -1.2085838317871094], [124.29536437988281, -1.3752555847167969], [124.21202087402344, -1.3752555847167969], [124.21202087402344, -1.4585914611816406], [124.29536437988281, -1.4585914611816406], [124.29536437988281, -1.7085990905761719], [124.37870788574219, -1.7085990905761719], [124.37870788574219, -1.7919349670410156], [124.29536437988281, -1.7919349670410156], [124.29536437988281, -1.8752708435058594], [124.12867736816406, -1.8752708435058594], [124.12867736816406, -1.7919349670410156], [124.21202087402344, -1.7919349670410156], [124.21202087402344, -1.7085990905761719], [124.04533386230469, -1.7085990905761719], [124.04533386230469, -1.6252632141113281], [123.96199035644531, -1.6252632141113281], [123.96199035644531, -1.7919349670410156], [123.79530334472656, -1.7919349670410156], [123.79530334472656, -1.8752708435058594], [123.62861633300781, -1.8752708435058594], [123.62861633300781, -0.9585762023925781], [123.54527282714844, -0.9585762023925781], [123.54527282714844, -0.7085685729980469], [123.62861633300781, -0.7085685729980469], [123.62861633300781, -0.6252326965332031], [123.37858581542969, -0.6252326965332031], [123.37858581542969, -0.5418968200683594], [123.12855529785156, -0.5418968200683594], [123.12855529785156, -0.2918891906738281], [123.29524230957031, -0.2918891906738281], [123.29524230957031, -0.20855331420898438], [123.37858581542969, -0.20855331420898438], [123.37858581542969, -0.12521743774414062], [123.62861633300781, -0.12521743774414062], [123.62861633300781, -0.041881561279296875], [123.79530334472656, -0.041881561279296875], [123.79530334472656, 0.041454315185546875], [124.29536437988281, 0.041454315185546875], [124.29536437988281, 0.12479019165039062], [124.62873840332031, 0.12479019165039062], [124.62873840332031, 0.041454315185546875], [124.54539489746094, 0.041454315185546875], [124.54539489746094, -0.041881561279296875], [124.46205139160156, -0.041881561279296875], [124.46205139160156, -0.12521743774414062], [124.37870788574219, -0.12521743774414062], [124.37870788574219, -0.3752250671386719]]], [[[122.79518127441406, 0.2914619445800781], [122.62849426269531, 0.2914619445800781], [122.62849426269531, 0.3747978210449219], [122.87852478027344, 0.3747978210449219], [122.87852478027344, 0.2914619445800781], [123.21189880371094, 0.2914619445800781], [123.21189880371094, 0.3747978210449219], [123.29524230957031, 0.3747978210449219], [123.29524230957031, 0.20812606811523438], [122.79518127441406, 0.20812606811523438], [122.79518127441406, 0.2914619445800781]]], [[[127.87913513183594, 1.1248207092285156], [127.87913513183594, 0.9581489562988281], [127.71244812011719, 0.9581489562988281], [127.71244812011719, 1.0414848327636719], [127.79579162597656, 1.0414848327636719], [127.79579162597656, 1.1248207092285156], [127.87913513183594, 1.1248207092285156]]], [[[127.96247863769531, 1.2914924621582031], [128.12916564941406, 1.2914924621582031], [128.12916564941406, 1.2081565856933594], [128.0458221435547, 1.2081565856933594], [128.0458221435547, 1.1248207092285156], [127.87913513183594, 1.1248207092285156], [127.87913513183594, 1.2081565856933594], [127.96247863769531, 1.2081565856933594], [127.96247863769531, 1.2914924621582031]]], [[[127.46241760253906, 2.041515350341797], [127.54576110839844, 2.041515350341797], [127.54576110839844, 1.9581794738769531], [127.46241760253906, 1.9581794738769531], [127.46241760253906, 2.041515350341797]]], [[[128.21250915527344, 2.1248512268066406], [128.2958526611328, 2.1248512268066406], [128.2958526611328, 2.041515350341797], [128.21250915527344, 2.041515350341797], [128.21250915527344, 2.1248512268066406]]], [[[128.0458221435547, 2.291522979736328], [128.12916564941406, 2.291522979736328], [128.12916564941406, 2.1248512268066406], [128.0458221435547, 2.1248512268066406], [128.0458221435547, 2.291522979736328]]], [[[123.54527282714844, 3.041545867919922], [123.71195983886719, 3.041545867919922], [123.71195983886719, 3.1248817443847656], [123.96199035644531, 3.1248817443847656], [123.96199035644531, 3.041545867919922], [124.04533386230469, 3.041545867919922], [124.04533386230469, 2.8748741149902344], [123.37858581542969, 2.8748741149902344], [123.37858581542969, 2.7915382385253906], [123.46192932128906, 2.7915382385253906], [123.46192932128906, 2.624866485595703], [123.54527282714844, 2.624866485595703], [123.54527282714844, 2.5415306091308594], [123.46192932128906, 2.5415306091308594], [123.46192932128906, 2.4581947326660156], [123.37858581542969, 2.4581947326660156], [123.37858581542969, 2.374858856201172], [123.29524230957031, 2.374858856201172], [123.29524230957031, 2.291522979736328], [123.12855529785156, 2.291522979736328], [123.12855529785156, 2.041515350341797], [123.04521179199219, 2.041515350341797], [123.04521179199219, 2.1248512268066406], [122.62849426269531, 2.1248512268066406], [122.62849426269531, 2.374858856201172], [122.87852478027344, 2.374858856201172], [122.87852478027344, 3.291553497314453], [123.12855529785156, 3.291553497314453], [123.12855529785156, 3.1248817443847656], [123.37858581542969, 3.1248817443847656], [123.37858581542969, 3.2082176208496094], [123.46192932128906, 3.2082176208496094], [123.46192932128906, 3.1248817443847656], [123.54527282714844, 3.1248817443847656], [123.54527282714844, 3.041545867919922]], [[123.04521179199219, 3.1248817443847656], [123.04521179199219, 3.041545867919922], [123.12855529785156, 3.041545867919922], [123.12855529785156, 3.1248817443847656], [123.04521179199219, 3.1248817443847656]]], [[[125.62886047363281, 3.291553497314453], [125.71220397949219, 3.291553497314453], [125.71220397949219, 3.041545867919922], [125.62886047363281, 3.041545867919922], [125.62886047363281, 3.291553497314453]]], [[[128.12916564941406, 4.041576385498047], [128.12916564941406, 4.124912261962891], [128.21250915527344, 4.124912261962891], [128.21250915527344, 4.041576385498047], [128.12916564941406, 4.041576385498047]]], [[[124.71208190917969, 5.124942779541016], [124.71208190917969, 5.208278656005859], [124.79542541503906, 5.208278656005859], [124.79542541503906, 5.124942779541016], [124.71208190917969, 5.124942779541016]]], [[[123.46192932128906, 6.458316802978516], [123.37858581542969, 6.458316802978516], [123.37858581542969, 6.124973297119141], [123.54527282714844, 6.124973297119141], [123.54527282714844, 6.041637420654297], [123.62861633300781, 6.041637420654297], [123.62861633300781, 5.958301544189453], [123.71195983886719, 5.958301544189453], [123.71195983886719, 5.874965667724609], [123.79530334472656, 5.874965667724609], [123.79530334472656, 5.791629791259766], [123.87864685058594, 5.791629791259766], [123.87864685058594, 5.708293914794922], [123.96199035644531, 5.708293914794922], [123.96199035644531, 6.041637420654297], [124.04533386230469, 6.041637420654297], [124.04533386230469, 6.124973297119141], [124.12867736816406, 6.124973297119141], [124.12867736816406, 6.041637420654297], [124.21202087402344, 6.041637420654297], [124.21202087402344, 5.708293914794922], [124.29536437988281, 5.708293914794922], [124.29536437988281, 5.291614532470703], [124.12867736816406, 5.291614532470703], [124.12867736816406, 5.041606903076172], [124.37870788574219, 5.041606903076172], [124.37870788574219, 5.124942779541016], [124.71208190917969, 5.124942779541016], [124.71208190917969, 4.958271026611328], [124.46205139160156, 4.958271026611328], [124.46205139160156, 4.874935150146484], [124.87876892089844, 4.874935150146484], [124.87876892089844, 4.958271026611328], [125.12879943847656, 4.958271026611328], [125.12879943847656, 5.624958038330078], [125.29548645019531, 5.624958038330078], [125.29548645019531, 5.541622161865234], [125.37882995605469, 5.541622161865234], [125.37882995605469, 5.374950408935547], [125.54551696777344, 5.374950408935547], [125.54551696777344, 5.458286285400391], [125.62886047363281, 5.458286285400391], [125.62886047363281, 5.541622161865234], [125.71220397949219, 5.541622161865234], [125.71220397949219, 5.708293914794922], [125.79554748535156, 5.708293914794922], [125.79554748535156, 5.791629791259766], [125.87889099121094, 5.791629791259766], [125.87889099121094, 6.374980926513672], [126.12892150878906, 6.374980926513672], [126.12892150878906, 6.291645050048828], [126.21226501464844, 6.291645050048828], [126.21226501464844, 6.124973297119141], [126.12892150878906, 6.124973297119141], [126.12892150878906, 5.958301544189453], [126.04557800292969, 5.958301544189453], [126.04557800292969, 5.874965667724609], [125.96223449707031, 5.874965667724609], [125.96223449707031, 5.708293914794922], [125.87889099121094, 5.708293914794922], [125.87889099121094, 5.374950408935547], [125.79554748535156, 5.374950408935547], [125.79554748535156, 5.291614532470703], [125.71220397949219, 5.291614532470703], [125.71220397949219, 5.041606903076172], [125.79554748535156, 5.041606903076172], [125.79554748535156, 4.874935150146484], [125.62886047363281, 4.874935150146484], [125.62886047363281, 4.541591644287109], [125.71220397949219, 4.541591644287109], [125.71220397949219, 4.458255767822266], [125.62886047363281, 4.458255767822266], [125.62886047363281, 4.374919891357422], [125.37882995605469, 4.374919891357422], [125.37882995605469, 4.624927520751953], [124.87876892089844, 4.624927520751953], [124.87876892089844, 4.541591644287109], [124.71208190917969, 4.541591644287109], [124.71208190917969, 4.458255767822266], [124.37870788574219, 4.458255767822266], [124.37870788574219, 4.374919891357422], [123.54527282714844, 4.374919891357422], [123.54527282714844, 4.291584014892578], [123.37858581542969, 4.291584014892578], [123.37858581542969, 4.208248138427734], [123.12855529785156, 4.208248138427734], [123.12855529785156, 4.124912261962891], [122.87852478027344, 4.124912261962891], [122.87852478027344, 4.208248138427734], [122.71183776855469, 4.208248138427734], [122.71183776855469, 4.291584014892578], [122.62849426269531, 4.291584014892578], [122.62849426269531, 4.374919891357422], [122.46180725097656, 4.374919891357422], [122.46180725097656, 4.458255767822266], [122.37846374511719, 4.458255767822266], [122.37846374511719, 4.541591644287109], [122.29512023925781, 4.541591644287109], [122.29512023925781, 4.624927520751953], [122.21177673339844, 4.624927520751953], [122.21177673339844, 4.791599273681641], [122.12843322753906, 4.791599273681641], [122.12843322753906, 5.041606903076172], [122.04508972167969, 5.041606903076172], [122.04508972167969, 5.458286285400391], [122.12843322753906, 5.458286285400391], [122.12843322753906, 5.624958038330078], [122.21177673339844, 5.624958038330078], [122.21177673339844, 5.791629791259766], [122.12843322753906, 5.791629791259766], [122.12843322753906, 6.041637420654297], [122.21177673339844, 6.041637420654297], [122.21177673339844, 6.124973297119141], [122.37846374511719, 6.124973297119141], [122.37846374511719, 6.291645050048828], [122.79518127441406, 6.291645050048828], [122.79518127441406, 6.374980926513672], [122.87852478027344, 6.374980926513672], [122.87852478027344, 6.624988555908203], [122.37846374511719, 6.624988555908203], [122.37846374511719, 6.708324432373047], [122.12843322753906, 6.708324432373047], [122.12843322753906, 6.874996185302734], [122.54515075683594, 6.874996185302734], [122.54515075683594, 6.791660308837891], [123.21189880371094, 6.791660308837891], [123.21189880371094, 6.708324432373047], [123.29524230957031, 6.708324432373047], [123.29524230957031, 6.624988555908203], [123.46192932128906, 6.624988555908203], [123.46192932128906, 6.458316802978516]], [[123.96199035644531, 5.624958038330078], [124.04533386230469, 5.624958038330078], [124.04533386230469, 5.708293914794922], [123.96199035644531, 5.708293914794922], [123.96199035644531, 5.624958038330078]], [[125.46217346191406, 4.624927520751953], [125.46217346191406, 4.708263397216797], [125.37882995605469, 4.708263397216797], [125.37882995605469, 4.624927520751953], [125.46217346191406, 4.624927520751953]], [[125.54551696777344, 4.708263397216797], [125.54551696777344, 4.791599273681641], [125.46217346191406, 4.791599273681641], [125.46217346191406, 4.708263397216797], [125.54551696777344, 4.708263397216797]], [[122.87852478027344, 6.291645050048828], [123.12855529785156, 6.291645050048828], [123.12855529785156, 6.374980926513672], [122.87852478027344, 6.374980926513672], [122.87852478027344, 6.291645050048828]], [[122.96186828613281, 4.958271026611328], [122.96186828613281, 5.041606903076172], [123.21189880371094, 5.041606903076172], [123.21189880371094, 5.124942779541016], [123.37858581542969, 5.124942779541016], [123.37858581542969, 5.208278656005859], [123.46192932128906, 5.208278656005859], [123.46192932128906, 5.374950408935547], [123.37858581542969, 5.374950408935547], [123.37858581542969, 5.541622161865234], [123.29524230957031, 5.541622161865234], [123.29524230957031, 5.624958038330078], [123.21189880371094, 5.624958038330078], [123.21189880371094, 5.708293914794922], [123.12855529785156, 5.708293914794922], [123.12855529785156, 5.791629791259766], [123.04521179199219, 5.791629791259766], [123.04521179199219, 5.874965667724609], [122.54515075683594, 5.874965667724609], [122.54515075683594, 5.791629791259766], [122.37846374511719, 5.791629791259766], [122.37846374511719, 5.124942779541016], [122.46180725097656, 5.124942779541016], [122.46180725097656, 5.041606903076172], [122.54515075683594, 5.041606903076172], [122.54515075683594, 4.958271026611328], [122.96186828613281, 4.958271026611328]], [[125.37882995605469, 5.124942779541016], [125.37882995605469, 5.041606903076172], [125.54551696777344, 5.041606903076172], [125.54551696777344, 5.124942779541016], [125.37882995605469, 5.124942779541016]]], [[[126.37895202636719, 6.374980926513672], [126.21226501464844, 6.374980926513672], [126.21226501464844, 6.458316802978516], [126.29560852050781, 6.458316802978516], [126.29560852050781, 6.624988555908203], [126.37895202636719, 6.624988555908203], [126.37895202636719, 6.374980926513672]]], [[[126.37895202636719, 6.958332061767578], [126.46229553222656, 6.958332061767578], [126.46229553222656, 6.708324432373047], [126.37895202636719, 6.708324432373047], [126.37895202636719, 6.958332061767578]]], [[[134.3799285888672, -10.875545501708984], [134.46327209472656, -10.875545501708984], [134.46327209472656, -10.958881378173828], [134.3799285888672, -10.958881378173828], [134.3799285888672, -10.875545501708984]]], [[[134.79664611816406, -11.042217254638672], [134.54661560058594, -11.042217254638672], [134.54661560058594, -10.958881378173828], [134.6299591064453, -10.958881378173828], [134.6299591064453, -10.875545501708984], [134.87998962402344, -10.875545501708984], [134.87998962402344, -10.708873748779297], [135.0466766357422, -10.708873748779297], [135.0466766357422, -10.79220962524414], [135.3800506591797, -10.79220962524414], [135.3800506591797, -10.958881378173828], [135.2967071533203, -10.958881378173828], [135.2967071533203, -11.125553131103516], [134.79664611816406, -11.125553131103516], [134.79664611816406, -11.042217254638672]]], [[[132.46302795410156, -10.79220962524414], [132.46302795410156, -10.708873748779297], [132.6297149658203, -10.708873748779297], [132.6297149658203, -10.79220962524414], [132.54637145996094, -10.79220962524414], [132.54637145996094, -10.875545501708984], [132.3796844482422, -10.875545501708984], [132.3796844482422, -10.79220962524414], [132.46302795410156, -10.79220962524414]]], [[[130.3794403076172, -10.208858489990234], [130.7128143310547, -10.208858489990234], [130.7128143310547, -10.292194366455078], [130.3794403076172, -10.292194366455078], [130.3794403076172, -10.208858489990234]]], [[[129.87937927246094, -8.958820343017578], [129.9627227783203, -8.958820343017578], [129.9627227783203, -8.875484466552734], [130.12940979003906, -8.875484466552734], [130.12940979003906, -8.958820343017578], [130.0460662841797, -8.958820343017578], [130.0460662841797, -9.042156219482422], [129.9627227783203, -9.042156219482422], [129.9627227783203, -9.125492095947266], [129.87937927246094, -9.125492095947266], [129.87937927246094, -8.958820343017578]]], [[[130.87950134277344, -8.292133331298828], [131.0461883544922, -8.292133331298828], [131.0461883544922, -8.375469207763672], [130.9628448486328, -8.375469207763672], [130.9628448486328, -8.458805084228516], [130.7128143310547, -8.458805084228516], [130.7128143310547, -8.375469207763672], [130.87950134277344, -8.375469207763672], [130.87950134277344, -8.292133331298828]]], [[[133.79652404785156, -7.042095184326172], [133.54649353027344, -7.042095184326172], [133.54649353027344, -6.958759307861328], [133.7131805419922, -6.958759307861328], [133.7131805419922, -6.875423431396484], [133.79652404785156, -6.875423431396484], [133.79652404785156, -7.042095184326172]]], [[[132.54637145996094, -6.542079925537109], [132.6297149658203, -6.542079925537109], [132.6297149658203, -6.625415802001953], [132.54637145996094, -6.625415802001953], [132.54637145996094, -6.542079925537109]]], [[[131.9629669189453, -6.542079925537109], [132.0463104248047, -6.542079925537109], [132.0463104248047, -6.625415802001953], [131.9629669189453, -6.625415802001953], [131.9629669189453, -6.542079925537109]]], [[[135.54673767089844, -6.458744049072266], [135.54673767089844, -6.375408172607422], [135.79676818847656, -6.375408172607422], [135.79676818847656, -6.458744049072266], [135.54673767089844, -6.458744049072266]]], [[[132.3796844482422, -5.542049407958984], [132.6297149658203, -5.542049407958984], [132.6297149658203, -5.625385284423828], [132.46302795410156, -5.625385284423828], [132.46302795410156, -6.042064666748047], [132.3796844482422, -6.042064666748047], [132.3796844482422, -6.125400543212891], [132.2963409423828, -6.125400543212891], [132.2963409423828, -6.208736419677734], [131.9629669189453, -6.208736419677734], [131.9629669189453, -6.292072296142578], [131.79627990722656, -6.292072296142578], [131.79627990722656, -6.375408172607422], [131.87962341308594, -6.375408172607422], [131.87962341308594, -6.542079925537109], [131.79627990722656, -6.542079925537109], [131.79627990722656, -6.458744049072266], [131.6295928955078, -6.458744049072266], [131.6295928955078, -6.542079925537109], [131.7129364013672, -6.542079925537109], [131.7129364013672, -6.625415802001953], [131.87962341308594, -6.625415802001953], [131.87962341308594, -6.792087554931641], [132.0463104248047, -6.792087554931641], [132.0463104248047, -6.875423431396484], [131.7129364013672, -6.875423431396484], [131.7129364013672, -6.792087554931641], [131.6295928955078, -6.792087554931641], [131.6295928955078, -6.625415802001953], [131.12953186035156, -6.625415802001953], [131.12953186035156, -6.375408172607422], [131.0461883544922, -6.375408172607422], [131.0461883544922, -6.292072296142578], [130.9628448486328, -6.292072296142578], [130.9628448486328, -6.375408172607422], [130.87950134277344, -6.375408172607422], [130.87950134277344, -6.292072296142578], [130.79615783691406, -6.292072296142578], [130.79615783691406, -6.375408172607422], [130.3794403076172, -6.375408172607422], [130.3794403076172, -6.458744049072266], [130.0460662841797, -6.458744049072266], [130.0460662841797, -6.542079925537109], [129.6293487548828, -6.542079925537109], [129.6293487548828, -6.625415802001953], [129.3793182373047, -6.625415802001953], [129.3793182373047, -6.458744049072266], [129.2959747314453, -6.458744049072266], [129.2959747314453, -6.375408172607422], [129.12928771972656, -6.375408172607422], [129.12928771972656, -6.625415802001953], [129.0459442138672, -6.625415802001953], [129.0459442138672, -6.542079925537109], [128.3791961669922, -6.542079925537109], [128.3791961669922, -6.458744049072266], [128.2958526611328, -6.458744049072266], [128.2958526611328, -6.375408172607422], [128.12916564941406, -6.375408172607422], [128.12916564941406, -6.292072296142578], [128.21250915527344, -6.292072296142578], [128.21250915527344, -6.208736419677734], [128.2958526611328, -6.208736419677734], [128.2958526611328, -6.125400543212891], [128.46253967285156, -6.125400543212891], [128.46253967285156, -6.042064666748047], [128.54588317871094, -6.042064666748047], [128.54588317871094, -5.958728790283203], [128.79591369628906, -5.958728790283203], [128.79591369628906, -5.875392913818359], [129.12928771972656, -5.875392913818359], [129.12928771972656, -5.625385284423828], [129.46266174316406, -5.625385284423828], [129.46266174316406, -5.708721160888672], [129.6293487548828, -5.708721160888672], [129.6293487548828, -5.792057037353516], [129.79603576660156, -5.792057037353516], [129.79603576660156, -5.875392913818359], [129.87937927246094, -5.875392913818359], [129.87937927246094, -6.125400543212891], [129.3793182373047, -6.125400543212891], [129.3793182373047, -6.375408172607422], [129.79603576660156, -6.375408172607422], [129.79603576660156, -6.292072296142578], [129.9627227783203, -6.292072296142578], [129.9627227783203, -6.125400543212891], [130.12940979003906, -6.125400543212891], [130.12940979003906, -5.875392913818359], [130.3794403076172, -5.875392913818359], [130.3794403076172, -6.042064666748047], [130.54612731933594, -6.042064666748047], [130.54612731933594, -6.125400543212891], [131.3795623779297, -6.125400543212891], [131.3795623779297, -5.958728790283203], [131.46290588378906, -5.958728790283203], [131.46290588378906, -6.042064666748047], [131.7129364013672, -6.042064666748047], [131.7129364013672, -5.958728790283203], [131.54624938964844, -5.958728790283203], [131.54624938964844, -5.875392913818359], [131.6295928955078, -5.875392913818359], [131.6295928955078, -5.792057037353516], [131.79627990722656, -5.792057037353516], [131.79627990722656, -5.708721160888672], [131.87962341308594, -5.708721160888672], [131.87962341308594, -5.625385284423828], [132.0463104248047, -5.625385284423828], [132.0463104248047, -5.542049407958984], [132.12965393066406, -5.542049407958984], [132.12965393066406, -5.875392913818359], [132.21299743652344, -5.875392913818359], [132.21299743652344, -5.708721160888672], [132.2963409423828, -5.708721160888672], [132.2963409423828, -5.625385284423828], [132.3796844482422, -5.625385284423828], [132.3796844482422, -5.542049407958984]], [[131.79627990722656, -5.958728790283203], [131.79627990722656, -6.042064666748047], [131.9629669189453, -6.042064666748047], [131.9629669189453, -5.958728790283203], [131.79627990722656, -5.958728790283203]]], [[[132.79640197753906, -5.875392913818359], [132.87974548339844, -5.875392913818359], [132.87974548339844, -6.375408172607422], [132.6297149658203, -6.375408172607422], [132.6297149658203, -6.292072296142578], [132.7130584716797, -6.292072296142578], [132.7130584716797, -5.958728790283203], [132.79640197753906, -5.958728790283203], [132.79640197753906, -5.875392913818359]]], [[[132.54637145996094, -5.708721160888672], [132.6297149658203, -5.708721160888672], [132.6297149658203, -5.792057037353516], [132.54637145996094, -5.792057037353516], [132.54637145996094, -5.708721160888672]]], [[[132.87974548339844, -5.708721160888672], [132.9630889892578, -5.708721160888672], [132.9630889892578, -5.792057037353516], [132.87974548339844, -5.792057037353516], [132.87974548339844, -5.708721160888672]]], [[[132.21299743652344, -5.542049407958984], [132.2963409423828, -5.542049407958984], [132.2963409423828, -5.625385284423828], [132.21299743652344, -5.625385284423828], [132.21299743652344, -5.542049407958984]]], [[[133.3798065185547, -5.375377655029297], [133.46315002441406, -5.375377655029297], [133.46315002441406, -5.125370025634766], [133.79652404785156, -5.125370025634766], [133.79652404785156, -5.375377655029297], [133.6298370361328, -5.375377655029297], [133.6298370361328, -5.542049407958984], [133.46315002441406, -5.542049407958984], [133.46315002441406, -5.458713531494141], [133.3798065185547, -5.458713531494141], [133.3798065185547, -5.375377655029297]]], [[[134.79664611816406, -5.375377655029297], [134.79664611816406, -5.292041778564453], [134.87998962402344, -5.292041778564453], [134.87998962402344, -5.375377655029297], [134.79664611816406, -5.375377655029297]]], [[[134.6299591064453, -5.208705902099609], [134.79664611816406, -5.208705902099609], [134.79664611816406, -5.292041778564453], [134.6299591064453, -5.292041778564453], [134.6299591064453, -5.208705902099609]]], [[[132.0463104248047, -4.542018890380859], [132.12965393066406, -4.542018890380859], [132.12965393066406, -4.625354766845703], [132.0463104248047, -4.625354766845703], [132.0463104248047, -4.542018890380859]]], [[[132.46302795410156, -4.542018890380859], [132.54637145996094, -4.542018890380859], [132.54637145996094, -4.625354766845703], [132.3796844482422, -4.625354766845703], [132.3796844482422, -4.375347137451172], [132.46302795410156, -4.375347137451172], [132.46302795410156, -4.542018890380859]]], [[[132.87974548339844, -4.458683013916016], [132.9630889892578, -4.458683013916016], [132.9630889892578, -4.542018890380859], [132.87974548339844, -4.542018890380859], [132.87974548339844, -4.458683013916016]]], [[[132.2963409423828, -4.125339508056641], [132.3796844482422, -4.125339508056641], [132.3796844482422, -4.208675384521484], [132.2963409423828, -4.208675384521484], [132.2963409423828, -4.125339508056641]]], [[[132.87974548339844, -4.042003631591797], [132.79640197753906, -4.042003631591797], [132.79640197753906, -4.208675384521484], [132.7130584716797, -4.208675384521484], [132.7130584716797, -3.958667755126953], [132.87974548339844, -3.958667755126953], [132.87974548339844, -4.042003631591797]]], [[[133.7131805419922, -4.042003631591797], [133.7131805419922, -3.958667755126953], [133.87986755371094, -3.958667755126953], [133.87986755371094, -4.042003631591797], [133.7131805419922, -4.042003631591797]]], [[[131.2962188720703, -3.8753318786621094], [131.46290588378906, -3.8753318786621094], [131.46290588378906, -3.7919960021972656], [131.54624938964844, -3.7919960021972656], [131.54624938964844, -4.042003631591797], [131.46290588378906, -4.042003631591797], [131.46290588378906, -3.958667755126953], [131.3795623779297, -3.958667755126953], [131.3795623779297, -4.125339508056641], [131.2962188720703, -4.125339508056641], [131.2962188720703, -3.8753318786621094]]], [[[133.6298370361328, -3.708660125732422], [133.54649353027344, -3.708660125732422], [133.54649353027344, -3.7919960021972656], [133.46315002441406, -3.7919960021972656], [133.46315002441406, -3.625324249267578], [133.6298370361328, -3.625324249267578], [133.6298370361328, -3.708660125732422]]], [[[131.2962188720703, -3.041973114013672], [131.46290588378906, -3.041973114013672], [131.46290588378906, -3.1253089904785156], [131.54624938964844, -3.1253089904785156], [131.54624938964844, -2.958637237548828], [131.7129364013672, -2.958637237548828], [131.7129364013672, -3.1253089904785156], [131.79627990722656, -3.1253089904785156], [131.79627990722656, -3.2086448669433594], [131.9629669189453, -3.2086448669433594], [131.9629669189453, -3.291980743408203], [132.0463104248047, -3.291980743408203], [132.0463104248047, -3.375316619873047], [132.12965393066406, -3.375316619873047], [132.12965393066406, -3.4586524963378906], [132.21299743652344, -3.4586524963378906], [132.21299743652344, -3.5419883728027344], [132.2963409423828, -3.5419883728027344], [132.2963409423828, -3.625324249267578], [132.3796844482422, -3.625324249267578], [132.3796844482422, -3.7919960021972656], [132.46302795410156, -3.7919960021972656], [132.46302795410156, -3.8753318786621094], [132.12965393066406, -3.8753318786621094], [132.12965393066406, -4.375347137451172], [131.9629669189453, -4.375347137451172], [131.9629669189453, -3.958667755126953], [131.87962341308594, -3.958667755126953], [131.87962341308594, -3.7919960021972656], [131.79627990722656, -3.7919960021972656], [131.79627990722656, -3.708660125732422], [131.7129364013672, -3.708660125732422], [131.7129364013672, -3.625324249267578], [131.6295928955078, -3.625324249267578], [131.6295928955078, -3.4586524963378906], [131.46290588378906, -3.4586524963378906], [131.46290588378906, -3.375316619873047], [131.3795623779297, -3.375316619873047], [131.3795623779297, -3.291980743408203], [131.21287536621094, -3.291980743408203], [131.21287536621094, -3.2086448669433594], [130.9628448486328, -3.2086448669433594], [130.9628448486328, -3.1253089904785156], [130.7128143310547, -3.1253089904785156], [130.7128143310547, -3.041973114013672], [130.3794403076172, -3.041973114013672], [130.3794403076172, -2.8753013610839844], [130.12940979003906, -2.8753013610839844], [130.12940979003906, -2.708629608154297], [130.3794403076172, -2.708629608154297], [130.3794403076172, -2.625293731689453], [130.6294708251953, -2.625293731689453], [130.6294708251953, -2.4586219787597656], [130.79615783691406, -2.4586219787597656], [130.79615783691406, -2.5419578552246094], [130.87950134277344, -2.5419578552246094], [130.87950134277344, -2.8753013610839844], [131.0461883544922, -2.8753013610839844], [131.0461883544922, -2.958637237548828], [131.2962188720703, -2.958637237548828], [131.2962188720703, -3.041973114013672]]], [[[131.54624938964844, -2.958637237548828], [131.46290588378906, -2.958637237548828], [131.46290588378906, -2.8753013610839844], [131.54624938964844, -2.8753013610839844], [131.54624938964844, -2.958637237548828]]], [[[129.87937927246094, -2.5419578552246094], [130.0460662841797, -2.5419578552246094], [130.0460662841797, -2.625293731689453], [129.87937927246094, -2.625293731689453], [129.87937927246094, -2.5419578552246094]]], [[[131.7129364013672, -2.958637237548828], [131.7129364013672, -2.8753013610839844], [131.6295928955078, -2.8753013610839844], [131.6295928955078, -2.625293731689453], [131.46290588378906, -2.625293731689453], [131.46290588378906, -2.5419578552246094], [131.3795623779297, -2.5419578552246094], [131.3795623779297, -2.291950225830078], [131.2962188720703, -2.291950225830078], [131.2962188720703, -2.375286102294922], [131.21287536621094, -2.375286102294922], [131.21287536621094, -2.291950225830078], [131.12953186035156, -2.291950225830078], [131.12953186035156, -2.1252784729003906], [130.87950134277344, -2.1252784729003906], [130.87950134277344, -1.9586067199707031], [131.0461883544922, -1.9586067199707031], [131.0461883544922, -2.041942596435547], [131.21287536621094, -2.041942596435547], [131.21287536621094, -2.1252784729003906], [131.6295928955078, -2.1252784729003906], [131.6295928955078, -2.2086143493652344], [131.79627990722656, -2.2086143493652344], [131.79627990722656, -2.1252784729003906], [131.9629669189453, -2.1252784729003906], [131.9629669189453, -1.9586067199707031], [132.0463104248047, -1.9586067199707031], [132.0463104248047, -2.1252784729003906], [132.12965393066406, -2.1252784729003906], [132.12965393066406, -2.7919654846191406], [132.0463104248047, -2.7919654846191406], [132.0463104248047, -2.958637237548828], [132.12965393066406, -2.958637237548828], [132.12965393066406, -3.1253089904785156], [132.0463104248047, -3.1253089904785156], [132.0463104248047, -3.041973114013672], [131.9629669189453, -3.041973114013672], [131.9629669189453, -2.958637237548828], [131.7129364013672, -2.958637237548828]], [[131.79627990722656, -2.375286102294922], [131.87962341308594, -2.375286102294922], [131.87962341308594, -2.4586219787597656], [131.9629669189453, -2.4586219787597656], [131.9629669189453, -2.5419578552246094], [132.0463104248047, -2.5419578552246094], [132.0463104248047, -2.375286102294922], [131.9629669189453, -2.375286102294922], [131.9629669189453, -2.291950225830078], [131.87962341308594, -2.291950225830078], [131.87962341308594, -2.2086143493652344], [131.79627990722656, -2.2086143493652344], [131.79627990722656, -2.375286102294922]], [[132.0463104248047, -2.708629608154297], [131.9629669189453, -2.708629608154297], [131.9629669189453, -2.7919654846191406], [132.0463104248047, -2.7919654846191406], [132.0463104248047, -2.708629608154297]]], [[[130.46278381347656, -2.2086143493652344], [130.46278381347656, -2.1252784729003906], [130.54612731933594, -2.1252784729003906], [130.54612731933594, -2.2086143493652344], [130.46278381347656, -2.2086143493652344]]], [[[130.7128143310547, -2.041942596435547], [130.79615783691406, -2.041942596435547], [130.79615783691406, -2.1252784729003906], [130.6294708251953, -2.1252784729003906], [130.6294708251953, -1.9586067199707031], [130.7128143310547, -1.9586067199707031], [130.7128143310547, -2.041942596435547]]], [[[131.87962341308594, -1.8752708435058594], [131.9629669189453, -1.8752708435058594], [131.9629669189453, -1.9586067199707031], [131.87962341308594, -1.9586067199707031], [131.87962341308594, -1.8752708435058594]]], [[[131.46290588378906, -1.6252632141113281], [131.87962341308594, -1.6252632141113281], [131.87962341308594, -1.8752708435058594], [131.79627990722656, -1.8752708435058594], [131.79627990722656, -1.7919349670410156], [131.7129364013672, -1.7919349670410156], [131.7129364013672, -1.7085990905761719], [131.46290588378906, -1.7085990905761719], [131.46290588378906, -1.6252632141113281]]], [[[130.87950134277344, -1.6252632141113281], [130.7128143310547, -1.6252632141113281], [130.7128143310547, -1.5419273376464844], [130.6294708251953, -1.5419273376464844], [130.6294708251953, -1.7919349670410156], [130.7128143310547, -1.7919349670410156], [130.7128143310547, -1.8752708435058594], [130.46278381347656, -1.8752708435058594], [130.46278381347656, -1.6252632141113281], [130.12940979003906, -1.6252632141113281], [130.12940979003906, -1.4585914611816406], [130.21275329589844, -1.4585914611816406], [130.21275329589844, -1.5419273376464844], [130.2960968017578, -1.5419273376464844], [130.2960968017578, -1.3752555847167969], [130.12940979003906, -1.3752555847167969], [130.12940979003906, -1.2919197082519531], [130.0460662841797, -1.2919197082519531], [130.0460662841797, -1.0419120788574219], [130.46278381347656, -1.0419120788574219], [130.46278381347656, -1.2085838317871094], [130.54612731933594, -1.2085838317871094], [130.54612731933594, -1.0419120788574219], [130.6294708251953, -1.0419120788574219], [130.6294708251953, -1.3752555847167969], [130.87950134277344, -1.3752555847167969], [130.87950134277344, -1.6252632141113281]], [[130.46278381347656, -1.2919197082519531], [130.46278381347656, -1.3752555847167969], [130.54612731933594, -1.3752555847167969], [130.54612731933594, -1.2919197082519531], [130.46278381347656, -1.2919197082519531]]], [[[130.2960968017578, -0.6252326965332031], [130.54612731933594, -0.6252326965332031], [130.54612731933594, -0.7085685729980469], [130.6294708251953, -0.7085685729980469], [130.6294708251953, -0.7919044494628906], [130.3794403076172, -0.7919044494628906], [130.3794403076172, -0.8752403259277344], [130.2960968017578, -0.8752403259277344], [130.2960968017578, -0.7919044494628906], [130.21275329589844, -0.7919044494628906], [130.21275329589844, -0.8752403259277344], [130.12940979003906, -0.8752403259277344], [130.12940979003906, -0.7919044494628906], [129.87937927246094, -0.7919044494628906], [129.87937927246094, -0.7085685729980469], [129.79603576660156, -0.7085685729980469], [129.79603576660156, -0.6252326965332031], [130.0460662841797, -0.6252326965332031], [130.0460662841797, -0.7085685729980469], [130.12940979003906, -0.7085685729980469], [130.12940979003906, -0.6252326965332031], [130.21275329589844, -0.6252326965332031], [130.21275329589844, -0.7085685729980469], [130.2960968017578, -0.7085685729980469], [130.2960968017578, -0.6252326965332031]]], [[[130.21275329589844, -0.3752250671386719], [130.2960968017578, -0.3752250671386719], [130.2960968017578, -0.4585609436035156], [130.21275329589844, -0.4585609436035156], [130.21275329589844, -0.3752250671386719]]], [[[130.3794403076172, 0.12479019165039062], [130.3794403076172, 0.20812606811523438], [130.46278381347656, 0.20812606811523438], [130.46278381347656, 0.12479019165039062], [130.3794403076172, 0.12479019165039062]]], [[[134.3799285888672, 0.7081413269042969], [134.54661560058594, 0.7081413269042969], [134.54661560058594, 0.6248054504394531], [134.6299591064453, 0.6248054504394531], [134.6299591064453, 0.5414695739746094], [134.87998962402344, 0.5414695739746094], [134.87998962402344, 0.4581336975097656], [134.9633331298828, 0.4581336975097656], [134.9633331298828, 0.3747978210449219], [135.0466766357422, 0.3747978210449219], [135.0466766357422, 0.2914619445800781], [135.2967071533203, 0.2914619445800781], [135.2967071533203, 0.20812606811523438], [135.3800506591797, 0.20812606811523438], [135.3800506591797, 0.12479019165039062], [135.46339416503906, 0.12479019165039062], [135.46339416503906, 0.041454315185546875], [135.54673767089844, 0.041454315185546875], [135.54673767089844, -0.041881561279296875], [135.6300811767578, -0.041881561279296875], [135.6300811767578, -0.12521743774414062], [135.79676818847656, -0.12521743774414062], [135.79676818847656, -0.20855331420898438], [135.9634552001953, -0.20855331420898438], [135.9634552001953, -0.2918891906738281], [136.0467987060547, -0.2918891906738281], [136.0467987060547, -0.3752250671386719], [136.13014221191406, -0.3752250671386719], [136.13014221191406, -0.5418968200683594], [136.0467987060547, -0.5418968200683594], [136.0467987060547, -0.7085685729980469], [135.9634552001953, -0.7085685729980469], [135.9634552001953, -0.6252326965332031], [135.88011169433594, -0.6252326965332031], [135.88011169433594, -0.4585609436035156], [135.7134246826172, -0.4585609436035156], [135.7134246826172, -0.3752250671386719], [135.54673767089844, -0.3752250671386719], [135.54673767089844, -0.2918891906738281], [135.46339416503906, -0.2918891906738281], [135.46339416503906, -0.20855331420898438], [135.2967071533203, -0.20855331420898438], [135.2967071533203, -0.12521743774414062], [135.21336364746094, -0.12521743774414062], [135.21336364746094, -0.041881561279296875], [135.13002014160156, -0.041881561279296875], [135.13002014160156, 0.041454315185546875], [135.0466766357422, 0.041454315185546875], [135.0466766357422, -0.041881561279296875], [134.87998962402344, -0.041881561279296875], [134.87998962402344, 0.12479019165039062], [134.79664611816406, 0.12479019165039062], [134.79664611816406, 0.20812606811523438], [134.7133026123047, 0.20812606811523438], [134.7133026123047, 0.2914619445800781], [134.6299591064453, 0.2914619445800781], [134.6299591064453, 0.3747978210449219], [134.54661560058594, 0.3747978210449219], [134.54661560058594, 0.4581336975097656], [134.46327209472656, 0.4581336975097656], [134.46327209472656, 0.5414695739746094], [134.3799285888672, 0.5414695739746094], [134.3799285888672, 0.6248054504394531], [134.2965850830078, 0.6248054504394531], [134.2965850830078, 0.7081413269042969], [133.79652404785156, 0.7081413269042969], [133.79652404785156, 0.6248054504394531], [133.6298370361328, 0.6248054504394531], [133.6298370361328, 0.7081413269042969], [133.54649353027344, 0.7081413269042969], [133.54649353027344, 0.7914772033691406], [133.6298370361328, 0.7914772033691406], [133.6298370361328, 0.9581489562988281], [133.7131805419922, 0.9581489562988281], [133.7131805419922, 1.0414848327636719], [134.0465545654297, 1.0414848327636719], [134.0465545654297, 0.9581489562988281], [134.3799285888672, 0.9581489562988281], [134.3799285888672, 0.8748130798339844], [134.2965850830078, 0.8748130798339844], [134.2965850830078, 0.7914772033691406], [134.3799285888672, 0.7914772033691406], [134.3799285888672, 0.7081413269042969]]], [[[130.7128143310547, 0.4581336975097656], [130.87950134277344, 0.4581336975097656], [130.87950134277344, 0.3747978210449219], [130.7128143310547, 0.3747978210449219], [130.7128143310547, 0.4581336975097656]]], [[[131.21287536621094, 0.7081413269042969], [131.2962188720703, 0.7081413269042969], [131.2962188720703, 0.6248054504394531], [131.21287536621094, 0.6248054504394531], [131.21287536621094, 0.7081413269042969]]], [[[142.3809051513672, 0.6248054504394531], [142.13087463378906, 0.6248054504394531], [142.13087463378906, 0.8748130798339844], [141.88084411621094, 0.8748130798339844], [141.88084411621094, 1.1248207092285156], [141.6308135986328, 1.1248207092285156], [141.6308135986328, 0.7081413269042969], [141.2974395751953, 0.7081413269042969], [141.2974395751953, 0.7914772033691406], [141.13075256347656, 0.7914772033691406], [141.13075256347656, 0.8748130798339844], [140.88072204589844, 0.8748130798339844], [140.88072204589844, 1.1248207092285156], [140.6306915283203, 1.1248207092285156], [140.6306915283203, 1.6248359680175781], [140.3806610107422, 1.6248359680175781], [140.3806610107422, 1.9581794738769531], [139.7139129638672, 1.9581794738769531], [139.7139129638672, 1.8748435974121094], [139.2971954345703, 1.8748435974121094], [139.2971954345703, 1.7915077209472656], [138.46376037597656, 1.7915077209472656], [138.46376037597656, 1.8748435974121094], [138.13038635253906, 1.8748435974121094], [138.13038635253906, 1.9581794738769531], [137.88035583496094, 1.9581794738769531], [137.88035583496094, 2.041515350341797], [137.3802947998047, 2.041515350341797], [137.3802947998047, 1.8748435974121094], [137.13026428222656, 1.8748435974121094], [137.13026428222656, 1.6248359680175781], [137.3802947998047, 1.6248359680175781], [137.3802947998047, 1.2914924621582031], [136.54685974121094, 1.2914924621582031], [136.54685974121094, 1.2081565856933594], [136.3801727294922, 1.2081565856933594], [136.3801727294922, 1.6248359680175781], [136.13014221191406, 1.6248359680175781], [136.13014221191406, 1.8748435974121094], [135.6300811767578, 1.8748435974121094], [135.6300811767578, 2.1248512268066406], [133.6298370361328, 2.1248512268066406], [133.6298370361328, 1.7915077209472656], [133.54649353027344, 1.7915077209472656], [133.54649353027344, 1.8748435974121094], [133.3798065185547, 1.8748435974121094], [133.3798065185547, 1.7915077209472656], [133.12977600097656, 1.7915077209472656], [133.12977600097656, 1.8748435974121094], [132.9630889892578, 1.8748435974121094], [132.9630889892578, 2.2081871032714844], [132.87974548339844, 2.2081871032714844], [132.87974548339844, 2.291522979736328], [132.9630889892578, 2.291522979736328], [132.9630889892578, 2.374858856201172], [133.3798065185547, 2.374858856201172], [133.3798065185547, 2.4581947326660156], [133.54649353027344, 2.4581947326660156], [133.54649353027344, 2.5415306091308594], [133.21311950683594, 2.5415306091308594], [133.21311950683594, 2.4581947326660156], [133.12977600097656, 2.4581947326660156], [133.12977600097656, 2.5415306091308594], [133.0464324951172, 2.5415306091308594], [133.0464324951172, 2.624866485595703], [132.6297149658203, 2.624866485595703], [132.6297149658203, 2.708202362060547], [132.3796844482422, 2.708202362060547], [132.3796844482422, 2.7915382385253906], [132.21299743652344, 2.7915382385253906], [132.21299743652344, 2.8748741149902344], [132.12965393066406, 2.8748741149902344], [132.12965393066406, 2.958209991455078], [132.0463104248047, 2.958209991455078], [132.0463104248047, 3.041545867919922], [131.9629669189453, 3.041545867919922], [131.9629669189453, 3.1248817443847656], [131.6295928955078, 3.1248817443847656], [131.6295928955078, 3.2082176208496094], [131.46290588378906, 3.2082176208496094], [131.46290588378906, 3.291553497314453], [131.3795623779297, 3.291553497314453], [131.3795623779297, 3.4582252502441406], [131.2962188720703, 3.4582252502441406], [131.2962188720703, 3.5415611267089844], [131.21287536621094, 3.5415611267089844], [131.21287536621094, 3.624897003173828], [131.12953186035156, 3.624897003173828], [131.12953186035156, 3.708232879638672], [130.79615783691406, 3.708232879638672], [130.79615783691406, 3.7915687561035156], [130.7128143310547, 3.7915687561035156], [130.7128143310547, 3.708232879638672], [130.6294708251953, 3.708232879638672], [130.6294708251953, 3.1248817443847656], [130.7128143310547, 3.1248817443847656], [130.7128143310547, 2.958209991455078], [130.87950134277344, 2.958209991455078], [130.87950134277344, 2.8748741149902344], [131.0461883544922, 2.8748741149902344], [131.0461883544922, 2.7915382385253906], [131.12953186035156, 2.7915382385253906], [131.12953186035156, 2.708202362060547], [131.21287536621094, 2.708202362060547], [131.21287536621094, 2.624866485595703], [131.2962188720703, 2.624866485595703], [131.2962188720703, 2.5415306091308594], [131.87962341308594, 2.5415306091308594], [131.87962341308594, 2.4581947326660156], [131.9629669189453, 2.4581947326660156], [131.9629669189453, 2.374858856201172], [132.21299743652344, 2.374858856201172], [132.21299743652344, 2.291522979736328], [132.12965393066406, 2.291522979736328], [132.12965393066406, 2.2081871032714844], [132.0463104248047, 2.2081871032714844], [132.0463104248047, 2.1248512268066406], [132.12965393066406, 2.1248512268066406], [132.12965393066406, 1.9581794738769531], [132.2963409423828, 1.9581794738769531], [132.2963409423828, 1.8748435974121094], [132.46302795410156, 1.8748435974121094], [132.46302795410156, 1.7915077209472656], [132.9630889892578, 1.7915077209472656], [132.9630889892578, 1.7081718444824219], [132.87974548339844, 1.7081718444824219], [132.87974548339844, 1.6248359680175781], [132.79640197753906, 1.6248359680175781], [132.79640197753906, 1.4581642150878906], [132.9630889892578, 1.4581642150878906], [132.9630889892578, 1.2914924621582031], [132.7130584716797, 1.2914924621582031], [132.7130584716797, 1.1248207092285156], [132.6297149658203, 1.1248207092285156], [132.6297149658203, 1.0414848327636719], [132.7130584716797, 1.0414848327636719], [132.7130584716797, 0.9581489562988281], [132.87974548339844, 0.9581489562988281], [132.87974548339844, 0.6248054504394531], [132.6297149658203, 0.6248054504394531], [132.6297149658203, 0.3747978210449219], [132.3796844482422, 0.3747978210449219], [132.3796844482422, 0.12479019165039062], [132.12965393066406, 0.12479019165039062], [132.12965393066406, -0.12521743774414062], [131.54624938964844, -0.12521743774414062], [131.54624938964844, -0.20855331420898438], [131.46290588378906, -0.20855331420898438], [131.46290588378906, -0.2918891906738281], [131.3795623779297, -0.2918891906738281], [131.3795623779297, 0.12479019165039062], [131.2962188720703, 0.12479019165039062], [131.2962188720703, 0.20812606811523438], [131.3795623779297, 0.20812606811523438], [131.3795623779297, 1.1248207092285156], [130.87950134277344, 1.1248207092285156], [130.87950134277344, 0.9581489562988281], [130.21275329589844, 0.9581489562988281], [130.21275329589844, 0.8748130798339844], [130.12940979003906, 0.8748130798339844], [130.12940979003906, 0.7914772033691406], [130.21275329589844, 0.7914772033691406], [130.21275329589844, 0.6248054504394531], [130.3794403076172, 0.6248054504394531], [130.3794403076172, 0.3747978210449219], [130.12940979003906, 0.3747978210449219], [130.12940979003906, 0.6248054504394531], [129.87937927246094, 0.6248054504394531], [129.87937927246094, 0.8748130798339844], [129.6293487548828, 0.8748130798339844], [129.6293487548828, 1.1248207092285156], [129.3793182373047, 1.1248207092285156], [129.3793182373047, 0.9581489562988281], [129.0459442138672, 0.9581489562988281], [129.0459442138672, 1.0414848327636719], [128.79591369628906, 1.0414848327636719], [128.79591369628906, 1.1248207092285156], [128.87925720214844, 1.1248207092285156], [128.87925720214844, 1.5415000915527344], [128.7125701904297, 1.5415000915527344], [128.7125701904297, 2.7915382385253906], [128.6292266845703, 2.7915382385253906], [128.6292266845703, 2.708202362060547], [128.46253967285156, 2.708202362060547], [128.46253967285156, 2.624866485595703], [128.3791961669922, 2.624866485595703], [128.3791961669922, 2.4581947326660156], [128.2958526611328, 2.4581947326660156], [128.2958526611328, 2.374858856201172], [127.87913513183594, 2.374858856201172], [127.87913513183594, 2.1248512268066406], [127.79579162597656, 2.1248512268066406], [127.79579162597656, 2.291522979736328], [127.71244812011719, 2.291522979736328], [127.71244812011719, 2.2081871032714844], [127.62910461425781, 2.2081871032714844], [127.62910461425781, 2.041515350341797], [127.54576110839844, 2.041515350341797], [127.54576110839844, 2.2081871032714844], [127.46241760253906, 2.2081871032714844], [127.46241760253906, 2.1248512268066406], [127.37907409667969, 2.1248512268066406], [127.37907409667969, 1.9581794738769531], [127.46241760253906, 1.9581794738769531], [127.46241760253906, 1.8748435974121094], [127.37907409667969, 1.8748435974121094], [127.37907409667969, 1.7915077209472656], [127.21238708496094, 1.7915077209472656], [127.21238708496094, 1.7081718444824219], [127.12904357910156, 1.7081718444824219], [127.12904357910156, 1.6248359680175781], [127.04570007324219, 1.6248359680175781], [127.04570007324219, 1.4581642150878906], [126.96235656738281, 1.4581642150878906], [126.96235656738281, 1.2914924621582031], [126.87901306152344, 1.2914924621582031], [126.87901306152344, 1.2081565856933594], [126.79566955566406, 1.2081565856933594], [126.79566955566406, 1.1248207092285156], [126.46229553222656, 1.1248207092285156], [126.46229553222656, 1.2081565856933594], [126.37895202636719, 1.2081565856933594], [126.37895202636719, 1.2914924621582031], [126.46229553222656, 1.2914924621582031], [126.46229553222656, 1.3748283386230469], [126.62898254394531, 1.3748283386230469], [126.62898254394531, 1.5415000915527344], [126.54563903808594, 1.5415000915527344], [126.54563903808594, 1.4581642150878906], [126.37895202636719, 1.4581642150878906], [126.37895202636719, 1.3748283386230469], [126.29560852050781, 1.3748283386230469], [126.29560852050781, 1.2914924621582031], [126.21226501464844, 1.2914924621582031], [126.21226501464844, 1.1248207092285156], [126.12892150878906, 1.1248207092285156], [126.12892150878906, 0.8748130798339844], [125.87889099121094, 0.8748130798339844], [125.87889099121094, 0.6248054504394531], [125.62886047363281, 0.6248054504394531], [125.62886047363281, 0.3747978210449219], [125.37882995605469, 0.3747978210449219], [125.37882995605469, 0.12479019165039062], [125.12879943847656, 0.12479019165039062], [125.12879943847656, 0.4581336975097656], [125.04545593261719, 0.4581336975097656], [125.04545593261719, 0.3747978210449219], [124.87876892089844, 0.3747978210449219], [124.87876892089844, 0.2914619445800781], [124.21202087402344, 0.2914619445800781], [124.21202087402344, 0.3747978210449219], [124.37870788574219, 0.3747978210449219], [124.37870788574219, 0.4581336975097656], [124.54539489746094, 0.4581336975097656], [124.54539489746094, 0.6248054504394531], [124.62873840332031, 0.6248054504394531], [124.62873840332031, 0.7914772033691406], [124.71208190917969, 0.7914772033691406], [124.71208190917969, 0.8748130798339844], [124.87876892089844, 0.8748130798339844], [124.87876892089844, 1.0414848327636719], [125.04545593261719, 1.0414848327636719], [125.04545593261719, 1.1248207092285156], [125.12879943847656, 1.1248207092285156], [125.12879943847656, 1.3748283386230469], [125.37882995605469, 1.3748283386230469], [125.37882995605469, 1.6248359680175781], [125.21214294433594, 1.6248359680175781], [125.21214294433594, 1.8748435974121094], [125.12879943847656, 1.8748435974121094], [125.12879943847656, 2.1248512268066406], [125.29548645019531, 2.1248512268066406], [125.29548645019531, 2.041515350341797], [125.54551696777344, 2.041515350341797], [125.54551696777344, 1.9581794738769531], [125.71220397949219, 1.9581794738769531], [125.71220397949219, 2.041515350341797], [125.87889099121094, 2.041515350341797], [125.87889099121094, 2.1248512268066406], [125.62886047363281, 2.1248512268066406], [125.62886047363281, 2.2081871032714844], [125.54551696777344, 2.2081871032714844], [125.54551696777344, 2.1248512268066406], [125.46217346191406, 2.1248512268066406], [125.46217346191406, 2.2081871032714844], [125.37882995605469, 2.2081871032714844], [125.37882995605469, 2.291522979736328], [125.46217346191406, 2.291522979736328], [125.46217346191406, 2.374858856201172], [125.37882995605469, 2.374858856201172], [125.37882995605469, 2.5415306091308594], [125.46217346191406, 2.5415306091308594], [125.46217346191406, 2.624866485595703], [125.54551696777344, 2.624866485595703], [125.54551696777344, 2.5415306091308594], [125.62886047363281, 2.5415306091308594], [125.62886047363281, 2.624866485595703], [126.21226501464844, 2.624866485595703], [126.21226501464844, 2.7915382385253906], [126.04557800292969, 2.7915382385253906], [126.04557800292969, 2.8748741149902344], [125.96223449707031, 2.8748741149902344], [125.96223449707031, 3.041545867919922], [125.87889099121094, 3.041545867919922], [125.87889099121094, 3.2082176208496094], [125.79554748535156, 3.2082176208496094], [125.79554748535156, 3.374889373779297], [125.71220397949219, 3.374889373779297], [125.71220397949219, 3.4582252502441406], [125.79554748535156, 3.4582252502441406], [125.79554748535156, 3.5415611267089844], [125.71220397949219, 3.5415611267089844], [125.71220397949219, 3.708232879638672], [125.62886047363281, 3.708232879638672], [125.62886047363281, 3.7915687561035156], [125.71220397949219, 3.7915687561035156], [125.71220397949219, 4.041576385498047], [125.62886047363281, 4.041576385498047], [125.62886047363281, 4.374919891357422], [125.71220397949219, 4.374919891357422], [125.71220397949219, 4.291584014892578], [125.79554748535156, 4.291584014892578], [125.79554748535156, 4.124912261962891], [126.12892150878906, 4.124912261962891], [126.12892150878906, 4.541591644287109], [126.21226501464844, 4.541591644287109], [126.21226501464844, 4.791599273681641], [126.12892150878906, 4.791599273681641], [126.12892150878906, 4.874935150146484], [126.04557800292969, 4.874935150146484], [126.04557800292969, 5.041606903076172], [126.12892150878906, 5.041606903076172], [126.12892150878906, 5.124942779541016], [126.21226501464844, 5.124942779541016], [126.21226501464844, 5.208278656005859], [126.29560852050781, 5.208278656005859], [126.29560852050781, 5.291614532470703], [126.37895202636719, 5.291614532470703], [126.37895202636719, 5.374950408935547], [126.87901306152344, 5.374950408935547], [126.87901306152344, 5.541622161865234], [126.96235656738281, 5.541622161865234], [126.96235656738281, 5.624958038330078], [127.04570007324219, 5.624958038330078], [127.04570007324219, 5.791629791259766], [127.12904357910156, 5.791629791259766], [127.12904357910156, 5.958301544189453], [127.21238708496094, 5.958301544189453], [127.21238708496094, 6.124973297119141], [127.29573059082031, 6.124973297119141], [127.29573059082031, 6.291645050048828], [127.37907409667969, 6.291645050048828], [127.37907409667969, 6.958332061767578], [142.9643096923828, 6.958332061767578], [142.9643096923828, 4.124912261962891], [142.88096618652344, 4.124912261962891], [142.88096618652344, 3.8749046325683594], [142.9643096923828, 3.8749046325683594], [142.9643096923828, 0.8748130798339844], [142.3809051513672, 0.8748130798339844], [142.3809051513672, 0.6248054504394531]], [[130.3794403076172, 6.708324432373047], [130.3794403076172, 6.624988555908203], [130.6294708251953, 6.624988555908203], [130.6294708251953, 6.708324432373047], [130.3794403076172, 6.708324432373047]], [[130.12940979003906, 6.624988555908203], [130.12940979003906, 6.458316802978516], [129.6293487548828, 6.458316802978516], [129.6293487548828, 6.374980926513672], [129.46266174316406, 6.374980926513672], [129.46266174316406, 6.291645050048828], [129.3793182373047, 6.291645050048828], [129.3793182373047, 6.208309173583984], [129.2959747314453, 6.208309173583984], [129.2959747314453, 6.124973297119141], [129.21263122558594, 6.124973297119141], [129.21263122558594, 6.041637420654297], [129.12928771972656, 6.041637420654297], [129.12928771972656, 5.958301544189453], [128.9626007080078, 5.958301544189453], [128.9626007080078, 5.874965667724609], [128.87925720214844, 5.874965667724609], [128.87925720214844, 5.791629791259766], [128.79591369628906, 5.791629791259766], [128.79591369628906, 5.708293914794922], [128.7125701904297, 5.708293914794922], [128.7125701904297, 5.624958038330078], [128.6292266845703, 5.624958038330078], [128.6292266845703, 5.541622161865234], [128.54588317871094, 5.541622161865234], [128.54588317871094, 5.291614532470703], [128.46253967285156, 5.291614532470703], [128.46253967285156, 5.124942779541016], [128.3791961669922, 5.124942779541016], [128.3791961669922, 4.374919891357422], [128.12916564941406, 4.374919891357422], [128.12916564941406, 4.124912261962891], [128.0458221435547, 4.124912261962891], [128.0458221435547, 3.958240509033203], [127.96247863769531, 3.958240509033203], [127.96247863769531, 3.4582252502441406], [127.87913513183594, 3.4582252502441406], [127.87913513183594, 3.374889373779297], [128.12916564941406, 3.374889373779297], [128.12916564941406, 3.624897003173828], [128.6292266845703, 3.624897003173828], [128.6292266845703, 3.8749046325683594], [129.12928771972656, 3.8749046325683594], [129.12928771972656, 4.124912261962891], [129.3793182373047, 4.124912261962891], [129.3793182373047, 4.374919891357422], [129.6293487548828, 4.374919891357422], [129.6293487548828, 4.458255767822266], [129.7126922607422, 4.458255767822266], [129.7126922607422, 4.624927520751953], [129.79603576660156, 4.624927520751953], [129.79603576660156, 4.708263397216797], [129.87937927246094, 4.708263397216797], [129.87937927246094, 4.791599273681641], [130.0460662841797, 4.791599273681641], [130.0460662841797, 4.874935150146484], [130.21275329589844, 4.874935150146484], [130.21275329589844, 5.041606903076172], [129.3793182373047, 5.041606903076172], [129.3793182373047, 5.208278656005859], [129.46266174316406, 5.208278656005859], [129.46266174316406, 5.291614532470703], [129.6293487548828, 5.291614532470703], [129.6293487548828, 5.124942779541016], [129.87937927246094, 5.124942779541016], [129.87937927246094, 5.374950408935547], [130.21275329589844, 5.374950408935547], [130.21275329589844, 5.291614532470703], [130.3794403076172, 5.291614532470703], [130.3794403076172, 5.208278656005859], [130.46278381347656, 5.208278656005859], [130.46278381347656, 5.124942779541016], [130.2960968017578, 5.124942779541016], [130.2960968017578, 4.958271026611328], [130.54612731933594, 4.958271026611328], [130.54612731933594, 4.874935150146484], [130.7128143310547, 4.874935150146484], [130.7128143310547, 4.791599273681641], [130.9628448486328, 4.791599273681641], [130.9628448486328, 4.708263397216797], [131.12953186035156, 4.708263397216797], [131.12953186035156, 4.624927520751953], [130.6294708251953, 4.624927520751953], [130.6294708251953, 4.541591644287109], [130.9628448486328, 4.541591644287109], [130.9628448486328, 4.458255767822266], [131.21287536621094, 4.458255767822266], [131.21287536621094, 4.374919891357422], [131.2962188720703, 4.374919891357422], [131.2962188720703, 4.291584014892578], [131.3795623779297, 4.291584014892578], [131.3795623779297, 4.208248138427734], [131.54624938964844, 4.208248138427734], [131.54624938964844, 4.124912261962891], [131.6295928955078, 4.124912261962891], [131.6295928955078, 4.374919891357422], [131.7129364013672, 4.374919891357422], [131.7129364013672, 4.291584014892578], [131.79627990722656, 4.291584014892578], [131.79627990722656, 4.208248138427734], [131.87962341308594, 4.208248138427734], [131.87962341308594, 4.374919891357422], [133.3798065185547, 4.374919891357422], [133.3798065185547, 4.541591644287109], [133.21311950683594, 4.541591644287109], [133.21311950683594, 4.624927520751953], [132.9630889892578, 4.624927520751953], [132.9630889892578, 4.708263397216797], [132.87974548339844, 4.708263397216797], [132.87974548339844, 5.041606903076172], [132.79640197753906, 5.041606903076172], [132.79640197753906, 5.124942779541016], [132.6297149658203, 5.124942779541016], [132.6297149658203, 5.208278656005859], [132.54637145996094, 5.208278656005859], [132.54637145996094, 5.291614532470703], [132.3796844482422, 5.291614532470703], [132.3796844482422, 5.374950408935547], [132.2963409423828, 5.374950408935547], [132.2963409423828, 5.458286285400391], [132.12965393066406, 5.458286285400391], [132.12965393066406, 5.541622161865234], [132.0463104248047, 5.541622161865234], [132.0463104248047, 5.624958038330078], [131.9629669189453, 5.624958038330078], [131.9629669189453, 5.708293914794922], [131.87962341308594, 5.708293914794922], [131.87962341308594, 5.791629791259766], [131.79627990722656, 5.791629791259766], [131.79627990722656, 5.874965667724609], [131.7129364013672, 5.874965667724609], [131.7129364013672, 5.958301544189453], [131.54624938964844, 5.958301544189453], [131.54624938964844, 6.041637420654297], [131.3795623779297, 6.041637420654297], [131.3795623779297, 6.124973297119141], [131.21287536621094, 6.124973297119141], [131.21287536621094, 6.208309173583984], [131.0461883544922, 6.208309173583984], [131.0461883544922, 6.291645050048828], [130.79615783691406, 6.291645050048828], [130.79615783691406, 6.374980926513672], [130.54612731933594, 6.374980926513672], [130.54612731933594, 6.458316802978516], [130.3794403076172, 6.458316802978516], [130.3794403076172, 6.624988555908203], [130.12940979003906, 6.624988555908203]], [[138.9638214111328, 4.958271026611328], [138.9638214111328, 4.791599273681641], [139.0471649169922, 4.791599273681641], [139.0471649169922, 4.708263397216797], [139.2971954345703, 4.708263397216797], [139.2971954345703, 4.624927520751953], [139.46388244628906, 4.624927520751953], [139.46388244628906, 4.541591644287109], [139.6305694580078, 4.541591644287109], [139.6305694580078, 4.458255767822266], [139.88059997558594, 4.458255767822266], [139.88059997558594, 4.374919891357422], [140.46400451660156, 4.374919891357422], [140.46400451660156, 4.291584014892578], [140.6306915283203, 4.291584014892578], [140.6306915283203, 4.124912261962891], [140.54734802246094, 4.124912261962891], [140.54734802246094, 4.041576385498047], [140.6306915283203, 4.041576385498047], [140.6306915283203, 3.958240509033203], [140.7140350341797, 3.958240509033203], [140.7140350341797, 3.8749046325683594], [140.9640655517578, 3.8749046325683594], [140.9640655517578, 3.7915687561035156], [142.46424865722656, 3.7915687561035156], [142.46424865722656, 3.8749046325683594], [142.6309356689453, 3.8749046325683594], [142.6309356689453, 4.124912261962891], [142.13087463378906, 4.124912261962891], [142.13087463378906, 4.374919891357422], [141.88084411621094, 4.374919891357422], [141.88084411621094, 4.874935150146484], [141.6308135986328, 4.874935150146484], [141.6308135986328, 5.124942779541016], [141.3807830810547, 5.124942779541016], [141.3807830810547, 5.874965667724609], [139.6305694580078, 5.874965667724609], [139.6305694580078, 5.624958038330078], [138.6304473876953, 5.624958038330078], [138.6304473876953, 5.291614532470703], [138.7137908935547, 5.291614532470703], [138.7137908935547, 5.208278656005859], [138.88047790527344, 5.208278656005859], [138.88047790527344, 4.958271026611328], [138.9638214111328, 4.958271026611328]], [[136.13014221191406, 4.708263397216797], [136.13014221191406, 4.624927520751953], [136.88023376464844, 4.624927520751953], [136.88023376464844, 4.874935150146484], [137.88035583496094, 4.874935150146484], [137.88035583496094, 4.624927520751953], [137.3802947998047, 4.624927520751953], [137.3802947998047, 4.458255767822266], [138.21372985839844, 4.458255767822266], [138.21372985839844, 4.541591644287109], [138.3804168701172, 4.541591644287109], [138.3804168701172, 4.624927520751953], [138.54710388183594, 4.624927520751953], [138.54710388183594, 4.708263397216797], [138.6304473876953, 4.708263397216797], [138.6304473876953, 4.791599273681641], [138.54710388183594, 4.791599273681641], [138.54710388183594, 4.874935150146484], [138.46376037597656, 4.874935150146484], [138.46376037597656, 4.958271026611328], [138.3804168701172, 4.958271026611328], [138.3804168701172, 5.124942779541016], [138.2970733642578, 5.124942779541016], [138.2970733642578, 5.374950408935547], [138.13038635253906, 5.374950408935547], [138.13038635253906, 5.124942779541016], [136.3801727294922, 5.124942779541016], [136.3801727294922, 4.874935150146484], [135.3800506591797, 4.874935150146484], [135.3800506591797, 4.791599273681641], [135.79676818847656, 4.791599273681641], [135.79676818847656, 4.708263397216797], [136.13014221191406, 4.708263397216797]], [[133.3798065185547, 4.874935150146484], [133.3798065185547, 4.624927520751953], [133.87986755371094, 4.624927520751953], [133.87986755371094, 4.708263397216797], [133.7131805419922, 4.708263397216797], [133.7131805419922, 4.791599273681641], [133.46315002441406, 4.791599273681641], [133.46315002441406, 4.874935150146484], [133.3798065185547, 4.874935150146484]], [[127.04570007324219, 4.791599273681641], [127.04570007324219, 4.708263397216797], [127.12904357910156, 4.708263397216797], [127.12904357910156, 4.791599273681641], [127.04570007324219, 4.791599273681641]], [[127.12904357910156, 4.624927520751953], [127.29573059082031, 4.624927520751953], [127.29573059082031, 4.708263397216797], [127.12904357910156, 4.708263397216797], [127.12904357910156, 4.624927520751953]], [[127.04570007324219, 4.208248138427734], [127.04570007324219, 4.374919891357422], [126.96235656738281, 4.374919891357422], [126.96235656738281, 4.458255767822266], [126.87901306152344, 4.458255767822266], [126.87901306152344, 4.541591644287109], [126.79566955566406, 4.541591644287109], [126.79566955566406, 4.624927520751953], [126.62898254394531, 4.624927520751953], [126.62898254394531, 3.7915687561035156], [126.79566955566406, 3.7915687561035156], [126.79566955566406, 3.708232879638672], [126.87901306152344, 3.708232879638672], [126.87901306152344, 3.8749046325683594], [127.12904357910156, 3.8749046325683594], [127.12904357910156, 4.208248138427734], [127.04570007324219, 4.208248138427734]], [[126.12892150878906, 3.8749046325683594], [126.12892150878906, 3.624897003173828], [126.29560852050781, 3.624897003173828], [126.29560852050781, 3.8749046325683594], [126.12892150878906, 3.8749046325683594]], [[126.37895202636719, 3.624897003173828], [126.37895202636719, 3.374889373779297], [126.62898254394531, 3.374889373779297], [126.62898254394531, 3.624897003173828], [126.37895202636719, 3.624897003173828]], [[126.62898254394531, 3.1248817443847656], [126.87901306152344, 3.1248817443847656], [126.87901306152344, 3.374889373779297], [126.62898254394531, 3.374889373779297], [126.62898254394531, 3.1248817443847656]], [[126.37895202636719, 3.291553497314453], [126.37895202636719, 3.1248817443847656], [126.46229553222656, 3.1248817443847656], [126.46229553222656, 3.291553497314453], [126.37895202636719, 3.291553497314453]], [[127.54576110839844, 3.2082176208496094], [127.54576110839844, 3.1248817443847656], [127.62910461425781, 3.1248817443847656], [127.62910461425781, 3.2082176208496094], [127.54576110839844, 3.2082176208496094]], [[126.62898254394531, 2.958209991455078], [126.62898254394531, 2.8748741149902344], [127.12904357910156, 2.8748741149902344], [127.12904357910156, 2.958209991455078], [126.62898254394531, 2.958209991455078]], [[138.6304473876953, 2.374858856201172], [138.6304473876953, 2.624866485595703], [138.13038635253906, 2.624866485595703], [138.13038635253906, 2.4581947326660156], [138.2970733642578, 2.4581947326660156], [138.2970733642578, 2.374858856201172], [138.46376037597656, 2.374858856201172], [138.46376037597656, 2.291522979736328], [138.9638214111328, 2.291522979736328], [138.9638214111328, 2.374858856201172], [138.6304473876953, 2.374858856201172]], [[128.79591369628906, 2.041515350341797], [128.79591369628906, 1.8748435974121094], [128.87925720214844, 1.8748435974121094], [128.87925720214844, 2.041515350341797], [128.79591369628906, 2.041515350341797]]], [[[131.87962341308594, 4.874935150146484], [132.12965393066406, 4.874935150146484], [132.12965393066406, 4.624927520751953], [131.87962341308594, 4.624927520751953], [131.87962341308594, 4.874935150146484]]], [[[131.87962341308594, 5.458286285400391], [131.79627990722656, 5.458286285400391], [131.79627990722656, 5.541622161865234], [131.7129364013672, 5.541622161865234], [131.7129364013672, 5.624958038330078], [131.87962341308594, 5.624958038330078], [131.87962341308594, 5.458286285400391]]], [[[131.6295928955078, 5.874965667724609], [131.6295928955078, 5.708293914794922], [131.54624938964844, 5.708293914794922], [131.54624938964844, 5.791629791259766], [131.3795623779297, 5.791629791259766], [131.3795623779297, 5.874965667724609], [131.6295928955078, 5.874965667724609]]], [[[135.88011169433594, -11.87557601928711], [136.13014221191406, -11.87557601928711], [136.13014221191406, -11.958911895751953], [135.88011169433594, -11.958911895751953], [135.88011169433594, -11.87557601928711]]], [[[137.6303253173828, -11.792240142822266], [137.7136688232422, -11.792240142822266], [137.7136688232422, -11.87557601928711], [137.6303253173828, -11.87557601928711], [137.6303253173828, -11.792240142822266]]], [[[137.21360778808594, -11.708904266357422], [137.2969512939453, -11.708904266357422], [137.2969512939453, -11.87557601928711], [137.13026428222656, -11.87557601928711], [137.13026428222656, -11.45889663696289], [137.21360778808594, -11.45889663696289], [137.21360778808594, -11.708904266357422]]], [[[142.88096618652344, -11.292224884033203], [142.9643096923828, -11.292224884033203], [142.9643096923828, -11.87557601928711], [142.88096618652344, -11.87557601928711], [142.88096618652344, -11.292224884033203]]], [[[136.7135467529297, -11.292224884033203], [136.7135467529297, -11.375560760498047], [136.6302032470703, -11.375560760498047], [136.6302032470703, -11.292224884033203], [136.7135467529297, -11.292224884033203]]], [[[137.13026428222656, -11.292224884033203], [137.0469207763672, -11.292224884033203], [137.0469207763672, -11.20888900756836], [136.9635772705078, -11.20888900756836], [136.9635772705078, -11.125553131103516], [136.88023376464844, -11.125553131103516], [136.88023376464844, -11.20888900756836], [136.79689025878906, -11.20888900756836], [136.79689025878906, -11.292224884033203], [136.7135467529297, -11.292224884033203], [136.7135467529297, -11.20888900756836], [136.6302032470703, -11.20888900756836], [136.6302032470703, -11.125553131103516], [136.46351623535156, -11.125553131103516], [136.46351623535156, -10.958881378173828], [136.54685974121094, -10.958881378173828], [136.54685974121094, -10.875545501708984], [136.6302032470703, -10.875545501708984], [136.6302032470703, -10.79220962524414], [136.88023376464844, -10.79220962524414], [136.88023376464844, -10.875545501708984], [136.9635772705078, -10.875545501708984], [136.9635772705078, -10.708873748779297], [137.0469207763672, -10.708873748779297], [137.0469207763672, -10.79220962524414], [137.13026428222656, -10.79220962524414], [137.13026428222656, -10.958881378173828], [137.21360778808594, -10.958881378173828], [137.21360778808594, -11.375560760498047], [137.13026428222656, -11.375560760498047], [137.13026428222656, -11.292224884033203]]], [[[142.0475311279297, -11.042217254638672], [142.0475311279297, -10.875545501708984], [142.13087463378906, -10.875545501708984], [142.13087463378906, -11.042217254638672], [142.0475311279297, -11.042217254638672]]], [[[142.7142791748047, -10.708873748779297], [142.79762268066406, -10.708873748779297], [142.79762268066406, -10.875545501708984], [142.6309356689453, -10.875545501708984], [142.6309356689453, -10.625537872314453], [142.7142791748047, -10.625537872314453], [142.7142791748047, -10.708873748779297]]], [[[142.0475311279297, -10.625537872314453], [142.13087463378906, -10.625537872314453], [142.13087463378906, -10.79220962524414], [142.0475311279297, -10.79220962524414], [142.0475311279297, -10.625537872314453]]], [[[142.79762268066406, -10.625537872314453], [142.9643096923828, -10.625537872314453], [142.9643096923828, -10.708873748779297], [142.79762268066406, -10.708873748779297], [142.79762268066406, -10.625537872314453]]], [[[139.46388244628906, -10.625537872314453], [139.3805389404297, -10.625537872314453], [139.3805389404297, -10.708873748779297], [139.2971954345703, -10.708873748779297], [139.2971954345703, -10.54220199584961], [139.46388244628906, -10.54220199584961], [139.46388244628906, -10.625537872314453]]], [[[142.2975616455078, -10.54220199584961], [142.3809051513672, -10.54220199584961], [142.3809051513672, -10.625537872314453], [142.2975616455078, -10.625537872314453], [142.2975616455078, -10.54220199584961]]], [[[140.88072204589844, -10.625537872314453], [140.9640655517578, -10.625537872314453], [140.9640655517578, -10.875545501708984], [140.79737854003906, -10.875545501708984], [140.79737854003906, -10.708873748779297], [140.7140350341797, -10.708873748779297], [140.7140350341797, -10.54220199584961], [140.46400451660156, -10.54220199584961], [140.46400451660156, -10.458866119384766], [140.13063049316406, -10.458866119384766], [140.13063049316406, -10.375530242919922], [140.21397399902344, -10.375530242919922], [140.21397399902344, -10.292194366455078], [140.54734802246094, -10.292194366455078], [140.54734802246094, -10.375530242919922], [140.7140350341797, -10.375530242919922], [140.7140350341797, -10.458866119384766], [140.79737854003906, -10.458866119384766], [140.79737854003906, -10.54220199584961], [140.88072204589844, -10.54220199584961], [140.88072204589844, -10.625537872314453]]], [[[141.79750061035156, -10.54220199584961], [141.79750061035156, -10.375530242919922], [141.88084411621094, -10.375530242919922], [141.88084411621094, -10.54220199584961], [141.79750061035156, -10.54220199584961]]], [[[142.13087463378906, -10.375530242919922], [142.2975616455078, -10.375530242919922], [142.2975616455078, -10.54220199584961], [142.13087463378906, -10.54220199584961], [142.13087463378906, -10.375530242919922]]], [[[139.9639434814453, -10.375530242919922], [140.0472869873047, -10.375530242919922], [140.0472869873047, -10.458866119384766], [139.9639434814453, -10.458866119384766], [139.9639434814453, -10.375530242919922]]], [[[142.6309356689453, -10.375530242919922], [142.88096618652344, -10.375530242919922], [142.88096618652344, -10.042186737060547], [142.9643096923828, -10.042186737060547], [142.9643096923828, -10.54220199584961], [142.79762268066406, -10.54220199584961], [142.79762268066406, -10.625537872314453], [142.7142791748047, -10.625537872314453], [142.7142791748047, -10.54220199584961], [142.6309356689453, -10.54220199584961], [142.6309356689453, -10.375530242919922]]], [[[138.13038635253906, -10.12552261352539], [138.3804168701172, -10.12552261352539], [138.3804168701172, -10.375530242919922], [138.13038635253906, -10.375530242919922], [138.13038635253906, -10.12552261352539]]], [[[139.79725646972656, -10.458866119384766], [139.7139129638672, -10.458866119384766], [139.7139129638672, -10.208858489990234], [139.6305694580078, -10.208858489990234], [139.6305694580078, -10.12552261352539], [139.2971954345703, -10.12552261352539], [139.2971954345703, -10.042186737060547], [139.21385192871094, -10.042186737060547], [139.21385192871094, -9.958850860595703], [139.2971954345703, -9.958850860595703], [139.2971954345703, -9.87551498413086], [139.46388244628906, -9.87551498413086], [139.46388244628906, -9.792179107666016], [140.0472869873047, -9.792179107666016], [140.0472869873047, -9.87551498413086], [140.13063049316406, -9.87551498413086], [140.13063049316406, -10.292194366455078], [139.9639434814453, -10.292194366455078], [139.9639434814453, -10.375530242919922], [139.79725646972656, -10.375530242919922], [139.79725646972656, -10.458866119384766]]], [[[142.13087463378906, -9.958850860595703], [142.21421813964844, -9.958850860595703], [142.21421813964844, -10.042186737060547], [142.13087463378906, -10.042186737060547], [142.13087463378906, -9.958850860595703]]], [[[142.21421813964844, -9.958850860595703], [142.21421813964844, -9.87551498413086], [142.3809051513672, -9.87551498413086], [142.3809051513672, -9.958850860595703], [142.21421813964844, -9.958850860595703]]], [[[140.6306915283203, -9.792179107666016], [140.7140350341797, -9.792179107666016], [140.7140350341797, -9.87551498413086], [140.79737854003906, -9.87551498413086], [140.79737854003906, -10.042186737060547], [140.7140350341797, -10.042186737060547], [140.7140350341797, -9.958850860595703], [140.6306915283203, -9.958850860595703], [140.6306915283203, -9.792179107666016]]], [[[142.88096618652344, -9.87551498413086], [142.9643096923828, -9.87551498413086], [142.9643096923828, -9.958850860595703], [142.88096618652344, -9.958850860595703], [142.88096618652344, -9.87551498413086]]], [[[142.88096618652344, -9.708843231201172], [142.9643096923828, -9.708843231201172], [142.9643096923828, -9.792179107666016], [142.88096618652344, -9.792179107666016], [142.88096618652344, -9.708843231201172]]], [[[141.54747009277344, -9.625507354736328], [141.6308135986328, -9.625507354736328], [141.6308135986328, -9.792179107666016], [141.54747009277344, -9.792179107666016], [141.54747009277344, -9.625507354736328]]], [[[140.79737854003906, -9.625507354736328], [141.13075256347656, -9.625507354736328], [141.13075256347656, -9.708843231201172], [140.79737854003906, -9.708843231201172], [140.79737854003906, -9.625507354736328]]], [[[142.3809051513672, -9.625507354736328], [142.21421813964844, -9.625507354736328], [142.21421813964844, -9.708843231201172], [142.2975616455078, -9.708843231201172], [142.2975616455078, -9.792179107666016], [142.21421813964844, -9.792179107666016], [142.21421813964844, -9.87551498413086], [142.0475311279297, -9.87551498413086], [142.0475311279297, -9.708843231201172], [141.79750061035156, -9.708843231201172], [141.79750061035156, -9.625507354736328], [141.6308135986328, -9.625507354736328], [141.6308135986328, -9.375499725341797], [141.46412658691406, -9.375499725341797], [141.46412658691406, -9.292163848876953], [141.54747009277344, -9.292163848876953], [141.54747009277344, -9.20882797241211], [142.13087463378906, -9.20882797241211], [142.13087463378906, -9.375499725341797], [142.6309356689453, -9.375499725341797], [142.6309356689453, -9.708843231201172], [142.46424865722656, -9.708843231201172], [142.46424865722656, -9.87551498413086], [142.3809051513672, -9.87551498413086], [142.3809051513672, -9.625507354736328]]], [[[138.88047790527344, -9.625507354736328], [138.88047790527344, -9.708843231201172], [138.7137908935547, -9.708843231201172], [138.7137908935547, -9.792179107666016], [138.6304473876953, -9.792179107666016], [138.6304473876953, -9.708843231201172], [138.46376037597656, -9.708843231201172], [138.46376037597656, -9.625507354736328], [138.3804168701172, -9.625507354736328], [138.3804168701172, -9.542171478271484], [138.46376037597656, -9.542171478271484], [138.46376037597656, -9.45883560180664], [138.6304473876953, -9.45883560180664], [138.6304473876953, -9.375499725341797], [138.7137908935547, -9.375499725341797], [138.7137908935547, -9.292163848876953], [139.0471649169922, -9.292163848876953], [139.0471649169922, -9.375499725341797], [139.13050842285156, -9.375499725341797], [139.13050842285156, -9.45883560180664], [139.21385192871094, -9.45883560180664], [139.21385192871094, -9.625507354736328], [138.88047790527344, -9.625507354736328]]], [[[141.3807830810547, -9.542171478271484], [141.2974395751953, -9.542171478271484], [141.2974395751953, -9.625507354736328], [141.13075256347656, -9.625507354736328], [141.13075256347656, -9.375499725341797], [141.3807830810547, -9.375499725341797], [141.3807830810547, -9.542171478271484]]], [[[139.9639434814453, -9.375499725341797], [140.0472869873047, -9.375499725341797], [140.0472869873047, -9.45883560180664], [139.9639434814453, -9.45883560180664], [139.9639434814453, -9.375499725341797]]], [[[142.88096618652344, -9.20882797241211], [142.9643096923828, -9.20882797241211], [142.9643096923828, -9.292163848876953], [142.88096618652344, -9.292163848876953], [142.88096618652344, -9.20882797241211]]], [[[138.2970733642578, -7.208766937255859], [138.0470428466797, -7.208766937255859], [138.0470428466797, -7.292102813720703], [137.79701232910156, -7.292102813720703], [137.79701232910156, -7.208766937255859], [137.7136688232422, -7.208766937255859], [137.7136688232422, -7.125431060791016], [137.6303253173828, -7.125431060791016], [137.6303253173828, -7.208766937255859], [137.54698181152344, -7.208766937255859], [137.54698181152344, -7.292102813720703], [137.3802947998047, -7.292102813720703], [137.3802947998047, -7.375438690185547], [137.2969512939453, -7.375438690185547], [137.2969512939453, -7.458774566650391], [136.9635772705078, -7.458774566650391], [136.9635772705078, -7.625446319580078], [137.3802947998047, -7.625446319580078], [137.3802947998047, -8.375469207763672], [137.7136688232422, -8.375469207763672], [137.7136688232422, -8.458805084228516], [138.13038635253906, -8.458805084228516], [138.13038635253906, -8.625476837158203], [139.6305694580078, -8.625476837158203], [139.6305694580078, -8.375469207763672], [140.2973175048828, -8.375469207763672], [140.2973175048828, -8.458805084228516], [140.3806610107422, -8.458805084228516], [140.3806610107422, -8.625476837158203], [140.54734802246094, -8.625476837158203], [140.54734802246094, -8.79214859008789], [140.6306915283203, -8.79214859008789], [140.6306915283203, -9.45883560180664], [140.54734802246094, -9.45883560180664], [140.54734802246094, -9.375499725341797], [140.46400451660156, -9.375499725341797], [140.46400451660156, -9.292163848876953], [140.3806610107422, -9.292163848876953], [140.3806610107422, -9.20882797241211], [140.21397399902344, -9.20882797241211], [140.21397399902344, -9.125492095947266], [140.13063049316406, -9.125492095947266], [140.13063049316406, -9.042156219482422], [139.9639434814453, -9.042156219482422], [139.9639434814453, -8.958820343017578], [139.88059997558594, -8.958820343017578], [139.88059997558594, -8.875484466552734], [138.7137908935547, -8.875484466552734], [138.7137908935547, -8.958820343017578], [138.46376037597656, -8.958820343017578], [138.46376037597656, -9.125492095947266], [138.54710388183594, -9.125492095947266], [138.54710388183594, -9.20882797241211], [138.46376037597656, -9.20882797241211], [138.46376037597656, -9.292163848876953], [138.3804168701172, -9.292163848876953], [138.3804168701172, -9.375499725341797], [138.13038635253906, -9.375499725341797], [138.13038635253906, -9.45883560180664], [137.9636993408203, -9.45883560180664], [137.9636993408203, -9.375499725341797], [137.7136688232422, -9.375499725341797], [137.7136688232422, -9.292163848876953], [137.6303253173828, -9.292163848876953], [137.6303253173828, -9.542171478271484], [137.79701232910156, -9.542171478271484], [137.79701232910156, -9.625507354736328], [137.7136688232422, -9.625507354736328], [137.7136688232422, -9.708843231201172], [137.88035583496094, -9.708843231201172], [137.88035583496094, -9.792179107666016], [137.9636993408203, -9.792179107666016], [137.9636993408203, -9.87551498413086], [138.0470428466797, -9.87551498413086], [138.0470428466797, -10.375530242919922], [138.13038635253906, -10.375530242919922], [138.13038635253906, -10.54220199584961], [138.2970733642578, -10.54220199584961], [138.2970733642578, -10.625537872314453], [138.3804168701172, -10.625537872314453], [138.3804168701172, -10.79220962524414], [138.46376037597656, -10.79220962524414], [138.46376037597656, -10.958881378173828], [138.54710388183594, -10.958881378173828], [138.54710388183594, -11.042217254638672], [138.6304473876953, -11.042217254638672], [138.6304473876953, -11.20888900756836], [138.7137908935547, -11.20888900756836], [138.7137908935547, -11.375560760498047], [138.6304473876953, -11.375560760498047], [138.6304473876953, -11.542232513427734], [138.79713439941406, -11.542232513427734], [138.79713439941406, -11.625568389892578], [138.7137908935547, -11.625568389892578], [138.7137908935547, -11.87557601928711], [138.6304473876953, -11.87557601928711], [138.6304473876953, -11.708904266357422], [138.46376037597656, -11.708904266357422], [138.46376037597656, -11.542232513427734], [138.54710388183594, -11.542232513427734], [138.54710388183594, -11.45889663696289], [138.46376037597656, -11.45889663696289], [138.46376037597656, -11.375560760498047], [138.3804168701172, -11.375560760498047], [138.3804168701172, -11.20888900756836], [138.13038635253906, -11.20888900756836], [138.13038635253906, -11.125553131103516], [138.0470428466797, -11.125553131103516], [138.0470428466797, -10.958881378173828], [137.9636993408203, -10.958881378173828], [137.9636993408203, -10.79220962524414], [137.79701232910156, -10.79220962524414], [137.79701232910156, -10.708873748779297], [137.9636993408203, -10.708873748779297], [137.9636993408203, -10.625537872314453], [137.7136688232422, -10.625537872314453], [137.7136688232422, -10.54220199584961], [137.6303253173828, -10.54220199584961], [137.6303253173828, -10.458866119384766], [137.54698181152344, -10.458866119384766], [137.54698181152344, -10.375530242919922], [137.46363830566406, -10.375530242919922], [137.46363830566406, -10.12552261352539], [137.3802947998047, -10.12552261352539], [137.3802947998047, -10.042186737060547], [137.2969512939453, -10.042186737060547], [137.2969512939453, -9.958850860595703], [137.21360778808594, -9.958850860595703], [137.21360778808594, -9.87551498413086], [137.0469207763672, -9.87551498413086], [137.0469207763672, -9.792179107666016], [136.79689025878906, -9.792179107666016], [136.79689025878906, -9.708843231201172], [136.54685974121094, -9.708843231201172], [136.54685974121094, -9.625507354736328], [136.6302032470703, -9.625507354736328], [136.6302032470703, -9.45883560180664], [136.46351623535156, -9.45883560180664], [136.46351623535156, -9.375499725341797], [136.54685974121094, -9.375499725341797], [136.54685974121094, -9.292163848876953], [136.6302032470703, -9.292163848876953], [136.6302032470703, -9.125492095947266], [136.46351623535156, -9.125492095947266], [136.46351623535156, -9.042156219482422], [136.21348571777344, -9.042156219482422], [136.21348571777344, -8.958820343017578], [135.9634552001953, -8.958820343017578], [135.9634552001953, -9.125492095947266], [136.0467987060547, -9.125492095947266], [136.0467987060547, -9.20882797241211], [136.21348571777344, -9.20882797241211], [136.21348571777344, -9.375499725341797], [136.0467987060547, -9.375499725341797], [136.0467987060547, -9.292163848876953], [135.88011169433594, -9.292163848876953], [135.88011169433594, -9.125492095947266], [135.21336364746094, -9.125492095947266], [135.21336364746094, -9.20882797241211], [134.54661560058594, -9.20882797241211], [134.54661560058594, -9.125492095947266], [134.46327209472656, -9.125492095947266], [134.46327209472656, -9.042156219482422], [134.2965850830078, -9.042156219482422], [134.2965850830078, -8.958820343017578], [134.12989807128906, -8.958820343017578], [134.12989807128906, -8.875484466552734], [134.0465545654297, -8.875484466552734], [134.0465545654297, -8.79214859008789], [133.87986755371094, -8.79214859008789], [133.87986755371094, -8.708812713623047], [133.79652404785156, -8.708812713623047], [133.79652404785156, -8.625476837158203], [133.7131805419922, -8.625476837158203], [133.7131805419922, -8.54214096069336], [133.46315002441406, -8.54214096069336], [133.46315002441406, -8.708812713623047], [133.2964630126953, -8.708812713623047], [133.2964630126953, -8.79214859008789], [133.0464324951172, -8.79214859008789], [133.0464324951172, -8.875484466552734], [132.79640197753906, -8.875484466552734], [132.79640197753906, -8.958820343017578], [132.6297149658203, -8.958820343017578], [132.6297149658203, -9.292163848876953], [132.54637145996094, -9.292163848876953], [132.54637145996094, -9.792179107666016], [132.6297149658203, -9.792179107666016], [132.6297149658203, -9.708843231201172], [132.7130584716797, -9.708843231201172], [132.7130584716797, -9.958850860595703], [132.79640197753906, -9.958850860595703], [132.79640197753906, -10.042186737060547], [132.3796844482422, -10.042186737060547], [132.3796844482422, -9.958850860595703], [132.2963409423828, -9.958850860595703], [132.2963409423828, -9.87551498413086], [132.21299743652344, -9.87551498413086], [132.21299743652344, -9.708843231201172], [132.12965393066406, -9.708843231201172], [132.12965393066406, -9.45883560180664], [132.0463104248047, -9.45883560180664], [132.0463104248047, -9.125492095947266], [131.9629669189453, -9.125492095947266], [131.9629669189453, -8.958820343017578], [132.0463104248047, -8.958820343017578], [132.0463104248047, -8.79214859008789], [131.9629669189453, -8.79214859008789], [131.9629669189453, -8.708812713623047], [131.87962341308594, -8.708812713623047], [131.87962341308594, -8.54214096069336], [131.46290588378906, -8.54214096069336], [131.46290588378906, -8.708812713623047], [131.6295928955078, -8.708812713623047], [131.6295928955078, -8.79214859008789], [131.7129364013672, -8.79214859008789], [131.7129364013672, -8.875484466552734], [131.79627990722656, -8.875484466552734], [131.79627990722656, -9.042156219482422], [131.87962341308594, -9.042156219482422], [131.87962341308594, -9.125492095947266], [131.6295928955078, -9.125492095947266], [131.6295928955078, -8.875484466552734], [131.3795623779297, -8.875484466552734], [131.3795623779297, -8.375469207763672], [131.54624938964844, -8.375469207763672], [131.54624938964844, -8.458805084228516], [131.7129364013672, -8.458805084228516], [131.7129364013672, -8.375469207763672], [131.87962341308594, -8.375469207763672], [131.87962341308594, -8.292133331298828], [131.9629669189453, -8.292133331298828], [131.9629669189453, -8.208797454833984], [132.0463104248047, -8.208797454833984], [132.0463104248047, -8.12546157836914], [132.12965393066406, -8.12546157836914], [132.12965393066406, -8.042125701904297], [132.21299743652344, -8.042125701904297], [132.21299743652344, -7.875453948974609], [132.6297149658203, -7.875453948974609], [132.6297149658203, -7.625446319580078], [133.12977600097656, -7.625446319580078], [133.12977600097656, -7.125431060791016], [133.87986755371094, -7.125431060791016], [133.87986755371094, -7.042095184326172], [133.9632110595703, -7.042095184326172], [133.9632110595703, -6.875423431396484], [134.12989807128906, -6.875423431396484], [134.12989807128906, -6.958759307861328], [134.2965850830078, -6.958759307861328], [134.2965850830078, -6.875423431396484], [134.3799285888672, -6.875423431396484], [134.3799285888672, -7.042095184326172], [134.21324157714844, -7.042095184326172], [134.21324157714844, -7.125431060791016], [134.12989807128906, -7.125431060791016], [134.12989807128906, -7.292102813720703], [134.6299591064453, -7.292102813720703], [134.6299591064453, -7.125431060791016], [135.13002014160156, -7.125431060791016], [135.13002014160156, -6.875423431396484], [136.13014221191406, -6.875423431396484], [136.13014221191406, -7.125431060791016], [136.6302032470703, -7.125431060791016], [136.6302032470703, -7.375438690185547], [137.13026428222656, -7.375438690185547], [137.13026428222656, -7.292102813720703], [137.0469207763672, -7.292102813720703], [137.0469207763672, -6.958759307861328], [137.13026428222656, -6.958759307861328], [137.13026428222656, -6.875423431396484], [137.21360778808594, -6.875423431396484], [137.21360778808594, -6.792087554931641], [137.2969512939453, -6.792087554931641], [137.2969512939453, -6.708751678466797], [137.46363830566406, -6.708751678466797], [137.46363830566406, -6.542079925537109], [137.54698181152344, -6.542079925537109], [137.54698181152344, -6.458744049072266], [137.46363830566406, -6.458744049072266], [137.46363830566406, -6.292072296142578], [137.54698181152344, -6.292072296142578], [137.54698181152344, -6.042064666748047], [137.6303253173828, -6.042064666748047], [137.6303253173828, -5.958728790283203], [137.7136688232422, -5.958728790283203], [137.7136688232422, -5.875392913818359], [137.88035583496094, -5.875392913818359], [137.88035583496094, -6.125400543212891], [138.13038635253906, -6.125400543212891], [138.13038635253906, -6.375408172607422], [138.3804168701172, -6.375408172607422], [138.3804168701172, -7.125431060791016], [138.2970733642578, -7.125431060791016], [138.2970733642578, -7.208766937255859]], [[136.7135467529297, -9.45883560180664], [136.7135467529297, -9.375499725341797], [136.6302032470703, -9.375499725341797], [136.6302032470703, -9.45883560180664], [136.7135467529297, -9.45883560180664]], [[133.12977600097656, -7.875453948974609], [133.3798065185547, -7.875453948974609], [133.3798065185547, -7.625446319580078], [133.12977600097656, -7.625446319580078], [133.12977600097656, -7.875453948974609]], [[135.13002014160156, -7.375438690185547], [134.9633331298828, -7.375438690185547], [134.9633331298828, -7.458774566650391], [134.87998962402344, -7.458774566650391], [134.87998962402344, -7.875453948974609], [135.21336364746094, -7.875453948974609], [135.21336364746094, -7.792118072509766], [135.2967071533203, -7.792118072509766], [135.2967071533203, -7.625446319580078], [135.3800506591797, -7.625446319580078], [135.3800506591797, -7.542110443115234], [135.6300811767578, -7.542110443115234], [135.6300811767578, -7.458774566650391], [135.79676818847656, -7.458774566650391], [135.79676818847656, -7.375438690185547], [135.7134246826172, -7.375438690185547], [135.7134246826172, -7.208766937255859], [135.46339416503906, -7.208766937255859], [135.46339416503906, -7.125431060791016], [135.13002014160156, -7.125431060791016], [135.13002014160156, -7.375438690185547]], [[137.21360778808594, -7.292102813720703], [137.21360778808594, -7.208766937255859], [137.13026428222656, -7.208766937255859], [137.13026428222656, -7.292102813720703], [137.21360778808594, -7.292102813720703]], [[134.21324157714844, -8.12546157836914], [134.21324157714844, -8.292133331298828], [134.2965850830078, -8.292133331298828], [134.2965850830078, -8.458805084228516], [134.3799285888672, -8.458805084228516], [134.3799285888672, -8.54214096069336], [134.46327209472656, -8.54214096069336], [134.46327209472656, -8.625476837158203], [134.54661560058594, -8.625476837158203], [134.54661560058594, -8.708812713623047], [134.7133026123047, -8.708812713623047], [134.7133026123047, -8.79214859008789], [134.87998962402344, -8.79214859008789], [134.87998962402344, -8.875484466552734], [134.79664611816406, -8.875484466552734], [134.79664611816406, -9.042156219482422], [134.87998962402344, -9.042156219482422], [134.87998962402344, -8.958820343017578], [135.0466766357422, -8.958820343017578], [135.0466766357422, -8.875484466552734], [135.21336364746094, -8.875484466552734], [135.21336364746094, -8.79214859008789], [135.3800506591797, -8.79214859008789], [135.3800506591797, -8.625476837158203], [135.2967071533203, -8.625476837158203], [135.2967071533203, -8.54214096069336], [135.21336364746094, -8.54214096069336], [135.21336364746094, -8.458805084228516], [135.0466766357422, -8.458805084228516], [135.0466766357422, -8.375469207763672], [134.87998962402344, -8.375469207763672], [134.87998962402344, -8.458805084228516], [134.6299591064453, -8.458805084228516], [134.6299591064453, -8.292133331298828], [134.7133026123047, -8.292133331298828], [134.7133026123047, -8.208797454833984], [134.79664611816406, -8.208797454833984], [134.79664611816406, -8.12546157836914], [134.54661560058594, -8.12546157836914], [134.54661560058594, -7.875453948974609], [134.3799285888672, -7.875453948974609], [134.3799285888672, -7.792118072509766], [134.12989807128906, -7.792118072509766], [134.12989807128906, -7.625446319580078], [133.87986755371094, -7.625446319580078], [133.87986755371094, -7.792118072509766], [133.9632110595703, -7.792118072509766], [133.9632110595703, -7.875453948974609], [134.0465545654297, -7.875453948974609], [134.0465545654297, -7.958789825439453], [134.12989807128906, -7.958789825439453], [134.12989807128906, -8.12546157836914], [134.21324157714844, -8.12546157836914]], [[132.87974548339844, -7.792118072509766], [132.87974548339844, -7.875453948974609], [133.0464324951172, -7.875453948974609], [133.0464324951172, -7.792118072509766], [132.87974548339844, -7.792118072509766]], [[132.3796844482422, -7.958789825439453], [132.3796844482422, -8.042125701904297], [132.46302795410156, -8.042125701904297], [132.46302795410156, -7.958789825439453], [132.3796844482422, -7.958789825439453]], [[132.87974548339844, -8.625476837158203], [132.87974548339844, -8.54214096069336], [133.12977600097656, -8.54214096069336], [133.12977600097656, -8.458805084228516], [133.21311950683594, -8.458805084228516], [133.21311950683594, -8.375469207763672], [133.12977600097656, -8.375469207763672], [133.12977600097656, -8.292133331298828], [132.87974548339844, -8.292133331298828], [132.87974548339844, -8.375469207763672], [132.6297149658203, -8.375469207763672], [132.6297149658203, -8.458805084228516], [132.54637145996094, -8.458805084228516], [132.54637145996094, -8.54214096069336], [132.6297149658203, -8.54214096069336], [132.6297149658203, -8.625476837158203], [132.87974548339844, -8.625476837158203]], [[138.21372985839844, -9.042156219482422], [138.21372985839844, -9.125492095947266], [138.2970733642578, -9.125492095947266], [138.2970733642578, -9.042156219482422], [138.21372985839844, -9.042156219482422]]], [[[138.54710388183594, -7.125431060791016], [138.6304473876953, -7.125431060791016], [138.6304473876953, -7.208766937255859], [138.54710388183594, -7.208766937255859], [138.54710388183594, -7.125431060791016]]], [[[136.79689025878906, -6.875423431396484], [136.6302032470703, -6.875423431396484], [136.6302032470703, -7.042095184326172], [136.21348571777344, -7.042095184326172], [136.21348571777344, -6.708751678466797], [136.79689025878906, -6.708751678466797], [136.79689025878906, -6.875423431396484]]], [[[135.88011169433594, -6.458744049072266], [135.88011169433594, -6.292072296142578], [135.9634552001953, -6.292072296142578], [135.9634552001953, -6.458744049072266], [135.88011169433594, -6.458744049072266]]], [[[135.79676818847656, -6.208736419677734], [135.88011169433594, -6.208736419677734], [135.88011169433594, -6.292072296142578], [135.79676818847656, -6.292072296142578], [135.79676818847656, -6.208736419677734]]], [[[136.88023376464844, -5.375377655029297], [137.0469207763672, -5.375377655029297], [137.0469207763672, -5.458713531494141], [136.88023376464844, -5.458713531494141], [136.88023376464844, -5.375377655029297]]], [[[136.21348571777344, -4.708690643310547], [136.2968292236328, -4.708690643310547], [136.2968292236328, -4.792026519775391], [136.21348571777344, -4.792026519775391], [136.21348571777344, -4.708690643310547]]], [[[141.7141571044922, -2.708629608154297], [141.6308135986328, -2.708629608154297], [141.6308135986328, -2.625293731689453], [142.0475311279297, -2.625293731689453], [142.0475311279297, -2.7919654846191406], [142.13087463378906, -2.7919654846191406], [142.13087463378906, -2.8753013610839844], [141.88084411621094, -2.8753013610839844], [141.88084411621094, -2.7919654846191406], [141.7141571044922, -2.7919654846191406], [141.7141571044922, -2.708629608154297]]], [[[137.7136688232422, -1.2919197082519531], [137.6303253173828, -1.2919197082519531], [137.6303253173828, -1.2085838317871094], [137.9636993408203, -1.2085838317871094], [137.9636993408203, -1.2919197082519531], [138.0470428466797, -1.2919197082519531], [138.0470428466797, -1.4585914611816406], [137.9636993408203, -1.4585914611816406], [137.9636993408203, -1.3752555847167969], [137.7136688232422, -1.3752555847167969], [137.7136688232422, -1.2919197082519531]]], [[[137.2969512939453, -1.2085838317871094], [137.3802947998047, -1.2085838317871094], [137.3802947998047, -1.2919197082519531], [137.2969512939453, -1.2919197082519531], [137.2969512939453, -1.2085838317871094]]]]}}, {"type": "Feature", "properties": {"date": "2026-10-05", "category_id": 2, "level": "siaga", "kategori": "Siaga Aktivitas Snorkling", "color": "#FFA500"}, "geometry": {"type": "MultiPolygon", "coordinates": [[[[101.37590026855469, -11.625568389892578], [101.37590026855469, -11.87557601928711], [101.12586975097656, -11.87557601928711], [101.12586975097656, -11.625568389892578], [101.37590026855469, -11.625568389892578]]], [[[94.95845031738281, -11.542232513427734], [95.12513732910156, -11.542232513427734], [95.12513732910156, -11.625568389892578], [95.29182434082031, -11.625568389892578], [95.29182434082031, -11.708904266357422], [95.45851135253906, -11.708904266357422], [95.45851135253906, -11.87557601928711], [95.62519836425781, -11.87557601928711], [95.62519836425781, -11.958911895751953], [94.87510681152344, -11.958911895751953], [94.87510681152344, -11.87557601928711], [94.62507629394531, -11.87557601928711], [94.62507629394531, -11.958911895751953], [94.04167175292969, -11.958911895751953], [94.04167175292969, -11.542232513427734], [94.12501525878906, -11.542232513427734], [94.12501525878906, -11.45889663696289], [94.62507629394531, -11.45889663696289], [94.62507629394531, -11.625568389892578], [94.87510681152344, -11.625568389892578], [94.87510681152344, -11.45889663696289], [94.95845031738281, -11.45889663696289], [94.95845031738281, -11.542232513427734]]], [[[101.95930480957031, -11.625568389892578], [101.87596130371094, -11.625568389892578], [101.87596130371094, -11.708904266357422], [101.79261779785156, -11.708904266357422], [101.79261779785156, -11.792240142822266], [101.70927429199219, -11.792240142822266], [101.70927429199219, -11.87557601928711], [101.62593078613281, -11.87557601928711], [101.62593078613281, -11.375560760498047], [101.87596130371094, -11.375560760498047], [101.87596130371094, -11.125553131103516], [101.95930480957031, -11.125553131103516], [101.95930480957031, -11.375560760498047], [102.04264831542969, -11.375560760498047], [102.04264831542969, -11.542232513427734], [101.95930480957031, -11.542232513427734], [101.95930480957031, -11.625568389892578]]], [[[104.87632751464844, -11.542232513427734], [104.79298400878906, -11.542232513427734], [104.79298400878906, -11.45889663696289], [104.87632751464844, -11.45889663696289], [104.87632751464844, -11.542232513427734]]], [[[104.95967102050781, -11.45889663696289], [104.87632751464844, -11.45889663696289], [104.87632751464844, -11.375560760498047], [104.95967102050781, -11.375560760498047], [104.95967102050781, -11.45889663696289]]], [[[104.87632751464844, -11.20888900756836], [104.79298400878906, -11.20888900756836], [104.79298400878906, -11.125553131103516], [104.87632751464844, -11.125553131103516], [104.87632751464844, -11.20888900756836]]], [[[103.62617492675781, -10.958881378173828], [103.62617492675781, -10.875545501708984], [103.87620544433594, -10.875545501708984], [103.87620544433594, -11.042217254638672], [103.79286193847656, -11.042217254638672], [103.79286193847656, -10.958881378173828], [103.62617492675781, -10.958881378173828]]], [[[105.12635803222656, -9.625507354736328], [104.87632751464844, -9.625507354736328], [104.87632751464844, -9.375499725341797], [105.12635803222656, -9.375499725341797], [105.12635803222656, -9.625507354736328]]], [[[104.62629699707031, -9.375499725341797], [104.37626647949219, -9.375499725341797], [104.37626647949219, -9.125492095947266], [104.62629699707031, -9.125492095947266], [104.62629699707031, -9.375499725341797]]], [[[103.79286193847656, -6.958759307861328], [103.62617492675781, -6.958759307861328], [103.62617492675781, -6.875423431396484], [103.79286193847656, -6.875423431396484], [103.79286193847656, -6.958759307861328]]], [[[103.79286193847656, -6.792087554931641], [103.95954895019531, -6.792087554931641], [103.95954895019531, -6.958759307861328], [103.87620544433594, -6.958759307861328], [103.87620544433594, -6.875423431396484], [103.79286193847656, -6.875423431396484], [103.79286193847656, -6.792087554931641]]], [[[103.70951843261719, -6.792087554931641], [103.62617492675781, -6.792087554931641], [103.62617492675781, -6.708751678466797], [103.70951843261719, -6.708751678466797], [103.70951843261719, -6.792087554931641]]], [[[104.87632751464844, -5.958728790283203], [104.87632751464844, -6.125400543212891], [104.79298400878906, -6.125400543212891], [104.79298400878906, -6.375408172607422], [105.12635803222656, -6.375408172607422], [105.12635803222656, -6.625415802001953], [104.95967102050781, -6.625415802001953], [104.95967102050781, -6.708751678466797], [104.87632751464844, -6.708751678466797], [104.87632751464844, -6.875423431396484], [104.70964050292969, -6.875423431396484], [104.70964050292969, -6.958759307861328], [104.62629699707031, -6.958759307861328], [104.62629699707031, -7.125431060791016], [104.45960998535156, -7.125431060791016], [104.45960998535156, -6.875423431396484], [104.37626647949219, -6.875423431396484], [104.37626647949219, -6.958759307861328], [104.29292297363281, -6.958759307861328], [104.29292297363281, -6.875423431396484], [104.12623596191406, -6.875423431396484], [104.12623596191406, -7.042095184326172], [104.04289245605469, -7.042095184326172], [104.04289245605469, -7.375438690185547], [103.95954895019531, -7.375438690185547], [103.95954895019531, -7.458774566650391], [103.87620544433594, -7.458774566650391], [103.87620544433594, -7.125431060791016], [103.95954895019531, -7.125431060791016], [103.95954895019531, -6.958759307861328], [104.04289245605469, -6.958759307861328], [104.04289245605469, -6.792087554931641], [103.95954895019531, -6.792087554931641], [103.95954895019531, -6.708751678466797], [104.04289245605469, -6.708751678466797], [104.04289245605469, -6.625415802001953], [104.12623596191406, -6.625415802001953], [104.12623596191406, -6.458744049072266], [104.20957946777344, -6.458744049072266], [104.20957946777344, -6.375408172607422], [104.12623596191406, -6.375408172607422], [104.12623596191406, -6.292072296142578], [104.29292297363281, -6.292072296142578], [104.29292297363281, -6.375408172607422], [104.37626647949219, -6.375408172607422], [104.37626647949219, -6.042064666748047], [104.45960998535156, -6.042064666748047], [104.45960998535156, -6.125400543212891], [104.54295349121094, -6.125400543212891], [104.54295349121094, -5.958728790283203], [104.62629699707031, -5.958728790283203], [104.62629699707031, -6.042064666748047], [104.79298400878906, -6.042064666748047], [104.79298400878906, -5.958728790283203], [104.87632751464844, -5.958728790283203]], [[104.37626647949219, -6.458744049072266], [104.45960998535156, -6.458744049072266], [104.45960998535156, -6.375408172607422], [104.37626647949219, -6.375408172607422], [104.37626647949219, -6.458744049072266]], [[104.62629699707031, -6.375408172607422], [104.70964050292969, -6.375408172607422], [104.70964050292969, -6.292072296142578], [104.62629699707031, -6.292072296142578], [104.62629699707031, -6.375408172607422]]], [[[104.04289245605469, -6.542079925537109], [103.95954895019531, -6.542079925537109], [103.95954895019531, -6.458744049072266], [104.04289245605469, -6.458744049072266], [104.04289245605469, -6.542079925537109]]], [[[103.62617492675781, -6.125400543212891], [103.70951843261719, -6.125400543212891], [103.70951843261719, -6.208736419677734], [103.87620544433594, -6.208736419677734], [103.87620544433594, -6.625415802001953], [103.62617492675781, -6.625415802001953], [103.62617492675781, -6.125400543212891]]], [[[94.29170227050781, 5.458286285400391], [94.29170227050781, 5.374950408935547], [94.20835876464844, 5.374950408935547], [94.20835876464844, 5.458286285400391], [94.29170227050781, 5.458286285400391]]], [[[106.20982360839844, -11.708904266357422], [106.29316711425781, -11.708904266357422], [106.29316711425781, -11.958911895751953], [105.45973205566406, -11.958911895751953], [105.45973205566406, -11.87557601928711], [105.54307556152344, -11.87557601928711], [105.54307556152344, -11.625568389892578], [105.62641906738281, -11.625568389892578], [105.62641906738281, -11.45889663696289], [105.70976257324219, -11.45889663696289], [105.70976257324219, -11.375560760498047], [105.79310607910156, -11.375560760498047], [105.79310607910156, -11.292224884033203], [105.87644958496094, -11.292224884033203], [105.87644958496094, -11.375560760498047], [106.12648010253906, -11.375560760498047], [106.12648010253906, -11.45889663696289], [106.20982360839844, -11.45889663696289], [106.20982360839844, -11.708904266357422]]], [[[114.62751770019531, -11.042217254638672], [114.71086120605469, -11.042217254638672], [114.71086120605469, -11.292224884033203], [114.54417419433594, -11.292224884033203], [114.54417419433594, -11.20888900756836], [114.37748718261719, -11.20888900756836], [114.37748718261719, -11.125553131103516], [114.29414367675781, -11.125553131103516], [114.29414367675781, -10.875545501708984], [114.21080017089844, -10.875545501708984], [114.21080017089844, -10.79220962524414], [114.29414367675781, -10.79220962524414], [114.29414367675781, -10.54220199584961], [114.46083068847656, -10.54220199584961], [114.46083068847656, -10.708873748779297], [114.54417419433594, -10.708873748779297], [114.54417419433594, -10.875545501708984], [114.62751770019531, -10.875545501708984], [114.62751770019531, -11.042217254638672]]], [[[112.12721252441406, -8.54214096069336], [112.12721252441406, -8.458805084228516], [112.54393005371094, -8.458805084228516], [112.54393005371094, -8.54214096069336], [112.87730407714844, -8.54214096069336], [112.87730407714844, -8.625476837158203], [113.21067810058594, -8.625476837158203], [113.21067810058594, -8.79214859008789], [113.12733459472656, -8.79214859008789], [113.12733459472656, -8.708812713623047], [113.04399108886719, -8.708812713623047], [113.04399108886719, -8.79214859008789], [112.87730407714844, -8.79214859008789], [112.87730407714844, -8.708812713623047], [112.71061706542969, -8.708812713623047], [112.71061706542969, -8.79214859008789], [112.62727355957031, -8.79214859008789], [112.62727355957031, -8.875484466552734], [112.54393005371094, -8.875484466552734], [112.54393005371094, -8.958820343017578], [112.46058654785156, -8.958820343017578], [112.46058654785156, -9.042156219482422], [112.29389953613281, -9.042156219482422], [112.29389953613281, -9.125492095947266], [112.21055603027344, -9.125492095947266], [112.21055603027344, -9.042156219482422], [112.12721252441406, -9.042156219482422], [112.12721252441406, -9.125492095947266], [112.04386901855469, -9.125492095947266], [112.04386901855469, -9.042156219482422], [111.62715148925781, -9.042156219482422], [111.62715148925781, -9.125492095947266], [111.46046447753906, -9.125492095947266], [111.46046447753906, -9.20882797241211], [111.37712097167969, -9.20882797241211], [111.37712097167969, -9.375499725341797], [111.12709045410156, -9.375499725341797], [111.12709045410156, -9.708843231201172], [111.04374694824219, -9.708843231201172], [111.04374694824219, -9.792179107666016], [110.87705993652344, -9.792179107666016], [110.87705993652344, -9.87551498413086], [110.79371643066406, -9.87551498413086], [110.79371643066406, -9.958850860595703], [110.62702941894531, -9.958850860595703], [110.62702941894531, -10.042186737060547], [110.46034240722656, -10.042186737060547], [110.46034240722656, -10.12552261352539], [110.29365539550781, -10.12552261352539], [110.29365539550781, -10.208858489990234], [110.21031188964844, -10.208858489990234], [110.21031188964844, -10.292194366455078], [110.04362487792969, -10.292194366455078], [110.04362487792969, -10.375530242919922], [109.96028137207031, -10.375530242919922], [109.96028137207031, -10.458866119384766], [109.87693786621094, -10.458866119384766], [109.87693786621094, -10.875545501708984], [109.79359436035156, -10.875545501708984], [109.79359436035156, -11.042217254638672], [109.87693786621094, -11.042217254638672], [109.87693786621094, -11.125553131103516], [110.54368591308594, -11.125553131103516], [110.54368591308594, -11.20888900756836], [110.46034240722656, -11.20888900756836], [110.46034240722656, -11.292224884033203], [110.29365539550781, -11.292224884033203], [110.29365539550781, -11.375560760498047], [110.21031188964844, -11.375560760498047], [110.21031188964844, -11.45889663696289], [110.12696838378906, -11.45889663696289], [110.12696838378906, -11.625568389892578], [110.62702941894531, -11.625568389892578], [110.62702941894531, -11.87557601928711], [110.37699890136719, -11.87557601928711], [110.37699890136719, -11.958911895751953], [107.62666320800781, -11.958911895751953], [107.62666320800781, -11.708904266357422], [107.71000671386719, -11.708904266357422], [107.71000671386719, -11.542232513427734], [107.79335021972656, -11.542232513427734], [107.79335021972656, -11.45889663696289], [107.87669372558594, -11.45889663696289], [107.87669372558594, -11.292224884033203], [107.96003723144531, -11.292224884033203], [107.96003723144531, -11.20888900756836], [108.04338073730469, -11.20888900756836], [108.04338073730469, -11.125553131103516], [108.37675476074219, -11.125553131103516], [108.37675476074219, -11.042217254638672], [108.46009826660156, -11.042217254638672], [108.46009826660156, -10.958881378173828], [108.54344177246094, -10.958881378173828], [108.54344177246094, -10.79220962524414], [108.62678527832031, -10.79220962524414], [108.62678527832031, -10.708873748779297], [108.71012878417969, -10.708873748779297], [108.71012878417969, -10.54220199584961], [108.79347229003906, -10.54220199584961], [108.79347229003906, -10.458866119384766], [108.87681579589844, -10.458866119384766], [108.87681579589844, -10.375530242919922], [108.96015930175781, -10.375530242919922], [108.96015930175781, -10.292194366455078], [109.04350280761719, -10.292194366455078], [109.04350280761719, -10.208858489990234], [109.12684631347656, -10.208858489990234], [109.12684631347656, -10.12552261352539], [109.21018981933594, -10.12552261352539], [109.21018981933594, -10.042186737060547], [109.29353332519531, -10.042186737060547], [109.29353332519531, -9.958850860595703], [109.37687683105469, -9.958850860595703], [109.37687683105469, -9.87551498413086], [109.46022033691406, -9.87551498413086], [109.46022033691406, -9.792179107666016], [109.62690734863281, -9.792179107666016], [109.62690734863281, -9.708843231201172], [109.71025085449219, -9.708843231201172], [109.71025085449219, -9.625507354736328], [109.79359436035156, -9.625507354736328], [109.79359436035156, -9.542171478271484], [109.87693786621094, -9.542171478271484], [109.87693786621094, -9.45883560180664], [109.96028137207031, -9.45883560180664], [109.96028137207031, -9.375499725341797], [110.12696838378906, -9.375499725341797], [110.12696838378906, -9.292163848876953], [110.29365539550781, -9.292163848876953], [110.29365539550781, -9.20882797241211], [110.46034240722656, -9.20882797241211], [110.46034240722656, -9.125492095947266], [110.62702941894531, -9.125492095947266], [110.62702941894531, -9.042156219482422], [110.79371643066406, -9.042156219482422], [110.79371643066406, -8.958820343017578], [110.96040344238281, -8.958820343017578], [110.96040344238281, -8.875484466552734], [111.21043395996094, -8.875484466552734], [111.21043395996094, -8.79214859008789], [111.37712097167969, -8.79214859008789], [111.37712097167969, -8.708812713623047], [111.29377746582031, -8.708812713623047], [111.29377746582031, -8.625476837158203], [111.37712097167969, -8.625476837158203], [111.37712097167969, -8.54214096069336], [111.46046447753906, -8.54214096069336], [111.46046447753906, -8.458805084228516], [111.62715148925781, -8.458805084228516], [111.62715148925781, -8.625476837158203], [111.87718200683594, -8.625476837158203], [111.87718200683594, -8.54214096069336], [112.12721252441406, -8.54214096069336]]], [[[114.12745666503906, -10.12552261352539], [114.29414367675781, -10.12552261352539], [114.29414367675781, -10.292194366455078], [114.21080017089844, -10.292194366455078], [114.21080017089844, -10.208858489990234], [114.12745666503906, -10.208858489990234], [114.12745666503906, -10.12552261352539]]], [[[115.79432678222656, -9.125492095947266], [115.71098327636719, -9.125492095947266], [115.71098327636719, -10.292194366455078], [115.62763977050781, -10.292194366455078], [115.62763977050781, -10.875545501708984], [115.54429626464844, -10.875545501708984], [115.54429626464844, -10.958881378173828], [115.37760925292969, -10.958881378173828], [115.37760925292969, -11.125553131103516], [115.29426574707031, -11.125553131103516], [115.29426574707031, -11.20888900756836], [115.21092224121094, -11.20888900756836], [115.21092224121094, -11.292224884033203], [114.96089172363281, -11.292224884033203], [114.96089172363281, -11.20888900756836], [114.87754821777344, -11.20888900756836], [114.87754821777344, -11.125553131103516], [114.79420471191406, -11.125553131103516], [114.79420471191406, -10.79220962524414], [114.87754821777344, -10.79220962524414], [114.87754821777344, -10.625537872314453], [114.96089172363281, -10.625537872314453], [114.96089172363281, -10.54220199584961], [115.04423522949219, -10.54220199584961], [115.04423522949219, -10.458866119384766], [115.21092224121094, -10.458866119384766], [115.21092224121094, -10.375530242919922], [115.29426574707031, -10.375530242919922], [115.29426574707031, -10.292194366455078], [115.37760925292969, -10.292194366455078], [115.37760925292969, -10.12552261352539], [115.29426574707031, -10.12552261352539], [115.29426574707031, -9.87551498413086], [115.21092224121094, -9.87551498413086], [115.21092224121094, -9.792179107666016], [115.29426574707031, -9.792179107666016], [115.29426574707031, -9.542171478271484], [115.37760925292969, -9.542171478271484], [115.37760925292969, -9.45883560180664], [115.46095275878906, -9.45883560180664], [115.46095275878906, -9.292163848876953], [115.54429626464844, -9.292163848876953], [115.54429626464844, -8.875484466552734], [115.62763977050781, -8.875484466552734], [115.62763977050781, -8.625476837158203], [115.79432678222656, -8.625476837158203], [115.79432678222656, -8.708812713623047], [115.87767028808594, -8.708812713623047], [115.87767028808594, -8.79214859008789], [115.79432678222656, -8.79214859008789], [115.79432678222656, -9.125492095947266]]], [[[115.21092224121094, -9.87551498413086], [115.21092224121094, -9.958850860595703], [115.12757873535156, -9.958850860595703], [115.12757873535156, -9.87551498413086], [115.21092224121094, -9.87551498413086]]], [[[105.12635803222656, -9.625507354736328], [105.20970153808594, -9.625507354736328], [105.20970153808594, -9.792179107666016], [105.37638854980469, -9.792179107666016], [105.37638854980469, -9.87551498413086], [105.12635803222656, -9.87551498413086], [105.12635803222656, -9.625507354736328]]], [[[113.96076965332031, -9.625507354736328], [114.12745666503906, -9.625507354736328], [114.12745666503906, -9.708843231201172], [114.04411315917969, -9.708843231201172], [114.04411315917969, -9.792179107666016], [113.96076965332031, -9.792179107666016], [113.96076965332031, -10.042186737060547], [113.71073913574219, -10.042186737060547], [113.71073913574219, -9.958850860595703], [113.54405212402344, -9.958850860595703], [113.54405212402344, -9.87551498413086], [113.37736511230469, -9.87551498413086], [113.37736511230469, -9.792179107666016], [113.29402160644531, -9.792179107666016], [113.29402160644531, -9.542171478271484], [113.37736511230469, -9.542171478271484], [113.37736511230469, -9.45883560180664], [113.46070861816406, -9.45883560180664], [113.46070861816406, -9.375499725341797], [113.54405212402344, -9.375499725341797], [113.54405212402344, -9.45883560180664], [113.87742614746094, -9.45883560180664], [113.87742614746094, -9.542171478271484], [113.96076965332031, -9.542171478271484], [113.96076965332031, -9.625507354736328]], [[113.79408264160156, -9.542171478271484], [113.79408264160156, -9.625507354736328], [113.87742614746094, -9.625507354736328], [113.87742614746094, -9.542171478271484], [113.79408264160156, -9.542171478271484]]], [[[113.12733459472656, -9.625507354736328], [113.12733459472656, -9.45883560180664], [113.29402160644531, -9.45883560180664], [113.29402160644531, -9.542171478271484], [113.21067810058594, -9.542171478271484], [113.21067810058594, -9.625507354736328], [113.12733459472656, -9.625507354736328]]], [[[115.12757873535156, -9.45883560180664], [115.04423522949219, -9.45883560180664], [115.04423522949219, -9.375499725341797], [115.12757873535156, -9.375499725341797], [115.12757873535156, -9.45883560180664]]], [[[105.37638854980469, -9.375499725341797], [105.12635803222656, -9.375499725341797], [105.12635803222656, -9.125492095947266], [105.54307556152344, -9.125492095947266], [105.54307556152344, -9.20882797241211], [105.45973205566406, -9.20882797241211], [105.45973205566406, -9.292163848876953], [105.37638854980469, -9.292163848876953], [105.37638854980469, -9.375499725341797]]], [[[115.04423522949219, -9.125492095947266], [115.04423522949219, -9.292163848876953], [114.96089172363281, -9.292163848876953], [114.96089172363281, -9.125492095947266], [114.87754821777344, -9.125492095947266], [114.87754821777344, -8.79214859008789], [115.04423522949219, -8.79214859008789], [115.04423522949219, -8.875484466552734], [115.12757873535156, -8.875484466552734], [115.12757873535156, -9.125492095947266], [115.04423522949219, -9.125492095947266]]], [[[105.12635803222656, -9.125492095947266], [104.87632751464844, -9.125492095947266], [104.87632751464844, -8.875484466552734], [105.12635803222656, -8.875484466552734], [105.12635803222656, -9.125492095947266]]], [[[110.87705993652344, -8.458805084228516], [110.79371643066406, -8.458805084228516], [110.79371643066406, -8.375469207763672], [110.87705993652344, -8.375469207763672], [110.87705993652344, -8.458805084228516]]], [[[108.12672424316406, -7.875453948974609], [108.12672424316406, -7.958789825439453], [107.37663269042969, -7.958789825439453], [107.37663269042969, -7.875453948974609], [107.04325866699219, -7.875453948974609], [107.04325866699219, -7.792118072509766], [107.20994567871094, -7.792118072509766], [107.20994567871094, -7.708782196044922], [107.37663269042969, -7.708782196044922], [107.37663269042969, -7.625446319580078], [107.54331970214844, -7.625446319580078], [107.54331970214844, -7.792118072509766], [107.62666320800781, -7.792118072509766], [107.62666320800781, -7.875453948974609], [108.12672424316406, -7.875453948974609]]], [[[106.54319763183594, -7.458774566650391], [106.37651062011719, -7.458774566650391], [106.37651062011719, -7.375438690185547], [106.54319763183594, -7.375438690185547], [106.54319763183594, -7.458774566650391]]], [[[117.79457092285156, -10.708873748779297], [117.62788391113281, -10.708873748779297], [117.62788391113281, -10.79220962524414], [117.46119689941406, -10.79220962524414], [117.46119689941406, -10.875545501708984], [117.29450988769531, -10.875545501708984], [117.29450988769531, -10.958881378173828], [116.96113586425781, -10.958881378173828], [116.96113586425781, -10.79220962524414], [116.87779235839844, -10.79220962524414], [116.87779235839844, -10.458866119384766], [116.96113586425781, -10.458866119384766], [116.96113586425781, -10.375530242919922], [117.21116638183594, -10.375530242919922], [117.21116638183594, -10.292194366455078], [118.12794494628906, -10.292194366455078], [118.12794494628906, -10.54220199584961], [118.04460144042969, -10.54220199584961], [118.04460144042969, -10.625537872314453], [117.79457092285156, -10.625537872314453], [117.79457092285156, -10.708873748779297]]], [[[118.62800598144531, -9.375499725341797], [118.62800598144531, -9.45883560180664], [118.37797546386719, -9.45883560180664], [118.37797546386719, -9.375499725341797], [118.46131896972656, -9.375499725341797], [118.46131896972656, -9.20882797241211], [118.37797546386719, -9.20882797241211], [118.37797546386719, -9.125492095947266], [118.87803649902344, -9.125492095947266], [118.87803649902344, -9.45883560180664], [118.71134948730469, -9.45883560180664], [118.71134948730469, -9.375499725341797], [118.62800598144531, -9.375499725341797]]], [[[116.46107482910156, -8.958820343017578], [116.62776184082031, -8.958820343017578], [116.62776184082031, -9.20882797241211], [116.54441833496094, -9.20882797241211], [116.54441833496094, -9.042156219482422], [116.46107482910156, -9.042156219482422], [116.46107482910156, -8.958820343017578]]], [[[124.12867736816406, -9.125492095947266], [124.04533386230469, -9.125492095947266], [124.04533386230469, -9.042156219482422], [124.12867736816406, -9.042156219482422], [124.12867736816406, -9.125492095947266]]], [[[123.79530334472656, -8.625476837158203], [123.79530334472656, -8.875484466552734], [123.71195983886719, -8.875484466552734], [123.71195983886719, -8.625476837158203], [123.79530334472656, -8.625476837158203]]], [[[127.12904357910156, 2.8748741149902344], [126.62898254394531, 2.8748741149902344], [126.62898254394531, 2.958209991455078], [127.12904357910156, 2.958209991455078], [127.12904357910156, 2.8748741149902344]]], [[[127.62910461425781, 3.1248817443847656], [127.54576110839844, 3.1248817443847656], [127.54576110839844, 3.2082176208496094], [127.62910461425781, 3.2082176208496094], [127.62910461425781, 3.1248817443847656]]], [[[126.46229553222656, 3.291553497314453], [126.46229553222656, 3.1248817443847656], [126.37895202636719, 3.1248817443847656], [126.37895202636719, 3.291553497314453], [126.46229553222656, 3.291553497314453]]], [[[126.87901306152344, 3.1248817443847656], [126.62898254394531, 3.1248817443847656], [126.62898254394531, 3.374889373779297], [126.87901306152344, 3.374889373779297], [126.87901306152344, 3.1248817443847656]]], [[[126.37895202636719, 3.624897003173828], [126.62898254394531, 3.624897003173828], [126.62898254394531, 3.374889373779297], [126.37895202636719, 3.374889373779297], [126.37895202636719, 3.624897003173828]]], [[[126.29560852050781, 3.8749046325683594], [126.29560852050781, 3.624897003173828], [126.12892150878906, 3.624897003173828], [126.12892150878906, 3.8749046325683594], [126.29560852050781, 3.8749046325683594]]], [[[133.87986755371094, 4.624927520751953], [133.3798065185547, 4.624927520751953], [133.3798065185547, 4.874935150146484], [133.46315002441406, 4.874935150146484], [133.46315002441406, 4.791599273681641], [133.7131805419922, 4.791599273681641], [133.7131805419922, 4.708263397216797], [133.87986755371094, 4.708263397216797], [133.87986755371094, 4.624927520751953]]], [[[130.79615783691406, 6.291645050048828], [131.0461883544922, 6.291645050048828], [131.0461883544922, 6.208309173583984], [131.21287536621094, 6.208309173583984], [131.21287536621094, 6.124973297119141], [131.3795623779297, 6.124973297119141], [131.3795623779297, 6.041637420654297], [131.54624938964844, 6.041637420654297], [131.54624938964844, 5.958301544189453], [131.7129364013672, 5.958301544189453], [131.7129364013672, 5.874965667724609], [131.79627990722656, 5.874965667724609], [131.79627990722656, 5.791629791259766], [131.87962341308594, 5.791629791259766], [131.87962341308594, 5.708293914794922], [131.9629669189453, 5.708293914794922], [131.9629669189453, 5.624958038330078], [132.0463104248047, 5.624958038330078], [132.0463104248047, 5.541622161865234], [132.12965393066406, 5.541622161865234], [132.12965393066406, 5.458286285400391], [132.2963409423828, 5.458286285400391], [132.2963409423828, 5.374950408935547], [132.3796844482422, 5.374950408935547], [132.3796844482422, 5.291614532470703], [132.54637145996094, 5.291614532470703], [132.54637145996094, 5.208278656005859], [132.6297149658203, 5.208278656005859], [132.6297149658203, 5.124942779541016], [132.79640197753906, 5.124942779541016], [132.79640197753906, 5.041606903076172], [132.87974548339844, 5.041606903076172], [132.87974548339844, 4.708263397216797], [132.9630889892578, 4.708263397216797], [132.9630889892578, 4.624927520751953], [133.21311950683594, 4.624927520751953], [133.21311950683594, 4.541591644287109], [133.3798065185547, 4.541591644287109], [133.3798065185547, 4.374919891357422], [131.87962341308594, 4.374919891357422], [131.87962341308594, 4.208248138427734], [131.79627990722656, 4.208248138427734], [131.79627990722656, 4.291584014892578], [131.7129364013672, 4.291584014892578], [131.7129364013672, 4.374919891357422], [131.6295928955078, 4.374919891357422], [131.6295928955078, 4.124912261962891], [131.54624938964844, 4.124912261962891], [131.54624938964844, 4.208248138427734], [131.3795623779297, 4.208248138427734], [131.3795623779297, 4.291584014892578], [131.2962188720703, 4.291584014892578], [131.2962188720703, 4.374919891357422], [131.21287536621094, 4.374919891357422], [131.21287536621094, 4.458255767822266], [130.9628448486328, 4.458255767822266], [130.9628448486328, 4.541591644287109], [130.6294708251953, 4.541591644287109], [130.6294708251953, 4.624927520751953], [131.12953186035156, 4.624927520751953], [131.12953186035156, 4.708263397216797], [130.9628448486328, 4.708263397216797], [130.9628448486328, 4.791599273681641], [130.7128143310547, 4.791599273681641], [130.7128143310547, 4.874935150146484], [130.54612731933594, 4.874935150146484], [130.54612731933594, 4.958271026611328], [130.2960968017578, 4.958271026611328], [130.2960968017578, 5.124942779541016], [130.46278381347656, 5.124942779541016], [130.46278381347656, 5.208278656005859], [130.3794403076172, 5.208278656005859], [130.3794403076172, 5.291614532470703], [130.21275329589844, 5.291614532470703], [130.21275329589844, 5.374950408935547], [129.87937927246094, 5.374950408935547], [129.87937927246094, 5.124942779541016], [129.6293487548828, 5.124942779541016], [129.6293487548828, 5.291614532470703], [129.46266174316406, 5.291614532470703], [129.46266174316406, 5.208278656005859], [129.3793182373047, 5.208278656005859], [129.3793182373047, 5.041606903076172], [130.21275329589844, 5.041606903076172], [130.21275329589844, 4.874935150146484], [130.0460662841797, 4.874935150146484], [130.0460662841797, 4.791599273681641], [129.87937927246094, 4.791599273681641], [129.87937927246094, 4.708263397216797], [129.79603576660156, 4.708263397216797], [129.79603576660156, 4.624927520751953], [129.7126922607422, 4.624927520751953], [129.7126922607422, 4.458255767822266], [129.6293487548828, 4.458255767822266], [129.6293487548828, 4.374919891357422], [129.3793182373047, 4.374919891357422], [129.3793182373047, 4.124912261962891], [129.12928771972656, 4.124912261962891], [129.12928771972656, 3.8749046325683594], [128.6292266845703, 3.8749046325683594], [128.6292266845703, 3.624897003173828], [128.12916564941406, 3.624897003173828], [128.12916564941406, 3.374889373779297], [127.87913513183594, 3.374889373779297], [127.87913513183594, 3.4582252502441406], [127.96247863769531, 3.4582252502441406], [127.96247863769531, 3.958240509033203], [128.0458221435547, 3.958240509033203], [128.0458221435547, 4.124912261962891], [128.12916564941406, 4.124912261962891], [128.12916564941406, 4.374919891357422], [128.3791961669922, 4.374919891357422], [128.3791961669922, 5.124942779541016], [128.46253967285156, 5.124942779541016], [128.46253967285156, 5.291614532470703], [128.54588317871094, 5.291614532470703], [128.54588317871094, 5.541622161865234], [128.6292266845703, 5.541622161865234], [128.6292266845703, 5.624958038330078], [128.7125701904297, 5.624958038330078], [128.7125701904297, 5.708293914794922], [128.79591369628906, 5.708293914794922], [128.79591369628906, 5.791629791259766], [128.87925720214844, 5.791629791259766], [128.87925720214844, 5.874965667724609], [128.9626007080078, 5.874965667724609], [128.9626007080078, 5.958301544189453], [129.12928771972656, 5.958301544189453], [129.12928771972656, 6.041637420654297], [129.21263122558594, 6.041637420654297], [129.21263122558594, 6.124973297119141], [129.2959747314453, 6.124973297119141], [129.2959747314453, 6.208309173583984], [129.3793182373047, 6.208309173583984], [129.3793182373047, 6.291645050048828], [129.46266174316406, 6.291645050048828], [129.46266174316406, 6.374980926513672], [129.6293487548828, 6.374980926513672], [129.6293487548828, 6.458316802978516], [130.12940979003906, 6.458316802978516], [130.12940979003906, 6.624988555908203], [130.3794403076172, 6.624988555908203], [130.3794403076172, 6.458316802978516], [130.54612731933594, 6.458316802978516], [130.54612731933594, 6.374980926513672], [130.79615783691406, 6.374980926513672], [130.79615783691406, 6.291645050048828]], [[128.12916564941406, 4.041576385498047], [128.21250915527344, 4.041576385498047], [128.21250915527344, 4.124912261962891], [128.12916564941406, 4.124912261962891], [128.12916564941406, 4.041576385498047]], [[131.3795623779297, 5.874965667724609], [131.3795623779297, 5.791629791259766], [131.54624938964844, 5.791629791259766], [131.54624938964844, 5.708293914794922], [131.6295928955078, 5.708293914794922], [131.6295928955078, 5.874965667724609], [131.3795623779297, 5.874965667724609]], [[131.7129364013672, 5.624958038330078], [131.7129364013672, 5.541622161865234], [131.79627990722656, 5.541622161865234], [131.79627990722656, 5.458286285400391], [131.87962341308594, 5.458286285400391], [131.87962341308594, 5.624958038330078], [131.7129364013672, 5.624958038330078]], [[132.12965393066406, 4.624927520751953], [132.12965393066406, 4.874935150146484], [131.87962341308594, 4.874935150146484], [131.87962341308594, 4.624927520751953], [132.12965393066406, 4.624927520751953]]], [[[125.54551696777344, 5.124942779541016], [125.54551696777344, 5.041606903076172], [125.37882995605469, 5.041606903076172], [125.37882995605469, 5.124942779541016], [125.54551696777344, 5.124942779541016]]], [[[127.21238708496094, 5.958301544189453], [127.12904357910156, 5.958301544189453], [127.12904357910156, 5.791629791259766], [127.04570007324219, 5.791629791259766], [127.04570007324219, 5.624958038330078], [126.96235656738281, 5.624958038330078], [126.96235656738281, 5.541622161865234], [126.87901306152344, 5.541622161865234], [126.87901306152344, 5.374950408935547], [126.37895202636719, 5.374950408935547], [126.37895202636719, 5.291614532470703], [126.29560852050781, 5.291614532470703], [126.29560852050781, 5.208278656005859], [126.21226501464844, 5.208278656005859], [126.21226501464844, 5.124942779541016], [126.12892150878906, 5.124942779541016], [126.12892150878906, 5.041606903076172], [126.04557800292969, 5.041606903076172], [126.04557800292969, 4.874935150146484], [126.12892150878906, 4.874935150146484], [126.12892150878906, 4.791599273681641], [126.21226501464844, 4.791599273681641], [126.21226501464844, 4.541591644287109], [126.12892150878906, 4.541591644287109], [126.12892150878906, 4.124912261962891], [125.79554748535156, 4.124912261962891], [125.79554748535156, 4.291584014892578], [125.71220397949219, 4.291584014892578], [125.71220397949219, 4.624927520751953], [125.62886047363281, 4.624927520751953], [125.62886047363281, 4.874935150146484], [125.79554748535156, 4.874935150146484], [125.79554748535156, 5.041606903076172], [125.71220397949219, 5.041606903076172], [125.71220397949219, 5.291614532470703], [125.79554748535156, 5.291614532470703], [125.79554748535156, 5.374950408935547], [125.87889099121094, 5.374950408935547], [125.87889099121094, 5.708293914794922], [125.96223449707031, 5.708293914794922], [125.96223449707031, 5.874965667724609], [126.04557800292969, 5.874965667724609], [126.04557800292969, 5.958301544189453], [126.12892150878906, 5.958301544189453], [126.12892150878906, 6.124973297119141], [126.21226501464844, 6.124973297119141], [126.21226501464844, 6.374980926513672], [126.37895202636719, 6.374980926513672], [126.37895202636719, 6.708324432373047], [126.46229553222656, 6.708324432373047], [126.46229553222656, 6.958332061767578], [127.37907409667969, 6.958332061767578], [127.37907409667969, 6.291645050048828], [127.29573059082031, 6.291645050048828], [127.29573059082031, 6.124973297119141], [127.21238708496094, 6.124973297119141], [127.21238708496094, 5.958301544189453]]], [[[130.6294708251953, 6.624988555908203], [130.3794403076172, 6.624988555908203], [130.3794403076172, 6.708324432373047], [130.6294708251953, 6.708324432373047], [130.6294708251953, 6.624988555908203]]]]}}]}