{"type": "FeatureCollection", "features": [{"type": "Feature", "properties": {"date": "2026-10-01", "category_id": 0, "level": "normal", "kategori": "Aman untuk Snorkling", "color": "#00FF00"}, "geometry": {"type": "MultiPolygon", "coordinates": [[[[111.87718200683594, -11.625568389892578], [112.37724304199219, -11.625568389892578], [112.37724304199219, -11.87557601928711], [111.96052551269531, -11.87557601928711], [111.96052551269531, -11.708904266357422], [111.87718200683594, -11.708904266357422], [111.87718200683594, -11.625568389892578]]], [[[112.37724304199219, -11.125553131103516], [111.87718200683594, -11.125553131103516], [111.87718200683594, -10.875545501708984], [112.37724304199219, -10.875545501708984], [112.37724304199219, -11.125553131103516]]], [[[112.79396057128906, -10.292194366455078], [112.87730407714844, -10.292194366455078], [112.87730407714844, -10.375530242919922], [112.96064758300781, -10.375530242919922], [112.96064758300781, -10.54220199584961], [113.04399108886719, -10.54220199584961], [113.04399108886719, -10.875545501708984], [113.12733459472656, -10.875545501708984], [113.12733459472656, -11.042217254638672], [113.21067810058594, -11.042217254638672], [113.21067810058594, -11.125553131103516], [113.12733459472656, -11.125553131103516], [113.12733459472656, -11.375560760498047], [112.87730407714844, -11.375560760498047], [112.87730407714844, -11.625568389892578], [112.37724304199219, -11.625568389892578], [112.37724304199219, -11.375560760498047], [112.79396057128906, -11.375560760498047], [112.79396057128906, -11.20888900756836], [112.71061706542969, -11.20888900756836], [112.71061706542969, -10.79220962524414], [112.62727355957031, -10.79220962524414], [112.62727355957031, -10.625537872314453], [112.54393005371094, -10.625537872314453], [112.54393005371094, -10.54220199584961], [112.46058654785156, -10.54220199584961], [112.46058654785156, -10.458866119384766], [112.37724304199219, -10.458866119384766], [112.37724304199219, -10.375530242919922], [112.29389953613281, -10.375530242919922], [112.29389953613281, -10.292194366455078], [112.21055603027344, -10.292194366455078], [112.21055603027344, -10.208858489990234], [112.12721252441406, -10.208858489990234], [112.12721252441406, -10.12552261352539], [112.29389953613281, -10.12552261352539], [112.29389953613281, -10.042186737060547], [112.54393005371094, -10.042186737060547], [112.54393005371094, -10.12552261352539], [112.71061706542969, -10.12552261352539], [112.71061706542969, -10.208858489990234], [112.79396057128906, -10.208858489990234], [112.79396057128906, -10.292194366455078]]], [[[105.70976257324219, -10.54220199584961], [105.54307556152344, -10.54220199584961], [105.54307556152344, -10.458866119384766], [105.70976257324219, -10.458866119384766], [105.70976257324219, -10.54220199584961]]], [[[114.71086120605469, -9.625507354736328], [114.46083068847656, -9.625507354736328], [114.46083068847656, -9.375499725341797], [114.54417419433594, -9.375499725341797], [114.54417419433594, -9.45883560180664], [114.62751770019531, -9.45883560180664], [114.62751770019531, -9.542171478271484], [114.71086120605469, -9.542171478271484], [114.71086120605469, -9.625507354736328]]], [[[113.62739562988281, -9.292163848876953], [113.46070861816406, -9.292163848876953], [113.46070861816406, -9.125492095947266], [113.37736511230469, -9.125492095947266], [113.37736511230469, -9.042156219482422], [113.54405212402344, -9.042156219482422], [113.54405212402344, -9.125492095947266], [113.71073913574219, -9.125492095947266], [113.71073913574219, -9.20882797241211], [113.62739562988281, -9.20882797241211], [113.62739562988281, -9.292163848876953]]], [[[113.96076965332031, -8.875484466552734], [113.79408264160156, -8.875484466552734], [113.79408264160156, -8.79214859008789], [113.96076965332031, -8.79214859008789], [113.96076965332031, -8.708812713623047], [114.04411315917969, -8.708812713623047], [114.04411315917969, -8.79214859008789], [114.12745666503906, -8.79214859008789], [114.12745666503906, -8.958820343017578], [113.96076965332031, -8.958820343017578], [113.96076965332031, -8.875484466552734]]], [[[113.71073913574219, -8.708812713623047], [113.79408264160156, -8.708812713623047], [113.79408264160156, -8.79214859008789], [113.71073913574219, -8.79214859008789], [113.71073913574219, -8.708812713623047]]], [[[111.37712097167969, -8.625476837158203], [111.12709045410156, -8.625476837158203], [111.12709045410156, -8.54214096069336], [111.37712097167969, -8.54214096069336], [111.37712097167969, -8.625476837158203]]], [[[110.62702941894531, -8.458805084228516], [110.71037292480469, -8.458805084228516], [110.71037292480469, -8.54214096069336], [110.87705993652344, -8.54214096069336], [110.87705993652344, -8.625476837158203], [110.62702941894531, -8.625476837158203], [110.62702941894531, -8.458805084228516]]], [[[113.37736511230469, -8.54214096069336], [113.29402160644531, -8.54214096069336], [113.29402160644531, -8.458805084228516], [113.37736511230469, -8.458805084228516], [113.37736511230469, -8.54214096069336]]], [[[109.46022033691406, -8.12546157836914], [109.37687683105469, -8.12546157836914], [109.37687683105469, -8.042125701904297], [109.46022033691406, -8.042125701904297], [109.46022033691406, -8.12546157836914]]], [[[114.46083068847656, -5.625385284423828], [114.37748718261719, -5.625385284423828], [114.37748718261719, -5.542049407958984], [114.46083068847656, -5.542049407958984], [114.46083068847656, -5.625385284423828]]], [[[102.12599182128906, -5.125370025634766], [102.37602233886719, -5.125370025634766], [102.37602233886719, -5.542049407958984], [102.29267883300781, -5.542049407958984], [102.29267883300781, -5.458713531494141], [102.12599182128906, -5.458713531494141], [102.12599182128906, -5.125370025634766]]], [[[114.62751770019531, -5.458713531494141], [114.79420471191406, -5.458713531494141], [114.79420471191406, -5.375377655029297], [114.87754821777344, -5.375377655029297], [114.87754821777344, -5.458713531494141], [115.04423522949219, -5.458713531494141], [115.04423522949219, -5.542049407958984], [114.87754821777344, -5.542049407958984], [114.87754821777344, -5.625385284423828], [114.54417419433594, -5.625385284423828], [114.54417419433594, -5.542049407958984], [114.46083068847656, -5.542049407958984], [114.46083068847656, -5.458713531494141], [114.29414367675781, -5.458713531494141], [114.29414367675781, -5.292041778564453], [114.37748718261719, -5.292041778564453], [114.37748718261719, -5.208705902099609], [114.12745666503906, -5.208705902099609], [114.12745666503906, -5.042034149169922], [114.46083068847656, -5.042034149169922], [114.46083068847656, -5.125370025634766], [114.54417419433594, -5.125370025634766], [114.54417419433594, -5.208705902099609], [114.62751770019531, -5.208705902099609], [114.62751770019531, -5.458713531494141]]], [[[114.54417419433594, -5.125370025634766], [114.54417419433594, -5.042034149169922], [114.62751770019531, -5.042034149169922], [114.62751770019531, -5.125370025634766], [114.54417419433594, -5.125370025634766]]], [[[114.37748718261719, -4.292011260986328], [114.37748718261719, -4.375347137451172], [114.46083068847656, -4.375347137451172], [114.46083068847656, -4.458683013916016], [114.62751770019531, -4.458683013916016], [114.62751770019531, -4.542018890380859], [114.87754821777344, -4.542018890380859], [114.87754821777344, -4.625354766845703], [115.12757873535156, -4.625354766845703], [115.12757873535156, -4.708690643310547], [114.96089172363281, -4.708690643310547], [114.96089172363281, -4.792026519775391], [114.87754821777344, -4.792026519775391], [114.87754821777344, -4.875362396240234], [114.62751770019531, -4.875362396240234], [114.62751770019531, -4.958698272705078], [114.54417419433594, -4.958698272705078], [114.54417419433594, -4.792026519775391], [114.04411315917969, -4.792026519775391], [114.04411315917969, -4.708690643310547], [113.96076965332031, -4.708690643310547], [113.96076965332031, -4.625354766845703], [113.87742614746094, -4.625354766845703], [113.87742614746094, -4.542018890380859], [113.79408264160156, -4.542018890380859], [113.79408264160156, -4.458683013916016], [113.62739562988281, -4.458683013916016], [113.62739562988281, -4.375347137451172], [113.54405212402344, -4.375347137451172], [113.54405212402344, -4.292011260986328], [113.62739562988281, -4.292011260986328], [113.62739562988281, -4.208675384521484], [113.87742614746094, -4.208675384521484], [113.87742614746094, -4.292011260986328], [113.96076965332031, -4.292011260986328], [113.96076965332031, -4.208675384521484], [114.29414367675781, -4.208675384521484], [114.29414367675781, -4.292011260986328], [114.37748718261719, -4.292011260986328]], [[114.37748718261719, -4.458683013916016], [114.37748718261719, -4.542018890380859], [114.46083068847656, -4.542018890380859], [114.46083068847656, -4.458683013916016], [114.37748718261719, -4.458683013916016]]], [[[118.21128845214844, -4.625354766845703], [118.12794494628906, -4.625354766845703], [118.12794494628906, -4.458683013916016], [118.21128845214844, -4.458683013916016], [118.21128845214844, -4.625354766845703]]], [[[113.54405212402344, -4.208675384521484], [113.46070861816406, -4.208675384521484], [113.46070861816406, -4.125339508056641], [113.54405212402344, -4.125339508056641], [113.54405212402344, -4.208675384521484]]], [[[114.54417419433594, -3.8753318786621094], [114.37748718261719, -3.8753318786621094], [114.37748718261719, -3.708660125732422], [114.54417419433594, -3.708660125732422], [114.54417419433594, -3.8753318786621094]]], [[[143.0476531982422, -12.042247772216797], [93.95832824707031, -12.042247772216797], [93.95832824707031, 7.041667938232422], [143.0476531982422, 7.041667938232422], [143.0476531982422, -12.042247772216797]], [[94.04167175292969, 6.958332061767578], [94.04167175292969, 6.458316802978516], [94.12501525878906, 6.458316802978516], [94.12501525878906, 6.791660308837891], [94.20835876464844, 6.791660308837891], [94.20835876464844, 6.958332061767578], [94.04167175292969, 6.958332061767578]], [[126.29560852050781, 6.624988555908203], [126.29560852050781, 6.458316802978516], [126.21226501464844, 6.458316802978516], [126.21226501464844, 6.291645050048828], [126.12892150878906, 6.291645050048828], [126.12892150878906, 6.124973297119141], [126.04557800292969, 6.124973297119141], [126.04557800292969, 5.958301544189453], [125.96223449707031, 5.958301544189453], [125.96223449707031, 5.791629791259766], [125.87889099121094, 5.791629791259766], [125.87889099121094, 5.624958038330078], [125.79554748535156, 5.624958038330078], [125.79554748535156, 5.541622161865234], [125.71220397949219, 5.541622161865234], [125.71220397949219, 5.458286285400391], [125.62886047363281, 5.458286285400391], [125.62886047363281, 5.374950408935547], [125.54551696777344, 5.374950408935547], [125.54551696777344, 5.291614532470703], [125.37882995605469, 5.291614532470703], [125.37882995605469, 5.208278656005859], [125.29548645019531, 5.208278656005859], [125.29548645019531, 5.124942779541016], [124.87876892089844, 5.124942779541016], [124.87876892089844, 5.041606903076172], [124.46205139160156, 5.041606903076172], [124.46205139160156, 4.958271026611328], [124.12867736816406, 4.958271026611328], [124.12867736816406, 4.874935150146484], [124.62873840332031, 4.874935150146484], [124.62873840332031, 4.791599273681641], [125.04545593261719, 4.791599273681641], [125.04545593261719, 4.874935150146484], [125.21214294433594, 4.874935150146484], [125.21214294433594, 4.958271026611328], [125.54551696777344, 4.958271026611328], [125.54551696777344, 4.791599273681641], [125.62886047363281, 4.791599273681641], [125.62886047363281, 4.708263397216797], [125.54551696777344, 4.708263397216797], [125.54551696777344, 4.624927520751953], [125.71220397949219, 4.624927520751953], [125.71220397949219, 3.958240509033203], [125.62886047363281, 3.958240509033203], [125.62886047363281, 3.8749046325683594], [125.71220397949219, 3.8749046325683594], [125.71220397949219, 3.7915687561035156], [125.62886047363281, 3.7915687561035156], [125.62886047363281, 3.708232879638672], [125.71220397949219, 3.708232879638672], [125.71220397949219, 3.624897003173828], [125.79554748535156, 3.624897003173828], [125.79554748535156, 3.4582252502441406], [125.87889099121094, 3.4582252502441406], [125.87889099121094, 3.291553497314453], [125.96223449707031, 3.291553497314453], [125.96223449707031, 3.1248817443847656], [126.04557800292969, 3.1248817443847656], [126.04557800292969, 2.958209991455078], [126.12892150878906, 2.958209991455078], [126.12892150878906, 2.708202362060547], [126.21226501464844, 2.708202362060547], [126.21226501464844, 2.624866485595703], [126.29560852050781, 2.624866485595703], [126.29560852050781, 2.5415306091308594], [126.62898254394531, 2.5415306091308594], [126.62898254394531, 2.708202362060547], [126.79566955566406, 2.708202362060547], [126.79566955566406, 2.7915382385253906], [126.87901306152344, 2.7915382385253906], [126.87901306152344, 2.8748741149902344], [127.04570007324219, 2.8748741149902344], [127.04570007324219, 2.7915382385253906], [126.96235656738281, 2.7915382385253906], [126.96235656738281, 2.624866485595703], [126.87901306152344, 2.624866485595703], [126.87901306152344, 2.5415306091308594], [126.79566955566406, 2.5415306091308594], [126.79566955566406, 2.4581947326660156], [126.62898254394531, 2.4581947326660156], [126.62898254394531, 2.374858856201172], [126.54563903808594, 2.374858856201172], [126.54563903808594, 2.2081871032714844], [126.79566955566406, 2.2081871032714844], [126.79566955566406, 2.1248512268066406], [126.96235656738281, 2.1248512268066406], [126.96235656738281, 2.2081871032714844], [127.04570007324219, 2.2081871032714844], [127.04570007324219, 2.291522979736328], [127.12904357910156, 2.291522979736328], [127.12904357910156, 2.374858856201172], [127.29573059082031, 2.374858856201172], [127.29573059082031, 2.4581947326660156], [127.37907409667969, 2.4581947326660156], [127.37907409667969, 2.374858856201172], [127.62910461425781, 2.374858856201172], [127.62910461425781, 2.291522979736328], [127.71244812011719, 2.291522979736328], [127.71244812011719, 2.374858856201172], [127.79579162597656, 2.374858856201172], [127.79579162597656, 2.4581947326660156], [127.87913513183594, 2.4581947326660156], [127.87913513183594, 2.5415306091308594], [127.96247863769531, 2.5415306091308594], [127.96247863769531, 2.624866485595703], [128.0458221435547, 2.624866485595703], [128.0458221435547, 2.708202362060547], [128.12916564941406, 2.708202362060547], [128.12916564941406, 2.7915382385253906], [128.21250915527344, 2.7915382385253906], [128.21250915527344, 2.8748741149902344], [128.2958526611328, 2.8748741149902344], [128.2958526611328, 3.041545867919922], [128.3791961669922, 3.041545867919922], [128.3791961669922, 3.2082176208496094], [128.46253967285156, 3.2082176208496094], [128.46253967285156, 3.374889373779297], [128.54588317871094, 3.374889373779297], [128.54588317871094, 3.5415611267089844], [128.6292266845703, 3.5415611267089844], [128.6292266845703, 3.624897003173828], [128.7125701904297, 3.624897003173828], [128.7125701904297, 3.708232879638672], [128.79591369628906, 3.708232879638672], [128.79591369628906, 3.8749046325683594], [128.87925720214844, 3.8749046325683594], [128.87925720214844, 4.208248138427734], [128.9626007080078, 4.208248138427734], [128.9626007080078, 4.374919891357422], [129.3793182373047, 4.374919891357422], [129.3793182373047, 4.291584014892578], [129.2959747314453, 4.291584014892578], [129.2959747314453, 4.124912261962891], [129.21263122558594, 4.124912261962891], [129.21263122558594, 4.041576385498047], [129.12928771972656, 4.041576385498047], [129.12928771972656, 3.8749046325683594], [129.0459442138672, 3.8749046325683594], [129.0459442138672, 3.708232879638672], [128.9626007080078, 3.708232879638672], [128.9626007080078, 3.5415611267089844], [128.87925720214844, 3.5415611267089844], [128.87925720214844, 3.291553497314453], [128.79591369628906, 3.291553497314453], [128.79591369628906, 2.8748741149902344], [128.7125701904297, 2.8748741149902344], [128.7125701904297, 2.291522979736328], [128.9626007080078, 2.291522979736328], [128.9626007080078, 2.2081871032714844], [129.0459442138672, 2.2081871032714844], [129.0459442138672, 2.291522979736328], [129.12928771972656, 2.291522979736328], [129.12928771972656, 2.4581947326660156], [129.2959747314453, 2.4581947326660156], [129.2959747314453, 2.708202362060547], [129.3793182373047, 2.708202362060547], [129.3793182373047, 2.958209991455078], [129.46266174316406, 2.958209991455078], [129.46266174316406, 3.2082176208496094], [129.54600524902344, 3.2082176208496094], [129.54600524902344, 3.4582252502441406], [129.6293487548828, 3.4582252502441406], [129.6293487548828, 3.708232879638672], [129.7126922607422, 3.708232879638672], [129.7126922607422, 3.7915687561035156], [129.79603576660156, 3.7915687561035156], [129.79603576660156, 3.8749046325683594], [129.87937927246094, 3.8749046325683594], [129.87937927246094, 3.958240509033203], [129.9627227783203, 3.958240509033203], [129.9627227783203, 4.041576385498047], [130.0460662841797, 4.041576385498047], [130.0460662841797, 4.124912261962891], [130.12940979003906, 4.124912261962891], [130.12940979003906, 4.208248138427734], [130.21275329589844, 4.208248138427734], [130.21275329589844, 4.291584014892578], [130.3794403076172, 4.291584014892578], [130.3794403076172, 4.374919891357422], [130.7128143310547, 4.374919891357422], [130.7128143310547, 4.291584014892578], [130.87950134277344, 4.291584014892578], [130.87950134277344, 4.124912261962891], [131.2962188720703, 4.124912261962891], [131.2962188720703, 4.041576385498047], [131.46290588378906, 4.041576385498047], [131.46290588378906, 3.958240509033203], [131.54624938964844, 3.958240509033203], [131.54624938964844, 3.8749046325683594], [131.6295928955078, 3.8749046325683594], [131.6295928955078, 3.7915687561035156], [131.79627990722656, 3.7915687561035156], [131.79627990722656, 3.708232879638672], [132.3796844482422, 3.708232879638672], [132.3796844482422, 3.624897003173828], [132.54637145996094, 3.624897003173828], [132.54637145996094, 3.5415611267089844], [132.7130584716797, 3.5415611267089844], [132.7130584716797, 3.4582252502441406], [132.79640197753906, 3.4582252502441406], [132.79640197753906, 3.5415611267089844], [132.87974548339844, 3.5415611267089844], [132.87974548339844, 3.374889373779297], [132.3796844482422, 3.374889373779297], [132.3796844482422, 3.2082176208496094], [132.46302795410156, 3.2082176208496094], [132.46302795410156, 2.958209991455078], [132.3796844482422, 2.958209991455078], [132.3796844482422, 2.8748741149902344], [132.9630889892578, 2.8748741149902344], [132.9630889892578, 3.2082176208496094], [133.0464324951172, 3.2082176208496094], [133.0464324951172, 3.374889373779297], [133.12977600097656, 3.374889373779297], [133.12977600097656, 3.4582252502441406], [133.54649353027344, 3.4582252502441406], [133.54649353027344, 3.374889373779297], [133.87986755371094, 3.374889373779297], [133.87986755371094, 3.624897003173828], [134.2965850830078, 3.624897003173828], [134.2965850830078, 3.5415611267089844], [134.21324157714844, 3.5415611267089844], [134.21324157714844, 3.291553497314453], [134.54661560058594, 3.291553497314453], [134.54661560058594, 3.2082176208496094], [134.6299591064453, 3.2082176208496094], [134.6299591064453, 3.1248817443847656], [134.54661560058594, 3.1248817443847656], [134.54661560058594, 3.041545867919922], [134.46327209472656, 3.041545867919922], [134.46327209472656, 2.958209991455078], [134.2965850830078, 2.958209991455078], [134.2965850830078, 2.8748741149902344], [134.3799285888672, 2.8748741149902344], [134.3799285888672, 2.7915382385253906], [134.7133026123047, 2.7915382385253906], [134.7133026123047, 2.708202362060547], [135.21336364746094, 2.708202362060547], [135.21336364746094, 2.7915382385253906], [135.9634552001953, 2.7915382385253906], [135.9634552001953, 2.708202362060547], [136.46351623535156, 2.708202362060547], [136.46351623535156, 2.624866485595703], [136.54685974121094, 2.624866485595703], [136.54685974121094, 2.5415306091308594], [136.79689025878906, 2.5415306091308594], [136.79689025878906, 2.4581947326660156], [136.9635772705078, 2.4581947326660156], [136.9635772705078, 2.5415306091308594], [137.13026428222656, 2.5415306091308594], [137.13026428222656, 2.624866485595703], [137.21360778808594, 2.624866485595703], [137.21360778808594, 2.708202362060547], [137.2969512939453, 2.708202362060547], [137.2969512939453, 2.7915382385253906], [137.6303253173828, 2.7915382385253906], [137.6303253173828, 2.708202362060547], [137.7136688232422, 2.708202362060547], [137.7136688232422, 2.624866485595703], [137.79701232910156, 2.624866485595703], [137.79701232910156, 2.5415306091308594], [137.88035583496094, 2.5415306091308594], [137.88035583496094, 2.4581947326660156], [138.0470428466797, 2.4581947326660156], [138.0470428466797, 2.374858856201172], [138.6304473876953, 2.374858856201172], [138.6304473876953, 2.291522979736328], [139.46388244628906, 2.291522979736328], [139.46388244628906, 2.374858856201172], [139.6305694580078, 2.374858856201172], [139.6305694580078, 2.1248512268066406], [139.88059997558594, 2.1248512268066406], [139.88059997558594, 1.7915077209472656], [140.46400451660156, 1.7915077209472656], [140.46400451660156, 1.7081718444824219], [140.54734802246094, 1.7081718444824219], [140.54734802246094, 1.6248359680175781], [140.7140350341797, 1.6248359680175781], [140.7140350341797, 1.7081718444824219], [140.88072204589844, 1.7081718444824219], [140.88072204589844, 1.6248359680175781], [141.6308135986328, 1.6248359680175781], [141.6308135986328, 1.1248207092285156], [141.3807830810547, 1.1248207092285156], [141.3807830810547, 0.8748130798339844], [141.79750061035156, 0.8748130798339844], [141.79750061035156, 0.7914772033691406], [141.9641876220703, 0.7914772033691406], [141.9641876220703, 0.8748130798339844], [142.0475311279297, 0.8748130798339844], [142.0475311279297, 0.9581489562988281], [142.13087463378906, 0.9581489562988281], [142.13087463378906, 1.3748283386230469], [142.3809051513672, 1.3748283386230469], [142.3809051513672, 1.6248359680175781], [142.6309356689453, 1.6248359680175781], [142.6309356689453, 1.3748283386230469], [142.9643096923828, 1.3748283386230469], [142.9643096923828, 4.791599273681641], [142.79762268066406, 4.791599273681641], [142.79762268066406, 4.708263397216797], [142.6309356689453, 4.708263397216797], [142.6309356689453, 4.624927520751953], [142.46424865722656, 4.624927520751953], [142.46424865722656, 4.541591644287109], [142.2975616455078, 4.541591644287109], [142.2975616455078, 4.458255767822266], [142.0475311279297, 4.458255767822266], [142.0475311279297, 4.374919891357422], [141.7141571044922, 4.374919891357422], [141.7141571044922, 4.458255767822266], [141.46412658691406, 4.458255767822266], [141.46412658691406, 4.541591644287109], [141.2974395751953, 4.541591644287109], [141.2974395751953, 4.624927520751953], [141.13075256347656, 4.624927520751953], [141.13075256347656, 4.708263397216797], [140.9640655517578, 4.708263397216797], [140.9640655517578, 4.791599273681641], [140.6306915283203, 4.791599273681641], [140.6306915283203, 4.874935150146484], [140.3806610107422, 4.874935150146484], [140.3806610107422, 4.958271026611328], [140.13063049316406, 4.958271026611328], [140.13063049316406, 5.041606903076172], [139.79725646972656, 5.041606903076172], [139.79725646972656, 5.124942779541016], [139.6305694580078, 5.124942779541016], [139.6305694580078, 5.208278656005859], [139.54722595214844, 5.208278656005859], [139.54722595214844, 5.291614532470703], [139.46388244628906, 5.291614532470703], [139.46388244628906, 5.374950408935547], [139.3805389404297, 5.374950408935547], [139.3805389404297, 5.624958038330078], [138.9638214111328, 5.624958038330078], [138.9638214111328, 6.291645050048828], [138.88047790527344, 6.291645050048828], [138.88047790527344, 6.374980926513672], [138.79713439941406, 6.374980926513672], [138.79713439941406, 6.291645050048828], [138.7137908935547, 6.291645050048828], [138.7137908935547, 6.208309173583984], [138.6304473876953, 6.208309173583984], [138.6304473876953, 6.124973297119141], [138.3804168701172, 6.124973297119141], [138.3804168701172, 6.208309173583984], [138.2970733642578, 6.208309173583984], [138.2970733642578, 6.291645050048828], [138.21372985839844, 6.291645050048828], [138.21372985839844, 6.874996185302734], [138.2970733642578, 6.874996185302734], [138.2970733642578, 6.958332061767578], [134.87998962402344, 6.958332061767578], [134.87998962402344, 6.874996185302734], [134.6299591064453, 6.874996185302734], [134.6299591064453, 6.541652679443359], [134.7133026123047, 6.541652679443359], [134.7133026123047, 6.458316802978516], [134.79664611816406, 6.458316802978516], [134.79664611816406, 6.374980926513672], [134.87998962402344, 6.374980926513672], [134.87998962402344, 6.291645050048828], [135.0466766357422, 6.291645050048828], [135.0466766357422, 6.208309173583984], [135.13002014160156, 6.208309173583984], [135.13002014160156, 6.124973297119141], [135.88011169433594, 6.124973297119141], [135.88011169433594, 6.374980926513672], [135.7134246826172, 6.374980926513672], [135.7134246826172, 6.458316802978516], [135.88011169433594, 6.458316802978516], [135.88011169433594, 6.541652679443359], [135.9634552001953, 6.541652679443359], [135.9634552001953, 6.624988555908203], [136.2968292236328, 6.624988555908203], [136.2968292236328, 6.374980926513672], [136.3801727294922, 6.374980926513672], [136.3801727294922, 6.291645050048828], [136.46351623535156, 6.291645050048828], [136.46351623535156, 6.208309173583984], [136.54685974121094, 6.208309173583984], [136.54685974121094, 6.124973297119141], [136.79689025878906, 6.124973297119141], [136.79689025878906, 6.208309173583984], [137.46363830566406, 6.208309173583984], [137.46363830566406, 6.041637420654297], [137.54698181152344, 6.041637420654297], [137.54698181152344, 5.958301544189453], [137.6303253173828, 5.958301544189453], [137.6303253173828, 5.874965667724609], [137.7136688232422, 5.874965667724609], [137.7136688232422, 5.791629791259766], [137.79701232910156, 5.791629791259766], [137.79701232910156, 5.708293914794922], [137.88035583496094, 5.708293914794922], [137.88035583496094, 5.624958038330078], [137.9636993408203, 5.624958038330078], [137.9636993408203, 5.541622161865234], [138.13038635253906, 5.541622161865234], [138.13038635253906, 5.458286285400391], [138.21372985839844, 5.458286285400391], [138.21372985839844, 5.291614532470703], [137.54698181152344, 5.291614532470703], [137.54698181152344, 5.208278656005859], [137.3802947998047, 5.208278656005859], [137.3802947998047, 5.124942779541016], [137.88035583496094, 5.124942779541016], [137.88035583496094, 4.874935150146484], [138.3804168701172, 4.874935150146484], [138.3804168701172, 4.624927520751953], [138.88047790527344, 4.624927520751953], [138.88047790527344, 4.374919891357422], [138.79713439941406, 4.374919891357422], [138.79713439941406, 4.458255767822266], [138.2970733642578, 4.458255767822266], [138.2970733642578, 4.374919891357422], [138.13038635253906, 4.374919891357422], [138.13038635253906, 4.291584014892578], [137.9636993408203, 4.291584014892578], [137.9636993408203, 4.208248138427734], [137.79701232910156, 4.208248138427734], [137.79701232910156, 4.291584014892578], [137.54698181152344, 4.291584014892578], [137.54698181152344, 4.374919891357422], [137.46363830566406, 4.374919891357422], [137.46363830566406, 4.458255767822266], [137.3802947998047, 4.458255767822266], [137.3802947998047, 4.374919891357422], [137.13026428222656, 4.374919891357422], [137.13026428222656, 4.124912261962891], [136.88023376464844, 4.124912261962891], [136.88023376464844, 3.8749046325683594], [137.13026428222656, 3.8749046325683594], [137.13026428222656, 3.7915687561035156], [136.9635772705078, 3.7915687561035156], [136.9635772705078, 3.708232879638672], [136.6302032470703, 3.708232879638672], [136.6302032470703, 3.8749046325683594], [136.54685974121094, 3.8749046325683594], [136.54685974121094, 3.958240509033203], [136.3801727294922, 3.958240509033203], [136.3801727294922, 4.374919891357422], [136.7135467529297, 4.374919891357422], [136.7135467529297, 4.458255767822266], [136.0467987060547, 4.458255767822266], [136.0467987060547, 4.541591644287109], [135.6300811767578, 4.541591644287109], [135.6300811767578, 4.624927520751953], [134.87998962402344, 4.624927520751953], [134.87998962402344, 4.374919891357422], [133.87986755371094, 4.374919891357422], [133.87986755371094, 4.624927520751953], [133.9632110595703, 4.624927520751953], [133.9632110595703, 4.708263397216797], [133.87986755371094, 4.708263397216797], [133.87986755371094, 4.791599273681641], [133.7131805419922, 4.791599273681641], [133.7131805419922, 4.874935150146484], [133.46315002441406, 4.874935150146484], [133.46315002441406, 4.958271026611328], [133.3798065185547, 4.958271026611328], [133.3798065185547, 5.041606903076172], [133.21311950683594, 5.041606903076172], [133.21311950683594, 5.124942779541016], [133.12977600097656, 5.124942779541016], [133.12977600097656, 5.208278656005859], [132.9630889892578, 5.208278656005859], [132.9630889892578, 5.291614532470703], [132.79640197753906, 5.291614532470703], [132.79640197753906, 5.374950408935547], [132.6297149658203, 5.374950408935547], [132.6297149658203, 5.458286285400391], [132.46302795410156, 5.458286285400391], [132.46302795410156, 5.541622161865234], [132.3796844482422, 5.541622161865234], [132.3796844482422, 5.624958038330078], [132.21299743652344, 5.624958038330078], [132.21299743652344, 5.708293914794922], [132.0463104248047, 5.708293914794922], [132.0463104248047, 5.791629791259766], [131.87962341308594, 5.791629791259766], [131.87962341308594, 5.874965667724609], [131.79627990722656, 5.874965667724609], [131.79627990722656, 5.958301544189453], [131.6295928955078, 5.958301544189453], [131.6295928955078, 6.041637420654297], [131.54624938964844, 6.041637420654297], [131.54624938964844, 6.124973297119141], [131.3795623779297, 6.124973297119141], [131.3795623779297, 6.208309173583984], [131.0461883544922, 6.208309173583984], [131.0461883544922, 6.291645050048828], [130.87950134277344, 6.291645050048828], [130.87950134277344, 6.374980926513672], [130.6294708251953, 6.374980926513672], [130.6294708251953, 6.458316802978516], [130.3794403076172, 6.458316802978516], [130.3794403076172, 6.541652679443359], [129.87937927246094, 6.541652679443359], [129.87937927246094, 6.458316802978516], [129.79603576660156, 6.458316802978516], [129.79603576660156, 6.374980926513672], [129.3793182373047, 6.374980926513672], [129.3793182373047, 6.291645050048828], [129.12928771972656, 6.291645050048828], [129.12928771972656, 6.208309173583984], [129.0459442138672, 6.208309173583984], [129.0459442138672, 6.124973297119141], [128.87925720214844, 6.124973297119141], [128.87925720214844, 6.041637420654297], [128.7125701904297, 6.041637420654297], [128.7125701904297, 5.958301544189453], [128.6292266845703, 5.958301544189453], [128.6292266845703, 5.874965667724609], [128.12916564941406, 5.874965667724609], [128.12916564941406, 5.624958038330078], [127.87913513183594, 5.624958038330078], [127.87913513183594, 5.374950408935547], [127.71244812011719, 5.374950408935547], [127.71244812011719, 5.041606903076172], [127.62910461425781, 5.041606903076172], [127.62910461425781, 4.624927520751953], [127.54576110839844, 4.624927520751953], [127.54576110839844, 4.458255767822266], [127.37907409667969, 4.458255767822266], [127.37907409667969, 4.541591644287109], [127.21238708496094, 4.541591644287109], [127.21238708496094, 4.624927520751953], [126.87901306152344, 4.624927520751953], [126.87901306152344, 4.458255767822266], [127.04570007324219, 4.458255767822266], [127.04570007324219, 4.374919891357422], [127.37907409667969, 4.374919891357422], [127.37907409667969, 4.041576385498047], [127.46241760253906, 4.041576385498047], [127.46241760253906, 4.124912261962891], [127.54576110839844, 4.124912261962891], [127.54576110839844, 4.208248138427734], [127.62910461425781, 4.208248138427734], [127.62910461425781, 4.041576385498047], [127.54576110839844, 4.041576385498047], [127.54576110839844, 3.8749046325683594], [127.46241760253906, 3.8749046325683594], [127.46241760253906, 3.7915687561035156], [127.37907409667969, 3.7915687561035156], [127.37907409667969, 3.708232879638672], [127.29573059082031, 3.708232879638672], [127.29573059082031, 3.5415611267089844], [127.21238708496094, 3.5415611267089844], [127.21238708496094, 3.4582252502441406], [126.87901306152344, 3.4582252502441406], [126.87901306152344, 3.5415611267089844], [126.79566955566406, 3.5415611267089844], [126.79566955566406, 3.624897003173828], [126.37895202636719, 3.624897003173828], [126.37895202636719, 4.624927520751953], [126.54563903808594, 4.624927520751953], [126.54563903808594, 4.958271026611328], [126.62898254394531, 4.958271026611328], [126.62898254394531, 5.041606903076172], [126.71232604980469, 5.041606903076172], [126.71232604980469, 5.124942779541016], [126.79566955566406, 5.124942779541016], [126.79566955566406, 5.208278656005859], [126.87901306152344, 5.208278656005859], [126.87901306152344, 5.374950408935547], [126.96235656738281, 5.374950408935547], [126.96235656738281, 5.541622161865234], [127.04570007324219, 5.541622161865234], [127.04570007324219, 5.708293914794922], [127.12904357910156, 5.708293914794922], [127.12904357910156, 5.624958038330078], [127.37907409667969, 5.624958038330078], [127.37907409667969, 5.874965667724609], [127.21238708496094, 5.874965667724609], [127.21238708496094, 5.958301544189453], [127.29573059082031, 5.958301544189453], [127.29573059082031, 6.041637420654297], [127.37907409667969, 6.041637420654297], [127.37907409667969, 6.208309173583984], [127.46241760253906, 6.208309173583984], [127.46241760253906, 6.791660308837891], [127.37907409667969, 6.791660308837891], [127.37907409667969, 6.874996185302734], [127.21238708496094, 6.874996185302734], [127.21238708496094, 6.958332061767578], [126.37895202636719, 6.958332061767578], [126.37895202636719, 6.874996185302734], [126.46229553222656, 6.874996185302734], [126.46229553222656, 6.791660308837891], [126.37895202636719, 6.791660308837891], [126.37895202636719, 6.624988555908203], [126.29560852050781, 6.624988555908203]], [[126.87901306152344, 4.874935150146484], [126.62898254394531, 4.874935150146484], [126.62898254394531, 4.624927520751953], [126.87901306152344, 4.624927520751953], [126.87901306152344, 4.874935150146484]], [[132.12965393066406, 6.874996185302734], [132.12965393066406, 6.958332061767578], [131.87962341308594, 6.958332061767578], [131.87962341308594, 6.874996185302734], [132.12965393066406, 6.874996185302734]], [[132.12965393066406, 6.624988555908203], [132.3796844482422, 6.624988555908203], [132.3796844482422, 6.874996185302734], [132.12965393066406, 6.874996185302734], [132.12965393066406, 6.624988555908203]], [[133.87986755371094, 6.958332061767578], [133.87986755371094, 6.874996185302734], [133.6298370361328, 6.874996185302734], [133.6298370361328, 6.958332061767578], [132.87974548339844, 6.958332061767578], [132.87974548339844, 6.374980926513672], [134.3799285888672, 6.374980926513672], [134.3799285888672, 6.624988555908203], [134.12989807128906, 6.624988555908203], [134.12989807128906, 6.958332061767578], [133.87986755371094, 6.958332061767578]], [[139.6305694580078, 6.374980926513672], [139.6305694580078, 6.624988555908203], [139.88059997558594, 6.624988555908203], [139.88059997558594, 6.958332061767578], [139.6305694580078, 6.958332061767578], [139.6305694580078, 6.874996185302734], [139.13050842285156, 6.874996185302734], [139.13050842285156, 6.624988555908203], [139.3805389404297, 6.624988555908203], [139.3805389404297, 6.374980926513672], [139.6305694580078, 6.374980926513672]], [[141.13075256347656, 6.874996185302734], [141.13075256347656, 6.958332061767578], [140.88072204589844, 6.958332061767578], [140.88072204589844, 6.874996185302734], [141.13075256347656, 6.874996185302734]], [[142.13087463378906, 6.624988555908203], [142.13087463378906, 6.374980926513672], [142.6309356689453, 6.374980926513672], [142.6309356689453, 6.291645050048828], [142.7142791748047, 6.291645050048828], [142.7142791748047, 6.041637420654297], [142.88096618652344, 6.041637420654297], [142.88096618652344, 5.958301544189453], [142.9643096923828, 5.958301544189453], [142.9643096923828, 6.958332061767578], [141.3807830810547, 6.958332061767578], [141.3807830810547, 6.874996185302734], [141.6308135986328, 6.874996185302734], [141.6308135986328, 6.374980926513672], [141.88084411621094, 6.374980926513672], [141.88084411621094, 6.624988555908203], [142.13087463378906, 6.624988555908203]], [[95.20848083496094, 6.874996185302734], [95.20848083496094, 6.791660308837891], [95.12513732910156, 6.791660308837891], [95.12513732910156, 6.708324432373047], [95.37516784667969, 6.708324432373047], [95.37516784667969, 6.874996185302734], [95.20848083496094, 6.874996185302734]], [[118.12794494628906, -11.958911895751953], [118.12794494628906, -11.87557601928711], [118.37797546386719, -11.87557601928711], [118.37797546386719, -11.625568389892578], [118.62800598144531, -11.625568389892578], [118.62800598144531, -11.375560760498047], [119.12806701660156, -11.375560760498047], [119.12806701660156, -11.625568389892578], [119.37809753417969, -11.625568389892578], [119.37809753417969, -11.87557601928711], [119.62812805175781, -11.87557601928711], [119.62812805175781, -11.958911895751953], [120.21153259277344, -11.958911895751953], [120.21153259277344, -11.87557601928711], [120.37821960449219, -11.87557601928711], [120.37821960449219, -11.542232513427734], [120.29487609863281, -11.542232513427734], [120.29487609863281, -11.45889663696289], [120.21153259277344, -11.45889663696289], [120.21153259277344, -11.292224884033203], [120.12818908691406, -11.292224884033203], [120.12818908691406, -11.20888900756836], [120.21153259277344, -11.20888900756836], [120.21153259277344, -11.125553131103516], [120.54490661621094, -11.125553131103516], [120.54490661621094, -11.042217254638672], [120.71159362792969, -11.042217254638672], [120.71159362792969, -10.958881378173828], [120.79493713378906, -10.958881378173828], [120.79493713378906, -10.875545501708984], [120.87828063964844, -10.875545501708984], [120.87828063964844, -10.79220962524414], [120.96162414550781, -10.79220962524414], [120.96162414550781, -10.875545501708984], [121.12831115722656, -10.875545501708984], [121.12831115722656, -10.79220962524414], [121.21165466308594, -10.79220962524414], [121.21165466308594, -10.708873748779297], [121.37834167480469, -10.708873748779297], [121.37834167480469, -10.79220962524414], [121.46168518066406, -10.79220962524414], [121.46168518066406, -10.708873748779297], [121.79505920410156, -10.708873748779297], [121.79505920410156, -10.625537872314453], [121.46168518066406, -10.625537872314453], [121.46168518066406, -10.54220199584961], [121.37834167480469, -10.54220199584961], [121.37834167480469, -10.375530242919922], [121.87840270996094, -10.375530242919922], [121.87840270996094, -10.208858489990234], [122.37846374511719, -10.208858489990234], [122.37846374511719, -10.375530242919922], [122.21177673339844, -10.375530242919922], [122.21177673339844, -10.458866119384766], [122.29512023925781, -10.458866119384766], [122.29512023925781, -10.54220199584961], [122.37846374511719, -10.54220199584961], [122.37846374511719, -10.875545501708984], [122.46180725097656, -10.875545501708984], [122.46180725097656, -10.958881378173828], [122.54515075683594, -10.958881378173828], [122.54515075683594, -11.125553131103516], [122.71183776855469, -11.125553131103516], [122.71183776855469, -10.875545501708984], [122.62849426269531, -10.875545501708984], [122.62849426269531, -10.625537872314453], [122.46180725097656, -10.625537872314453], [122.46180725097656, -10.54220199584961], [122.71183776855469, -10.54220199584961], [122.71183776855469, -10.458866119384766], [122.79518127441406, -10.458866119384766], [122.79518127441406, -10.375530242919922], [123.12855529785156, -10.375530242919922], [123.12855529785156, -10.12552261352539], [123.37858581542969, -10.12552261352539], [123.37858581542969, -9.708843231201172], [123.46192932128906, -9.708843231201172], [123.46192932128906, -9.542171478271484], [123.54527282714844, -9.542171478271484], [123.54527282714844, -9.625507354736328], [123.62861633300781, -9.625507354736328], [123.62861633300781, -9.542171478271484], [123.71195983886719, -9.542171478271484], [123.71195983886719, -9.45883560180664], [123.87864685058594, -9.45883560180664], [123.87864685058594, -9.375499725341797], [124.12867736816406, -9.375499725341797], [124.12867736816406, -9.125492095947266], [124.46205139160156, -9.125492095947266], [124.46205139160156, -9.042156219482422], [124.62873840332031, -9.042156219482422], [124.62873840332031, -8.875484466552734], [124.87876892089844, -8.875484466552734], [124.87876892089844, -8.79214859008789], [125.04545593261719, -8.79214859008789], [125.04545593261719, -8.875484466552734], [125.12879943847656, -8.875484466552734], [125.12879943847656, -8.625476837158203], [125.29548645019531, -8.625476837158203], [125.29548645019531, -8.54214096069336], [125.37882995605469, -8.54214096069336], [125.37882995605469, -8.292133331298828], [125.21214294433594, -8.292133331298828], [125.21214294433594, -8.458805084228516], [125.04545593261719, -8.458805084228516], [125.04545593261719, -8.54214096069336], [124.87876892089844, -8.54214096069336], [124.87876892089844, -8.458805084228516], [124.71208190917969, -8.458805084228516], [124.71208190917969, -8.54214096069336], [124.79542541503906, -8.54214096069336], [124.79542541503906, -8.625476837158203], [124.62873840332031, -8.625476837158203], [124.62873840332031, -8.708812713623047], [124.54539489746094, -8.708812713623047], [124.54539489746094, -8.79214859008789], [124.37870788574219, -8.79214859008789], [124.37870788574219, -8.875484466552734], [124.29536437988281, -8.875484466552734], [124.29536437988281, -8.958820343017578], [124.12867736816406, -8.958820343017578], [124.12867736816406, -9.042156219482422], [123.96199035644531, -9.042156219482422], [123.96199035644531, -9.125492095947266], [123.79530334472656, -9.125492095947266], [123.79530334472656, -8.375469207763672], [123.71195983886719, -8.375469207763672], [123.71195983886719, -8.458805084228516], [123.62861633300781, -8.458805084228516], [123.62861633300781, -8.958820343017578], [123.54527282714844, -8.958820343017578], [123.54527282714844, -9.125492095947266], [123.37858581542969, -9.125492095947266], [123.37858581542969, -9.20882797241211], [123.21189880371094, -9.20882797241211], [123.21189880371094, -9.292163848876953], [123.04521179199219, -9.292163848876953], [123.04521179199219, -9.375499725341797], [122.79518127441406, -9.375499725341797], [122.79518127441406, -9.45883560180664], [122.62849426269531, -9.45883560180664], [122.62849426269531, -9.542171478271484], [122.54515075683594, -9.542171478271484], [122.54515075683594, -9.625507354736328], [121.96174621582031, -9.625507354736328], [121.96174621582031, -9.708843231201172], [121.87840270996094, -9.708843231201172], [121.87840270996094, -9.625507354736328], [121.37834167480469, -9.625507354736328], [121.37834167480469, -9.708843231201172], [121.12831115722656, -9.708843231201172], [121.12831115722656, -9.792179107666016], [121.04496765136719, -9.792179107666016], [121.04496765136719, -9.87551498413086], [121.12831115722656, -9.87551498413086], [121.12831115722656, -10.12552261352539], [120.79493713378906, -10.12552261352539], [120.79493713378906, -10.208858489990234], [120.62825012207031, -10.208858489990234], [120.62825012207031, -10.375530242919922], [120.46156311035156, -10.375530242919922], [120.46156311035156, -10.458866119384766], [120.37821960449219, -10.458866119384766], [120.37821960449219, -10.708873748779297], [120.29487609863281, -10.708873748779297], [120.29487609863281, -10.79220962524414], [120.21153259277344, -10.79220962524414], [120.21153259277344, -10.875545501708984], [120.04484558105469, -10.875545501708984], [120.04484558105469, -10.79220962524414], [119.96150207519531, -10.79220962524414], [119.96150207519531, -10.708873748779297], [120.12818908691406, -10.708873748779297], [120.12818908691406, -10.458866119384766], [120.29487609863281, -10.458866119384766], [120.29487609863281, -10.375530242919922], [120.12818908691406, -10.375530242919922], [120.12818908691406, -10.12552261352539], [119.87815856933594, -10.12552261352539], [119.87815856933594, -9.958850860595703], [119.79481506347656, -9.958850860595703], [119.79481506347656, -9.87551498413086], [119.12806701660156, -9.87551498413086], [119.12806701660156, -9.708843231201172], [119.04472351074219, -9.708843231201172], [119.04472351074219, -9.625507354736328], [118.87803649902344, -9.625507354736328], [118.87803649902344, -9.375499725341797], [119.12806701660156, -9.375499725341797], [119.12806701660156, -9.125492095947266], [119.46144104003906, -9.125492095947266], [119.46144104003906, -9.20882797241211], [119.79481506347656, -9.20882797241211], [119.79481506347656, -9.292163848876953], [120.04484558105469, -9.292163848876953], [120.04484558105469, -9.20882797241211], [120.12818908691406, -9.20882797241211], [120.12818908691406, -9.125492095947266], [119.96150207519531, -9.125492095947266], [119.96150207519531, -9.042156219482422], [119.87815856933594, -9.042156219482422], [119.87815856933594, -8.958820343017578], [119.62812805175781, -8.958820343017578], [119.62812805175781, -8.875484466552734], [119.54478454589844, -8.875484466552734], [119.54478454589844, -8.958820343017578], [119.46144104003906, -8.958820343017578], [119.46144104003906, -9.042156219482422], [119.29475402832031, -9.042156219482422], [119.29475402832031, -8.79214859008789], [119.37809753417969, -8.79214859008789], [119.37809753417969, -8.708812713623047], [119.29475402832031, -8.708812713623047], [119.29475402832031, -8.625476837158203], [119.21141052246094, -8.625476837158203], [119.21141052246094, -8.79214859008789], [119.12806701660156, -8.79214859008789], [119.12806701660156, -8.875484466552734], [119.04472351074219, -8.875484466552734], [119.04472351074219, -8.958820343017578], [118.87803649902344, -8.958820343017578], [118.87803649902344, -8.875484466552734], [118.12794494628906, -8.875484466552734], [118.12794494628906, -9.125492095947266], [117.79457092285156, -9.125492095947266], [117.79457092285156, -9.20882797241211], [117.62788391113281, -9.20882797241211], [117.62788391113281, -9.125492095947266], [116.62776184082031, -9.125492095947266], [116.62776184082031, -8.875484466552734], [116.54441833496094, -8.875484466552734], [116.54441833496094, -8.958820343017578], [116.46107482910156, -8.958820343017578], [116.46107482910156, -8.875484466552734], [116.37773132324219, -8.875484466552734], [116.37773132324219, -8.958820343017578], [115.96101379394531, -8.958820343017578], [115.96101379394531, -8.875484466552734], [115.79432678222656, -8.875484466552734], [115.79432678222656, -8.79214859008789], [115.87767028808594, -8.79214859008789], [115.87767028808594, -8.54214096069336], [115.79432678222656, -8.54214096069336], [115.79432678222656, -8.458805084228516], [115.87767028808594, -8.458805084228516], [115.87767028808594, -8.292133331298828], [115.71098327636719, -8.292133331298828], [115.71098327636719, -8.208797454833984], [115.62763977050781, -8.208797454833984], [115.62763977050781, -8.375469207763672], [115.71098327636719, -8.375469207763672], [115.71098327636719, -8.458805084228516], [115.62763977050781, -8.458805084228516], [115.62763977050781, -8.875484466552734], [115.54429626464844, -8.875484466552734], [115.54429626464844, -9.20882797241211], [115.46095275878906, -9.20882797241211], [115.46095275878906, -8.958820343017578], [115.37760925292969, -8.958820343017578], [115.37760925292969, -8.875484466552734], [115.12757873535156, -8.875484466552734], [115.12757873535156, -8.708812713623047], [115.04423522949219, -8.708812713623047], [115.04423522949219, -8.54214096069336], [114.87754821777344, -8.54214096069336], [114.87754821777344, -8.625476837158203], [114.62751770019531, -8.625476837158203], [114.62751770019531, -8.875484466552734], [114.37748718261719, -8.875484466552734], [114.37748718261719, -8.625476837158203], [113.62739562988281, -8.625476837158203], [113.62739562988281, -8.458805084228516], [113.46070861816406, -8.458805084228516], [113.46070861816406, -8.375469207763672], [113.12733459472656, -8.375469207763672], [113.12733459472656, -8.458805084228516], [113.04399108886719, -8.458805084228516], [113.04399108886719, -8.375469207763672], [112.79396057128906, -8.375469207763672], [112.79396057128906, -8.458805084228516], [112.46058654785156, -8.458805084228516], [112.46058654785156, -8.375469207763672], [111.12709045410156, -8.375469207763672], [111.12709045410156, -8.292133331298828], [110.96040344238281, -8.292133331298828], [110.96040344238281, -8.208797454833984], [110.62702941894531, -8.208797454833984], [110.62702941894531, -8.12546157836914], [110.12696838378906, -8.12546157836914], [110.12696838378906, -7.958789825439453], [110.04362487792969, -7.958789825439453], [110.04362487792969, -7.875453948974609], [109.37687683105469, -7.875453948974609], [109.37687683105469, -7.708782196044922], [109.04350280761719, -7.708782196044922], [109.04350280761719, -7.792118072509766], [108.79347229003906, -7.792118072509766], [108.79347229003906, -7.708782196044922], [108.62678527832031, -7.708782196044922], [108.62678527832031, -7.875453948974609], [108.12672424316406, -7.875453948974609], [108.12672424316406, -7.792118072509766], [107.87669372558594, -7.792118072509766], [107.87669372558594, -7.708782196044922], [107.62666320800781, -7.708782196044922], [107.62666320800781, -7.625446319580078], [107.37663269042969, -7.625446319580078], [107.37663269042969, -7.542110443115234], [107.20994567871094, -7.542110443115234], [107.20994567871094, -7.458774566650391], [106.54319763183594, -7.458774566650391], [106.54319763183594, -7.375438690185547], [106.37651062011719, -7.375438690185547], [106.37651062011719, -7.042095184326172], [106.29316711425781, -7.042095184326172], [106.29316711425781, -6.958759307861328], [106.12648010253906, -6.958759307861328], [106.12648010253906, -6.875423431396484], [105.12635803222656, -6.875423431396484], [105.12635803222656, -6.542079925537109], [105.20970153808594, -6.542079925537109], [105.20970153808594, -6.458744049072266], [105.37638854980469, -6.458744049072266], [105.37638854980469, -6.542079925537109], [105.45973205566406, -6.542079925537109], [105.45973205566406, -6.458744049072266], [105.54307556152344, -6.458744049072266], [105.54307556152344, -6.375408172607422], [105.62641906738281, -6.375408172607422], [105.62641906738281, -6.125400543212891], [105.45973205566406, -6.125400543212891], [105.45973205566406, -6.208736419677734], [105.37638854980469, -6.208736419677734], [105.37638854980469, -5.875392913818359], [104.70964050292969, -5.875392913818359], [104.70964050292969, -5.958728790283203], [104.62629699707031, -5.958728790283203], [104.62629699707031, -5.875392913818359], [104.37626647949219, -5.875392913818359], [104.37626647949219, -5.625385284423828], [104.12623596191406, -5.625385284423828], [104.12623596191406, -5.375377655029297], [103.87620544433594, -5.375377655029297], [103.87620544433594, -5.042034149169922], [103.79286193847656, -5.042034149169922], [103.79286193847656, -4.958698272705078], [103.54283142089844, -4.958698272705078], [103.54283142089844, -4.875362396240234], [103.37614440917969, -4.875362396240234], [103.37614440917969, -4.792026519775391], [103.29280090332031, -4.792026519775391], [103.29280090332031, -4.708690643310547], [103.20945739746094, -4.708690643310547], [103.20945739746094, -4.625354766845703], [103.12611389160156, -4.625354766845703], [103.12611389160156, -4.542018890380859], [102.87608337402344, -4.542018890380859], [102.87608337402344, -4.375347137451172], [102.62605285644531, -4.375347137451172], [102.62605285644531, -4.208675384521484], [102.54270935058594, -4.208675384521484], [102.54270935058594, -4.125339508056641], [102.37602233886719, -4.125339508056641], [102.37602233886719, -4.042003631591797], [102.29267883300781, -4.042003631591797], [102.29267883300781, -3.708660125732422], [102.20933532714844, -3.708660125732422], [102.20933532714844, -3.625324249267578], [101.87596130371094, -3.625324249267578], [101.87596130371094, -3.375316619873047], [101.62593078613281, -3.375316619873047], [101.62593078613281, -3.2086448669433594], [101.54258728027344, -3.2086448669433594], [101.54258728027344, -3.1253089904785156], [101.37590026855469, -3.1253089904785156], [101.37590026855469, -2.8753013610839844], [101.12586975097656, -2.8753013610839844], [101.12586975097656, -2.5419578552246094], [101.04252624511719, -2.5419578552246094], [101.04252624511719, -2.625293731689453], [100.87583923339844, -2.625293731689453], [100.87583923339844, -2.8753013610839844], [100.62580871582031, -2.8753013610839844], [100.62580871582031, -3.1253089904785156], [100.54246520996094, -3.1253089904785156], [100.54246520996094, -3.2086448669433594], [100.45912170410156, -3.2086448669433594], [100.45912170410156, -3.375316619873047], [100.37577819824219, -3.375316619873047], [100.37577819824219, -3.2086448669433594], [100.29243469238281, -3.2086448669433594], [100.29243469238281, -3.1253089904785156], [100.12574768066406, -3.1253089904785156], [100.12574768066406, -2.8753013610839844], [99.87571716308594, -2.8753013610839844], [99.87571716308594, -2.375286102294922], [99.62568664550781, -2.375286102294922], [99.62568664550781, -2.2086143493652344], [99.54234313964844, -2.2086143493652344], [99.54234313964844, -2.1252784729003906], [99.45899963378906, -2.1252784729003906], [99.45899963378906, -2.041942596435547], [99.37565612792969, -2.041942596435547], [99.37565612792969, -1.8752708435058594], [98.87559509277344, -1.8752708435058594], [98.87559509277344, -1.6252632141113281], [98.79225158691406, -1.6252632141113281], [98.79225158691406, -1.5419273376464844], [98.70890808105469, -1.5419273376464844], [98.70890808105469, -1.3752555847167969], [98.62556457519531, -1.3752555847167969], [98.62556457519531, -1.1252479553222656], [98.37553405761719, -1.1252479553222656], [98.37553405761719, -0.9585762023925781], [98.62556457519531, -0.9585762023925781], [98.62556457519531, -0.6252326965332031], [98.37553405761719, -0.6252326965332031], [98.37553405761719, -0.5418968200683594], [98.29219055175781, -0.5418968200683594], [98.29219055175781, -0.6252326965332031], [98.12550354003906, -0.6252326965332031], [98.12550354003906, -0.12521743774414062], [97.62544250488281, -0.12521743774414062], [97.62544250488281, 0.20812606811523438], [97.70878601074219, 0.20812606811523438], [97.70878601074219, 0.2914619445800781], [97.79212951660156, 0.2914619445800781], [97.79212951660156, 0.5414695739746094], [97.70878601074219, 0.5414695739746094], [97.70878601074219, 0.6248054504394531], [97.37541198730469, 0.6248054504394531], [97.37541198730469, 0.8748130798339844], [97.12538146972656, 0.8748130798339844], [97.12538146972656, 1.3748283386230469], [96.95869445800781, 1.3748283386230469], [96.95869445800781, 1.4581642150878906], [97.04203796386719, 1.4581642150878906], [97.04203796386719, 2.2081871032714844], [96.95869445800781, 2.2081871032714844], [96.95869445800781, 2.624866485595703], [96.87535095214844, 2.624866485595703], [96.87535095214844, 2.7915382385253906], [96.79200744628906, 2.7915382385253906], [96.79200744628906, 2.8748741149902344], [96.62532043457031, 2.8748741149902344], [96.62532043457031, 2.2081871032714844], [96.54197692871094, 2.2081871032714844], [96.54197692871094, 2.1248512268066406], [96.37528991699219, 2.1248512268066406], [96.37528991699219, 2.374858856201172], [95.87522888183594, 2.374858856201172], [95.87522888183594, 2.624866485595703], [95.79188537597656, 2.624866485595703], [95.79188537597656, 2.708202362060547], [95.70854187011719, 2.708202362060547], [95.70854187011719, 2.7915382385253906], [95.79188537597656, 2.7915382385253906], [95.79188537597656, 2.958209991455078], [95.87522888183594, 2.958209991455078], [95.87522888183594, 3.374889373779297], [96.04191589355469, 3.374889373779297], [96.04191589355469, 3.5415611267089844], [96.12525939941406, 3.5415611267089844], [96.12525939941406, 3.7915687561035156], [96.04191589355469, 3.7915687561035156], [96.04191589355469, 3.958240509033203], [95.95857238769531, 3.958240509033203], [95.95857238769531, 4.041576385498047], [95.87522888183594, 4.041576385498047], [95.87522888183594, 4.124912261962891], [95.79188537597656, 4.124912261962891], [95.79188537597656, 4.208248138427734], [95.62519836425781, 4.208248138427734], [95.62519836425781, 4.291584014892578], [95.54185485839844, 4.291584014892578], [95.54185485839844, 4.374919891357422], [95.45851135253906, 4.374919891357422], [95.45851135253906, 4.541591644287109], [95.37516784667969, 4.541591644287109], [95.37516784667969, 4.874935150146484], [95.29182434082031, 4.874935150146484], [95.29182434082031, 5.041606903076172], [95.20848083496094, 5.041606903076172], [95.20848083496094, 5.124942779541016], [95.12513732910156, 5.124942779541016], [95.12513732910156, 5.624958038330078], [95.04179382324219, 5.624958038330078], [95.04179382324219, 5.708293914794922], [95.12513732910156, 5.708293914794922], [95.12513732910156, 5.874965667724609], [95.70854187011719, 5.874965667724609], [95.70854187011719, 5.958301544189453], [95.62519836425781, 5.958301544189453], [95.62519836425781, 6.041637420654297], [95.37516784667969, 6.041637420654297], [95.37516784667969, 5.958301544189453], [95.12513732910156, 5.958301544189453], [95.12513732910156, 6.208309173583984], [95.04179382324219, 6.208309173583984], [95.04179382324219, 6.291645050048828], [94.95845031738281, 6.291645050048828], [94.95845031738281, 6.374980926513672], [94.87510681152344, 6.374980926513672], [94.87510681152344, 6.541652679443359], [94.62507629394531, 6.541652679443359], [94.62507629394531, 6.458316802978516], [94.29170227050781, 6.458316802978516], [94.29170227050781, 6.374980926513672], [94.04167175292969, 6.374980926513672], [94.04167175292969, -11.958911895751953], [118.12794494628906, -11.958911895751953]], [[125.21214294433594, -8.208797454833984], [125.12879943847656, -8.208797454833984], [125.12879943847656, -8.292133331298828], [125.21214294433594, -8.292133331298828], [125.21214294433594, -8.208797454833984]], [[125.04545593261719, -8.375469207763672], [124.96211242675781, -8.375469207763672], [124.96211242675781, -8.458805084228516], [125.04545593261719, -8.458805084228516], [125.04545593261719, -8.375469207763672]], [[120.29487609863281, -10.625537872314453], [120.21153259277344, -10.625537872314453], [120.21153259277344, -10.708873748779297], [120.29487609863281, -10.708873748779297], [120.29487609863281, -10.625537872314453]], [[105.87644958496094, -6.125400543212891], [105.87644958496094, -5.875392913818359], [105.70976257324219, -5.875392913818359], [105.70976257324219, -6.042064666748047], [105.62641906738281, -6.042064666748047], [105.62641906738281, -6.125400543212891], [105.87644958496094, -6.125400543212891]], [[106.12648010253906, -5.875392913818359], [106.12648010253906, -5.708721160888672], [105.95979309082031, -5.708721160888672], [105.95979309082031, -5.792057037353516], [105.87644958496094, -5.792057037353516], [105.87644958496094, -5.875392913818359], [106.12648010253906, -5.875392913818359]], [[101.04252624511719, -2.4586219787597656], [100.95918273925781, -2.4586219787597656], [100.95918273925781, -2.375286102294922], [100.87583923339844, -2.375286102294922], [100.87583923339844, -2.5419578552246094], [101.04252624511719, -2.5419578552246094], [101.04252624511719, -2.4586219787597656]], [[100.87583923339844, -2.1252784729003906], [100.79249572753906, -2.1252784729003906], [100.79249572753906, -2.375286102294922], [100.87583923339844, -2.375286102294922], [100.87583923339844, -2.1252784729003906]], [[100.62580871582031, -2.625293731689453], [100.37577819824219, -2.625293731689453], [100.37577819824219, -2.8753013610839844], [100.62580871582031, -2.8753013610839844], [100.62580871582031, -2.625293731689453]], [[142.13087463378906, 5.874965667724609], [142.13087463378906, 6.124973297119141], [141.88084411621094, 6.124973297119141], [141.88084411621094, 5.874965667724609], [142.13087463378906, 5.874965667724609]], [[141.88084411621094, 5.374950408935547], [141.88084411621094, 5.624958038330078], [141.6308135986328, 5.624958038330078], [141.6308135986328, 5.374950408935547], [141.88084411621094, 5.374950408935547]], [[119.04472351074219, 4.791599273681641], [119.04472351074219, 4.624927520751953], [119.12806701660156, 4.624927520751953], [119.12806701660156, 4.708263397216797], [119.21141052246094, 4.708263397216797], [119.21141052246094, 4.791599273681641], [119.29475402832031, 4.791599273681641], [119.29475402832031, 4.874935150146484], [119.37809753417969, 4.874935150146484], [119.37809753417969, 5.041606903076172], [119.29475402832031, 5.041606903076172], [119.29475402832031, 4.958271026611328], [119.21141052246094, 4.958271026611328], [119.21141052246094, 4.874935150146484], [119.12806701660156, 4.874935150146484], [119.12806701660156, 4.791599273681641], [119.04472351074219, 4.791599273681641]], [[119.29475402832031, 4.124912261962891], [119.29475402832031, 3.8749046325683594], [119.21141052246094, 3.8749046325683594], [119.21141052246094, 3.624897003173828], [119.12806701660156, 3.624897003173828], [119.12806701660156, 3.291553497314453], [119.04472351074219, 3.291553497314453], [119.04472351074219, 3.041545867919922], [118.96138000488281, 3.041545867919922], [118.96138000488281, 2.8748741149902344], [118.87803649902344, 2.8748741149902344], [118.87803649902344, 2.4581947326660156], [119.12806701660156, 2.4581947326660156], [119.12806701660156, 2.624866485595703], [119.37809753417969, 2.624866485595703], [119.37809753417969, 2.708202362060547], [119.46144104003906, 2.708202362060547], [119.46144104003906, 3.7915687561035156], [119.54478454589844, 3.7915687561035156], [119.54478454589844, 4.124912261962891], [119.62812805175781, 4.124912261962891], [119.62812805175781, 4.374919891357422], [119.71147155761719, 4.374919891357422], [119.71147155761719, 4.791599273681641], [119.54478454589844, 4.791599273681641], [119.54478454589844, 4.624927520751953], [119.46144104003906, 4.624927520751953], [119.46144104003906, 4.291584014892578], [119.37809753417969, 4.291584014892578], [119.37809753417969, 4.124912261962891], [119.29475402832031, 4.124912261962891]], [[127.46241760253906, 4.708263397216797], [127.46241760253906, 4.791599273681641], [127.37907409667969, 4.791599273681641], [127.37907409667969, 4.708263397216797], [127.46241760253906, 4.708263397216797]], [[120.29487609863281, 4.541591644287109], [120.29487609863281, 4.458255767822266], [120.21153259277344, 4.458255767822266], [120.21153259277344, 4.374919891357422], [120.37821960449219, 4.374919891357422], [120.37821960449219, 4.541591644287109], [120.29487609863281, 4.541591644287109]], [[120.37821960449219, 4.208248138427734], [120.46156311035156, 4.208248138427734], [120.46156311035156, 4.291584014892578], [120.54490661621094, 4.291584014892578], [120.54490661621094, 4.374919891357422], [120.37821960449219, 4.374919891357422], [120.37821960449219, 4.208248138427734]], [[119.04472351074219, 4.041576385498047], [119.04472351074219, 4.374919891357422], [118.87803649902344, 4.374919891357422], [118.87803649902344, 4.041576385498047], [119.04472351074219, 4.041576385498047]], [[103.45948791503906, 4.124912261962891], [103.45948791503906, 4.208248138427734], [103.37614440917969, 4.208248138427734], [103.37614440917969, 4.124912261962891], [103.45948791503906, 4.124912261962891]], [[120.29487609863281, 4.041576385498047], [120.29487609863281, 4.124912261962891], [120.12818908691406, 4.124912261962891], [120.12818908691406, 4.208248138427734], [120.04484558105469, 4.208248138427734], [120.04484558105469, 4.124912261962891], [119.96150207519531, 4.124912261962891], [119.96150207519531, 3.958240509033203], [120.12818908691406, 3.958240509033203], [120.12818908691406, 4.041576385498047], [120.29487609863281, 4.041576385498047]], [[96.12525939941406, 4.041576385498047], [96.12525939941406, 4.124912261962891], [96.04191589355469, 4.124912261962891], [96.04191589355469, 4.041576385498047], [96.12525939941406, 4.041576385498047]], [[125.46217346191406, 3.291553497314453], [125.46217346191406, 3.374889373779297], [125.37882995605469, 3.374889373779297], [125.37882995605469, 3.291553497314453], [125.46217346191406, 3.291553497314453]], [[100.95918273925781, 2.708202362060547], [100.95918273925781, 2.7915382385253906], [100.87583923339844, 2.7915382385253906], [100.87583923339844, 2.708202362060547], [100.95918273925781, 2.708202362060547]], [[101.29255676269531, 2.708202362060547], [101.29255676269531, 2.7915382385253906], [101.04252624511719, 2.7915382385253906], [101.04252624511719, 2.708202362060547], [101.29255676269531, 2.708202362060547]], [[101.29255676269531, 2.624866485595703], [101.37590026855469, 2.624866485595703], [101.37590026855469, 2.708202362060547], [101.29255676269531, 2.708202362060547], [101.29255676269531, 2.624866485595703]], [[101.37590026855469, 2.4581947326660156], [101.45924377441406, 2.4581947326660156], [101.45924377441406, 2.291522979736328], [101.54258728027344, 2.291522979736328], [101.54258728027344, 2.2081871032714844], [101.62593078613281, 2.2081871032714844], [101.62593078613281, 2.1248512268066406], [101.87596130371094, 2.1248512268066406], [101.87596130371094, 2.041515350341797], [101.95930480957031, 2.041515350341797], [101.95930480957031, 1.9581794738769531], [102.04264831542969, 1.9581794738769531], [102.04264831542969, 1.8748435974121094], [102.37602233886719, 1.8748435974121094], [102.37602233886719, 1.5415000915527344], [102.54270935058594, 1.5415000915527344], [102.54270935058594, 1.8748435974121094], [102.45936584472656, 1.8748435974121094], [102.45936584472656, 1.9581794738769531], [102.37602233886719, 1.9581794738769531], [102.37602233886719, 2.041515350341797], [102.29267883300781, 2.041515350341797], [102.29267883300781, 2.1248512268066406], [102.12599182128906, 2.1248512268066406], [102.12599182128906, 2.2081871032714844], [101.95930480957031, 2.2081871032714844], [101.95930480957031, 2.291522979736328], [101.87596130371094, 2.291522979736328], [101.87596130371094, 2.2081871032714844], [101.79261779785156, 2.2081871032714844], [101.79261779785156, 2.4581947326660156], [101.70927429199219, 2.4581947326660156], [101.70927429199219, 2.5415306091308594], [101.62593078613281, 2.5415306091308594], [101.62593078613281, 2.624866485595703], [101.37590026855469, 2.624866485595703], [101.37590026855469, 2.4581947326660156]], [[100.45912170410156, 2.624866485595703], [100.45912170410156, 2.708202362060547], [100.37577819824219, 2.708202362060547], [100.37577819824219, 2.624866485595703], [100.45912170410156, 2.624866485595703]], [[130.3794403076172, 2.374858856201172], [130.3794403076172, 2.1248512268066406], [130.12940979003906, 2.1248512268066406], [130.12940979003906, 1.9581794738769531], [130.21275329589844, 1.9581794738769531], [130.21275329589844, 1.8748435974121094], [131.6295928955078, 1.8748435974121094], [131.6295928955078, 2.624866485595703], [131.54624938964844, 2.624866485595703], [131.54624938964844, 2.5415306091308594], [131.3795623779297, 2.5415306091308594], [131.3795623779297, 2.4581947326660156], [130.6294708251953, 2.4581947326660156], [130.6294708251953, 2.374858856201172], [130.3794403076172, 2.374858856201172]], [[125.62886047363281, 2.4581947326660156], [125.62886047363281, 2.5415306091308594], [125.37882995605469, 2.5415306091308594], [125.37882995605469, 2.4581947326660156], [125.62886047363281, 2.4581947326660156]], [[125.62886047363281, 2.291522979736328], [125.62886047363281, 2.374858856201172], [125.46217346191406, 2.374858856201172], [125.46217346191406, 2.291522979736328], [125.37882995605469, 2.291522979736328], [125.37882995605469, 2.2081871032714844], [125.79554748535156, 2.2081871032714844], [125.79554748535156, 2.291522979736328], [125.62886047363281, 2.291522979736328]], [[126.46229553222656, 2.291522979736328], [126.46229553222656, 2.374858856201172], [126.37895202636719, 2.374858856201172], [126.37895202636719, 2.291522979736328], [126.46229553222656, 2.291522979736328]], [[118.87803649902344, 2.291522979736328], [118.87803649902344, 2.1248512268066406], [119.12806701660156, 2.1248512268066406], [119.12806701660156, 2.2081871032714844], [118.96138000488281, 2.2081871032714844], [118.96138000488281, 2.291522979736328], [118.87803649902344, 2.291522979736328]], [[128.12916564941406, 2.1248512268066406], [128.12916564941406, 2.291522979736328], [128.0458221435547, 2.291522979736328], [128.0458221435547, 2.1248512268066406], [128.12916564941406, 2.1248512268066406]], [[100.70915222167969, 2.1248512268066406], [100.70915222167969, 2.2081871032714844], [100.54246520996094, 2.2081871032714844], [100.54246520996094, 2.1248512268066406], [100.70915222167969, 2.1248512268066406]], [[125.62886047363281, 1.6248359680175781], [125.62886047363281, 1.8748435974121094], [125.54551696777344, 1.8748435974121094], [125.54551696777344, 2.041515350341797], [125.29548645019531, 2.041515350341797], [125.29548645019531, 2.1248512268066406], [125.12879943847656, 2.1248512268066406], [125.12879943847656, 1.8748435974121094], [125.21214294433594, 1.8748435974121094], [125.21214294433594, 1.7081718444824219], [125.37882995605469, 1.7081718444824219], [125.37882995605469, 1.6248359680175781], [125.62886047363281, 1.6248359680175781]], [[127.37907409667969, 2.041515350341797], [127.37907409667969, 2.1248512268066406], [127.21238708496094, 2.1248512268066406], [127.21238708496094, 2.041515350341797], [127.37907409667969, 2.041515350341797]], [[132.2963409423828, 1.8748435974121094], [132.2963409423828, 1.7915077209472656], [132.12965393066406, 1.7915077209472656], [132.12965393066406, 1.6248359680175781], [132.3796844482422, 1.6248359680175781], [132.3796844482422, 1.8748435974121094], [132.2963409423828, 1.8748435974121094]], [[131.87962341308594, 1.6248359680175781], [131.87962341308594, 1.4581642150878906], [131.9629669189453, 1.4581642150878906], [131.9629669189453, 1.3748283386230469], [132.12965393066406, 1.3748283386230469], [132.12965393066406, 1.6248359680175781], [131.87962341308594, 1.6248359680175781]], [[132.3796844482422, 1.5415000915527344], [132.2963409423828, 1.5415000915527344], [132.2963409423828, 0.7914772033691406], [132.3796844482422, 0.7914772033691406], [132.3796844482422, 0.7081413269042969], [132.46302795410156, 0.7081413269042969], [132.46302795410156, 0.6248054504394531], [132.54637145996094, 0.6248054504394531], [132.54637145996094, 0.5414695739746094], [132.7130584716797, 0.5414695739746094], [132.7130584716797, 0.4581336975097656], [132.79640197753906, 0.4581336975097656], [132.79640197753906, 0.2914619445800781], [132.87974548339844, 0.2914619445800781], [132.87974548339844, 0.3747978210449219], [133.12977600097656, 0.3747978210449219], [133.12977600097656, 0.12479019165039062], [133.79652404785156, 0.12479019165039062], [133.79652404785156, 0.20812606811523438], [133.7131805419922, 0.20812606811523438], [133.7131805419922, 0.2914619445800781], [133.6298370361328, 0.2914619445800781], [133.6298370361328, 0.3747978210449219], [133.46315002441406, 0.3747978210449219], [133.46315002441406, 0.5414695739746094], [133.3798065185547, 0.5414695739746094], [133.3798065185547, 1.0414848327636719], [133.2964630126953, 1.0414848327636719], [133.2964630126953, 1.1248207092285156], [133.12977600097656, 1.1248207092285156], [133.12977600097656, 1.2914924621582031], [133.0464324951172, 1.2914924621582031], [133.0464324951172, 1.3748283386230469], [132.9630889892578, 1.3748283386230469], [132.9630889892578, 1.5415000915527344], [132.87974548339844, 1.5415000915527344], [132.87974548339844, 1.6248359680175781], [132.7130584716797, 1.6248359680175781], [132.7130584716797, 1.5415000915527344], [132.6297149658203, 1.5415000915527344], [132.6297149658203, 1.6248359680175781], [132.3796844482422, 1.6248359680175781], [132.3796844482422, 1.5415000915527344]], [[102.95942687988281, 1.3748283386230469], [102.95942687988281, 1.2914924621582031], [103.04277038574219, 1.2914924621582031], [103.04277038574219, 1.2081565856933594], [103.12611389160156, 1.2081565856933594], [103.12611389160156, 1.3748283386230469], [103.20945739746094, 1.3748283386230469], [103.20945739746094, 1.4581642150878906], [103.12611389160156, 1.4581642150878906], [103.12611389160156, 1.5415000915527344], [103.04277038574219, 1.5415000915527344], [103.04277038574219, 1.6248359680175781], [102.87608337402344, 1.6248359680175781], [102.87608337402344, 1.7081718444824219], [102.62605285644531, 1.7081718444824219], [102.62605285644531, 1.6248359680175781], [102.79273986816406, 1.6248359680175781], [102.79273986816406, 1.4581642150878906], [102.87608337402344, 1.4581642150878906], [102.87608337402344, 1.3748283386230469], [102.95942687988281, 1.3748283386230469]], [[131.7129364013672, 1.3748283386230469], [131.7129364013672, 1.6248359680175781], [131.3795623779297, 1.6248359680175781], [131.3795623779297, 1.3748283386230469], [131.7129364013672, 1.3748283386230469]], [[118.87803649902344, 1.4581642150878906], [118.87803649902344, 1.5415000915527344], [118.79469299316406, 1.5415000915527344], [118.79469299316406, 1.4581642150878906], [118.87803649902344, 1.4581642150878906]], [[128.79591369628906, 1.4581642150878906], [128.79591369628906, 1.5415000915527344], [128.7125701904297, 1.5415000915527344], [128.7125701904297, 1.4581642150878906], [128.79591369628906, 1.4581642150878906]], [[126.12892150878906, 1.3748283386230469], [126.12892150878906, 1.4581642150878906], [125.96223449707031, 1.4581642150878906], [125.96223449707031, 1.3748283386230469], [126.12892150878906, 1.3748283386230469]], [[125.87889099121094, 1.3748283386230469], [125.87889099121094, 1.2914924621582031], [125.96223449707031, 1.2914924621582031], [125.96223449707031, 1.3748283386230469], [125.87889099121094, 1.3748283386230469]], [[125.71220397949219, 1.2914924621582031], [125.71220397949219, 1.2081565856933594], [125.54551696777344, 1.2081565856933594], [125.54551696777344, 1.1248207092285156], [125.37882995605469, 1.1248207092285156], [125.37882995605469, 1.0414848327636719], [125.21214294433594, 1.0414848327636719], [125.21214294433594, 0.9581489562988281], [125.04545593261719, 0.9581489562988281], [125.04545593261719, 0.8748130798339844], [124.96211242675781, 0.8748130798339844], [124.96211242675781, 0.7914772033691406], [124.87876892089844, 0.7914772033691406], [124.87876892089844, 0.6248054504394531], [125.04545593261719, 0.6248054504394531], [125.04545593261719, 0.7081413269042969], [125.29548645019531, 0.7081413269042969], [125.29548645019531, 0.7914772033691406], [125.37882995605469, 0.7914772033691406], [125.37882995605469, 0.8748130798339844], [125.46217346191406, 0.8748130798339844], [125.46217346191406, 0.9581489562988281], [125.62886047363281, 0.9581489562988281], [125.62886047363281, 1.1248207092285156], [125.87889099121094, 1.1248207092285156], [125.87889099121094, 1.2914924621582031], [125.71220397949219, 1.2914924621582031]], [[124.71208190917969, 0.6248054504394531], [124.71208190917969, 0.5414695739746094], [124.87876892089844, 0.5414695739746094], [124.87876892089844, 0.6248054504394531], [124.71208190917969, 0.6248054504394531]], [[133.79652404785156, 1.1248207092285156], [133.79652404785156, 0.9581489562988281], [133.87986755371094, 0.9581489562988281], [133.87986755371094, 0.8748130798339844], [134.12989807128906, 0.8748130798339844], [134.12989807128906, 1.1248207092285156], [134.3799285888672, 1.1248207092285156], [134.3799285888672, 0.9581489562988281], [134.46327209472656, 0.9581489562988281], [134.46327209472656, 1.2914924621582031], [134.3799285888672, 1.2914924621582031], [134.3799285888672, 1.4581642150878906], [134.21324157714844, 1.4581642150878906], [134.21324157714844, 1.3748283386230469], [134.12989807128906, 1.3748283386230469], [134.12989807128906, 1.2914924621582031], [133.87986755371094, 1.2914924621582031], [133.87986755371094, 1.1248207092285156], [133.79652404785156, 1.1248207092285156]], [[119.46144104003906, 1.1248207092285156], [119.46144104003906, 1.3748283386230469], [119.37809753417969, 1.3748283386230469], [119.37809753417969, 1.1248207092285156], [119.46144104003906, 1.1248207092285156]], [[103.45948791503906, 1.2081565856933594], [103.45948791503906, 1.2914924621582031], [103.29280090332031, 1.2914924621582031], [103.29280090332031, 1.2081565856933594], [103.45948791503906, 1.2081565856933594]], [[127.96247863769531, 1.2914924621582031], [127.96247863769531, 1.2081565856933594], [127.87913513183594, 1.2081565856933594], [127.87913513183594, 1.1248207092285156], [128.0458221435547, 1.1248207092285156], [128.0458221435547, 1.2914924621582031], [127.96247863769531, 1.2914924621582031]], [[97.37541198730469, 0.9581489562988281], [97.37541198730469, 1.1248207092285156], [97.29206848144531, 1.1248207092285156], [97.29206848144531, 0.9581489562988281], [97.37541198730469, 0.9581489562988281]], [[142.9643096923828, 0.8748130798339844], [142.9643096923828, 1.1248207092285156], [142.88096618652344, 1.1248207092285156], [142.88096618652344, 0.8748130798339844], [142.9643096923828, 0.8748130798339844]], [[97.62544250488281, 0.7914772033691406], [97.62544250488281, 0.8748130798339844], [97.54209899902344, 0.8748130798339844], [97.54209899902344, 0.7914772033691406], [97.62544250488281, 0.7914772033691406]], [[119.12806701660156, 0.8748130798339844], [119.12806701660156, 0.12479019165039062], [119.54478454589844, 0.12479019165039062], [119.54478454589844, 0.3747978210449219], [119.37809753417969, 0.3747978210449219], [119.37809753417969, 0.8748130798339844], [119.12806701660156, 0.8748130798339844]], [[142.6309356689453, 0.3747978210449219], [142.6309356689453, -0.20855331420898438], [142.7142791748047, -0.20855331420898438], [142.7142791748047, -0.2918891906738281], [142.9643096923828, -0.2918891906738281], [142.9643096923828, 0.6248054504394531], [142.6309356689453, 0.6248054504394531], [142.6309356689453, 0.8748130798339844], [142.2975616455078, 0.8748130798339844], [142.2975616455078, 0.7081413269042969], [142.13087463378906, 0.7081413269042969], [142.13087463378906, 0.6248054504394531], [142.3809051513672, 0.6248054504394531], [142.3809051513672, 0.3747978210449219], [142.6309356689453, 0.3747978210449219]], [[142.0475311279297, 0.3747978210449219], [142.0475311279297, 0.2914619445800781], [141.88084411621094, 0.2914619445800781], [141.88084411621094, 0.20812606811523438], [141.79750061035156, 0.20812606811523438], [141.79750061035156, 0.12479019165039062], [141.7141571044922, 0.12479019165039062], [141.7141571044922, -0.041881561279296875], [142.2975616455078, -0.041881561279296875], [142.2975616455078, 0.12479019165039062], [142.3809051513672, 0.12479019165039062], [142.3809051513672, 0.3747978210449219], [142.0475311279297, 0.3747978210449219]], [[142.3809051513672, 0.041454315185546875], [142.46424865722656, 0.041454315185546875], [142.46424865722656, 0.12479019165039062], [142.3809051513672, 0.12479019165039062], [142.3809051513672, 0.041454315185546875]], [[103.70951843261719, 0.6248054504394531], [103.70951843261719, 0.7081413269042969], [103.62617492675781, 0.7081413269042969], [103.62617492675781, 0.6248054504394531], [103.70951843261719, 0.6248054504394531]], [[103.45948791503906, 0.5414695739746094], [103.45948791503906, 0.6248054504394531], [103.37614440917969, 0.6248054504394531], [103.37614440917969, 0.5414695739746094], [103.45948791503906, 0.5414695739746094]], [[134.3799285888672, 0.6248054504394531], [134.3799285888672, 0.3747978210449219], [134.6299591064453, 0.3747978210449219], [134.6299591064453, 0.5414695739746094], [134.54661560058594, 0.5414695739746094], [134.54661560058594, 0.6248054504394531], [134.3799285888672, 0.6248054504394531]], [[98.95893859863281, 0.2914619445800781], [98.95893859863281, 0.3747978210449219], [98.87559509277344, 0.3747978210449219], [98.87559509277344, 0.2914619445800781], [98.95893859863281, 0.2914619445800781]], [[98.95893859863281, 0.20812606811523438], [99.04228210449219, 0.20812606811523438], [99.04228210449219, 0.2914619445800781], [98.95893859863281, 0.2914619445800781], [98.95893859863281, 0.20812606811523438]], [[99.04228210449219, 0.12479019165039062], [99.12562561035156, 0.12479019165039062], [99.12562561035156, 0.20812606811523438], [99.04228210449219, 0.20812606811523438], [99.04228210449219, 0.12479019165039062]], [[123.29524230957031, 0.2914619445800781], [123.29524230957031, 0.3747978210449219], [123.21189880371094, 0.3747978210449219], [123.21189880371094, 0.2914619445800781], [122.96186828613281, 0.2914619445800781], [122.96186828613281, 0.3747978210449219], [122.62849426269531, 0.3747978210449219], [122.62849426269531, 0.2914619445800781], [122.71183776855469, 0.2914619445800781], [122.71183776855469, 0.20812606811523438], [123.37858581542969, 0.20812606811523438], [123.37858581542969, 0.2914619445800781], [123.29524230957031, 0.2914619445800781]], [[135.13002014160156, 0.12479019165039062], [135.13002014160156, -0.12521743774414062], [135.3800506591797, -0.12521743774414062], [135.3800506591797, -0.3752250671386719], [135.6300811767578, -0.3752250671386719], [135.6300811767578, -0.4585609436035156], [135.7134246826172, -0.4585609436035156], [135.7134246826172, -0.5418968200683594], [135.79676818847656, -0.5418968200683594], [135.79676818847656, -0.6252326965332031], [135.9634552001953, -0.6252326965332031], [135.9634552001953, -0.7085685729980469], [136.13014221191406, -0.7085685729980469], [136.13014221191406, -0.8752403259277344], [136.3801727294922, -0.8752403259277344], [136.3801727294922, -1.0419120788574219], [136.46351623535156, -1.0419120788574219], [136.46351623535156, -1.1252479553222656], [136.79689025878906, -1.1252479553222656], [136.79689025878906, -1.2085838317871094], [137.7136688232422, -1.2085838317871094], [137.7136688232422, -1.2919197082519531], [137.79701232910156, -1.2919197082519531], [137.79701232910156, -1.3752555847167969], [138.2970733642578, -1.3752555847167969], [138.2970733642578, -1.4585914611816406], [138.46376037597656, -1.4585914611816406], [138.46376037597656, -1.3752555847167969], [138.6304473876953, -1.3752555847167969], [138.6304473876953, -1.6252632141113281], [139.13050842285156, -1.6252632141113281], [139.13050842285156, -1.7919349670410156], [139.21385192871094, -1.7919349670410156], [139.21385192871094, -1.8752708435058594], [139.3805389404297, -1.8752708435058594], [139.3805389404297, -1.7919349670410156], [139.6305694580078, -1.7919349670410156], [139.6305694580078, -1.8752708435058594], [139.7139129638672, -1.8752708435058594], [139.7139129638672, -1.7085990905761719], [139.79725646972656, -1.7085990905761719], [139.79725646972656, -2.041942596435547], [139.88059997558594, -2.041942596435547], [139.88059997558594, -2.1252784729003906], [139.9639434814453, -2.1252784729003906], [139.9639434814453, -1.8752708435058594], [140.13063049316406, -1.8752708435058594], [140.13063049316406, -1.9586067199707031], [140.3806610107422, -1.9586067199707031], [140.3806610107422, -1.7919349670410156], [140.2973175048828, -1.7919349670410156], [140.2973175048828, -1.7085990905761719], [140.21397399902344, -1.7085990905761719], [140.21397399902344, -1.6252632141113281], [139.9639434814453, -1.6252632141113281], [139.9639434814453, -1.5419273376464844], [139.7139129638672, -1.5419273376464844], [139.7139129638672, -1.6252632141113281], [139.46388244628906, -1.6252632141113281], [139.46388244628906, -1.5419273376464844], [139.2971954345703, -1.5419273376464844], [139.2971954345703, -1.4585914611816406], [139.21385192871094, -1.4585914611816406], [139.21385192871094, -1.3752555847167969], [139.13050842285156, -1.3752555847167969], [139.13050842285156, -1.2919197082519531], [138.9638214111328, -1.2919197082519531], [138.9638214111328, -1.2085838317871094], [138.79713439941406, -1.2085838317871094], [138.79713439941406, -1.1252479553222656], [137.88035583496094, -1.1252479553222656], [137.88035583496094, -1.0419120788574219], [136.7135467529297, -1.0419120788574219], [136.7135467529297, -0.9585762023925781], [136.54685974121094, -0.9585762023925781], [136.54685974121094, -0.7085685729980469], [136.6302032470703, -0.7085685729980469], [136.6302032470703, -0.5418968200683594], [136.54685974121094, -0.5418968200683594], [136.54685974121094, -0.3752250671386719], [136.46351623535156, -0.3752250671386719], [136.46351623535156, -0.20855331420898438], [136.3801727294922, -0.20855331420898438], [136.3801727294922, -0.041881561279296875], [136.2968292236328, -0.041881561279296875], [136.2968292236328, 0.041454315185546875], [136.21348571777344, 0.041454315185546875], [136.21348571777344, 0.12479019165039062], [136.0467987060547, 0.12479019165039062], [136.0467987060547, 0.20812606811523438], [135.79676818847656, 0.20812606811523438], [135.79676818847656, 0.2914619445800781], [135.13002014160156, 0.2914619445800781], [135.13002014160156, 0.20812606811523438], [135.0466766357422, 0.20812606811523438], [135.0466766357422, 0.2914619445800781], [134.9633331298828, 0.2914619445800781], [134.9633331298828, 0.3747978210449219], [134.87998962402344, 0.3747978210449219], [134.87998962402344, 0.041454315185546875], [134.9633331298828, 0.041454315185546875], [134.9633331298828, -0.041881561279296875], [135.0466766357422, -0.041881561279296875], [135.0466766357422, 0.12479019165039062], [135.13002014160156, 0.12479019165039062]], [[98.04216003417969, 0.041454315185546875], [98.04216003417969, 0.12479019165039062], [98.12550354003906, 0.12479019165039062], [98.12550354003906, 0.2914619445800781], [97.87547302246094, 0.2914619445800781], [97.87547302246094, 0.20812606811523438], [97.95881652832031, 0.20812606811523438], [97.95881652832031, 0.12479019165039062], [97.87547302246094, 0.12479019165039062], [97.87547302246094, 0.041454315185546875], [98.04216003417969, 0.041454315185546875]], [[118.87803649902344, -0.3752250671386719], [118.87803649902344, 0.12479019165039062], [118.79469299316406, 0.12479019165039062], [118.79469299316406, 0.041454315185546875], [118.71134948730469, 0.041454315185546875], [118.71134948730469, -0.20855331420898438], [118.62800598144531, -0.20855331420898438], [118.62800598144531, -0.3752250671386719], [118.87803649902344, -0.3752250671386719]], [[130.21275329589844, 0.041454315185546875], [130.21275329589844, 0.12479019165039062], [129.87937927246094, 0.12479019165039062], [129.87937927246094, 0.041454315185546875], [129.9627227783203, 0.041454315185546875], [129.9627227783203, -0.041881561279296875], [130.12940979003906, -0.041881561279296875], [130.12940979003906, 0.041454315185546875], [130.21275329589844, 0.041454315185546875]], [[123.54527282714844, -0.7085685729980469], [123.54527282714844, -0.8752403259277344], [123.62861633300781, -0.8752403259277344], [123.62861633300781, -1.0419120788574219], [123.71195983886719, -1.0419120788574219], [123.71195983886719, -0.9585762023925781], [123.79530334472656, -0.9585762023925781], [123.79530334472656, -0.8752403259277344], [123.87864685058594, -0.8752403259277344], [123.87864685058594, -0.9585762023925781], [123.96199035644531, -0.9585762023925781], [123.96199035644531, -0.7919044494628906], [124.04533386230469, -0.7919044494628906], [124.04533386230469, -0.7085685729980469], [124.12867736816406, -0.7085685729980469], [124.12867736816406, -0.2918891906738281], [124.04533386230469, -0.2918891906738281], [124.04533386230469, -0.041881561279296875], [123.87864685058594, -0.041881561279296875], [123.87864685058594, -0.12521743774414062], [123.37858581542969, -0.12521743774414062], [123.37858581542969, -0.6252326965332031], [123.62861633300781, -0.6252326965332031], [123.62861633300781, -0.7085685729980469], [123.54527282714844, -0.7085685729980469]], [[124.29536437988281, -0.2918891906738281], [124.29536437988281, -0.20855331420898438], [124.12867736816406, -0.20855331420898438], [124.12867736816406, -0.2918891906738281], [124.29536437988281, -0.2918891906738281]], [[118.04460144042969, -0.8752403259277344], [118.04460144042969, -0.9585762023925781], [117.96125793457031, -0.9585762023925781], [117.96125793457031, -1.0419120788574219], [117.87791442871094, -1.0419120788574219], [117.87791442871094, -1.2085838317871094], [117.79457092285156, -1.2085838317871094], [117.79457092285156, -1.3752555847167969], [117.71122741699219, -1.3752555847167969], [117.71122741699219, -1.6252632141113281], [117.62788391113281, -1.6252632141113281], [117.62788391113281, -1.5419273376464844], [117.54454040527344, -1.5419273376464844], [117.54454040527344, -1.6252632141113281], [117.46119689941406, -1.6252632141113281], [117.46119689941406, -1.7085990905761719], [117.37785339355469, -1.7085990905761719], [117.37785339355469, -1.8752708435058594], [117.29450988769531, -1.8752708435058594], [117.29450988769531, -1.9586067199707031], [117.37785339355469, -1.9586067199707031], [117.37785339355469, -2.1252784729003906], [117.46119689941406, -2.1252784729003906], [117.46119689941406, -2.2086143493652344], [117.71122741699219, -2.2086143493652344], [117.71122741699219, -2.4586219787597656], [117.79457092285156, -2.4586219787597656], [117.79457092285156, -2.375286102294922], [117.87791442871094, -2.375286102294922], [117.87791442871094, -2.625293731689453], [118.04460144042969, -2.625293731689453], [118.04460144042969, -2.7919654846191406], [118.12794494628906, -2.7919654846191406], [118.12794494628906, -2.8753013610839844], [118.29463195800781, -2.8753013610839844], [118.29463195800781, -2.958637237548828], [118.37797546386719, -2.958637237548828], [118.37797546386719, -3.041973114013672], [118.46131896972656, -3.041973114013672], [118.46131896972656, -3.375316619873047], [118.21128845214844, -3.375316619873047], [118.21128845214844, -3.708660125732422], [118.12794494628906, -3.708660125732422], [118.12794494628906, -3.8753318786621094], [118.21128845214844, -3.8753318786621094], [118.21128845214844, -4.292011260986328], [118.12794494628906, -4.292011260986328], [118.12794494628906, -4.375347137451172], [117.87791442871094, -4.375347137451172], [117.87791442871094, -4.458683013916016], [117.79457092285156, -4.458683013916016], [117.79457092285156, -4.542018890380859], [117.54454040527344, -4.542018890380859], [117.54454040527344, -4.625354766845703], [117.29450988769531, -4.625354766845703], [117.29450988769531, -4.708690643310547], [116.96113586425781, -4.708690643310547], [116.96113586425781, -4.792026519775391], [116.79444885253906, -4.792026519775391], [116.79444885253906, -4.875362396240234], [116.71110534667969, -4.875362396240234], [116.71110534667969, -5.042034149169922], [116.87779235839844, -5.042034149169922], [116.87779235839844, -4.958698272705078], [117.04447937011719, -4.958698272705078], [117.04447937011719, -5.125370025634766], [116.87779235839844, -5.125370025634766], [116.87779235839844, -5.375377655029297], [116.79444885253906, -5.375377655029297], [116.79444885253906, -5.542049407958984], [116.71110534667969, -5.542049407958984], [116.71110534667969, -5.625385284423828], [116.62776184082031, -5.625385284423828], [116.62776184082031, -5.708721160888672], [116.54441833496094, -5.708721160888672], [116.54441833496094, -6.125400543212891], [116.46107482910156, -6.125400543212891], [116.46107482910156, -6.375408172607422], [116.37773132324219, -6.375408172607422], [116.37773132324219, -6.542079925537109], [116.46107482910156, -6.542079925537109], [116.46107482910156, -6.875423431396484], [116.79444885253906, -6.875423431396484], [116.79444885253906, -6.458744049072266], [116.87779235839844, -6.458744049072266], [116.87779235839844, -6.375408172607422], [116.96113586425781, -6.375408172607422], [116.96113586425781, -6.292072296142578], [117.04447937011719, -6.292072296142578], [117.04447937011719, -6.208736419677734], [117.12782287597656, -6.208736419677734], [117.12782287597656, -6.042064666748047], [117.21116638183594, -6.042064666748047], [117.21116638183594, -5.875392913818359], [117.29450988769531, -5.875392913818359], [117.29450988769531, -5.708721160888672], [117.37785339355469, -5.708721160888672], [117.37785339355469, -5.542049407958984], [117.46119689941406, -5.542049407958984], [117.46119689941406, -5.375377655029297], [117.54454040527344, -5.375377655029297], [117.54454040527344, -5.208705902099609], [117.62788391113281, -5.208705902099609], [117.62788391113281, -5.125370025634766], [117.71122741699219, -5.125370025634766], [117.71122741699219, -5.042034149169922], [117.96125793457031, -5.042034149169922], [117.96125793457031, -5.375377655029297], [117.87791442871094, -5.375377655029297], [117.87791442871094, -5.542049407958984], [117.79457092285156, -5.542049407958984], [117.79457092285156, -5.625385284423828], [117.71122741699219, -5.625385284423828], [117.71122741699219, -5.708721160888672], [117.62788391113281, -5.708721160888672], [117.62788391113281, -6.042064666748047], [117.54454040527344, -6.042064666748047], [117.54454040527344, -6.292072296142578], [117.46119689941406, -6.292072296142578], [117.46119689941406, -6.458744049072266], [117.37785339355469, -6.458744049072266], [117.37785339355469, -6.542079925537109], [117.29450988769531, -6.542079925537109], [117.29450988769531, -6.625415802001953], [117.12782287597656, -6.625415802001953], [117.12782287597656, -6.708751678466797], [117.04447937011719, -6.708751678466797], [117.04447937011719, -6.792087554931641], [116.87779235839844, -6.792087554931641], [116.87779235839844, -6.875423431396484], [117.37785339355469, -6.875423431396484], [117.37785339355469, -7.125431060791016], [117.87791442871094, -7.125431060791016], [117.87791442871094, -6.958759307861328], [117.96125793457031, -6.958759307861328], [117.96125793457031, -6.875423431396484], [118.12794494628906, -6.875423431396484], [118.12794494628906, -6.792087554931641], [118.29463195800781, -6.792087554931641], [118.29463195800781, -6.875423431396484], [118.37797546386719, -6.875423431396484], [118.37797546386719, -6.625415802001953], [118.54466247558594, -6.625415802001953], [118.54466247558594, -6.542079925537109], [118.62800598144531, -6.542079925537109], [118.62800598144531, -6.375408172607422], [118.79469299316406, -6.375408172607422], [118.79469299316406, -6.292072296142578], [118.87803649902344, -6.292072296142578], [118.87803649902344, -6.208736419677734], [119.04472351074219, -6.208736419677734], [119.04472351074219, -6.292072296142578], [119.37809753417969, -6.292072296142578], [119.37809753417969, -6.125400543212891], [119.62812805175781, -6.125400543212891], [119.62812805175781, -5.875392913818359], [119.87815856933594, -5.875392913818359], [119.87815856933594, -5.792057037353516], [120.04484558105469, -5.792057037353516], [120.04484558105469, -5.708721160888672], [120.12818908691406, -5.708721160888672], [120.12818908691406, -5.625385284423828], [119.87815856933594, -5.625385284423828], [119.87815856933594, -5.708721160888672], [119.62812805175781, -5.708721160888672], [119.62812805175781, -5.625385284423828], [119.37809753417969, -5.625385284423828], [119.37809753417969, -5.375377655029297], [118.96138000488281, -5.375377655029297], [118.96138000488281, -5.458713531494141], [118.79469299316406, -5.458713531494141], [118.79469299316406, -5.292041778564453], [118.71134948730469, -5.292041778564453], [118.71134948730469, -5.208705902099609], [118.79469299316406, -5.208705902099609], [118.79469299316406, -5.125370025634766], [118.62800598144531, -5.125370025634766], [118.62800598144531, -5.042034149169922], [118.71134948730469, -5.042034149169922], [118.71134948730469, -4.958698272705078], [118.87803649902344, -4.958698272705078], [118.87803649902344, -4.875362396240234], [118.96138000488281, -4.875362396240234], [118.96138000488281, -4.625354766845703], [119.04472351074219, -4.625354766845703], [119.04472351074219, -4.542018890380859], [118.96138000488281, -4.542018890380859], [118.96138000488281, -4.292011260986328], [118.87803649902344, -4.292011260986328], [118.87803649902344, -4.042003631591797], [118.79469299316406, -4.042003631591797], [118.79469299316406, -3.8753318786621094], [119.12806701660156, -3.8753318786621094], [119.12806701660156, -3.958667755126953], [119.29475402832031, -3.958667755126953], [119.29475402832031, -4.625354766845703], [119.37809753417969, -4.625354766845703], [119.37809753417969, -4.375347137451172], [119.46144104003906, -4.375347137451172], [119.46144104003906, -4.292011260986328], [119.54478454589844, -4.292011260986328], [119.54478454589844, -4.042003631591797], [119.62812805175781, -4.042003631591797], [119.62812805175781, -3.958667755126953], [119.46144104003906, -3.958667755126953], [119.46144104003906, -3.8753318786621094], [119.54478454589844, -3.8753318786621094], [119.54478454589844, -3.7919960021972656], [119.46144104003906, -3.7919960021972656], [119.46144104003906, -3.708660125732422], [119.37809753417969, -3.708660125732422], [119.37809753417969, -3.625324249267578], [118.71134948730469, -3.625324249267578], [118.71134948730469, -3.5419883728027344], [118.79469299316406, -3.5419883728027344], [118.79469299316406, -3.1253089904785156], [118.71134948730469, -3.1253089904785156], [118.71134948730469, -3.041973114013672], [118.62800598144531, -3.041973114013672], [118.62800598144531, -2.4586219787597656], [118.54466247558594, -2.4586219787597656], [118.54466247558594, -2.291950225830078], [118.46131896972656, -2.291950225830078], [118.46131896972656, -2.2086143493652344], [118.37797546386719, -2.2086143493652344], [118.37797546386719, -1.4585914611816406], [118.46131896972656, -1.4585914611816406], [118.46131896972656, -1.2919197082519531], [118.54466247558594, -1.2919197082519531], [118.54466247558594, -1.2085838317871094], [118.62800598144531, -1.2085838317871094], [118.62800598144531, -0.8752403259277344], [118.37797546386719, -0.8752403259277344], [118.37797546386719, -0.6252326965332031], [118.29463195800781, -0.6252326965332031], [118.29463195800781, -0.7085685729980469], [118.21128845214844, -0.7085685729980469], [118.21128845214844, -0.7919044494628906], [118.12794494628906, -0.7919044494628906], [118.12794494628906, -0.8752403259277344], [118.04460144042969, -0.8752403259277344]], [[141.9641876220703, -1.2919197082519531], [141.9641876220703, -1.2085838317871094], [141.3807830810547, -1.2085838317871094], [141.3807830810547, -1.3752555847167969], [141.88084411621094, -1.3752555847167969], [141.88084411621094, -2.1252784729003906], [142.3809051513672, -2.1252784729003906], [142.3809051513672, -1.8752708435058594], [142.6309356689453, -1.8752708435058594], [142.6309356689453, -1.6252632141113281], [142.9643096923828, -1.6252632141113281], [142.9643096923828, -0.8752403259277344], [142.88096618652344, -0.8752403259277344], [142.88096618652344, -0.6252326965332031], [142.13087463378906, -0.6252326965332031], [142.13087463378906, -0.7085685729980469], [141.88084411621094, -0.7085685729980469], [141.88084411621094, -0.8752403259277344], [142.13087463378906, -0.8752403259277344], [142.13087463378906, -1.2919197082519531], [141.9641876220703, -1.2919197082519531]], [[130.3794403076172, -0.7919044494628906], [130.3794403076172, -0.7085685729980469], [130.12940979003906, -0.7085685729980469], [130.12940979003906, -0.7919044494628906], [130.3794403076172, -0.7919044494628906]], [[108.71012878417969, -1.1252479553222656], [108.71012878417969, -0.9585762023925781], [108.62678527832031, -0.9585762023925781], [108.62678527832031, -1.1252479553222656], [108.71012878417969, -1.1252479553222656]], [[129.46266174316406, -1.2085838317871094], [129.46266174316406, -1.1252479553222656], [129.3793182373047, -1.1252479553222656], [129.3793182373047, -1.2085838317871094], [129.46266174316406, -1.2085838317871094]], [[130.46278381347656, -1.5419273376464844], [130.46278381347656, -1.6252632141113281], [130.54612731933594, -1.6252632141113281], [130.54612731933594, -1.4585914611816406], [130.46278381347656, -1.4585914611816406], [130.46278381347656, -1.2085838317871094], [130.3794403076172, -1.2085838317871094], [130.3794403076172, -1.3752555847167969], [130.2960968017578, -1.3752555847167969], [130.2960968017578, -1.4585914611816406], [130.3794403076172, -1.4585914611816406], [130.3794403076172, -1.5419273376464844], [130.46278381347656, -1.5419273376464844]], [[130.2960968017578, -1.2919197082519531], [130.12940979003906, -1.2919197082519531], [130.12940979003906, -1.4585914611816406], [130.21275329589844, -1.4585914611816406], [130.21275329589844, -1.3752555847167969], [130.2960968017578, -1.3752555847167969], [130.2960968017578, -1.2919197082519531]], [[128.3791961669922, -1.6252632141113281], [128.3791961669922, -1.8752708435058594], [128.2958526611328, -1.8752708435058594], [128.2958526611328, -2.1252784729003906], [128.21250915527344, -2.1252784729003906], [128.21250915527344, -2.2086143493652344], [128.12916564941406, -2.2086143493652344], [128.12916564941406, -2.375286102294922], [128.3791961669922, -2.375286102294922], [128.3791961669922, -2.1252784729003906], [128.46253967285156, -2.1252784729003906], [128.46253967285156, -1.9586067199707031], [128.54588317871094, -1.9586067199707031], [128.54588317871094, -1.7085990905761719], [128.6292266845703, -1.7085990905761719], [128.6292266845703, -1.7919349670410156], [128.7125701904297, -1.7919349670410156], [128.7125701904297, -1.6252632141113281], [128.6292266845703, -1.6252632141113281], [128.6292266845703, -1.2919197082519531], [128.46253967285156, -1.2919197082519531], [128.46253967285156, -1.4585914611816406], [128.3791961669922, -1.4585914611816406], [128.3791961669922, -1.5419273376464844], [128.46253967285156, -1.5419273376464844], [128.46253967285156, -1.6252632141113281], [128.3791961669922, -1.6252632141113281]], [[109.62690734863281, -1.6252632141113281], [109.62690734863281, -1.3752555847167969], [109.29353332519531, -1.3752555847167969], [109.29353332519531, -1.4585914611816406], [109.21018981933594, -1.4585914611816406], [109.21018981933594, -1.3752555847167969], [109.12684631347656, -1.3752555847167969], [109.12684631347656, -1.5419273376464844], [109.21018981933594, -1.5419273376464844], [109.21018981933594, -1.7085990905761719], [109.29353332519531, -1.7085990905761719], [109.29353332519531, -1.6252632141113281], [109.62690734863281, -1.6252632141113281]], [[124.21202087402344, -1.5419273376464844], [124.21202087402344, -1.4585914611816406], [124.12867736816406, -1.4585914611816406], [124.12867736816406, -1.5419273376464844], [124.21202087402344, -1.5419273376464844]], [[124.21202087402344, -1.6252632141113281], [124.29536437988281, -1.6252632141113281], [124.29536437988281, -1.5419273376464844], [124.21202087402344, -1.5419273376464844], [124.21202087402344, -1.6252632141113281]], [[108.37675476074219, -1.6252632141113281], [108.37675476074219, -1.5419273376464844], [108.29341125488281, -1.5419273376464844], [108.29341125488281, -1.6252632141113281], [108.37675476074219, -1.6252632141113281]], [[108.37675476074219, -1.9586067199707031], [108.54344177246094, -1.9586067199707031], [108.54344177246094, -2.1252784729003906], [108.87681579589844, -2.1252784729003906], [108.87681579589844, -2.2086143493652344], [108.79347229003906, -2.2086143493652344], [108.79347229003906, -2.291950225830078], [108.71012878417969, -2.291950225830078], [108.71012878417969, -2.375286102294922], [108.87681579589844, -2.375286102294922], [108.87681579589844, -2.4586219787597656], [109.12684631347656, -2.4586219787597656], [109.12684631347656, -2.5419578552246094], [109.29353332519531, -2.5419578552246094], [109.29353332519531, -2.4586219787597656], [109.37687683105469, -2.4586219787597656], [109.37687683105469, -2.375286102294922], [109.29353332519531, -2.375286102294922], [109.29353332519531, -2.291950225830078], [109.21018981933594, -2.291950225830078], [109.21018981933594, -2.1252784729003906], [108.96015930175781, -2.1252784729003906], [108.96015930175781, -2.041942596435547], [108.87681579589844, -2.041942596435547], [108.87681579589844, -1.9586067199707031], [108.79347229003906, -1.9586067199707031], [108.79347229003906, -1.8752708435058594], [108.71012878417969, -1.8752708435058594], [108.71012878417969, -1.7919349670410156], [108.62678527832031, -1.7919349670410156], [108.62678527832031, -1.6252632141113281], [108.37675476074219, -1.6252632141113281], [108.37675476074219, -1.9586067199707031]], [[109.54356384277344, -2.375286102294922], [109.54356384277344, -2.5419578552246094], [109.46022033691406, -2.5419578552246094], [109.46022033691406, -2.8753013610839844], [109.37687683105469, -2.8753013610839844], [109.37687683105469, -3.2086448669433594], [109.46022033691406, -3.2086448669433594], [109.46022033691406, -3.291980743408203], [109.54356384277344, -3.291980743408203], [109.54356384277344, -3.5419883728027344], [109.46022033691406, -3.5419883728027344], [109.46022033691406, -3.708660125732422], [109.54356384277344, -3.708660125732422], [109.54356384277344, -3.625324249267578], [109.62690734863281, -3.625324249267578], [109.62690734863281, -3.4586524963378906], [109.79359436035156, -3.4586524963378906], [109.79359436035156, -3.5419883728027344], [109.87693786621094, -3.5419883728027344], [109.87693786621094, -3.375316619873047], [109.96028137207031, -3.375316619873047], [109.96028137207031, -2.8753013610839844], [109.87693786621094, -2.8753013610839844], [109.87693786621094, -2.708629608154297], [109.79359436035156, -2.708629608154297], [109.79359436035156, -2.625293731689453], [109.96028137207031, -2.625293731689453], [109.96028137207031, -2.4586219787597656], [110.04362487792969, -2.4586219787597656], [110.04362487792969, -2.625293731689453], [110.12696838378906, -2.625293731689453], [110.12696838378906, -2.375286102294922], [109.62690734863281, -2.375286102294922], [109.62690734863281, -1.9586067199707031], [109.54356384277344, -1.9586067199707031], [109.54356384277344, -2.041942596435547], [109.46022033691406, -2.041942596435547], [109.46022033691406, -2.1252784729003906], [109.37687683105469, -2.1252784729003906], [109.37687683105469, -2.375286102294922], [109.54356384277344, -2.375286102294922]], [[123.79530334472656, -1.7085990905761719], [123.79530334472656, -1.5419273376464844], [123.71195983886719, -1.5419273376464844], [123.71195983886719, -1.7085990905761719], [123.79530334472656, -1.7085990905761719]], [[109.12684631347656, -1.7919349670410156], [109.12684631347656, -1.6252632141113281], [108.96015930175781, -1.6252632141113281], [108.96015930175781, -1.7919349670410156], [109.12684631347656, -1.7919349670410156]], [[116.62776184082031, -2.1252784729003906], [116.62776184082031, -2.041942596435547], [116.54441833496094, -2.041942596435547], [116.54441833496094, -1.8752708435058594], [116.62776184082031, -1.8752708435058594], [116.62776184082031, -1.6252632141113281], [116.46107482910156, -1.6252632141113281], [116.46107482910156, -1.7085990905761719], [116.37773132324219, -1.7085990905761719], [116.37773132324219, -1.7919349670410156], [116.46107482910156, -1.7919349670410156], [116.46107482910156, -2.1252784729003906], [116.62776184082031, -2.1252784729003906]], [[131.87962341308594, -1.8752708435058594], [131.87962341308594, -1.6252632141113281], [131.46290588378906, -1.6252632141113281], [131.46290588378906, -1.7085990905761719], [131.7129364013672, -1.7085990905761719], [131.7129364013672, -1.7919349670410156], [131.79627990722656, -1.7919349670410156], [131.79627990722656, -1.8752708435058594], [131.87962341308594, -1.8752708435058594]], [[131.87962341308594, -1.9586067199707031], [131.9629669189453, -1.9586067199707031], [131.9629669189453, -1.8752708435058594], [131.87962341308594, -1.8752708435058594], [131.87962341308594, -1.9586067199707031]], [[131.9629669189453, -2.1252784729003906], [131.87962341308594, -2.1252784729003906], [131.87962341308594, -2.291950225830078], [131.79627990722656, -2.291950225830078], [131.79627990722656, -2.2086143493652344], [131.6295928955078, -2.2086143493652344], [131.6295928955078, -2.1252784729003906], [131.54624938964844, -2.1252784729003906], [131.54624938964844, -2.041942596435547], [131.2962188720703, -2.041942596435547], [131.2962188720703, -2.1252784729003906], [131.46290588378906, -2.1252784729003906], [131.46290588378906, -2.2086143493652344], [131.3795623779297, -2.2086143493652344], [131.3795623779297, -2.375286102294922], [131.54624938964844, -2.375286102294922], [131.54624938964844, -2.4586219787597656], [131.46290588378906, -2.4586219787597656], [131.46290588378906, -2.625293731689453], [131.6295928955078, -2.625293731689453], [131.6295928955078, -2.708629608154297], [131.7129364013672, -2.708629608154297], [131.7129364013672, -2.7919654846191406], [131.79627990722656, -2.7919654846191406], [131.79627990722656, -2.8753013610839844], [131.87962341308594, -2.8753013610839844], [131.87962341308594, -2.7919654846191406], [131.9629669189453, -2.7919654846191406], [131.9629669189453, -2.8753013610839844], [132.0463104248047, -2.8753013610839844], [132.0463104248047, -2.7919654846191406], [132.12965393066406, -2.7919654846191406], [132.12965393066406, -2.1252784729003906], [132.0463104248047, -2.1252784729003906], [132.0463104248047, -1.9586067199707031], [131.9629669189453, -1.9586067199707031], [131.9629669189453, -2.1252784729003906]], [[131.2962188720703, -1.9586067199707031], [131.21287536621094, -1.9586067199707031], [131.21287536621094, -2.041942596435547], [131.2962188720703, -2.041942596435547], [131.2962188720703, -1.9586067199707031]], [[109.29353332519531, -2.041942596435547], [109.29353332519531, -1.9586067199707031], [109.21018981933594, -1.9586067199707031], [109.21018981933594, -2.041942596435547], [109.29353332519531, -2.041942596435547]], [[140.46400451660156, -2.291950225830078], [140.46400451660156, -2.375286102294922], [140.88072204589844, -2.375286102294922], [140.88072204589844, -2.4586219787597656], [140.9640655517578, -2.4586219787597656], [140.9640655517578, -2.5419578552246094], [141.21409606933594, -2.5419578552246094], [141.21409606933594, -2.625293731689453], [141.2974395751953, -2.625293731689453], [141.2974395751953, -2.5419578552246094], [141.3807830810547, -2.5419578552246094], [141.3807830810547, -2.625293731689453], [141.54747009277344, -2.625293731689453], [141.54747009277344, -2.5419578552246094], [141.7141571044922, -2.5419578552246094], [141.7141571044922, -2.4586219787597656], [141.79750061035156, -2.4586219787597656], [141.79750061035156, -2.375286102294922], [141.7141571044922, -2.375286102294922], [141.7141571044922, -2.291950225830078], [141.54747009277344, -2.291950225830078], [141.54747009277344, -2.2086143493652344], [141.3807830810547, -2.2086143493652344], [141.3807830810547, -2.1252784729003906], [140.9640655517578, -2.1252784729003906], [140.9640655517578, -2.041942596435547], [140.88072204589844, -2.041942596435547], [140.88072204589844, -1.9586067199707031], [140.6306915283203, -1.9586067199707031], [140.6306915283203, -2.041942596435547], [140.54734802246094, -2.041942596435547], [140.54734802246094, -2.1252784729003906], [140.3806610107422, -2.1252784729003906], [140.3806610107422, -2.291950225830078], [140.46400451660156, -2.291950225830078]], [[116.87779235839844, -2.4586219787597656], [116.87779235839844, -2.291950225830078], [116.79444885253906, -2.291950225830078], [116.79444885253906, -2.4586219787597656], [116.87779235839844, -2.4586219787597656]], [[117.21116638183594, -2.291950225830078], [117.21116638183594, -2.708629608154297], [117.29450988769531, -2.708629608154297], [117.29450988769531, -2.375286102294922], [117.37785339355469, -2.375286102294922], [117.37785339355469, -2.291950225830078], [117.21116638183594, -2.291950225830078]], [[128.12916564941406, -2.625293731689453], [128.12916564941406, -2.4586219787597656], [128.0458221435547, -2.4586219787597656], [128.0458221435547, -2.625293731689453], [128.12916564941406, -2.625293731689453]], [[129.9627227783203, -2.625293731689453], [129.9627227783203, -2.5419578552246094], [129.87937927246094, -2.5419578552246094], [129.87937927246094, -2.625293731689453], [129.9627227783203, -2.625293731689453]], [[129.9627227783203, -2.708629608154297], [129.87937927246094, -2.708629608154297], [129.87937927246094, -2.8753013610839844], [130.3794403076172, -2.8753013610839844], [130.3794403076172, -3.041973114013672], [130.7128143310547, -3.041973114013672], [130.7128143310547, -3.1253089904785156], [130.9628448486328, -3.1253089904785156], [130.9628448486328, -3.2086448669433594], [131.21287536621094, -3.2086448669433594], [131.21287536621094, -3.291980743408203], [131.3795623779297, -3.291980743408203], [131.3795623779297, -3.375316619873047], [131.46290588378906, -3.375316619873047], [131.46290588378906, -3.4586524963378906], [131.54624938964844, -3.4586524963378906], [131.54624938964844, -3.5419883728027344], [131.6295928955078, -3.5419883728027344], [131.6295928955078, -3.625324249267578], [131.7129364013672, -3.625324249267578], [131.7129364013672, -3.4586524963378906], [131.6295928955078, -3.4586524963378906], [131.6295928955078, -3.375316619873047], [131.54624938964844, -3.375316619873047], [131.54624938964844, -3.291980743408203], [131.46290588378906, -3.291980743408203], [131.46290588378906, -3.2086448669433594], [131.3795623779297, -3.2086448669433594], [131.3795623779297, -3.1253089904785156], [131.21287536621094, -3.1253089904785156], [131.21287536621094, -3.041973114013672], [131.12953186035156, -3.041973114013672], [131.12953186035156, -2.958637237548828], [130.87950134277344, -2.958637237548828], [130.87950134277344, -2.8753013610839844], [130.7128143310547, -2.8753013610839844], [130.7128143310547, -2.7919654846191406], [130.3794403076172, -2.7919654846191406], [130.3794403076172, -2.708629608154297], [130.0460662841797, -2.708629608154297], [130.0460662841797, -2.625293731689453], [129.9627227783203, -2.625293731689453], [129.9627227783203, -2.708629608154297]], [[131.7129364013672, -3.708660125732422], [131.79627990722656, -3.708660125732422], [131.79627990722656, -3.625324249267578], [131.7129364013672, -3.625324249267578], [131.7129364013672, -3.708660125732422]], [[131.79627990722656, -3.8753318786621094], [131.87962341308594, -3.8753318786621094], [131.87962341308594, -4.125339508056641], [131.9629669189453, -4.125339508056641], [131.9629669189453, -4.208675384521484], [132.0463104248047, -4.208675384521484], [132.0463104248047, -4.292011260986328], [132.12965393066406, -4.292011260986328], [132.12965393066406, -4.042003631591797], [132.0463104248047, -4.042003631591797], [132.0463104248047, -3.8753318786621094], [131.9629669189453, -3.8753318786621094], [131.9629669189453, -3.7919960021972656], [131.87962341308594, -3.7919960021972656], [131.87962341308594, -3.708660125732422], [131.79627990722656, -3.708660125732422], [131.79627990722656, -3.8753318786621094]], [[116.46107482910156, -2.708629608154297], [116.46107482910156, -2.625293731689453], [116.37773132324219, -2.625293731689453], [116.37773132324219, -2.708629608154297], [116.46107482910156, -2.708629608154297]], [[126.79566955566406, -3.041973114013672], [126.79566955566406, -3.1253089904785156], [127.12904357910156, -3.1253089904785156], [127.12904357910156, -3.2086448669433594], [127.21238708496094, -3.2086448669433594], [127.21238708496094, -3.291980743408203], [127.37907409667969, -3.291980743408203], [127.37907409667969, -3.2086448669433594], [127.46241760253906, -3.2086448669433594], [127.46241760253906, -3.1253089904785156], [127.62910461425781, -3.1253089904785156], [127.62910461425781, -3.041973114013672], [127.71244812011719, -3.041973114013672], [127.71244812011719, -2.958637237548828], [127.79579162597656, -2.958637237548828], [127.79579162597656, -2.7919654846191406], [127.62910461425781, -2.7919654846191406], [127.62910461425781, -2.708629608154297], [127.29573059082031, -2.708629608154297], [127.29573059082031, -2.7919654846191406], [127.12904357910156, -2.7919654846191406], [127.12904357910156, -2.708629608154297], [126.87901306152344, -2.708629608154297], [126.87901306152344, -2.8753013610839844], [126.79566955566406, -2.8753013610839844], [126.79566955566406, -2.958637237548828], [126.71232604980469, -2.958637237548828], [126.71232604980469, -3.041973114013672], [126.79566955566406, -3.041973114013672]], [[107.04325866699219, -2.958637237548828], [107.04325866699219, -2.8753013610839844], [106.95991516113281, -2.8753013610839844], [106.95991516113281, -2.958637237548828], [107.04325866699219, -2.958637237548828]], [[125.21214294433594, -3.375316619873047], [125.21214294433594, -3.4586524963378906], [125.12879943847656, -3.4586524963378906], [125.12879943847656, -3.625324249267578], [125.37882995605469, -3.625324249267578], [125.37882995605469, -3.8753318786621094], [126.04557800292969, -3.8753318786621094], [126.04557800292969, -3.958667755126953], [125.87889099121094, -3.958667755126953], [125.87889099121094, -4.042003631591797], [126.21226501464844, -4.042003631591797], [126.21226501464844, -3.958667755126953], [126.37895202636719, -3.958667755126953], [126.37895202636719, -3.708660125732422], [126.29560852050781, -3.708660125732422], [126.29560852050781, -3.625324249267578], [125.79554748535156, -3.625324249267578], [125.79554748535156, -3.5419883728027344], [125.87889099121094, -3.5419883728027344], [125.87889099121094, -3.375316619873047], [125.79554748535156, -3.375316619873047], [125.79554748535156, -3.291980743408203], [125.87889099121094, -3.291980743408203], [125.87889099121094, -3.2086448669433594], [125.96223449707031, -3.2086448669433594], [125.96223449707031, -3.1253089904785156], [125.87889099121094, -3.1253089904785156], [125.87889099121094, -3.041973114013672], [125.62886047363281, -3.041973114013672], [125.62886047363281, -2.958637237548828], [125.46217346191406, -2.958637237548828], [125.46217346191406, -3.041973114013672], [125.37882995605469, -3.041973114013672], [125.37882995605469, -2.8753013610839844], [125.29548645019531, -2.8753013610839844], [125.29548645019531, -2.958637237548828], [125.21214294433594, -2.958637237548828], [125.21214294433594, -3.041973114013672], [125.12879943847656, -3.041973114013672], [125.12879943847656, -3.375316619873047], [125.21214294433594, -3.375316619873047]], [[125.96223449707031, -3.291980743408203], [126.04557800292969, -3.291980743408203], [126.04557800292969, -3.2086448669433594], [125.96223449707031, -3.2086448669433594], [125.96223449707031, -3.291980743408203]], [[142.3809051513672, -2.8753013610839844], [142.3809051513672, -2.958637237548828], [142.88096618652344, -2.958637237548828], [142.88096618652344, -3.041973114013672], [142.9643096923828, -3.041973114013672], [142.9643096923828, -2.8753013610839844], [142.3809051513672, -2.8753013610839844]], [[107.37663269042969, -3.041973114013672], [107.37663269042969, -2.958637237548828], [107.29328918457031, -2.958637237548828], [107.29328918457031, -3.041973114013672], [107.37663269042969, -3.041973114013672]], [[111.46046447753906, -3.2086448669433594], [111.46046447753906, -3.291980743408203], [111.54380798339844, -3.291980743408203], [111.54380798339844, -3.375316619873047], [111.62715148925781, -3.375316619873047], [111.62715148925781, -3.1253089904785156], [111.37712097167969, -3.1253089904785156], [111.37712097167969, -2.958637237548828], [111.21043395996094, -2.958637237548828], [111.21043395996094, -3.041973114013672], [111.12709045410156, -3.041973114013672], [111.12709045410156, -3.1253089904785156], [111.29377746582031, -3.1253089904785156], [111.29377746582031, -3.2086448669433594], [111.46046447753906, -3.2086448669433594]], [[111.62715148925781, -3.4586524963378906], [111.87718200683594, -3.4586524963378906], [111.87718200683594, -3.375316619873047], [111.62715148925781, -3.375316619873047], [111.62715148925781, -3.4586524963378906]], [[112.46058654785156, -3.4586524963378906], [112.46058654785156, -3.375316619873047], [112.12721252441406, -3.375316619873047], [112.12721252441406, -3.625324249267578], [112.37724304199219, -3.625324249267578], [112.37724304199219, -3.5419883728027344], [112.87730407714844, -3.5419883728027344], [112.87730407714844, -3.4586524963378906], [113.37736511230469, -3.4586524963378906], [113.37736511230469, -3.5419883728027344], [113.54405212402344, -3.5419883728027344], [113.54405212402344, -3.625324249267578], [113.62739562988281, -3.625324249267578], [113.62739562988281, -3.2086448669433594], [113.37736511230469, -3.2086448669433594], [113.37736511230469, -3.291980743408203], [113.29402160644531, -3.291980743408203], [113.29402160644531, -3.2086448669433594], [113.21067810058594, -3.2086448669433594], [113.21067810058594, -3.1253089904785156], [112.96064758300781, -3.1253089904785156], [112.96064758300781, -3.2086448669433594], [112.87730407714844, -3.2086448669433594], [112.87730407714844, -3.375316619873047], [112.62727355957031, -3.375316619873047], [112.62727355957031, -3.4586524963378906], [112.46058654785156, -3.4586524963378906]], [[113.62739562988281, -3.708660125732422], [113.87742614746094, -3.708660125732422], [113.87742614746094, -3.8753318786621094], [112.37724304199219, -3.8753318786621094], [112.37724304199219, -4.125339508056641], [112.12721252441406, -4.125339508056641], [112.12721252441406, -4.375347137451172], [111.87718200683594, -4.375347137451172], [111.87718200683594, -4.875362396240234], [112.12721252441406, -4.875362396240234], [112.12721252441406, -5.125370025634766], [112.37724304199219, -5.125370025634766], [112.37724304199219, -4.875362396240234], [112.62727355957031, -4.875362396240234], [112.62727355957031, -5.375377655029297], [113.12733459472656, -5.375377655029297], [113.12733459472656, -5.625385284423828], [113.62739562988281, -5.625385284423828], [113.62739562988281, -5.875392913818359], [113.87742614746094, -5.875392913818359], [113.87742614746094, -6.125400543212891], [114.37748718261719, -6.125400543212891], [114.37748718261719, -6.208736419677734], [114.54417419433594, -6.208736419677734], [114.54417419433594, -6.125400543212891], [114.79420471191406, -6.125400543212891], [114.79420471191406, -6.042064666748047], [115.04423522949219, -6.042064666748047], [115.04423522949219, -5.958728790283203], [115.12757873535156, -5.958728790283203], [115.12757873535156, -5.875392913818359], [115.29426574707031, -5.875392913818359], [115.29426574707031, -5.792057037353516], [115.37760925292969, -5.792057037353516], [115.37760925292969, -5.458713531494141], [115.54429626464844, -5.458713531494141], [115.54429626464844, -5.375377655029297], [115.62763977050781, -5.375377655029297], [115.62763977050781, -5.208705902099609], [115.79432678222656, -5.208705902099609], [115.79432678222656, -4.958698272705078], [115.62763977050781, -4.958698272705078], [115.62763977050781, -4.625354766845703], [115.79432678222656, -4.625354766845703], [115.79432678222656, -4.542018890380859], [115.87767028808594, -4.542018890380859], [115.87767028808594, -4.375347137451172], [115.37760925292969, -4.375347137451172], [115.37760925292969, -4.125339508056641], [115.12757873535156, -4.125339508056641], [115.12757873535156, -4.375347137451172], [114.62751770019531, -4.375347137451172], [114.62751770019531, -4.292011260986328], [114.87754821777344, -4.292011260986328], [114.87754821777344, -4.125339508056641], [114.79420471191406, -4.125339508056641], [114.79420471191406, -4.208675384521484], [114.62751770019531, -4.208675384521484], [114.62751770019531, -3.625324249267578], [114.37748718261719, -3.625324249267578], [114.37748718261719, -3.4586524963378906], [114.29414367675781, -3.4586524963378906], [114.29414367675781, -3.375316619873047], [113.87742614746094, -3.375316619873047], [113.87742614746094, -3.625324249267578], [113.62739562988281, -3.625324249267578], [113.62739562988281, -3.708660125732422]], [[116.12770080566406, -4.375347137451172], [116.12770080566406, -4.292011260986328], [116.37773132324219, -4.292011260986328], [116.37773132324219, -4.125339508056641], [115.87767028808594, -4.125339508056641], [115.87767028808594, -4.375347137451172], [116.12770080566406, -4.375347137451172]], [[111.79383850097656, -3.625324249267578], [111.79383850097656, -3.5419883728027344], [111.71049499511719, -3.5419883728027344], [111.71049499511719, -3.625324249267578], [111.37712097167969, -3.625324249267578], [111.37712097167969, -3.708660125732422], [111.96052551269531, -3.708660125732422], [111.96052551269531, -3.625324249267578], [111.79383850097656, -3.625324249267578]], [[111.29377746582031, -3.708660125732422], [111.29377746582031, -3.625324249267578], [110.37699890136719, -3.625324249267578], [110.37699890136719, -3.708660125732422], [111.29377746582031, -3.708660125732422]], [[115.87767028808594, -3.8753318786621094], [115.87767028808594, -3.625324249267578], [115.79432678222656, -3.625324249267578], [115.79432678222656, -3.708660125732422], [115.71098327636719, -3.708660125732422], [115.71098327636719, -3.7919960021972656], [115.62763977050781, -3.7919960021972656], [115.62763977050781, -3.8753318786621094], [115.87767028808594, -3.8753318786621094]], [[127.29573059082031, -4.042003631591797], [127.29573059082031, -4.208675384521484], [127.37907409667969, -4.208675384521484], [127.37907409667969, -4.375347137451172], [127.46241760253906, -4.375347137451172], [127.46241760253906, -4.458683013916016], [127.62910461425781, -4.458683013916016], [127.62910461425781, -4.125339508056641], [127.54576110839844, -4.125339508056641], [127.54576110839844, -3.8753318786621094], [127.46241760253906, -3.8753318786621094], [127.46241760253906, -3.708660125732422], [127.37907409667969, -3.708660125732422], [127.37907409667969, -3.625324249267578], [127.21238708496094, -3.625324249267578], [127.21238708496094, -3.708660125732422], [127.12904357910156, -3.708660125732422], [127.12904357910156, -3.7919960021972656], [127.21238708496094, -3.7919960021972656], [127.21238708496094, -4.042003631591797], [127.29573059082031, -4.042003631591797]], [[133.46315002441406, -3.625324249267578], [133.46315002441406, -3.7919960021972656], [133.54649353027344, -3.7919960021972656], [133.54649353027344, -3.708660125732422], [133.6298370361328, -3.708660125732422], [133.6298370361328, -3.625324249267578], [133.46315002441406, -3.625324249267578]], [[109.71025085449219, -4.042003631591797], [109.71025085449219, -3.8753318786621094], [109.62690734863281, -3.8753318786621094], [109.62690734863281, -4.042003631591797], [109.71025085449219, -4.042003631591797]], [[131.21287536621094, -3.958667755126953], [131.21287536621094, -3.8753318786621094], [131.12953186035156, -3.8753318786621094], [131.12953186035156, -3.958667755126953], [131.21287536621094, -3.958667755126953]], [[109.12684631347656, -4.375347137451172], [109.12684631347656, -4.625354766845703], [109.29353332519531, -4.625354766845703], [109.29353332519531, -4.458683013916016], [109.37687683105469, -4.458683013916016], [109.37687683105469, -4.375347137451172], [109.12684631347656, -4.375347137451172]], [[135.7134246826172, -4.542018890380859], [135.7134246826172, -4.458683013916016], [135.54673767089844, -4.458683013916016], [135.54673767089844, -4.542018890380859], [135.7134246826172, -4.542018890380859]], [[119.62812805175781, -4.625354766845703], [119.62812805175781, -4.542018890380859], [119.54478454589844, -4.542018890380859], [119.54478454589844, -4.625354766845703], [119.62812805175781, -4.625354766845703]], [[136.21348571777344, -4.708690643310547], [136.21348571777344, -4.625354766845703], [136.13014221191406, -4.625354766845703], [136.13014221191406, -4.708690643310547], [136.21348571777344, -4.708690643310547]], [[136.79689025878906, -4.958698272705078], [136.79689025878906, -4.875362396240234], [136.7135467529297, -4.875362396240234], [136.7135467529297, -4.958698272705078], [136.79689025878906, -4.958698272705078]], [[136.79689025878906, -5.042034149169922], [136.88023376464844, -5.042034149169922], [136.88023376464844, -4.958698272705078], [136.79689025878906, -4.958698272705078], [136.79689025878906, -5.042034149169922]], [[137.13026428222656, -5.458713531494141], [137.13026428222656, -5.375377655029297], [137.0469207763672, -5.375377655029297], [137.0469207763672, -5.542049407958984], [137.13026428222656, -5.542049407958984], [137.13026428222656, -5.625385284423828], [137.2969512939453, -5.625385284423828], [137.2969512939453, -5.708721160888672], [137.3802947998047, -5.708721160888672], [137.3802947998047, -5.875392913818359], [137.46363830566406, -5.875392913818359], [137.46363830566406, -5.958728790283203], [137.3802947998047, -5.958728790283203], [137.3802947998047, -6.042064666748047], [137.2969512939453, -6.042064666748047], [137.2969512939453, -6.125400543212891], [137.3802947998047, -6.125400543212891], [137.3802947998047, -6.208736419677734], [137.46363830566406, -6.208736419677734], [137.46363830566406, -6.292072296142578], [137.79701232910156, -6.292072296142578], [137.79701232910156, -6.208736419677734], [137.9636993408203, -6.208736419677734], [137.9636993408203, -6.292072296142578], [138.13038635253906, -6.292072296142578], [138.13038635253906, -5.875392913818359], [137.88035583496094, -5.875392913818359], [137.88035583496094, -5.625385284423828], [137.6303253173828, -5.625385284423828], [137.6303253173828, -5.375377655029297], [137.3802947998047, -5.375377655029297], [137.3802947998047, -5.125370025634766], [137.13026428222656, -5.125370025634766], [137.13026428222656, -5.208705902099609], [137.21360778808594, -5.208705902099609], [137.21360778808594, -5.292041778564453], [137.2969512939453, -5.292041778564453], [137.2969512939453, -5.458713531494141], [137.13026428222656, -5.458713531494141]], [[131.9629669189453, -5.792057037353516], [131.9629669189453, -5.875392913818359], [131.87962341308594, -5.875392913818359], [131.87962341308594, -5.625385284423828], [131.3795623779297, -5.625385284423828], [131.3795623779297, -5.875392913818359], [131.6295928955078, -5.875392913818359], [131.6295928955078, -5.958728790283203], [131.12953186035156, -5.958728790283203], [131.12953186035156, -6.208736419677734], [130.87950134277344, -6.208736419677734], [130.87950134277344, -6.292072296142578], [130.6294708251953, -6.292072296142578], [130.6294708251953, -6.375408172607422], [130.46278381347656, -6.375408172607422], [130.46278381347656, -6.292072296142578], [130.2960968017578, -6.292072296142578], [130.2960968017578, -6.208736419677734], [130.0460662841797, -6.208736419677734], [130.0460662841797, -6.125400543212891], [129.87937927246094, -6.125400543212891], [129.87937927246094, -6.042064666748047], [129.79603576660156, -6.042064666748047], [129.79603576660156, -5.958728790283203], [129.7126922607422, -5.958728790283203], [129.7126922607422, -5.875392913818359], [129.6293487548828, -5.875392913818359], [129.6293487548828, -5.792057037353516], [129.46266174316406, -5.792057037353516], [129.46266174316406, -5.708721160888672], [129.0459442138672, -5.708721160888672], [129.0459442138672, -5.792057037353516], [128.79591369628906, -5.792057037353516], [128.79591369628906, -5.875392913818359], [128.54588317871094, -5.875392913818359], [128.54588317871094, -5.958728790283203], [128.46253967285156, -5.958728790283203], [128.46253967285156, -6.042064666748047], [128.2958526611328, -6.042064666748047], [128.2958526611328, -6.125400543212891], [128.21250915527344, -6.125400543212891], [128.21250915527344, -6.208736419677734], [128.12916564941406, -6.208736419677734], [128.12916564941406, -6.375408172607422], [128.0458221435547, -6.375408172607422], [128.0458221435547, -6.708751678466797], [128.12916564941406, -6.708751678466797], [128.12916564941406, -6.792087554931641], [128.21250915527344, -6.792087554931641], [128.21250915527344, -6.708751678466797], [128.2958526611328, -6.708751678466797], [128.2958526611328, -6.625415802001953], [128.3791961669922, -6.625415802001953], [128.3791961669922, -6.542079925537109], [128.46253967285156, -6.542079925537109], [128.46253967285156, -6.458744049072266], [128.54588317871094, -6.458744049072266], [128.54588317871094, -6.375408172607422], [128.6292266845703, -6.375408172607422], [128.6292266845703, -6.292072296142578], [128.87925720214844, -6.292072296142578], [128.87925720214844, -6.208736419677734], [128.9626007080078, -6.208736419677734], [128.9626007080078, -6.125400543212891], [128.7125701904297, -6.125400543212891], [128.7125701904297, -6.042064666748047], [128.79591369628906, -6.042064666748047], [128.79591369628906, -5.958728790283203], [128.87925720214844, -5.958728790283203], [128.87925720214844, -6.042064666748047], [129.0459442138672, -6.042064666748047], [129.0459442138672, -5.958728790283203], [129.12928771972656, -5.958728790283203], [129.12928771972656, -6.042064666748047], [129.21263122558594, -6.042064666748047], [129.21263122558594, -5.958728790283203], [129.2959747314453, -5.958728790283203], [129.2959747314453, -6.042064666748047], [129.3793182373047, -6.042064666748047], [129.3793182373047, -6.125400543212891], [129.46266174316406, -6.125400543212891], [129.46266174316406, -6.042064666748047], [129.6293487548828, -6.042064666748047], [129.6293487548828, -6.125400543212891], [129.54600524902344, -6.125400543212891], [129.54600524902344, -6.208736419677734], [129.6293487548828, -6.208736419677734], [129.6293487548828, -6.292072296142578], [129.7126922607422, -6.292072296142578], [129.7126922607422, -6.375408172607422], [130.12940979003906, -6.375408172607422], [130.12940979003906, -6.458744049072266], [130.21275329589844, -6.458744049072266], [130.21275329589844, -6.542079925537109], [130.87950134277344, -6.542079925537109], [130.87950134277344, -6.625415802001953], [131.0461883544922, -6.625415802001953], [131.0461883544922, -6.542079925537109], [131.6295928955078, -6.542079925537109], [131.6295928955078, -6.875423431396484], [132.12965393066406, -6.875423431396484], [132.12965393066406, -7.042095184326172], [132.2963409423828, -7.042095184326172], [132.2963409423828, -7.125431060791016], [132.46302795410156, -7.125431060791016], [132.46302795410156, -7.458774566650391], [132.79640197753906, -7.458774566650391], [132.79640197753906, -7.375438690185547], [132.87974548339844, -7.375438690185547], [132.87974548339844, -7.542110443115234], [132.7130584716797, -7.542110443115234], [132.7130584716797, -7.625446319580078], [132.6297149658203, -7.625446319580078], [132.6297149658203, -7.708782196044922], [132.46302795410156, -7.708782196044922], [132.46302795410156, -7.875453948974609], [132.3796844482422, -7.875453948974609], [132.3796844482422, -8.042125701904297], [132.46302795410156, -8.042125701904297], [132.46302795410156, -8.12546157836914], [132.3796844482422, -8.12546157836914], [132.3796844482422, -8.208797454833984], [132.2963409423828, -8.208797454833984], [132.2963409423828, -8.292133331298828], [132.21299743652344, -8.292133331298828], [132.21299743652344, -8.375469207763672], [132.0463104248047, -8.375469207763672], [132.0463104248047, -8.292133331298828], [131.87962341308594, -8.292133331298828], [131.87962341308594, -8.375469207763672], [131.6295928955078, -8.375469207763672], [131.6295928955078, -8.12546157836914], [131.46290588378906, -8.12546157836914], [131.46290588378906, -8.042125701904297], [131.3795623779297, -8.042125701904297], [131.3795623779297, -8.12546157836914], [131.21287536621094, -8.12546157836914], [131.21287536621094, -8.208797454833984], [131.0461883544922, -8.208797454833984], [131.0461883544922, -8.292133331298828], [130.87950134277344, -8.292133331298828], [130.87950134277344, -8.375469207763672], [130.79615783691406, -8.375469207763672], [130.79615783691406, -8.458805084228516], [130.6294708251953, -8.458805084228516], [130.6294708251953, -8.54214096069336], [130.2960968017578, -8.54214096069336], [130.2960968017578, -8.625476837158203], [130.0460662841797, -8.625476837158203], [130.0460662841797, -8.708812713623047], [129.9627227783203, -8.708812713623047], [129.9627227783203, -8.79214859008789], [129.79603576660156, -8.79214859008789], [129.79603576660156, -8.958820343017578], [129.7126922607422, -8.958820343017578], [129.7126922607422, -9.042156219482422], [129.6293487548828, -9.042156219482422], [129.6293487548828, -9.125492095947266], [129.54600524902344, -9.125492095947266], [129.54600524902344, -9.292163848876953], [129.46266174316406, -9.292163848876953], [129.46266174316406, -9.375499725341797], [129.21263122558594, -9.375499725341797], [129.21263122558594, -9.45883560180664], [129.2959747314453, -9.45883560180664], [129.2959747314453, -9.625507354736328], [129.3793182373047, -9.625507354736328], [129.3793182373047, -9.87551498413086], [129.54600524902344, -9.87551498413086], [129.54600524902344, -9.958850860595703], [129.6293487548828, -9.958850860595703], [129.6293487548828, -10.042186737060547], [129.7126922607422, -10.042186737060547], [129.7126922607422, -10.12552261352539], [129.79603576660156, -10.12552261352539], [129.79603576660156, -10.208858489990234], [129.87937927246094, -10.208858489990234], [129.87937927246094, -10.12552261352539], [130.2960968017578, -10.12552261352539], [130.2960968017578, -10.042186737060547], [130.21275329589844, -10.042186737060547], [130.21275329589844, -9.87551498413086], [130.12940979003906, -9.87551498413086], [130.12940979003906, -9.375499725341797], [130.21275329589844, -9.375499725341797], [130.21275329589844, -9.292163848876953], [130.3794403076172, -9.292163848876953], [130.3794403076172, -9.20882797241211], [130.54612731933594, -9.20882797241211], [130.54612731933594, -9.125492095947266], [131.6295928955078, -9.125492095947266], [131.6295928955078, -8.875484466552734], [131.7129364013672, -8.875484466552734], [131.7129364013672, -8.958820343017578], [131.87962341308594, -8.958820343017578], [131.87962341308594, -9.125492095947266], [132.0463104248047, -9.125492095947266], [132.0463104248047, -9.20882797241211], [132.12965393066406, -9.20882797241211], [132.12965393066406, -9.625507354736328], [131.87962341308594, -9.625507354736328], [131.87962341308594, -9.87551498413086], [131.6295928955078, -9.87551498413086], [131.6295928955078, -10.12552261352539], [131.87962341308594, -10.12552261352539], [131.87962341308594, -10.375530242919922], [132.6297149658203, -10.375530242919922], [132.6297149658203, -10.625537872314453], [132.2963409423828, -10.625537872314453], [132.2963409423828, -10.708873748779297], [132.21299743652344, -10.708873748779297], [132.21299743652344, -10.625537872314453], [132.0463104248047, -10.625537872314453], [132.0463104248047, -10.708873748779297], [131.6295928955078, -10.708873748779297], [131.6295928955078, -11.125553131103516], [132.12965393066406, -11.125553131103516], [132.12965393066406, -10.875545501708984], [132.87974548339844, -10.875545501708984], [132.87974548339844, -11.375560760498047], [133.6298370361328, -11.375560760498047], [133.6298370361328, -11.625568389892578], [134.12989807128906, -11.625568389892578], [134.12989807128906, -11.87557601928711], [135.6300811767578, -11.87557601928711], [135.6300811767578, -11.625568389892578], [136.13014221191406, -11.625568389892578], [136.13014221191406, -11.87557601928711], [136.6302032470703, -11.87557601928711], [136.6302032470703, -11.958911895751953], [140.6306915283203, -11.958911895751953], [140.6306915283203, -11.375560760498047], [140.88072204589844, -11.375560760498047], [140.88072204589844, -10.875545501708984], [141.0474090576172, -10.875545501708984], [141.0474090576172, -10.708873748779297], [140.9640655517578, -10.708873748779297], [140.9640655517578, -10.625537872314453], [141.13075256347656, -10.625537872314453], [141.13075256347656, -10.375530242919922], [141.3807830810547, -10.375530242919922], [141.3807830810547, -10.292194366455078], [141.54747009277344, -10.292194366455078], [141.54747009277344, -10.208858489990234], [141.6308135986328, -10.208858489990234], [141.6308135986328, -10.042186737060547], [141.7141571044922, -10.042186737060547], [141.7141571044922, -10.208858489990234], [141.79750061035156, -10.208858489990234], [141.79750061035156, -10.292194366455078], [141.7141571044922, -10.292194366455078], [141.7141571044922, -10.458866119384766], [141.6308135986328, -10.458866119384766], [141.6308135986328, -10.54220199584961], [141.88084411621094, -10.54220199584961], [141.88084411621094, -10.625537872314453], [142.13087463378906, -10.625537872314453], [142.13087463378906, -10.54220199584961], [142.2975616455078, -10.54220199584961], [142.2975616455078, -10.625537872314453], [142.6309356689453, -10.625537872314453], [142.6309356689453, -10.875545501708984], [142.88096618652344, -10.875545501708984], [142.88096618652344, -11.87557601928711], [142.9643096923828, -11.87557601928711], [142.9643096923828, -9.87551498413086], [142.88096618652344, -9.87551498413086], [142.88096618652344, -9.792179107666016], [142.9643096923828, -9.792179107666016], [142.9643096923828, -9.20882797241211], [142.88096618652344, -9.20882797241211], [142.88096618652344, -9.375499725341797], [142.7142791748047, -9.375499725341797], [142.7142791748047, -9.45883560180664], [142.6309356689453, -9.45883560180664], [142.6309356689453, -9.375499725341797], [142.13087463378906, -9.375499725341797], [142.13087463378906, -9.20882797241211], [141.21409606933594, -9.20882797241211], [141.21409606933594, -9.292163848876953], [141.13075256347656, -9.292163848876953], [141.13075256347656, -9.375499725341797], [140.88072204589844, -9.375499725341797], [140.88072204589844, -9.125492095947266], [140.6306915283203, -9.125492095947266], [140.6306915283203, -8.79214859008789], [140.54734802246094, -8.79214859008789], [140.54734802246094, -8.625476837158203], [140.3806610107422, -8.625476837158203], [140.3806610107422, -8.458805084228516], [140.2973175048828, -8.458805084228516], [140.2973175048828, -8.375469207763672], [140.13063049316406, -8.375469207763672], [140.13063049316406, -8.292133331298828], [140.0472869873047, -8.292133331298828], [140.0472869873047, -8.208797454833984], [139.9639434814453, -8.208797454833984], [139.9639434814453, -8.12546157836914], [139.88059997558594, -8.12546157836914], [139.88059997558594, -8.375469207763672], [138.46376037597656, -8.375469207763672], [138.46376037597656, -8.458805084228516], [137.7136688232422, -8.458805084228516], [137.7136688232422, -8.375469207763672], [137.3802947998047, -8.375469207763672], [137.3802947998047, -7.875453948974609], [137.6303253173828, -7.875453948974609], [137.6303253173828, -7.625446319580078], [137.3802947998047, -7.625446319580078], [137.3802947998047, -7.375438690185547], [137.46363830566406, -7.375438690185547], [137.46363830566406, -7.208766937255859], [137.6303253173828, -7.208766937255859], [137.6303253173828, -7.125431060791016], [137.7136688232422, -7.125431060791016], [137.7136688232422, -7.042095184326172], [137.88035583496094, -7.042095184326172], [137.88035583496094, -6.875423431396484], [138.2970733642578, -6.875423431396484], [138.2970733642578, -6.708751678466797], [137.9636993408203, -6.708751678466797], [137.9636993408203, -6.792087554931641], [137.79701232910156, -6.792087554931641], [137.79701232910156, -6.708751678466797], [137.54698181152344, -6.708751678466797], [137.54698181152344, -6.625415802001953], [137.21360778808594, -6.625415802001953], [137.21360778808594, -6.708751678466797], [137.13026428222656, -6.708751678466797], [137.13026428222656, -6.625415802001953], [136.6302032470703, -6.625415802001953], [136.6302032470703, -6.375408172607422], [136.13014221191406, -6.375408172607422], [136.13014221191406, -6.292072296142578], [136.0467987060547, -6.292072296142578], [136.0467987060547, -6.208736419677734], [135.9634552001953, -6.208736419677734], [135.9634552001953, -6.125400543212891], [135.7134246826172, -6.125400543212891], [135.7134246826172, -6.042064666748047], [135.6300811767578, -6.042064666748047], [135.6300811767578, -5.958728790283203], [135.54673767089844, -5.958728790283203], [135.54673767089844, -6.042064666748047], [135.46339416503906, -6.042064666748047], [135.46339416503906, -5.958728790283203], [135.3800506591797, -5.958728790283203], [135.3800506591797, -6.042064666748047], [135.21336364746094, -6.042064666748047], [135.21336364746094, -6.125400543212891], [135.13002014160156, -6.125400543212891], [135.13002014160156, -6.375408172607422], [134.87998962402344, -6.375408172607422], [134.87998962402344, -6.875423431396484], [134.6299591064453, -6.875423431396484], [134.6299591064453, -7.125431060791016], [134.3799285888672, -7.125431060791016], [134.3799285888672, -6.875423431396484], [134.2965850830078, -6.875423431396484], [134.2965850830078, -6.958759307861328], [134.12989807128906, -6.958759307861328], [134.12989807128906, -6.875423431396484], [133.87986755371094, -6.875423431396484], [133.87986755371094, -6.375408172607422], [133.79652404785156, -6.375408172607422], [133.79652404785156, -6.458744049072266], [133.7131805419922, -6.458744049072266], [133.7131805419922, -6.542079925537109], [133.6298370361328, -6.542079925537109], [133.6298370361328, -6.125400543212891], [133.3798065185547, -6.125400543212891], [133.3798065185547, -5.875392913818359], [133.21311950683594, -5.875392913818359], [133.21311950683594, -5.958728790283203], [133.12977600097656, -5.958728790283203], [133.12977600097656, -6.208736419677734], [133.0464324951172, -6.208736419677734], [133.0464324951172, -6.375408172607422], [132.87974548339844, -6.375408172607422], [132.87974548339844, -5.875392913818359], [132.79640197753906, -5.875392913818359], [132.79640197753906, -5.958728790283203], [132.6297149658203, -5.958728790283203], [132.6297149658203, -5.875392913818359], [132.54637145996094, -5.875392913818359], [132.54637145996094, -5.625385284423828], [132.46302795410156, -5.625385284423828], [132.46302795410156, -5.542049407958984], [132.3796844482422, -5.542049407958984], [132.3796844482422, -5.625385284423828], [132.2963409423828, -5.625385284423828], [132.2963409423828, -5.708721160888672], [132.12965393066406, -5.708721160888672], [132.12965393066406, -5.792057037353516], [131.9629669189453, -5.792057037353516]], [[135.21336364746094, -5.958728790283203], [135.13002014160156, -5.958728790283203], [135.13002014160156, -6.042064666748047], [135.21336364746094, -6.042064666748047], [135.21336364746094, -5.958728790283203]], [[121.87840270996094, -5.625385284423828], [121.87840270996094, -5.792057037353516], [121.96174621582031, -5.792057037353516], [121.96174621582031, -5.875392913818359], [122.12843322753906, -5.875392913818359], [122.12843322753906, -5.625385284423828], [121.87840270996094, -5.625385284423828]], [[107.45997619628906, -6.125400543212891], [107.45997619628906, -6.042064666748047], [107.37663269042969, -6.042064666748047], [107.37663269042969, -6.125400543212891], [107.45997619628906, -6.125400543212891]], [[107.96003723144531, -6.292072296142578], [107.96003723144531, -6.208736419677734], [107.87669372558594, -6.208736419677734], [107.87669372558594, -6.292072296142578], [107.96003723144531, -6.292072296142578]], [[108.12672424316406, -6.375408172607422], [108.12672424316406, -6.292072296142578], [108.04338073730469, -6.292072296142578], [108.04338073730469, -6.375408172607422], [108.12672424316406, -6.375408172607422]], [[119.54478454589844, -6.375408172607422], [119.54478454589844, -6.292072296142578], [119.46144104003906, -6.292072296142578], [119.46144104003906, -6.375408172607422], [119.54478454589844, -6.375408172607422]], [[113.12733459472656, -6.375408172607422], [113.12733459472656, -6.875423431396484], [113.62739562988281, -6.875423431396484], [113.62739562988281, -6.625415802001953], [113.37736511230469, -6.625415802001953], [113.37736511230469, -6.375408172607422], [113.12733459472656, -6.375408172607422]], [[119.12806701660156, -6.625415802001953], [119.12806701660156, -6.458744049072266], [119.04472351074219, -6.458744049072266], [119.04472351074219, -6.375408172607422], [118.96138000488281, -6.375408172607422], [118.96138000488281, -6.458744049072266], [118.87803649902344, -6.458744049072266], [118.87803649902344, -6.542079925537109], [119.04472351074219, -6.542079925537109], [119.04472351074219, -6.625415802001953], [119.12806701660156, -6.625415802001953]], [[134.12989807128906, -6.458744049072266], [134.12989807128906, -6.375408172607422], [134.0465545654297, -6.375408172607422], [134.0465545654297, -6.458744049072266], [134.12989807128906, -6.458744049072266]], [[138.3804168701172, -6.625415802001953], [138.3804168701172, -6.375408172607422], [138.13038635253906, -6.375408172607422], [138.13038635253906, -6.458744049072266], [138.21372985839844, -6.458744049072266], [138.21372985839844, -6.542079925537109], [138.2970733642578, -6.542079925537109], [138.2970733642578, -6.625415802001953], [138.3804168701172, -6.625415802001953]], [[108.71012878417969, -6.792087554931641], [108.71012878417969, -6.708751678466797], [108.62678527832031, -6.708751678466797], [108.62678527832031, -6.792087554931641], [108.71012878417969, -6.792087554931641]], [[108.71012878417969, -6.875423431396484], [108.79347229003906, -6.875423431396484], [108.79347229003906, -6.792087554931641], [108.71012878417969, -6.792087554931641], [108.71012878417969, -6.875423431396484]], [[108.87681579589844, -6.792087554931641], [108.87681579589844, -6.708751678466797], [108.79347229003906, -6.708751678466797], [108.79347229003906, -6.792087554931641], [108.87681579589844, -6.792087554931641]], [[112.12721252441406, -6.875423431396484], [112.12721252441406, -6.792087554931641], [112.04386901855469, -6.792087554931641], [112.04386901855469, -6.875423431396484], [112.12721252441406, -6.875423431396484]], [[125.62886047363281, -7.125431060791016], [125.62886047363281, -7.292102813720703], [125.96223449707031, -7.292102813720703], [125.96223449707031, -7.208766937255859], [126.12892150878906, -7.208766937255859], [126.12892150878906, -7.125431060791016], [125.62886047363281, -7.125431060791016]], [[113.29402160644531, -7.292102813720703], [113.29402160644531, -7.208766937255859], [112.96064758300781, -7.208766937255859], [112.96064758300781, -7.292102813720703], [113.29402160644531, -7.292102813720703]], [[126.21226501464844, -7.458774566650391], [126.21226501464844, -7.542110443115234], [125.87889099121094, -7.542110443115234], [125.87889099121094, -7.625446319580078], [126.37895202636719, -7.625446319580078], [126.37895202636719, -7.458774566650391], [126.21226501464844, -7.458774566650391]], [[132.21299743652344, -7.708782196044922], [132.21299743652344, -7.542110443115234], [132.12965393066406, -7.542110443115234], [132.12965393066406, -7.708782196044922], [132.21299743652344, -7.708782196044922]], [[131.7129364013672, -7.625446319580078], [131.7129364013672, -7.708782196044922], [131.6295928955078, -7.708782196044922], [131.6295928955078, -7.875453948974609], [131.87962341308594, -7.875453948974609], [131.87962341308594, -7.625446319580078], [131.7129364013672, -7.625446319580078]], [[119.87815856933594, -7.875453948974609], [119.87815856933594, -7.792118072509766], [119.79481506347656, -7.792118072509766], [119.79481506347656, -7.875453948974609], [119.87815856933594, -7.875453948974609]], [[124.62873840332031, -8.12546157836914], [124.62873840332031, -8.042125701904297], [124.87876892089844, -8.042125701904297], [124.87876892089844, -8.12546157836914], [125.29548645019531, -8.12546157836914], [125.29548645019531, -8.042125701904297], [125.21214294433594, -8.042125701904297], [125.21214294433594, -7.958789825439453], [125.12879943847656, -7.958789825439453], [125.12879943847656, -7.875453948974609], [124.87876892089844, -7.875453948974609], [124.87876892089844, -7.792118072509766], [124.62873840332031, -7.792118072509766], [124.62873840332031, -7.958789825439453], [124.46205139160156, -7.958789825439453], [124.46205139160156, -8.042125701904297], [124.37870788574219, -8.042125701904297], [124.37870788574219, -8.12546157836914], [124.62873840332031, -8.12546157836914]], [[131.46290588378906, -7.958789825439453], [131.46290588378906, -7.875453948974609], [131.3795623779297, -7.875453948974609], [131.3795623779297, -7.958789825439453], [131.46290588378906, -7.958789825439453]], [[114.54417419433594, -8.12546157836914], [114.54417419433594, -8.042125701904297], [114.37748718261719, -8.042125701904297], [114.37748718261719, -8.12546157836914], [114.54417419433594, -8.12546157836914]], [[125.71220397949219, -8.208797454833984], [125.71220397949219, -8.12546157836914], [125.62886047363281, -8.12546157836914], [125.62886047363281, -8.208797454833984], [125.71220397949219, -8.208797454833984]], [[126.87901306152344, -8.292133331298828], [126.87901306152344, -8.12546157836914], [126.12892150878906, -8.12546157836914], [126.12892150878906, -8.375469207763672], [127.12904357910156, -8.375469207763672], [127.12904357910156, -8.208797454833984], [127.04570007324219, -8.208797454833984], [127.04570007324219, -8.292133331298828], [126.87901306152344, -8.292133331298828]], [[128.6292266845703, -8.208797454833984], [128.6292266845703, -8.12546157836914], [128.54588317871094, -8.12546157836914], [128.54588317871094, -8.208797454833984], [128.6292266845703, -8.208797454833984]], [[129.12928771972656, -8.12546157836914], [129.12928771972656, -8.208797454833984], [129.2959747314453, -8.208797454833984], [129.2959747314453, -8.375469207763672], [129.3793182373047, -8.375469207763672], [129.3793182373047, -8.12546157836914], [129.12928771972656, -8.12546157836914]], [[129.3793182373047, -8.875484466552734], [129.46266174316406, -8.875484466552734], [129.46266174316406, -8.375469207763672], [129.3793182373047, -8.375469207763672], [129.3793182373047, -8.875484466552734]], [[127.21238708496094, -8.875484466552734], [127.21238708496094, -8.958820343017578], [127.12904357910156, -8.958820343017578], [127.12904357910156, -9.042156219482422], [126.96235656738281, -9.042156219482422], [126.96235656738281, -9.125492095947266], [126.87901306152344, -9.125492095947266], [126.87901306152344, -9.20882797241211], [126.71232604980469, -9.20882797241211], [126.71232604980469, -9.292163848876953], [126.79566955566406, -9.292163848876953], [126.79566955566406, -9.375499725341797], [126.96235656738281, -9.375499725341797], [126.96235656738281, -9.292163848876953], [127.12904357910156, -9.292163848876953], [127.12904357910156, -9.20882797241211], [127.21238708496094, -9.20882797241211], [127.21238708496094, -9.125492095947266], [127.29573059082031, -9.125492095947266], [127.29573059082031, -9.042156219482422], [127.37907409667969, -9.042156219482422], [127.37907409667969, -9.125492095947266], [127.62910461425781, -9.125492095947266], [127.62910461425781, -8.79214859008789], [127.54576110839844, -8.79214859008789], [127.54576110839844, -8.708812713623047], [127.79579162597656, -8.708812713623047], [127.79579162597656, -8.54214096069336], [127.62910461425781, -8.54214096069336], [127.62910461425781, -8.375469207763672], [127.54576110839844, -8.375469207763672], [127.54576110839844, -8.292133331298828], [127.29573059082031, -8.292133331298828], [127.29573059082031, -8.458805084228516], [127.37907409667969, -8.458805084228516], [127.37907409667969, -8.79214859008789], [127.29573059082031, -8.79214859008789], [127.29573059082031, -8.875484466552734], [127.21238708496094, -8.875484466552734]], [[123.96199035644531, -8.458805084228516], [123.96199035644531, -8.375469207763672], [123.87864685058594, -8.375469207763672], [123.87864685058594, -8.458805084228516], [123.96199035644531, -8.458805084228516]], [[123.96199035644531, -8.54214096069336], [124.04533386230469, -8.54214096069336], [124.04533386230469, -8.458805084228516], [123.96199035644531, -8.458805084228516], [123.96199035644531, -8.54214096069336]], [[124.04533386230469, -8.625476837158203], [124.12867736816406, -8.625476837158203], [124.12867736816406, -8.54214096069336], [124.04533386230469, -8.54214096069336], [124.04533386230469, -8.625476837158203]], [[127.79579162597656, -8.458805084228516], [127.79579162597656, -8.375469207763672], [127.71244812011719, -8.375469207763672], [127.71244812011719, -8.458805084228516], [127.79579162597656, -8.458805084228516]], [[123.96199035644531, -8.875484466552734], [123.96199035644531, -8.708812713623047], [123.87864685058594, -8.708812713623047], [123.87864685058594, -8.875484466552734], [123.96199035644531, -8.875484466552734]], [[120.87828063964844, -8.958820343017578], [120.87828063964844, -8.875484466552734], [120.62825012207031, -8.875484466552734], [120.62825012207031, -8.958820343017578], [120.87828063964844, -8.958820343017578]], [[120.62825012207031, -9.625507354736328], [120.62825012207031, -9.375499725341797], [120.37821960449219, -9.375499725341797], [120.37821960449219, -9.292163848876953], [120.21153259277344, -9.292163848876953], [120.21153259277344, -9.45883560180664], [120.29487609863281, -9.45883560180664], [120.29487609863281, -9.542171478271484], [120.37821960449219, -9.542171478271484], [120.37821960449219, -9.625507354736328], [120.62825012207031, -9.625507354736328]], [[130.3794403076172, -10.12552261352539], [130.3794403076172, -10.292194366455078], [130.54612731933594, -10.292194366455078], [130.54612731933594, -10.208858489990234], [130.6294708251953, -10.208858489990234], [130.6294708251953, -10.12552261352539], [130.3794403076172, -10.12552261352539]], [[124.71208190917969, -10.375530242919922], [124.71208190917969, -10.292194366455078], [124.62873840332031, -10.292194366455078], [124.62873840332031, -10.375530242919922], [124.71208190917969, -10.375530242919922]], [[124.29536437988281, -10.375530242919922], [124.29536437988281, -10.458866119384766], [124.21202087402344, -10.458866119384766], [124.21202087402344, -10.54220199584961], [124.04533386230469, -10.54220199584961], [124.04533386230469, -10.625537872314453], [123.54527282714844, -10.625537872314453], [123.54527282714844, -10.708873748779297], [123.37858581542969, -10.708873748779297], [123.37858581542969, -10.875545501708984], [123.12855529785156, -10.875545501708984], [123.12855529785156, -11.042217254638672], [123.04521179199219, -11.042217254638672], [123.04521179199219, -11.125553131103516], [122.96186828613281, -11.125553131103516], [122.96186828613281, -11.20888900756836], [122.87852478027344, -11.20888900756836], [122.87852478027344, -11.292224884033203], [122.79518127441406, -11.292224884033203], [122.79518127441406, -11.375560760498047], [122.62849426269531, -11.375560760498047], [122.62849426269531, -11.45889663696289], [122.29512023925781, -11.45889663696289], [122.29512023925781, -11.375560760498047], [122.04508972167969, -11.375560760498047], [122.04508972167969, -11.292224884033203], [121.46168518066406, -11.292224884033203], [121.46168518066406, -11.375560760498047], [121.29499816894531, -11.375560760498047], [121.29499816894531, -11.45889663696289], [121.21165466308594, -11.45889663696289], [121.21165466308594, -11.542232513427734], [121.12831115722656, -11.542232513427734], [121.12831115722656, -11.625568389892578], [120.87828063964844, -11.625568389892578], [120.87828063964844, -11.87557601928711], [120.46156311035156, -11.87557601928711], [120.46156311035156, -11.958911895751953], [121.87840270996094, -11.958911895751953], [121.87840270996094, -11.87557601928711], [122.87852478027344, -11.87557601928711], [122.87852478027344, -11.708904266357422], [122.96186828613281, -11.708904266357422], [122.96186828613281, -11.625568389892578], [123.04521179199219, -11.625568389892578], [123.04521179199219, -11.542232513427734], [123.21189880371094, -11.542232513427734], [123.21189880371094, -11.45889663696289], [123.29524230957031, -11.45889663696289], [123.29524230957031, -11.375560760498047], [123.37858581542969, -11.375560760498047], [123.37858581542969, -11.292224884033203], [123.46192932128906, -11.292224884033203], [123.46192932128906, -11.20888900756836], [123.62861633300781, -11.20888900756836], [123.62861633300781, -11.125553131103516], [124.12867736816406, -11.125553131103516], [124.12867736816406, -11.042217254638672], [124.29536437988281, -11.042217254638672], [124.29536437988281, -10.958881378173828], [124.37870788574219, -10.958881378173828], [124.37870788574219, -10.875545501708984], [124.62873840332031, -10.875545501708984], [124.62873840332031, -10.625537872314453], [124.46205139160156, -10.625537872314453], [124.46205139160156, -10.54220199584961], [124.54539489746094, -10.54220199584961], [124.54539489746094, -10.458866119384766], [124.62873840332031, -10.458866119384766], [124.62873840332031, -10.375530242919922], [124.29536437988281, -10.375530242919922]], [[131.2962188720703, -10.875545501708984], [131.2962188720703, -10.79220962524414], [131.21287536621094, -10.79220962524414], [131.21287536621094, -10.875545501708984], [131.2962188720703, -10.875545501708984]], [[123.04521179199219, -10.958881378173828], [123.04521179199219, -10.875545501708984], [122.96186828613281, -10.875545501708984], [122.96186828613281, -10.958881378173828], [123.04521179199219, -10.958881378173828]], [[141.9641876220703, -10.875545501708984], [141.9641876220703, -10.958881378173828], [142.0475311279297, -10.958881378173828], [142.0475311279297, -11.125553131103516], [142.13087463378906, -11.125553131103516], [142.13087463378906, -10.875545501708984], [141.9641876220703, -10.875545501708984]], [[122.87852478027344, -11.042217254638672], [122.87852478027344, -10.958881378173828], [122.79518127441406, -10.958881378173828], [122.79518127441406, -11.042217254638672], [122.87852478027344, -11.042217254638672]], [[131.21287536621094, -11.042217254638672], [131.21287536621094, -10.958881378173828], [131.0461883544922, -10.958881378173828], [131.0461883544922, -11.042217254638672], [131.21287536621094, -11.042217254638672]], [[141.21409606933594, -11.042217254638672], [141.21409606933594, -10.958881378173828], [141.13075256347656, -10.958881378173828], [141.13075256347656, -11.042217254638672], [141.21409606933594, -11.042217254638672]], [[130.3794403076172, -11.125553131103516], [130.3794403076172, -11.042217254638672], [130.2960968017578, -11.042217254638672], [130.2960968017578, -11.125553131103516], [130.3794403076172, -11.125553131103516]], [[141.3807830810547, -11.375560760498047], [141.3807830810547, -11.125553131103516], [141.13075256347656, -11.125553131103516], [141.13075256347656, -11.375560760498047], [141.3807830810547, -11.375560760498047]], [[141.0474090576172, -11.292224884033203], [141.0474090576172, -11.20888900756836], [140.9640655517578, -11.20888900756836], [140.9640655517578, -11.292224884033203], [141.0474090576172, -11.292224884033203]], [[141.6308135986328, -11.87557601928711], [141.6308135986328, -11.625568389892578], [140.88072204589844, -11.625568389892578], [140.88072204589844, -11.87557601928711], [141.0474090576172, -11.87557601928711], [141.0474090576172, -11.958911895751953], [141.3807830810547, -11.958911895751953], [141.3807830810547, -11.87557601928711], [141.6308135986328, -11.87557601928711]], [[141.88084411621094, -11.958911895751953], [141.88084411621094, -11.87557601928711], [141.79750061035156, -11.87557601928711], [141.79750061035156, -11.958911895751953], [141.88084411621094, -11.958911895751953]]], [[[96.70866394042969, 2.041515350341797], [96.62532043457031, 2.041515350341797], [96.62532043457031, 2.1248512268066406], [96.70866394042969, 2.1248512268066406], [96.70866394042969, 2.041515350341797]]], [[[101.62593078613281, 2.374858856201172], [101.54258728027344, 2.374858856201172], [101.54258728027344, 2.4581947326660156], [101.62593078613281, 2.4581947326660156], [101.62593078613281, 2.374858856201172]]], [[[120.29487609863281, -11.625568389892578], [120.12818908691406, -11.625568389892578], [120.12818908691406, -11.542232513427734], [120.29487609863281, -11.542232513427734], [120.29487609863281, -11.625568389892578]]], [[[124.12867736816406, -10.875545501708984], [124.04533386230469, -10.875545501708984], [124.04533386230469, -10.79220962524414], [124.12867736816406, -10.79220962524414], [124.12867736816406, -10.875545501708984]]], [[[121.21165466308594, -10.375530242919922], [121.12831115722656, -10.375530242919922], [121.12831115722656, -10.292194366455078], [121.21165466308594, -10.292194366455078], [121.21165466308594, -10.375530242919922]]], [[[122.79518127441406, -10.375530242919922], [122.71183776855469, -10.375530242919922], [122.71183776855469, -10.292194366455078], [122.79518127441406, -10.292194366455078], [122.79518127441406, -10.375530242919922]]], [[[121.29499816894531, -10.292194366455078], [121.21165466308594, -10.292194366455078], [121.21165466308594, -10.208858489990234], [121.29499816894531, -10.208858489990234], [121.29499816894531, -10.292194366455078]]], [[[130.9628448486328, -8.708812713623047], [131.0461883544922, -8.708812713623047], [131.0461883544922, -8.625476837158203], [131.12953186035156, -8.625476837158203], [131.12953186035156, -8.875484466552734], [130.87950134277344, -8.875484466552734], [130.87950134277344, -8.79214859008789], [130.9628448486328, -8.79214859008789], [130.9628448486328, -8.708812713623047]]], [[[132.0463104248047, -8.708812713623047], [132.12965393066406, -8.708812713623047], [132.12965393066406, -8.79214859008789], [131.6295928955078, -8.79214859008789], [131.6295928955078, -8.708812713623047], [131.46290588378906, -8.708812713623047], [131.46290588378906, -8.54214096069336], [131.54624938964844, -8.54214096069336], [131.54624938964844, -8.458805084228516], [131.87962341308594, -8.458805084228516], [131.87962341308594, -8.54214096069336], [131.9629669189453, -8.54214096069336], [131.9629669189453, -8.625476837158203], [132.0463104248047, -8.625476837158203], [132.0463104248047, -8.708812713623047]]], [[[131.6295928955078, -6.458744049072266], [131.54624938964844, -6.458744049072266], [131.54624938964844, -6.375408172607422], [131.6295928955078, -6.375408172607422], [131.6295928955078, -6.458744049072266]]], [[[128.46253967285156, -6.292072296142578], [128.46253967285156, -6.208736419677734], [128.54588317871094, -6.208736419677734], [128.54588317871094, -6.292072296142578], [128.46253967285156, -6.292072296142578]]], [[[128.54588317871094, -6.208736419677734], [128.54588317871094, -6.125400543212891], [128.6292266845703, -6.125400543212891], [128.6292266845703, -6.208736419677734], [128.54588317871094, -6.208736419677734]]], [[[131.9629669189453, -6.125400543212891], [131.9629669189453, -6.042064666748047], [132.0463104248047, -6.042064666748047], [132.0463104248047, -6.125400543212891], [131.9629669189453, -6.125400543212891]]], [[[131.9629669189453, -6.042064666748047], [131.87962341308594, -6.042064666748047], [131.87962341308594, -5.958728790283203], [131.9629669189453, -5.958728790283203], [131.9629669189453, -6.042064666748047]]], [[[132.12965393066406, -6.042064666748047], [132.0463104248047, -6.042064666748047], [132.0463104248047, -5.958728790283203], [132.12965393066406, -5.958728790283203], [132.12965393066406, -6.042064666748047]]], [[[125.79554748535156, -3.7919960021972656], [125.71220397949219, -3.7919960021972656], [125.71220397949219, -3.708660125732422], [125.79554748535156, -3.708660125732422], [125.79554748535156, -3.7919960021972656]]], [[[125.79554748535156, -3.5419883728027344], [125.71220397949219, -3.5419883728027344], [125.71220397949219, -3.4586524963378906], [125.79554748535156, -3.4586524963378906], [125.79554748535156, -3.5419883728027344]]], [[[125.62886047363281, -3.1253089904785156], [125.54551696777344, -3.1253089904785156], [125.54551696777344, -3.041973114013672], [125.62886047363281, -3.041973114013672], [125.62886047363281, -3.1253089904785156]]], [[[123.71195983886719, -0.8752403259277344], [123.62861633300781, -0.8752403259277344], [123.62861633300781, -0.7919044494628906], [123.71195983886719, -0.7919044494628906], [123.71195983886719, -0.8752403259277344]]], [[[127.04570007324219, 2.291522979736328], [126.96235656738281, 2.291522979736328], [126.96235656738281, 2.374858856201172], [127.04570007324219, 2.374858856201172], [127.04570007324219, 2.291522979736328]]], [[[127.21238708496094, 3.041545867919922], [127.12904357910156, 3.041545867919922], [127.12904357910156, 3.1248817443847656], [127.21238708496094, 3.1248817443847656], [127.21238708496094, 3.041545867919922]]], [[[127.21238708496094, 3.291553497314453], [127.12904357910156, 3.291553497314453], [127.12904357910156, 3.374889373779297], [127.21238708496094, 3.374889373779297], [127.21238708496094, 3.291553497314453]]], [[[127.46241760253906, 3.291553497314453], [127.37907409667969, 3.291553497314453], [127.37907409667969, 3.624897003173828], [127.62910461425781, 3.624897003173828], [127.62910461425781, 3.4582252502441406], [127.54576110839844, 3.4582252502441406], [127.54576110839844, 3.374889373779297], [127.46241760253906, 3.374889373779297], [127.46241760253906, 3.291553497314453]]], [[[127.71244812011719, 3.624897003173828], [127.62910461425781, 3.624897003173828], [127.62910461425781, 3.8749046325683594], [127.71244812011719, 3.8749046325683594], [127.71244812011719, 3.624897003173828]]], [[[127.37907409667969, 6.374980926513672], [127.12904357910156, 6.374980926513672], [127.12904357910156, 6.624988555908203], [127.37907409667969, 6.624988555908203], [127.37907409667969, 6.374980926513672]]], [[[136.21348571777344, -11.625568389892578], [136.13014221191406, -11.625568389892578], [136.13014221191406, -11.375560760498047], [136.3801727294922, -11.375560760498047], [136.3801727294922, -11.625568389892578], [136.2968292236328, -11.625568389892578], [136.2968292236328, -11.708904266357422], [136.21348571777344, -11.708904266357422], [136.21348571777344, -11.625568389892578]]], [[[134.7133026123047, -11.45889663696289], [134.6299591064453, -11.45889663696289], [134.6299591064453, -11.375560760498047], [134.7133026123047, -11.375560760498047], [134.7133026123047, -11.45889663696289]]], [[[136.6302032470703, -11.45889663696289], [136.54685974121094, -11.45889663696289], [136.54685974121094, -11.375560760498047], [136.3801727294922, -11.375560760498047], [136.3801727294922, -11.125553131103516], [136.6302032470703, -11.125553131103516], [136.6302032470703, -11.20888900756836], [136.7135467529297, -11.20888900756836], [136.7135467529297, -11.292224884033203], [136.6302032470703, -11.292224884033203], [136.6302032470703, -11.45889663696289]]], [[[133.87986755371094, -11.20888900756836], [133.87986755371094, -11.292224884033203], [133.79652404785156, -11.292224884033203], [133.79652404785156, -11.20888900756836], [133.6298370361328, -11.20888900756836], [133.6298370361328, -11.125553131103516], [134.3799285888672, -11.125553131103516], [134.3799285888672, -11.375560760498047], [134.2965850830078, -11.375560760498047], [134.2965850830078, -11.292224884033203], [133.9632110595703, -11.292224884033203], [133.9632110595703, -11.20888900756836], [133.87986755371094, -11.20888900756836]]], [[[135.79676818847656, -11.375560760498047], [135.79676818847656, -11.20888900756836], [135.6300811767578, -11.20888900756836], [135.6300811767578, -11.125553131103516], [136.2968292236328, -11.125553131103516], [136.2968292236328, -11.20888900756836], [136.21348571777344, -11.20888900756836], [136.21348571777344, -11.292224884033203], [136.13014221191406, -11.292224884033203], [136.13014221191406, -11.375560760498047], [135.79676818847656, -11.375560760498047]]], [[[133.6298370361328, -11.125553131103516], [133.54649353027344, -11.125553131103516], [133.54649353027344, -11.20888900756836], [133.46315002441406, -11.20888900756836], [133.46315002441406, -11.042217254638672], [133.21311950683594, -11.042217254638672], [133.21311950683594, -10.958881378173828], [133.12977600097656, -10.958881378173828], [133.12977600097656, -10.79220962524414], [132.87974548339844, -10.79220962524414], [132.87974548339844, -10.708873748779297], [132.79640197753906, -10.708873748779297], [132.79640197753906, -10.375530242919922], [132.87974548339844, -10.375530242919922], [132.87974548339844, -10.625537872314453], [133.3798065185547, -10.625537872314453], [133.3798065185547, -10.875545501708984], [133.6298370361328, -10.875545501708984], [133.6298370361328, -11.125553131103516]]], [[[142.7142791748047, -10.625537872314453], [142.6309356689453, -10.625537872314453], [142.6309356689453, -10.54220199584961], [142.7142791748047, -10.54220199584961], [142.7142791748047, -10.625537872314453]]], [[[142.13087463378906, -10.042186737060547], [142.21421813964844, -10.042186737060547], [142.21421813964844, -10.12552261352539], [142.3809051513672, -10.12552261352539], [142.3809051513672, -10.375530242919922], [142.13087463378906, -10.375530242919922], [142.13087463378906, -10.042186737060547]]], [[[142.88096618652344, -10.042186737060547], [142.79762268066406, -10.042186737060547], [142.79762268066406, -9.958850860595703], [142.88096618652344, -9.958850860595703], [142.88096618652344, -10.042186737060547]]], [[[142.21421813964844, -9.958850860595703], [142.13087463378906, -9.958850860595703], [142.13087463378906, -9.87551498413086], [142.21421813964844, -9.87551498413086], [142.21421813964844, -9.958850860595703]]], [[[142.3809051513672, -9.708843231201172], [142.21421813964844, -9.708843231201172], [142.21421813964844, -9.625507354736328], [142.3809051513672, -9.625507354736328], [142.3809051513672, -9.708843231201172]]], [[[132.2963409423828, -6.458744049072266], [131.9629669189453, -6.458744049072266], [131.9629669189453, -6.375408172607422], [132.12965393066406, -6.375408172607422], [132.12965393066406, -6.208736419677734], [132.21299743652344, -6.208736419677734], [132.21299743652344, -6.125400543212891], [132.2963409423828, -6.125400543212891], [132.2963409423828, -6.208736419677734], [132.46302795410156, -6.208736419677734], [132.46302795410156, -6.125400543212891], [132.6297149658203, -6.125400543212891], [132.6297149658203, -6.042064666748047], [132.79640197753906, -6.042064666748047], [132.79640197753906, -6.375408172607422], [132.87974548339844, -6.375408172607422], [132.87974548339844, -6.542079925537109], [132.2963409423828, -6.542079925537109], [132.2963409423828, -6.458744049072266]]], [[[132.46302795410156, -5.958728790283203], [132.46302795410156, -5.875392913818359], [132.54637145996094, -5.875392913818359], [132.54637145996094, -5.958728790283203], [132.46302795410156, -5.958728790283203]]], [[[132.3796844482422, -5.708721160888672], [132.3796844482422, -5.625385284423828], [132.46302795410156, -5.625385284423828], [132.46302795410156, -5.708721160888672], [132.3796844482422, -5.708721160888672]]], [[[142.3809051513672, -1.8752708435058594], [142.13087463378906, -1.8752708435058594], [142.13087463378906, -1.7085990905761719], [142.3809051513672, -1.7085990905761719], [142.3809051513672, -1.8752708435058594]]], [[[139.6305694580078, 2.7915382385253906], [139.54722595214844, 2.7915382385253906], [139.54722595214844, 2.8748741149902344], [139.6305694580078, 2.8748741149902344], [139.6305694580078, 2.7915382385253906]]], [[[139.88059997558594, 2.8748741149902344], [139.6305694580078, 2.8748741149902344], [139.6305694580078, 3.1248817443847656], [139.88059997558594, 3.1248817443847656], [139.88059997558594, 2.8748741149902344]]], [[[138.2970733642578, 3.5415611267089844], [138.21372985839844, 3.5415611267089844], [138.21372985839844, 3.624897003173828], [138.0470428466797, 3.624897003173828], [138.0470428466797, 3.708232879638672], [137.3802947998047, 3.708232879638672], [137.3802947998047, 3.8749046325683594], [138.6304473876953, 3.8749046325683594], [138.6304473876953, 3.374889373779297], [138.3804168701172, 3.374889373779297], [138.3804168701172, 3.4582252502441406], [138.2970733642578, 3.4582252502441406], [138.2970733642578, 3.5415611267089844]]], [[[133.0464324951172, 3.7915687561035156], [133.12977600097656, 3.7915687561035156], [133.12977600097656, 3.8749046325683594], [133.21311950683594, 3.8749046325683594], [133.21311950683594, 3.958240509033203], [133.3798065185547, 3.958240509033203], [133.3798065185547, 3.624897003173828], [132.9630889892578, 3.624897003173828], [132.9630889892578, 3.708232879638672], [133.0464324951172, 3.708232879638672], [133.0464324951172, 3.7915687561035156]]], [[[141.3807830810547, 3.7915687561035156], [141.2974395751953, 3.7915687561035156], [141.2974395751953, 3.8749046325683594], [141.3807830810547, 3.8749046325683594], [141.3807830810547, 3.7915687561035156]]], [[[138.88047790527344, 4.124912261962891], [139.3805389404297, 4.124912261962891], [139.3805389404297, 3.8749046325683594], [139.13050842285156, 3.8749046325683594], [139.13050842285156, 3.624897003173828], [138.88047790527344, 3.624897003173828], [138.88047790527344, 4.124912261962891]]], [[[141.79750061035156, 4.124912261962891], [141.79750061035156, 4.041576385498047], [141.88084411621094, 4.041576385498047], [141.88084411621094, 3.958240509033203], [141.54747009277344, 3.958240509033203], [141.54747009277344, 4.124912261962891], [141.79750061035156, 4.124912261962891]]], [[[142.3809051513672, 4.124912261962891], [142.3809051513672, 4.374919891357422], [142.6309356689453, 4.374919891357422], [142.6309356689453, 3.708232879638672], [142.3809051513672, 3.708232879638672], [142.3809051513672, 3.8749046325683594], [142.13087463378906, 3.8749046325683594], [142.13087463378906, 4.124912261962891], [142.3809051513672, 4.124912261962891]]]]}}, {"type": "Feature", "properties": {"date": "2026-10-01", "category_id": 1, "level": "waspada", "kategori": "Waspada Aktivitas Snorkling", "color": "#FFFF00"}, "geometry": {"type": "MultiPolygon", "coordinates": [[[[108.71012878417969, -6.875423431396484], [108.71012878417969, -6.792087554931641], [108.79347229003906, -6.792087554931641], [108.79347229003906, -6.875423431396484], [108.71012878417969, -6.875423431396484]]], [[[108.71012878417969, -6.708751678466797], [108.71012878417969, -6.792087554931641], [108.62678527832031, -6.792087554931641], [108.62678527832031, -6.708751678466797], [108.71012878417969, -6.708751678466797]]], [[[108.79347229003906, -6.792087554931641], [108.79347229003906, -6.708751678466797], [108.87681579589844, -6.708751678466797], [108.87681579589844, -6.792087554931641], [108.79347229003906, -6.792087554931641]]], [[[108.04338073730469, -6.292072296142578], [108.12672424316406, -6.292072296142578], [108.12672424316406, -6.375408172607422], [108.04338073730469, -6.375408172607422], [108.04338073730469, -6.292072296142578]]], [[[107.87669372558594, -6.208736419677734], [107.96003723144531, -6.208736419677734], [107.96003723144531, -6.292072296142578], [107.87669372558594, -6.292072296142578], [107.87669372558594, -6.208736419677734]]], [[[107.37663269042969, -6.125400543212891], [107.37663269042969, -6.042064666748047], [107.45997619628906, -6.042064666748047], [107.45997619628906, -6.125400543212891], [107.37663269042969, -6.125400543212891]]], [[[105.87644958496094, -6.125400543212891], [105.62641906738281, -6.125400543212891], [105.62641906738281, -6.042064666748047], [105.70976257324219, -6.042064666748047], [105.70976257324219, -5.875392913818359], [105.87644958496094, -5.875392913818359], [105.87644958496094, -6.125400543212891]]], [[[106.12648010253906, -5.875392913818359], [105.87644958496094, -5.875392913818359], [105.87644958496094, -5.792057037353516], [105.95979309082031, -5.792057037353516], [105.95979309082031, -5.708721160888672], [106.12648010253906, -5.708721160888672], [106.12648010253906, -5.875392913818359]]], [[[109.37687683105469, -4.375347137451172], [109.37687683105469, -4.458683013916016], [109.29353332519531, -4.458683013916016], [109.29353332519531, -4.625354766845703], [109.12684631347656, -4.625354766845703], [109.12684631347656, -4.375347137451172], [109.37687683105469, -4.375347137451172]]], [[[107.29328918457031, -2.958637237548828], [107.37663269042969, -2.958637237548828], [107.37663269042969, -3.041973114013672], [107.29328918457031, -3.041973114013672], [107.29328918457031, -2.958637237548828]]], [[[106.95991516113281, -2.8753013610839844], [107.04325866699219, -2.8753013610839844], [107.04325866699219, -2.958637237548828], [106.95991516113281, -2.958637237548828], [106.95991516113281, -2.8753013610839844]]], [[[100.37577819824219, -2.8753013610839844], [100.37577819824219, -2.625293731689453], [100.62580871582031, -2.625293731689453], [100.62580871582031, -2.8753013610839844], [100.37577819824219, -2.8753013610839844]]], [[[100.95918273925781, -2.4586219787597656], [101.04252624511719, -2.4586219787597656], [101.04252624511719, -2.5419578552246094], [100.87583923339844, -2.5419578552246094], [100.87583923339844, -2.375286102294922], [100.95918273925781, -2.375286102294922], [100.95918273925781, -2.4586219787597656]]], [[[100.87583923339844, -2.375286102294922], [100.79249572753906, -2.375286102294922], [100.79249572753906, -2.1252784729003906], [100.87583923339844, -2.1252784729003906], [100.87583923339844, -2.375286102294922]]], [[[108.87681579589844, -1.9586067199707031], [108.87681579589844, -2.041942596435547], [108.96015930175781, -2.041942596435547], [108.96015930175781, -2.1252784729003906], [109.21018981933594, -2.1252784729003906], [109.21018981933594, -2.291950225830078], [109.29353332519531, -2.291950225830078], [109.29353332519531, -2.375286102294922], [109.37687683105469, -2.375286102294922], [109.37687683105469, -2.4586219787597656], [109.29353332519531, -2.4586219787597656], [109.29353332519531, -2.5419578552246094], [109.12684631347656, -2.5419578552246094], [109.12684631347656, -2.4586219787597656], [108.87681579589844, -2.4586219787597656], [108.87681579589844, -2.375286102294922], [108.71012878417969, -2.375286102294922], [108.71012878417969, -2.291950225830078], [108.79347229003906, -2.291950225830078], [108.79347229003906, -2.2086143493652344], [108.87681579589844, -2.2086143493652344], [108.87681579589844, -2.1252784729003906], [108.54344177246094, -2.1252784729003906], [108.54344177246094, -1.9586067199707031], [108.37675476074219, -1.9586067199707031], [108.37675476074219, -1.6252632141113281], [108.62678527832031, -1.6252632141113281], [108.62678527832031, -1.7919349670410156], [108.71012878417969, -1.7919349670410156], [108.71012878417969, -1.8752708435058594], [108.79347229003906, -1.8752708435058594], [108.79347229003906, -1.9586067199707031], [108.87681579589844, -1.9586067199707031]]], [[[108.96015930175781, -1.6252632141113281], [109.12684631347656, -1.6252632141113281], [109.12684631347656, -1.7919349670410156], [108.96015930175781, -1.7919349670410156], [108.96015930175781, -1.6252632141113281]]], [[[108.29341125488281, -1.5419273376464844], [108.37675476074219, -1.5419273376464844], [108.37675476074219, -1.6252632141113281], [108.29341125488281, -1.6252632141113281], [108.29341125488281, -1.5419273376464844]]], [[[108.62678527832031, -1.1252479553222656], [108.62678527832031, -0.9585762023925781], [108.71012878417969, -0.9585762023925781], [108.71012878417969, -1.1252479553222656], [108.62678527832031, -1.1252479553222656]]], [[[97.95881652832031, 0.20812606811523438], [97.87547302246094, 0.20812606811523438], [97.87547302246094, 0.2914619445800781], [98.12550354003906, 0.2914619445800781], [98.12550354003906, 0.12479019165039062], [98.04216003417969, 0.12479019165039062], [98.04216003417969, 0.041454315185546875], [97.87547302246094, 0.041454315185546875], [97.87547302246094, 0.12479019165039062], [97.95881652832031, 0.12479019165039062], [97.95881652832031, 0.20812606811523438]]], [[[99.04228210449219, 0.20812606811523438], [99.12562561035156, 0.20812606811523438], [99.12562561035156, 0.12479019165039062], [99.04228210449219, 0.12479019165039062], [99.04228210449219, 0.20812606811523438]]], [[[98.95893859863281, 0.20812606811523438], [98.95893859863281, 0.2914619445800781], [99.04228210449219, 0.2914619445800781], [99.04228210449219, 0.20812606811523438], [98.95893859863281, 0.20812606811523438]]], [[[98.87559509277344, 0.3747978210449219], [98.95893859863281, 0.3747978210449219], [98.95893859863281, 0.2914619445800781], [98.87559509277344, 0.2914619445800781], [98.87559509277344, 0.3747978210449219]]], [[[103.37614440917969, 0.6248054504394531], [103.45948791503906, 0.6248054504394531], [103.45948791503906, 0.5414695739746094], [103.37614440917969, 0.5414695739746094], [103.37614440917969, 0.6248054504394531]]], [[[103.62617492675781, 0.6248054504394531], [103.62617492675781, 0.7081413269042969], [103.70951843261719, 0.7081413269042969], [103.70951843261719, 0.6248054504394531], [103.62617492675781, 0.6248054504394531]]], [[[97.54209899902344, 0.8748130798339844], [97.62544250488281, 0.8748130798339844], [97.62544250488281, 0.7914772033691406], [97.54209899902344, 0.7914772033691406], [97.54209899902344, 0.8748130798339844]]], [[[97.29206848144531, 1.1248207092285156], [97.37541198730469, 1.1248207092285156], [97.37541198730469, 0.9581489562988281], [97.29206848144531, 0.9581489562988281], [97.29206848144531, 1.1248207092285156]]], [[[103.29280090332031, 1.2081565856933594], [103.29280090332031, 1.2914924621582031], [103.45948791503906, 1.2914924621582031], [103.45948791503906, 1.2081565856933594], [103.29280090332031, 1.2081565856933594]]], [[[103.20945739746094, 1.3748283386230469], [103.12611389160156, 1.3748283386230469], [103.12611389160156, 1.2081565856933594], [103.04277038574219, 1.2081565856933594], [103.04277038574219, 1.2914924621582031], [102.95942687988281, 1.2914924621582031], [102.95942687988281, 1.3748283386230469], [102.87608337402344, 1.3748283386230469], [102.87608337402344, 1.4581642150878906], [102.79273986816406, 1.4581642150878906], [102.79273986816406, 1.6248359680175781], [102.62605285644531, 1.6248359680175781], [102.62605285644531, 1.7081718444824219], [102.87608337402344, 1.7081718444824219], [102.87608337402344, 1.6248359680175781], [103.04277038574219, 1.6248359680175781], [103.04277038574219, 1.5415000915527344], [103.12611389160156, 1.5415000915527344], [103.12611389160156, 1.4581642150878906], [103.20945739746094, 1.4581642150878906], [103.20945739746094, 1.3748283386230469]]], [[[101.87596130371094, 2.291522979736328], [101.95930480957031, 2.291522979736328], [101.95930480957031, 2.2081871032714844], [102.12599182128906, 2.2081871032714844], [102.12599182128906, 2.1248512268066406], [102.29267883300781, 2.1248512268066406], [102.29267883300781, 2.041515350341797], [102.37602233886719, 2.041515350341797], [102.37602233886719, 1.9581794738769531], [102.45936584472656, 1.9581794738769531], [102.45936584472656, 1.8748435974121094], [102.54270935058594, 1.8748435974121094], [102.54270935058594, 1.5415000915527344], [102.37602233886719, 1.5415000915527344], [102.37602233886719, 1.8748435974121094], [102.04264831542969, 1.8748435974121094], [102.04264831542969, 1.9581794738769531], [101.95930480957031, 1.9581794738769531], [101.95930480957031, 2.041515350341797], [101.87596130371094, 2.041515350341797], [101.87596130371094, 2.1248512268066406], [101.62593078613281, 2.1248512268066406], [101.62593078613281, 2.2081871032714844], [101.54258728027344, 2.2081871032714844], [101.54258728027344, 2.291522979736328], [101.45924377441406, 2.291522979736328], [101.45924377441406, 2.4581947326660156], [101.37590026855469, 2.4581947326660156], [101.37590026855469, 2.624866485595703], [101.62593078613281, 2.624866485595703], [101.62593078613281, 2.5415306091308594], [101.70927429199219, 2.5415306091308594], [101.70927429199219, 2.4581947326660156], [101.79261779785156, 2.4581947326660156], [101.79261779785156, 2.2081871032714844], [101.87596130371094, 2.2081871032714844], [101.87596130371094, 2.291522979736328]], [[101.54258728027344, 2.4581947326660156], [101.54258728027344, 2.374858856201172], [101.62593078613281, 2.374858856201172], [101.62593078613281, 2.4581947326660156], [101.54258728027344, 2.4581947326660156]]], [[[100.54246520996094, 2.1248512268066406], [100.54246520996094, 2.2081871032714844], [100.70915222167969, 2.2081871032714844], [100.70915222167969, 2.1248512268066406], [100.54246520996094, 2.1248512268066406]]], [[[100.37577819824219, 2.708202362060547], [100.45912170410156, 2.708202362060547], [100.45912170410156, 2.624866485595703], [100.37577819824219, 2.624866485595703], [100.37577819824219, 2.708202362060547]]], [[[101.29255676269531, 2.708202362060547], [101.37590026855469, 2.708202362060547], [101.37590026855469, 2.624866485595703], [101.29255676269531, 2.624866485595703], [101.29255676269531, 2.708202362060547]]], [[[101.04252624511719, 2.708202362060547], [101.04252624511719, 2.7915382385253906], [101.29255676269531, 2.7915382385253906], [101.29255676269531, 2.708202362060547], [101.04252624511719, 2.708202362060547]]], [[[100.87583923339844, 2.7915382385253906], [100.95918273925781, 2.7915382385253906], [100.95918273925781, 2.708202362060547], [100.87583923339844, 2.708202362060547], [100.87583923339844, 2.7915382385253906]]], [[[96.04191589355469, 4.124912261962891], [96.12525939941406, 4.124912261962891], [96.12525939941406, 4.041576385498047], [96.04191589355469, 4.041576385498047], [96.04191589355469, 4.124912261962891]]], [[[103.37614440917969, 4.124912261962891], [103.37614440917969, 4.208248138427734], [103.45948791503906, 4.208248138427734], [103.45948791503906, 4.124912261962891], [103.37614440917969, 4.124912261962891]]], [[[94.20835876464844, 6.791660308837891], [94.12501525878906, 6.791660308837891], [94.12501525878906, 6.458316802978516], [94.04167175292969, 6.458316802978516], [94.04167175292969, 6.958332061767578], [94.20835876464844, 6.958332061767578], [94.20835876464844, 6.791660308837891]]], [[[95.37516784667969, 6.708324432373047], [95.12513732910156, 6.708324432373047], [95.12513732910156, 6.791660308837891], [95.20848083496094, 6.791660308837891], [95.20848083496094, 6.874996185302734], [95.37516784667969, 6.874996185302734], [95.37516784667969, 6.708324432373047]]], [[[109.37687683105469, -11.958911895751953], [109.37687683105469, -11.87557601928711], [109.62690734863281, -11.87557601928711], [109.62690734863281, -11.958911895751953], [109.37687683105469, -11.958911895751953]]], [[[120.21153259277344, -10.625537872314453], [120.29487609863281, -10.625537872314453], [120.29487609863281, -10.708873748779297], [120.21153259277344, -10.708873748779297], [120.21153259277344, -10.625537872314453]]], [[[114.37748718261719, -8.042125701904297], [114.54417419433594, -8.042125701904297], [114.54417419433594, -8.12546157836914], [114.37748718261719, -8.12546157836914], [114.37748718261719, -8.042125701904297]]], [[[119.79481506347656, -7.875453948974609], [119.79481506347656, -7.792118072509766], [119.87815856933594, -7.792118072509766], [119.87815856933594, -7.875453948974609], [119.79481506347656, -7.875453948974609]]], [[[112.96064758300781, -7.208766937255859], [113.29402160644531, -7.208766937255859], [113.29402160644531, -7.292102813720703], [112.96064758300781, -7.292102813720703], [112.96064758300781, -7.208766937255859]]], [[[112.04386901855469, -6.792087554931641], [112.12721252441406, -6.792087554931641], [112.12721252441406, -6.875423431396484], [112.04386901855469, -6.875423431396484], [112.04386901855469, -6.792087554931641]]], [[[113.37736511230469, -6.375408172607422], [113.37736511230469, -6.625415802001953], [113.62739562988281, -6.625415802001953], [113.62739562988281, -6.875423431396484], [113.12733459472656, -6.875423431396484], [113.12733459472656, -6.375408172607422], [113.37736511230469, -6.375408172607422]]], [[[118.87803649902344, -6.458744049072266], [118.96138000488281, -6.458744049072266], [118.96138000488281, -6.375408172607422], [119.04472351074219, -6.375408172607422], [119.04472351074219, -6.458744049072266], [119.12806701660156, -6.458744049072266], [119.12806701660156, -6.625415802001953], [119.04472351074219, -6.625415802001953], [119.04472351074219, -6.542079925537109], [118.87803649902344, -6.542079925537109], [118.87803649902344, -6.458744049072266]]], [[[119.46144104003906, -6.292072296142578], [119.54478454589844, -6.292072296142578], [119.54478454589844, -6.375408172607422], [119.46144104003906, -6.375408172607422], [119.46144104003906, -6.292072296142578]]], [[[114.79420471191406, -4.208675384521484], [114.79420471191406, -4.125339508056641], [114.87754821777344, -4.125339508056641], [114.87754821777344, -4.292011260986328], [114.62751770019531, -4.292011260986328], [114.62751770019531, -4.375347137451172], [115.12757873535156, -4.375347137451172], [115.12757873535156, -4.125339508056641], [115.37760925292969, -4.125339508056641], [115.37760925292969, -4.375347137451172], [115.87767028808594, -4.375347137451172], [115.87767028808594, -4.542018890380859], [115.79432678222656, -4.542018890380859], [115.79432678222656, -4.625354766845703], [115.62763977050781, -4.625354766845703], [115.62763977050781, -4.958698272705078], [115.79432678222656, -4.958698272705078], [115.79432678222656, -5.208705902099609], [115.62763977050781, -5.208705902099609], [115.62763977050781, -5.375377655029297], [115.54429626464844, -5.375377655029297], [115.54429626464844, -5.458713531494141], [115.37760925292969, -5.458713531494141], [115.37760925292969, -5.792057037353516], [115.29426574707031, -5.792057037353516], [115.29426574707031, -5.875392913818359], [115.12757873535156, -5.875392913818359], [115.12757873535156, -5.958728790283203], [115.04423522949219, -5.958728790283203], [115.04423522949219, -6.042064666748047], [114.79420471191406, -6.042064666748047], [114.79420471191406, -6.125400543212891], [114.54417419433594, -6.125400543212891], [114.54417419433594, -6.208736419677734], [114.37748718261719, -6.208736419677734], [114.37748718261719, -6.125400543212891], [113.87742614746094, -6.125400543212891], [113.87742614746094, -5.875392913818359], [113.62739562988281, -5.875392913818359], [113.62739562988281, -5.625385284423828], [113.12733459472656, -5.625385284423828], [113.12733459472656, -5.375377655029297], [112.62727355957031, -5.375377655029297], [112.62727355957031, -4.875362396240234], [112.37724304199219, -4.875362396240234], [112.37724304199219, -5.125370025634766], [112.12721252441406, -5.125370025634766], [112.12721252441406, -4.875362396240234], [111.87718200683594, -4.875362396240234], [111.87718200683594, -4.375347137451172], [112.12721252441406, -4.375347137451172], [112.12721252441406, -4.125339508056641], [112.37724304199219, -4.125339508056641], [112.37724304199219, -3.8753318786621094], [113.87742614746094, -3.8753318786621094], [113.87742614746094, -3.708660125732422], [113.62739562988281, -3.708660125732422], [113.62739562988281, -3.625324249267578], [113.87742614746094, -3.625324249267578], [113.87742614746094, -3.375316619873047], [114.29414367675781, -3.375316619873047], [114.29414367675781, -3.4586524963378906], [114.37748718261719, -3.4586524963378906], [114.37748718261719, -3.625324249267578], [114.62751770019531, -3.625324249267578], [114.62751770019531, -4.208675384521484], [114.79420471191406, -4.208675384521484]], [[114.54417419433594, -3.708660125732422], [114.37748718261719, -3.708660125732422], [114.37748718261719, -3.8753318786621094], [114.54417419433594, -3.8753318786621094], [114.54417419433594, -3.708660125732422]], [[113.54405212402344, -4.125339508056641], [113.46070861816406, -4.125339508056641], [113.46070861816406, -4.208675384521484], [113.54405212402344, -4.208675384521484], [113.54405212402344, -4.125339508056641]], [[113.79408264160156, -4.542018890380859], [113.87742614746094, -4.542018890380859], [113.87742614746094, -4.625354766845703], [113.96076965332031, -4.625354766845703], [113.96076965332031, -4.708690643310547], [114.04411315917969, -4.708690643310547], [114.04411315917969, -4.792026519775391], [114.54417419433594, -4.792026519775391], [114.54417419433594, -4.958698272705078], [114.62751770019531, -4.958698272705078], [114.62751770019531, -4.875362396240234], [114.87754821777344, -4.875362396240234], [114.87754821777344, -4.792026519775391], [114.96089172363281, -4.792026519775391], [114.96089172363281, -4.708690643310547], [115.12757873535156, -4.708690643310547], [115.12757873535156, -4.625354766845703], [114.87754821777344, -4.625354766845703], [114.87754821777344, -4.542018890380859], [114.62751770019531, -4.542018890380859], [114.62751770019531, -4.458683013916016], [114.46083068847656, -4.458683013916016], [114.46083068847656, -4.375347137451172], [114.37748718261719, -4.375347137451172], [114.37748718261719, -4.292011260986328], [114.29414367675781, -4.292011260986328], [114.29414367675781, -4.208675384521484], [113.96076965332031, -4.208675384521484], [113.96076965332031, -4.292011260986328], [113.87742614746094, -4.292011260986328], [113.87742614746094, -4.208675384521484], [113.62739562988281, -4.208675384521484], [113.62739562988281, -4.292011260986328], [113.54405212402344, -4.292011260986328], [113.54405212402344, -4.375347137451172], [113.62739562988281, -4.375347137451172], [113.62739562988281, -4.458683013916016], [113.79408264160156, -4.458683013916016], [113.79408264160156, -4.542018890380859]], [[114.46083068847656, -5.542049407958984], [114.54417419433594, -5.542049407958984], [114.54417419433594, -5.625385284423828], [114.87754821777344, -5.625385284423828], [114.87754821777344, -5.542049407958984], [115.04423522949219, -5.542049407958984], [115.04423522949219, -5.458713531494141], [114.87754821777344, -5.458713531494141], [114.87754821777344, -5.375377655029297], [114.79420471191406, -5.375377655029297], [114.79420471191406, -5.458713531494141], [114.62751770019531, -5.458713531494141], [114.62751770019531, -5.208705902099609], [114.54417419433594, -5.208705902099609], [114.54417419433594, -5.125370025634766], [114.46083068847656, -5.125370025634766], [114.46083068847656, -5.042034149169922], [114.12745666503906, -5.042034149169922], [114.12745666503906, -5.208705902099609], [114.37748718261719, -5.208705902099609], [114.37748718261719, -5.292041778564453], [114.29414367675781, -5.292041778564453], [114.29414367675781, -5.458713531494141], [114.46083068847656, -5.458713531494141], [114.46083068847656, -5.542049407958984]], [[114.37748718261719, -5.542049407958984], [114.37748718261719, -5.625385284423828], [114.46083068847656, -5.625385284423828], [114.46083068847656, -5.542049407958984], [114.37748718261719, -5.542049407958984]], [[114.62751770019531, -5.125370025634766], [114.62751770019531, -5.042034149169922], [114.54417419433594, -5.042034149169922], [114.54417419433594, -5.125370025634766], [114.62751770019531, -5.125370025634766]]], [[[119.54478454589844, -4.542018890380859], [119.62812805175781, -4.542018890380859], [119.62812805175781, -4.625354766845703], [119.54478454589844, -4.625354766845703], [119.54478454589844, -4.542018890380859]]], [[[114.37748718261719, -4.458683013916016], [114.46083068847656, -4.458683013916016], [114.46083068847656, -4.542018890380859], [114.37748718261719, -4.542018890380859], [114.37748718261719, -4.458683013916016]]], [[[116.37773132324219, -4.125339508056641], [116.37773132324219, -4.292011260986328], [116.12770080566406, -4.292011260986328], [116.12770080566406, -4.375347137451172], [115.87767028808594, -4.375347137451172], [115.87767028808594, -4.125339508056641], [116.37773132324219, -4.125339508056641]]], [[[109.62690734863281, -3.8753318786621094], [109.71025085449219, -3.8753318786621094], [109.71025085449219, -4.042003631591797], [109.62690734863281, -4.042003631591797], [109.62690734863281, -3.8753318786621094]]], [[[118.46131896972656, -1.4585914611816406], [118.37797546386719, -1.4585914611816406], [118.37797546386719, -2.2086143493652344], [118.46131896972656, -2.2086143493652344], [118.46131896972656, -2.291950225830078], [118.54466247558594, -2.291950225830078], [118.54466247558594, -2.4586219787597656], [118.62800598144531, -2.4586219787597656], [118.62800598144531, -3.041973114013672], [118.71134948730469, -3.041973114013672], [118.71134948730469, -3.1253089904785156], [118.79469299316406, -3.1253089904785156], [118.79469299316406, -3.5419883728027344], [118.71134948730469, -3.5419883728027344], [118.71134948730469, -3.625324249267578], [119.37809753417969, -3.625324249267578], [119.37809753417969, -3.708660125732422], [119.46144104003906, -3.708660125732422], [119.46144104003906, -3.7919960021972656], [119.54478454589844, -3.7919960021972656], [119.54478454589844, -3.8753318786621094], [119.46144104003906, -3.8753318786621094], [119.46144104003906, -3.958667755126953], [119.62812805175781, -3.958667755126953], [119.62812805175781, -4.042003631591797], [119.54478454589844, -4.042003631591797], [119.54478454589844, -4.292011260986328], [119.46144104003906, -4.292011260986328], [119.46144104003906, -4.375347137451172], [119.37809753417969, -4.375347137451172], [119.37809753417969, -4.625354766845703], [119.29475402832031, -4.625354766845703], [119.29475402832031, -3.958667755126953], [119.12806701660156, -3.958667755126953], [119.12806701660156, -3.8753318786621094], [118.79469299316406, -3.8753318786621094], [118.79469299316406, -4.042003631591797], [118.87803649902344, -4.042003631591797], [118.87803649902344, -4.292011260986328], [118.96138000488281, -4.292011260986328], [118.96138000488281, -4.542018890380859], [119.04472351074219, -4.542018890380859], [119.04472351074219, -4.625354766845703], [118.96138000488281, -4.625354766845703], [118.96138000488281, -4.875362396240234], [118.87803649902344, -4.875362396240234], [118.87803649902344, -4.958698272705078], [118.71134948730469, -4.958698272705078], [118.71134948730469, -5.042034149169922], [118.62800598144531, -5.042034149169922], [118.62800598144531, -5.125370025634766], [118.79469299316406, -5.125370025634766], [118.79469299316406, -5.208705902099609], [118.71134948730469, -5.208705902099609], [118.71134948730469, -5.292041778564453], [118.79469299316406, -5.292041778564453], [118.79469299316406, -5.458713531494141], [118.96138000488281, -5.458713531494141], [118.96138000488281, -5.375377655029297], [119.37809753417969, -5.375377655029297], [119.37809753417969, -5.625385284423828], [119.62812805175781, -5.625385284423828], [119.62812805175781, -5.708721160888672], [119.87815856933594, -5.708721160888672], [119.87815856933594, -5.625385284423828], [120.12818908691406, -5.625385284423828], [120.12818908691406, -5.708721160888672], [120.04484558105469, -5.708721160888672], [120.04484558105469, -5.792057037353516], [119.87815856933594, -5.792057037353516], [119.87815856933594, -5.875392913818359], [119.62812805175781, -5.875392913818359], [119.62812805175781, -6.125400543212891], [119.37809753417969, -6.125400543212891], [119.37809753417969, -6.292072296142578], [119.04472351074219, -6.292072296142578], [119.04472351074219, -6.208736419677734], [118.87803649902344, -6.208736419677734], [118.87803649902344, -6.292072296142578], [118.79469299316406, -6.292072296142578], [118.79469299316406, -6.375408172607422], [118.62800598144531, -6.375408172607422], [118.62800598144531, -6.542079925537109], [118.54466247558594, -6.542079925537109], [118.54466247558594, -6.625415802001953], [118.37797546386719, -6.625415802001953], [118.37797546386719, -6.875423431396484], [118.29463195800781, -6.875423431396484], [118.29463195800781, -6.792087554931641], [118.12794494628906, -6.792087554931641], [118.12794494628906, -6.875423431396484], [117.96125793457031, -6.875423431396484], [117.96125793457031, -6.958759307861328], [117.87791442871094, -6.958759307861328], [117.87791442871094, -7.125431060791016], [117.37785339355469, -7.125431060791016], [117.37785339355469, -6.875423431396484], [116.87779235839844, -6.875423431396484], [116.87779235839844, -6.792087554931641], [117.04447937011719, -6.792087554931641], [117.04447937011719, -6.708751678466797], [117.12782287597656, -6.708751678466797], [117.12782287597656, -6.625415802001953], [117.29450988769531, -6.625415802001953], [117.29450988769531, -6.542079925537109], [117.37785339355469, -6.542079925537109], [117.37785339355469, -6.458744049072266], [117.46119689941406, -6.458744049072266], [117.46119689941406, -6.292072296142578], [117.54454040527344, -6.292072296142578], [117.54454040527344, -6.042064666748047], [117.62788391113281, -6.042064666748047], [117.62788391113281, -5.708721160888672], [117.71122741699219, -5.708721160888672], [117.71122741699219, -5.625385284423828], [117.79457092285156, -5.625385284423828], [117.79457092285156, -5.542049407958984], [117.87791442871094, -5.542049407958984], [117.87791442871094, -5.375377655029297], [117.96125793457031, -5.375377655029297], [117.96125793457031, -5.042034149169922], [117.71122741699219, -5.042034149169922], [117.71122741699219, -5.125370025634766], [117.62788391113281, -5.125370025634766], [117.62788391113281, -5.208705902099609], [117.54454040527344, -5.208705902099609], [117.54454040527344, -5.375377655029297], [117.46119689941406, -5.375377655029297], [117.46119689941406, -5.542049407958984], [117.37785339355469, -5.542049407958984], [117.37785339355469, -5.708721160888672], [117.29450988769531, -5.708721160888672], [117.29450988769531, -5.875392913818359], [117.21116638183594, -5.875392913818359], [117.21116638183594, -6.042064666748047], [117.12782287597656, -6.042064666748047], [117.12782287597656, -6.208736419677734], [117.04447937011719, -6.208736419677734], [117.04447937011719, -6.292072296142578], [116.96113586425781, -6.292072296142578], [116.96113586425781, -6.375408172607422], [116.87779235839844, -6.375408172607422], [116.87779235839844, -6.458744049072266], [116.79444885253906, -6.458744049072266], [116.79444885253906, -6.875423431396484], [116.46107482910156, -6.875423431396484], [116.46107482910156, -6.542079925537109], [116.37773132324219, -6.542079925537109], [116.37773132324219, -6.375408172607422], [116.46107482910156, -6.375408172607422], [116.46107482910156, -6.125400543212891], [116.54441833496094, -6.125400543212891], [116.54441833496094, -5.708721160888672], [116.62776184082031, -5.708721160888672], [116.62776184082031, -5.625385284423828], [116.71110534667969, -5.625385284423828], [116.71110534667969, -5.542049407958984], [116.79444885253906, -5.542049407958984], [116.79444885253906, -5.375377655029297], [116.87779235839844, -5.375377655029297], [116.87779235839844, -5.125370025634766], [117.04447937011719, -5.125370025634766], [117.04447937011719, -4.958698272705078], [116.87779235839844, -4.958698272705078], [116.87779235839844, -5.042034149169922], [116.71110534667969, -5.042034149169922], [116.71110534667969, -4.875362396240234], [116.79444885253906, -4.875362396240234], [116.79444885253906, -4.792026519775391], [116.96113586425781, -4.792026519775391], [116.96113586425781, -4.708690643310547], [117.29450988769531, -4.708690643310547], [117.29450988769531, -4.625354766845703], [117.54454040527344, -4.625354766845703], [117.54454040527344, -4.542018890380859], [117.79457092285156, -4.542018890380859], [117.79457092285156, -4.458683013916016], [117.87791442871094, -4.458683013916016], [117.87791442871094, -4.375347137451172], [118.12794494628906, -4.375347137451172], [118.12794494628906, -4.292011260986328], [118.21128845214844, -4.292011260986328], [118.21128845214844, -3.8753318786621094], [118.12794494628906, -3.8753318786621094], [118.12794494628906, -3.708660125732422], [118.21128845214844, -3.708660125732422], [118.21128845214844, -3.375316619873047], [118.46131896972656, -3.375316619873047], [118.46131896972656, -3.041973114013672], [118.37797546386719, -3.041973114013672], [118.37797546386719, -2.958637237548828], [118.29463195800781, -2.958637237548828], [118.29463195800781, -2.8753013610839844], [118.12794494628906, -2.8753013610839844], [118.12794494628906, -2.7919654846191406], [118.04460144042969, -2.7919654846191406], [118.04460144042969, -2.625293731689453], [117.87791442871094, -2.625293731689453], [117.87791442871094, -2.375286102294922], [117.79457092285156, -2.375286102294922], [117.79457092285156, -2.4586219787597656], [117.71122741699219, -2.4586219787597656], [117.71122741699219, -2.2086143493652344], [117.46119689941406, -2.2086143493652344], [117.46119689941406, -2.1252784729003906], [117.37785339355469, -2.1252784729003906], [117.37785339355469, -1.9586067199707031], [117.29450988769531, -1.9586067199707031], [117.29450988769531, -1.8752708435058594], [117.37785339355469, -1.8752708435058594], [117.37785339355469, -1.7085990905761719], [117.46119689941406, -1.7085990905761719], [117.46119689941406, -1.6252632141113281], [117.54454040527344, -1.6252632141113281], [117.54454040527344, -1.5419273376464844], [117.62788391113281, -1.5419273376464844], [117.62788391113281, -1.6252632141113281], [117.71122741699219, -1.6252632141113281], [117.71122741699219, -1.3752555847167969], [117.79457092285156, -1.3752555847167969], [117.79457092285156, -1.2085838317871094], [117.87791442871094, -1.2085838317871094], [117.87791442871094, -1.0419120788574219], [117.96125793457031, -1.0419120788574219], [117.96125793457031, -0.9585762023925781], [118.04460144042969, -0.9585762023925781], [118.04460144042969, -0.8752403259277344], [118.12794494628906, -0.8752403259277344], [118.12794494628906, -0.7919044494628906], [118.21128845214844, -0.7919044494628906], [118.21128845214844, -0.7085685729980469], [118.29463195800781, -0.7085685729980469], [118.29463195800781, -0.6252326965332031], [118.37797546386719, -0.6252326965332031], [118.37797546386719, -0.8752403259277344], [118.62800598144531, -0.8752403259277344], [118.62800598144531, -1.2085838317871094], [118.54466247558594, -1.2085838317871094], [118.54466247558594, -1.2919197082519531], [118.46131896972656, -1.2919197082519531], [118.46131896972656, -1.4585914611816406]], [[118.12794494628906, -4.458683013916016], [118.12794494628906, -4.625354766845703], [118.21128845214844, -4.625354766845703], [118.21128845214844, -4.458683013916016], [118.12794494628906, -4.458683013916016]]], [[[115.79432678222656, -3.708660125732422], [115.79432678222656, -3.625324249267578], [115.87767028808594, -3.625324249267578], [115.87767028808594, -3.8753318786621094], [115.62763977050781, -3.8753318786621094], [115.62763977050781, -3.7919960021972656], [115.71098327636719, -3.7919960021972656], [115.71098327636719, -3.708660125732422], [115.79432678222656, -3.708660125732422]]], [[[110.37699890136719, -3.625324249267578], [111.29377746582031, -3.625324249267578], [111.29377746582031, -3.708660125732422], [110.37699890136719, -3.708660125732422], [110.37699890136719, -3.625324249267578]]], [[[111.71049499511719, -3.5419883728027344], [111.79383850097656, -3.5419883728027344], [111.79383850097656, -3.625324249267578], [111.96052551269531, -3.625324249267578], [111.96052551269531, -3.708660125732422], [111.37712097167969, -3.708660125732422], [111.37712097167969, -3.625324249267578], [111.71049499511719, -3.625324249267578], [111.71049499511719, -3.5419883728027344]]], [[[111.62715148925781, -3.4586524963378906], [111.62715148925781, -3.375316619873047], [111.87718200683594, -3.375316619873047], [111.87718200683594, -3.4586524963378906], [111.62715148925781, -3.4586524963378906]]], [[[113.62739562988281, -3.625324249267578], [113.54405212402344, -3.625324249267578], [113.54405212402344, -3.5419883728027344], [113.37736511230469, -3.5419883728027344], [113.37736511230469, -3.4586524963378906], [112.87730407714844, -3.4586524963378906], [112.87730407714844, -3.5419883728027344], [112.37724304199219, -3.5419883728027344], [112.37724304199219, -3.625324249267578], [112.12721252441406, -3.625324249267578], [112.12721252441406, -3.375316619873047], [112.46058654785156, -3.375316619873047], [112.46058654785156, -3.4586524963378906], [112.62727355957031, -3.4586524963378906], [112.62727355957031, -3.375316619873047], [112.87730407714844, -3.375316619873047], [112.87730407714844, -3.2086448669433594], [112.96064758300781, -3.2086448669433594], [112.96064758300781, -3.1253089904785156], [113.21067810058594, -3.1253089904785156], [113.21067810058594, -3.2086448669433594], [113.29402160644531, -3.2086448669433594], [113.29402160644531, -3.291980743408203], [113.37736511230469, -3.291980743408203], [113.37736511230469, -3.2086448669433594], [113.62739562988281, -3.2086448669433594], [113.62739562988281, -3.625324249267578]]], [[[111.46046447753906, -3.2086448669433594], [111.29377746582031, -3.2086448669433594], [111.29377746582031, -3.1253089904785156], [111.12709045410156, -3.1253089904785156], [111.12709045410156, -3.041973114013672], [111.21043395996094, -3.041973114013672], [111.21043395996094, -2.958637237548828], [111.37712097167969, -2.958637237548828], [111.37712097167969, -3.1253089904785156], [111.62715148925781, -3.1253089904785156], [111.62715148925781, -3.375316619873047], [111.54380798339844, -3.375316619873047], [111.54380798339844, -3.291980743408203], [111.46046447753906, -3.291980743408203], [111.46046447753906, -3.2086448669433594]]], [[[109.96028137207031, -2.4586219787597656], [109.96028137207031, -2.625293731689453], [109.79359436035156, -2.625293731689453], [109.79359436035156, -2.708629608154297], [109.87693786621094, -2.708629608154297], [109.87693786621094, -2.8753013610839844], [109.96028137207031, -2.8753013610839844], [109.96028137207031, -3.375316619873047], [109.87693786621094, -3.375316619873047], [109.87693786621094, -3.5419883728027344], [109.79359436035156, -3.5419883728027344], [109.79359436035156, -3.4586524963378906], [109.62690734863281, -3.4586524963378906], [109.62690734863281, -3.625324249267578], [109.54356384277344, -3.625324249267578], [109.54356384277344, -3.708660125732422], [109.46022033691406, -3.708660125732422], [109.46022033691406, -3.5419883728027344], [109.54356384277344, -3.5419883728027344], [109.54356384277344, -3.291980743408203], [109.46022033691406, -3.291980743408203], [109.46022033691406, -3.2086448669433594], [109.37687683105469, -3.2086448669433594], [109.37687683105469, -2.8753013610839844], [109.46022033691406, -2.8753013610839844], [109.46022033691406, -2.5419578552246094], [109.54356384277344, -2.5419578552246094], [109.54356384277344, -2.375286102294922], [109.37687683105469, -2.375286102294922], [109.37687683105469, -2.1252784729003906], [109.46022033691406, -2.1252784729003906], [109.46022033691406, -2.041942596435547], [109.54356384277344, -2.041942596435547], [109.54356384277344, -1.9586067199707031], [109.62690734863281, -1.9586067199707031], [109.62690734863281, -2.375286102294922], [110.12696838378906, -2.375286102294922], [110.12696838378906, -2.625293731689453], [110.04362487792969, -2.625293731689453], [110.04362487792969, -2.4586219787597656], [109.96028137207031, -2.4586219787597656]]], [[[95.12513732910156, 5.958301544189453], [95.37516784667969, 5.958301544189453], [95.37516784667969, 6.041637420654297], [95.62519836425781, 6.041637420654297], [95.62519836425781, 5.958301544189453], [95.70854187011719, 5.958301544189453], [95.70854187011719, 5.874965667724609], [95.12513732910156, 5.874965667724609], [95.12513732910156, 5.708293914794922], [95.04179382324219, 5.708293914794922], [95.04179382324219, 5.624958038330078], [95.12513732910156, 5.624958038330078], [95.12513732910156, 5.124942779541016], [95.20848083496094, 5.124942779541016], [95.20848083496094, 5.041606903076172], [95.29182434082031, 5.041606903076172], [95.29182434082031, 4.874935150146484], [95.37516784667969, 4.874935150146484], [95.37516784667969, 4.541591644287109], [95.45851135253906, 4.541591644287109], [95.45851135253906, 4.374919891357422], [95.54185485839844, 4.374919891357422], [95.54185485839844, 4.291584014892578], [95.62519836425781, 4.291584014892578], [95.62519836425781, 4.208248138427734], [95.79188537597656, 4.208248138427734], [95.79188537597656, 4.124912261962891], [95.87522888183594, 4.124912261962891], [95.87522888183594, 4.041576385498047], [95.95857238769531, 4.041576385498047], [95.95857238769531, 3.958240509033203], [96.04191589355469, 3.958240509033203], [96.04191589355469, 3.7915687561035156], [96.12525939941406, 3.7915687561035156], [96.12525939941406, 3.5415611267089844], [96.04191589355469, 3.5415611267089844], [96.04191589355469, 3.374889373779297], [95.87522888183594, 3.374889373779297], [95.87522888183594, 2.958209991455078], [95.79188537597656, 2.958209991455078], [95.79188537597656, 2.7915382385253906], [95.70854187011719, 2.7915382385253906], [95.70854187011719, 2.708202362060547], [95.79188537597656, 2.708202362060547], [95.79188537597656, 2.624866485595703], [95.87522888183594, 2.624866485595703], [95.87522888183594, 2.374858856201172], [96.37528991699219, 2.374858856201172], [96.37528991699219, 2.1248512268066406], [96.54197692871094, 2.1248512268066406], [96.54197692871094, 2.2081871032714844], [96.62532043457031, 2.2081871032714844], [96.62532043457031, 2.8748741149902344], [96.79200744628906, 2.8748741149902344], [96.79200744628906, 2.7915382385253906], [96.87535095214844, 2.7915382385253906], [96.87535095214844, 2.624866485595703], [96.95869445800781, 2.624866485595703], [96.95869445800781, 2.2081871032714844], [97.04203796386719, 2.2081871032714844], [97.04203796386719, 1.4581642150878906], [96.95869445800781, 1.4581642150878906], [96.95869445800781, 1.3748283386230469], [97.12538146972656, 1.3748283386230469], [97.12538146972656, 0.8748130798339844], [97.37541198730469, 0.8748130798339844], [97.37541198730469, 0.6248054504394531], [97.70878601074219, 0.6248054504394531], [97.70878601074219, 0.5414695739746094], [97.79212951660156, 0.5414695739746094], [97.79212951660156, 0.2914619445800781], [97.70878601074219, 0.2914619445800781], [97.70878601074219, 0.20812606811523438], [97.62544250488281, 0.20812606811523438], [97.62544250488281, -0.12521743774414062], [98.12550354003906, -0.12521743774414062], [98.12550354003906, -0.6252326965332031], [98.29219055175781, -0.6252326965332031], [98.29219055175781, -0.5418968200683594], [98.37553405761719, -0.5418968200683594], [98.37553405761719, -0.6252326965332031], [98.62556457519531, -0.6252326965332031], [98.62556457519531, -0.9585762023925781], [98.37553405761719, -0.9585762023925781], [98.37553405761719, -1.1252479553222656], [98.62556457519531, -1.1252479553222656], [98.62556457519531, -1.3752555847167969], [98.70890808105469, -1.3752555847167969], [98.70890808105469, -1.5419273376464844], [98.79225158691406, -1.5419273376464844], [98.79225158691406, -1.6252632141113281], [98.87559509277344, -1.6252632141113281], [98.87559509277344, -1.8752708435058594], [99.37565612792969, -1.8752708435058594], [99.37565612792969, -2.041942596435547], [99.45899963378906, -2.041942596435547], [99.45899963378906, -2.1252784729003906], [99.54234313964844, -2.1252784729003906], [99.54234313964844, -2.2086143493652344], [99.62568664550781, -2.2086143493652344], [99.62568664550781, -2.375286102294922], [99.87571716308594, -2.375286102294922], [99.87571716308594, -2.8753013610839844], [100.12574768066406, -2.8753013610839844], [100.12574768066406, -3.1253089904785156], [100.29243469238281, -3.1253089904785156], [100.29243469238281, -3.2086448669433594], [100.37577819824219, -3.2086448669433594], [100.37577819824219, -3.375316619873047], [100.45912170410156, -3.375316619873047], [100.45912170410156, -3.2086448669433594], [100.54246520996094, -3.2086448669433594], [100.54246520996094, -3.1253089904785156], [100.62580871582031, -3.1253089904785156], [100.62580871582031, -2.8753013610839844], [100.87583923339844, -2.8753013610839844], [100.87583923339844, -2.625293731689453], [101.04252624511719, -2.625293731689453], [101.04252624511719, -2.5419578552246094], [101.12586975097656, -2.5419578552246094], [101.12586975097656, -2.8753013610839844], [101.37590026855469, -2.8753013610839844], [101.37590026855469, -3.1253089904785156], [101.54258728027344, -3.1253089904785156], [101.54258728027344, -3.2086448669433594], [101.62593078613281, -3.2086448669433594], [101.62593078613281, -3.375316619873047], [101.87596130371094, -3.375316619873047], [101.87596130371094, -3.625324249267578], [102.20933532714844, -3.625324249267578], [102.20933532714844, -3.708660125732422], [102.29267883300781, -3.708660125732422], [102.29267883300781, -4.042003631591797], [102.37602233886719, -4.042003631591797], [102.37602233886719, -4.125339508056641], [102.54270935058594, -4.125339508056641], [102.54270935058594, -4.208675384521484], [102.62605285644531, -4.208675384521484], [102.62605285644531, -4.375347137451172], [102.87608337402344, -4.375347137451172], [102.87608337402344, -4.542018890380859], [103.12611389160156, -4.542018890380859], [103.12611389160156, -4.625354766845703], [103.20945739746094, -4.625354766845703], [103.20945739746094, -4.708690643310547], [103.29280090332031, -4.708690643310547], [103.29280090332031, -4.792026519775391], [103.37614440917969, -4.792026519775391], [103.37614440917969, -4.875362396240234], [103.54283142089844, -4.875362396240234], [103.54283142089844, -4.958698272705078], [103.79286193847656, -4.958698272705078], [103.79286193847656, -5.042034149169922], [103.87620544433594, -5.042034149169922], [103.87620544433594, -5.375377655029297], [104.12623596191406, -5.375377655029297], [104.12623596191406, -5.625385284423828], [104.37626647949219, -5.625385284423828], [104.37626647949219, -5.875392913818359], [104.62629699707031, -5.875392913818359], [104.62629699707031, -5.958728790283203], [104.70964050292969, -5.958728790283203], [104.70964050292969, -5.875392913818359], [105.37638854980469, -5.875392913818359], [105.37638854980469, -6.208736419677734], [105.45973205566406, -6.208736419677734], [105.45973205566406, -6.125400543212891], [105.62641906738281, -6.125400543212891], [105.62641906738281, -6.375408172607422], [105.54307556152344, -6.375408172607422], [105.54307556152344, -6.458744049072266], [105.45973205566406, -6.458744049072266], [105.45973205566406, -6.542079925537109], [105.37638854980469, -6.542079925537109], [105.37638854980469, -6.458744049072266], [105.20970153808594, -6.458744049072266], [105.20970153808594, -6.542079925537109], [105.12635803222656, -6.542079925537109], [105.12635803222656, -6.375408172607422], [104.62629699707031, -6.375408172607422], [104.62629699707031, -6.125400543212891], [104.37626647949219, -6.125400543212891], [104.37626647949219, -6.375408172607422], [104.12623596191406, -6.375408172607422], [104.12623596191406, -6.625415802001953], [104.04289245605469, -6.625415802001953], [104.04289245605469, -6.792087554931641], [103.95954895019531, -6.792087554931641], [103.95954895019531, -6.875423431396484], [103.87620544433594, -6.875423431396484], [103.87620544433594, -6.625415802001953], [103.62617492675781, -6.625415802001953], [103.62617492675781, -6.875423431396484], [103.54283142089844, -6.875423431396484], [103.54283142089844, -7.042095184326172], [103.62617492675781, -7.042095184326172], [103.62617492675781, -7.375438690185547], [103.54283142089844, -7.375438690185547], [103.54283142089844, -7.458774566650391], [103.45948791503906, -7.458774566650391], [103.45948791503906, -7.542110443115234], [103.20945739746094, -7.542110443115234], [103.20945739746094, -7.625446319580078], [103.04277038574219, -7.625446319580078], [103.04277038574219, -7.708782196044922], [102.95942687988281, -7.708782196044922], [102.95942687988281, -7.792118072509766], [102.70939636230469, -7.792118072509766], [102.70939636230469, -7.875453948974609], [102.37602233886719, -7.875453948974609], [102.37602233886719, -8.12546157836914], [102.87608337402344, -8.12546157836914], [102.87608337402344, -8.625476837158203], [103.04277038574219, -8.625476837158203], [103.04277038574219, -8.54214096069336], [103.12611389160156, -8.54214096069336], [103.12611389160156, -8.375469207763672], [103.45948791503906, -8.375469207763672], [103.45948791503906, -8.292133331298828], [103.54283142089844, -8.292133331298828], [103.54283142089844, -8.208797454833984], [103.70951843261719, -8.208797454833984], [103.70951843261719, -8.12546157836914], [103.79286193847656, -8.12546157836914], [103.79286193847656, -7.958789825439453], [103.87620544433594, -7.958789825439453], [103.87620544433594, -7.875453948974609], [103.95954895019531, -7.875453948974609], [103.95954895019531, -7.708782196044922], [104.04289245605469, -7.708782196044922], [104.04289245605469, -7.625446319580078], [104.12623596191406, -7.625446319580078], [104.12623596191406, -7.042095184326172], [104.29292297363281, -7.042095184326172], [104.29292297363281, -7.125431060791016], [104.37626647949219, -7.125431060791016], [104.37626647949219, -7.375438690185547], [104.54295349121094, -7.375438690185547], [104.54295349121094, -7.292102813720703], [104.62629699707031, -7.292102813720703], [104.62629699707031, -7.125431060791016], [104.54295349121094, -7.125431060791016], [104.54295349121094, -7.042095184326172], [104.62629699707031, -7.042095184326172], [104.62629699707031, -6.958759307861328], [104.70964050292969, -6.958759307861328], [104.70964050292969, -6.875423431396484], [104.79298400878906, -6.875423431396484], [104.79298400878906, -6.792087554931641], [104.87632751464844, -6.792087554931641], [104.87632751464844, -6.708751678466797], [104.95967102050781, -6.708751678466797], [104.95967102050781, -6.625415802001953], [105.12635803222656, -6.625415802001953], [105.12635803222656, -6.875423431396484], [106.12648010253906, -6.875423431396484], [106.12648010253906, -6.958759307861328], [106.29316711425781, -6.958759307861328], [106.29316711425781, -7.042095184326172], [106.37651062011719, -7.042095184326172], [106.37651062011719, -7.375438690185547], [106.54319763183594, -7.375438690185547], [106.54319763183594, -7.458774566650391], [107.20994567871094, -7.458774566650391], [107.20994567871094, -7.542110443115234], [107.37663269042969, -7.542110443115234], [107.37663269042969, -7.625446319580078], [107.62666320800781, -7.625446319580078], [107.62666320800781, -7.708782196044922], [107.87669372558594, -7.708782196044922], [107.87669372558594, -7.792118072509766], [108.12672424316406, -7.792118072509766], [108.12672424316406, -7.875453948974609], [108.62678527832031, -7.875453948974609], [108.62678527832031, -7.708782196044922], [108.79347229003906, -7.708782196044922], [108.79347229003906, -7.792118072509766], [109.04350280761719, -7.792118072509766], [109.04350280761719, -7.708782196044922], [109.37687683105469, -7.708782196044922], [109.37687683105469, -7.875453948974609], [110.04362487792969, -7.875453948974609], [110.04362487792969, -7.958789825439453], [110.12696838378906, -7.958789825439453], [110.12696838378906, -8.12546157836914], [110.62702941894531, -8.12546157836914], [110.62702941894531, -8.208797454833984], [110.96040344238281, -8.208797454833984], [110.96040344238281, -8.292133331298828], [111.12709045410156, -8.292133331298828], [111.12709045410156, -8.375469207763672], [112.46058654785156, -8.375469207763672], [112.46058654785156, -8.458805084228516], [112.79396057128906, -8.458805084228516], [112.79396057128906, -8.375469207763672], [113.04399108886719, -8.375469207763672], [113.04399108886719, -8.458805084228516], [113.12733459472656, -8.458805084228516], [113.12733459472656, -8.375469207763672], [113.46070861816406, -8.375469207763672], [113.46070861816406, -8.458805084228516], [113.62739562988281, -8.458805084228516], [113.62739562988281, -8.625476837158203], [114.37748718261719, -8.625476837158203], [114.37748718261719, -8.875484466552734], [114.62751770019531, -8.875484466552734], [114.62751770019531, -8.625476837158203], [114.87754821777344, -8.625476837158203], [114.87754821777344, -8.54214096069336], [115.04423522949219, -8.54214096069336], [115.04423522949219, -8.708812713623047], [115.12757873535156, -8.708812713623047], [115.12757873535156, -8.875484466552734], [115.37760925292969, -8.875484466552734], [115.37760925292969, -8.958820343017578], [115.46095275878906, -8.958820343017578], [115.46095275878906, -9.20882797241211], [115.54429626464844, -9.20882797241211], [115.54429626464844, -8.875484466552734], [115.62763977050781, -8.875484466552734], [115.62763977050781, -8.458805084228516], [115.71098327636719, -8.458805084228516], [115.71098327636719, -8.375469207763672], [115.62763977050781, -8.375469207763672], [115.62763977050781, -8.208797454833984], [115.71098327636719, -8.208797454833984], [115.71098327636719, -8.292133331298828], [115.87767028808594, -8.292133331298828], [115.87767028808594, -8.458805084228516], [115.79432678222656, -8.458805084228516], [115.79432678222656, -8.54214096069336], [115.87767028808594, -8.54214096069336], [115.87767028808594, -8.79214859008789], [115.79432678222656, -8.79214859008789], [115.79432678222656, -8.875484466552734], [115.96101379394531, -8.875484466552734], [115.96101379394531, -8.958820343017578], [116.37773132324219, -8.958820343017578], [116.37773132324219, -8.875484466552734], [116.46107482910156, -8.875484466552734], [116.46107482910156, -8.958820343017578], [116.54441833496094, -8.958820343017578], [116.54441833496094, -8.875484466552734], [116.62776184082031, -8.875484466552734], [116.62776184082031, -9.125492095947266], [117.62788391113281, -9.125492095947266], [117.62788391113281, -9.20882797241211], [117.79457092285156, -9.20882797241211], [117.79457092285156, -9.125492095947266], [118.12794494628906, -9.125492095947266], [118.12794494628906, -8.875484466552734], [118.87803649902344, -8.875484466552734], [118.87803649902344, -8.958820343017578], [119.04472351074219, -8.958820343017578], [119.04472351074219, -8.875484466552734], [119.12806701660156, -8.875484466552734], [119.12806701660156, -8.79214859008789], [119.21141052246094, -8.79214859008789], [119.21141052246094, -8.625476837158203], [119.29475402832031, -8.625476837158203], [119.29475402832031, -8.708812713623047], [119.37809753417969, -8.708812713623047], [119.37809753417969, -8.79214859008789], [119.29475402832031, -8.79214859008789], [119.29475402832031, -9.042156219482422], [119.46144104003906, -9.042156219482422], [119.46144104003906, -8.958820343017578], [119.54478454589844, -8.958820343017578], [119.54478454589844, -8.875484466552734], [119.62812805175781, -8.875484466552734], [119.62812805175781, -8.958820343017578], [119.87815856933594, -8.958820343017578], [119.87815856933594, -9.042156219482422], [119.96150207519531, -9.042156219482422], [119.96150207519531, -9.125492095947266], [120.12818908691406, -9.125492095947266], [120.12818908691406, -9.20882797241211], [120.04484558105469, -9.20882797241211], [120.04484558105469, -9.292163848876953], [119.79481506347656, -9.292163848876953], [119.79481506347656, -9.20882797241211], [119.46144104003906, -9.20882797241211], [119.46144104003906, -9.125492095947266], [119.12806701660156, -9.125492095947266], [119.12806701660156, -9.375499725341797], [118.87803649902344, -9.375499725341797], [118.87803649902344, -9.625507354736328], [119.04472351074219, -9.625507354736328], [119.04472351074219, -9.708843231201172], [119.12806701660156, -9.708843231201172], [119.12806701660156, -9.87551498413086], [119.79481506347656, -9.87551498413086], [119.79481506347656, -9.958850860595703], [119.87815856933594, -9.958850860595703], [119.87815856933594, -10.12552261352539], [120.12818908691406, -10.12552261352539], [120.12818908691406, -10.375530242919922], [120.29487609863281, -10.375530242919922], [120.29487609863281, -10.458866119384766], [120.12818908691406, -10.458866119384766], [120.12818908691406, -10.708873748779297], [119.96150207519531, -10.708873748779297], [119.96150207519531, -10.79220962524414], [120.04484558105469, -10.79220962524414], [120.04484558105469, -10.875545501708984], [120.21153259277344, -10.875545501708984], [120.21153259277344, -10.79220962524414], [120.29487609863281, -10.79220962524414], [120.29487609863281, -10.708873748779297], [120.37821960449219, -10.708873748779297], [120.37821960449219, -10.458866119384766], [120.46156311035156, -10.458866119384766], [120.46156311035156, -10.375530242919922], [120.62825012207031, -10.375530242919922], [120.62825012207031, -10.208858489990234], [120.79493713378906, -10.208858489990234], [120.79493713378906, -10.12552261352539], [121.12831115722656, -10.12552261352539], [121.12831115722656, -9.87551498413086], [121.04496765136719, -9.87551498413086], [121.04496765136719, -9.792179107666016], [121.12831115722656, -9.792179107666016], [121.12831115722656, -9.708843231201172], [121.37834167480469, -9.708843231201172], [121.37834167480469, -9.625507354736328], [121.87840270996094, -9.625507354736328], [121.87840270996094, -9.708843231201172], [121.96174621582031, -9.708843231201172], [121.96174621582031, -9.625507354736328], [122.54515075683594, -9.625507354736328], [122.54515075683594, -9.542171478271484], [122.62849426269531, -9.542171478271484], [122.62849426269531, -9.45883560180664], [122.79518127441406, -9.45883560180664], [122.79518127441406, -9.375499725341797], [123.04521179199219, -9.375499725341797], [123.04521179199219, -9.292163848876953], [123.21189880371094, -9.292163848876953], [123.21189880371094, -9.20882797241211], [123.37858581542969, -9.20882797241211], [123.37858581542969, -9.125492095947266], [123.54527282714844, -9.125492095947266], [123.54527282714844, -8.958820343017578], [123.62861633300781, -8.958820343017578], [123.62861633300781, -8.458805084228516], [123.71195983886719, -8.458805084228516], [123.71195983886719, -8.375469207763672], [123.79530334472656, -8.375469207763672], [123.79530334472656, -9.125492095947266], [123.96199035644531, -9.125492095947266], [123.96199035644531, -9.042156219482422], [124.12867736816406, -9.042156219482422], [124.12867736816406, -8.958820343017578], [124.29536437988281, -8.958820343017578], [124.29536437988281, -8.875484466552734], [124.37870788574219, -8.875484466552734], [124.37870788574219, -8.79214859008789], [124.54539489746094, -8.79214859008789], [124.54539489746094, -8.708812713623047], [124.62873840332031, -8.708812713623047], [124.62873840332031, -8.625476837158203], [124.79542541503906, -8.625476837158203], [124.79542541503906, -8.54214096069336], [124.71208190917969, -8.54214096069336], [124.71208190917969, -8.458805084228516], [124.87876892089844, -8.458805084228516], [124.87876892089844, -8.54214096069336], [125.04545593261719, -8.54214096069336], [125.04545593261719, -8.458805084228516], [125.21214294433594, -8.458805084228516], [125.21214294433594, -8.292133331298828], [125.37882995605469, -8.292133331298828], [125.37882995605469, -8.54214096069336], [125.29548645019531, -8.54214096069336], [125.29548645019531, -8.625476837158203], [125.12879943847656, -8.625476837158203], [125.12879943847656, -8.875484466552734], [125.04545593261719, -8.875484466552734], [125.04545593261719, -8.79214859008789], [124.87876892089844, -8.79214859008789], [124.87876892089844, -8.875484466552734], [124.62873840332031, -8.875484466552734], [124.62873840332031, -9.042156219482422], [124.46205139160156, -9.042156219482422], [124.46205139160156, -9.125492095947266], [124.12867736816406, -9.125492095947266], [124.12867736816406, -9.375499725341797], [123.87864685058594, -9.375499725341797], [123.87864685058594, -9.45883560180664], [123.71195983886719, -9.45883560180664], [123.71195983886719, -9.542171478271484], [123.62861633300781, -9.542171478271484], [123.62861633300781, -9.625507354736328], [123.54527282714844, -9.625507354736328], [123.54527282714844, -9.542171478271484], [123.46192932128906, -9.542171478271484], [123.46192932128906, -9.708843231201172], [123.37858581542969, -9.708843231201172], [123.37858581542969, -10.12552261352539], [123.12855529785156, -10.12552261352539], [123.12855529785156, -10.375530242919922], [122.79518127441406, -10.375530242919922], [122.79518127441406, -10.458866119384766], [122.71183776855469, -10.458866119384766], [122.71183776855469, -10.54220199584961], [122.46180725097656, -10.54220199584961], [122.46180725097656, -10.625537872314453], [122.62849426269531, -10.625537872314453], [122.62849426269531, -10.875545501708984], [122.71183776855469, -10.875545501708984], [122.71183776855469, -11.125553131103516], [122.54515075683594, -11.125553131103516], [122.54515075683594, -10.958881378173828], [122.46180725097656, -10.958881378173828], [122.46180725097656, -10.875545501708984], [122.37846374511719, -10.875545501708984], [122.37846374511719, -10.54220199584961], [122.29512023925781, -10.54220199584961], [122.29512023925781, -10.458866119384766], [122.21177673339844, -10.458866119384766], [122.21177673339844, -10.375530242919922], [122.37846374511719, -10.375530242919922], [122.37846374511719, -10.208858489990234], [121.87840270996094, -10.208858489990234], [121.87840270996094, -10.375530242919922], [121.37834167480469, -10.375530242919922], [121.37834167480469, -10.54220199584961], [121.46168518066406, -10.54220199584961], [121.46168518066406, -10.625537872314453], [121.79505920410156, -10.625537872314453], [121.79505920410156, -10.708873748779297], [121.46168518066406, -10.708873748779297], [121.46168518066406, -10.79220962524414], [121.37834167480469, -10.79220962524414], [121.37834167480469, -10.708873748779297], [121.21165466308594, -10.708873748779297], [121.21165466308594, -10.79220962524414], [121.12831115722656, -10.79220962524414], [121.12831115722656, -10.875545501708984], [120.96162414550781, -10.875545501708984], [120.96162414550781, -10.79220962524414], [120.87828063964844, -10.79220962524414], [120.87828063964844, -10.875545501708984], [120.79493713378906, -10.875545501708984], [120.79493713378906, -10.958881378173828], [120.71159362792969, -10.958881378173828], [120.71159362792969, -11.042217254638672], [120.54490661621094, -11.042217254638672], [120.54490661621094, -11.125553131103516], [120.21153259277344, -11.125553131103516], [120.21153259277344, -11.20888900756836], [120.12818908691406, -11.20888900756836], [120.12818908691406, -11.292224884033203], [120.21153259277344, -11.292224884033203], [120.21153259277344, -11.45889663696289], [120.29487609863281, -11.45889663696289], [120.29487609863281, -11.542232513427734], [120.37821960449219, -11.542232513427734], [120.37821960449219, -11.87557601928711], [120.21153259277344, -11.87557601928711], [120.21153259277344, -11.958911895751953], [119.62812805175781, -11.958911895751953], [119.62812805175781, -11.87557601928711], [119.37809753417969, -11.87557601928711], [119.37809753417969, -11.625568389892578], [119.12806701660156, -11.625568389892578], [119.12806701660156, -11.375560760498047], [118.62800598144531, -11.375560760498047], [118.62800598144531, -11.625568389892578], [118.37797546386719, -11.625568389892578], [118.37797546386719, -11.87557601928711], [118.12794494628906, -11.87557601928711], [118.12794494628906, -11.958911895751953], [109.87693786621094, -11.958911895751953], [109.87693786621094, -10.875545501708984], [109.96028137207031, -10.875545501708984], [109.96028137207031, -10.625537872314453], [110.04362487792969, -10.625537872314453], [110.04362487792969, -10.458866119384766], [110.12696838378906, -10.458866119384766], [110.12696838378906, -10.375530242919922], [110.29365539550781, -10.375530242919922], [110.29365539550781, -10.292194366455078], [110.37699890136719, -10.292194366455078], [110.37699890136719, -9.958850860595703], [110.46034240722656, -9.958850860595703], [110.46034240722656, -9.87551498413086], [110.62702941894531, -9.87551498413086], [110.62702941894531, -9.792179107666016], [110.71037292480469, -9.792179107666016], [110.71037292480469, -9.708843231201172], [110.79371643066406, -9.708843231201172], [110.79371643066406, -9.625507354736328], [110.96040344238281, -9.625507354736328], [110.96040344238281, -9.542171478271484], [111.04374694824219, -9.542171478271484], [111.04374694824219, -9.45883560180664], [111.21043395996094, -9.45883560180664], [111.21043395996094, -9.375499725341797], [111.37712097167969, -9.375499725341797], [111.37712097167969, -9.292163848876953], [111.46046447753906, -9.292163848876953], [111.46046447753906, -9.20882797241211], [111.54380798339844, -9.20882797241211], [111.54380798339844, -9.125492095947266], [111.62715148925781, -9.125492095947266], [111.62715148925781, -9.042156219482422], [111.71049499511719, -9.042156219482422], [111.71049499511719, -8.958820343017578], [111.79383850097656, -8.958820343017578], [111.79383850097656, -8.875484466552734], [111.54380798339844, -8.875484466552734], [111.54380798339844, -8.958820343017578], [111.29377746582031, -8.958820343017578], [111.29377746582031, -9.042156219482422], [111.12709045410156, -9.042156219482422], [111.12709045410156, -9.125492095947266], [110.71037292480469, -9.125492095947266], [110.71037292480469, -9.20882797241211], [110.54368591308594, -9.20882797241211], [110.54368591308594, -9.292163848876953], [110.37699890136719, -9.292163848876953], [110.37699890136719, -9.375499725341797], [110.21031188964844, -9.375499725341797], [110.21031188964844, -9.45883560180664], [110.12696838378906, -9.45883560180664], [110.12696838378906, -9.542171478271484], [110.04362487792969, -9.542171478271484], [110.04362487792969, -9.625507354736328], [109.87693786621094, -9.625507354736328], [109.87693786621094, -9.708843231201172], [109.79359436035156, -9.708843231201172], [109.79359436035156, -9.87551498413086], [109.71025085449219, -9.87551498413086], [109.71025085449219, -9.958850860595703], [109.62690734863281, -9.958850860595703], [109.62690734863281, -10.042186737060547], [109.54356384277344, -10.042186737060547], [109.54356384277344, -10.208858489990234], [109.46022033691406, -10.208858489990234], [109.46022033691406, -10.375530242919922], [109.37687683105469, -10.375530242919922], [109.37687683105469, -10.458866119384766], [109.29353332519531, -10.458866119384766], [109.29353332519531, -10.625537872314453], [109.21018981933594, -10.625537872314453], [109.21018981933594, -10.708873748779297], [109.12684631347656, -10.708873748779297], [109.12684631347656, -10.875545501708984], [109.04350280761719, -10.875545501708984], [109.04350280761719, -10.958881378173828], [108.96015930175781, -10.958881378173828], [108.96015930175781, -11.20888900756836], [108.87681579589844, -11.20888900756836], [108.87681579589844, -11.625568389892578], [108.79347229003906, -11.625568389892578], [108.79347229003906, -11.87557601928711], [108.54344177246094, -11.87557601928711], [108.54344177246094, -11.958911895751953], [94.04167175292969, -11.958911895751953], [94.04167175292969, 6.374980926513672], [94.29170227050781, 6.374980926513672], [94.29170227050781, 6.458316802978516], [94.62507629394531, 6.458316802978516], [94.62507629394531, 6.541652679443359], [94.87510681152344, 6.541652679443359], [94.87510681152344, 6.374980926513672], [94.95845031738281, 6.374980926513672], [94.95845031738281, 6.291645050048828], [95.04179382324219, 6.291645050048828], [95.04179382324219, 6.208309173583984], [95.12513732910156, 6.208309173583984], [95.12513732910156, 5.958301544189453]], [[122.79518127441406, -10.292194366455078], [122.71183776855469, -10.292194366455078], [122.71183776855469, -10.375530242919922], [122.79518127441406, -10.375530242919922], [122.79518127441406, -10.292194366455078]], [[120.12818908691406, -11.542232513427734], [120.12818908691406, -11.625568389892578], [120.29487609863281, -11.625568389892578], [120.29487609863281, -11.542232513427734], [120.12818908691406, -11.542232513427734]], [[96.62532043457031, 2.1248512268066406], [96.62532043457031, 2.041515350341797], [96.70866394042969, 2.041515350341797], [96.70866394042969, 2.1248512268066406], [96.62532043457031, 2.1248512268066406]], [[94.62507629394531, -2.5419578552246094], [94.62507629394531, -2.708629608154297], [94.95845031738281, -2.708629608154297], [94.95845031738281, -2.5419578552246094], [94.62507629394531, -2.5419578552246094]], [[102.29267883300781, -5.458713531494141], [102.29267883300781, -5.542049407958984], [102.37602233886719, -5.542049407958984], [102.37602233886719, -5.125370025634766], [102.12599182128906, -5.125370025634766], [102.12599182128906, -5.458713531494141], [102.29267883300781, -5.458713531494141]], [[95.87522888183594, -5.875392913818359], [95.87522888183594, -6.125400543212891], [96.12525939941406, -6.125400543212891], [96.12525939941406, -5.792057037353516], [95.95857238769531, -5.792057037353516], [95.95857238769531, -5.875392913818359], [95.87522888183594, -5.875392913818359]], [[98.12550354003906, -7.292102813720703], [98.12550354003906, -7.375438690185547], [98.29219055175781, -7.375438690185547], [98.29219055175781, -7.458774566650391], [98.45887756347656, -7.458774566650391], [98.45887756347656, -7.542110443115234], [98.70890808105469, -7.542110443115234], [98.70890808105469, -7.625446319580078], [98.95893859863281, -7.625446319580078], [98.95893859863281, -7.708782196044922], [99.12562561035156, -7.708782196044922], [99.12562561035156, -7.792118072509766], [99.29231262207031, -7.792118072509766], [99.29231262207031, -7.875453948974609], [99.45899963378906, -7.875453948974609], [99.45899963378906, -7.792118072509766], [99.37565612792969, -7.792118072509766], [99.37565612792969, -7.708782196044922], [99.29231262207031, -7.708782196044922], [99.29231262207031, -7.542110443115234], [99.20896911621094, -7.542110443115234], [99.20896911621094, -7.458774566650391], [99.04228210449219, -7.458774566650391], [99.04228210449219, -7.375438690185547], [98.95893859863281, -7.375438690185547], [98.95893859863281, -7.208766937255859], [99.45899963378906, -7.208766937255859], [99.45899963378906, -7.292102813720703], [99.37565612792969, -7.292102813720703], [99.37565612792969, -7.458774566650391], [100.04240417480469, -7.458774566650391], [100.04240417480469, -7.542110443115234], [100.20909118652344, -7.542110443115234], [100.20909118652344, -7.625446319580078], [100.37577819824219, -7.625446319580078], [100.37577819824219, -7.708782196044922], [100.54246520996094, -7.708782196044922], [100.54246520996094, -7.792118072509766], [100.70915222167969, -7.792118072509766], [100.70915222167969, -7.875453948974609], [100.79249572753906, -7.875453948974609], [100.79249572753906, -7.958789825439453], [100.95918273925781, -7.958789825439453], [100.95918273925781, -8.042125701904297], [101.04252624511719, -8.042125701904297], [101.04252624511719, -8.208797454833984], [101.12586975097656, -8.208797454833984], [101.12586975097656, -8.292133331298828], [101.20921325683594, -8.292133331298828], [101.20921325683594, -8.375469207763672], [101.29255676269531, -8.375469207763672], [101.29255676269531, -8.625476837158203], [101.37590026855469, -8.625476837158203], [101.37590026855469, -8.12546157836914], [101.12586975097656, -8.12546157836914], [101.12586975097656, -7.875453948974609], [100.87583923339844, -7.875453948974609], [100.87583923339844, -7.125431060791016], [101.12586975097656, -7.125431060791016], [101.12586975097656, -7.208766937255859], [101.20921325683594, -7.208766937255859], [101.20921325683594, -7.292102813720703], [101.37590026855469, -7.292102813720703], [101.37590026855469, -7.375438690185547], [101.62593078613281, -7.375438690185547], [101.62593078613281, -7.458774566650391], [101.70927429199219, -7.458774566650391], [101.70927429199219, -7.375438690185547], [101.87596130371094, -7.375438690185547], [101.87596130371094, -7.625446319580078], [102.12599182128906, -7.625446319580078], [102.12599182128906, -7.375438690185547], [102.04264831542969, -7.375438690185547], [102.04264831542969, -7.292102813720703], [101.95930480957031, -7.292102813720703], [101.95930480957031, -7.208766937255859], [101.87596130371094, -7.208766937255859], [101.87596130371094, -7.125431060791016], [101.45924377441406, -7.125431060791016], [101.45924377441406, -7.042095184326172], [101.20921325683594, -7.042095184326172], [101.20921325683594, -6.958759307861328], [100.87583923339844, -6.958759307861328], [100.87583923339844, -6.875423431396484], [100.62580871582031, -6.875423431396484], [100.62580871582031, -6.792087554931641], [100.20909118652344, -6.792087554931641], [100.20909118652344, -6.708751678466797], [99.87571716308594, -6.708751678466797], [99.87571716308594, -6.792087554931641], [99.62568664550781, -6.792087554931641], [99.62568664550781, -6.625415802001953], [99.37565612792969, -6.625415802001953], [99.37565612792969, -6.875423431396484], [99.12562561035156, -6.875423431396484], [99.12562561035156, -6.625415802001953], [98.95893859863281, -6.625415802001953], [98.95893859863281, -6.708751678466797], [98.79225158691406, -6.708751678466797], [98.79225158691406, -6.792087554931641], [98.54222106933594, -6.792087554931641], [98.54222106933594, -6.708751678466797], [98.37553405761719, -6.708751678466797], [98.37553405761719, -6.625415802001953], [98.04216003417969, -6.625415802001953], [98.04216003417969, -6.542079925537109], [97.95881652832031, -6.542079925537109], [97.95881652832031, -6.458744049072266], [97.79212951660156, -6.458744049072266], [97.79212951660156, -6.542079925537109], [97.70878601074219, -6.542079925537109], [97.70878601074219, -7.125431060791016], [97.79212951660156, -7.125431060791016], [97.79212951660156, -7.208766937255859], [97.95881652832031, -7.208766937255859], [97.95881652832031, -7.292102813720703], [98.12550354003906, -7.292102813720703]], [[102.12599182128906, -7.875453948974609], [102.29267883300781, -7.875453948974609], [102.29267883300781, -7.708782196044922], [102.20933532714844, -7.708782196044922], [102.20933532714844, -7.625446319580078], [102.12599182128906, -7.625446319580078], [102.12599182128906, -7.875453948974609]], [[105.04301452636719, -6.958759307861328], [105.04301452636719, -7.125431060791016], [105.12635803222656, -7.125431060791016], [105.12635803222656, -6.958759307861328], [105.04301452636719, -6.958759307861328]], [[109.37687683105469, -8.042125701904297], [109.37687683105469, -8.12546157836914], [109.46022033691406, -8.12546157836914], [109.46022033691406, -8.042125701904297], [109.37687683105469, -8.042125701904297]], [[103.12611389160156, -8.625476837158203], [103.12611389160156, -8.79214859008789], [103.04277038574219, -8.79214859008789], [103.04277038574219, -8.875484466552734], [102.29267883300781, -8.875484466552734], [102.29267883300781, -9.042156219482422], [102.37602233886719, -9.042156219482422], [102.37602233886719, -9.125492095947266], [102.45936584472656, -9.125492095947266], [102.45936584472656, -9.20882797241211], [102.95942687988281, -9.20882797241211], [102.95942687988281, -9.125492095947266], [103.20945739746094, -9.125492095947266], [103.20945739746094, -9.042156219482422], [103.37614440917969, -9.042156219482422], [103.37614440917969, -8.958820343017578], [103.45948791503906, -8.958820343017578], [103.45948791503906, -8.875484466552734], [103.54283142089844, -8.875484466552734], [103.54283142089844, -8.79214859008789], [103.62617492675781, -8.79214859008789], [103.62617492675781, -8.875484466552734], [103.87620544433594, -8.875484466552734], [103.87620544433594, -9.125492095947266], [104.12623596191406, -9.125492095947266], [104.12623596191406, -8.625476837158203], [104.37626647949219, -8.625476837158203], [104.37626647949219, -8.875484466552734], [104.62629699707031, -8.875484466552734], [104.62629699707031, -8.375469207763672], [104.37626647949219, -8.375469207763672], [104.37626647949219, -8.208797454833984], [104.04289245605469, -8.208797454833984], [104.04289245605469, -8.292133331298828], [103.79286193847656, -8.292133331298828], [103.79286193847656, -8.375469207763672], [103.62617492675781, -8.375469207763672], [103.62617492675781, -8.54214096069336], [103.45948791503906, -8.54214096069336], [103.45948791503906, -8.625476837158203], [103.12611389160156, -8.625476837158203]], [[110.87705993652344, -8.625476837158203], [110.87705993652344, -8.54214096069336], [110.71037292480469, -8.54214096069336], [110.71037292480469, -8.458805084228516], [110.62702941894531, -8.458805084228516], [110.62702941894531, -8.625476837158203], [110.87705993652344, -8.625476837158203]], [[113.29402160644531, -8.458805084228516], [113.29402160644531, -8.54214096069336], [113.37736511230469, -8.54214096069336], [113.37736511230469, -8.458805084228516], [113.29402160644531, -8.458805084228516]], [[111.12709045410156, -8.54214096069336], [111.12709045410156, -8.625476837158203], [111.37712097167969, -8.625476837158203], [111.37712097167969, -8.54214096069336], [111.12709045410156, -8.54214096069336]], [[113.71073913574219, -8.708812713623047], [113.71073913574219, -8.79214859008789], [113.79408264160156, -8.79214859008789], [113.79408264160156, -8.708812713623047], [113.71073913574219, -8.708812713623047]], [[113.79408264160156, -8.875484466552734], [113.96076965332031, -8.875484466552734], [113.96076965332031, -8.958820343017578], [114.12745666503906, -8.958820343017578], [114.12745666503906, -8.79214859008789], [114.04411315917969, -8.79214859008789], [114.04411315917969, -8.708812713623047], [113.96076965332031, -8.708812713623047], [113.96076965332031, -8.79214859008789], [113.79408264160156, -8.79214859008789], [113.79408264160156, -8.875484466552734]], [[113.54405212402344, -9.125492095947266], [113.54405212402344, -9.042156219482422], [113.37736511230469, -9.042156219482422], [113.37736511230469, -9.125492095947266], [113.46070861816406, -9.125492095947266], [113.46070861816406, -9.292163848876953], [113.62739562988281, -9.292163848876953], [113.62739562988281, -9.20882797241211], [113.71073913574219, -9.20882797241211], [113.71073913574219, -9.125492095947266], [113.54405212402344, -9.125492095947266]], [[104.62629699707031, -9.125492095947266], [104.62629699707031, -9.375499725341797], [104.87632751464844, -9.375499725341797], [104.87632751464844, -9.125492095947266], [104.62629699707031, -9.125492095947266]], [[115.96101379394531, -10.12552261352539], [115.96101379394531, -9.87551498413086], [115.87767028808594, -9.87551498413086], [115.87767028808594, -9.708843231201172], [115.79432678222656, -9.708843231201172], [115.79432678222656, -9.125492095947266], [115.62763977050781, -9.125492095947266], [115.62763977050781, -10.12552261352539], [115.71098327636719, -10.12552261352539], [115.71098327636719, -10.208858489990234], [115.79432678222656, -10.208858489990234], [115.79432678222656, -10.292194366455078], [116.04435729980469, -10.292194366455078], [116.04435729980469, -10.12552261352539], [115.96101379394531, -10.12552261352539]], [[114.46083068847656, -9.375499725341797], [114.46083068847656, -9.625507354736328], [114.71086120605469, -9.625507354736328], [114.71086120605469, -9.542171478271484], [114.62751770019531, -9.542171478271484], [114.62751770019531, -9.45883560180664], [114.54417419433594, -9.45883560180664], [114.54417419433594, -9.375499725341797], [114.46083068847656, -9.375499725341797]], [[112.37724304199219, -10.375530242919922], [112.37724304199219, -10.458866119384766], [112.46058654785156, -10.458866119384766], [112.46058654785156, -10.54220199584961], [112.54393005371094, -10.54220199584961], [112.54393005371094, -10.625537872314453], [112.62727355957031, -10.625537872314453], [112.62727355957031, -10.79220962524414], [112.71061706542969, -10.79220962524414], [112.71061706542969, -11.20888900756836], [112.79396057128906, -11.20888900756836], [112.79396057128906, -11.375560760498047], [112.37724304199219, -11.375560760498047], [112.37724304199219, -11.625568389892578], [112.87730407714844, -11.625568389892578], [112.87730407714844, -11.375560760498047], [113.12733459472656, -11.375560760498047], [113.12733459472656, -11.125553131103516], [113.21067810058594, -11.125553131103516], [113.21067810058594, -11.042217254638672], [113.12733459472656, -11.042217254638672], [113.12733459472656, -10.875545501708984], [113.04399108886719, -10.875545501708984], [113.04399108886719, -10.54220199584961], [112.96064758300781, -10.54220199584961], [112.96064758300781, -10.375530242919922], [112.87730407714844, -10.375530242919922], [112.87730407714844, -10.292194366455078], [112.79396057128906, -10.292194366455078], [112.79396057128906, -10.208858489990234], [112.71061706542969, -10.208858489990234], [112.71061706542969, -10.12552261352539], [112.54393005371094, -10.12552261352539], [112.54393005371094, -10.042186737060547], [112.29389953613281, -10.042186737060547], [112.29389953613281, -10.12552261352539], [112.12721252441406, -10.12552261352539], [112.12721252441406, -10.208858489990234], [112.21055603027344, -10.208858489990234], [112.21055603027344, -10.292194366455078], [112.29389953613281, -10.292194366455078], [112.29389953613281, -10.375530242919922], [112.37724304199219, -10.375530242919922]], [[111.87718200683594, -11.625568389892578], [111.87718200683594, -11.708904266357422], [111.96052551269531, -11.708904266357422], [111.96052551269531, -11.87557601928711], [112.37724304199219, -11.87557601928711], [112.37724304199219, -11.625568389892578], [111.87718200683594, -11.625568389892578]], [[114.71086120605469, -10.875545501708984], [114.71086120605469, -10.958881378173828], [114.96089172363281, -10.958881378173828], [114.96089172363281, -10.875545501708984], [115.21092224121094, -10.875545501708984], [115.21092224121094, -10.79220962524414], [115.46095275878906, -10.79220962524414], [115.46095275878906, -10.708873748779297], [115.54429626464844, -10.708873748779297], [115.54429626464844, -10.458866119384766], [115.46095275878906, -10.458866119384766], [115.46095275878906, -10.375530242919922], [115.37760925292969, -10.375530242919922], [115.37760925292969, -10.292194366455078], [115.04423522949219, -10.292194366455078], [115.04423522949219, -10.208858489990234], [114.87754821777344, -10.208858489990234], [114.87754821777344, -10.292194366455078], [114.79420471191406, -10.292194366455078], [114.79420471191406, -10.375530242919922], [114.71086120605469, -10.375530242919922], [114.71086120605469, -10.458866119384766], [114.62751770019531, -10.458866119384766], [114.62751770019531, -10.875545501708984], [114.71086120605469, -10.875545501708984]], [[121.21165466308594, -10.208858489990234], [121.21165466308594, -10.292194366455078], [121.29499816894531, -10.292194366455078], [121.29499816894531, -10.208858489990234], [121.21165466308594, -10.208858489990234]], [[121.12831115722656, -10.292194366455078], [121.12831115722656, -10.375530242919922], [121.21165466308594, -10.375530242919922], [121.21165466308594, -10.292194366455078], [121.12831115722656, -10.292194366455078]], [[105.54307556152344, -10.458866119384766], [105.54307556152344, -10.54220199584961], [105.70976257324219, -10.54220199584961], [105.70976257324219, -10.458866119384766], [105.54307556152344, -10.458866119384766]], [[111.87718200683594, -10.875545501708984], [111.87718200683594, -11.125553131103516], [112.37724304199219, -11.125553131103516], [112.37724304199219, -10.875545501708984], [111.87718200683594, -10.875545501708984]]], [[[116.37773132324219, -2.625293731689453], [116.46107482910156, -2.625293731689453], [116.46107482910156, -2.708629608154297], [116.37773132324219, -2.708629608154297], [116.37773132324219, -2.625293731689453]]], [[[117.37785339355469, -2.291950225830078], [117.37785339355469, -2.375286102294922], [117.29450988769531, -2.375286102294922], [117.29450988769531, -2.708629608154297], [117.21116638183594, -2.708629608154297], [117.21116638183594, -2.291950225830078], [117.37785339355469, -2.291950225830078]]], [[[116.79444885253906, -2.291950225830078], [116.87779235839844, -2.291950225830078], [116.87779235839844, -2.4586219787597656], [116.79444885253906, -2.4586219787597656], [116.79444885253906, -2.291950225830078]]], [[[109.21018981933594, -1.9586067199707031], [109.29353332519531, -1.9586067199707031], [109.29353332519531, -2.041942596435547], [109.21018981933594, -2.041942596435547], [109.21018981933594, -1.9586067199707031]]], [[[116.46107482910156, -2.1252784729003906], [116.46107482910156, -1.7919349670410156], [116.37773132324219, -1.7919349670410156], [116.37773132324219, -1.7085990905761719], [116.46107482910156, -1.7085990905761719], [116.46107482910156, -1.6252632141113281], [116.62776184082031, -1.6252632141113281], [116.62776184082031, -1.8752708435058594], [116.54441833496094, -1.8752708435058594], [116.54441833496094, -2.041942596435547], [116.62776184082031, -2.041942596435547], [116.62776184082031, -2.1252784729003906], [116.46107482910156, -2.1252784729003906]]], [[[109.29353332519531, -1.7085990905761719], [109.21018981933594, -1.7085990905761719], [109.21018981933594, -1.5419273376464844], [109.12684631347656, -1.5419273376464844], [109.12684631347656, -1.3752555847167969], [109.21018981933594, -1.3752555847167969], [109.21018981933594, -1.4585914611816406], [109.29353332519531, -1.4585914611816406], [109.29353332519531, -1.3752555847167969], [109.62690734863281, -1.3752555847167969], [109.62690734863281, -1.6252632141113281], [109.29353332519531, -1.6252632141113281], [109.29353332519531, -1.7085990905761719]]], [[[118.79469299316406, 0.12479019165039062], [118.87803649902344, 0.12479019165039062], [118.87803649902344, -0.3752250671386719], [118.62800598144531, -0.3752250671386719], [118.62800598144531, -0.20855331420898438], [118.71134948730469, -0.20855331420898438], [118.71134948730469, 0.041454315185546875], [118.79469299316406, 0.041454315185546875], [118.79469299316406, 0.12479019165039062]]], [[[119.37809753417969, 0.8748130798339844], [119.37809753417969, 0.3747978210449219], [119.54478454589844, 0.3747978210449219], [119.54478454589844, 0.12479019165039062], [119.12806701660156, 0.12479019165039062], [119.12806701660156, 0.8748130798339844], [119.37809753417969, 0.8748130798339844]]], [[[119.37809753417969, 1.3748283386230469], [119.46144104003906, 1.3748283386230469], [119.46144104003906, 1.1248207092285156], [119.37809753417969, 1.1248207092285156], [119.37809753417969, 1.3748283386230469]]], [[[118.79469299316406, 1.5415000915527344], [118.87803649902344, 1.5415000915527344], [118.87803649902344, 1.4581642150878906], [118.79469299316406, 1.4581642150878906], [118.79469299316406, 1.5415000915527344]]], [[[118.96138000488281, 2.291522979736328], [118.96138000488281, 2.2081871032714844], [119.12806701660156, 2.2081871032714844], [119.12806701660156, 2.1248512268066406], [118.87803649902344, 2.1248512268066406], [118.87803649902344, 2.291522979736328], [118.96138000488281, 2.291522979736328]]], [[[119.46144104003906, 2.708202362060547], [119.37809753417969, 2.708202362060547], [119.37809753417969, 2.624866485595703], [119.12806701660156, 2.624866485595703], [119.12806701660156, 2.4581947326660156], [118.87803649902344, 2.4581947326660156], [118.87803649902344, 2.8748741149902344], [118.96138000488281, 2.8748741149902344], [118.96138000488281, 3.041545867919922], [119.04472351074219, 3.041545867919922], [119.04472351074219, 3.291553497314453], [119.12806701660156, 3.291553497314453], [119.12806701660156, 3.624897003173828], [119.21141052246094, 3.624897003173828], [119.21141052246094, 3.8749046325683594], [119.29475402832031, 3.8749046325683594], [119.29475402832031, 4.124912261962891], [119.37809753417969, 4.124912261962891], [119.37809753417969, 4.291584014892578], [119.46144104003906, 4.291584014892578], [119.46144104003906, 4.624927520751953], [119.54478454589844, 4.624927520751953], [119.54478454589844, 4.791599273681641], [119.71147155761719, 4.791599273681641], [119.71147155761719, 4.374919891357422], [119.62812805175781, 4.374919891357422], [119.62812805175781, 4.124912261962891], [119.54478454589844, 4.124912261962891], [119.54478454589844, 3.7915687561035156], [119.46144104003906, 3.7915687561035156], [119.46144104003906, 2.708202362060547]]], [[[119.96150207519531, 4.124912261962891], [120.04484558105469, 4.124912261962891], [120.04484558105469, 4.208248138427734], [120.12818908691406, 4.208248138427734], [120.12818908691406, 4.124912261962891], [120.29487609863281, 4.124912261962891], [120.29487609863281, 4.041576385498047], [120.12818908691406, 4.041576385498047], [120.12818908691406, 3.958240509033203], [119.96150207519531, 3.958240509033203], [119.96150207519531, 4.124912261962891]]], [[[118.87803649902344, 4.041576385498047], [118.87803649902344, 4.374919891357422], [119.04472351074219, 4.374919891357422], [119.04472351074219, 4.041576385498047], [118.87803649902344, 4.041576385498047]]], [[[119.12806701660156, 4.624927520751953], [119.04472351074219, 4.624927520751953], [119.04472351074219, 4.791599273681641], [119.12806701660156, 4.791599273681641], [119.12806701660156, 4.874935150146484], [119.21141052246094, 4.874935150146484], [119.21141052246094, 4.958271026611328], [119.29475402832031, 4.958271026611328], [119.29475402832031, 5.041606903076172], [119.37809753417969, 5.041606903076172], [119.37809753417969, 4.874935150146484], [119.29475402832031, 4.874935150146484], [119.29475402832031, 4.791599273681641], [119.21141052246094, 4.791599273681641], [119.21141052246094, 4.708263397216797], [119.12806701660156, 4.708263397216797], [119.12806701660156, 4.624927520751953]]], [[[124.62873840332031, -10.875545501708984], [124.37870788574219, -10.875545501708984], [124.37870788574219, -10.958881378173828], [124.29536437988281, -10.958881378173828], [124.29536437988281, -11.042217254638672], [124.12867736816406, -11.042217254638672], [124.12867736816406, -11.125553131103516], [123.62861633300781, -11.125553131103516], [123.62861633300781, -11.20888900756836], [123.46192932128906, -11.20888900756836], [123.46192932128906, -11.292224884033203], [123.37858581542969, -11.292224884033203], [123.37858581542969, -11.375560760498047], [123.29524230957031, -11.375560760498047], [123.29524230957031, -11.45889663696289], [123.21189880371094, -11.45889663696289], [123.21189880371094, -11.542232513427734], [123.04521179199219, -11.542232513427734], [123.04521179199219, -11.625568389892578], [122.96186828613281, -11.625568389892578], [122.96186828613281, -11.708904266357422], [122.87852478027344, -11.708904266357422], [122.87852478027344, -11.87557601928711], [121.87840270996094, -11.87557601928711], [121.87840270996094, -11.958911895751953], [120.46156311035156, -11.958911895751953], [120.46156311035156, -11.87557601928711], [120.87828063964844, -11.87557601928711], [120.87828063964844, -11.625568389892578], [121.12831115722656, -11.625568389892578], [121.12831115722656, -11.542232513427734], [121.21165466308594, -11.542232513427734], [121.21165466308594, -11.45889663696289], [121.29499816894531, -11.45889663696289], [121.29499816894531, -11.375560760498047], [121.46168518066406, -11.375560760498047], [121.46168518066406, -11.292224884033203], [122.04508972167969, -11.292224884033203], [122.04508972167969, -11.375560760498047], [122.29512023925781, -11.375560760498047], [122.29512023925781, -11.45889663696289], [122.62849426269531, -11.45889663696289], [122.62849426269531, -11.375560760498047], [122.79518127441406, -11.375560760498047], [122.79518127441406, -11.292224884033203], [122.87852478027344, -11.292224884033203], [122.87852478027344, -11.20888900756836], [122.96186828613281, -11.20888900756836], [122.96186828613281, -11.125553131103516], [123.04521179199219, -11.125553131103516], [123.04521179199219, -11.042217254638672], [123.12855529785156, -11.042217254638672], [123.12855529785156, -10.875545501708984], [123.37858581542969, -10.875545501708984], [123.37858581542969, -10.708873748779297], [123.54527282714844, -10.708873748779297], [123.54527282714844, -10.625537872314453], [124.04533386230469, -10.625537872314453], [124.04533386230469, -10.54220199584961], [124.21202087402344, -10.54220199584961], [124.21202087402344, -10.458866119384766], [124.29536437988281, -10.458866119384766], [124.29536437988281, -10.375530242919922], [124.62873840332031, -10.375530242919922], [124.62873840332031, -10.458866119384766], [124.54539489746094, -10.458866119384766], [124.54539489746094, -10.54220199584961], [124.46205139160156, -10.54220199584961], [124.46205139160156, -10.625537872314453], [124.62873840332031, -10.625537872314453], [124.62873840332031, -10.875545501708984]], [[124.04533386230469, -10.79220962524414], [124.04533386230469, -10.875545501708984], [124.12867736816406, -10.875545501708984], [124.12867736816406, -10.79220962524414], [124.04533386230469, -10.79220962524414]]], [[[122.79518127441406, -11.042217254638672], [122.79518127441406, -10.958881378173828], [122.87852478027344, -10.958881378173828], [122.87852478027344, -11.042217254638672], [122.79518127441406, -11.042217254638672]]], [[[122.96186828613281, -10.875545501708984], [123.04521179199219, -10.875545501708984], [123.04521179199219, -10.958881378173828], [122.96186828613281, -10.958881378173828], [122.96186828613281, -10.875545501708984]]], [[[124.62873840332031, -10.292194366455078], [124.71208190917969, -10.292194366455078], [124.71208190917969, -10.375530242919922], [124.62873840332031, -10.375530242919922], [124.62873840332031, -10.292194366455078]]], [[[120.29487609863281, -9.542171478271484], [120.29487609863281, -9.45883560180664], [120.21153259277344, -9.45883560180664], [120.21153259277344, -9.292163848876953], [120.37821960449219, -9.292163848876953], [120.37821960449219, -9.375499725341797], [120.62825012207031, -9.375499725341797], [120.62825012207031, -9.625507354736328], [120.37821960449219, -9.625507354736328], [120.37821960449219, -9.542171478271484], [120.29487609863281, -9.542171478271484]]], [[[120.62825012207031, -8.875484466552734], [120.87828063964844, -8.875484466552734], [120.87828063964844, -8.958820343017578], [120.62825012207031, -8.958820343017578], [120.62825012207031, -8.875484466552734]]], [[[123.87864685058594, -8.708812713623047], [123.96199035644531, -8.708812713623047], [123.96199035644531, -8.875484466552734], [123.87864685058594, -8.875484466552734], [123.87864685058594, -8.708812713623047]]], [[[124.04533386230469, -8.625476837158203], [124.04533386230469, -8.54214096069336], [124.12867736816406, -8.54214096069336], [124.12867736816406, -8.625476837158203], [124.04533386230469, -8.625476837158203]]], [[[123.96199035644531, -8.458805084228516], [124.04533386230469, -8.458805084228516], [124.04533386230469, -8.54214096069336], [123.96199035644531, -8.54214096069336], [123.96199035644531, -8.458805084228516]]], [[[123.96199035644531, -8.458805084228516], [123.87864685058594, -8.458805084228516], [123.87864685058594, -8.375469207763672], [123.96199035644531, -8.375469207763672], [123.96199035644531, -8.458805084228516]]], [[[124.96211242675781, -8.458805084228516], [124.96211242675781, -8.375469207763672], [125.04545593261719, -8.375469207763672], [125.04545593261719, -8.458805084228516], [124.96211242675781, -8.458805084228516]]], [[[125.12879943847656, -8.208797454833984], [125.21214294433594, -8.208797454833984], [125.21214294433594, -8.292133331298828], [125.12879943847656, -8.292133331298828], [125.12879943847656, -8.208797454833984]]], [[[126.12892150878906, -8.12546157836914], [126.87901306152344, -8.12546157836914], [126.87901306152344, -8.292133331298828], [127.04570007324219, -8.292133331298828], [127.04570007324219, -8.208797454833984], [127.12904357910156, -8.208797454833984], [127.12904357910156, -8.375469207763672], [126.12892150878906, -8.375469207763672], [126.12892150878906, -8.12546157836914]]], [[[125.62886047363281, -8.208797454833984], [125.62886047363281, -8.12546157836914], [125.71220397949219, -8.12546157836914], [125.71220397949219, -8.208797454833984], [125.62886047363281, -8.208797454833984]]], [[[125.29548645019531, -8.12546157836914], [124.87876892089844, -8.12546157836914], [124.87876892089844, -8.042125701904297], [124.62873840332031, -8.042125701904297], [124.62873840332031, -8.12546157836914], [124.37870788574219, -8.12546157836914], [124.37870788574219, -8.042125701904297], [124.46205139160156, -8.042125701904297], [124.46205139160156, -7.958789825439453], [124.62873840332031, -7.958789825439453], [124.62873840332031, -7.792118072509766], [124.87876892089844, -7.792118072509766], [124.87876892089844, -7.875453948974609], [125.12879943847656, -7.875453948974609], [125.12879943847656, -7.958789825439453], [125.21214294433594, -7.958789825439453], [125.21214294433594, -8.042125701904297], [125.29548645019531, -8.042125701904297], [125.29548645019531, -8.12546157836914]]], [[[126.37895202636719, -7.625446319580078], [125.87889099121094, -7.625446319580078], [125.87889099121094, -7.542110443115234], [126.21226501464844, -7.542110443115234], [126.21226501464844, -7.458774566650391], [126.37895202636719, -7.458774566650391], [126.37895202636719, -7.625446319580078]]], [[[126.12892150878906, -7.125431060791016], [126.12892150878906, -7.208766937255859], [125.96223449707031, -7.208766937255859], [125.96223449707031, -7.292102813720703], [125.62886047363281, -7.292102813720703], [125.62886047363281, -7.125431060791016], [126.12892150878906, -7.125431060791016]]], [[[122.12843322753906, -5.875392913818359], [121.96174621582031, -5.875392913818359], [121.96174621582031, -5.792057037353516], [121.87840270996094, -5.792057037353516], [121.87840270996094, -5.625385284423828], [122.12843322753906, -5.625385284423828], [122.12843322753906, -5.875392913818359]]], [[[125.87889099121094, -3.1253089904785156], [125.96223449707031, -3.1253089904785156], [125.96223449707031, -3.2086448669433594], [125.87889099121094, -3.2086448669433594], [125.87889099121094, -3.291980743408203], [125.79554748535156, -3.291980743408203], [125.79554748535156, -3.375316619873047], [125.87889099121094, -3.375316619873047], [125.87889099121094, -3.5419883728027344], [125.79554748535156, -3.5419883728027344], [125.79554748535156, -3.625324249267578], [126.29560852050781, -3.625324249267578], [126.29560852050781, -3.708660125732422], [126.37895202636719, -3.708660125732422], [126.37895202636719, -3.958667755126953], [126.21226501464844, -3.958667755126953], [126.21226501464844, -4.042003631591797], [125.87889099121094, -4.042003631591797], [125.87889099121094, -3.958667755126953], [126.04557800292969, -3.958667755126953], [126.04557800292969, -3.8753318786621094], [125.37882995605469, -3.8753318786621094], [125.37882995605469, -3.625324249267578], [125.12879943847656, -3.625324249267578], [125.12879943847656, -3.4586524963378906], [125.21214294433594, -3.4586524963378906], [125.21214294433594, -3.375316619873047], [125.12879943847656, -3.375316619873047], [125.12879943847656, -3.041973114013672], [125.21214294433594, -3.041973114013672], [125.21214294433594, -2.958637237548828], [125.29548645019531, -2.958637237548828], [125.29548645019531, -2.8753013610839844], [125.37882995605469, -2.8753013610839844], [125.37882995605469, -3.041973114013672], [125.46217346191406, -3.041973114013672], [125.46217346191406, -2.958637237548828], [125.62886047363281, -2.958637237548828], [125.62886047363281, -3.041973114013672], [125.87889099121094, -3.041973114013672], [125.87889099121094, -3.1253089904785156]], [[125.79554748535156, -3.4586524963378906], [125.71220397949219, -3.4586524963378906], [125.71220397949219, -3.5419883728027344], [125.79554748535156, -3.5419883728027344], [125.79554748535156, -3.4586524963378906]], [[125.54551696777344, -3.041973114013672], [125.54551696777344, -3.1253089904785156], [125.62886047363281, -3.1253089904785156], [125.62886047363281, -3.041973114013672], [125.54551696777344, -3.041973114013672]], [[125.71220397949219, -3.708660125732422], [125.71220397949219, -3.7919960021972656], [125.79554748535156, -3.7919960021972656], [125.79554748535156, -3.708660125732422], [125.71220397949219, -3.708660125732422]]], [[[125.96223449707031, -3.291980743408203], [125.96223449707031, -3.2086448669433594], [126.04557800292969, -3.2086448669433594], [126.04557800292969, -3.291980743408203], [125.96223449707031, -3.291980743408203]]], [[[123.71195983886719, -1.7085990905761719], [123.71195983886719, -1.5419273376464844], [123.79530334472656, -1.5419273376464844], [123.79530334472656, -1.7085990905761719], [123.71195983886719, -1.7085990905761719]]], [[[124.21202087402344, -1.6252632141113281], [124.21202087402344, -1.5419273376464844], [124.29536437988281, -1.5419273376464844], [124.29536437988281, -1.6252632141113281], [124.21202087402344, -1.6252632141113281]]], [[[124.12867736816406, -1.4585914611816406], [124.21202087402344, -1.4585914611816406], [124.21202087402344, -1.5419273376464844], [124.12867736816406, -1.5419273376464844], [124.12867736816406, -1.4585914611816406]]], [[[123.96199035644531, -0.9585762023925781], [123.87864685058594, -0.9585762023925781], [123.87864685058594, -0.8752403259277344], [123.79530334472656, -0.8752403259277344], [123.79530334472656, -0.9585762023925781], [123.71195983886719, -0.9585762023925781], [123.71195983886719, -1.0419120788574219], [123.62861633300781, -1.0419120788574219], [123.62861633300781, -0.8752403259277344], [123.54527282714844, -0.8752403259277344], [123.54527282714844, -0.7085685729980469], [123.62861633300781, -0.7085685729980469], [123.62861633300781, -0.6252326965332031], [123.37858581542969, -0.6252326965332031], [123.37858581542969, -0.12521743774414062], [123.87864685058594, -0.12521743774414062], [123.87864685058594, -0.041881561279296875], [124.04533386230469, -0.041881561279296875], [124.04533386230469, -0.2918891906738281], [124.12867736816406, -0.2918891906738281], [124.12867736816406, -0.7085685729980469], [124.04533386230469, -0.7085685729980469], [124.04533386230469, -0.7919044494628906], [123.96199035644531, -0.7919044494628906], [123.96199035644531, -0.9585762023925781]], [[123.71195983886719, -0.8752403259277344], [123.71195983886719, -0.7919044494628906], [123.62861633300781, -0.7919044494628906], [123.62861633300781, -0.8752403259277344], [123.71195983886719, -0.8752403259277344]]], [[[124.12867736816406, -0.2918891906738281], [124.12867736816406, -0.20855331420898438], [124.29536437988281, -0.20855331420898438], [124.29536437988281, -0.2918891906738281], [124.12867736816406, -0.2918891906738281]]], [[[123.37858581542969, 0.20812606811523438], [122.71183776855469, 0.20812606811523438], [122.71183776855469, 0.2914619445800781], [122.62849426269531, 0.2914619445800781], [122.62849426269531, 0.3747978210449219], [122.96186828613281, 0.3747978210449219], [122.96186828613281, 0.2914619445800781], [123.21189880371094, 0.2914619445800781], [123.21189880371094, 0.3747978210449219], [123.29524230957031, 0.3747978210449219], [123.29524230957031, 0.2914619445800781], [123.37858581542969, 0.2914619445800781], [123.37858581542969, 0.20812606811523438]]], [[[124.71208190917969, 0.6248054504394531], [124.87876892089844, 0.6248054504394531], [124.87876892089844, 0.5414695739746094], [124.71208190917969, 0.5414695739746094], [124.71208190917969, 0.6248054504394531]]], [[[125.37882995605469, 0.8748130798339844], [125.37882995605469, 0.7914772033691406], [125.29548645019531, 0.7914772033691406], [125.29548645019531, 0.7081413269042969], [125.04545593261719, 0.7081413269042969], [125.04545593261719, 0.6248054504394531], [124.87876892089844, 0.6248054504394531], [124.87876892089844, 0.7914772033691406], [124.96211242675781, 0.7914772033691406], [124.96211242675781, 0.8748130798339844], [125.04545593261719, 0.8748130798339844], [125.04545593261719, 0.9581489562988281], [125.21214294433594, 0.9581489562988281], [125.21214294433594, 1.0414848327636719], [125.37882995605469, 1.0414848327636719], [125.37882995605469, 1.1248207092285156], [125.54551696777344, 1.1248207092285156], [125.54551696777344, 1.2081565856933594], [125.71220397949219, 1.2081565856933594], [125.71220397949219, 1.2914924621582031], [125.87889099121094, 1.2914924621582031], [125.87889099121094, 1.1248207092285156], [125.62886047363281, 1.1248207092285156], [125.62886047363281, 0.9581489562988281], [125.46217346191406, 0.9581489562988281], [125.46217346191406, 0.8748130798339844], [125.37882995605469, 0.8748130798339844]]], [[[125.96223449707031, 1.3748283386230469], [125.96223449707031, 1.2914924621582031], [125.87889099121094, 1.2914924621582031], [125.87889099121094, 1.3748283386230469], [125.96223449707031, 1.3748283386230469]]], [[[125.96223449707031, 1.3748283386230469], [125.96223449707031, 1.4581642150878906], [126.12892150878906, 1.4581642150878906], [126.12892150878906, 1.3748283386230469], [125.96223449707031, 1.3748283386230469]]], [[[125.37882995605469, 1.6248359680175781], [125.37882995605469, 1.7081718444824219], [125.21214294433594, 1.7081718444824219], [125.21214294433594, 1.8748435974121094], [125.12879943847656, 1.8748435974121094], [125.12879943847656, 2.1248512268066406], [125.29548645019531, 2.1248512268066406], [125.29548645019531, 2.041515350341797], [125.54551696777344, 2.041515350341797], [125.54551696777344, 1.8748435974121094], [125.62886047363281, 1.8748435974121094], [125.62886047363281, 1.6248359680175781], [125.37882995605469, 1.6248359680175781]]], [[[125.46217346191406, 2.374858856201172], [125.62886047363281, 2.374858856201172], [125.62886047363281, 2.291522979736328], [125.79554748535156, 2.291522979736328], [125.79554748535156, 2.2081871032714844], [125.37882995605469, 2.2081871032714844], [125.37882995605469, 2.291522979736328], [125.46217346191406, 2.291522979736328], [125.46217346191406, 2.374858856201172]]], [[[126.37895202636719, 2.374858856201172], [126.46229553222656, 2.374858856201172], [126.46229553222656, 2.291522979736328], [126.37895202636719, 2.291522979736328], [126.37895202636719, 2.374858856201172]]], [[[125.37882995605469, 2.4581947326660156], [125.37882995605469, 2.5415306091308594], [125.62886047363281, 2.5415306091308594], [125.62886047363281, 2.4581947326660156], [125.37882995605469, 2.4581947326660156]]], [[[125.37882995605469, 3.374889373779297], [125.46217346191406, 3.374889373779297], [125.46217346191406, 3.291553497314453], [125.37882995605469, 3.291553497314453], [125.37882995605469, 3.374889373779297]]], [[[120.54490661621094, 4.291584014892578], [120.46156311035156, 4.291584014892578], [120.46156311035156, 4.208248138427734], [120.37821960449219, 4.208248138427734], [120.37821960449219, 4.374919891357422], [120.54490661621094, 4.374919891357422], [120.54490661621094, 4.291584014892578]]], [[[120.37821960449219, 4.541591644287109], [120.37821960449219, 4.374919891357422], [120.21153259277344, 4.374919891357422], [120.21153259277344, 4.458255767822266], [120.29487609863281, 4.458255767822266], [120.29487609863281, 4.541591644287109], [120.37821960449219, 4.541591644287109]]], [[[126.62898254394531, 4.874935150146484], [126.87901306152344, 4.874935150146484], [126.87901306152344, 4.624927520751953], [126.62898254394531, 4.624927520751953], [126.62898254394531, 4.874935150146484]]], [[[130.2960968017578, -11.042217254638672], [130.3794403076172, -11.042217254638672], [130.3794403076172, -11.125553131103516], [130.2960968017578, -11.125553131103516], [130.2960968017578, -11.042217254638672]]], [[[131.0461883544922, -11.042217254638672], [131.0461883544922, -10.958881378173828], [131.21287536621094, -10.958881378173828], [131.21287536621094, -11.042217254638672], [131.0461883544922, -11.042217254638672]]], [[[131.21287536621094, -10.79220962524414], [131.2962188720703, -10.79220962524414], [131.2962188720703, -10.875545501708984], [131.21287536621094, -10.875545501708984], [131.21287536621094, -10.79220962524414]]], [[[130.6294708251953, -10.208858489990234], [130.54612731933594, -10.208858489990234], [130.54612731933594, -10.292194366455078], [130.3794403076172, -10.292194366455078], [130.3794403076172, -10.12552261352539], [130.6294708251953, -10.12552261352539], [130.6294708251953, -10.208858489990234]]], [[[127.54576110839844, -8.708812713623047], [127.54576110839844, -8.79214859008789], [127.62910461425781, -8.79214859008789], [127.62910461425781, -9.125492095947266], [127.37907409667969, -9.125492095947266], [127.37907409667969, -9.042156219482422], [127.29573059082031, -9.042156219482422], [127.29573059082031, -9.125492095947266], [127.21238708496094, -9.125492095947266], [127.21238708496094, -9.20882797241211], [127.12904357910156, -9.20882797241211], [127.12904357910156, -9.292163848876953], [126.96235656738281, -9.292163848876953], [126.96235656738281, -9.375499725341797], [126.79566955566406, -9.375499725341797], [126.79566955566406, -9.292163848876953], [126.71232604980469, -9.292163848876953], [126.71232604980469, -9.20882797241211], [126.87901306152344, -9.20882797241211], [126.87901306152344, -9.125492095947266], [126.96235656738281, -9.125492095947266], [126.96235656738281, -9.042156219482422], [127.12904357910156, -9.042156219482422], [127.12904357910156, -8.958820343017578], [127.21238708496094, -8.958820343017578], [127.21238708496094, -8.875484466552734], [127.29573059082031, -8.875484466552734], [127.29573059082031, -8.79214859008789], [127.37907409667969, -8.79214859008789], [127.37907409667969, -8.458805084228516], [127.29573059082031, -8.458805084228516], [127.29573059082031, -8.292133331298828], [127.54576110839844, -8.292133331298828], [127.54576110839844, -8.375469207763672], [127.62910461425781, -8.375469207763672], [127.62910461425781, -8.54214096069336], [127.79579162597656, -8.54214096069336], [127.79579162597656, -8.708812713623047], [127.54576110839844, -8.708812713623047]]], [[[129.3793182373047, -8.375469207763672], [129.46266174316406, -8.375469207763672], [129.46266174316406, -8.875484466552734], [129.3793182373047, -8.875484466552734], [129.3793182373047, -8.375469207763672]]], [[[127.71244812011719, -8.375469207763672], [127.79579162597656, -8.375469207763672], [127.79579162597656, -8.458805084228516], [127.71244812011719, -8.458805084228516], [127.71244812011719, -8.375469207763672]]], [[[129.3793182373047, -8.12546157836914], [129.3793182373047, -8.375469207763672], [129.2959747314453, -8.375469207763672], [129.2959747314453, -8.208797454833984], [129.12928771972656, -8.208797454833984], [129.12928771972656, -8.12546157836914], [129.3793182373047, -8.12546157836914]]], [[[128.54588317871094, -8.12546157836914], [128.6292266845703, -8.12546157836914], [128.6292266845703, -8.208797454833984], [128.54588317871094, -8.208797454833984], [128.54588317871094, -8.12546157836914]]], [[[131.3795623779297, -7.875453948974609], [131.46290588378906, -7.875453948974609], [131.46290588378906, -7.958789825439453], [131.3795623779297, -7.958789825439453], [131.3795623779297, -7.875453948974609]]], [[[131.87962341308594, -7.625446319580078], [131.87962341308594, -7.875453948974609], [131.6295928955078, -7.875453948974609], [131.6295928955078, -7.708782196044922], [131.7129364013672, -7.708782196044922], [131.7129364013672, -7.625446319580078], [131.87962341308594, -7.625446319580078]]], [[[127.62910461425781, -4.458683013916016], [127.46241760253906, -4.458683013916016], [127.46241760253906, -4.375347137451172], [127.37907409667969, -4.375347137451172], [127.37907409667969, -4.208675384521484], [127.29573059082031, -4.208675384521484], [127.29573059082031, -4.042003631591797], [127.21238708496094, -4.042003631591797], [127.21238708496094, -3.7919960021972656], [127.12904357910156, -3.7919960021972656], [127.12904357910156, -3.708660125732422], [127.21238708496094, -3.708660125732422], [127.21238708496094, -3.625324249267578], [127.37907409667969, -3.625324249267578], [127.37907409667969, -3.708660125732422], [127.46241760253906, -3.708660125732422], [127.46241760253906, -3.8753318786621094], [127.54576110839844, -3.8753318786621094], [127.54576110839844, -4.125339508056641], [127.62910461425781, -4.125339508056641], [127.62910461425781, -4.458683013916016]]], [[[132.12965393066406, -4.292011260986328], [132.0463104248047, -4.292011260986328], [132.0463104248047, -4.208675384521484], [131.9629669189453, -4.208675384521484], [131.9629669189453, -4.125339508056641], [131.87962341308594, -4.125339508056641], [131.87962341308594, -3.8753318786621094], [131.79627990722656, -3.8753318786621094], [131.79627990722656, -3.708660125732422], [131.87962341308594, -3.708660125732422], [131.87962341308594, -3.7919960021972656], [131.9629669189453, -3.7919960021972656], [131.9629669189453, -3.8753318786621094], [132.0463104248047, -3.8753318786621094], [132.0463104248047, -4.042003631591797], [132.12965393066406, -4.042003631591797], [132.12965393066406, -4.292011260986328]]], [[[131.12953186035156, -3.958667755126953], [131.12953186035156, -3.8753318786621094], [131.21287536621094, -3.8753318786621094], [131.21287536621094, -3.958667755126953], [131.12953186035156, -3.958667755126953]]], [[[131.7129364013672, -3.625324249267578], [131.79627990722656, -3.625324249267578], [131.79627990722656, -3.708660125732422], [131.7129364013672, -3.708660125732422], [131.7129364013672, -3.625324249267578]]], [[[130.87950134277344, -2.958637237548828], [131.12953186035156, -2.958637237548828], [131.12953186035156, -3.041973114013672], [131.21287536621094, -3.041973114013672], [131.21287536621094, -3.1253089904785156], [131.3795623779297, -3.1253089904785156], [131.3795623779297, -3.2086448669433594], [131.46290588378906, -3.2086448669433594], [131.46290588378906, -3.291980743408203], [131.54624938964844, -3.291980743408203], [131.54624938964844, -3.375316619873047], [131.6295928955078, -3.375316619873047], [131.6295928955078, -3.4586524963378906], [131.7129364013672, -3.4586524963378906], [131.7129364013672, -3.625324249267578], [131.6295928955078, -3.625324249267578], [131.6295928955078, -3.5419883728027344], [131.54624938964844, -3.5419883728027344], [131.54624938964844, -3.4586524963378906], [131.46290588378906, -3.4586524963378906], [131.46290588378906, -3.375316619873047], [131.3795623779297, -3.375316619873047], [131.3795623779297, -3.291980743408203], [131.21287536621094, -3.291980743408203], [131.21287536621094, -3.2086448669433594], [130.9628448486328, -3.2086448669433594], [130.9628448486328, -3.1253089904785156], [130.7128143310547, -3.1253089904785156], [130.7128143310547, -3.041973114013672], [130.3794403076172, -3.041973114013672], [130.3794403076172, -2.8753013610839844], [129.87937927246094, -2.8753013610839844], [129.87937927246094, -2.708629608154297], [129.9627227783203, -2.708629608154297], [129.9627227783203, -2.625293731689453], [130.0460662841797, -2.625293731689453], [130.0460662841797, -2.708629608154297], [130.3794403076172, -2.708629608154297], [130.3794403076172, -2.7919654846191406], [130.7128143310547, -2.7919654846191406], [130.7128143310547, -2.8753013610839844], [130.87950134277344, -2.8753013610839844], [130.87950134277344, -2.958637237548828]]], [[[127.79579162597656, -2.7919654846191406], [127.79579162597656, -2.958637237548828], [127.71244812011719, -2.958637237548828], [127.71244812011719, -3.041973114013672], [127.62910461425781, -3.041973114013672], [127.62910461425781, -3.1253089904785156], [127.46241760253906, -3.1253089904785156], [127.46241760253906, -3.2086448669433594], [127.37907409667969, -3.2086448669433594], [127.37907409667969, -3.291980743408203], [127.21238708496094, -3.291980743408203], [127.21238708496094, -3.2086448669433594], [127.12904357910156, -3.2086448669433594], [127.12904357910156, -3.1253089904785156], [126.79566955566406, -3.1253089904785156], [126.79566955566406, -3.041973114013672], [126.71232604980469, -3.041973114013672], [126.71232604980469, -2.958637237548828], [126.79566955566406, -2.958637237548828], [126.79566955566406, -2.8753013610839844], [126.87901306152344, -2.8753013610839844], [126.87901306152344, -2.708629608154297], [127.12904357910156, -2.708629608154297], [127.12904357910156, -2.7919654846191406], [127.29573059082031, -2.7919654846191406], [127.29573059082031, -2.708629608154297], [127.62910461425781, -2.708629608154297], [127.62910461425781, -2.7919654846191406], [127.79579162597656, -2.7919654846191406]]], [[[129.87937927246094, -2.5419578552246094], [129.9627227783203, -2.5419578552246094], [129.9627227783203, -2.625293731689453], [129.87937927246094, -2.625293731689453], [129.87937927246094, -2.5419578552246094]]], [[[128.0458221435547, -2.4586219787597656], [128.12916564941406, -2.4586219787597656], [128.12916564941406, -2.625293731689453], [128.0458221435547, -2.625293731689453], [128.0458221435547, -2.4586219787597656]]], [[[131.9629669189453, -2.8753013610839844], [131.9629669189453, -2.7919654846191406], [131.87962341308594, -2.7919654846191406], [131.87962341308594, -2.8753013610839844], [131.79627990722656, -2.8753013610839844], [131.79627990722656, -2.7919654846191406], [131.7129364013672, -2.7919654846191406], [131.7129364013672, -2.708629608154297], [131.6295928955078, -2.708629608154297], [131.6295928955078, -2.625293731689453], [131.46290588378906, -2.625293731689453], [131.46290588378906, -2.4586219787597656], [131.54624938964844, -2.4586219787597656], [131.54624938964844, -2.375286102294922], [131.3795623779297, -2.375286102294922], [131.3795623779297, -2.2086143493652344], [131.46290588378906, -2.2086143493652344], [131.46290588378906, -2.1252784729003906], [131.2962188720703, -2.1252784729003906], [131.2962188720703, -2.041942596435547], [131.54624938964844, -2.041942596435547], [131.54624938964844, -2.1252784729003906], [131.6295928955078, -2.1252784729003906], [131.6295928955078, -2.2086143493652344], [131.79627990722656, -2.2086143493652344], [131.79627990722656, -2.291950225830078], [131.87962341308594, -2.291950225830078], [131.87962341308594, -2.1252784729003906], [131.9629669189453, -2.1252784729003906], [131.9629669189453, -1.9586067199707031], [132.0463104248047, -1.9586067199707031], [132.0463104248047, -2.1252784729003906], [132.12965393066406, -2.1252784729003906], [132.12965393066406, -2.7919654846191406], [132.0463104248047, -2.7919654846191406], [132.0463104248047, -2.8753013610839844], [131.9629669189453, -2.8753013610839844]]], [[[131.21287536621094, -1.9586067199707031], [131.2962188720703, -1.9586067199707031], [131.2962188720703, -2.041942596435547], [131.21287536621094, -2.041942596435547], [131.21287536621094, -1.9586067199707031]]], [[[131.87962341308594, -1.8752708435058594], [131.9629669189453, -1.8752708435058594], [131.9629669189453, -1.9586067199707031], [131.87962341308594, -1.9586067199707031], [131.87962341308594, -1.8752708435058594]]], [[[128.54588317871094, -1.7085990905761719], [128.54588317871094, -1.9586067199707031], [128.46253967285156, -1.9586067199707031], [128.46253967285156, -2.1252784729003906], [128.3791961669922, -2.1252784729003906], [128.3791961669922, -2.375286102294922], [128.12916564941406, -2.375286102294922], [128.12916564941406, -2.2086143493652344], [128.21250915527344, -2.2086143493652344], [128.21250915527344, -2.1252784729003906], [128.2958526611328, -2.1252784729003906], [128.2958526611328, -1.8752708435058594], [128.3791961669922, -1.8752708435058594], [128.3791961669922, -1.6252632141113281], [128.46253967285156, -1.6252632141113281], [128.46253967285156, -1.5419273376464844], [128.3791961669922, -1.5419273376464844], [128.3791961669922, -1.4585914611816406], [128.46253967285156, -1.4585914611816406], [128.46253967285156, -1.2919197082519531], [128.6292266845703, -1.2919197082519531], [128.6292266845703, -1.6252632141113281], [128.7125701904297, -1.6252632141113281], [128.7125701904297, -1.7919349670410156], [128.6292266845703, -1.7919349670410156], [128.6292266845703, -1.7085990905761719], [128.54588317871094, -1.7085990905761719]]], [[[131.46290588378906, -1.6252632141113281], [131.87962341308594, -1.6252632141113281], [131.87962341308594, -1.8752708435058594], [131.79627990722656, -1.8752708435058594], [131.79627990722656, -1.7919349670410156], [131.7129364013672, -1.7919349670410156], [131.7129364013672, -1.7085990905761719], [131.46290588378906, -1.7085990905761719], [131.46290588378906, -1.6252632141113281]]], [[[130.3794403076172, -1.4585914611816406], [130.2960968017578, -1.4585914611816406], [130.2960968017578, -1.3752555847167969], [130.3794403076172, -1.3752555847167969], [130.3794403076172, -1.2085838317871094], [130.46278381347656, -1.2085838317871094], [130.46278381347656, -1.4585914611816406], [130.54612731933594, -1.4585914611816406], [130.54612731933594, -1.6252632141113281], [130.46278381347656, -1.6252632141113281], [130.46278381347656, -1.5419273376464844], [130.3794403076172, -1.5419273376464844], [130.3794403076172, -1.4585914611816406]]], [[[130.2960968017578, -1.2919197082519531], [130.2960968017578, -1.3752555847167969], [130.21275329589844, -1.3752555847167969], [130.21275329589844, -1.4585914611816406], [130.12940979003906, -1.4585914611816406], [130.12940979003906, -1.2919197082519531], [130.2960968017578, -1.2919197082519531]]], [[[129.3793182373047, -1.1252479553222656], [129.46266174316406, -1.1252479553222656], [129.46266174316406, -1.2085838317871094], [129.3793182373047, -1.2085838317871094], [129.3793182373047, -1.1252479553222656]]], [[[130.12940979003906, -0.7085685729980469], [130.3794403076172, -0.7085685729980469], [130.3794403076172, -0.7919044494628906], [130.12940979003906, -0.7919044494628906], [130.12940979003906, -0.7085685729980469]]], [[[129.87937927246094, 0.041454315185546875], [129.87937927246094, 0.12479019165039062], [130.21275329589844, 0.12479019165039062], [130.21275329589844, 0.041454315185546875], [130.12940979003906, 0.041454315185546875], [130.12940979003906, -0.041881561279296875], [129.9627227783203, -0.041881561279296875], [129.9627227783203, 0.041454315185546875], [129.87937927246094, 0.041454315185546875]]], [[[128.0458221435547, 1.1248207092285156], [127.87913513183594, 1.1248207092285156], [127.87913513183594, 1.2081565856933594], [127.96247863769531, 1.2081565856933594], [127.96247863769531, 1.2914924621582031], [128.0458221435547, 1.2914924621582031], [128.0458221435547, 1.1248207092285156]]], [[[131.3795623779297, 1.6248359680175781], [131.7129364013672, 1.6248359680175781], [131.7129364013672, 1.3748283386230469], [131.3795623779297, 1.3748283386230469], [131.3795623779297, 1.6248359680175781]]], [[[128.7125701904297, 1.4581642150878906], [128.7125701904297, 1.5415000915527344], [128.79591369628906, 1.5415000915527344], [128.79591369628906, 1.4581642150878906], [128.7125701904297, 1.4581642150878906]]], [[[132.12965393066406, 1.3748283386230469], [131.9629669189453, 1.3748283386230469], [131.9629669189453, 1.4581642150878906], [131.87962341308594, 1.4581642150878906], [131.87962341308594, 1.6248359680175781], [132.12965393066406, 1.6248359680175781], [132.12965393066406, 1.3748283386230469]]], [[[127.21238708496094, 2.1248512268066406], [127.37907409667969, 2.1248512268066406], [127.37907409667969, 2.041515350341797], [127.21238708496094, 2.041515350341797], [127.21238708496094, 2.1248512268066406]]], [[[128.0458221435547, 2.1248512268066406], [128.0458221435547, 2.291522979736328], [128.12916564941406, 2.291522979736328], [128.12916564941406, 2.1248512268066406], [128.0458221435547, 2.1248512268066406]]], [[[130.3794403076172, 2.374858856201172], [130.6294708251953, 2.374858856201172], [130.6294708251953, 2.4581947326660156], [131.3795623779297, 2.4581947326660156], [131.3795623779297, 2.5415306091308594], [131.54624938964844, 2.5415306091308594], [131.54624938964844, 2.624866485595703], [131.6295928955078, 2.624866485595703], [131.6295928955078, 1.8748435974121094], [130.21275329589844, 1.8748435974121094], [130.21275329589844, 1.9581794738769531], [130.12940979003906, 1.9581794738769531], [130.12940979003906, 2.1248512268066406], [130.3794403076172, 2.1248512268066406], [130.3794403076172, 2.374858856201172]]], [[[127.37907409667969, 4.791599273681641], [127.46241760253906, 4.791599273681641], [127.46241760253906, 4.708263397216797], [127.37907409667969, 4.708263397216797], [127.37907409667969, 4.791599273681641]]], [[[131.87962341308594, 6.874996185302734], [131.87962341308594, 6.958332061767578], [132.12965393066406, 6.958332061767578], [132.12965393066406, 6.874996185302734], [131.87962341308594, 6.874996185302734]]], [[[141.79750061035156, -11.87557601928711], [141.88084411621094, -11.87557601928711], [141.88084411621094, -11.958911895751953], [141.79750061035156, -11.958911895751953], [141.79750061035156, -11.87557601928711]]], [[[140.88072204589844, -11.625568389892578], [141.6308135986328, -11.625568389892578], [141.6308135986328, -11.87557601928711], [141.3807830810547, -11.87557601928711], [141.3807830810547, -11.958911895751953], [141.0474090576172, -11.958911895751953], [141.0474090576172, -11.87557601928711], [140.88072204589844, -11.87557601928711], [140.88072204589844, -11.625568389892578]]], [[[141.13075256347656, -11.375560760498047], [141.13075256347656, -11.125553131103516], [141.3807830810547, -11.125553131103516], [141.3807830810547, -11.375560760498047], [141.13075256347656, -11.375560760498047]]], [[[140.9640655517578, -11.20888900756836], [141.0474090576172, -11.20888900756836], [141.0474090576172, -11.292224884033203], [140.9640655517578, -11.292224884033203], [140.9640655517578, -11.20888900756836]]], [[[141.13075256347656, -10.958881378173828], [141.21409606933594, -10.958881378173828], [141.21409606933594, -11.042217254638672], [141.13075256347656, -11.042217254638672], [141.13075256347656, -10.958881378173828]]], [[[142.13087463378906, -10.875545501708984], [142.13087463378906, -11.125553131103516], [142.0475311279297, -11.125553131103516], [142.0475311279297, -10.958881378173828], [141.9641876220703, -10.958881378173828], [141.9641876220703, -10.875545501708984], [142.13087463378906, -10.875545501708984]]], [[[132.2963409423828, -5.625385284423828], [132.3796844482422, -5.625385284423828], [132.3796844482422, -5.708721160888672], [132.46302795410156, -5.708721160888672], [132.46302795410156, -5.625385284423828], [132.54637145996094, -5.625385284423828], [132.54637145996094, -5.875392913818359], [132.6297149658203, -5.875392913818359], [132.6297149658203, -5.958728790283203], [132.79640197753906, -5.958728790283203], [132.79640197753906, -5.875392913818359], [132.87974548339844, -5.875392913818359], [132.87974548339844, -6.375408172607422], [133.0464324951172, -6.375408172607422], [133.0464324951172, -6.208736419677734], [133.12977600097656, -6.208736419677734], [133.12977600097656, -5.958728790283203], [133.21311950683594, -5.958728790283203], [133.21311950683594, -5.875392913818359], [133.3798065185547, -5.875392913818359], [133.3798065185547, -6.125400543212891], [133.6298370361328, -6.125400543212891], [133.6298370361328, -6.542079925537109], [133.7131805419922, -6.542079925537109], [133.7131805419922, -6.458744049072266], [133.79652404785156, -6.458744049072266], [133.79652404785156, -6.375408172607422], [133.87986755371094, -6.375408172607422], [133.87986755371094, -6.875423431396484], [134.12989807128906, -6.875423431396484], [134.12989807128906, -6.958759307861328], [134.2965850830078, -6.958759307861328], [134.2965850830078, -6.875423431396484], [134.3799285888672, -6.875423431396484], [134.3799285888672, -7.125431060791016], [134.6299591064453, -7.125431060791016], [134.6299591064453, -6.875423431396484], [134.87998962402344, -6.875423431396484], [134.87998962402344, -6.375408172607422], [135.13002014160156, -6.375408172607422], [135.13002014160156, -6.125400543212891], [135.21336364746094, -6.125400543212891], [135.21336364746094, -6.042064666748047], [135.3800506591797, -6.042064666748047], [135.3800506591797, -5.958728790283203], [135.46339416503906, -5.958728790283203], [135.46339416503906, -6.042064666748047], [135.54673767089844, -6.042064666748047], [135.54673767089844, -5.958728790283203], [135.6300811767578, -5.958728790283203], [135.6300811767578, -6.042064666748047], [135.7134246826172, -6.042064666748047], [135.7134246826172, -6.125400543212891], [135.9634552001953, -6.125400543212891], [135.9634552001953, -6.208736419677734], [136.0467987060547, -6.208736419677734], [136.0467987060547, -6.292072296142578], [136.13014221191406, -6.292072296142578], [136.13014221191406, -6.375408172607422], [136.6302032470703, -6.375408172607422], [136.6302032470703, -6.625415802001953], [137.13026428222656, -6.625415802001953], [137.13026428222656, -6.708751678466797], [137.21360778808594, -6.708751678466797], [137.21360778808594, -6.625415802001953], [137.54698181152344, -6.625415802001953], [137.54698181152344, -6.708751678466797], [137.79701232910156, -6.708751678466797], [137.79701232910156, -6.792087554931641], [137.9636993408203, -6.792087554931641], [137.9636993408203, -6.708751678466797], [138.2970733642578, -6.708751678466797], [138.2970733642578, -6.875423431396484], [137.88035583496094, -6.875423431396484], [137.88035583496094, -7.042095184326172], [137.7136688232422, -7.042095184326172], [137.7136688232422, -7.125431060791016], [137.6303253173828, -7.125431060791016], [137.6303253173828, -7.208766937255859], [137.46363830566406, -7.208766937255859], [137.46363830566406, -7.375438690185547], [137.3802947998047, -7.375438690185547], [137.3802947998047, -7.625446319580078], [137.6303253173828, -7.625446319580078], [137.6303253173828, -7.875453948974609], [137.3802947998047, -7.875453948974609], [137.3802947998047, -8.375469207763672], [137.7136688232422, -8.375469207763672], [137.7136688232422, -8.458805084228516], [138.46376037597656, -8.458805084228516], [138.46376037597656, -8.375469207763672], [139.88059997558594, -8.375469207763672], [139.88059997558594, -8.12546157836914], [139.9639434814453, -8.12546157836914], [139.9639434814453, -8.208797454833984], [140.0472869873047, -8.208797454833984], [140.0472869873047, -8.292133331298828], [140.13063049316406, -8.292133331298828], [140.13063049316406, -8.375469207763672], [140.2973175048828, -8.375469207763672], [140.2973175048828, -8.458805084228516], [140.3806610107422, -8.458805084228516], [140.3806610107422, -8.625476837158203], [140.54734802246094, -8.625476837158203], [140.54734802246094, -8.79214859008789], [140.6306915283203, -8.79214859008789], [140.6306915283203, -9.125492095947266], [140.88072204589844, -9.125492095947266], [140.88072204589844, -9.375499725341797], [141.13075256347656, -9.375499725341797], [141.13075256347656, -9.292163848876953], [141.21409606933594, -9.292163848876953], [141.21409606933594, -9.20882797241211], [142.13087463378906, -9.20882797241211], [142.13087463378906, -9.375499725341797], [142.6309356689453, -9.375499725341797], [142.6309356689453, -9.45883560180664], [142.7142791748047, -9.45883560180664], [142.7142791748047, -9.375499725341797], [142.88096618652344, -9.375499725341797], [142.88096618652344, -9.20882797241211], [142.9643096923828, -9.20882797241211], [142.9643096923828, -9.792179107666016], [142.88096618652344, -9.792179107666016], [142.88096618652344, -9.87551498413086], [142.9643096923828, -9.87551498413086], [142.9643096923828, -11.87557601928711], [142.88096618652344, -11.87557601928711], [142.88096618652344, -10.875545501708984], [142.6309356689453, -10.875545501708984], [142.6309356689453, -10.625537872314453], [142.2975616455078, -10.625537872314453], [142.2975616455078, -10.54220199584961], [142.13087463378906, -10.54220199584961], [142.13087463378906, -10.625537872314453], [141.88084411621094, -10.625537872314453], [141.88084411621094, -10.54220199584961], [141.6308135986328, -10.54220199584961], [141.6308135986328, -10.458866119384766], [141.7141571044922, -10.458866119384766], [141.7141571044922, -10.292194366455078], [141.79750061035156, -10.292194366455078], [141.79750061035156, -10.208858489990234], [141.7141571044922, -10.208858489990234], [141.7141571044922, -10.042186737060547], [141.6308135986328, -10.042186737060547], [141.6308135986328, -10.208858489990234], [141.54747009277344, -10.208858489990234], [141.54747009277344, -10.292194366455078], [141.3807830810547, -10.292194366455078], [141.3807830810547, -10.375530242919922], [141.13075256347656, -10.375530242919922], [141.13075256347656, -10.625537872314453], [140.9640655517578, -10.625537872314453], [140.9640655517578, -10.708873748779297], [141.0474090576172, -10.708873748779297], [141.0474090576172, -10.875545501708984], [140.88072204589844, -10.875545501708984], [140.88072204589844, -11.375560760498047], [140.6306915283203, -11.375560760498047], [140.6306915283203, -11.958911895751953], [136.6302032470703, -11.958911895751953], [136.6302032470703, -11.87557601928711], [136.13014221191406, -11.87557601928711], [136.13014221191406, -11.625568389892578], [135.6300811767578, -11.625568389892578], [135.6300811767578, -11.87557601928711], [134.12989807128906, -11.87557601928711], [134.12989807128906, -11.625568389892578], [133.6298370361328, -11.625568389892578], [133.6298370361328, -11.375560760498047], [132.87974548339844, -11.375560760498047], [132.87974548339844, -10.875545501708984], [132.12965393066406, -10.875545501708984], [132.12965393066406, -11.125553131103516], [131.6295928955078, -11.125553131103516], [131.6295928955078, -10.708873748779297], [132.0463104248047, -10.708873748779297], [132.0463104248047, -10.625537872314453], [132.21299743652344, -10.625537872314453], [132.21299743652344, -10.708873748779297], [132.2963409423828, -10.708873748779297], [132.2963409423828, -10.625537872314453], [132.6297149658203, -10.625537872314453], [132.6297149658203, -10.375530242919922], [131.87962341308594, -10.375530242919922], [131.87962341308594, -10.12552261352539], [131.6295928955078, -10.12552261352539], [131.6295928955078, -9.87551498413086], [131.87962341308594, -9.87551498413086], [131.87962341308594, -9.625507354736328], [132.12965393066406, -9.625507354736328], [132.12965393066406, -9.20882797241211], [132.0463104248047, -9.20882797241211], [132.0463104248047, -9.125492095947266], [131.87962341308594, -9.125492095947266], [131.87962341308594, -8.958820343017578], [131.7129364013672, -8.958820343017578], [131.7129364013672, -8.875484466552734], [131.6295928955078, -8.875484466552734], [131.6295928955078, -9.125492095947266], [130.54612731933594, -9.125492095947266], [130.54612731933594, -9.20882797241211], [130.3794403076172, -9.20882797241211], [130.3794403076172, -9.292163848876953], [130.21275329589844, -9.292163848876953], [130.21275329589844, -9.375499725341797], [130.12940979003906, -9.375499725341797], [130.12940979003906, -9.87551498413086], [130.21275329589844, -9.87551498413086], [130.21275329589844, -10.042186737060547], [130.2960968017578, -10.042186737060547], [130.2960968017578, -10.12552261352539], [129.87937927246094, -10.12552261352539], [129.87937927246094, -10.208858489990234], [129.79603576660156, -10.208858489990234], [129.79603576660156, -10.12552261352539], [129.7126922607422, -10.12552261352539], [129.7126922607422, -10.042186737060547], [129.6293487548828, -10.042186737060547], [129.6293487548828, -9.958850860595703], [129.54600524902344, -9.958850860595703], [129.54600524902344, -9.87551498413086], [129.3793182373047, -9.87551498413086], [129.3793182373047, -9.625507354736328], [129.2959747314453, -9.625507354736328], [129.2959747314453, -9.45883560180664], [129.21263122558594, -9.45883560180664], [129.21263122558594, -9.375499725341797], [129.46266174316406, -9.375499725341797], [129.46266174316406, -9.292163848876953], [129.54600524902344, -9.292163848876953], [129.54600524902344, -9.125492095947266], [129.6293487548828, -9.125492095947266], [129.6293487548828, -9.042156219482422], [129.7126922607422, -9.042156219482422], [129.7126922607422, -8.958820343017578], [129.79603576660156, -8.958820343017578], [129.79603576660156, -8.79214859008789], [129.9627227783203, -8.79214859008789], [129.9627227783203, -8.708812713623047], [130.0460662841797, -8.708812713623047], [130.0460662841797, -8.625476837158203], [130.2960968017578, -8.625476837158203], [130.2960968017578, -8.54214096069336], [130.6294708251953, -8.54214096069336], [130.6294708251953, -8.458805084228516], [130.79615783691406, -8.458805084228516], [130.79615783691406, -8.375469207763672], [130.87950134277344, -8.375469207763672], [130.87950134277344, -8.292133331298828], [131.0461883544922, -8.292133331298828], [131.0461883544922, -8.208797454833984], [131.21287536621094, -8.208797454833984], [131.21287536621094, -8.12546157836914], [131.3795623779297, -8.12546157836914], [131.3795623779297, -8.042125701904297], [131.46290588378906, -8.042125701904297], [131.46290588378906, -8.12546157836914], [131.6295928955078, -8.12546157836914], [131.6295928955078, -8.375469207763672], [131.87962341308594, -8.375469207763672], [131.87962341308594, -8.292133331298828], [132.0463104248047, -8.292133331298828], [132.0463104248047, -8.375469207763672], [132.21299743652344, -8.375469207763672], [132.21299743652344, -8.292133331298828], [132.2963409423828, -8.292133331298828], [132.2963409423828, -8.208797454833984], [132.3796844482422, -8.208797454833984], [132.3796844482422, -8.12546157836914], [132.46302795410156, -8.12546157836914], [132.46302795410156, -8.042125701904297], [132.3796844482422, -8.042125701904297], [132.3796844482422, -7.875453948974609], [132.46302795410156, -7.875453948974609], [132.46302795410156, -7.708782196044922], [132.6297149658203, -7.708782196044922], [132.6297149658203, -7.625446319580078], [132.7130584716797, -7.625446319580078], [132.7130584716797, -7.542110443115234], [132.87974548339844, -7.542110443115234], [132.87974548339844, -7.375438690185547], [132.79640197753906, -7.375438690185547], [132.79640197753906, -7.458774566650391], [132.46302795410156, -7.458774566650391], [132.46302795410156, -7.125431060791016], [132.2963409423828, -7.125431060791016], [132.2963409423828, -7.042095184326172], [132.12965393066406, -7.042095184326172], [132.12965393066406, -6.875423431396484], [131.6295928955078, -6.875423431396484], [131.6295928955078, -6.542079925537109], [131.0461883544922, -6.542079925537109], [131.0461883544922, -6.625415802001953], [130.87950134277344, -6.625415802001953], [130.87950134277344, -6.542079925537109], [130.21275329589844, -6.542079925537109], [130.21275329589844, -6.458744049072266], [130.12940979003906, -6.458744049072266], [130.12940979003906, -6.375408172607422], [129.7126922607422, -6.375408172607422], [129.7126922607422, -6.292072296142578], [129.6293487548828, -6.292072296142578], [129.6293487548828, -6.208736419677734], [129.54600524902344, -6.208736419677734], [129.54600524902344, -6.125400543212891], [129.6293487548828, -6.125400543212891], [129.6293487548828, -6.042064666748047], [129.46266174316406, -6.042064666748047], [129.46266174316406, -6.125400543212891], [129.3793182373047, -6.125400543212891], [129.3793182373047, -6.042064666748047], [129.2959747314453, -6.042064666748047], [129.2959747314453, -5.958728790283203], [129.21263122558594, -5.958728790283203], [129.21263122558594, -6.042064666748047], [129.12928771972656, -6.042064666748047], [129.12928771972656, -5.958728790283203], [129.0459442138672, -5.958728790283203], [129.0459442138672, -6.042064666748047], [128.87925720214844, -6.042064666748047], [128.87925720214844, -5.958728790283203], [128.79591369628906, -5.958728790283203], [128.79591369628906, -6.042064666748047], [128.7125701904297, -6.042064666748047], [128.7125701904297, -6.125400543212891], [128.9626007080078, -6.125400543212891], [128.9626007080078, -6.208736419677734], [128.87925720214844, -6.208736419677734], [128.87925720214844, -6.292072296142578], [128.6292266845703, -6.292072296142578], [128.6292266845703, -6.375408172607422], [128.54588317871094, -6.375408172607422], [128.54588317871094, -6.458744049072266], [128.46253967285156, -6.458744049072266], [128.46253967285156, -6.542079925537109], [128.3791961669922, -6.542079925537109], [128.3791961669922, -6.625415802001953], [128.2958526611328, -6.625415802001953], [128.2958526611328, -6.708751678466797], [128.21250915527344, -6.708751678466797], [128.21250915527344, -6.792087554931641], [128.12916564941406, -6.792087554931641], [128.12916564941406, -6.708751678466797], [128.0458221435547, -6.708751678466797], [128.0458221435547, -6.375408172607422], [128.12916564941406, -6.375408172607422], [128.12916564941406, -6.208736419677734], [128.21250915527344, -6.208736419677734], [128.21250915527344, -6.125400543212891], [128.2958526611328, -6.125400543212891], [128.2958526611328, -6.042064666748047], [128.46253967285156, -6.042064666748047], [128.46253967285156, -5.958728790283203], [128.54588317871094, -5.958728790283203], [128.54588317871094, -5.875392913818359], [128.79591369628906, -5.875392913818359], [128.79591369628906, -5.792057037353516], [129.0459442138672, -5.792057037353516], [129.0459442138672, -5.708721160888672], [129.46266174316406, -5.708721160888672], [129.46266174316406, -5.792057037353516], [129.6293487548828, -5.792057037353516], [129.6293487548828, -5.875392913818359], [129.7126922607422, -5.875392913818359], [129.7126922607422, -5.958728790283203], [129.79603576660156, -5.958728790283203], [129.79603576660156, -6.042064666748047], [129.87937927246094, -6.042064666748047], [129.87937927246094, -6.125400543212891], [130.0460662841797, -6.125400543212891], [130.0460662841797, -6.208736419677734], [130.2960968017578, -6.208736419677734], [130.2960968017578, -6.292072296142578], [130.46278381347656, -6.292072296142578], [130.46278381347656, -6.375408172607422], [130.6294708251953, -6.375408172607422], [130.6294708251953, -6.292072296142578], [130.87950134277344, -6.292072296142578], [130.87950134277344, -6.208736419677734], [131.12953186035156, -6.208736419677734], [131.12953186035156, -5.958728790283203], [131.6295928955078, -5.958728790283203], [131.6295928955078, -5.875392913818359], [131.3795623779297, -5.875392913818359], [131.3795623779297, -5.625385284423828], [131.87962341308594, -5.625385284423828], [131.87962341308594, -5.875392913818359], [131.9629669189453, -5.875392913818359], [131.9629669189453, -5.792057037353516], [132.12965393066406, -5.792057037353516], [132.12965393066406, -5.708721160888672], [132.2963409423828, -5.708721160888672], [132.2963409423828, -5.625385284423828]], [[132.46302795410156, -5.875392913818359], [132.46302795410156, -5.958728790283203], [132.54637145996094, -5.958728790283203], [132.54637145996094, -5.875392913818359], [132.46302795410156, -5.875392913818359]], [[132.79640197753906, -6.375408172607422], [132.79640197753906, -6.042064666748047], [132.6297149658203, -6.042064666748047], [132.6297149658203, -6.125400543212891], [132.46302795410156, -6.125400543212891], [132.46302795410156, -6.208736419677734], [132.2963409423828, -6.208736419677734], [132.2963409423828, -6.125400543212891], [132.21299743652344, -6.125400543212891], [132.21299743652344, -6.208736419677734], [132.12965393066406, -6.208736419677734], [132.12965393066406, -6.375408172607422], [131.9629669189453, -6.375408172607422], [131.9629669189453, -6.458744049072266], [132.2963409423828, -6.458744049072266], [132.2963409423828, -6.542079925537109], [132.87974548339844, -6.542079925537109], [132.87974548339844, -6.375408172607422], [132.79640197753906, -6.375408172607422]], [[142.7142791748047, -10.625537872314453], [142.7142791748047, -10.54220199584961], [142.6309356689453, -10.54220199584961], [142.6309356689453, -10.625537872314453], [142.7142791748047, -10.625537872314453]], [[136.21348571777344, -11.625568389892578], [136.21348571777344, -11.708904266357422], [136.2968292236328, -11.708904266357422], [136.2968292236328, -11.625568389892578], [136.3801727294922, -11.625568389892578], [136.3801727294922, -11.375560760498047], [136.13014221191406, -11.375560760498047], [136.13014221191406, -11.625568389892578], [136.21348571777344, -11.625568389892578]], [[136.54685974121094, -11.375560760498047], [136.54685974121094, -11.45889663696289], [136.6302032470703, -11.45889663696289], [136.6302032470703, -11.292224884033203], [136.7135467529297, -11.292224884033203], [136.7135467529297, -11.20888900756836], [136.6302032470703, -11.20888900756836], [136.6302032470703, -11.125553131103516], [136.3801727294922, -11.125553131103516], [136.3801727294922, -11.375560760498047], [136.54685974121094, -11.375560760498047]], [[136.13014221191406, -11.292224884033203], [136.21348571777344, -11.292224884033203], [136.21348571777344, -11.20888900756836], [136.2968292236328, -11.20888900756836], [136.2968292236328, -11.125553131103516], [135.6300811767578, -11.125553131103516], [135.6300811767578, -11.20888900756836], [135.79676818847656, -11.20888900756836], [135.79676818847656, -11.375560760498047], [136.13014221191406, -11.375560760498047], [136.13014221191406, -11.292224884033203]], [[131.87962341308594, -5.958728790283203], [131.87962341308594, -6.042064666748047], [131.9629669189453, -6.042064666748047], [131.9629669189453, -5.958728790283203], [131.87962341308594, -5.958728790283203]], [[131.9629669189453, -6.125400543212891], [132.0463104248047, -6.125400543212891], [132.0463104248047, -6.042064666748047], [131.9629669189453, -6.042064666748047], [131.9629669189453, -6.125400543212891]], [[132.12965393066406, -6.042064666748047], [132.12965393066406, -5.958728790283203], [132.0463104248047, -5.958728790283203], [132.0463104248047, -6.042064666748047], [132.12965393066406, -6.042064666748047]], [[128.54588317871094, -6.125400543212891], [128.54588317871094, -6.208736419677734], [128.6292266845703, -6.208736419677734], [128.6292266845703, -6.125400543212891], [128.54588317871094, -6.125400543212891]], [[128.46253967285156, -6.208736419677734], [128.46253967285156, -6.292072296142578], [128.54588317871094, -6.292072296142578], [128.54588317871094, -6.208736419677734], [128.46253967285156, -6.208736419677734]], [[131.54624938964844, -6.375408172607422], [131.54624938964844, -6.458744049072266], [131.6295928955078, -6.458744049072266], [131.6295928955078, -6.375408172607422], [131.54624938964844, -6.375408172607422]], [[132.0463104248047, -8.708812713623047], [132.0463104248047, -8.625476837158203], [131.9629669189453, -8.625476837158203], [131.9629669189453, -8.54214096069336], [131.87962341308594, -8.54214096069336], [131.87962341308594, -8.458805084228516], [131.54624938964844, -8.458805084228516], [131.54624938964844, -8.54214096069336], [131.46290588378906, -8.54214096069336], [131.46290588378906, -8.708812713623047], [131.6295928955078, -8.708812713623047], [131.6295928955078, -8.79214859008789], [132.12965393066406, -8.79214859008789], [132.12965393066406, -8.708812713623047], [132.0463104248047, -8.708812713623047]], [[131.0461883544922, -8.625476837158203], [131.0461883544922, -8.708812713623047], [130.9628448486328, -8.708812713623047], [130.9628448486328, -8.79214859008789], [130.87950134277344, -8.79214859008789], [130.87950134277344, -8.875484466552734], [131.12953186035156, -8.875484466552734], [131.12953186035156, -8.625476837158203], [131.0461883544922, -8.625476837158203]], [[142.21421813964844, -9.625507354736328], [142.21421813964844, -9.708843231201172], [142.3809051513672, -9.708843231201172], [142.3809051513672, -9.625507354736328], [142.21421813964844, -9.625507354736328]], [[142.13087463378906, -9.87551498413086], [142.13087463378906, -9.958850860595703], [142.21421813964844, -9.958850860595703], [142.21421813964844, -9.87551498413086], [142.13087463378906, -9.87551498413086]], [[142.79762268066406, -9.958850860595703], [142.79762268066406, -10.042186737060547], [142.88096618652344, -10.042186737060547], [142.88096618652344, -9.958850860595703], [142.79762268066406, -9.958850860595703]], [[142.3809051513672, -10.375530242919922], [142.3809051513672, -10.12552261352539], [142.21421813964844, -10.12552261352539], [142.21421813964844, -10.042186737060547], [142.13087463378906, -10.042186737060547], [142.13087463378906, -10.375530242919922], [142.3809051513672, -10.375530242919922]], [[133.46315002441406, -11.042217254638672], [133.46315002441406, -11.20888900756836], [133.54649353027344, -11.20888900756836], [133.54649353027344, -11.125553131103516], [133.6298370361328, -11.125553131103516], [133.6298370361328, -10.875545501708984], [133.3798065185547, -10.875545501708984], [133.3798065185547, -10.625537872314453], [132.87974548339844, -10.625537872314453], [132.87974548339844, -10.375530242919922], [132.79640197753906, -10.375530242919922], [132.79640197753906, -10.708873748779297], [132.87974548339844, -10.708873748779297], [132.87974548339844, -10.79220962524414], [133.12977600097656, -10.79220962524414], [133.12977600097656, -10.958881378173828], [133.21311950683594, -10.958881378173828], [133.21311950683594, -11.042217254638672], [133.46315002441406, -11.042217254638672]], [[133.6298370361328, -11.20888900756836], [133.79652404785156, -11.20888900756836], [133.79652404785156, -11.292224884033203], [133.87986755371094, -11.292224884033203], [133.87986755371094, -11.20888900756836], [133.9632110595703, -11.20888900756836], [133.9632110595703, -11.292224884033203], [134.2965850830078, -11.292224884033203], [134.2965850830078, -11.375560760498047], [134.3799285888672, -11.375560760498047], [134.3799285888672, -11.125553131103516], [133.6298370361328, -11.125553131103516], [133.6298370361328, -11.20888900756836]], [[134.6299591064453, -11.375560760498047], [134.6299591064453, -11.45889663696289], [134.7133026123047, -11.45889663696289], [134.7133026123047, -11.375560760498047], [134.6299591064453, -11.375560760498047]]], [[[132.12965393066406, -7.542110443115234], [132.21299743652344, -7.542110443115234], [132.21299743652344, -7.708782196044922], [132.12965393066406, -7.708782196044922], [132.12965393066406, -7.542110443115234]]], [[[138.13038635253906, -6.458744049072266], [138.13038635253906, -6.375408172607422], [138.3804168701172, -6.375408172607422], [138.3804168701172, -6.625415802001953], [138.2970733642578, -6.625415802001953], [138.2970733642578, -6.542079925537109], [138.21372985839844, -6.542079925537109], [138.21372985839844, -6.458744049072266], [138.13038635253906, -6.458744049072266]]], [[[134.0465545654297, -6.375408172607422], [134.12989807128906, -6.375408172607422], [134.12989807128906, -6.458744049072266], [134.0465545654297, -6.458744049072266], [134.0465545654297, -6.375408172607422]]], [[[135.13002014160156, -5.958728790283203], [135.21336364746094, -5.958728790283203], [135.21336364746094, -6.042064666748047], [135.13002014160156, -6.042064666748047], [135.13002014160156, -5.958728790283203]]], [[[138.13038635253906, -5.875392913818359], [138.13038635253906, -6.292072296142578], [137.9636993408203, -6.292072296142578], [137.9636993408203, -6.208736419677734], [137.79701232910156, -6.208736419677734], [137.79701232910156, -6.292072296142578], [137.46363830566406, -6.292072296142578], [137.46363830566406, -6.208736419677734], [137.3802947998047, -6.208736419677734], [137.3802947998047, -6.125400543212891], [137.2969512939453, -6.125400543212891], [137.2969512939453, -6.042064666748047], [137.3802947998047, -6.042064666748047], [137.3802947998047, -5.958728790283203], [137.46363830566406, -5.958728790283203], [137.46363830566406, -5.875392913818359], [137.3802947998047, -5.875392913818359], [137.3802947998047, -5.708721160888672], [137.2969512939453, -5.708721160888672], [137.2969512939453, -5.625385284423828], [137.13026428222656, -5.625385284423828], [137.13026428222656, -5.542049407958984], [137.0469207763672, -5.542049407958984], [137.0469207763672, -5.375377655029297], [137.13026428222656, -5.375377655029297], [137.13026428222656, -5.458713531494141], [137.2969512939453, -5.458713531494141], [137.2969512939453, -5.292041778564453], [137.21360778808594, -5.292041778564453], [137.21360778808594, -5.208705902099609], [137.13026428222656, -5.208705902099609], [137.13026428222656, -5.125370025634766], [137.3802947998047, -5.125370025634766], [137.3802947998047, -5.375377655029297], [137.6303253173828, -5.375377655029297], [137.6303253173828, -5.625385284423828], [137.88035583496094, -5.625385284423828], [137.88035583496094, -5.875392913818359], [138.13038635253906, -5.875392913818359]]], [[[132.3796844482422, -5.542049407958984], [132.46302795410156, -5.542049407958984], [132.46302795410156, -5.625385284423828], [132.3796844482422, -5.625385284423828], [132.3796844482422, -5.542049407958984]]], [[[136.79689025878906, -4.958698272705078], [136.88023376464844, -4.958698272705078], [136.88023376464844, -5.042034149169922], [136.79689025878906, -5.042034149169922], [136.79689025878906, -4.958698272705078]]], [[[136.7135467529297, -4.958698272705078], [136.7135467529297, -4.875362396240234], [136.79689025878906, -4.875362396240234], [136.79689025878906, -4.958698272705078], [136.7135467529297, -4.958698272705078]]], [[[136.13014221191406, -4.625354766845703], [136.21348571777344, -4.625354766845703], [136.21348571777344, -4.708690643310547], [136.13014221191406, -4.708690643310547], [136.13014221191406, -4.625354766845703]]], [[[135.54673767089844, -4.458683013916016], [135.7134246826172, -4.458683013916016], [135.7134246826172, -4.542018890380859], [135.54673767089844, -4.542018890380859], [135.54673767089844, -4.458683013916016]]], [[[133.6298370361328, -3.625324249267578], [133.6298370361328, -3.708660125732422], [133.54649353027344, -3.708660125732422], [133.54649353027344, -3.7919960021972656], [133.46315002441406, -3.7919960021972656], [133.46315002441406, -3.625324249267578], [133.6298370361328, -3.625324249267578]]], [[[142.9643096923828, -3.041973114013672], [142.88096618652344, -3.041973114013672], [142.88096618652344, -2.958637237548828], [142.3809051513672, -2.958637237548828], [142.3809051513672, -2.8753013610839844], [142.9643096923828, -2.8753013610839844], [142.9643096923828, -3.041973114013672]]], [[[141.54747009277344, -2.291950225830078], [141.7141571044922, -2.291950225830078], [141.7141571044922, -2.375286102294922], [141.79750061035156, -2.375286102294922], [141.79750061035156, -2.4586219787597656], [141.7141571044922, -2.4586219787597656], [141.7141571044922, -2.5419578552246094], [141.54747009277344, -2.5419578552246094], [141.54747009277344, -2.625293731689453], [141.3807830810547, -2.625293731689453], [141.3807830810547, -2.5419578552246094], [141.2974395751953, -2.5419578552246094], [141.2974395751953, -2.625293731689453], [141.21409606933594, -2.625293731689453], [141.21409606933594, -2.5419578552246094], [140.9640655517578, -2.5419578552246094], [140.9640655517578, -2.4586219787597656], [140.88072204589844, -2.4586219787597656], [140.88072204589844, -2.375286102294922], [140.46400451660156, -2.375286102294922], [140.46400451660156, -2.291950225830078], [140.3806610107422, -2.291950225830078], [140.3806610107422, -2.1252784729003906], [140.54734802246094, -2.1252784729003906], [140.54734802246094, -2.041942596435547], [140.6306915283203, -2.041942596435547], [140.6306915283203, -1.9586067199707031], [140.88072204589844, -1.9586067199707031], [140.88072204589844, -2.041942596435547], [140.9640655517578, -2.041942596435547], [140.9640655517578, -2.1252784729003906], [141.3807830810547, -2.1252784729003906], [141.3807830810547, -2.2086143493652344], [141.54747009277344, -2.2086143493652344], [141.54747009277344, -2.291950225830078]]], [[[142.3809051513672, -1.8752708435058594], [142.3809051513672, -2.1252784729003906], [141.88084411621094, -2.1252784729003906], [141.88084411621094, -1.3752555847167969], [141.3807830810547, -1.3752555847167969], [141.3807830810547, -1.2085838317871094], [141.9641876220703, -1.2085838317871094], [141.9641876220703, -1.2919197082519531], [142.13087463378906, -1.2919197082519531], [142.13087463378906, -0.8752403259277344], [141.88084411621094, -0.8752403259277344], [141.88084411621094, -0.7085685729980469], [142.13087463378906, -0.7085685729980469], [142.13087463378906, -0.6252326965332031], [142.88096618652344, -0.6252326965332031], [142.88096618652344, -0.8752403259277344], [142.9643096923828, -0.8752403259277344], [142.9643096923828, -1.6252632141113281], [142.6309356689453, -1.6252632141113281], [142.6309356689453, -1.8752708435058594], [142.3809051513672, -1.8752708435058594]], [[142.3809051513672, -1.7085990905761719], [142.13087463378906, -1.7085990905761719], [142.13087463378906, -1.8752708435058594], [142.3809051513672, -1.8752708435058594], [142.3809051513672, -1.7085990905761719]]], [[[135.79676818847656, 0.20812606811523438], [136.0467987060547, 0.20812606811523438], [136.0467987060547, 0.12479019165039062], [136.21348571777344, 0.12479019165039062], [136.21348571777344, 0.041454315185546875], [136.2968292236328, 0.041454315185546875], [136.2968292236328, -0.041881561279296875], [136.3801727294922, -0.041881561279296875], [136.3801727294922, -0.20855331420898438], [136.46351623535156, -0.20855331420898438], [136.46351623535156, -0.3752250671386719], [136.54685974121094, -0.3752250671386719], [136.54685974121094, -0.5418968200683594], [136.6302032470703, -0.5418968200683594], [136.6302032470703, -0.7085685729980469], [136.54685974121094, -0.7085685729980469], [136.54685974121094, -0.9585762023925781], [136.7135467529297, -0.9585762023925781], [136.7135467529297, -1.0419120788574219], [137.88035583496094, -1.0419120788574219], [137.88035583496094, -1.1252479553222656], [138.79713439941406, -1.1252479553222656], [138.79713439941406, -1.2085838317871094], [138.9638214111328, -1.2085838317871094], [138.9638214111328, -1.2919197082519531], [139.13050842285156, -1.2919197082519531], [139.13050842285156, -1.3752555847167969], [139.21385192871094, -1.3752555847167969], [139.21385192871094, -1.4585914611816406], [139.2971954345703, -1.4585914611816406], [139.2971954345703, -1.5419273376464844], [139.46388244628906, -1.5419273376464844], [139.46388244628906, -1.6252632141113281], [139.7139129638672, -1.6252632141113281], [139.7139129638672, -1.5419273376464844], [139.9639434814453, -1.5419273376464844], [139.9639434814453, -1.6252632141113281], [140.21397399902344, -1.6252632141113281], [140.21397399902344, -1.7085990905761719], [140.2973175048828, -1.7085990905761719], [140.2973175048828, -1.7919349670410156], [140.3806610107422, -1.7919349670410156], [140.3806610107422, -1.9586067199707031], [140.13063049316406, -1.9586067199707031], [140.13063049316406, -1.8752708435058594], [139.9639434814453, -1.8752708435058594], [139.9639434814453, -2.1252784729003906], [139.88059997558594, -2.1252784729003906], [139.88059997558594, -2.041942596435547], [139.79725646972656, -2.041942596435547], [139.79725646972656, -1.7085990905761719], [139.7139129638672, -1.7085990905761719], [139.7139129638672, -1.8752708435058594], [139.6305694580078, -1.8752708435058594], [139.6305694580078, -1.7919349670410156], [139.3805389404297, -1.7919349670410156], [139.3805389404297, -1.8752708435058594], [139.21385192871094, -1.8752708435058594], [139.21385192871094, -1.7919349670410156], [139.13050842285156, -1.7919349670410156], [139.13050842285156, -1.6252632141113281], [138.6304473876953, -1.6252632141113281], [138.6304473876953, -1.3752555847167969], [138.46376037597656, -1.3752555847167969], [138.46376037597656, -1.4585914611816406], [138.2970733642578, -1.4585914611816406], [138.2970733642578, -1.3752555847167969], [137.79701232910156, -1.3752555847167969], [137.79701232910156, -1.2919197082519531], [137.7136688232422, -1.2919197082519531], [137.7136688232422, -1.2085838317871094], [136.79689025878906, -1.2085838317871094], [136.79689025878906, -1.1252479553222656], [136.46351623535156, -1.1252479553222656], [136.46351623535156, -1.0419120788574219], [136.3801727294922, -1.0419120788574219], [136.3801727294922, -0.8752403259277344], [136.13014221191406, -0.8752403259277344], [136.13014221191406, -0.7085685729980469], [135.9634552001953, -0.7085685729980469], [135.9634552001953, -0.6252326965332031], [135.79676818847656, -0.6252326965332031], [135.79676818847656, -0.5418968200683594], [135.7134246826172, -0.5418968200683594], [135.7134246826172, -0.4585609436035156], [135.6300811767578, -0.4585609436035156], [135.6300811767578, -0.3752250671386719], [135.3800506591797, -0.3752250671386719], [135.3800506591797, -0.12521743774414062], [135.13002014160156, -0.12521743774414062], [135.13002014160156, 0.12479019165039062], [135.0466766357422, 0.12479019165039062], [135.0466766357422, -0.041881561279296875], [134.9633331298828, -0.041881561279296875], [134.9633331298828, 0.041454315185546875], [134.87998962402344, 0.041454315185546875], [134.87998962402344, 0.3747978210449219], [134.9633331298828, 0.3747978210449219], [134.9633331298828, 0.2914619445800781], [135.0466766357422, 0.2914619445800781], [135.0466766357422, 0.20812606811523438], [135.13002014160156, 0.20812606811523438], [135.13002014160156, 0.2914619445800781], [135.79676818847656, 0.2914619445800781], [135.79676818847656, 0.20812606811523438]]], [[[142.3809051513672, 0.12479019165039062], [142.46424865722656, 0.12479019165039062], [142.46424865722656, 0.041454315185546875], [142.3809051513672, 0.041454315185546875], [142.3809051513672, 0.12479019165039062]]], [[[141.79750061035156, 0.12479019165039062], [141.79750061035156, 0.20812606811523438], [141.88084411621094, 0.20812606811523438], [141.88084411621094, 0.2914619445800781], [142.0475311279297, 0.2914619445800781], [142.0475311279297, 0.3747978210449219], [142.3809051513672, 0.3747978210449219], [142.3809051513672, 0.12479019165039062], [142.2975616455078, 0.12479019165039062], [142.2975616455078, -0.041881561279296875], [141.7141571044922, -0.041881561279296875], [141.7141571044922, 0.12479019165039062], [141.79750061035156, 0.12479019165039062]]], [[[142.6309356689453, 0.3747978210449219], [142.3809051513672, 0.3747978210449219], [142.3809051513672, 0.6248054504394531], [142.13087463378906, 0.6248054504394531], [142.13087463378906, 0.7081413269042969], [142.2975616455078, 0.7081413269042969], [142.2975616455078, 0.8748130798339844], [142.6309356689453, 0.8748130798339844], [142.6309356689453, 0.6248054504394531], [142.9643096923828, 0.6248054504394531], [142.9643096923828, -0.2918891906738281], [142.7142791748047, -0.2918891906738281], [142.7142791748047, -0.20855331420898438], [142.6309356689453, -0.20855331420898438], [142.6309356689453, 0.3747978210449219]]], [[[134.54661560058594, 0.5414695739746094], [134.6299591064453, 0.5414695739746094], [134.6299591064453, 0.3747978210449219], [134.3799285888672, 0.3747978210449219], [134.3799285888672, 0.6248054504394531], [134.54661560058594, 0.6248054504394531], [134.54661560058594, 0.5414695739746094]]], [[[132.9630889892578, 1.5415000915527344], [132.9630889892578, 1.3748283386230469], [133.0464324951172, 1.3748283386230469], [133.0464324951172, 1.2914924621582031], [133.12977600097656, 1.2914924621582031], [133.12977600097656, 1.1248207092285156], [133.2964630126953, 1.1248207092285156], [133.2964630126953, 1.0414848327636719], [133.3798065185547, 1.0414848327636719], [133.3798065185547, 0.5414695739746094], [133.46315002441406, 0.5414695739746094], [133.46315002441406, 0.3747978210449219], [133.6298370361328, 0.3747978210449219], [133.6298370361328, 0.2914619445800781], [133.7131805419922, 0.2914619445800781], [133.7131805419922, 0.20812606811523438], [133.79652404785156, 0.20812606811523438], [133.79652404785156, 0.12479019165039062], [133.12977600097656, 0.12479019165039062], [133.12977600097656, 0.3747978210449219], [132.87974548339844, 0.3747978210449219], [132.87974548339844, 0.2914619445800781], [132.79640197753906, 0.2914619445800781], [132.79640197753906, 0.4581336975097656], [132.7130584716797, 0.4581336975097656], [132.7130584716797, 0.5414695739746094], [132.54637145996094, 0.5414695739746094], [132.54637145996094, 0.6248054504394531], [132.46302795410156, 0.6248054504394531], [132.46302795410156, 0.7081413269042969], [132.3796844482422, 0.7081413269042969], [132.3796844482422, 0.7914772033691406], [132.2963409423828, 0.7914772033691406], [132.2963409423828, 1.5415000915527344], [132.3796844482422, 1.5415000915527344], [132.3796844482422, 1.6248359680175781], [132.6297149658203, 1.6248359680175781], [132.6297149658203, 1.5415000915527344], [132.7130584716797, 1.5415000915527344], [132.7130584716797, 1.6248359680175781], [132.87974548339844, 1.6248359680175781], [132.87974548339844, 1.5415000915527344], [132.9630889892578, 1.5415000915527344]]], [[[142.88096618652344, 1.1248207092285156], [142.9643096923828, 1.1248207092285156], [142.9643096923828, 0.8748130798339844], [142.88096618652344, 0.8748130798339844], [142.88096618652344, 1.1248207092285156]]], [[[134.12989807128906, 0.8748130798339844], [133.87986755371094, 0.8748130798339844], [133.87986755371094, 0.9581489562988281], [133.79652404785156, 0.9581489562988281], [133.79652404785156, 1.1248207092285156], [133.87986755371094, 1.1248207092285156], [133.87986755371094, 1.2914924621582031], [134.12989807128906, 1.2914924621582031], [134.12989807128906, 1.3748283386230469], [134.21324157714844, 1.3748283386230469], [134.21324157714844, 1.4581642150878906], [134.3799285888672, 1.4581642150878906], [134.3799285888672, 1.2914924621582031], [134.46327209472656, 1.2914924621582031], [134.46327209472656, 0.9581489562988281], [134.3799285888672, 0.9581489562988281], [134.3799285888672, 1.1248207092285156], [134.12989807128906, 1.1248207092285156], [134.12989807128906, 0.8748130798339844]]], [[[132.3796844482422, 1.8748435974121094], [132.3796844482422, 1.6248359680175781], [132.12965393066406, 1.6248359680175781], [132.12965393066406, 1.7915077209472656], [132.2963409423828, 1.7915077209472656], [132.2963409423828, 1.8748435974121094], [132.3796844482422, 1.8748435974121094]]], [[[127.37907409667969, 6.041637420654297], [127.29573059082031, 6.041637420654297], [127.29573059082031, 5.958301544189453], [127.21238708496094, 5.958301544189453], [127.21238708496094, 5.874965667724609], [127.37907409667969, 5.874965667724609], [127.37907409667969, 5.624958038330078], [127.12904357910156, 5.624958038330078], [127.12904357910156, 5.708293914794922], [127.04570007324219, 5.708293914794922], [127.04570007324219, 5.541622161865234], [126.96235656738281, 5.541622161865234], [126.96235656738281, 5.374950408935547], [126.87901306152344, 5.374950408935547], [126.87901306152344, 5.208278656005859], [126.79566955566406, 5.208278656005859], [126.79566955566406, 5.124942779541016], [126.71232604980469, 5.124942779541016], [126.71232604980469, 5.041606903076172], [126.62898254394531, 5.041606903076172], [126.62898254394531, 4.958271026611328], [126.54563903808594, 4.958271026611328], [126.54563903808594, 4.624927520751953], [126.37895202636719, 4.624927520751953], [126.37895202636719, 3.624897003173828], [126.79566955566406, 3.624897003173828], [126.79566955566406, 3.5415611267089844], [126.87901306152344, 3.5415611267089844], [126.87901306152344, 3.4582252502441406], [127.21238708496094, 3.4582252502441406], [127.21238708496094, 3.5415611267089844], [127.29573059082031, 3.5415611267089844], [127.29573059082031, 3.708232879638672], [127.37907409667969, 3.708232879638672], [127.37907409667969, 3.7915687561035156], [127.46241760253906, 3.7915687561035156], [127.46241760253906, 3.8749046325683594], [127.54576110839844, 3.8749046325683594], [127.54576110839844, 4.041576385498047], [127.62910461425781, 4.041576385498047], [127.62910461425781, 4.208248138427734], [127.54576110839844, 4.208248138427734], [127.54576110839844, 4.124912261962891], [127.46241760253906, 4.124912261962891], [127.46241760253906, 4.041576385498047], [127.37907409667969, 4.041576385498047], [127.37907409667969, 4.374919891357422], [127.04570007324219, 4.374919891357422], [127.04570007324219, 4.458255767822266], [126.87901306152344, 4.458255767822266], [126.87901306152344, 4.624927520751953], [127.21238708496094, 4.624927520751953], [127.21238708496094, 4.541591644287109], [127.37907409667969, 4.541591644287109], [127.37907409667969, 4.458255767822266], [127.54576110839844, 4.458255767822266], [127.54576110839844, 4.624927520751953], [127.62910461425781, 4.624927520751953], [127.62910461425781, 5.041606903076172], [127.71244812011719, 5.041606903076172], [127.71244812011719, 5.374950408935547], [127.87913513183594, 5.374950408935547], [127.87913513183594, 5.624958038330078], [128.12916564941406, 5.624958038330078], [128.12916564941406, 5.874965667724609], [128.6292266845703, 5.874965667724609], [128.6292266845703, 5.958301544189453], [128.7125701904297, 5.958301544189453], [128.7125701904297, 6.041637420654297], [128.87925720214844, 6.041637420654297], [128.87925720214844, 6.124973297119141], [129.0459442138672, 6.124973297119141], [129.0459442138672, 6.208309173583984], [129.12928771972656, 6.208309173583984], [129.12928771972656, 6.291645050048828], [129.3793182373047, 6.291645050048828], [129.3793182373047, 6.374980926513672], [129.79603576660156, 6.374980926513672], [129.79603576660156, 6.458316802978516], [129.87937927246094, 6.458316802978516], [129.87937927246094, 6.541652679443359], [130.3794403076172, 6.541652679443359], [130.3794403076172, 6.458316802978516], [130.6294708251953, 6.458316802978516], [130.6294708251953, 6.374980926513672], [130.87950134277344, 6.374980926513672], [130.87950134277344, 6.291645050048828], [131.0461883544922, 6.291645050048828], [131.0461883544922, 6.208309173583984], [131.3795623779297, 6.208309173583984], [131.3795623779297, 6.124973297119141], [131.54624938964844, 6.124973297119141], [131.54624938964844, 6.041637420654297], [131.6295928955078, 6.041637420654297], [131.6295928955078, 5.958301544189453], [131.79627990722656, 5.958301544189453], [131.79627990722656, 5.874965667724609], [131.87962341308594, 5.874965667724609], [131.87962341308594, 5.791629791259766], [132.0463104248047, 5.791629791259766], [132.0463104248047, 5.708293914794922], [132.21299743652344, 5.708293914794922], [132.21299743652344, 5.624958038330078], [132.3796844482422, 5.624958038330078], [132.3796844482422, 5.541622161865234], [132.46302795410156, 5.541622161865234], [132.46302795410156, 5.458286285400391], [132.6297149658203, 5.458286285400391], [132.6297149658203, 5.374950408935547], [132.79640197753906, 5.374950408935547], [132.79640197753906, 5.291614532470703], [132.9630889892578, 5.291614532470703], [132.9630889892578, 5.208278656005859], [133.12977600097656, 5.208278656005859], [133.12977600097656, 5.124942779541016], [133.21311950683594, 5.124942779541016], [133.21311950683594, 5.041606903076172], [133.3798065185547, 5.041606903076172], [133.3798065185547, 4.958271026611328], [133.46315002441406, 4.958271026611328], [133.46315002441406, 4.874935150146484], [133.7131805419922, 4.874935150146484], [133.7131805419922, 4.791599273681641], [133.87986755371094, 4.791599273681641], [133.87986755371094, 4.708263397216797], [133.9632110595703, 4.708263397216797], [133.9632110595703, 4.624927520751953], [133.87986755371094, 4.624927520751953], [133.87986755371094, 4.374919891357422], [134.87998962402344, 4.374919891357422], [134.87998962402344, 4.624927520751953], [135.6300811767578, 4.624927520751953], [135.6300811767578, 4.541591644287109], [136.0467987060547, 4.541591644287109], [136.0467987060547, 4.458255767822266], [136.7135467529297, 4.458255767822266], [136.7135467529297, 4.374919891357422], [136.3801727294922, 4.374919891357422], [136.3801727294922, 3.958240509033203], [136.54685974121094, 3.958240509033203], [136.54685974121094, 3.8749046325683594], [136.6302032470703, 3.8749046325683594], [136.6302032470703, 3.708232879638672], [136.9635772705078, 3.708232879638672], [136.9635772705078, 3.7915687561035156], [137.13026428222656, 3.7915687561035156], [137.13026428222656, 3.8749046325683594], [136.88023376464844, 3.8749046325683594], [136.88023376464844, 4.124912261962891], [137.13026428222656, 4.124912261962891], [137.13026428222656, 4.374919891357422], [137.3802947998047, 4.374919891357422], [137.3802947998047, 4.458255767822266], [137.46363830566406, 4.458255767822266], [137.46363830566406, 4.374919891357422], [137.54698181152344, 4.374919891357422], [137.54698181152344, 4.291584014892578], [137.79701232910156, 4.291584014892578], [137.79701232910156, 4.208248138427734], [137.9636993408203, 4.208248138427734], [137.9636993408203, 4.291584014892578], [138.13038635253906, 4.291584014892578], [138.13038635253906, 4.374919891357422], [138.2970733642578, 4.374919891357422], [138.2970733642578, 4.458255767822266], [138.79713439941406, 4.458255767822266], [138.79713439941406, 4.374919891357422], [138.88047790527344, 4.374919891357422], [138.88047790527344, 4.624927520751953], [138.3804168701172, 4.624927520751953], [138.3804168701172, 4.874935150146484], [137.88035583496094, 4.874935150146484], [137.88035583496094, 5.124942779541016], [137.3802947998047, 5.124942779541016], [137.3802947998047, 5.208278656005859], [137.54698181152344, 5.208278656005859], [137.54698181152344, 5.291614532470703], [138.21372985839844, 5.291614532470703], [138.21372985839844, 5.458286285400391], [138.13038635253906, 5.458286285400391], [138.13038635253906, 5.541622161865234], [137.9636993408203, 5.541622161865234], [137.9636993408203, 5.624958038330078], [137.88035583496094, 5.624958038330078], [137.88035583496094, 5.708293914794922], [137.79701232910156, 5.708293914794922], [137.79701232910156, 5.791629791259766], [137.7136688232422, 5.791629791259766], [137.7136688232422, 5.874965667724609], [137.6303253173828, 5.874965667724609], [137.6303253173828, 5.958301544189453], [137.54698181152344, 5.958301544189453], [137.54698181152344, 6.041637420654297], [137.46363830566406, 6.041637420654297], [137.46363830566406, 6.208309173583984], [136.79689025878906, 6.208309173583984], [136.79689025878906, 6.124973297119141], [136.54685974121094, 6.124973297119141], [136.54685974121094, 6.208309173583984], [136.46351623535156, 6.208309173583984], [136.46351623535156, 6.291645050048828], [136.3801727294922, 6.291645050048828], [136.3801727294922, 6.374980926513672], [136.2968292236328, 6.374980926513672], [136.2968292236328, 6.624988555908203], [135.9634552001953, 6.624988555908203], [135.9634552001953, 6.541652679443359], [135.88011169433594, 6.541652679443359], [135.88011169433594, 6.458316802978516], [135.7134246826172, 6.458316802978516], [135.7134246826172, 6.374980926513672], [135.88011169433594, 6.374980926513672], [135.88011169433594, 6.124973297119141], [135.13002014160156, 6.124973297119141], [135.13002014160156, 6.208309173583984], [135.0466766357422, 6.208309173583984], [135.0466766357422, 6.291645050048828], [134.87998962402344, 6.291645050048828], [134.87998962402344, 6.374980926513672], [134.79664611816406, 6.374980926513672], [134.79664611816406, 6.458316802978516], [134.7133026123047, 6.458316802978516], [134.7133026123047, 6.541652679443359], [134.6299591064453, 6.541652679443359], [134.6299591064453, 6.874996185302734], [134.87998962402344, 6.874996185302734], [134.87998962402344, 6.958332061767578], [138.2970733642578, 6.958332061767578], [138.2970733642578, 6.874996185302734], [138.21372985839844, 6.874996185302734], [138.21372985839844, 6.291645050048828], [138.2970733642578, 6.291645050048828], [138.2970733642578, 6.208309173583984], [138.3804168701172, 6.208309173583984], [138.3804168701172, 6.124973297119141], [138.6304473876953, 6.124973297119141], [138.6304473876953, 6.208309173583984], [138.7137908935547, 6.208309173583984], [138.7137908935547, 6.291645050048828], [138.79713439941406, 6.291645050048828], [138.79713439941406, 6.374980926513672], [138.88047790527344, 6.374980926513672], [138.88047790527344, 6.291645050048828], [138.9638214111328, 6.291645050048828], [138.9638214111328, 5.624958038330078], [139.3805389404297, 5.624958038330078], [139.3805389404297, 5.374950408935547], [139.46388244628906, 5.374950408935547], [139.46388244628906, 5.291614532470703], [139.54722595214844, 5.291614532470703], [139.54722595214844, 5.208278656005859], [139.6305694580078, 5.208278656005859], [139.6305694580078, 5.124942779541016], [139.79725646972656, 5.124942779541016], [139.79725646972656, 5.041606903076172], [140.13063049316406, 5.041606903076172], [140.13063049316406, 4.958271026611328], [140.3806610107422, 4.958271026611328], [140.3806610107422, 4.874935150146484], [140.6306915283203, 4.874935150146484], [140.6306915283203, 4.791599273681641], [140.9640655517578, 4.791599273681641], [140.9640655517578, 4.708263397216797], [141.13075256347656, 4.708263397216797], [141.13075256347656, 4.624927520751953], [141.2974395751953, 4.624927520751953], [141.2974395751953, 4.541591644287109], [141.46412658691406, 4.541591644287109], [141.46412658691406, 4.458255767822266], [141.7141571044922, 4.458255767822266], [141.7141571044922, 4.374919891357422], [142.0475311279297, 4.374919891357422], [142.0475311279297, 4.458255767822266], [142.2975616455078, 4.458255767822266], [142.2975616455078, 4.541591644287109], [142.46424865722656, 4.541591644287109], [142.46424865722656, 4.624927520751953], [142.6309356689453, 4.624927520751953], [142.6309356689453, 4.708263397216797], [142.79762268066406, 4.708263397216797], [142.79762268066406, 4.791599273681641], [142.9643096923828, 4.791599273681641], [142.9643096923828, 1.3748283386230469], [142.6309356689453, 1.3748283386230469], [142.6309356689453, 1.6248359680175781], [142.3809051513672, 1.6248359680175781], [142.3809051513672, 1.3748283386230469], [142.13087463378906, 1.3748283386230469], [142.13087463378906, 0.9581489562988281], [142.0475311279297, 0.9581489562988281], [142.0475311279297, 0.8748130798339844], [141.9641876220703, 0.8748130798339844], [141.9641876220703, 0.7914772033691406], [141.79750061035156, 0.7914772033691406], [141.79750061035156, 0.8748130798339844], [141.3807830810547, 0.8748130798339844], [141.3807830810547, 1.1248207092285156], [141.6308135986328, 1.1248207092285156], [141.6308135986328, 1.6248359680175781], [140.88072204589844, 1.6248359680175781], [140.88072204589844, 1.7081718444824219], [140.7140350341797, 1.7081718444824219], [140.7140350341797, 1.6248359680175781], [140.54734802246094, 1.6248359680175781], [140.54734802246094, 1.7081718444824219], [140.46400451660156, 1.7081718444824219], [140.46400451660156, 1.7915077209472656], [139.88059997558594, 1.7915077209472656], [139.88059997558594, 2.1248512268066406], [139.6305694580078, 2.1248512268066406], [139.6305694580078, 2.374858856201172], [139.46388244628906, 2.374858856201172], [139.46388244628906, 2.291522979736328], [138.6304473876953, 2.291522979736328], [138.6304473876953, 2.374858856201172], [138.0470428466797, 2.374858856201172], [138.0470428466797, 2.4581947326660156], [137.88035583496094, 2.4581947326660156], [137.88035583496094, 2.5415306091308594], [137.79701232910156, 2.5415306091308594], [137.79701232910156, 2.624866485595703], [137.7136688232422, 2.624866485595703], [137.7136688232422, 2.708202362060547], [137.6303253173828, 2.708202362060547], [137.6303253173828, 2.7915382385253906], [137.2969512939453, 2.7915382385253906], [137.2969512939453, 2.708202362060547], [137.21360778808594, 2.708202362060547], [137.21360778808594, 2.624866485595703], [137.13026428222656, 2.624866485595703], [137.13026428222656, 2.5415306091308594], [136.9635772705078, 2.5415306091308594], [136.9635772705078, 2.4581947326660156], [136.79689025878906, 2.4581947326660156], [136.79689025878906, 2.5415306091308594], [136.54685974121094, 2.5415306091308594], [136.54685974121094, 2.624866485595703], [136.46351623535156, 2.624866485595703], [136.46351623535156, 2.708202362060547], [135.9634552001953, 2.708202362060547], [135.9634552001953, 2.7915382385253906], [135.21336364746094, 2.7915382385253906], [135.21336364746094, 2.708202362060547], [134.7133026123047, 2.708202362060547], [134.7133026123047, 2.7915382385253906], [134.3799285888672, 2.7915382385253906], [134.3799285888672, 2.8748741149902344], [134.2965850830078, 2.8748741149902344], [134.2965850830078, 2.958209991455078], [134.46327209472656, 2.958209991455078], [134.46327209472656, 3.041545867919922], [134.54661560058594, 3.041545867919922], [134.54661560058594, 3.1248817443847656], [134.6299591064453, 3.1248817443847656], [134.6299591064453, 3.2082176208496094], [134.54661560058594, 3.2082176208496094], [134.54661560058594, 3.291553497314453], [134.21324157714844, 3.291553497314453], [134.21324157714844, 3.5415611267089844], [134.2965850830078, 3.5415611267089844], [134.2965850830078, 3.624897003173828], [133.87986755371094, 3.624897003173828], [133.87986755371094, 3.374889373779297], [133.54649353027344, 3.374889373779297], [133.54649353027344, 3.4582252502441406], [133.12977600097656, 3.4582252502441406], [133.12977600097656, 3.374889373779297], [133.0464324951172, 3.374889373779297], [133.0464324951172, 3.2082176208496094], [132.9630889892578, 3.2082176208496094], [132.9630889892578, 2.8748741149902344], [132.3796844482422, 2.8748741149902344], [132.3796844482422, 2.958209991455078], [132.46302795410156, 2.958209991455078], [132.46302795410156, 3.2082176208496094], [132.3796844482422, 3.2082176208496094], [132.3796844482422, 3.374889373779297], [132.87974548339844, 3.374889373779297], [132.87974548339844, 3.5415611267089844], [132.79640197753906, 3.5415611267089844], [132.79640197753906, 3.4582252502441406], [132.7130584716797, 3.4582252502441406], [132.7130584716797, 3.5415611267089844], [132.54637145996094, 3.5415611267089844], [132.54637145996094, 3.624897003173828], [132.3796844482422, 3.624897003173828], [132.3796844482422, 3.708232879638672], [131.79627990722656, 3.708232879638672], [131.79627990722656, 3.7915687561035156], [131.6295928955078, 3.7915687561035156], [131.6295928955078, 3.8749046325683594], [131.54624938964844, 3.8749046325683594], [131.54624938964844, 3.958240509033203], [131.46290588378906, 3.958240509033203], [131.46290588378906, 4.041576385498047], [131.2962188720703, 4.041576385498047], [131.2962188720703, 4.124912261962891], [130.87950134277344, 4.124912261962891], [130.87950134277344, 4.291584014892578], [130.7128143310547, 4.291584014892578], [130.7128143310547, 4.374919891357422], [130.3794403076172, 4.374919891357422], [130.3794403076172, 4.291584014892578], [130.21275329589844, 4.291584014892578], [130.21275329589844, 4.208248138427734], [130.12940979003906, 4.208248138427734], [130.12940979003906, 4.124912261962891], [130.0460662841797, 4.124912261962891], [130.0460662841797, 4.041576385498047], [129.9627227783203, 4.041576385498047], [129.9627227783203, 3.958240509033203], [129.87937927246094, 3.958240509033203], [129.87937927246094, 3.8749046325683594], [129.79603576660156, 3.8749046325683594], [129.79603576660156, 3.7915687561035156], [129.7126922607422, 3.7915687561035156], [129.7126922607422, 3.708232879638672], [129.6293487548828, 3.708232879638672], [129.6293487548828, 3.4582252502441406], [129.54600524902344, 3.4582252502441406], [129.54600524902344, 3.2082176208496094], [129.46266174316406, 3.2082176208496094], [129.46266174316406, 2.958209991455078], [129.3793182373047, 2.958209991455078], [129.3793182373047, 2.708202362060547], [129.2959747314453, 2.708202362060547], [129.2959747314453, 2.4581947326660156], [129.12928771972656, 2.4581947326660156], [129.12928771972656, 2.291522979736328], [129.0459442138672, 2.291522979736328], [129.0459442138672, 2.2081871032714844], [128.9626007080078, 2.2081871032714844], [128.9626007080078, 2.291522979736328], [128.7125701904297, 2.291522979736328], [128.7125701904297, 2.8748741149902344], [128.79591369628906, 2.8748741149902344], [128.79591369628906, 3.291553497314453], [128.87925720214844, 3.291553497314453], [128.87925720214844, 3.5415611267089844], [128.9626007080078, 3.5415611267089844], [128.9626007080078, 3.708232879638672], [129.0459442138672, 3.708232879638672], [129.0459442138672, 3.8749046325683594], [129.12928771972656, 3.8749046325683594], [129.12928771972656, 4.041576385498047], [129.21263122558594, 4.041576385498047], [129.21263122558594, 4.124912261962891], [129.2959747314453, 4.124912261962891], [129.2959747314453, 4.291584014892578], [129.3793182373047, 4.291584014892578], [129.3793182373047, 4.374919891357422], [128.9626007080078, 4.374919891357422], [128.9626007080078, 4.208248138427734], [128.87925720214844, 4.208248138427734], [128.87925720214844, 3.8749046325683594], [128.79591369628906, 3.8749046325683594], [128.79591369628906, 3.708232879638672], [128.7125701904297, 3.708232879638672], [128.7125701904297, 3.624897003173828], [128.6292266845703, 3.624897003173828], [128.6292266845703, 3.5415611267089844], [128.54588317871094, 3.5415611267089844], [128.54588317871094, 3.374889373779297], [128.46253967285156, 3.374889373779297], [128.46253967285156, 3.2082176208496094], [128.3791961669922, 3.2082176208496094], [128.3791961669922, 3.041545867919922], [128.2958526611328, 3.041545867919922], [128.2958526611328, 2.8748741149902344], [128.21250915527344, 2.8748741149902344], [128.21250915527344, 2.7915382385253906], [128.12916564941406, 2.7915382385253906], [128.12916564941406, 2.708202362060547], [128.0458221435547, 2.708202362060547], [128.0458221435547, 2.624866485595703], [127.96247863769531, 2.624866485595703], [127.96247863769531, 2.5415306091308594], [127.87913513183594, 2.5415306091308594], [127.87913513183594, 2.4581947326660156], [127.79579162597656, 2.4581947326660156], [127.79579162597656, 2.374858856201172], [127.71244812011719, 2.374858856201172], [127.71244812011719, 2.291522979736328], [127.62910461425781, 2.291522979736328], [127.62910461425781, 2.374858856201172], [127.37907409667969, 2.374858856201172], [127.37907409667969, 2.4581947326660156], [127.29573059082031, 2.4581947326660156], [127.29573059082031, 2.374858856201172], [127.12904357910156, 2.374858856201172], [127.12904357910156, 2.291522979736328], [127.04570007324219, 2.291522979736328], [127.04570007324219, 2.2081871032714844], [126.96235656738281, 2.2081871032714844], [126.96235656738281, 2.1248512268066406], [126.79566955566406, 2.1248512268066406], [126.79566955566406, 2.2081871032714844], [126.54563903808594, 2.2081871032714844], [126.54563903808594, 2.374858856201172], [126.62898254394531, 2.374858856201172], [126.62898254394531, 2.4581947326660156], [126.79566955566406, 2.4581947326660156], [126.79566955566406, 2.5415306091308594], [126.87901306152344, 2.5415306091308594], [126.87901306152344, 2.624866485595703], [126.96235656738281, 2.624866485595703], [126.96235656738281, 2.7915382385253906], [127.04570007324219, 2.7915382385253906], [127.04570007324219, 2.8748741149902344], [126.87901306152344, 2.8748741149902344], [126.87901306152344, 2.7915382385253906], [126.79566955566406, 2.7915382385253906], [126.79566955566406, 2.708202362060547], [126.62898254394531, 2.708202362060547], [126.62898254394531, 2.5415306091308594], [126.29560852050781, 2.5415306091308594], [126.29560852050781, 2.624866485595703], [126.21226501464844, 2.624866485595703], [126.21226501464844, 2.708202362060547], [126.12892150878906, 2.708202362060547], [126.12892150878906, 2.958209991455078], [126.04557800292969, 2.958209991455078], [126.04557800292969, 3.1248817443847656], [125.96223449707031, 3.1248817443847656], [125.96223449707031, 3.291553497314453], [125.87889099121094, 3.291553497314453], [125.87889099121094, 3.4582252502441406], [125.79554748535156, 3.4582252502441406], [125.79554748535156, 3.624897003173828], [125.71220397949219, 3.624897003173828], [125.71220397949219, 3.708232879638672], [125.62886047363281, 3.708232879638672], [125.62886047363281, 3.7915687561035156], [125.71220397949219, 3.7915687561035156], [125.71220397949219, 3.8749046325683594], [125.62886047363281, 3.8749046325683594], [125.62886047363281, 3.958240509033203], [125.71220397949219, 3.958240509033203], [125.71220397949219, 4.624927520751953], [125.54551696777344, 4.624927520751953], [125.54551696777344, 4.708263397216797], [125.62886047363281, 4.708263397216797], [125.62886047363281, 4.791599273681641], [125.54551696777344, 4.791599273681641], [125.54551696777344, 4.958271026611328], [125.21214294433594, 4.958271026611328], [125.21214294433594, 4.874935150146484], [125.04545593261719, 4.874935150146484], [125.04545593261719, 4.791599273681641], [124.62873840332031, 4.791599273681641], [124.62873840332031, 4.874935150146484], [124.12867736816406, 4.874935150146484], [124.12867736816406, 4.958271026611328], [124.46205139160156, 4.958271026611328], [124.46205139160156, 5.041606903076172], [124.87876892089844, 5.041606903076172], [124.87876892089844, 5.124942779541016], [125.29548645019531, 5.124942779541016], [125.29548645019531, 5.208278656005859], [125.37882995605469, 5.208278656005859], [125.37882995605469, 5.291614532470703], [125.54551696777344, 5.291614532470703], [125.54551696777344, 5.374950408935547], [125.62886047363281, 5.374950408935547], [125.62886047363281, 5.458286285400391], [125.71220397949219, 5.458286285400391], [125.71220397949219, 5.541622161865234], [125.79554748535156, 5.541622161865234], [125.79554748535156, 5.624958038330078], [125.87889099121094, 5.624958038330078], [125.87889099121094, 5.791629791259766], [125.96223449707031, 5.791629791259766], [125.96223449707031, 5.958301544189453], [126.04557800292969, 5.958301544189453], [126.04557800292969, 6.124973297119141], [126.12892150878906, 6.124973297119141], [126.12892150878906, 6.291645050048828], [126.21226501464844, 6.291645050048828], [126.21226501464844, 6.458316802978516], [126.29560852050781, 6.458316802978516], [126.29560852050781, 6.624988555908203], [126.37895202636719, 6.624988555908203], [126.37895202636719, 6.791660308837891], [126.46229553222656, 6.791660308837891], [126.46229553222656, 6.874996185302734], [126.37895202636719, 6.874996185302734], [126.37895202636719, 6.958332061767578], [127.21238708496094, 6.958332061767578], [127.21238708496094, 6.874996185302734], [127.37907409667969, 6.874996185302734], [127.37907409667969, 6.791660308837891], [127.46241760253906, 6.791660308837891], [127.46241760253906, 6.208309173583984], [127.37907409667969, 6.208309173583984], [127.37907409667969, 6.041637420654297]], [[127.04570007324219, 2.374858856201172], [126.96235656738281, 2.374858856201172], [126.96235656738281, 2.291522979736328], [127.04570007324219, 2.291522979736328], [127.04570007324219, 2.374858856201172]], [[127.12904357910156, 6.624988555908203], [127.12904357910156, 6.374980926513672], [127.37907409667969, 6.374980926513672], [127.37907409667969, 6.624988555908203], [127.12904357910156, 6.624988555908203]], [[142.3809051513672, 4.374919891357422], [142.3809051513672, 4.124912261962891], [142.13087463378906, 4.124912261962891], [142.13087463378906, 3.8749046325683594], [142.3809051513672, 3.8749046325683594], [142.3809051513672, 3.708232879638672], [142.6309356689453, 3.708232879638672], [142.6309356689453, 4.374919891357422], [142.3809051513672, 4.374919891357422]], [[139.13050842285156, 3.624897003173828], [139.13050842285156, 3.8749046325683594], [139.3805389404297, 3.8749046325683594], [139.3805389404297, 4.124912261962891], [138.88047790527344, 4.124912261962891], [138.88047790527344, 3.624897003173828], [139.13050842285156, 3.624897003173828]], [[141.88084411621094, 3.958240509033203], [141.88084411621094, 4.041576385498047], [141.79750061035156, 4.041576385498047], [141.79750061035156, 4.124912261962891], [141.54747009277344, 4.124912261962891], [141.54747009277344, 3.958240509033203], [141.88084411621094, 3.958240509033203]], [[133.3798065185547, 3.624897003173828], [133.3798065185547, 3.958240509033203], [133.21311950683594, 3.958240509033203], [133.21311950683594, 3.8749046325683594], [133.12977600097656, 3.8749046325683594], [133.12977600097656, 3.7915687561035156], [133.0464324951172, 3.7915687561035156], [133.0464324951172, 3.708232879638672], [132.9630889892578, 3.708232879638672], [132.9630889892578, 3.624897003173828], [133.3798065185547, 3.624897003173828]], [[127.62910461425781, 3.8749046325683594], [127.62910461425781, 3.624897003173828], [127.71244812011719, 3.624897003173828], [127.71244812011719, 3.8749046325683594], [127.62910461425781, 3.8749046325683594]], [[127.37907409667969, 3.624897003173828], [127.37907409667969, 3.291553497314453], [127.46241760253906, 3.291553497314453], [127.46241760253906, 3.374889373779297], [127.54576110839844, 3.374889373779297], [127.54576110839844, 3.4582252502441406], [127.62910461425781, 3.4582252502441406], [127.62910461425781, 3.624897003173828], [127.37907409667969, 3.624897003173828]], [[138.3804168701172, 3.4582252502441406], [138.3804168701172, 3.374889373779297], [138.6304473876953, 3.374889373779297], [138.6304473876953, 3.8749046325683594], [137.3802947998047, 3.8749046325683594], [137.3802947998047, 3.708232879638672], [138.0470428466797, 3.708232879638672], [138.0470428466797, 3.624897003173828], [138.21372985839844, 3.624897003173828], [138.21372985839844, 3.5415611267089844], [138.2970733642578, 3.5415611267089844], [138.2970733642578, 3.4582252502441406], [138.3804168701172, 3.4582252502441406]], [[141.2974395751953, 3.8749046325683594], [141.2974395751953, 3.7915687561035156], [141.3807830810547, 3.7915687561035156], [141.3807830810547, 3.8749046325683594], [141.2974395751953, 3.8749046325683594]], [[127.12904357910156, 3.374889373779297], [127.12904357910156, 3.291553497314453], [127.21238708496094, 3.291553497314453], [127.21238708496094, 3.374889373779297], [127.12904357910156, 3.374889373779297]], [[127.12904357910156, 3.1248817443847656], [127.12904357910156, 3.041545867919922], [127.21238708496094, 3.041545867919922], [127.21238708496094, 3.1248817443847656], [127.12904357910156, 3.1248817443847656]], [[139.6305694580078, 3.1248817443847656], [139.6305694580078, 2.8748741149902344], [139.88059997558594, 2.8748741149902344], [139.88059997558594, 3.1248817443847656], [139.6305694580078, 3.1248817443847656]], [[139.54722595214844, 2.8748741149902344], [139.54722595214844, 2.7915382385253906], [139.6305694580078, 2.7915382385253906], [139.6305694580078, 2.8748741149902344], [139.54722595214844, 2.8748741149902344]]], [[[141.6308135986328, 5.624958038330078], [141.88084411621094, 5.624958038330078], [141.88084411621094, 5.374950408935547], [141.6308135986328, 5.374950408935547], [141.6308135986328, 5.624958038330078]]], [[[141.88084411621094, 5.874965667724609], [141.88084411621094, 6.124973297119141], [142.13087463378906, 6.124973297119141], [142.13087463378906, 5.874965667724609], [141.88084411621094, 5.874965667724609]]], [[[142.6309356689453, 6.374980926513672], [142.13087463378906, 6.374980926513672], [142.13087463378906, 6.624988555908203], [141.88084411621094, 6.624988555908203], [141.88084411621094, 6.374980926513672], [141.6308135986328, 6.374980926513672], [141.6308135986328, 6.874996185302734], [141.3807830810547, 6.874996185302734], [141.3807830810547, 6.958332061767578], [142.9643096923828, 6.958332061767578], [142.9643096923828, 5.958301544189453], [142.88096618652344, 5.958301544189453], [142.88096618652344, 6.041637420654297], [142.7142791748047, 6.041637420654297], [142.7142791748047, 6.291645050048828], [142.6309356689453, 6.291645050048828], [142.6309356689453, 6.374980926513672]]], [[[134.3799285888672, 6.374980926513672], [132.87974548339844, 6.374980926513672], [132.87974548339844, 6.958332061767578], [133.6298370361328, 6.958332061767578], [133.6298370361328, 6.874996185302734], [133.87986755371094, 6.874996185302734], [133.87986755371094, 6.958332061767578], [134.12989807128906, 6.958332061767578], [134.12989807128906, 6.624988555908203], [134.3799285888672, 6.624988555908203], [134.3799285888672, 6.374980926513672]]], [[[139.13050842285156, 6.624988555908203], [139.13050842285156, 6.874996185302734], [139.6305694580078, 6.874996185302734], [139.6305694580078, 6.958332061767578], [139.88059997558594, 6.958332061767578], [139.88059997558594, 6.624988555908203], [139.6305694580078, 6.624988555908203], [139.6305694580078, 6.374980926513672], [139.3805389404297, 6.374980926513672], [139.3805389404297, 6.624988555908203], [139.13050842285156, 6.624988555908203]]], [[[132.12965393066406, 6.874996185302734], [132.3796844482422, 6.874996185302734], [132.3796844482422, 6.624988555908203], [132.12965393066406, 6.624988555908203], [132.12965393066406, 6.874996185302734]]], [[[140.88072204589844, 6.958332061767578], [141.13075256347656, 6.958332061767578], [141.13075256347656, 6.874996185302734], [140.88072204589844, 6.874996185302734], [140.88072204589844, 6.958332061767578]]]]}}, {"type": "Feature", "properties": {"date": "2026-10-01", "category_id": 2, "level": "siaga", "kategori": "Siaga Aktivitas Snorkling", "color": "#FFA500"}, "geometry": {"type": "MultiPolygon", "coordinates": [[[[104.62629699707031, -8.375469207763672], [104.62629699707031, -8.875484466552734], [104.37626647949219, -8.875484466552734], [104.37626647949219, -8.625476837158203], [104.12623596191406, -8.625476837158203], [104.12623596191406, -9.125492095947266], [103.87620544433594, -9.125492095947266], [103.87620544433594, -8.875484466552734], [103.62617492675781, -8.875484466552734], [103.62617492675781, -8.79214859008789], [103.54283142089844, -8.79214859008789], [103.54283142089844, -8.875484466552734], [103.45948791503906, -8.875484466552734], [103.45948791503906, -8.958820343017578], [103.37614440917969, -8.958820343017578], [103.37614440917969, -9.042156219482422], [103.20945739746094, -9.042156219482422], [103.20945739746094, -9.125492095947266], [102.95942687988281, -9.125492095947266], [102.95942687988281, -9.20882797241211], [102.45936584472656, -9.20882797241211], [102.45936584472656, -9.125492095947266], [102.37602233886719, -9.125492095947266], [102.37602233886719, -9.042156219482422], [102.29267883300781, -9.042156219482422], [102.29267883300781, -8.875484466552734], [103.04277038574219, -8.875484466552734], [103.04277038574219, -8.79214859008789], [103.12611389160156, -8.79214859008789], [103.12611389160156, -8.625476837158203], [103.45948791503906, -8.625476837158203], [103.45948791503906, -8.54214096069336], [103.62617492675781, -8.54214096069336], [103.62617492675781, -8.375469207763672], [103.79286193847656, -8.375469207763672], [103.79286193847656, -8.292133331298828], [104.04289245605469, -8.292133331298828], [104.04289245605469, -8.208797454833984], [104.37626647949219, -8.208797454833984], [104.37626647949219, -8.375469207763672], [104.62629699707031, -8.375469207763672]]], [[[102.29267883300781, -7.708782196044922], [102.29267883300781, -7.875453948974609], [102.12599182128906, -7.875453948974609], [102.12599182128906, -7.625446319580078], [102.20933532714844, -7.625446319580078], [102.20933532714844, -7.708782196044922], [102.29267883300781, -7.708782196044922]]], [[[98.04216003417969, -6.542079925537109], [98.04216003417969, -6.625415802001953], [98.37553405761719, -6.625415802001953], [98.37553405761719, -6.708751678466797], [98.54222106933594, -6.708751678466797], [98.54222106933594, -6.792087554931641], [98.79225158691406, -6.792087554931641], [98.79225158691406, -6.708751678466797], [98.95893859863281, -6.708751678466797], [98.95893859863281, -6.625415802001953], [99.12562561035156, -6.625415802001953], [99.12562561035156, -6.875423431396484], [99.37565612792969, -6.875423431396484], [99.37565612792969, -6.625415802001953], [99.62568664550781, -6.625415802001953], [99.62568664550781, -6.792087554931641], [99.87571716308594, -6.792087554931641], [99.87571716308594, -6.708751678466797], [100.20909118652344, -6.708751678466797], [100.20909118652344, -6.792087554931641], [100.62580871582031, -6.792087554931641], [100.62580871582031, -6.875423431396484], [100.87583923339844, -6.875423431396484], [100.87583923339844, -6.958759307861328], [101.20921325683594, -6.958759307861328], [101.20921325683594, -7.042095184326172], [101.45924377441406, -7.042095184326172], [101.45924377441406, -7.125431060791016], [101.87596130371094, -7.125431060791016], [101.87596130371094, -7.208766937255859], [101.95930480957031, -7.208766937255859], [101.95930480957031, -7.292102813720703], [102.04264831542969, -7.292102813720703], [102.04264831542969, -7.375438690185547], [102.12599182128906, -7.375438690185547], [102.12599182128906, -7.625446319580078], [101.87596130371094, -7.625446319580078], [101.87596130371094, -7.375438690185547], [101.70927429199219, -7.375438690185547], [101.70927429199219, -7.458774566650391], [101.62593078613281, -7.458774566650391], [101.62593078613281, -7.375438690185547], [101.37590026855469, -7.375438690185547], [101.37590026855469, -7.292102813720703], [101.20921325683594, -7.292102813720703], [101.20921325683594, -7.208766937255859], [101.12586975097656, -7.208766937255859], [101.12586975097656, -7.125431060791016], [100.87583923339844, -7.125431060791016], [100.87583923339844, -7.875453948974609], [101.12586975097656, -7.875453948974609], [101.12586975097656, -8.12546157836914], [101.37590026855469, -8.12546157836914], [101.37590026855469, -8.625476837158203], [101.29255676269531, -8.625476837158203], [101.29255676269531, -8.375469207763672], [101.20921325683594, -8.375469207763672], [101.20921325683594, -8.292133331298828], [101.12586975097656, -8.292133331298828], [101.12586975097656, -8.208797454833984], [101.04252624511719, -8.208797454833984], [101.04252624511719, -8.042125701904297], [100.95918273925781, -8.042125701904297], [100.95918273925781, -7.958789825439453], [100.79249572753906, -7.958789825439453], [100.79249572753906, -7.875453948974609], [100.70915222167969, -7.875453948974609], [100.70915222167969, -7.792118072509766], [100.54246520996094, -7.792118072509766], [100.54246520996094, -7.708782196044922], [100.37577819824219, -7.708782196044922], [100.37577819824219, -7.625446319580078], [100.20909118652344, -7.625446319580078], [100.20909118652344, -7.542110443115234], [100.04240417480469, -7.542110443115234], [100.04240417480469, -7.458774566650391], [99.37565612792969, -7.458774566650391], [99.37565612792969, -7.292102813720703], [99.45899963378906, -7.292102813720703], [99.45899963378906, -7.208766937255859], [98.95893859863281, -7.208766937255859], [98.95893859863281, -7.375438690185547], [99.04228210449219, -7.375438690185547], [99.04228210449219, -7.458774566650391], [99.20896911621094, -7.458774566650391], [99.20896911621094, -7.542110443115234], [99.29231262207031, -7.542110443115234], [99.29231262207031, -7.708782196044922], [99.37565612792969, -7.708782196044922], [99.37565612792969, -7.792118072509766], [99.45899963378906, -7.792118072509766], [99.45899963378906, -7.875453948974609], [99.29231262207031, -7.875453948974609], [99.29231262207031, -7.792118072509766], [99.12562561035156, -7.792118072509766], [99.12562561035156, -7.708782196044922], [98.95893859863281, -7.708782196044922], [98.95893859863281, -7.625446319580078], [98.70890808105469, -7.625446319580078], [98.70890808105469, -7.542110443115234], [98.45887756347656, -7.542110443115234], [98.45887756347656, -7.458774566650391], [98.29219055175781, -7.458774566650391], [98.29219055175781, -7.375438690185547], [98.12550354003906, -7.375438690185547], [98.12550354003906, -7.292102813720703], [97.95881652832031, -7.292102813720703], [97.95881652832031, -7.208766937255859], [97.79212951660156, -7.208766937255859], [97.79212951660156, -7.125431060791016], [97.70878601074219, -7.125431060791016], [97.70878601074219, -6.542079925537109], [97.79212951660156, -6.542079925537109], [97.79212951660156, -6.458744049072266], [97.95881652832031, -6.458744049072266], [97.95881652832031, -6.542079925537109], [98.04216003417969, -6.542079925537109]]], [[[105.12635803222656, -6.625415802001953], [104.95967102050781, -6.625415802001953], [104.95967102050781, -6.708751678466797], [104.87632751464844, -6.708751678466797], [104.87632751464844, -6.792087554931641], [104.79298400878906, -6.792087554931641], [104.79298400878906, -6.875423431396484], [104.70964050292969, -6.875423431396484], [104.70964050292969, -6.958759307861328], [104.62629699707031, -6.958759307861328], [104.62629699707031, -7.042095184326172], [104.54295349121094, -7.042095184326172], [104.54295349121094, -7.125431060791016], [104.62629699707031, -7.125431060791016], [104.62629699707031, -7.292102813720703], [104.54295349121094, -7.292102813720703], [104.54295349121094, -7.375438690185547], [104.37626647949219, -7.375438690185547], [104.37626647949219, -7.125431060791016], [104.29292297363281, -7.125431060791016], [104.29292297363281, -7.042095184326172], [104.12623596191406, -7.042095184326172], [104.12623596191406, -7.625446319580078], [104.04289245605469, -7.625446319580078], [104.04289245605469, -7.708782196044922], [103.95954895019531, -7.708782196044922], [103.95954895019531, -7.875453948974609], [103.87620544433594, -7.875453948974609], [103.87620544433594, -7.958789825439453], [103.79286193847656, -7.958789825439453], [103.79286193847656, -8.12546157836914], [103.70951843261719, -8.12546157836914], [103.70951843261719, -8.208797454833984], [103.54283142089844, -8.208797454833984], [103.54283142089844, -8.292133331298828], [103.45948791503906, -8.292133331298828], [103.45948791503906, -8.375469207763672], [103.12611389160156, -8.375469207763672], [103.12611389160156, -8.54214096069336], [103.04277038574219, -8.54214096069336], [103.04277038574219, -8.625476837158203], [102.87608337402344, -8.625476837158203], [102.87608337402344, -8.12546157836914], [102.37602233886719, -8.12546157836914], [102.37602233886719, -7.875453948974609], [102.70939636230469, -7.875453948974609], [102.70939636230469, -7.792118072509766], [102.95942687988281, -7.792118072509766], [102.95942687988281, -7.708782196044922], [103.04277038574219, -7.708782196044922], [103.04277038574219, -7.625446319580078], [103.20945739746094, -7.625446319580078], [103.20945739746094, -7.542110443115234], [103.45948791503906, -7.542110443115234], [103.45948791503906, -7.458774566650391], [103.54283142089844, -7.458774566650391], [103.54283142089844, -7.375438690185547], [103.62617492675781, -7.375438690185547], [103.62617492675781, -7.042095184326172], [103.54283142089844, -7.042095184326172], [103.54283142089844, -6.875423431396484], [103.62617492675781, -6.875423431396484], [103.62617492675781, -6.625415802001953], [103.87620544433594, -6.625415802001953], [103.87620544433594, -6.875423431396484], [103.95954895019531, -6.875423431396484], [103.95954895019531, -6.792087554931641], [104.04289245605469, -6.792087554931641], [104.04289245605469, -6.625415802001953], [104.12623596191406, -6.625415802001953], [104.12623596191406, -6.375408172607422], [104.37626647949219, -6.375408172607422], [104.37626647949219, -6.125400543212891], [104.62629699707031, -6.125400543212891], [104.62629699707031, -6.375408172607422], [105.12635803222656, -6.375408172607422], [105.12635803222656, -6.625415802001953]]], [[[95.87522888183594, -5.875392913818359], [95.95857238769531, -5.875392913818359], [95.95857238769531, -5.792057037353516], [96.12525939941406, -5.792057037353516], [96.12525939941406, -6.125400543212891], [95.87522888183594, -6.125400543212891], [95.87522888183594, -5.875392913818359]]], [[[94.62507629394531, -2.708629608154297], [94.62507629394531, -2.5419578552246094], [94.95845031738281, -2.5419578552246094], [94.95845031738281, -2.708629608154297], [94.62507629394531, -2.708629608154297]]], [[[115.37760925292969, -10.375530242919922], [115.46095275878906, -10.375530242919922], [115.46095275878906, -10.458866119384766], [115.54429626464844, -10.458866119384766], [115.54429626464844, -10.708873748779297], [115.46095275878906, -10.708873748779297], [115.46095275878906, -10.79220962524414], [115.21092224121094, -10.79220962524414], [115.21092224121094, -10.875545501708984], [114.96089172363281, -10.875545501708984], [114.96089172363281, -10.958881378173828], [114.71086120605469, -10.958881378173828], [114.71086120605469, -10.875545501708984], [114.62751770019531, -10.875545501708984], [114.62751770019531, -10.458866119384766], [114.71086120605469, -10.458866119384766], [114.71086120605469, -10.375530242919922], [114.79420471191406, -10.375530242919922], [114.79420471191406, -10.292194366455078], [114.87754821777344, -10.292194366455078], [114.87754821777344, -10.208858489990234], [115.04423522949219, -10.208858489990234], [115.04423522949219, -10.292194366455078], [115.37760925292969, -10.292194366455078], [115.37760925292969, -10.375530242919922]]], [[[111.71049499511719, -9.042156219482422], [111.62715148925781, -9.042156219482422], [111.62715148925781, -9.125492095947266], [111.54380798339844, -9.125492095947266], [111.54380798339844, -9.20882797241211], [111.46046447753906, -9.20882797241211], [111.46046447753906, -9.292163848876953], [111.37712097167969, -9.292163848876953], [111.37712097167969, -9.375499725341797], [111.21043395996094, -9.375499725341797], [111.21043395996094, -9.45883560180664], [111.04374694824219, -9.45883560180664], [111.04374694824219, -9.542171478271484], [110.96040344238281, -9.542171478271484], [110.96040344238281, -9.625507354736328], [110.79371643066406, -9.625507354736328], [110.79371643066406, -9.708843231201172], [110.71037292480469, -9.708843231201172], [110.71037292480469, -9.792179107666016], [110.62702941894531, -9.792179107666016], [110.62702941894531, -9.87551498413086], [110.46034240722656, -9.87551498413086], [110.46034240722656, -9.958850860595703], [110.37699890136719, -9.958850860595703], [110.37699890136719, -10.292194366455078], [110.29365539550781, -10.292194366455078], [110.29365539550781, -10.375530242919922], [110.12696838378906, -10.375530242919922], [110.12696838378906, -10.458866119384766], [110.04362487792969, -10.458866119384766], [110.04362487792969, -10.625537872314453], [109.96028137207031, -10.625537872314453], [109.96028137207031, -10.875545501708984], [109.87693786621094, -10.875545501708984], [109.87693786621094, -11.958911895751953], [109.62690734863281, -11.958911895751953], [109.62690734863281, -11.87557601928711], [109.37687683105469, -11.87557601928711], [109.37687683105469, -11.958911895751953], [108.54344177246094, -11.958911895751953], [108.54344177246094, -11.87557601928711], [108.79347229003906, -11.87557601928711], [108.79347229003906, -11.625568389892578], [108.87681579589844, -11.625568389892578], [108.87681579589844, -11.20888900756836], [108.96015930175781, -11.20888900756836], [108.96015930175781, -10.958881378173828], [109.04350280761719, -10.958881378173828], [109.04350280761719, -10.875545501708984], [109.12684631347656, -10.875545501708984], [109.12684631347656, -10.708873748779297], [109.21018981933594, -10.708873748779297], [109.21018981933594, -10.625537872314453], [109.29353332519531, -10.625537872314453], [109.29353332519531, -10.458866119384766], [109.37687683105469, -10.458866119384766], [109.37687683105469, -10.375530242919922], [109.46022033691406, -10.375530242919922], [109.46022033691406, -10.208858489990234], [109.54356384277344, -10.208858489990234], [109.54356384277344, -10.042186737060547], [109.62690734863281, -10.042186737060547], [109.62690734863281, -9.958850860595703], [109.71025085449219, -9.958850860595703], [109.71025085449219, -9.87551498413086], [109.79359436035156, -9.87551498413086], [109.79359436035156, -9.708843231201172], [109.87693786621094, -9.708843231201172], [109.87693786621094, -9.625507354736328], [110.04362487792969, -9.625507354736328], [110.04362487792969, -9.542171478271484], [110.12696838378906, -9.542171478271484], [110.12696838378906, -9.45883560180664], [110.21031188964844, -9.45883560180664], [110.21031188964844, -9.375499725341797], [110.37699890136719, -9.375499725341797], [110.37699890136719, -9.292163848876953], [110.54368591308594, -9.292163848876953], [110.54368591308594, -9.20882797241211], [110.71037292480469, -9.20882797241211], [110.71037292480469, -9.125492095947266], [111.12709045410156, -9.125492095947266], [111.12709045410156, -9.042156219482422], [111.29377746582031, -9.042156219482422], [111.29377746582031, -8.958820343017578], [111.54380798339844, -8.958820343017578], [111.54380798339844, -8.875484466552734], [111.79383850097656, -8.875484466552734], [111.79383850097656, -8.958820343017578], [111.71049499511719, -8.958820343017578], [111.71049499511719, -9.042156219482422]]], [[[115.87767028808594, -9.708843231201172], [115.87767028808594, -9.87551498413086], [115.96101379394531, -9.87551498413086], [115.96101379394531, -10.12552261352539], [116.04435729980469, -10.12552261352539], [116.04435729980469, -10.292194366455078], [115.79432678222656, -10.292194366455078], [115.79432678222656, -10.208858489990234], [115.71098327636719, -10.208858489990234], [115.71098327636719, -10.12552261352539], [115.62763977050781, -10.12552261352539], [115.62763977050781, -9.125492095947266], [115.79432678222656, -9.125492095947266], [115.79432678222656, -9.708843231201172], [115.87767028808594, -9.708843231201172]]], [[[104.62629699707031, -9.125492095947266], [104.87632751464844, -9.125492095947266], [104.87632751464844, -9.375499725341797], [104.62629699707031, -9.375499725341797], [104.62629699707031, -9.125492095947266]]], [[[105.04301452636719, -6.958759307861328], [105.12635803222656, -6.958759307861328], [105.12635803222656, -7.125431060791016], [105.04301452636719, -7.125431060791016], [105.04301452636719, -6.958759307861328]]]]}}]}